chunk_id,ticker,filing_year,doc_type,accession_number,section_code,chunk_index,embedding_text_sha256,question_count,question_ids
233513,ABG,2026,10-K,0001144980-26-000051,Item_8,0,ddff9369fff8fd63a435dce09273738932a62dbc5a08ac107ec43490c347d919,1,10K-V2-I8-003
233514,ABG,2026,10-K,0001144980-26-000051,Item_8,1,8ff54b03abfc2251908714347521efcf211768a20a826e658fced01d4744ba5a,1,10K-V2-I8-003
233515,ABG,2026,10-K,0001144980-26-000051,Item_8,2,4a1edf84389238492a170e031a643f3e40ea434fb5a6da80b7cc110912b55691,1,10K-V2-I8-003
233516,ABG,2026,10-K,0001144980-26-000051,Item_8,3,068eee8f747b07c34cf89ff0f3fe41a435cd7fe17d22985879f171d158293c56,1,10K-V2-I8-003
233517,ABG,2026,10-K,0001144980-26-000051,Item_8,4,38557e63b42c30e9d422132721f094c3a52b9c290be8b7af44fdec32a3fc34b0,1,10K-V2-I8-003
233518,ABG,2026,10-K,0001144980-26-000051,Item_8,5,56f2509b0b16dafe103bda1be346f8bcc6401c1f8581f1842fd515560f32b8c6,1,10K-V2-I8-003
233519,ABG,2026,10-K,0001144980-26-000051,Item_8,6,3661bf15b42b0b0228d88048cda21a3e84290f0230fccf7074b222e03503499d,1,10K-V2-I8-003
233520,ABG,2026,10-K,0001144980-26-000051,Item_8,7,efccfb429250cd1255aa1ca1671c2ab70870353e30382605146f09369b2bb3c2,1,10K-V2-I8-003
233521,ABG,2026,10-K,0001144980-26-000051,Item_8,8,6e16689c651ee86961caf0c47f1cbe63abc0cbd20972a6ff0dba4624b4bb9613,1,10K-V2-I8-003
233522,ABG,2026,10-K,0001144980-26-000051,Item_8,9,c08e47b0bc57488aa3e00ccceee1a87b94980ded45c6d3c4dc74f9e7886dbdcc,1,10K-V2-I8-003
233523,ABG,2026,10-K,0001144980-26-000051,Item_8,10,cb6f60ac3c304f806cd1f729008090d6f54ae02d076c11a24ed8dc110c3cfcf0,1,10K-V2-I8-003
233524,ABG,2026,10-K,0001144980-26-000051,Item_8,11,d8eb864177a7c5255d88ed29e13341c030ebf333fa2579a0b791b390a0b38c75,1,10K-V2-I8-003
233525,ABG,2026,10-K,0001144980-26-000051,Item_8,12,ea6b7cfbe75da7fbb42be1c0a1ee789fe7f427659eca2353e100b968c2cb84e9,1,10K-V2-I8-003
233526,ABG,2026,10-K,0001144980-26-000051,Item_8,13,1d7b2869b5fb3021502d871d86265a8ffbeda3023f97ef5eb4c886f9f2bfc32a,1,10K-V2-I8-003
233527,ABG,2026,10-K,0001144980-26-000051,Item_8,14,b1e3f161db2912ee7170c1c6fa29f0848427877cbbfc8acd6d811c60f26f5cc5,1,10K-V2-I8-003
233528,ABG,2026,10-K,0001144980-26-000051,Item_8,15,9b91fa6184a4784a3b3298a5973cc0358fe6508f157eb8fa01d5f029df989e63,1,10K-V2-I8-003
233529,ABG,2026,10-K,0001144980-26-000051,Item_8,16,70bdefad5978d3f35300dfbe18fa455092aee2a2d0daf867809cd231d882d184,1,10K-V2-I8-003
233530,ABG,2026,10-K,0001144980-26-000051,Item_8,17,c4f6f2c408bcfd0f37f84b369dad2813c2608bdfd83c131b872973c46937c82c,1,10K-V2-I8-003
233531,ABG,2026,10-K,0001144980-26-000051,Item_8,18,8ca0827ddcc0366236e3738efbccdb41b7d6b5d63c3b2aa9b783b49f2d1c61e2,1,10K-V2-I8-003
233532,ABG,2026,10-K,0001144980-26-000051,Item_8,19,4644162a0a40ebe2e802e2ca75a090783cae3408abbab96aab796e47dee61b90,1,10K-V2-I8-003
233533,ABG,2026,10-K,0001144980-26-000051,Item_8,20,64a28f1d42931b0e7323ef1a2d19b806230c17154b7e9cbca0905c55a1852201,1,10K-V2-I8-003
233534,ABG,2026,10-K,0001144980-26-000051,Item_8,21,c1f43c5de664405556f4e4ccda12ca10e649c963ccd189aa8d133d945c5d3692,1,10K-V2-I8-003
233535,ABG,2026,10-K,0001144980-26-000051,Item_8,22,236e808ab1badd7b4fbc765eac6dd15babfabd5e59543a4d0b52162819b1c46a,1,10K-V2-I8-003
233536,ABG,2026,10-K,0001144980-26-000051,Item_8,23,cf08f908d4d052c5ac95f644abe71258006e432a7869b2cb105607dc06db7030,1,10K-V2-I8-003
233537,ABG,2026,10-K,0001144980-26-000051,Item_8,24,dfc0dab35e9792a30f8a98bad3c60f2539b44fbf77b035c43c885b77d6d54c50,1,10K-V2-I8-003
233538,ABG,2026,10-K,0001144980-26-000051,Item_8,25,97f06a207175975edae7874ba8ff3220951ae70a8b37c38d10e8d3d436ba2fdc,1,10K-V2-I8-003
233539,ABG,2026,10-K,0001144980-26-000051,Item_8,26,c298e32f6c52017f5796fead53058df99809f2281b8a04d8b6101c008a17489e,1,10K-V2-I8-003
233540,ABG,2026,10-K,0001144980-26-000051,Item_8,27,6f6f844468b252798a6921d82848d6655de10f55c08d7ca54f58b9a0d50b7a06,1,10K-V2-I8-003
233541,ABG,2026,10-K,0001144980-26-000051,Item_8,28,5a808e350053fdc29382492573653c24fd13b6dfd67f6b660851780da0e5f4fa,1,10K-V2-I8-003
233542,ABG,2026,10-K,0001144980-26-000051,Item_8,29,e52d137edd4450d9a8501fa7288fd430c4873928e3b6bb53ebfd445b70e9513d,1,10K-V2-I8-003
233543,ABG,2026,10-K,0001144980-26-000051,Item_8,30,ccfcd174668eb610c558c0397db1f1d725b3b840d11ca8328be1bc724c19349c,1,10K-V2-I8-003
233544,ABG,2026,10-K,0001144980-26-000051,Item_8,31,2d6a5b0001f2a17e5209e1bab78a97b3d275045188fac0e2496e8ec7c52cd126,1,10K-V2-I8-003
233545,ABG,2026,10-K,0001144980-26-000051,Item_8,32,eddae4767619f5828f5662fb464a5995fad6aae7249022a2668c285fe4e24425,1,10K-V2-I8-003
233546,ABG,2026,10-K,0001144980-26-000051,Item_8,33,6880c5856281d691cd3ab02ebafdfb19ef6d8a49a2bcc126314e2848a4e8be52,1,10K-V2-I8-003
233547,ABG,2026,10-K,0001144980-26-000051,Item_8,34,f19c511fc3cf41899fcfa88853053d016fefcfe98beec9b2e4fb2d97287e0ae3,1,10K-V2-I8-003
233548,ABG,2026,10-K,0001144980-26-000051,Item_8,35,8a1b25429f722ccd7b07e49741e195c8266777b374026937c655a412e54bd7e3,1,10K-V2-I8-003
233549,ABG,2026,10-K,0001144980-26-000051,Item_8,36,16e38cea00b8ac5caf87ef6ec6fe118319936cd90c4ebe5766f680aa56d98612,1,10K-V2-I8-003
233550,ABG,2026,10-K,0001144980-26-000051,Item_8,37,84ac7ffe354ed815c8416a0bd74d6d29a4a6ca0bbe669add9f9384fb8a01271c,1,10K-V2-I8-003
233551,ABG,2026,10-K,0001144980-26-000051,Item_8,38,f21bde57ece0cf8e4755d4ad9e86e650608c27da563c93a3216b59f2bda5322e,1,10K-V2-I8-003
233552,ABG,2026,10-K,0001144980-26-000051,Item_8,39,65e3dccfda6a917609497e8c80dbf777db4ab1fce6fe4a4155eb3337a6b9d4bd,1,10K-V2-I8-003
233553,ABG,2026,10-K,0001144980-26-000051,Item_8,40,4d0bbc86d1d53fcac17064a80d802530f9177635471a4659865cfcfba42a9455,1,10K-V2-I8-003
233554,ABG,2026,10-K,0001144980-26-000051,Item_8,41,d0364607fc9a875048470da757ed8a5ffe41b288327a986bd4d1ab4322781d2c,1,10K-V2-I8-003
233555,ABG,2026,10-K,0001144980-26-000051,Item_8,42,ccd7b73408a819e4700519329dd6f63571783427a2e6ee0d557f4769c65f6763,1,10K-V2-I8-003
233556,ABG,2026,10-K,0001144980-26-000051,Item_8,43,c1b8f37931c1ecbdcf0f684e5e28e3c3f323839d9a91b3ef59b888914d62b3cf,1,10K-V2-I8-003
233557,ABG,2026,10-K,0001144980-26-000051,Item_8,44,f69aaee0db07fe7d81907bf81d4fca4859cf8d7766f5d5904676b6f082b33ce3,1,10K-V2-I8-003
233558,ABG,2026,10-K,0001144980-26-000051,Item_8,45,50630901a2b61cc6f178fb85641abcc303e251bc876e9943693f6184779ba495,1,10K-V2-I8-003
233559,ABG,2026,10-K,0001144980-26-000051,Item_8,46,299456b4cd67b1b2c034699605491e6a12d44798b8ce1e4ccaacf72cd3114921,1,10K-V2-I8-003
233560,ABG,2026,10-K,0001144980-26-000051,Item_8,47,216162440477daf295ff3c62b2270b1f016c9c59c049647999f4229551120ab6,1,10K-V2-I8-003
233561,ABG,2026,10-K,0001144980-26-000051,Item_8,48,0d89972223d18d3859fb7f062018edd39562845591a8d0a7944524832e50099d,1,10K-V2-I8-003
233562,ABG,2026,10-K,0001144980-26-000051,Item_8,49,8624166bbf4ef234789a23df1dddcb993564cb13e8ebb7de9a97e468040d9342,1,10K-V2-I8-003
233563,ABG,2026,10-K,0001144980-26-000051,Item_8,50,fd2b461df33fdda0171b62b2fef6bc230d15b4ba5ca6014de4b4efe63cb2d2c3,1,10K-V2-I8-003
233564,ABG,2026,10-K,0001144980-26-000051,Item_8,51,3ffabdc0020888311f81379016e1f5433d1456b614a9bd9353dcc3b6c6895a6b,1,10K-V2-I8-003
233565,ABG,2026,10-K,0001144980-26-000051,Item_8,52,c2c019f25b693ab572a41c8d475e9592314c8eb73cb53ed29711e5f68efbeab3,1,10K-V2-I8-003
233566,ABG,2026,10-K,0001144980-26-000051,Item_8,53,fa1d403ddf0b67af91972fbea0de4008b3ec6d609e9ae809bec4839ae6daf97c,1,10K-V2-I8-003
233567,ABG,2026,10-K,0001144980-26-000051,Item_8,54,b0c26b29288c1a702b487880356a174a04d1a4507d8eaffd56cf055201a43ac6,1,10K-V2-I8-003
233568,ABG,2026,10-K,0001144980-26-000051,Item_8,55,10558d166ac4b40203117cac552a49d69d5d1be08cf1082dc7786870f4cd5125,1,10K-V2-I8-003
233569,ABG,2026,10-K,0001144980-26-000051,Item_8,56,f5bf906905271db89ef28983274978155ddbb7c13ce3a8c6328d7e760a1705f3,1,10K-V2-I8-003
233570,ABG,2026,10-K,0001144980-26-000051,Item_8,57,e97e75de08b99d0edcfbff73f18e28b7078e403c46542125ffd78cc6fb8d46a6,1,10K-V2-I8-003
233571,ABG,2026,10-K,0001144980-26-000051,Item_8,58,b06310ad964e26da5f42904c36883872595a91676972c3e2964f77fcfc74627e,1,10K-V2-I8-003
233572,ABG,2026,10-K,0001144980-26-000051,Item_8,59,232db5e7208245a3f203be25b314ad09aa7f5b8a9bdaaf9b98c657e8ea7a192e,1,10K-V2-I8-003
233573,ABG,2026,10-K,0001144980-26-000051,Item_8,60,747996b668cc83abc7905bcfe8abc1e7099205748edd694d594c417981062a1d,1,10K-V2-I8-003
233574,ABG,2026,10-K,0001144980-26-000051,Item_8,61,a840db3e94de9e3c6273a77001b117c418e08ccd88e54a06c7e8c71e98e288a4,1,10K-V2-I8-003
233575,ABG,2026,10-K,0001144980-26-000051,Item_8,62,580a6a2b5baefa51fd0af39440b650048617c1147b6a6ba817931fda06c6c198,1,10K-V2-I8-003
233576,ABG,2026,10-K,0001144980-26-000051,Item_8,63,578d933ad5136269809172f3a16d3774953d4b3853df3fd5aa00e5b103a621d7,1,10K-V2-I8-003
233577,ABG,2026,10-K,0001144980-26-000051,Item_8,64,7584f3a39c183a1c042a9bccf7dea24ffa23280d80719c161065b5286577913b,1,10K-V2-I8-003
233578,ABG,2026,10-K,0001144980-26-000051,Item_8,65,fe91c192ab2bf73945f31a117ee36ed596eeb719269a6979de0ed2c46d863008,1,10K-V2-I8-003
233579,ABG,2026,10-K,0001144980-26-000051,Item_8,66,1d8caf701aca74d8e21d5b78eb87350b204748fbbcfbf4677a3aa07b772ba298,1,10K-V2-I8-003
233580,ABG,2026,10-K,0001144980-26-000051,Item_8,67,80da1316bbe7f267bb2b21de98e178989967ff6e95044dfc5b45354936ea8e9f,1,10K-V2-I8-003
233581,ABG,2026,10-K,0001144980-26-000051,Item_8,68,51ba3d0c34b28d165933679b323e47b7ca019e19446dbf4b01c2ee6fbbdfee6a,1,10K-V2-I8-003
233582,ABG,2026,10-K,0001144980-26-000051,Item_8,69,ec91af59c597fa60527394fa0c69cd8c6889c86b407a9eb4a8d349f8a31426d3,1,10K-V2-I8-003
233583,ABG,2026,10-K,0001144980-26-000051,Item_8,70,c33edaa43e46998f49919bdc0f6285659e6abbb38c0792b0f90d286793973332,1,10K-V2-I8-003
233584,ABG,2026,10-K,0001144980-26-000051,Item_8,71,ff4374547b734fc03b7193b6102c2255bd34435486244d2cfadc1e97f502705e,1,10K-V2-I8-003
233585,ABG,2026,10-K,0001144980-26-000051,Item_8,72,b749871a4def15710da87df0637381d2eecb3ccf46863f04bbc73bbd6ebf9cdb,1,10K-V2-I8-003
233586,ABG,2026,10-K,0001144980-26-000051,Item_8,73,74c823bc3c6505e21b6ca8d6da697b45e2a082ca387779fd647e1e1f94fe2778,1,10K-V2-I8-003
233587,ABG,2026,10-K,0001144980-26-000051,Item_8,74,069d0d56a1006b46420f88bb5a10e4bb0e43619401e1ac48bfe978d9914f3179,1,10K-V2-I8-003
233588,ABG,2026,10-K,0001144980-26-000051,Item_8,75,33d37ab2bb872e062885a692f4cb57175aa5bcb7039cc7cb32e14fdfcdb68c87,1,10K-V2-I8-003
233589,ABG,2026,10-K,0001144980-26-000051,Item_8,76,0f105c4b21acf506f98cef0d95774309693bac045dfa7d11da9d883aba36dc2f,1,10K-V2-I8-003
233590,ABG,2026,10-K,0001144980-26-000051,Item_8,77,f896566b2a100a8ace7883500b23cce0aefd509971c41190f0b177071bf92b8d,1,10K-V2-I8-003
233591,ABG,2026,10-K,0001144980-26-000051,Item_8,78,09278aea3d9b720ffb45b20a8aac601688f837db9fc5902535bb2911f8e0710b,1,10K-V2-I8-003
233592,ABG,2026,10-K,0001144980-26-000051,Item_8,79,1d05f687cfa24e4cdeb193e9bfc6b2232915497435467afd5a9f1f68d60bc571,1,10K-V2-I8-003
233593,ABG,2026,10-K,0001144980-26-000051,Item_8,80,111b3f1ee7fadf919ff4c69277c0341c5b87c3f8f201f0afd9694f4b71a15a06,1,10K-V2-I8-003
233594,ABG,2026,10-K,0001144980-26-000051,Item_8,81,e120da6f53309f0da9a5843b65554777e6c72197fee332359eb061e740a0e13b,1,10K-V2-I8-003
233595,ABG,2026,10-K,0001144980-26-000051,Item_8,82,99e3d6548747b4c79bbca7f755f9086995c563db79bfb3d8f46009bb84a984d0,1,10K-V2-I8-003
233596,ABG,2026,10-K,0001144980-26-000051,Item_8,83,35ada12d43ad9e157e6fb683ec4573a6fddd23b6788b853d8de42cb4d28dc7e9,1,10K-V2-I8-003
233597,ABG,2026,10-K,0001144980-26-000051,Item_8,84,b76c34dd71d0e01495f0ef610db6ce8cb95e50e019ceb4d2827311eb24f9dd1b,1,10K-V2-I8-003
233598,ABG,2026,10-K,0001144980-26-000051,Item_8,85,4a10ebb6a44cee6bdf4525d5d10cf852c3de8d0ca27edfe981debbcf96d72919,1,10K-V2-I8-003
233599,ABG,2026,10-K,0001144980-26-000051,Item_8,86,7eb44fab499a96e3a36d6c9438e1cd396097603fb3d9233e867ae6398cf41400,1,10K-V2-I8-003
233600,ABG,2026,10-K,0001144980-26-000051,Item_8,87,77b25a7dc50557f1a6134a4acf89106090cfcd25ad9da18f6d4e34bcf150849b,1,10K-V2-I8-003
233601,ABG,2026,10-K,0001144980-26-000051,Item_8,88,e6cb6b6bf18d3ceb6f605097bc169e8f9c006d1e981e7739141b28ab673f2905,1,10K-V2-I8-003
233602,ABG,2026,10-K,0001144980-26-000051,Item_8,89,2d65482542b0264752878c2e0adcef9c42bc333710a9db885adc4bc67f7912ac,1,10K-V2-I8-003
233603,ABG,2026,10-K,0001144980-26-000051,Item_8,90,7ef2e5f0e8876b3456e5050110a3e8a2f366d78bf63d4fec5a9af56a626fc1d5,1,10K-V2-I8-003
233604,ABG,2026,10-K,0001144980-26-000051,Item_8,91,ec386fa9de6c0563ef95805f6bdb9b98f7b399599775f1709f26b858227c35ff,1,10K-V2-I8-003
233605,ABG,2026,10-K,0001144980-26-000051,Item_8,92,82a44648ab00d067f3c099563fd42569cc1f9c03ff4cfbef4282652ffc1c1549,1,10K-V2-I8-003
233606,ABG,2026,10-K,0001144980-26-000051,Item_8,93,75bbcbdf95fb5a2dacff80af0c608c5dc9da2d92949a79bffabc86d998bad393,1,10K-V2-I8-003
238865,ASO,2024,10-K,0001817358-24-000042,Item_1,0,0ec478a140825e14323cb163cd6b5a307fa2028ebdaaee3d3c94661f782e44f1,1,10K-V2-I1-001
238866,ASO,2024,10-K,0001817358-24-000042,Item_1,1,1a599d82697aab96bdb096b2babfa7ca764f15ae6525bdf4800778a08ef66a79,1,10K-V2-I1-001
238867,ASO,2024,10-K,0001817358-24-000042,Item_1,2,7faf53b85f0e2e0da9bc60b8497e9a157d826f751bec4bd2d843f94f474cea05,1,10K-V2-I1-001
238868,ASO,2024,10-K,0001817358-24-000042,Item_1,3,fe421155dcc96b85abd9cc012c31e9d281f17c19e827bcc404aabf852e35d3af,1,10K-V2-I1-001
238869,ASO,2024,10-K,0001817358-24-000042,Item_1,4,ab43811550df7ef8848c5dcfdb9d8f9361858ac55ceff44dcb5be3ee10194b0e,1,10K-V2-I1-001
238870,ASO,2024,10-K,0001817358-24-000042,Item_1,5,b98a16de4ba7b75d937127d12c121c4595aabb08f0317e3922f378decb1a33ab,1,10K-V2-I1-001
238871,ASO,2024,10-K,0001817358-24-000042,Item_1,6,88d418be87436fb80f6a017edb55b3d214fd6b5754771688795392b042256ea3,1,10K-V2-I1-001
238872,ASO,2024,10-K,0001817358-24-000042,Item_1,7,a78e4337fa4b05e5f4453fb43d3c4dd6aadfddadd95d34d54be0524449cf35ed,1,10K-V2-I1-001
238873,ASO,2024,10-K,0001817358-24-000042,Item_1,8,81b6557a255554ee45f0bc78ade3e66a1ee652dcbbfd1e6dc504ac2812cf58a6,1,10K-V2-I1-001
238874,ASO,2024,10-K,0001817358-24-000042,Item_1,9,882661d0f1c9ea8a3672cdcb3ec512c223f472a067e978e1da58ca665ecbcc32,1,10K-V2-I1-001
238875,ASO,2024,10-K,0001817358-24-000042,Item_1,10,0dd98cfa7be50e7db9220d56a95ec8583c19c1524b5f33b87ad93717c4cac04c,1,10K-V2-I1-001
238876,ASO,2024,10-K,0001817358-24-000042,Item_1,11,ca05086dff024528e730024117a1db3c0c7fdad8dcf7afc8fa48d24dffe168e2,1,10K-V2-I1-001
238877,ASO,2024,10-K,0001817358-24-000042,Item_1,12,b07a6057b2d0c44f4c54022f74aaa463e3e4c8a806ddb46785f1122b53c9a909,1,10K-V2-I1-001
238878,ASO,2024,10-K,0001817358-24-000042,Item_1,13,5783445203a4dfdf2c2860104a0e9bc486f272bef8df041e1dff78027f6042c7,1,10K-V2-I1-001
238879,ASO,2024,10-K,0001817358-24-000042,Item_1,14,611a63ce32f146a6ac04641215100421b1e000f62fd1c40a0f5620fe14679656,1,10K-V2-I1-001
238880,ASO,2024,10-K,0001817358-24-000042,Item_1,15,e33430299188f5c73ed3d33a4c6ff32666854ed7b3038a78ede12ab748cc9570,1,10K-V2-I1-001
239590,ATER,2024,10-K,0001437749-24-008398,Item_8,0,51e95cf329c78abe6556d4cf8965f1c7c2f3a31619824720d4f622d34f3730f7,1,10K-V2-XC-004
239591,ATER,2024,10-K,0001437749-24-008398,Item_8,1,934e17ae0115bd8e93b09053b0f1b04c04c1971e9db382fafe85983d85e3f51f,1,10K-V2-XC-004
239592,ATER,2024,10-K,0001437749-24-008398,Item_8,2,f09ac0a4ff679e8e953f7d563a63342667764873ccc44fc79e75de9f5436b939,1,10K-V2-XC-004
239593,ATER,2024,10-K,0001437749-24-008398,Item_8,3,3ea4c5fd1745fc9c1b2f4a6d65d7b1096de60829549c48bc1aa3062e6ba7f66f,1,10K-V2-XC-004
239594,ATER,2024,10-K,0001437749-24-008398,Item_8,4,f1ac3ea90a746f50ea65b2be47513e0da1d0d7d5a34ade679a6f74b442704bb7,1,10K-V2-XC-004
239595,ATER,2024,10-K,0001437749-24-008398,Item_8,5,bf71a69dc1d75086e11e085e9855115d08bd4fd6dfa4f2b089f308b6e3f9b3dc,1,10K-V2-XC-004
239596,ATER,2024,10-K,0001437749-24-008398,Item_8,6,76f1e18b0c8618f7949a11ecc71eb34a0ae464be4c984d2962f8a0c16bfa1505,1,10K-V2-XC-004
239597,ATER,2024,10-K,0001437749-24-008398,Item_8,7,6aa73f9e6cba541a8990dcc3b691dd965848c051847ad6a8a84f5cbf47971872,1,10K-V2-XC-004
239598,ATER,2024,10-K,0001437749-24-008398,Item_8,8,4bb248baab7d29c4c028308933e9dd45891bc82b8125fef088ca0df5a6d160c2,1,10K-V2-XC-004
239599,ATER,2024,10-K,0001437749-24-008398,Item_8,9,8438f2dfeef284cd4350c5f8c86b40be128e3db6367ea8d5c42285280e454523,1,10K-V2-XC-004
239600,ATER,2024,10-K,0001437749-24-008398,Item_8,10,80c35285a3ec4f63028b880e589a6fa9fc742b02a9fd4cd847f13502e768846d,1,10K-V2-XC-004
239601,ATER,2024,10-K,0001437749-24-008398,Item_8,11,b2bf1ca0c0e920ce1b651eeac76fb424cb6f8efe064e7aa1ea148c5a26f99f09,1,10K-V2-XC-004
239602,ATER,2024,10-K,0001437749-24-008398,Item_8,12,1e33ab3b48864a24db8aef0638362bb8eab9c63f239455daf274f997fc04f337,1,10K-V2-XC-004
239603,ATER,2024,10-K,0001437749-24-008398,Item_8,13,a23abe0f5a6e0b05fece1dae9115081586e776b26352a2e492431cb4f4284d7a,1,10K-V2-XC-004
239604,ATER,2024,10-K,0001437749-24-008398,Item_8,14,588f0e10af6c0214789b033ce1efedaefb7d973818782a3971f660e2393c67b3,1,10K-V2-XC-004
239605,ATER,2024,10-K,0001437749-24-008398,Item_8,15,938a47b539bf320acd81c4b37f2ffe3117086d11f74303aeb422282356b396f6,1,10K-V2-XC-004
239606,ATER,2024,10-K,0001437749-24-008398,Item_8,16,965371758f61295dcdc07cd2b9eec51d6d418641f4ba807cc3c574552d11086b,1,10K-V2-XC-004
239607,ATER,2024,10-K,0001437749-24-008398,Item_8,17,c2a3d83b96de5281c9f1e81cdbbab179648d2f2c69991caa45e8de430c2ddebf,1,10K-V2-XC-004
239608,ATER,2024,10-K,0001437749-24-008398,Item_8,18,384f7f6c3cbe3dacf4741252fa126b2d88e9e92849b14325b38a48e40a7647a7,1,10K-V2-XC-004
239609,ATER,2024,10-K,0001437749-24-008398,Item_8,19,9190b77d1364e61fdd482030be21b01c3de9aa5caffc6fd4c0102a4a18d2ca28,1,10K-V2-XC-004
239610,ATER,2024,10-K,0001437749-24-008398,Item_8,20,f97868921ff20f88e3499edda4a9edc0e01bf7fd48b93ee18742c7b6ad2b1e08,1,10K-V2-XC-004
239611,ATER,2024,10-K,0001437749-24-008398,Item_8,21,64d0a72864318979b09aa81f4759f68496d9a769473878b7dbfec91e29d8b30e,1,10K-V2-XC-004
239612,ATER,2024,10-K,0001437749-24-008398,Item_8,22,a181517d613dc2d71b47f6db55223930194ae77e9c3b34854c767b1ce2e8b083,1,10K-V2-XC-004
239613,ATER,2024,10-K,0001437749-24-008398,Item_8,23,1c49ed4a77953e5078eda554ce7d33b479aa5565fb9e22eadd33b4bb1aa05a2e,1,10K-V2-XC-004
239614,ATER,2024,10-K,0001437749-24-008398,Item_8,24,9bdc4396cbdf8c346378d2ab5c7bea59dcde7bdaaec813c6f920d290bb63a842,1,10K-V2-XC-004
239615,ATER,2024,10-K,0001437749-24-008398,Item_8,25,1a89a58a710abc227c72cf2aa1a7af70b05bff1a77dc00a29f2d223ac251982e,1,10K-V2-XC-004
239616,ATER,2024,10-K,0001437749-24-008398,Item_8,26,9d177387d32994653b8f7bd472681ca15538000441dee99eec6e6e52842fd030,1,10K-V2-XC-004
239617,ATER,2024,10-K,0001437749-24-008398,Item_8,27,1dbf1c2dc027374033cb0535a185587e53fedfa9e6dd86ed48ac04fdd02d7e5c,1,10K-V2-XC-004
239618,ATER,2024,10-K,0001437749-24-008398,Item_8,28,b9aceb8b4dc8e2c5f9c076c5f5a20fced222c7a5ca486106c95c79e9b06f4d0e,1,10K-V2-XC-004
239619,ATER,2024,10-K,0001437749-24-008398,Item_8,29,c73f14a44a2f7194ea60791bc2684e472f095402507d67135c6dd32f844a7570,1,10K-V2-XC-004
239620,ATER,2024,10-K,0001437749-24-008398,Item_8,30,969b4907548cec339c2f0e3639ca546cf0c84e64c3b15fddc213114aa2046490,1,10K-V2-XC-004
239621,ATER,2024,10-K,0001437749-24-008398,Item_8,31,1bc46fa0e43b1f3dcbeaa252f21d556a817de098e419a5c185ba54a0223cf724,1,10K-V2-XC-004
239622,ATER,2024,10-K,0001437749-24-008398,Item_8,32,5587ef62c685cfd1eead0afa724b6a358f0357339540d8219c981186e6f2ead2,1,10K-V2-XC-004
239623,ATER,2024,10-K,0001437749-24-008398,Item_8,33,1d925be8b0ba031e0bb6d114e2a19357b407903e0dceecc642c0c63d2f6b67ab,1,10K-V2-XC-004
239624,ATER,2024,10-K,0001437749-24-008398,Item_8,34,6be2cd5ff716d81727b983273063c5bb147cb24426825840c56e1e5f0e0e4187,1,10K-V2-XC-004
239625,ATER,2024,10-K,0001437749-24-008398,Item_8,35,8e531ec7ee9c7aeefe3fd6695853f44b37e2da5bdc595f3beafcd86a972665dd,1,10K-V2-XC-004
239626,ATER,2024,10-K,0001437749-24-008398,Item_8,36,df2f362c275d54bd1a6cf0e6c3090f9c02ef8bdb624da050b4b3f25549449ed9,1,10K-V2-XC-004
239627,ATER,2024,10-K,0001437749-24-008398,Item_8,37,2d7945e03214a73741e5dc5ead738243c54b0722960e1633fab4ff7dd36ad0af,1,10K-V2-XC-004
239628,ATER,2024,10-K,0001437749-24-008398,Item_8,38,494c7f68e26fafb04f480578a53391d5dc49413131e2f48471c53a76f4b1e8f5,1,10K-V2-XC-004
239629,ATER,2024,10-K,0001437749-24-008398,Item_8,39,31f48b2ffca6e42c0bb15c8509e010ee6b91117f75e10d18dc1e87d431010ce5,1,10K-V2-XC-004
239630,ATER,2024,10-K,0001437749-24-008398,Item_8,40,64ff9d8a903e4593e7daf1aee1e9418cec9133cd3597ee88f1aae674d67d0a7d,1,10K-V2-XC-004
239631,ATER,2024,10-K,0001437749-24-008398,Item_8,41,5817191f120b6bae5444cc017e0ded89b627c9fd91cfee35946b19a5302e0d06,1,10K-V2-XC-004
239632,ATER,2024,10-K,0001437749-24-008398,Item_8,42,e04d1f9f5ef4461b797de535540138b77a26407888da01759dc64251403fd419,1,10K-V2-XC-004
239633,ATER,2024,10-K,0001437749-24-008398,Item_8,43,752a33738ac931e1ce695d1a428b12d4e77edfdc611177f9af67c7efc3fec25c,1,10K-V2-XC-004
239634,ATER,2024,10-K,0001437749-24-008398,Item_8,44,d1ddeee79254de1f1205ab1b83969c37ae92fa0983868dc15a6b62634e272046,1,10K-V2-XC-004
239635,ATER,2024,10-K,0001437749-24-008398,Item_8,45,d01f6dbca7be102299644df978f5588a140a49a41949f4d9c90ada28a849437c,1,10K-V2-XC-004
239636,ATER,2024,10-K,0001437749-24-008398,Item_8,46,f5ddc5cfbb3aed6c47235bef6b7a8edb793af7d6942355a7b81a77aa0169705c,1,10K-V2-XC-004
239637,ATER,2024,10-K,0001437749-24-008398,Item_8,47,e9f5f09c0dc640c0c5e10fc41b1e9373e08d671319822f0be4ac409d1dac9213,1,10K-V2-XC-004
239638,ATER,2024,10-K,0001437749-24-008398,Item_8,48,3a633f7726eadcb06195306278429ef5b17f345c2ca41478d9299ad9c18efbb6,1,10K-V2-XC-004
239639,ATER,2024,10-K,0001437749-24-008398,Item_8,49,10a5ae86a0ae12c85b7f3dc6d7c306c39c453e0b690c532de9dd3f7ab125de65,1,10K-V2-XC-004
239640,ATER,2024,10-K,0001437749-24-008398,Item_8,50,0b4ec548a58421a222459c4d80d4814de10e5d3383b39c2a383c3f17e7311064,1,10K-V2-XC-004
239641,ATER,2024,10-K,0001437749-24-008398,Item_8,51,4a864a7c282a00a267032d6d062c660ddca789e4944c2dcb50b400207a09b8dc,1,10K-V2-XC-004
239642,ATER,2024,10-K,0001437749-24-008398,Item_8,52,7a094101af829b0f8e285f83e53a7799c126ec236078e1363294b7ac4394e4db,1,10K-V2-XC-004
239643,ATER,2024,10-K,0001437749-24-008398,Item_8,53,0f52ddc13523e790f8236e3c537c137c4af0a5a343e3b772a31c8a281af39c8d,1,10K-V2-XC-004
239644,ATER,2024,10-K,0001437749-24-008398,Item_8,54,e86e93a0223a600debf977b647977699ff4edfd10b5fbddfae1e2026c89e7781,1,10K-V2-XC-004
239645,ATER,2024,10-K,0001437749-24-008398,Item_8,55,1411a71768ecbf31bfb81068f80fb3ca957bafe8b1eb6d6258e246b078aadc81,1,10K-V2-XC-004
239646,ATER,2024,10-K,0001437749-24-008398,Item_8,56,fc35a5889ff7638520162ea84646d468e9612a1b8240113ef26779886313ef30,1,10K-V2-XC-004
239647,ATER,2024,10-K,0001437749-24-008398,Item_8,57,2752f23508217fd0cf4ac5a2d9a8a2dac188b272185b8bde51338a5615e2c604,1,10K-V2-XC-004
239648,ATER,2024,10-K,0001437749-24-008398,Item_8,58,79e9814dcdb07adfedd79d561bb348cbce722a7c022685e0d2d65737e2a4cda7,1,10K-V2-XC-004
239649,ATER,2024,10-K,0001437749-24-008398,Item_8,59,3ef0edf97821ea89ff3b4a84ce4ae450324ea8a3c7ca1806c819c8a5dde82c54,1,10K-V2-XC-004
239650,ATER,2024,10-K,0001437749-24-008398,Item_8,60,706f862142577d0bc365ca84631876cd38f8740f3a2f097efaedfc34ee8b47ae,1,10K-V2-XC-004
239651,ATER,2024,10-K,0001437749-24-008398,Item_8,61,b1efc67e17d90c565fe46c9229b9bfd45a600e8652bc63b651a9aafccd54533d,1,10K-V2-XC-004
239652,ATER,2024,10-K,0001437749-24-008398,Item_8,62,7b53c413d2f1a98510ea653c8d17a8aa7b4a56898669402de3e16f048ca41e3c,1,10K-V2-XC-004
239653,ATER,2024,10-K,0001437749-24-008398,Item_8,63,201bae15d5f0de2c95b2caeaadeff8d2c28c4ab4c937fde8f721d6dd6d42758c,1,10K-V2-XC-004
239654,ATER,2024,10-K,0001437749-24-008398,Item_8,64,99c34a87ed0d23f1236cbe0a3cf1c41f1f33a2594af40fd9eb1ff28e438bde60,1,10K-V2-XC-004
239655,ATER,2024,10-K,0001437749-24-008398,Item_8,65,21ccddacf089fed3056284feb4770ea0dce1f0e6281effbd3c016adbbf2c5654,1,10K-V2-XC-004
239656,ATER,2024,10-K,0001437749-24-008398,Item_8,66,cccbc169e79e1d98453b51254e346ea4076776b6d168449c10c081c473bcba81,1,10K-V2-XC-004
239657,ATER,2024,10-K,0001437749-24-008398,Item_8,67,a6030fb580e24ebe314ebdc7d821c138e233a8013d8222454c178cbad1c79e7f,1,10K-V2-XC-004
239658,ATER,2024,10-K,0001437749-24-008398,Item_8,68,90d142117adfc04ae7cb77fac197aeabef167c2ba0b1e361b2ce8d767195b3a1,1,10K-V2-XC-004
244048,BJ,2026,10-K,0001531152-26-000007,Item_1,0,faf2df3598c6de2f507935c34e142f0b3db46d9320c2e4661d95b9d421e7b100,1,10K-V2-I1-003
244049,BJ,2026,10-K,0001531152-26-000007,Item_1,1,8b49d0d2f6114f7f8418013263fcba6eed5d268075d6beb7728c8378e3212a55,1,10K-V2-I1-003
244050,BJ,2026,10-K,0001531152-26-000007,Item_1,2,0d6b45330b00ced0ace37d166dbbb197f06efb40f537c273029975ce72c11e96,1,10K-V2-I1-003
244051,BJ,2026,10-K,0001531152-26-000007,Item_1,3,1839b5555aed0ea502b5d5628ca39ca71cb0928a9e9125cbcf53958aec0ad2d6,1,10K-V2-I1-003
244052,BJ,2026,10-K,0001531152-26-000007,Item_1,4,ab68b1a64afddd80a272dec397acf67f617de10e975815c63e71f27f6eb1d33a,1,10K-V2-I1-003
244053,BJ,2026,10-K,0001531152-26-000007,Item_1,5,9b6c87963c441d32790e46dfaa0e46c38fb1b04b9bd167f746dd72430490f261,1,10K-V2-I1-003
244054,BJ,2026,10-K,0001531152-26-000007,Item_1,6,fe89c05b2e7b5235524f15ad496793ca135d189c6a3ca7a58a84c52c1bba6f1f,1,10K-V2-I1-003
244055,BJ,2026,10-K,0001531152-26-000007,Item_1,7,c2f763dbcd065b39e2d9cb12bdbe86448e6cc2282c93294d522231dd88591d1b,1,10K-V2-I1-003
244056,BJ,2026,10-K,0001531152-26-000007,Item_1,8,fa0d2aafdb498f5d2d917098824313d6da853db9ee375ba087347c57f462877b,1,10K-V2-I1-003
244057,BJ,2026,10-K,0001531152-26-000007,Item_1,9,a79fc8e474da65905b022fc9c77c704aeadef3993a1c29fadccf599d32fff217,1,10K-V2-I1-003
244058,BJ,2026,10-K,0001531152-26-000007,Item_1,10,615cacf38ca093f3808eb3eaf208bbe55a43a8418ba930f90e12b28467bb582f,1,10K-V2-I1-003
244059,BJ,2026,10-K,0001531152-26-000007,Item_1,11,59c60764d3a7d37736d5fa20bbd5b6ef4989f8596967772ccba54b9def0707a0,1,10K-V2-I1-003
244060,BJ,2026,10-K,0001531152-26-000007,Item_1,12,5afdea76a35d75adc041ff08302f5f57ba0e6ef4faf81ba5db0372024274e6c9,1,10K-V2-I1-003
244061,BJ,2026,10-K,0001531152-26-000007,Item_1,13,9cda1001e490a530f91d0c7f9303a61da68d1ad2b8f48b3ab18bc8f4343a14b9,1,10K-V2-I1-003
244062,BJ,2026,10-K,0001531152-26-000007,Item_1,14,700a7f759b97d73cae29d36f503d7ee5c882054847db17651075400499cebbec,1,10K-V2-I1-003
244063,BJ,2026,10-K,0001531152-26-000007,Item_1,15,4b9f8fa5cc4fb1a22e664c3575ddba1238b3e56a80655a9b48b3a55f3189e847,1,10K-V2-I1-003
245430,BOBS,2026,10-K,0001628280-26-019015,Item_1A,0,ae5937d90dbd15bb3dbdaaaa803d593516affaeae56155978e516981ed97cb8a,1,10K-V2-XC-003
245431,BOBS,2026,10-K,0001628280-26-019015,Item_1A,1,6d94292eaa22fd8f5f16ee5ffab7272dd8d6f41b9910d39f878843532d0a41b5,1,10K-V2-XC-003
245432,BOBS,2026,10-K,0001628280-26-019015,Item_1A,2,97be9dd016b8cc64e240e8d92bc9fae8c610bd2911d02dc0def936b4f18a265c,1,10K-V2-XC-003
245433,BOBS,2026,10-K,0001628280-26-019015,Item_1A,3,33eb4ae7fd3c78705ff23701a4cf5ef17ad24d12b81f1775fd7e0f3387f09594,1,10K-V2-XC-003
245434,BOBS,2026,10-K,0001628280-26-019015,Item_1A,4,864a0c59979512ea6259616ba3e4887810c38eb88b7ecb310843bd98da3e0afd,1,10K-V2-XC-003
245435,BOBS,2026,10-K,0001628280-26-019015,Item_1A,5,2318863fb8fc23bf05211a6dc7b34a285703bed5b9612481c57f729d6e0563a9,1,10K-V2-XC-003
245436,BOBS,2026,10-K,0001628280-26-019015,Item_1A,6,490ed034c999a0d550b451f35e4c5fec6caabedb694fa471df42a3354834df52,1,10K-V2-XC-003
245437,BOBS,2026,10-K,0001628280-26-019015,Item_1A,7,b66b2f2e975c98761e572f458abf54cb5b45bc375518d8960bdd7ce06c620f83,1,10K-V2-XC-003
245438,BOBS,2026,10-K,0001628280-26-019015,Item_1A,8,447756347a202053154e1e316b52c7288618200337ec343bfe10bbdbd17e14ad,1,10K-V2-XC-003
245439,BOBS,2026,10-K,0001628280-26-019015,Item_1A,9,a5274c898f679711c3d0285e2be618c4be91071dfdac4beadc58da522d265187,1,10K-V2-XC-003
245440,BOBS,2026,10-K,0001628280-26-019015,Item_1A,10,7eaa3031cc5e202594fa7afcb61f140b473ba0f2d35c8081d4147709e26b4a0a,1,10K-V2-XC-003
245441,BOBS,2026,10-K,0001628280-26-019015,Item_1A,11,1a249265505fffc0504ddb5b2c471c7e33a7d1b2e3b044ef39fc7bb3ac630092,1,10K-V2-XC-003
245442,BOBS,2026,10-K,0001628280-26-019015,Item_1A,12,d36a387ddd9782774b8e315d461debf481707202dddbe40224556375cf852162,1,10K-V2-XC-003
245443,BOBS,2026,10-K,0001628280-26-019015,Item_1A,13,d152c00ba35d01ec1426802735008877dc803b4d21d16970f0f0cba4a0af15b4,1,10K-V2-XC-003
245444,BOBS,2026,10-K,0001628280-26-019015,Item_1A,14,12b37c5418dd3ed1ae09cda0351e8a7121805692e91f16951c8e3f67d51eb4b5,1,10K-V2-XC-003
245445,BOBS,2026,10-K,0001628280-26-019015,Item_1A,15,ad6d83a587f76e14007c244ee61477d0df5506d9221b3a3653f3aa43cbbd9092,1,10K-V2-XC-003
245446,BOBS,2026,10-K,0001628280-26-019015,Item_1A,16,9d8dd2a7333e846370f5f59a60c1be81585e3db1227cebe816c24bf57bc519c6,1,10K-V2-XC-003
245447,BOBS,2026,10-K,0001628280-26-019015,Item_1A,17,123b07dfc57543f020e3ac25cf1278c562fa0bceff878641d66811789b7fed65,1,10K-V2-XC-003
245448,BOBS,2026,10-K,0001628280-26-019015,Item_1A,18,642585fc45a377f89822813ac6b75260b43bbbb0b96242981ed1bb0cc6854b69,1,10K-V2-XC-003
245449,BOBS,2026,10-K,0001628280-26-019015,Item_1A,19,5e728e26dcf82fb29a97154fe78df53acd9a7a0f74ba33300e9d806051b34170,1,10K-V2-XC-003
245450,BOBS,2026,10-K,0001628280-26-019015,Item_1A,20,72e8a545dae255b21268e97f73b2fa4567f4fa4464d8542a0c7cdda4d4c5acbb,1,10K-V2-XC-003
245451,BOBS,2026,10-K,0001628280-26-019015,Item_1A,21,61f5d6e038b2ddf0a3b241bf20ec864217956f87edde9874bd4c18c351b54686,1,10K-V2-XC-003
245452,BOBS,2026,10-K,0001628280-26-019015,Item_1A,22,0c9134156f9058b4f108650d811534723acff4179adf09cc458e87e201074de6,1,10K-V2-XC-003
245453,BOBS,2026,10-K,0001628280-26-019015,Item_1A,23,44f71211ac03abb4232e948768b8ad8c99ea30fbcbdd5735ce4762715a4584dd,1,10K-V2-XC-003
245454,BOBS,2026,10-K,0001628280-26-019015,Item_1A,24,d2a27db5596d4d2bf119631c266f40b90847bf2a62e7101c7a0920d0447ebf7b,1,10K-V2-XC-003
245455,BOBS,2026,10-K,0001628280-26-019015,Item_1A,25,1b37c26e2da4939e453528d2dd293e43be9221aa269eb9e422c8088afc666188,1,10K-V2-XC-003
245456,BOBS,2026,10-K,0001628280-26-019015,Item_1A,26,bf70a2c6f9c74aab810a1d4b5e2971a15118f1645d72cdde96202c1d9a6ee2ed,1,10K-V2-XC-003
245457,BOBS,2026,10-K,0001628280-26-019015,Item_1A,27,766aac557f4c7fba1eb0322096e8fe6ca01ffb32fe291e90dc79bbc26c9f4a95,1,10K-V2-XC-003
245458,BOBS,2026,10-K,0001628280-26-019015,Item_1A,28,a2e1ffff5d5cccf9d2b4fbdd6afad8eb59b6c8149324958f62dc9a61c925402f,1,10K-V2-XC-003
245459,BOBS,2026,10-K,0001628280-26-019015,Item_1A,29,810ac332bc8d9c94da1617e03e88585b52b7fd3e041ba76a7a03080f754ed93e,1,10K-V2-XC-003
245460,BOBS,2026,10-K,0001628280-26-019015,Item_1A,30,6e5c3f12b7147d46fc400b23dab09c6cbfd72622c7a5a22575fdc41b537464ef,1,10K-V2-XC-003
245461,BOBS,2026,10-K,0001628280-26-019015,Item_1A,31,da9de40be9065bbe50c802d8d35fd5d7d7f6c4d5286687e87507031e23de1e1d,1,10K-V2-XC-003
245462,BOBS,2026,10-K,0001628280-26-019015,Item_1A,32,7048ecb495209ce859e9f69d53b19193315fa8b013c31249f414aed3b421c045,1,10K-V2-XC-003
245463,BOBS,2026,10-K,0001628280-26-019015,Item_1A,33,7f8b482f0091fc560409cb059e4548d6ad31d1aed855f5875acd518961b62906,1,10K-V2-XC-003
245464,BOBS,2026,10-K,0001628280-26-019015,Item_1A,34,83994363da28be639348a356f62adef39204805b52af27c58fcdce9fb1a80e2d,1,10K-V2-XC-003
245465,BOBS,2026,10-K,0001628280-26-019015,Item_1A,35,844a2b62793dd25e87679e01db8642577528b0ad499652f6d2b017d865151988,1,10K-V2-XC-003
245466,BOBS,2026,10-K,0001628280-26-019015,Item_1A,36,c3b166bed60eb300543d6bf0bd7675cae2d3496807fef302922f98fa1590820f,1,10K-V2-XC-003
245467,BOBS,2026,10-K,0001628280-26-019015,Item_1A,37,cf7a9968faba6af3e820c2d75fcee9c12aa3fd87b38984fd5de05a311550ad85,1,10K-V2-XC-003
245468,BOBS,2026,10-K,0001628280-26-019015,Item_1A,38,87640713f389d98b08643aa1e6657618c5fcee1eca2aab46e015ccecd48d7944,1,10K-V2-XC-003
245469,BOBS,2026,10-K,0001628280-26-019015,Item_1A,39,1df6e88fa02c602f25f81a996e22410b8305280be75d2cf7550885e063a8e4b8,1,10K-V2-XC-003
245470,BOBS,2026,10-K,0001628280-26-019015,Item_1A,40,1f62fde09ba3d46eb64d29ef3bd9ef34adb7ff5222e9f79ea2882b5e2cef5636,1,10K-V2-XC-003
245471,BOBS,2026,10-K,0001628280-26-019015,Item_1A,41,2ab5f7fa27ced39eaab6c30ba0e92a9def438e8a54f2a98eed679e717d585204,1,10K-V2-XC-003
245472,BOBS,2026,10-K,0001628280-26-019015,Item_1A,42,e93dd82f393d3b6fdf44eb3caf50052bb0887af099dae6e9ea10c3db61e49194,1,10K-V2-XC-003
245473,BOBS,2026,10-K,0001628280-26-019015,Item_1A,43,94eccd9450ed369420c101d509352e834dd7ce3904c6c25c658414fbe0e70cf3,1,10K-V2-XC-003
245474,BOBS,2026,10-K,0001628280-26-019015,Item_1A,44,21d9892376d313bb017dc931cdd795d0ed6105d07357a207306f4383ec16c759,1,10K-V2-XC-003
245475,BOBS,2026,10-K,0001628280-26-019015,Item_1A,45,cc8be46779953816009c3fddd149a7b8616b7266aef452e0b9afeed6169da893,1,10K-V2-XC-003
245476,BOBS,2026,10-K,0001628280-26-019015,Item_1A,46,298069ff892e5e50e7772737ba2ae1fca2d8e6be74d85c6479dcac715db2a09f,1,10K-V2-XC-003
245477,BOBS,2026,10-K,0001628280-26-019015,Item_1A,47,a11b9b2e1c08b0a46cfefd9dd49c89d60a5f0a2259a2a283819f492001e870bc,1,10K-V2-XC-003
245478,BOBS,2026,10-K,0001628280-26-019015,Item_1A,48,cd3a9bde5a2260529b667bf844ac9a85a557ed9d8bacb119f01d552cceeb4b66,1,10K-V2-XC-003
245479,BOBS,2026,10-K,0001628280-26-019015,Item_1A,49,c20b83ae64a0719d7958535e9fcd208cf9eeb769633dce3769699d96e29369e8,1,10K-V2-XC-003
245480,BOBS,2026,10-K,0001628280-26-019015,Item_1A,50,b731deddd5c727b2c889f657de1c05d5ef57a209bd4a78c0f96a92c2dd5f0575,1,10K-V2-XC-003
245481,BOBS,2026,10-K,0001628280-26-019015,Item_1A,51,732ead4afec3512eedb035211fdb8c521b19219ff625589574bded50575f1cc7,1,10K-V2-XC-003
245482,BOBS,2026,10-K,0001628280-26-019015,Item_1A,52,3db9b291512e697a87f3aa3da48180dc7035949da3c488bf8fcee4687f308f3d,1,10K-V2-XC-003
245483,BOBS,2026,10-K,0001628280-26-019015,Item_1A,53,196801131e901617cb445999afc30744dc39b1c00a0a215b864c253cbcaa8b70,1,10K-V2-XC-003
245484,BOBS,2026,10-K,0001628280-26-019015,Item_1A,54,b611a212b2c747107b1bebe5764d057e3ad0cbaaaa4fe295ca6c71fb242bd4dd,1,10K-V2-XC-003
245485,BOBS,2026,10-K,0001628280-26-019015,Item_1A,55,cf290211959982920e0f7f4deb81041943aee40713daec2dd96c96e0cba1fb90,1,10K-V2-XC-003
246158,BRLT,2026,10-K,0001628280-26-018794,Item_1A,0,6558504d637ff8b890c5743637deb44e6b266b75c4d55ef7bf4b43f5c5e8f120,1,10K-V2-I1A-001
246159,BRLT,2026,10-K,0001628280-26-018794,Item_1A,1,0389af364a437647b082b58212086459b16b039985039582b07d28507ac8683f,1,10K-V2-I1A-001
246160,BRLT,2026,10-K,0001628280-26-018794,Item_1A,2,001a3c5f4b520ea97e2c51d1b3b4180685e7c393b1dc6bd3d6c18554764adeea,1,10K-V2-I1A-001
246161,BRLT,2026,10-K,0001628280-26-018794,Item_1A,3,e4e5099f1da2af98621a14c50e19768f81345eeb80310fd353d94373a2f06483,1,10K-V2-I1A-001
246162,BRLT,2026,10-K,0001628280-26-018794,Item_1A,4,7073b2f06f7a175f082df3ede67c2294fdb998c12975d48dd72de01ccb17d5b9,1,10K-V2-I1A-001
246163,BRLT,2026,10-K,0001628280-26-018794,Item_1A,5,b413abf09e86d61f1985048e664a0992dfa3fed7b4b4d27c05f9c68198ae9557,1,10K-V2-I1A-001
246164,BRLT,2026,10-K,0001628280-26-018794,Item_1A,6,5b6517ce39ed2e48fb1762b726d1771f01dff72ae26052c7ffe7ac64eb99dc83,1,10K-V2-I1A-001
246165,BRLT,2026,10-K,0001628280-26-018794,Item_1A,7,fbe9085e841e3cf7db515b84260b8a287df99c2da88b3ced1d562e6e860a43e3,1,10K-V2-I1A-001
246166,BRLT,2026,10-K,0001628280-26-018794,Item_1A,8,86a827008f20ca1c8af73eae0f927e99345bec1abc60c866f356df9fbe2101ec,1,10K-V2-I1A-001
246167,BRLT,2026,10-K,0001628280-26-018794,Item_1A,9,3f899a22d4eca4a2e0b23db9ecaf1b96ba0868a41f14c43be9cb365aa240c3d7,1,10K-V2-I1A-001
246168,BRLT,2026,10-K,0001628280-26-018794,Item_1A,10,08fd909c2b7709b7510ad08909f7d013e83b6f87a2948f419aa81195ae60d88b,1,10K-V2-I1A-001
246169,BRLT,2026,10-K,0001628280-26-018794,Item_1A,11,ca5b9135170dfef541de28d240a6c3eda143ac81efba73bee9c12a4b4c96560d,1,10K-V2-I1A-001
246170,BRLT,2026,10-K,0001628280-26-018794,Item_1A,12,9dfd3986f8cddaab11cdbd08ef1fe3fd3961c4da83fada01271fd5f86952430a,1,10K-V2-I1A-001
246171,BRLT,2026,10-K,0001628280-26-018794,Item_1A,13,00742f97f477da9e348417bdc06b25e5e8874d591c5e487c0ad5b961f1608eaa,1,10K-V2-I1A-001
246172,BRLT,2026,10-K,0001628280-26-018794,Item_1A,14,4c7b0e82b9f3992fdd550d0e3b59954bf8b56004dcb9ff52333e3756abea644f,1,10K-V2-I1A-001
246173,BRLT,2026,10-K,0001628280-26-018794,Item_1A,15,848f0b5fbf6e35799a8b5daf065a49f026301fbb99245427b769d8b43bac8375,1,10K-V2-I1A-001
246174,BRLT,2026,10-K,0001628280-26-018794,Item_1A,16,feee0a09476d32a3f37ce28fb2ca7a0ef85f1c53f0ded40b4f0d79f98db36926,1,10K-V2-I1A-001
246175,BRLT,2026,10-K,0001628280-26-018794,Item_1A,17,c20ec172f78988338e8dd677fa854b6c8f4cdd7adf2034534338dfe895b1e351,1,10K-V2-I1A-001
246176,BRLT,2026,10-K,0001628280-26-018794,Item_1A,18,03d12a4778c632483895172d25550cb4b24d623539e54f1f9e6c078b622f5b1f,1,10K-V2-I1A-001
246177,BRLT,2026,10-K,0001628280-26-018794,Item_1A,19,d25d2a75f71ee6af57f8eb7033de9f50260155c7fab8166add7885043536c818,1,10K-V2-I1A-001
246178,BRLT,2026,10-K,0001628280-26-018794,Item_1A,20,f3648dc7d861f99b42791b008178015f3aeb9ca62ede2dad15d3826395699ac0,1,10K-V2-I1A-001
246179,BRLT,2026,10-K,0001628280-26-018794,Item_1A,21,23c27d796fbaf168e46820fd9abfd5677f407929dd0c027d7d8b83e72b4c1a38,1,10K-V2-I1A-001
246180,BRLT,2026,10-K,0001628280-26-018794,Item_1A,22,e339fef7d26938818356a16bbab791994328b44ed133ec407b179d8082873dd2,1,10K-V2-I1A-001
246181,BRLT,2026,10-K,0001628280-26-018794,Item_1A,23,4113c7ee03fda2316916bd088b81e3ffa6bf93e64c398f0bd3464761c25f80e1,1,10K-V2-I1A-001
246182,BRLT,2026,10-K,0001628280-26-018794,Item_1A,24,5708adf32e8221b74bc5b4b88ee00cfbc8c08d6328af5230cbd99262c976bbbf,1,10K-V2-I1A-001
246183,BRLT,2026,10-K,0001628280-26-018794,Item_1A,25,b9542ea1c3e61dd6447a98df9edcd9ee20d6bff6c9f382f99319052a35028f47,1,10K-V2-I1A-001
246184,BRLT,2026,10-K,0001628280-26-018794,Item_1A,26,f28e06bb9bba31f3d5b1dd2e92ea1f3b4efd886d7895f83e190822b7b532bc44,1,10K-V2-I1A-001
246185,BRLT,2026,10-K,0001628280-26-018794,Item_1A,27,1dab83f75dbd9fbf72f6eacc461c26edc8776da8163bde48fb84106bb4722b3e,1,10K-V2-I1A-001
246186,BRLT,2026,10-K,0001628280-26-018794,Item_1A,28,5d3e8559b5f7a99fdcbd377f9188614b72ba20c9f1dbc0206d56cb89e2ee62d8,1,10K-V2-I1A-001
246187,BRLT,2026,10-K,0001628280-26-018794,Item_1A,29,2ee82127446b009694821f5cb9529c26601e95d3b1268a27d41a00a62bd00c92,1,10K-V2-I1A-001
246188,BRLT,2026,10-K,0001628280-26-018794,Item_1A,30,8a86260bb71608811906edbf07756bde42740ae9f673e718b83bea9c3d94c0dc,1,10K-V2-I1A-001
246189,BRLT,2026,10-K,0001628280-26-018794,Item_1A,31,5ae793c3868096f87cd637bd5e8a9e414a9ba174a637c59f150443a1fc871cf0,1,10K-V2-I1A-001
246190,BRLT,2026,10-K,0001628280-26-018794,Item_1A,32,214e01e0cbd6fbac9fa603ea2a7c754eb2825bb384ee9c085cf53518708bae15,1,10K-V2-I1A-001
246191,BRLT,2026,10-K,0001628280-26-018794,Item_1A,33,4080ea6cf790b5b50f2e30ce8e2bdb3ac2d6b2d823a58a90032370ef11e64024,1,10K-V2-I1A-001
246192,BRLT,2026,10-K,0001628280-26-018794,Item_1A,34,583c2cc0bbebffac7cec1a482b1d691d24c6976e1f1769faa8c9568b9abdca1c,1,10K-V2-I1A-001
246193,BRLT,2026,10-K,0001628280-26-018794,Item_1A,35,f4ba6d2df1750ba635b228d5254709376cd4b6c8d1d492e3814160367a9d93c9,1,10K-V2-I1A-001
246194,BRLT,2026,10-K,0001628280-26-018794,Item_1A,36,cc86d473102cb66fdbd3702ae214036b72d52db110e87b95d0fedc535e05ef5c,1,10K-V2-I1A-001
246195,BRLT,2026,10-K,0001628280-26-018794,Item_1A,37,403cda62c701ffae2613d59bbea7315ab39f137dbd7c3d3a65b8a6636b3fa7d0,1,10K-V2-I1A-001
246196,BRLT,2026,10-K,0001628280-26-018794,Item_1A,38,e36dd30f15cba2d5f0010528e7fb486599b6e0814882fac6c574608a523c73cb,1,10K-V2-I1A-001
246197,BRLT,2026,10-K,0001628280-26-018794,Item_1A,39,cf190d91dd251c1244d61e52c0b1c5556448941711c72dabc18a45a89c4a1afb,1,10K-V2-I1A-001
246198,BRLT,2026,10-K,0001628280-26-018794,Item_1A,40,1d99aa451136adf8398cf8e285c42e716429ada8839234df688d1af16eb17d0b,1,10K-V2-I1A-001
246199,BRLT,2026,10-K,0001628280-26-018794,Item_1A,41,961862f9b8d59747ef2fb8f79c629e5e92a7ed6699f644942f50400364a55e8c,1,10K-V2-I1A-001
246200,BRLT,2026,10-K,0001628280-26-018794,Item_1A,42,b439a8ee0533f478e59208fbc2b426ea7149d648abb11831517787e7ba58ea2d,1,10K-V2-I1A-001
246201,BRLT,2026,10-K,0001628280-26-018794,Item_1A,43,a69c113aa61cfe65e95599f37b94083fb6182b30962c0e10e6f2054298855b69,1,10K-V2-I1A-001
246202,BRLT,2026,10-K,0001628280-26-018794,Item_1A,44,e1b657e60f070d2288b24651dbc6458f3640b61e15d47d620ad70d1d66675fd7,1,10K-V2-I1A-001
246203,BRLT,2026,10-K,0001628280-26-018794,Item_1A,45,a43453fff8971528958660d44ab85d29a3872f1c47a41417e98f135dfd6c1ff6,1,10K-V2-I1A-001
246204,BRLT,2026,10-K,0001628280-26-018794,Item_1A,46,933550c7fc36676416ef07340836ec62a642958d2d91a017d58f09228c84fd20,1,10K-V2-I1A-001
246205,BRLT,2026,10-K,0001628280-26-018794,Item_1A,47,511be13fd5e729948b95abbb8cb016aa702b1c4be1fb247c75e3c702613bf543,1,10K-V2-I1A-001
246206,BRLT,2026,10-K,0001628280-26-018794,Item_1A,48,bfe8ccc4f090b6787d5e3c81437574a3510f3433cb1811fcaea73ed1c4c2ca29,1,10K-V2-I1A-001
246207,BRLT,2026,10-K,0001628280-26-018794,Item_1A,49,8fcc10459442ce2ffa8dc1f0f6574ed222045e817c748f94b41929e7a4e778dd,1,10K-V2-I1A-001
246208,BRLT,2026,10-K,0001628280-26-018794,Item_1A,50,2ebe3df47657c3aeeab82856fff1dad71b51ad58731ce5f62a280b392444dbdc,1,10K-V2-I1A-001
246209,BRLT,2026,10-K,0001628280-26-018794,Item_1A,51,0e73adc3bdc4e7e59c837f4ccebcada41ecb3aec64b96dac5b19cf5129bef811,1,10K-V2-I1A-001
246210,BRLT,2026,10-K,0001628280-26-018794,Item_1A,52,d768ec54eba8baf4badf0847c60cd0c3b2d14f3aca2c4c2868fbc404df0d6057,1,10K-V2-I1A-001
246211,BRLT,2026,10-K,0001628280-26-018794,Item_1A,53,639c95bcb900509e4110dd2e92b48c9df268c4e1c233f9e0e7039b48d14bbf8b,1,10K-V2-I1A-001
246212,BRLT,2026,10-K,0001628280-26-018794,Item_1A,54,e1afde1f57b6e5b69eba0f912c91d13509911ab1c1b64921cfbc9d4b70ae76fa,1,10K-V2-I1A-001
246213,BRLT,2026,10-K,0001628280-26-018794,Item_1A,55,866d7bde816d2ebc997011cd6b6c824cfcbcf9fa79b6d0cdfee02e44cfedbd6f,1,10K-V2-I1A-001
246214,BRLT,2026,10-K,0001628280-26-018794,Item_1A,56,c30a84cf57717012d209686dbcf2390a62cfd8b9acbb051b4808ba01eeb39e5b,1,10K-V2-I1A-001
246215,BRLT,2026,10-K,0001628280-26-018794,Item_1A,57,b65d23934e50fd4daa4d84c33ddb27abec95b0617e8beef46072d64cd8f2350e,1,10K-V2-I1A-001
246216,BRLT,2026,10-K,0001628280-26-018794,Item_1A,58,c5bd960c34d200b1d265644f0d4d5d6e7323e2f6500815ae774f132f74266f8b,1,10K-V2-I1A-001
246217,BRLT,2026,10-K,0001628280-26-018794,Item_1A,59,3a3b2ed3a5e88f19d2a756abed7468a225acc8905a0995f3f1a7a9faa19f6a5e,1,10K-V2-I1A-001
246218,BRLT,2026,10-K,0001628280-26-018794,Item_1A,60,08eb873c195bbd9f085e4a4e93a8938b032f29294431fe56ab14614efebe3872,1,10K-V2-I1A-001
246219,BRLT,2026,10-K,0001628280-26-018794,Item_1A,61,9586bc0af60cf5db11757dc320c7d44b1bd357d1c4a71d99c0a849cde07e32da,1,10K-V2-I1A-001
246220,BRLT,2026,10-K,0001628280-26-018794,Item_1A,62,961bee23a4dce048cedc727cb406e13cc09f942849439a58d550fcc4fed9a370,1,10K-V2-I1A-001
246221,BRLT,2026,10-K,0001628280-26-018794,Item_1A,63,6f42c5b10359726fc37d4d3df7e43a661043375fe61330f2d7dbbb246b1d3bd8,1,10K-V2-I1A-001
246222,BRLT,2026,10-K,0001628280-26-018794,Item_1A,64,30e0fdfabacdf9058d85ff1d3a4d2f3f8952983bc05d95ae3dfb83ac8edc2197,1,10K-V2-I1A-001
246223,BRLT,2026,10-K,0001628280-26-018794,Item_1A,65,5c5250c2cdada0a2d32547b987be0cf6c2b0d6ac6baad798a69445e8541aff43,1,10K-V2-I1A-001
246224,BRLT,2026,10-K,0001628280-26-018794,Item_1A,66,ca8a6bbb51cd5d57588ab884d3cfbd6b089b8a491371758a531b1647bbe1553a,1,10K-V2-I1A-001
246225,BRLT,2026,10-K,0001628280-26-018794,Item_1A,67,2a2448e3191f0766d59c9716f4ae0bd3875282d1e6775181887747cc39e362fc,1,10K-V2-I1A-001
246226,BRLT,2026,10-K,0001628280-26-018794,Item_1A,68,acac9644a676329e3330d7f0fa322e50fc1fe78f8630a59cd1fb4488c7308c86,1,10K-V2-I1A-001
246227,BRLT,2026,10-K,0001628280-26-018794,Item_1A,69,93662d24048cfb2a2e0017a19b9a1c3266fc11864c73235e2da85aa4c51a935b,1,10K-V2-I1A-001
246228,BRLT,2026,10-K,0001628280-26-018794,Item_1A,70,1a8cd34f37be74b9891487bef7c575c89b950ab876283386aad70ef308e863e9,1,10K-V2-I1A-001
246229,BRLT,2026,10-K,0001628280-26-018794,Item_1A,71,0179a9390b085a83eeb779de3352eda4f70f5c03b3ed699f57afc4e62fc4a14d,1,10K-V2-I1A-001
246230,BRLT,2026,10-K,0001628280-26-018794,Item_1A,72,d738e5044a95fb50fbbfcc185ef571892213039ee4738692da5b3fbd21b6e50e,1,10K-V2-I1A-001
246231,BRLT,2026,10-K,0001628280-26-018794,Item_1A,73,d18020e6d8cc58eecdae5e3145cad68c470e6bc3b5f485a0c6faca22c37d2357,1,10K-V2-I1A-001
246232,BRLT,2026,10-K,0001628280-26-018794,Item_1A,74,686ceb24f583cc60c8bc70efa7ceea75eaac4b0d1a2618447c868525802729a9,1,10K-V2-I1A-001
246233,BRLT,2026,10-K,0001628280-26-018794,Item_1A,75,73c61f9a1d0e73fbc017db0b57bb8fa79f4cbfedb93bc07668e6d8454b373ab5,1,10K-V2-I1A-001
246234,BRLT,2026,10-K,0001628280-26-018794,Item_1A,76,6fc7046588e8faa4173d5296f16606d490aa78bf5ccf837496d6f03a3fb5858c,1,10K-V2-I1A-001
246235,BRLT,2026,10-K,0001628280-26-018794,Item_1A,77,96a3cd5af58d5bb6811df2a73e0dd49cf2c686157cb38a0d88cfc54ee53c088e,1,10K-V2-I1A-001
246236,BRLT,2026,10-K,0001628280-26-018794,Item_1A,78,fadd933804a3cf2b044e1d3291008b8f477a4ff07bfdf5da91a927d6b8bd649b,1,10K-V2-I1A-001
246237,BRLT,2026,10-K,0001628280-26-018794,Item_1A,79,bba80cee3e2e4845d8a3c33aa7d9990d657ef20007cf8aae84761a58044de1fa,1,10K-V2-I1A-001
246238,BRLT,2026,10-K,0001628280-26-018794,Item_1A,80,54e262b78014d3d22ba88a04f94e9611f115631ca480c9897dac351478763ebf,1,10K-V2-I1A-001
246239,BRLT,2026,10-K,0001628280-26-018794,Item_1A,81,11b12562288c12d46bbafc4ad8d785be0493020cb92aa05476c38bfc807a6a96,1,10K-V2-I1A-001
246240,BRLT,2026,10-K,0001628280-26-018794,Item_1A,82,9c6f1f9612d6c2d726129ec43117ea1a0c64576a4354429daa4778d4fcfe3bde,1,10K-V2-I1A-001
255410,CROX,2026,10-K,0001334036-26-000006,Item_1A,0,9a9880718c925645c31213dfc9de23d787fe2f9276cab8a5d385da5282178d54,1,10K-V2-I1A-004
255411,CROX,2026,10-K,0001334036-26-000006,Item_1A,1,6b96d09bcb33b386193643108ad089afb6944dd1fb7eba6727936c67bffa769b,1,10K-V2-I1A-004
255412,CROX,2026,10-K,0001334036-26-000006,Item_1A,2,39879c2923bd25da841ef1c907fb0c8e12006060c4e892aa3cacaf5749cb27d2,1,10K-V2-I1A-004
255413,CROX,2026,10-K,0001334036-26-000006,Item_1A,3,1af23d46e89b7b1ada0e5d28c59db431dff7263fd3a55eeaf605c3d7e5816eac,1,10K-V2-I1A-004
255414,CROX,2026,10-K,0001334036-26-000006,Item_1A,4,0a3e0f80f8e570c926abd85a2400c24b51cae8851adfb24be4fc0516949688f7,1,10K-V2-I1A-004
255415,CROX,2026,10-K,0001334036-26-000006,Item_1A,5,b43ab084dc1672b0dc36cf6b4b169db87c19faccef0ff053de03dea55d90ae44,1,10K-V2-I1A-004
255416,CROX,2026,10-K,0001334036-26-000006,Item_1A,6,594898baf11b98a480722e3e3cd7ee9ed4469fe39ab5d74929a66a16678f2d3e,1,10K-V2-I1A-004
255417,CROX,2026,10-K,0001334036-26-000006,Item_1A,7,fcd63cfebf1c2917f98438beb94073b55cf313626193384c4f0b992623546d1e,1,10K-V2-I1A-004
255418,CROX,2026,10-K,0001334036-26-000006,Item_1A,8,09ab922db426e62f841457c58153bb3857d5916145266c4f8eeddb756f1d323e,1,10K-V2-I1A-004
255419,CROX,2026,10-K,0001334036-26-000006,Item_1A,9,c0629259ca052c56dc96c19236a6034421873da097e75f45239ddea992fa7a1e,1,10K-V2-I1A-004
255420,CROX,2026,10-K,0001334036-26-000006,Item_1A,10,e376883cbc4fc767b6dbd72ce146389b35a19206fb3aba2cea85e10ab87313ad,1,10K-V2-I1A-004
255421,CROX,2026,10-K,0001334036-26-000006,Item_1A,11,eac9068236a7372ffc4b5d015a6e02b22a68e82a4c34bf03c0eb8939d3d52d6f,1,10K-V2-I1A-004
255422,CROX,2026,10-K,0001334036-26-000006,Item_1A,12,144c3e671cd0fd9911bd785c8cb2a898a18250274105081303ae0d79e0cb9101,1,10K-V2-I1A-004
255423,CROX,2026,10-K,0001334036-26-000006,Item_1A,13,c131f9c800275977875a2d515968411937971e3dbcb5ce6fa2668c3865ae8f0e,1,10K-V2-I1A-004
255424,CROX,2026,10-K,0001334036-26-000006,Item_1A,14,8a5be7e70f8b3bd8ed96c47dac6372a8d7a5f4a7b4bfd80f59d6c60b56ddcf54,1,10K-V2-I1A-004
255425,CROX,2026,10-K,0001334036-26-000006,Item_1A,15,dac015956c05b85ba75d93f4741988962f5b8a7c9fca774c775ea47a617357dd,1,10K-V2-I1A-004
255426,CROX,2026,10-K,0001334036-26-000006,Item_1A,16,83cae7c05f7717258db139fac30c8e854f201d83409bea80012d956114561011,1,10K-V2-I1A-004
255427,CROX,2026,10-K,0001334036-26-000006,Item_1A,17,c3db15ed3b41562a0f2519eb3767cffc2589d44ba699d2a677e21dfb515f2fc5,1,10K-V2-I1A-004
255428,CROX,2026,10-K,0001334036-26-000006,Item_1A,18,b68e4368184fb7155ed281fb128f0b8979525aeb03d0f5db769d851ee260dbe3,1,10K-V2-I1A-004
255429,CROX,2026,10-K,0001334036-26-000006,Item_1A,19,bf84d970cbfa5e21d44210515e8bd4036d8e4743ea5b4393a26556847191b73d,1,10K-V2-I1A-004
255430,CROX,2026,10-K,0001334036-26-000006,Item_1A,20,57f12a76a0b0a99be947f8d376fc6dd41ef0a043550390d9243876446dea11b1,1,10K-V2-I1A-004
255431,CROX,2026,10-K,0001334036-26-000006,Item_1A,21,c90d0fdc65b042802a7a843437f5a7110d0cbdf5c2850052ad6cda0cd54e1f21,1,10K-V2-I1A-004
255432,CROX,2026,10-K,0001334036-26-000006,Item_1A,22,749de92736d6be1cc7d814059d01266866af6a920fdd97d5ab5a35fd89555952,1,10K-V2-I1A-004
255433,CROX,2026,10-K,0001334036-26-000006,Item_1A,23,4bb39f72139faa5689d4fd3f39d2ad8c563db59b60d656e4a70f0eec54cb147e,1,10K-V2-I1A-004
255434,CROX,2026,10-K,0001334036-26-000006,Item_1A,24,54746b06c95fefa972fade0b9f6a97d9b2e885621208034e047d2988e6593882,1,10K-V2-I1A-004
255435,CROX,2026,10-K,0001334036-26-000006,Item_1A,25,3bc7ee82b9a5cad925b18fedc59cae1cceb2ccaed18572963fd1e3160a0e9ed3,1,10K-V2-I1A-004
255436,CROX,2026,10-K,0001334036-26-000006,Item_1A,26,9c85d4e33bf242fce6b8cc2259bfe712e07c9efe1a8561f5ed418f01d2ecc78d,1,10K-V2-I1A-004
255437,CROX,2026,10-K,0001334036-26-000006,Item_1A,27,438f0f886c6be51c41e79e9c5c95633f9fb401c1b58cd4bfbf8c0ecd4bd5bd3d,1,10K-V2-I1A-004
255438,CROX,2026,10-K,0001334036-26-000006,Item_1A,28,1e8094191aa15c6c1cef0fa86541f83356727757d96cf6b1a5f6913154abc951,1,10K-V2-I1A-004
255439,CROX,2026,10-K,0001334036-26-000006,Item_1A,29,276d9b91469aeec63a92412a7b1262f33210ef3734fb2ec47cfd05e9dfb489b3,1,10K-V2-I1A-004
255440,CROX,2026,10-K,0001334036-26-000006,Item_1A,30,02811190493bd492080fecfc5a45d7f46d213f5658f4436fe9ae1f152c1dcae8,1,10K-V2-I1A-004
255441,CROX,2026,10-K,0001334036-26-000006,Item_1A,31,33aac1e7c9d6b973fae151e3e2672676cedde2893ea6facf721f1e57224c569e,1,10K-V2-I1A-004
255442,CROX,2026,10-K,0001334036-26-000006,Item_1A,32,f88a6baa8d598badc68ee8d25e1c90b3c3781ed9902a0a80e3b64365ec5fb00d,1,10K-V2-I1A-004
255443,CROX,2026,10-K,0001334036-26-000006,Item_1A,33,9228ebd7f97774839a1ead20e3040f755d38e094f42c249c8fddd97566c7f7d2,1,10K-V2-I1A-004
255444,CROX,2026,10-K,0001334036-26-000006,Item_1A,34,cb3eb5d04ef8c93f85790eb93e2d7e5d057f6ca2a9ea420f1f3247af5bf01a3d,1,10K-V2-I1A-004
255445,CROX,2026,10-K,0001334036-26-000006,Item_1A,35,ef653f186692c3bcd8fa9e7e580c4409b15bb6557e29770f5d692bed96447e8b,1,10K-V2-I1A-004
255446,CROX,2026,10-K,0001334036-26-000006,Item_1A,36,adaa625097138309259e44210e92aee02245c781c5fe8bfa8d67e5427c89b17a,1,10K-V2-I1A-004
255447,CROX,2026,10-K,0001334036-26-000006,Item_1A,37,94b0cdbec5acf5ffadc14126c2ccd3c5251fa51f8a5ddaf1f95aa42ffb7f105e,1,10K-V2-I1A-004
255448,CROX,2026,10-K,0001334036-26-000006,Item_1A,38,e4fb453ce172ca08defd7061df504d60be69be21b66cb6be710c7174126ac26a,1,10K-V2-I1A-004
255449,CROX,2026,10-K,0001334036-26-000006,Item_1A,39,1ff220b2798d54e46a4fb79cc41c985f8d401d9f02efe1be3ceaa993a4d9d6f6,1,10K-V2-I1A-004
255450,CROX,2026,10-K,0001334036-26-000006,Item_1A,40,c02f7ff789e2abb90cc0de27682ba3d1a3b80e5b6432e938d43ac6ddddaf04a4,1,10K-V2-I1A-004
255451,CROX,2026,10-K,0001334036-26-000006,Item_1A,41,74289e78504d2d377e28a8e1b01e4744e3c9f639b6a724e3906e91e18f9e39aa,1,10K-V2-I1A-004
255452,CROX,2026,10-K,0001334036-26-000006,Item_1A,42,ea984c6f4d7a0db42aa90b404ac25e754d3be002bf67a4916e4fe5e8fa73c668,1,10K-V2-I1A-004
255453,CROX,2026,10-K,0001334036-26-000006,Item_1A,43,c07bb26bdd977878454a1a50114da39520858e93dc18bc075dffacb2762d88e1,1,10K-V2-I1A-004
255454,CROX,2026,10-K,0001334036-26-000006,Item_1A,44,541d8c103a96cdf48a0c74fadc49b224251591c36f8c55d88801f8434871f42c,1,10K-V2-I1A-004
255455,CROX,2026,10-K,0001334036-26-000006,Item_1A,45,2aa51f11188e8ab1c038c84a0618fb4a18b7858795ac27b324b209dc0858144f,1,10K-V2-I1A-004
255456,CROX,2026,10-K,0001334036-26-000006,Item_1A,46,1e081a65a6db450c1996292ca5db291522c3ee8012da4d8e8cecb9176ae6f24f,1,10K-V2-I1A-004
255457,CROX,2026,10-K,0001334036-26-000006,Item_1A,47,2c715b42ef50686be283c4b56b5d516f64e3ac94882c78d962398bf608606b77,1,10K-V2-I1A-004
256261,CURV,2025,10-K,0001628280-25-015891,Item_7,0,00303d11720e4aee93fad5229bf3bd902093ac0c085cecb1989b004deb5229e7,1,10K-V2-I7-001
256262,CURV,2025,10-K,0001628280-25-015891,Item_7,1,9671691bc53d7e805aa2cad5445e8e5df11767bdfc2f8a33469f47502419a360,1,10K-V2-I7-001
256263,CURV,2025,10-K,0001628280-25-015891,Item_7,2,b258a87dc706598292f3ec3c417932faa84bbcd1c12daac48bdd126439dbdc6d,1,10K-V2-I7-001
256264,CURV,2025,10-K,0001628280-25-015891,Item_7,3,10dc820046a49bcd2eb6f05435ee594862a5d3ff573de7ea00e6c740b446afc2,1,10K-V2-I7-001
256265,CURV,2025,10-K,0001628280-25-015891,Item_7,4,abf60f3bde8f74eb23a201e9cc5afcd593860d6e39f7af14f92d6a694e9d77e7,1,10K-V2-I7-001
256266,CURV,2025,10-K,0001628280-25-015891,Item_7,5,bc72e3c1286c1d4d7c60cd8762630d3460c8794d02efd0cceee020a1fd330b85,1,10K-V2-I7-001
256267,CURV,2025,10-K,0001628280-25-015891,Item_7,6,1e33e815b82fc89cab3008b4a9de7351e9a1ade47ed624989ad22a59b7c55315,1,10K-V2-I7-001
256268,CURV,2025,10-K,0001628280-25-015891,Item_7,7,f8cab460e7a66b50063b0e334e54fd54b97816cd7e0ce1fa189ddf160a99103f,1,10K-V2-I7-001
256269,CURV,2025,10-K,0001628280-25-015891,Item_7,8,b6ba093b8eefa2a997c3f88f414051171335c08d1da9bfe6e3636c286beed465,1,10K-V2-I7-001
256270,CURV,2025,10-K,0001628280-25-015891,Item_7,9,f5587dab5d9e7107a60a3239d216a690cf4217eb2f40ba32d04858a100a7e007,1,10K-V2-I7-001
256271,CURV,2025,10-K,0001628280-25-015891,Item_7,10,e454f762c42f0282d1fcf873567dabd73d82cf7da25bcee2ae431aab132a6dab,1,10K-V2-I7-001
256272,CURV,2025,10-K,0001628280-25-015891,Item_7,11,5b42cd95c301df93d032ae98deb75964057152f02c6d1e116249b74638306d1f,1,10K-V2-I7-001
256273,CURV,2025,10-K,0001628280-25-015891,Item_7,12,a6b4720bf3c0b66b9befadbfb2d595e14aa81c5f951bc6e686efe435643b6746,1,10K-V2-I7-001
256274,CURV,2025,10-K,0001628280-25-015891,Item_7,13,a483d7befd6c8b0bbb05b5a70d48e8e0bd73fb5cef25dc0818edf178a3eb370e,1,10K-V2-I7-001
256275,CURV,2025,10-K,0001628280-25-015891,Item_7,14,16dd1588410b5422f1c3901a2c6998c78bdeb0e778f7b2f69917f6b8477bd332,1,10K-V2-I7-001
256276,CURV,2025,10-K,0001628280-25-015891,Item_7,15,d812e5802642ff865fd74740b1866337fecf2c16a795677299aafa72802aeb39,1,10K-V2-I7-001
256277,CURV,2025,10-K,0001628280-25-015891,Item_7,16,f119259da3bdff00f7d84faeb4b5f01068fdce43b9bfa6c270ab358708728d06,1,10K-V2-I7-001
256278,CURV,2025,10-K,0001628280-25-015891,Item_7,17,92f8c5fe64549ca778b88635b5b37829dfb978a4c54621a103209ed9ad9682bd,1,10K-V2-I7-001
256279,CURV,2025,10-K,0001628280-25-015891,Item_7,18,ef5ac7c77ea36078d932cf802f3c85d061a4bcac886edcaf8bfa9d59a943099b,1,10K-V2-I7-001
256280,CURV,2025,10-K,0001628280-25-015891,Item_7,19,faf1c58005c84c930fc5ebde58fd9f045435a1e0b1e7736bb3c48af27a1758cd,1,10K-V2-I7-001
256281,CURV,2025,10-K,0001628280-25-015891,Item_7,20,20b0d443e9e0faa4b84027ffef3349fd1c3b5f00e81eccef52a1bf4bfc8c1bad,1,10K-V2-I7-001
256282,CURV,2025,10-K,0001628280-25-015891,Item_7,21,a135eb2472b3304e64c28a3916eb2328b5f3dec2d3c841b0ef9ba85dbcf42dd3,1,10K-V2-I7-001
256283,CURV,2025,10-K,0001628280-25-015891,Item_7,22,6ec61c83ed95111ddd428769ed08754063d0ee1e4651a4542ec53d02c9964136,1,10K-V2-I7-001
256284,CURV,2025,10-K,0001628280-25-015891,Item_7,23,0123b357a945dc1875bde061ab5a9b7c199a0116c33587cece0ea4d474e6327e,1,10K-V2-I7-001
256285,CURV,2025,10-K,0001628280-25-015891,Item_7,24,c5e2a3c67e808cb87cee94ce8467658dbbeb294b326e66155a6ef74b0aee6037,1,10K-V2-I7-001
256286,CURV,2025,10-K,0001628280-25-015891,Item_7,25,ad9438204d248a1c17558adb468211ab4fdc5184e595b8c716dab62223da2cf3,1,10K-V2-I7-001
256287,CURV,2025,10-K,0001628280-25-015891,Item_7,26,7da5906f33b9239e122ce244d8a55664b51e0c41925266c612d082487733f259,1,10K-V2-I7-001
256288,CURV,2025,10-K,0001628280-25-015891,Item_7,27,8a9b42129ed6825912adeae807f41e9a2a78defa66d5e3986e2279e730f69e3c,1,10K-V2-I7-001
256289,CURV,2025,10-K,0001628280-25-015891,Item_7,28,35b42ca5158e8e818a2674b15dfcdc9d62382885532da4cfc7cf374f301dadb5,1,10K-V2-I7-001
256290,CURV,2025,10-K,0001628280-25-015891,Item_7,29,df8b798f0364c30768e8f689fe3d327224486d658013605fb8d0f8ea53a70c7c,1,10K-V2-I7-001
256291,CURV,2025,10-K,0001628280-25-015891,Item_7,30,8e4f8bad42ac25b5d2d2334e7936901383937ae57cae4fddd22f457793156404,1,10K-V2-I7-001
264509,DKS,2025,10-K,0001089063-25-000012,Item_1A,0,5e6862fdec8ed5f9f8626251c27954852ea4ba1bc3bd398fa2e570b38aa32b6b,1,10K-V2-XC-001
264510,DKS,2025,10-K,0001089063-25-000012,Item_1A,1,2c2af0833917f0aadd270b2e9804e15710321ed96396b3bd29d06e80c6a15e1c,1,10K-V2-XC-001
264511,DKS,2025,10-K,0001089063-25-000012,Item_1A,2,21d98eb1c5bd8d24dc75e8450471858cf2805126a7dd385506c43b7394d91516,1,10K-V2-XC-001
264512,DKS,2025,10-K,0001089063-25-000012,Item_1A,3,56377938c01cee846142e7e7b41e2e23bdf91b07b245030b84b6debd1ec1ca5a,1,10K-V2-XC-001
264513,DKS,2025,10-K,0001089063-25-000012,Item_1A,4,3cbed16cfa47c57ca9f154ec69084ede27fa88a7da86c24f6b67b8f5ca1598dd,1,10K-V2-XC-001
264514,DKS,2025,10-K,0001089063-25-000012,Item_1A,5,f004cab8b273a418ab25e72ec829dae883bb0f310dbd975348b487e344104bc7,1,10K-V2-XC-001
264515,DKS,2025,10-K,0001089063-25-000012,Item_1A,6,2919e83641c233f4b83bdcc5fa24aecc9a1159c30ee999fdb1ec08abc6d64a46,1,10K-V2-XC-001
264516,DKS,2025,10-K,0001089063-25-000012,Item_1A,7,1258a0ae25bd609644a787fc5f60ea2b19e0a1149c116a34554a821f52b8f62f,1,10K-V2-XC-001
264517,DKS,2025,10-K,0001089063-25-000012,Item_1A,8,9a99ae9682af000d296d9c8e9c9ee6fcdd4c83c24b26f0ecb8a46f1de9717bdc,1,10K-V2-XC-001
264518,DKS,2025,10-K,0001089063-25-000012,Item_1A,9,ff9440e93713afdf69fcd6c776bce544fe579c68e1110f8b4acaf7e31bdea315,1,10K-V2-XC-001
264519,DKS,2025,10-K,0001089063-25-000012,Item_1A,10,ab5c21cc0b7cb0e9ce24af23e289398428f46339300c30f136b39e3e84ba92e5,1,10K-V2-XC-001
264520,DKS,2025,10-K,0001089063-25-000012,Item_1A,11,a52141b5ee11e768f139de66d03452a249fb0b87f6bc351b2b9809f9f5c3f0ed,1,10K-V2-XC-001
264521,DKS,2025,10-K,0001089063-25-000012,Item_1A,12,44c3bcec6cead308ac3f3c3ecc522e98222e2aa816c4cbe2a63802d885700967,1,10K-V2-XC-001
264522,DKS,2025,10-K,0001089063-25-000012,Item_1A,13,d5be47f96d314acce4a011693fabb22929fb8837f27bedbd9db03f3ddbedbe46,1,10K-V2-XC-001
264523,DKS,2025,10-K,0001089063-25-000012,Item_1A,14,91beb7115e2943264497897aaed36b9eca669f477b9b27c8fd360801cc56b8f9,1,10K-V2-XC-001
264524,DKS,2025,10-K,0001089063-25-000012,Item_1A,15,24d4aba77afda963503e7c0a223f22127bf3d2f8f9a3d4d0ff1d0038cae5add6,1,10K-V2-XC-001
264525,DKS,2025,10-K,0001089063-25-000012,Item_1A,16,1ad5318730bda5570c5a59ad97d9a68bd57b1fc7e7342e235c71a6105575b784,1,10K-V2-XC-001
264526,DKS,2025,10-K,0001089063-25-000012,Item_1A,17,1301a03ba1d94bb5ef1c1914113e5c4eff7be5d12dacb25ee183fe8579b66419,1,10K-V2-XC-001
264527,DKS,2025,10-K,0001089063-25-000012,Item_1A,18,07f7d59ad047d9138c13a796fc287ce0ae67363daba364c4c744e82ad01a7635,1,10K-V2-XC-001
264528,DKS,2025,10-K,0001089063-25-000012,Item_1A,19,af95774f4465a4f5a885886305615d099ced7c2f689719dd5786a692ec8f322c,1,10K-V2-XC-001
264529,DKS,2025,10-K,0001089063-25-000012,Item_1A,20,d4ba0cd9067f053dfd28c2510d622891d5d8c33a2c657226ebcb68c5016320bd,1,10K-V2-XC-001
264530,DKS,2025,10-K,0001089063-25-000012,Item_1A,21,312842eb52d3747e4826089ccddcd68150b231fcf64ebe1a773af196c5e6d696,1,10K-V2-XC-001
264531,DKS,2025,10-K,0001089063-25-000012,Item_1A,22,96e3125d64a864dd7447a084610bc8a67da22e05d1c973eec055b9ced7d1338b,1,10K-V2-XC-001
264532,DKS,2025,10-K,0001089063-25-000012,Item_1A,23,db92643949dfb561ca5fa35fef499ba927f86a3eddc9bbb83c4d216b1c78fcad,1,10K-V2-XC-001
264533,DKS,2025,10-K,0001089063-25-000012,Item_1A,24,9a52152896ea08fa798355e5d8eb1f285fc215d46ec39bacee04b67d56d3a4fc,1,10K-V2-XC-001
264534,DKS,2025,10-K,0001089063-25-000012,Item_1A,25,e460809d2720452456aad26eb335d2220e371bdafe2d6ee7df0508beec143246,1,10K-V2-XC-001
266325,EBAY,2024,10-K,0001065088-24-000036,Item_1A,0,93012cda512bec608eacd5f73ed9f2c3cbbc2ae916d84870c9e773b72e54640e,1,10K-V2-TC-003
266326,EBAY,2024,10-K,0001065088-24-000036,Item_1A,1,ee8416f8480399e2dbe3682cd9529731998a09513743eeb33729b138b4c78f9f,1,10K-V2-TC-003
266327,EBAY,2024,10-K,0001065088-24-000036,Item_1A,2,830d8ba616337f5fcb1058818bde0ce34731a5f137a46ef95a54a5dd3dcf0570,1,10K-V2-TC-003
266328,EBAY,2024,10-K,0001065088-24-000036,Item_1A,3,8d50015f003283072875bb45905fa32928d1d4b1e71c80536e2bc02dd0e881a3,1,10K-V2-TC-003
266329,EBAY,2024,10-K,0001065088-24-000036,Item_1A,4,ce20f263acc128476e24444258c71609b594e352690561eee2c1fcc84ad8c3a8,1,10K-V2-TC-003
266330,EBAY,2024,10-K,0001065088-24-000036,Item_1A,5,6b5840efd7f9871778c276c087f722cdc0983e67c91c545bc1c43b32e8d8f87d,1,10K-V2-TC-003
266331,EBAY,2024,10-K,0001065088-24-000036,Item_1A,6,10cd16a24095c1857734472e1de465f5d0754689efc9a3e4252b97024bf2f53d,1,10K-V2-TC-003
266332,EBAY,2024,10-K,0001065088-24-000036,Item_1A,7,d71392d849c6e0829b62620fe21292dac62d7927e1566f69fe9a4d5bd651ae8c,1,10K-V2-TC-003
266333,EBAY,2024,10-K,0001065088-24-000036,Item_1A,8,48be1b7d495175c46262d80587a630a8018e58d778ad6078e7392d9d2530cbe3,1,10K-V2-TC-003
266334,EBAY,2024,10-K,0001065088-24-000036,Item_1A,9,3edbcc6b75a5194bcbd9d218b3ee10e72e4cd0f4d3c2c220c9d04b353854508e,1,10K-V2-TC-003
266335,EBAY,2024,10-K,0001065088-24-000036,Item_1A,10,3b5fbc1275f809b47995f02e915b71dd1560d056390751eec3055083967414fc,1,10K-V2-TC-003
266336,EBAY,2024,10-K,0001065088-24-000036,Item_1A,11,a9722bf6e11dae83c0ff3d82fa8d193e856e56e51920f4c432b5d26c1c602740,1,10K-V2-TC-003
266337,EBAY,2024,10-K,0001065088-24-000036,Item_1A,12,33435e4947db27a1e7028c94ae82c1373aa9d82680a95cbdb030909a1e23ea5f,1,10K-V2-TC-003
266338,EBAY,2024,10-K,0001065088-24-000036,Item_1A,13,69106f20847caa32223514eace3f7204f4b19add0c1479509288966b03656de3,1,10K-V2-TC-003
266339,EBAY,2024,10-K,0001065088-24-000036,Item_1A,14,ad396e31a4b8a0d6c24bc028b21a66b8c06994726324c36dc4e2afc1ade5ba46,1,10K-V2-TC-003
266340,EBAY,2024,10-K,0001065088-24-000036,Item_1A,15,80f3726541d9db9ad2355021d53000a8686f45f6bd13d4ea465d3cafa81c2ee2,1,10K-V2-TC-003
266341,EBAY,2024,10-K,0001065088-24-000036,Item_1A,16,0646719a69ac1c4955a8f4a1681f982612841d0a06df590478e8def5ba826f59,1,10K-V2-TC-003
266342,EBAY,2024,10-K,0001065088-24-000036,Item_1A,17,6a2d640223f1129638052e6efede1b6f5501e4dc191f2600b34f10608b9dafe6,1,10K-V2-TC-003
266343,EBAY,2024,10-K,0001065088-24-000036,Item_1A,18,1d4ed2a89933343399c4205a4c9ab61e1f3ab8138f3faccab9f694769d925507,1,10K-V2-TC-003
266344,EBAY,2024,10-K,0001065088-24-000036,Item_1A,19,3ff0ae928d731b0ae5020521d8dd673c831c26bb12f8aa54c0b4f41ff9e37f77,1,10K-V2-TC-003
266345,EBAY,2024,10-K,0001065088-24-000036,Item_1A,20,7c747bae318c6047cff6aa311ecfe0f67a188c11832e9c17f8f88d24cc7ea78d,1,10K-V2-TC-003
266346,EBAY,2024,10-K,0001065088-24-000036,Item_1A,21,9419a7338baccdc5e958a50d7a3678e40956522b7048b3f52143507cf4e1b4e1,1,10K-V2-TC-003
266347,EBAY,2024,10-K,0001065088-24-000036,Item_1A,22,8751e86bb102072aee4e3245b857573b0330c37b90b9d0e0310b64ae2d254ef8,1,10K-V2-TC-003
266348,EBAY,2024,10-K,0001065088-24-000036,Item_1A,23,890b3428f5bf96c77f3adaebe57c8ffb1837f3d1f09c4d58ef616396c675a23a,1,10K-V2-TC-003
266349,EBAY,2024,10-K,0001065088-24-000036,Item_1A,24,f5dddd0f966984121e77a2d21ec36943175139be68c2521a0e0ea9db1ade05e2,1,10K-V2-TC-003
266350,EBAY,2024,10-K,0001065088-24-000036,Item_1A,25,24fecd263e7c68113e41813155ef9ff7eaa9e7bdc563e6514ed8e822602a079c,1,10K-V2-TC-003
266351,EBAY,2024,10-K,0001065088-24-000036,Item_1A,26,d4917a588a5cd358329dee3c82d19980d695df2f93def100114e923b28570fb0,1,10K-V2-TC-003
266352,EBAY,2024,10-K,0001065088-24-000036,Item_1A,27,2cd1a4913868417d5dfb3ad24f9da4f629e7a7fa6e29f2de5881434d7047234f,1,10K-V2-TC-003
266353,EBAY,2024,10-K,0001065088-24-000036,Item_1A,28,c72322c4e5e6604d96b06899219de72134bd62e7335f0060bfb2078023a920a4,1,10K-V2-TC-003
266354,EBAY,2024,10-K,0001065088-24-000036,Item_1A,29,55ebfedd74dd5fdfda1772ae51eef5aa775e0b2f851d2e021a85c971f0f8a02e,1,10K-V2-TC-003
266355,EBAY,2024,10-K,0001065088-24-000036,Item_1A,30,35e64b10ff5319a75b1eb974f1eb3e3a56d02bd9514173893527c92d306da8f7,1,10K-V2-TC-003
266356,EBAY,2024,10-K,0001065088-24-000036,Item_1A,31,a65273e759f39eba23786913170cb9c25e6f453cbefc905a6162dfbacc711278,1,10K-V2-TC-003
266357,EBAY,2024,10-K,0001065088-24-000036,Item_1A,32,7308f6c97a54445cf07b07e0b647606e041c47de922fe653944dcb8f482d01b4,1,10K-V2-TC-003
266358,EBAY,2024,10-K,0001065088-24-000036,Item_1A,33,c4de78a49d34814040b496cfade5c33d5d4e4ff1ed5e5c672919dc7fcc524df5,1,10K-V2-TC-003
266359,EBAY,2024,10-K,0001065088-24-000036,Item_1A,34,90903942e92f72d1c17db06862af10604b33ca12a302bf38c05fa057f24c10ce,1,10K-V2-TC-003
266360,EBAY,2024,10-K,0001065088-24-000036,Item_1A,35,b9cb86baa8e39553285d721b0f6d99b31354d0b3fa1e863ff6a369d17f3280a7,1,10K-V2-TC-003
266361,EBAY,2024,10-K,0001065088-24-000036,Item_1A,36,d5bfd4d5faf341727694a237c429e78278f024485c5164dd11c149c52002695c,1,10K-V2-TC-003
266362,EBAY,2024,10-K,0001065088-24-000036,Item_1A,37,89bf015c7f31cc30a8f7a5323b6e6852e7303bf0d30a8d9a654d7fe4d3adbe03,1,10K-V2-TC-003
266363,EBAY,2024,10-K,0001065088-24-000036,Item_1A,38,e61141b30e004feb9398825ccd9d9a48138870824acff9fb2b4493f184eea9e9,1,10K-V2-TC-003
266364,EBAY,2024,10-K,0001065088-24-000036,Item_1A,39,129712923b2c822e1c0ebd5947da5fe0f3e9dee997ab44af8d7728f9c51625e5,1,10K-V2-TC-003
266779,EBAY,2026,10-K,0001065088-26-000027,Item_1A,0,a4ff037cc77c83720949d0d684ce85bb7f6ed60b7d730a31690c462ec44db673,1,10K-V2-TC-003
266780,EBAY,2026,10-K,0001065088-26-000027,Item_1A,1,e2cc3befce2f88cc98d82d966fa0ac1295b6a04f048e169a0981245e878e130d,1,10K-V2-TC-003
266781,EBAY,2026,10-K,0001065088-26-000027,Item_1A,2,926bd13bbe8b6f8dfe23990ce264981708f35b8e4269f57f5a68d87bffa2d47d,1,10K-V2-TC-003
266782,EBAY,2026,10-K,0001065088-26-000027,Item_1A,3,a996ee11ff14626b64f6abe012678f08e7cd55e718149024517867497ff7d636,1,10K-V2-TC-003
266783,EBAY,2026,10-K,0001065088-26-000027,Item_1A,4,c9b42c6da2268dd3afaeea4fdd737cc03a497859f359ebb76fad646dbad0ec18,1,10K-V2-TC-003
266784,EBAY,2026,10-K,0001065088-26-000027,Item_1A,5,187d4fd9c818ed9fe4d1bcf369acc5c76b03c2c950b09e3d57adacf6996d84f8,1,10K-V2-TC-003
266785,EBAY,2026,10-K,0001065088-26-000027,Item_1A,6,67b800b2fd3e119406f6bad483423acec456ada4a4c80079f42a2e27c2646a92,1,10K-V2-TC-003
266786,EBAY,2026,10-K,0001065088-26-000027,Item_1A,7,05b6ef864154d4bd30f9d6e81ee08d4c8ef8465608de4da4a94f09a68d44afd8,1,10K-V2-TC-003
266787,EBAY,2026,10-K,0001065088-26-000027,Item_1A,8,20c87de059896f290addfaebae2f15944eaba5e86c26d2016ac903ccb7d4fc9a,1,10K-V2-TC-003
266788,EBAY,2026,10-K,0001065088-26-000027,Item_1A,9,99b1fb4c48dcf1000a2e8da992b1c49d540c6440cbcb6db8e62882ff38157ebd,1,10K-V2-TC-003
266789,EBAY,2026,10-K,0001065088-26-000027,Item_1A,10,93ea864f2f6abf1922fd3c386f1a25c3571f4c97f8b12d44bae3de602d4f9b26,1,10K-V2-TC-003
266790,EBAY,2026,10-K,0001065088-26-000027,Item_1A,11,68b8fd17a1470659be0fdf3c3e2c5c6c4b93a6e1bfea6cfdc8801910dc6ac8bc,1,10K-V2-TC-003
266791,EBAY,2026,10-K,0001065088-26-000027,Item_1A,12,747aa88c9be4802e8a9895c08200231127e49f64fa3728e591ab52b45b9143e6,1,10K-V2-TC-003
266792,EBAY,2026,10-K,0001065088-26-000027,Item_1A,13,2980e3c1a10a61cf20b5e76877a07b8c53c6d35e0a1db0c2ae45a5cce56f853c,1,10K-V2-TC-003
266793,EBAY,2026,10-K,0001065088-26-000027,Item_1A,14,d8ac862abfd5682972c4cb387460e110faabc5285cf53fc653c5f400efc72335,1,10K-V2-TC-003
266794,EBAY,2026,10-K,0001065088-26-000027,Item_1A,15,ac1ecc25dd9d8b9d37fc1a5ebda63438a3e22665e415b1f84d2a58c03d35b9f9,1,10K-V2-TC-003
266795,EBAY,2026,10-K,0001065088-26-000027,Item_1A,16,f6cf44d088861ba37aa0e85763eae235790a68be87dec72205ad9dadd8cd4539,1,10K-V2-TC-003
266796,EBAY,2026,10-K,0001065088-26-000027,Item_1A,17,b6ea0e7f871aa567cef9d8360569f1f80492052df0a1ee1fd7b3d3fbc49a1558,1,10K-V2-TC-003
266797,EBAY,2026,10-K,0001065088-26-000027,Item_1A,18,3173b6d47f60ae8e68653c19993f6b3df2288307b5a000c4262c0d8967a99ebe,1,10K-V2-TC-003
266798,EBAY,2026,10-K,0001065088-26-000027,Item_1A,19,ff600eae206fa32f1989b8e10ecc8f468288d26e2c9d3deae1f0a2da08de734e,1,10K-V2-TC-003
266799,EBAY,2026,10-K,0001065088-26-000027,Item_1A,20,0e25426d44fedcad9d854cffe6afd7c8405e78e8002b772e095f1b8857e0539f,1,10K-V2-TC-003
266800,EBAY,2026,10-K,0001065088-26-000027,Item_1A,21,d08e077c493643c307b82d6bdb0b448b37dfec4d3ea1d2e4abc0206a253394c8,1,10K-V2-TC-003
266801,EBAY,2026,10-K,0001065088-26-000027,Item_1A,22,794fc4e7c8bd78c182dbf636cd39ee6363e68af5e3af3d1225b3f62fed0f6734,1,10K-V2-TC-003
266802,EBAY,2026,10-K,0001065088-26-000027,Item_1A,23,83ef7b8d14f848df31fcd3ce0508a3755d2800c18e3725f8c25fc4b3bb6273c7,1,10K-V2-TC-003
266803,EBAY,2026,10-K,0001065088-26-000027,Item_1A,24,42ab97e1371d4371cecd355bb548476dcae470fa5609dc85402ea85cf51cfe32,1,10K-V2-TC-003
266804,EBAY,2026,10-K,0001065088-26-000027,Item_1A,25,4f8d9a59059153145428007c608ab3c6e633a19f542477070e7651b480444859,1,10K-V2-TC-003
266805,EBAY,2026,10-K,0001065088-26-000027,Item_1A,26,641cf3a2db66236e33472bd2529752514e92e199c6bb6d4e76dba8213cda1c89,1,10K-V2-TC-003
266806,EBAY,2026,10-K,0001065088-26-000027,Item_1A,27,158367a3e3b448e842f82aed790fe99ea16290e07aeb8332d8c34decdad292c0,1,10K-V2-TC-003
266807,EBAY,2026,10-K,0001065088-26-000027,Item_1A,28,737329d80095876b3ce9ee1a88998ab893b64473631326ac050a58746d7b958d,1,10K-V2-TC-003
266808,EBAY,2026,10-K,0001065088-26-000027,Item_1A,29,09399d70b94c6d77206bb9a629cb601421a8ecdd34ff4cb0ee5bdfd00ca5b284,1,10K-V2-TC-003
266809,EBAY,2026,10-K,0001065088-26-000027,Item_1A,30,cb2a1237626b1e671d29aa78e8d2aa2c8a14a69211dfcf01b6e04eaaeed742bc,1,10K-V2-TC-003
266810,EBAY,2026,10-K,0001065088-26-000027,Item_1A,31,7395e208dca113272dd17015f395a49feada1803a31dc72513841a628d450633,1,10K-V2-TC-003
266811,EBAY,2026,10-K,0001065088-26-000027,Item_1A,32,04800d75890ba598dd313a6539f0c1c486616cd66acf6240db7e535d24cea269,1,10K-V2-TC-003
266812,EBAY,2026,10-K,0001065088-26-000027,Item_1A,33,7afb125e02203862c83e117e853222ee6d1d6c5d853202827d1ecd41f56a7218,1,10K-V2-TC-003
266813,EBAY,2026,10-K,0001065088-26-000027,Item_1A,34,2bf7c6252e863fea168871455dd9d3b70ce7bf48359d65a4ab77c0a329f3fc55,1,10K-V2-TC-003
266814,EBAY,2026,10-K,0001065088-26-000027,Item_1A,35,8c517d1c3d65738973732ffa41a46e32ec2f695b95adc60f5cd1d2b76677fa10,1,10K-V2-TC-003
266815,EBAY,2026,10-K,0001065088-26-000027,Item_1A,36,d23c5447b31916e0af7d9d48a604ff75fa8838d466ab371550b64b4aa0d6eb5d,1,10K-V2-TC-003
266816,EBAY,2026,10-K,0001065088-26-000027,Item_1A,37,efe39d68fc3b32a0304e167bd1d71ffb0af9d9886bd3daaf33ec62a28509a3a8,1,10K-V2-TC-003
266817,EBAY,2026,10-K,0001065088-26-000027,Item_1A,38,bf66ebb9ac2b4a9845814cb51b32b48e401837bd0cbb6d32bb5a219a0df21701,1,10K-V2-TC-003
266818,EBAY,2026,10-K,0001065088-26-000027,Item_1A,39,62444ac79768b474831e359a9aa632c3c021c9f578028f28778b9fd8182e6a91,1,10K-V2-TC-003
266819,EBAY,2026,10-K,0001065088-26-000027,Item_1A,40,6ae498b498a2aa0014cb10284731dfcae24b56ae4397a03c1c19d2a00c5274d4,1,10K-V2-TC-003
266820,EBAY,2026,10-K,0001065088-26-000027,Item_1A,41,4047d38a6fb87d654263c89a47cf42742c59aa4dbb72cf2a779a980c58cdbe33,1,10K-V2-TC-003
271312,FLWS,2024,10-K,0001437749-24-028591,Item_1A,0,74ce777a46b7000c6b92778b3eb3e5a0144f96c836c293af43573cf8416f38dc,1,10K-V2-I1A-002
271313,FLWS,2024,10-K,0001437749-24-028591,Item_1A,1,9019adbae2bbabf3f4474d6f757b6a8f64667c78470c346f5820ea70dd3dbb60,1,10K-V2-I1A-002
271314,FLWS,2024,10-K,0001437749-24-028591,Item_1A,2,00a8760e08b1d8eb9d55e376f087463fb8fba116e17030cdf2a301d657298751,1,10K-V2-I1A-002
271315,FLWS,2024,10-K,0001437749-24-028591,Item_1A,3,ffa741247b6ae3de19ef1a2d30e124c46f3747ad0608df92474aff64a927a53b,1,10K-V2-I1A-002
271316,FLWS,2024,10-K,0001437749-24-028591,Item_1A,4,742e871ef8d09f98f064d4d638b987cb517cfad9f95b82db2cd8031e91faa311,1,10K-V2-I1A-002
271317,FLWS,2024,10-K,0001437749-24-028591,Item_1A,5,c735a4984e3165f413d4ef419af2912bb503d331beed60d37f5eadf1c50607f7,1,10K-V2-I1A-002
271318,FLWS,2024,10-K,0001437749-24-028591,Item_1A,6,10909ab3a78e4fdef18c58acf025d3733b569a2ed0229186c41b4258ab9d96f8,1,10K-V2-I1A-002
271319,FLWS,2024,10-K,0001437749-24-028591,Item_1A,7,09730d6bafca1d33fdd87091cacada8c331ee7b625aa0367644a47982f20e496,1,10K-V2-I1A-002
271320,FLWS,2024,10-K,0001437749-24-028591,Item_1A,8,d7dc15eb9ec39350f379dbf62ead78f7455df2ed63f7cf0f986ecc97f8b5babd,1,10K-V2-I1A-002
271321,FLWS,2024,10-K,0001437749-24-028591,Item_1A,9,4068e796f9abf51d1436614874c4b86abba5aa4449ca1da76f6c2b633850e50a,1,10K-V2-I1A-002
271322,FLWS,2024,10-K,0001437749-24-028591,Item_1A,10,fdb5f03df1609ac17db43de0f0a295934adab4601d8d6530e8453c959c38798d,1,10K-V2-I1A-002
271323,FLWS,2024,10-K,0001437749-24-028591,Item_1A,11,fed64730ab6421fbeb744f80353828f2d5aa3298b0d872080b02b46a11d36be8,1,10K-V2-I1A-002
271324,FLWS,2024,10-K,0001437749-24-028591,Item_1A,12,36c1177a9cc4c90e0862db2b811d78dad290dc018c89a0cc816e16092b1a2263,1,10K-V2-I1A-002
271325,FLWS,2024,10-K,0001437749-24-028591,Item_1A,13,deb27cb14b5cd257c672feb482b8089e5f58d1a8d848ff48c28c7880a34d7494,1,10K-V2-I1A-002
271326,FLWS,2024,10-K,0001437749-24-028591,Item_1A,14,e9e0c434f05e35565f22fb82c9338bf813e538b0c579608e18404543f4964d7b,1,10K-V2-I1A-002
271327,FLWS,2024,10-K,0001437749-24-028591,Item_1A,15,609f02e03f8bbcedeaa060bb8829c99a06adbb9859574fe924276a34593c8350,1,10K-V2-I1A-002
271328,FLWS,2024,10-K,0001437749-24-028591,Item_1A,16,9b979ba85a6c629f020dd29cb9ff31064718dc6cbb1e29883299b3c1f20c8344,1,10K-V2-I1A-002
271329,FLWS,2024,10-K,0001437749-24-028591,Item_1A,17,c5a2baf20f88b0e1b5d7e9ac3bc4f2fb175270abf3eeb1b442098eb681dc39c8,1,10K-V2-I1A-002
271330,FLWS,2024,10-K,0001437749-24-028591,Item_1A,18,6ece02752bb7498cfc07033dab5619e8bb83f8ac178a906a55d6966f23c704f8,1,10K-V2-I1A-002
271331,FLWS,2024,10-K,0001437749-24-028591,Item_1A,19,4d66de1487f008187f29df7717dc5d016a5cfd6db6609292a308f4fe04c4a255,1,10K-V2-I1A-002
271332,FLWS,2024,10-K,0001437749-24-028591,Item_1A,20,e62cd4e08bd5913ec23d23b6f7ce3d5c3b08237653f064c2e8576daaff556d31,1,10K-V2-I1A-002
271333,FLWS,2024,10-K,0001437749-24-028591,Item_1A,21,8b80675b3c86f973fd163156b104635cdfa43049e0ad26406e8f5dce5cf7d754,1,10K-V2-I1A-002
280015,GRWG,2024,10-K,0001628280-24-010996,Item_7,0,e94becb9ba22f4262cc389332033f9d1c790647553be687ba1c3bf8728dd6bd9,1,10K-V2-XC-004
280016,GRWG,2024,10-K,0001628280-24-010996,Item_7,1,8e09502858bbd88a3911939b3dabf5ab439a78a32223f8b641a0d95fd87c4a25,1,10K-V2-XC-004
280017,GRWG,2024,10-K,0001628280-24-010996,Item_7,2,9441947ec5fb987c6cf9d02733959e50b52b14ea0e276d4bfe2f737afc2b50b9,1,10K-V2-XC-004
280018,GRWG,2024,10-K,0001628280-24-010996,Item_7,3,63916134bc4dc9d09e1abfb6d088a2a6562424ce83133be1a457ac17bd068651,1,10K-V2-XC-004
280019,GRWG,2024,10-K,0001628280-24-010996,Item_7,4,a7d2fe744bd91f6763715ab0c64ec918d285830e0094f49068c9445a21d30a62,1,10K-V2-XC-004
280020,GRWG,2024,10-K,0001628280-24-010996,Item_7,5,d289a593eee5a3a95a232582fb3e9ab8b2fed8df3a381c47c5d949da06fe68bd,1,10K-V2-XC-004
280021,GRWG,2024,10-K,0001628280-24-010996,Item_7,6,5a902e366df206f7b3a99cd19a6a7f14c920e41162f5ba91c2f38a5fc5b42cca,1,10K-V2-XC-004
280022,GRWG,2024,10-K,0001628280-24-010996,Item_7,7,7a325cf9c84dddb806841ea68de18e73129817719429b45af700709de9d5eb6a,1,10K-V2-XC-004
280023,GRWG,2024,10-K,0001628280-24-010996,Item_7,8,7af5047f03ad5a3fbfca71c7f1413257d874b57f86655d012f6ad9bdf33d0ebb,1,10K-V2-XC-004
280024,GRWG,2024,10-K,0001628280-24-010996,Item_7,9,0be21609fd8a2d73a8ca47eab402824b7891f218245ec76e0a0f49968d8308d3,1,10K-V2-XC-004
280025,GRWG,2024,10-K,0001628280-24-010996,Item_7,10,c99cbe47914e914c3ae959bbf509968986a059288d9af33484a0b7207e206d21,1,10K-V2-XC-004
280026,GRWG,2024,10-K,0001628280-24-010996,Item_7,11,803d0286ab1d6f1c21648a3db5ef6b11ca917c8754bfa16cccc6c5c2addd23f0,1,10K-V2-XC-004
280027,GRWG,2024,10-K,0001628280-24-010996,Item_7,12,af626f70e0de9175c0440e9b2d542e36f85b36ba46abf5953f30f5ba87314fb7,1,10K-V2-XC-004
280028,GRWG,2024,10-K,0001628280-24-010996,Item_7,13,5a0e19eee19382ae3d591b5b8cff4cabbdd31bc7dcfc1ae10fe2266aa6e9bd17,1,10K-V2-XC-004
280029,GRWG,2024,10-K,0001628280-24-010996,Item_7,14,ffbafdde0566a9254bead859f290c86d39ea75c214bc6d6eccdc04769dc79e03,1,10K-V2-XC-004
280030,GRWG,2024,10-K,0001628280-24-010996,Item_7,15,bc4596145834b77b867b05e4df853856d05894693d54d84c70c0a7a4a79352cf,1,10K-V2-XC-004
281161,HD,2026,10-K,0001628280-26-019436,Item_8,0,ecb44d3ee6aa9aad8a3e36c59fb8f0e8aa3faff4419852195389d45e4159b8b8,1,10K-V2-I8-001
281162,HD,2026,10-K,0001628280-26-019436,Item_8,1,495cbf850acd0d3bf080f6b2cc9aa36e04a5614fe3cd2984aa323d1507602db7,1,10K-V2-I8-001
281163,HD,2026,10-K,0001628280-26-019436,Item_8,2,1dbdd5718101f7bc672482e2fda0cd002f94955a6ed79a803dff2047434787fb,1,10K-V2-I8-001
281164,HD,2026,10-K,0001628280-26-019436,Item_8,3,a4d1d61908fa9f2bee2b8c4433285eba5c764cc38c9cec3ac0ae3d9ebf1948bb,1,10K-V2-I8-001
281165,HD,2026,10-K,0001628280-26-019436,Item_8,4,1e5d5fe1af2ce5bf829edfbb800910c789f2162b348d9bc8e5a5d8b513ea0989,1,10K-V2-I8-001
281166,HD,2026,10-K,0001628280-26-019436,Item_8,5,c5f21c31b7e28a3607cdb17b6135fdd286ea1fec153286143c870a6d8cee0414,1,10K-V2-I8-001
281167,HD,2026,10-K,0001628280-26-019436,Item_8,6,d53dc8f0ffba2896d2ee765219c2cda1af9e787dedebb0048d074d84d6e8d201,1,10K-V2-I8-001
281168,HD,2026,10-K,0001628280-26-019436,Item_8,7,5c3da9be7e05e4576ce4040da70f59f24dad2e539c89a172f93e454861bd6c79,1,10K-V2-I8-001
281169,HD,2026,10-K,0001628280-26-019436,Item_8,8,2d293e5dd9baba815280cef5b7f754d0c232ba5046e203f3807d442f487c911b,1,10K-V2-I8-001
281170,HD,2026,10-K,0001628280-26-019436,Item_8,9,465c8fa4126a400f07f38f8dfad99e052c727d06c10544ce6152de62b0ac5e0e,1,10K-V2-I8-001
281171,HD,2026,10-K,0001628280-26-019436,Item_8,10,f4b76b0d098259f0849eaec91ca996f51ff072067586960c12587486b9b41c97,1,10K-V2-I8-001
281172,HD,2026,10-K,0001628280-26-019436,Item_8,11,242ccc08a410be11279d398aa3ae39193ca796ed7b293659884570de87350800,1,10K-V2-I8-001
281173,HD,2026,10-K,0001628280-26-019436,Item_8,12,d5eb580d032ddcc7b99e70f9cc73c29fa668d7da5e85b6cfd9ce7608c472472f,1,10K-V2-I8-001
281174,HD,2026,10-K,0001628280-26-019436,Item_8,13,eadad9d91acf128c159eeec905bf6b1f064ef1dbe470e5b80e1cd9d08b20d550,1,10K-V2-I8-001
281175,HD,2026,10-K,0001628280-26-019436,Item_8,14,ed8e77a570fd46acd59c3f6552e893d4652f7af186bf3deabcafea53c0547681,1,10K-V2-I8-001
281176,HD,2026,10-K,0001628280-26-019436,Item_8,15,1e2883a1349a022de95c98e9f15db3a413d916742ca9bd9aa8550dca8f7b3844,1,10K-V2-I8-001
281177,HD,2026,10-K,0001628280-26-019436,Item_8,16,1d1fe13cdf795e48254ec9d5f113537b23b9a21ee71298c47b60a48ef0e33a3a,1,10K-V2-I8-001
281178,HD,2026,10-K,0001628280-26-019436,Item_8,17,b81aea9b9b12b4fbdb6c376688f94ac0d88e17fd70c06d32847d0955f313093e,1,10K-V2-I8-001
281179,HD,2026,10-K,0001628280-26-019436,Item_8,18,1bce8ad24555c61b15af533317122e345d61d473d4d3a711bc64df9c08ba2bb4,1,10K-V2-I8-001
281180,HD,2026,10-K,0001628280-26-019436,Item_8,19,e2511588b42a0a5534a1c476298647278925a642d943ae3ebb6b384fac49d1d0,1,10K-V2-I8-001
281181,HD,2026,10-K,0001628280-26-019436,Item_8,20,973176b49ac26c3b0dd483e964b86b8173885dd50fbc6838a4098165f0752371,1,10K-V2-I8-001
281182,HD,2026,10-K,0001628280-26-019436,Item_8,21,2e169a8be28a8efbb5579f58cb14012252c0c8d82ab3ad2b8639803769cda86e,1,10K-V2-I8-001
281183,HD,2026,10-K,0001628280-26-019436,Item_8,22,3669877cbc047d5f6af645fcb64fd6753dd5a656189b0b9f3a8c7a0330cce7c8,1,10K-V2-I8-001
281184,HD,2026,10-K,0001628280-26-019436,Item_8,23,ccb8eef166e3f497cd18317d2668920973190ff2dc57c73091af3322882a97df,1,10K-V2-I8-001
281185,HD,2026,10-K,0001628280-26-019436,Item_8,24,ec9cf2933eff60be7e8c49a6215e87e2cddec51c9593cc05ae94ba6127fa3c89,1,10K-V2-I8-001
281186,HD,2026,10-K,0001628280-26-019436,Item_8,25,25af5ee5fef5e197c8d575a788fa787f45cae2429281f3aedea802fc9bd146ca,1,10K-V2-I8-001
281187,HD,2026,10-K,0001628280-26-019436,Item_8,26,f73dcde7070887409d61642f53cdbeea6455e83f5d21a93de79f51cd92215830,1,10K-V2-I8-001
281188,HD,2026,10-K,0001628280-26-019436,Item_8,27,df12f8b6e581537919d4d5b91e8cdd00d45ffcee3ffa9b5ce66ffc060637432d,1,10K-V2-I8-001
281189,HD,2026,10-K,0001628280-26-019436,Item_8,28,c0ad1f951a78317ed0f07cd5e60740c547b3f6ea140d7b8944d22052f51dc18c,1,10K-V2-I8-001
281190,HD,2026,10-K,0001628280-26-019436,Item_8,29,6e987a950a43b30a26716a79a50dacd610eb0d2a5a62705a9b59ab8a224165dc,1,10K-V2-I8-001
281191,HD,2026,10-K,0001628280-26-019436,Item_8,30,312dec1ea4d44afe5afd530a5db3f5b42e9fdf835c0c47375853abf2bf2e766f,1,10K-V2-I8-001
281192,HD,2026,10-K,0001628280-26-019436,Item_8,31,8f02f94276735241f5dc1f908985592a59bf5fd0e349156ba687f6d10be1863a,1,10K-V2-I8-001
281193,HD,2026,10-K,0001628280-26-019436,Item_8,32,76850d3bdec2813f0b97412cf9dbb3d520ad718a0dac534e675d788aaaac588b,1,10K-V2-I8-001
281194,HD,2026,10-K,0001628280-26-019436,Item_8,33,db05739a76f40cc9f3294fd2b0a85a4e32e7f2b9d94fbe1244a4e448a86055e7,1,10K-V2-I8-001
281195,HD,2026,10-K,0001628280-26-019436,Item_8,34,c5c618c225cbb2a6fdf687ff320bda52adc4d641ee36e450d53bebcb1f7d85f5,1,10K-V2-I8-001
281196,HD,2026,10-K,0001628280-26-019436,Item_8,35,18855f9de57fbc64bf60a71724ee353b6bce785c381f6e1d9cb652a3d4b0ffdc,1,10K-V2-I8-001
281197,HD,2026,10-K,0001628280-26-019436,Item_8,36,89cf75c75add6d3303b34240289b84cfd7f789859ba8d8c8e163744e38a9cdb0,1,10K-V2-I8-001
281198,HD,2026,10-K,0001628280-26-019436,Item_8,37,66e2cd34e555104dcc6aa783c2ca898d503e3fafcdb5df1c0dd1a76a5d2f175c,1,10K-V2-I8-001
281199,HD,2026,10-K,0001628280-26-019436,Item_8,38,6ca4f5305ffcc30061b2d8efeb211b3d774824db832553af45b1a27f5bb3476b,1,10K-V2-I8-001
281200,HD,2026,10-K,0001628280-26-019436,Item_8,39,79e879b76cff94df6119bb782535fc162c4327be3ff3563e1fac5114f6d9673a,1,10K-V2-I8-001
281201,HD,2026,10-K,0001628280-26-019436,Item_8,40,c99d620ab8f535467c4ae5d7b91f28e43cc055eb0d2a1f50a4af62c1ecdf96ef,1,10K-V2-I8-001
281202,HD,2026,10-K,0001628280-26-019436,Item_8,41,8ebb382bae110e9602a6b7c43aabd1dd1bc24cb17315a3628927773dbebbae03,1,10K-V2-I8-001
281203,HD,2026,10-K,0001628280-26-019436,Item_8,42,05760769eeda23d8c233fd1fcd77a1a438862e5eaf1e72651517f987fea96e35,1,10K-V2-I8-001
281204,HD,2026,10-K,0001628280-26-019436,Item_8,43,a4d4f99d9f2b092475f1f4a0cab7110d229eab7da0fc421032801cd02cf4206b,1,10K-V2-I8-001
281205,HD,2026,10-K,0001628280-26-019436,Item_8,44,f7848f3958e1fb3bfa76f2d2822120477261a30a8b91ba809d424d0905dfbcf6,1,10K-V2-I8-001
281206,HD,2026,10-K,0001628280-26-019436,Item_8,45,01616aab148d7b6d9ba9d137fe4cf21a20394efacf03dec4ef5983259e1325ab,1,10K-V2-I8-001
281207,HD,2026,10-K,0001628280-26-019436,Item_8,46,81089cb2fcd62f005ecea365e281adc027de8151ff5cf27c528240e74170edee,1,10K-V2-I8-001
281208,HD,2026,10-K,0001628280-26-019436,Item_8,47,6964f6840fd328526f27e5424d174cb89cbf52f6173807d2d7bea89f882e9c69,1,10K-V2-I8-001
281209,HD,2026,10-K,0001628280-26-019436,Item_8,48,267d0705f8c186c1001ae440055eb1f25bd56e90d33fdb4cbff8c97b4294bf27,1,10K-V2-I8-001
281210,HD,2026,10-K,0001628280-26-019436,Item_8,49,ca4764ee1249ec2f89ebed38c03866310a01a42228ebd6c04739d27a0d8b9c3c,1,10K-V2-I8-001
281211,HD,2026,10-K,0001628280-26-019436,Item_8,50,3e9a08aa8f67315423bb8677b48a7ff7c54812e85533eaddee7f923691d0b882,1,10K-V2-I8-001
281212,HD,2026,10-K,0001628280-26-019436,Item_8,51,57d291b14e8f6538845f708a4a919151a63c36d4dd67221559f80dc5d702228c,1,10K-V2-I8-001
281213,HD,2026,10-K,0001628280-26-019436,Item_8,52,5ad9399a213fadad50f5f7d543bff37dd8f437e0176f1b4dc8adfd47d75f6bec,1,10K-V2-I8-001
281214,HD,2026,10-K,0001628280-26-019436,Item_8,53,0fe91e931ce97d7083400eff2ae03a346ccd066d8bae3919bbee0c663c4e95d7,1,10K-V2-I8-001
281215,HD,2026,10-K,0001628280-26-019436,Item_8,54,a868616c65aab0b6746f3b1135ba8ef1c6f4a6c88d728728058546ae5505a536,1,10K-V2-I8-001
281216,HD,2026,10-K,0001628280-26-019436,Item_8,55,b795f84988810eed2a892ccb1785d6ebad835afe27e46862f57a0c00d982456d,1,10K-V2-I8-001
281217,HD,2026,10-K,0001628280-26-019436,Item_8,56,a971336ad894388c07f130a73e01be3dff678779b6a80b391453414e62a9c657,1,10K-V2-I8-001
281218,HD,2026,10-K,0001628280-26-019436,Item_8,57,26f25b136164f764f005f3d7fbc4e0501eee0c05da30bbcde93dca0248878b0a,1,10K-V2-I8-001
281219,HD,2026,10-K,0001628280-26-019436,Item_8,58,f171acc4d8f82e16143cb0b78496aeabf5e1bac9868bb6becc64b62c1aa2563d,1,10K-V2-I8-001
281220,HD,2026,10-K,0001628280-26-019436,Item_8,59,47d53c6d7b944775b6a3be566e8329e9b9a0c2e1331feb37702292404c8a56e8,1,10K-V2-I8-001
281221,HD,2026,10-K,0001628280-26-019436,Item_8,60,25cb3d864b7704057da67d279c16ce62d45b66bf6624560a37d8d9da0da697c6,1,10K-V2-I8-001
281222,HD,2026,10-K,0001628280-26-019436,Item_8,61,d1ff4ac6c25e57166240e927a293f36f525eac845d29d362f173f13a89aea13a,1,10K-V2-I8-001
286840,KSS,2026,10-K,0001193125-26-115982,Item_1A,0,6380453f55f6605e1e0542a5433bfd5ce636db38a6b52e38eb418f6d4c1c124b,1,10K-V2-XC-001
286841,KSS,2026,10-K,0001193125-26-115982,Item_1A,1,bc188bfd83a6fe3095cb768ba1f27b519329f6768399ad4188b3555053dec957,1,10K-V2-XC-001
286842,KSS,2026,10-K,0001193125-26-115982,Item_1A,2,9287ff43c54526d72ccd4bf89dad8608749b7ea4a989354b31855eac11dcea87,1,10K-V2-XC-001
286843,KSS,2026,10-K,0001193125-26-115982,Item_1A,3,509c5fa1307cc6fb36e31cb4efd49057f1bdc6378d99a5739b60a1316f151e1e,1,10K-V2-XC-001
286844,KSS,2026,10-K,0001193125-26-115982,Item_1A,4,34e89b1fddbd0b1f8d4796845b6024f82a4f21880767f0ba2966d6c294cddc5c,1,10K-V2-XC-001
286845,KSS,2026,10-K,0001193125-26-115982,Item_1A,5,65f6de50c819d87cb61f3dd39b3a596551a7a646c1d65f96f7b3e9fa4245c6ae,1,10K-V2-XC-001
286846,KSS,2026,10-K,0001193125-26-115982,Item_1A,6,7d67f84f3abb1b066e41f050d91614d387b7b1e6b67aa0627af42377925a5c8e,1,10K-V2-XC-001
286847,KSS,2026,10-K,0001193125-26-115982,Item_1A,7,5d3cf70dbdf8455d69b6497960dc821fa60d64a3db57078eb15057b601813a2e,1,10K-V2-XC-001
286848,KSS,2026,10-K,0001193125-26-115982,Item_1A,8,cacc8de162f48b0e192d5a00361ee8977ce14c00cb2750635b61d1cb38bd307d,1,10K-V2-XC-001
286849,KSS,2026,10-K,0001193125-26-115982,Item_1A,9,abb0ddea899d45dd2e8d5afdea3a7052a291de162eec4ec93ac093de90785940,1,10K-V2-XC-001
286850,KSS,2026,10-K,0001193125-26-115982,Item_1A,10,443c9f946a3a752025361a92294a9a706f4b9dea8f3a7f02f7dd6ef1f7846042,1,10K-V2-XC-001
286851,KSS,2026,10-K,0001193125-26-115982,Item_1A,11,b230a1710e689c0a7241f241ecf7c96d8bee8f918c171898d2a2924631841943,1,10K-V2-XC-001
286852,KSS,2026,10-K,0001193125-26-115982,Item_1A,12,f5ce05e49cffd6835bd982d38f5a9e21d5e18c14252e422eaf855f8fcab61ffb,1,10K-V2-XC-001
286853,KSS,2026,10-K,0001193125-26-115982,Item_1A,13,4de0548dcc93ce3a90a5f949e246a59325e3983d6d0b3c1888179e0482dfd530,1,10K-V2-XC-001
286854,KSS,2026,10-K,0001193125-26-115982,Item_1A,14,707e5943a8df85f0c273f107ebff4cefce713fa716f0f692baf143c66b18ca86,1,10K-V2-XC-001
286855,KSS,2026,10-K,0001193125-26-115982,Item_1A,15,e01dd4c9e8bfff5682c16cebef3c47f5aa67e0801fb30e7e8db6083c1c071e28,1,10K-V2-XC-001
286856,KSS,2026,10-K,0001193125-26-115982,Item_1A,16,85e6189c08feff5fcccb365ecb69d416273899ed2bb3d32db8c200a1ab7b5c72,1,10K-V2-XC-001
286857,KSS,2026,10-K,0001193125-26-115982,Item_1A,17,a1e5794f25409de814ed6913fcd326c4a5aa6ea698bcb1dcf29cb22783a020f1,1,10K-V2-XC-001
290492,LESL,2025,10-K,0001193125-25-323811,Item_8,0,00adc48ba98929c0dcff59074e8a04571fc655db9cfd15bd3a582dc2c4a90da6,1,10K-V2-I8-004
290493,LESL,2025,10-K,0001193125-25-323811,Item_8,1,59da31ad79272cd9c51afc34f6bae91ba2d9fcda6f0cd342b3826214e7ff1da0,1,10K-V2-I8-004
290494,LESL,2025,10-K,0001193125-25-323811,Item_8,2,c075042d870620e98b01c275cc5d21b06d154e1cf120ce08f61477ddc6022265,1,10K-V2-I8-004
290495,LESL,2025,10-K,0001193125-25-323811,Item_8,3,45ffc590059516e1701789bba2b8224a9534496461a1a255381943ca1606751f,1,10K-V2-I8-004
290496,LESL,2025,10-K,0001193125-25-323811,Item_8,4,19495062bae94caafe255d6645ba9e18f06edf3abbba243891462cad9dd85a4e,1,10K-V2-I8-004
290497,LESL,2025,10-K,0001193125-25-323811,Item_8,5,b638fab66f2d9fa198407b3792bd4b60d2fd29d2dc88c2efe95779a6d65deab6,1,10K-V2-I8-004
290498,LESL,2025,10-K,0001193125-25-323811,Item_8,6,06cc60e68b0936a3d1224578f3478bb504ee2509cb8ea776ab7cca8f611cac3b,1,10K-V2-I8-004
290499,LESL,2025,10-K,0001193125-25-323811,Item_8,7,081075978488a026ff16308fceb9bd0018a4b67162d3dd0efcb60a76174e3dcd,1,10K-V2-I8-004
290500,LESL,2025,10-K,0001193125-25-323811,Item_8,8,a4d48b690b7d136263b515235b0268171576745c764aab650642aee43dd7f58c,1,10K-V2-I8-004
290501,LESL,2025,10-K,0001193125-25-323811,Item_8,9,5beb6876675df6f8ea6d21744996d49bb561b12949da103291bfd32d3bb768bd,1,10K-V2-I8-004
290502,LESL,2025,10-K,0001193125-25-323811,Item_8,10,2d5c6a1241a56245c0e4f4988b60929f1e0fa3697e4990247a6f1d22c18b35d3,1,10K-V2-I8-004
290503,LESL,2025,10-K,0001193125-25-323811,Item_8,11,5e47169d089009715daed7c305fc19358f53b8aa50f90ec7e89a02c1cf890011,1,10K-V2-I8-004
290504,LESL,2025,10-K,0001193125-25-323811,Item_8,12,aad58d1d9f7e43daf46a010fd58eb7fcaefa41797fbffebd4b6cb6f9fe2b2902,1,10K-V2-I8-004
290505,LESL,2025,10-K,0001193125-25-323811,Item_8,13,32ee33d3332354c2dc9de725462c58d0448171d82a5e78fa96558cbdd0e7362a,1,10K-V2-I8-004
290506,LESL,2025,10-K,0001193125-25-323811,Item_8,14,0517d64dd056ba1662fb11bab0414c7d81d957b1fa46a266f6e97c9b1ae51952,1,10K-V2-I8-004
290507,LESL,2025,10-K,0001193125-25-323811,Item_8,15,8fcdeb596b40e79952172057fe07b8bbe6ccf0a97d34cd2efc9a5f09e17ffb55,1,10K-V2-I8-004
290508,LESL,2025,10-K,0001193125-25-323811,Item_8,16,ccb3db26db85fd4b55c59e8d3600d6548274112fc07725643f562df6ecc07024,1,10K-V2-I8-004
290509,LESL,2025,10-K,0001193125-25-323811,Item_8,17,28b6987490b7e7702f4e17d1c55dfa6c2b2f9523167cf9ce77be006020e0a741,1,10K-V2-I8-004
290510,LESL,2025,10-K,0001193125-25-323811,Item_8,18,879027c8dcdda31026e2da05011cd25b39ff3dfb05f5649bf51bab03c20b4515,1,10K-V2-I8-004
290511,LESL,2025,10-K,0001193125-25-323811,Item_8,19,78e7b591ae4eedb97ba58bbc6974ea71cac3517e766e45c41f478ebe8fc4b81f,1,10K-V2-I8-004
290512,LESL,2025,10-K,0001193125-25-323811,Item_8,20,745a25ea019beb9d651ea8a2cfd5cf39e282816da3a4ba10e15e9a86886c4c95,1,10K-V2-I8-004
290513,LESL,2025,10-K,0001193125-25-323811,Item_8,21,4f4e9d5c362de690a8e7365536fcc4dc33a1f0b72d594dbc1cbd0adc5514e15d,1,10K-V2-I8-004
290514,LESL,2025,10-K,0001193125-25-323811,Item_8,22,68acb0fa69bca360710e963fe91f5e6b16a934be128348d91f8b25a21bcd25b3,1,10K-V2-I8-004
290515,LESL,2025,10-K,0001193125-25-323811,Item_8,23,eb6a8adc0cdc980be6bcc8508e6410549ab8f38a0d166ff3203dd3f25073a385,1,10K-V2-I8-004
290516,LESL,2025,10-K,0001193125-25-323811,Item_8,24,33ce4934f125060c55e420d15a415e8da88eb7d5ae586d1fc1b29a722c6a7dfa,1,10K-V2-I8-004
290517,LESL,2025,10-K,0001193125-25-323811,Item_8,25,550c91193d6c6edbb9bf550032c6e32d279ba4fc13041d11780695d0e73ce73d,1,10K-V2-I8-004
290518,LESL,2025,10-K,0001193125-25-323811,Item_8,26,dfa025d8f7ae1abd0b763e133572c942096e377cc44a8779889c3b85974631ec,1,10K-V2-I8-004
290519,LESL,2025,10-K,0001193125-25-323811,Item_8,27,3899a620552c62a0b0a1e7e35de0606b427e83bf1464824b2196e31864c08e05,1,10K-V2-I8-004
290520,LESL,2025,10-K,0001193125-25-323811,Item_8,28,96b661a4f8de08799c50d584f5913ad841cf9d4a95f4e3fed4a892e3e03dca4e,1,10K-V2-I8-004
290521,LESL,2025,10-K,0001193125-25-323811,Item_8,29,f3a562d46b3d9ddb9472b202740272b1442b3cb2b40df25bc6ad59b21a80f348,1,10K-V2-I8-004
290522,LESL,2025,10-K,0001193125-25-323811,Item_8,30,3b4db3c7eb56b3600a46feb5c0b8e0b84fd453a1e475a321086f8f8b78c1f6a9,1,10K-V2-I8-004
290523,LESL,2025,10-K,0001193125-25-323811,Item_8,31,fc7459f6c0bbacdce9ad230ed87ca5c4f9f12339ceed4f1d0a183534724b8565,1,10K-V2-I8-004
290524,LESL,2025,10-K,0001193125-25-323811,Item_8,32,5f7e00c6e6c52b0764d757fc616630540b07539fcf06bc7b5a932076d5f428ab,1,10K-V2-I8-004
290525,LESL,2025,10-K,0001193125-25-323811,Item_8,33,326dc3781bbba5a53be2374b8d7fd8f5db0445d54288bd332538a2f8a3b2c392,1,10K-V2-I8-004
290526,LESL,2025,10-K,0001193125-25-323811,Item_8,34,b0e66be4a35f4c46a9bb5bc887e0cd4fb909d14ba79faf6b9aa41b8cd040ea43,1,10K-V2-I8-004
290527,LESL,2025,10-K,0001193125-25-323811,Item_8,35,9cbcf753053728882360063e139d53034f69c6192589e502918a10b7ddee3363,1,10K-V2-I8-004
290528,LESL,2025,10-K,0001193125-25-323811,Item_8,36,cb725446dff614e883a681a06608a9b86f0062f143573b78ba6e15c044216e69,1,10K-V2-I8-004
290529,LESL,2025,10-K,0001193125-25-323811,Item_8,37,12a111cbce24b0e1bed28414c560606039c2a9f3774c5dd185a10853724578e9,1,10K-V2-I8-004
290530,LESL,2025,10-K,0001193125-25-323811,Item_8,38,68f9e06c4e55081507f74a493e37679d33bed2b146ece6da3029018fd8657416,1,10K-V2-I8-004
290531,LESL,2025,10-K,0001193125-25-323811,Item_8,39,8261c02c24a34a7565ffe3a5b59ceff4091caaa542ce691a0801ac5af5932c86,1,10K-V2-I8-004
290532,LESL,2025,10-K,0001193125-25-323811,Item_8,40,7d7740677dd53075bea4316ebf255e8c63ea0818ada830271b8863a161236524,1,10K-V2-I8-004
290533,LESL,2025,10-K,0001193125-25-323811,Item_8,41,8fc73f9e4835bc51c2b73bc0d3ceb4ae183aa77813c19da2e49aef2c936177f3,1,10K-V2-I8-004
290534,LESL,2025,10-K,0001193125-25-323811,Item_8,42,526f2488f900a3c91096a3b4146ffe274e242d8c3074b956d1bb5ac5125771cf,1,10K-V2-I8-004
290535,LESL,2025,10-K,0001193125-25-323811,Item_8,43,ddbc17b368b187b4e529f6872cdc48d6fb79f4f32e396be4102b1fe02b724d36,1,10K-V2-I8-004
291501,LE,2024,10-K,0000950170-24-041066,Item_1A,0,2645799595576a0c37fd942935a7629ad916bb26c9474f3c22a9ab10d1a263d6,1,10K-V2-XC-002
291502,LE,2024,10-K,0000950170-24-041066,Item_1A,1,065db6be02fe8194ed3ad2e2498d517cd3f80cebfe6e8de02002705625e7f120,1,10K-V2-XC-002
291503,LE,2024,10-K,0000950170-24-041066,Item_1A,2,cba4281906f9b8535db05b71aafcd9d02f9ca8a79df8d3eefb4a18bb70047107,1,10K-V2-XC-002
291504,LE,2024,10-K,0000950170-24-041066,Item_1A,3,726f166f7394d039852899d4e8f4642c4a21284a71181f55a9dfe6202decd48d,1,10K-V2-XC-002
291505,LE,2024,10-K,0000950170-24-041066,Item_1A,4,f1e200de6729f3e4ae8eb1ae9fc93ad579c84847c79f54cbd24afe9eb6d3ceeb,1,10K-V2-XC-002
291506,LE,2024,10-K,0000950170-24-041066,Item_1A,5,3b9f9a21ee8e5907c93546e19442f3fbf2efb50ccf1d347868c3efae77091dad,1,10K-V2-XC-002
291507,LE,2024,10-K,0000950170-24-041066,Item_1A,6,27fbe4f8c468b7cd9be48e6f4dba45facba01edd0b22747f62858267e660ae3b,1,10K-V2-XC-002
291508,LE,2024,10-K,0000950170-24-041066,Item_1A,7,9a366de5e23776f6e274035dbe981875202674ff229cb418945d987de7d423ca,1,10K-V2-XC-002
291509,LE,2024,10-K,0000950170-24-041066,Item_1A,8,0dfcba18e069d590a6bf064c05a3cbaed664a3732561cb0b1674c485a1bfa707,1,10K-V2-XC-002
291510,LE,2024,10-K,0000950170-24-041066,Item_1A,9,9664c7ffe96cb0aebf05d27323bd49d65ea806bc413cc8ade04c85b82bac2533,1,10K-V2-XC-002
291511,LE,2024,10-K,0000950170-24-041066,Item_1A,10,cccb9e3abeb005a6ad583194ff1e710d24fcf17dd26aaa29cec8359ff710bf12,1,10K-V2-XC-002
291512,LE,2024,10-K,0000950170-24-041066,Item_1A,11,4fbae93ca71a995815954bbf5cd67238d3b5d2d082346e74be29d40d0bf248ed,1,10K-V2-XC-002
291513,LE,2024,10-K,0000950170-24-041066,Item_1A,12,76a43c87a9230e521e920b101a948116394960bcb55d13a28a45127ae9ec72e1,1,10K-V2-XC-002
291514,LE,2024,10-K,0000950170-24-041066,Item_1A,13,69286b7e2361c6705fe7768e01cc56986475ba70897a50bdded361b26b25e3a8,1,10K-V2-XC-002
291515,LE,2024,10-K,0000950170-24-041066,Item_1A,14,5d68312f54e04b1263bba714708bee28d962c06d4b57b1830176635fdd25bda5,1,10K-V2-XC-002
291516,LE,2024,10-K,0000950170-24-041066,Item_1A,15,ed1459d82cde12245aafbb9f7a241672e840a608086eeea17835d28b95491d4c,1,10K-V2-XC-002
291517,LE,2024,10-K,0000950170-24-041066,Item_1A,16,a49d9b25974298759cd31a027392681f27f0a550fb4c97b5e3d327f1461b30de,1,10K-V2-XC-002
291518,LE,2024,10-K,0000950170-24-041066,Item_1A,17,84ec7ba4270beb625a40933ca60d6aaef8d579c41e6c160d64cd561115baab4e,1,10K-V2-XC-002
291519,LE,2024,10-K,0000950170-24-041066,Item_1A,18,1323ec9c49b0b2f2bc3bcf0a38abecb80e8d96102a64a2948cdcf6bc4f658516,1,10K-V2-XC-002
291520,LE,2024,10-K,0000950170-24-041066,Item_1A,19,4bdd47176859846e2b134c4b3695e6f37750cb039a67783d82cf407181bf1776,1,10K-V2-XC-002
293633,LOW,2025,10-K,0000060667-25-000049,Item_8,0,d8ccb813f605d7f3bad22a24a61a3acc97795cdc90df9f0a8e061a6d8b12ecd6,1,10K-V2-I8-002
293634,LOW,2025,10-K,0000060667-25-000049,Item_8,1,6d9d0c15f9841b3ce61f37cdeaf9be3a36f9582657aa9c02e125eff10ef3574a,1,10K-V2-I8-002
293635,LOW,2025,10-K,0000060667-25-000049,Item_8,2,2892c54a720da3df07ff936dd40280a4cc946e399d169fc118f1146edfa250a0,1,10K-V2-I8-002
293636,LOW,2025,10-K,0000060667-25-000049,Item_8,3,d5a2a1ffc06a6bd9e81d8ba48742a17d870a90ba5e0427b450c21d2c9a5e883a,1,10K-V2-I8-002
293637,LOW,2025,10-K,0000060667-25-000049,Item_8,4,1f488d95f815fba985fd69f54de12c242d5e7b312c6cd89eaeabe1d08861bc06,1,10K-V2-I8-002
293638,LOW,2025,10-K,0000060667-25-000049,Item_8,5,80e534cddbeac1451b313980ee3939cb646fadcc1f825d9f95b8cad850007881,1,10K-V2-I8-002
293639,LOW,2025,10-K,0000060667-25-000049,Item_8,6,b9e24d22da85b951c195b487721cd0fbf120e9a5fed7cbd7db3ecedfe5088239,1,10K-V2-I8-002
293640,LOW,2025,10-K,0000060667-25-000049,Item_8,7,65c03cc97065f8f5ceca124ee342a100e39706c55f74221dc21dfa2fb10f5101,1,10K-V2-I8-002
293641,LOW,2025,10-K,0000060667-25-000049,Item_8,8,65eb50810820a5031fa6854d5e43025f925aab50b3870f52871930334731eda0,1,10K-V2-I8-002
293642,LOW,2025,10-K,0000060667-25-000049,Item_8,9,c8320c976b90287998be8a4c6d272648ae7f5156a15511765b8f0aabd109077d,1,10K-V2-I8-002
293643,LOW,2025,10-K,0000060667-25-000049,Item_8,10,4f5d58b0d2946e0054c6b32572c92b51a3e13914fb46e162805744f022695c43,1,10K-V2-I8-002
293644,LOW,2025,10-K,0000060667-25-000049,Item_8,11,9bede0c6128f47635c17a9f31e4f9f364b9a33af94a1810b1c23a732a2aa6082,1,10K-V2-I8-002
293645,LOW,2025,10-K,0000060667-25-000049,Item_8,12,b124d64db73c70d2a42f94ca145e1e27d249d175bc7944117f4bcf51faa6389b,1,10K-V2-I8-002
293646,LOW,2025,10-K,0000060667-25-000049,Item_8,13,c2b229240f303310d0d116f54bf08fc4c5d46ea963782d5fae74c61b2b224dd0,1,10K-V2-I8-002
293647,LOW,2025,10-K,0000060667-25-000049,Item_8,14,c846bbeb97da0237a19af0339184614e2a7c447d85139310aa8ddec6887277f5,1,10K-V2-I8-002
293648,LOW,2025,10-K,0000060667-25-000049,Item_8,15,190be04b0c935c2e1b2653f8ca79bc51ecb2b2bcf68e49c66e5c463194149646,1,10K-V2-I8-002
293649,LOW,2025,10-K,0000060667-25-000049,Item_8,16,5bbfe22ac21a09e464c5f2a4d520593426a25c66163babd76472793903733d1f,1,10K-V2-I8-002
293650,LOW,2025,10-K,0000060667-25-000049,Item_8,17,67cecd407ddf4f6bc06e3d8921b38de673e4f22c0ab0ecc98a04d5c769bded2d,1,10K-V2-I8-002
293651,LOW,2025,10-K,0000060667-25-000049,Item_8,18,a9d5c2f5c12617deb8e4c39b7446e3b88c2ce846194df37df90b711cb8af6a4a,1,10K-V2-I8-002
293652,LOW,2025,10-K,0000060667-25-000049,Item_8,19,95c2a31acb73b01999d81e8287631bd70edebb4a717685e755f28e550d397105,1,10K-V2-I8-002
293653,LOW,2025,10-K,0000060667-25-000049,Item_8,20,f7020fdf41b4590a5c187a538e0ee677dff05c195b82710d7b063a118a96c781,1,10K-V2-I8-002
293654,LOW,2025,10-K,0000060667-25-000049,Item_8,21,26bdddd475bb3f49c15907be6d49de71e369701ff953a0ce3f93f41f476b6272,1,10K-V2-I8-002
293655,LOW,2025,10-K,0000060667-25-000049,Item_8,22,d40e3d4201b6a915ce83b102c53826e59c26bf4ee5ea521432059426fc973cf6,1,10K-V2-I8-002
293656,LOW,2025,10-K,0000060667-25-000049,Item_8,23,ec1095db519b75b85d9649ab70a60837bfa080c7db64c964c1e3aac0a08f059e,1,10K-V2-I8-002
293657,LOW,2025,10-K,0000060667-25-000049,Item_8,24,2103e0f6d69f444b08125126842dfe4e2a21293295d19c08b687895a5d287c2b,1,10K-V2-I8-002
293658,LOW,2025,10-K,0000060667-25-000049,Item_8,25,82edb639d9f414d43e51db91f7b058f7680ef717339bf4b09d5f1db6ef9137cb,1,10K-V2-I8-002
293659,LOW,2025,10-K,0000060667-25-000049,Item_8,26,82badb5fa3eb32db97213e5799516e6717a761612437f4bb4a726ef3cec007de,1,10K-V2-I8-002
293660,LOW,2025,10-K,0000060667-25-000049,Item_8,27,84fc1365bbd11e4510a9308a3cba1779f28ebc3596b9eb0cbba247f37c15e71a,1,10K-V2-I8-002
293661,LOW,2025,10-K,0000060667-25-000049,Item_8,28,a6563e2a7f16220081ac833f0ccf5e70d84848a9aef7d870bfecd81f0245bce9,1,10K-V2-I8-002
293662,LOW,2025,10-K,0000060667-25-000049,Item_8,29,c652c257d8a945036786683c1c31d85075bc4e53f9cbc628ea835c3afc67f055,1,10K-V2-I8-002
293663,LOW,2025,10-K,0000060667-25-000049,Item_8,30,59de2f4a84868705504a37b28df4dddc3dadffe868964d0614c6a350a0393632,1,10K-V2-I8-002
293664,LOW,2025,10-K,0000060667-25-000049,Item_8,31,52d4e294a3c84ef570008476c9ac9e266b00b2e0eadca54297ee9ea6545b47d6,1,10K-V2-I8-002
293665,LOW,2025,10-K,0000060667-25-000049,Item_8,32,e914f234ed267d29ca331864444be27bdbbbb0c5d2a016130673dba9472e88a8,1,10K-V2-I8-002
293666,LOW,2025,10-K,0000060667-25-000049,Item_8,33,e838e1a10d2169b060ce27aa535d0e58a0cf9395a5964cb16418bdfaefd4b8ec,1,10K-V2-I8-002
293667,LOW,2025,10-K,0000060667-25-000049,Item_8,34,be1fc68a0e98a3e8cd4bdee857fc6b33e3e2e482a058e83ab5b11d2750217f2f,1,10K-V2-I8-002
293668,LOW,2025,10-K,0000060667-25-000049,Item_8,35,61b11ec0e3b68f876e29d3aafed68b4e4b01d9315f3594fae4c6ae593615f3e0,1,10K-V2-I8-002
293669,LOW,2025,10-K,0000060667-25-000049,Item_8,36,ae9ae8172f5f4495e3326d567fadb0715d198dde4363a553c49d461bb44d66cd,1,10K-V2-I8-002
293670,LOW,2025,10-K,0000060667-25-000049,Item_8,37,9f7f4fa39af49921bcb5d40e9955d32826353e4a96db0da2982da8929e6ac22f,1,10K-V2-I8-002
293671,LOW,2025,10-K,0000060667-25-000049,Item_8,38,c51c26269ed8e4b4fd867794c4fd20bef0808da66204aa2c66f0f6ff0e6c90fd,1,10K-V2-I8-002
293672,LOW,2025,10-K,0000060667-25-000049,Item_8,39,53efecc9e4b5858178bf72addbd87ebdd7ae3a3972ca3661ec4f72895ff8cf32,1,10K-V2-I8-002
293673,LOW,2025,10-K,0000060667-25-000049,Item_8,40,86f7233e9a639ca62121ab7f16a2080084dfcba1e0a66981151626956a6b219b,1,10K-V2-I8-002
293674,LOW,2025,10-K,0000060667-25-000049,Item_8,41,0e6fd57fd7f5af049f9db1a627578ce49274f3f08c867ec7fef6048a48fd5f08,1,10K-V2-I8-002
293675,LOW,2025,10-K,0000060667-25-000049,Item_8,42,5a759079c76c671f8ca2a13e60b6255bc7ef48c989fd107ce910f720ea4e3ef6,1,10K-V2-I8-002
293676,LOW,2025,10-K,0000060667-25-000049,Item_8,43,4ef5f643c95ab0884180fa77ae7b87ab08bcf8882e2a1b0b03db1bcf5fcec13b,1,10K-V2-I8-002
293677,LOW,2025,10-K,0000060667-25-000049,Item_8,44,2a49d46af036f286d02c3343ae9c4d9b74b7c5224dcbc8fb1d29dae77fc1fbe7,1,10K-V2-I8-002
293678,LOW,2025,10-K,0000060667-25-000049,Item_8,45,309ca8ea6214634c9e47f682f2b2340b561a689f0a3c7ef80818604b0560b55a,1,10K-V2-I8-002
293679,LOW,2025,10-K,0000060667-25-000049,Item_8,46,782f2d613d269ffbaced825ff7800d9e3231b7bd796132e8a41d3617266388bb,1,10K-V2-I8-002
293680,LOW,2025,10-K,0000060667-25-000049,Item_8,47,3b8f722016ca81b2c0f137e48b047f799dc0516903a28bef14908e9a9dcd2a20,1,10K-V2-I8-002
293681,LOW,2025,10-K,0000060667-25-000049,Item_8,48,3719625ae52242552237cc70474433c8c637001b9e0a845b2059d908434b7cf7,1,10K-V2-I8-002
293682,LOW,2025,10-K,0000060667-25-000049,Item_8,49,a89154a399bb1a3aac070a44266cb317378d61b2637aff4451d4f065f69b0f93,1,10K-V2-I8-002
293683,LOW,2025,10-K,0000060667-25-000049,Item_8,50,c5a31b3beddbaf26569ccedde4d3cb54bc0723fe3004ad4c6926cb4685eef077,1,10K-V2-I8-002
293684,LOW,2025,10-K,0000060667-25-000049,Item_8,51,306946996ec6cebc8bc263cb6d98871a901f3358d7844b1eca6074e09d3d2454,1,10K-V2-I8-002
293685,LOW,2025,10-K,0000060667-25-000049,Item_8,52,1bffaa4e9c620c964b59c4c03a5944e0d95118c35701ce692b55f71f6c5ea2e6,1,10K-V2-I8-002
293686,LOW,2025,10-K,0000060667-25-000049,Item_8,53,b2071d79775b0cc4fcab5a43007a0cc28a5c52dde664569b123b91f5787de0f4,1,10K-V2-I8-002
293687,LOW,2025,10-K,0000060667-25-000049,Item_8,54,38756284ad45faafdc30070e57630ed4d3ed521608a41ca4574464cf28103a00,1,10K-V2-I8-002
293688,LOW,2025,10-K,0000060667-25-000049,Item_8,55,5d327e8873db9a883c3fe12ddccc4c9800344b5c0138fa85628db89033d895d7,1,10K-V2-I8-002
293689,LOW,2025,10-K,0000060667-25-000049,Item_8,56,f8c27215fd7169db0a3504db010d496fb155eeb90315333b5293d25b0c16ca9a,1,10K-V2-I8-002
293890,LULU,2024,10-K,0001397187-24-000010,Item_1,1,9bdb5c158e8db16bb9968d471b068b82fb717019611c0461188424f3f6480459,1,10K-V2-I1-002
293891,LULU,2024,10-K,0001397187-24-000010,Item_1,2,846f8944f638fe07f68ca84b6ca8eaa178777e8c0820227919a233b7e5baf045,1,10K-V2-I1-002
293892,LULU,2024,10-K,0001397187-24-000010,Item_1,3,6150039b109e7b7176b303dbf8a2dff581ba38778a0861ca3383765ab1478366,1,10K-V2-I1-002
293893,LULU,2024,10-K,0001397187-24-000010,Item_1,4,102b04f3573c368f959158b38ce8ca6964d351dc51f7455fc71654dbe3eb2d07,1,10K-V2-I1-002
293894,LULU,2024,10-K,0001397187-24-000010,Item_1,5,84415e8c926e0908d660ad4b59a2449f749f62389abe84b2925d74723a2559f1,1,10K-V2-I1-002
293895,LULU,2024,10-K,0001397187-24-000010,Item_1,6,9c96b85ed48411382a8b96aa8fb85233eb3d288191006e87b73de97e69d64ef0,1,10K-V2-I1-002
293896,LULU,2024,10-K,0001397187-24-000010,Item_1,7,c56f57503ae7afba3814b21287ccc6a13e7924b640d51ddee06ce8210280c10a,1,10K-V2-I1-002
293897,LULU,2024,10-K,0001397187-24-000010,Item_1,8,4c55b000b64d37f3df741dc3638d0f8ebdd3af0e04e2b5e9b9705b7dde795e07,1,10K-V2-I1-002
293898,LULU,2024,10-K,0001397187-24-000010,Item_1,9,2a1f4b304f0f2ff79ce4e7fbf67b64e1deceb2b63fcbb56570eda5d6972185d2,1,10K-V2-I1-002
293899,LULU,2024,10-K,0001397187-24-000010,Item_1,10,d226ea66ed814626ce9b99404807ffff87a6b82b762bacc575ea6bd110d4021a,1,10K-V2-I1-002
293900,LULU,2024,10-K,0001397187-24-000010,Item_1,11,9a020e6fe8c619a07b8c937b4613e2bb52155357b5098dccc7f329663875e610,1,10K-V2-I1-002
293901,LULU,2024,10-K,0001397187-24-000010,Item_1,12,3363d3079ee08a84b6b30fe97ebade84e2aa241ed02f0f8a7b413488965d4b01,1,10K-V2-I1-002
293902,LULU,2024,10-K,0001397187-24-000010,Item_1,13,8d10ecf2f82393009dca703a8e7ea7eb80bb55d095acf939a52e9619fd76378b,1,10K-V2-I1-002
293903,LULU,2024,10-K,0001397187-24-000010,Item_1,14,804c1ba583af5d9f8675cb56e9018b4d69afd2386b408ffd43678a38f2776e51,1,10K-V2-I1-002
302853,NWL,2025,10-K,0000814453-25-000008,Item_7,0,7bfeee4a630c3219779aaf66a1cc99e27ed46dbc95f06068e1334546aa9d0977,1,10K-V2-I7-003
302854,NWL,2025,10-K,0000814453-25-000008,Item_7,1,b33f52900e81567d4b6c061590af2167c06a211f66f38aaf3f3fe4831368fbd1,1,10K-V2-I7-003
302855,NWL,2025,10-K,0000814453-25-000008,Item_7,2,023392960ef0aaa8c8806c485bd54a9c80aaa1ea7e7c19e09ef2ccfd5fd96874,1,10K-V2-I7-003
302856,NWL,2025,10-K,0000814453-25-000008,Item_7,3,a50fa4b8b59ea252789c1949830bbb48fdac742861c4b624a245f22972393cb4,1,10K-V2-I7-003
302857,NWL,2025,10-K,0000814453-25-000008,Item_7,4,13027ec19873d4a19347357711be15792c90deece4df558feb15e013d116bed1,1,10K-V2-I7-003
302858,NWL,2025,10-K,0000814453-25-000008,Item_7,5,523fdcde66dc7ceac3bd49e65e645dd6e7f07b85a253e8f86b8426167c759ffb,1,10K-V2-I7-003
302859,NWL,2025,10-K,0000814453-25-000008,Item_7,6,3d38ce2e5c9866957638747b8ddc7089173b7e31d86eb38391fa510f78154ad9,1,10K-V2-I7-003
302860,NWL,2025,10-K,0000814453-25-000008,Item_7,7,aa03110fc0f20de96f3e462762a3c56440f55e647c514906f8f56068b08d1741,1,10K-V2-I7-003
302861,NWL,2025,10-K,0000814453-25-000008,Item_7,8,1b4e6479834c0ee9e32282cba4ed3fcc2710f284e13f8f8c4295450c8d8518bf,1,10K-V2-I7-003
302862,NWL,2025,10-K,0000814453-25-000008,Item_7,9,e4e61755e869f314dad5ccaf8bf07bb0247339d33852ff232d26d1516dadd88a,1,10K-V2-I7-003
302863,NWL,2025,10-K,0000814453-25-000008,Item_7,10,33bdb07aca45c653888deaad8b9ca1d8332eed4e797cc437e3b2185923aaf9d5,1,10K-V2-I7-003
302864,NWL,2025,10-K,0000814453-25-000008,Item_7,11,5d171d2fa2fef4d729844e92ad26c694fc65d6a45afa03d0168cd70c7c17af9f,1,10K-V2-I7-003
302865,NWL,2025,10-K,0000814453-25-000008,Item_7,12,d780986fbdfe283e32111a1fd573d5a30830f80b54b7432bbc08d150b3d33705,1,10K-V2-I7-003
302866,NWL,2025,10-K,0000814453-25-000008,Item_7,13,c4ee727c45bd3ed7252f4ee81bf4a793aaa89fb6b19e6b6f413acc93f31f582c,1,10K-V2-I7-003
302867,NWL,2025,10-K,0000814453-25-000008,Item_7,14,31653858ba2788b7888e8dcdaea13582cdf71180b8d58ba48cf69b1e8905d64d,1,10K-V2-I7-003
302868,NWL,2025,10-K,0000814453-25-000008,Item_7,15,91d77619e8c6629d43febe2082e303103657e226a6b5d589d9626d0582c4348c,1,10K-V2-I7-003
302869,NWL,2025,10-K,0000814453-25-000008,Item_7,16,7fc36f27633fefa5acc877e9a91a99b86fe710180058e297a888d57e541de61c,1,10K-V2-I7-003
302870,NWL,2025,10-K,0000814453-25-000008,Item_7,17,fcf5b2e26257603ff54d7b114477a53d1419b1a333e78909b2939f2005ff86e9,1,10K-V2-I7-003
302871,NWL,2025,10-K,0000814453-25-000008,Item_7,18,9280d21ac1d41ebce7ed73a872584a8778670f985d2eb1e81447199ccde4b172,1,10K-V2-I7-003
302872,NWL,2025,10-K,0000814453-25-000008,Item_7,19,314b9704f457068327c756882f1c2e4f2809347863c5b94e9424154cc10d3f08,1,10K-V2-I7-003
302873,NWL,2025,10-K,0000814453-25-000008,Item_7,20,aaee15f1867c61b6770c56571fb88b902a962e04225c156476ba06a04832090a,1,10K-V2-I7-003
302874,NWL,2025,10-K,0000814453-25-000008,Item_7,21,17cec8d0b15605528030866b3ae787762c8a8bb11da2af442d915f218c60aaf5,1,10K-V2-I7-003
302875,NWL,2025,10-K,0000814453-25-000008,Item_7,22,c2d09004bc285eca9eae47622a9481b561a0e58acd130f083c76a17ff9e3e403,1,10K-V2-I7-003
302876,NWL,2025,10-K,0000814453-25-000008,Item_7,23,25d392148bad77dfdbff2420a3aadc6519338e74ea982b0287a7ab7bd8970164,1,10K-V2-I7-003
302877,NWL,2025,10-K,0000814453-25-000008,Item_7,24,928f5c00cf1cd357d933e5f060a9a109242cffdd723fc37d6c9df18eb6f1fd1f,1,10K-V2-I7-003
302878,NWL,2025,10-K,0000814453-25-000008,Item_7,25,76f8f12546a93c12add547a932072908ba62d35c3281457394fe49295059394e,1,10K-V2-I7-003
302879,NWL,2025,10-K,0000814453-25-000008,Item_7,26,6c11cde923c7a63dee1da66927e82c816a1aaa82e87172a33294282dd278d5c4,1,10K-V2-I7-003
302880,NWL,2025,10-K,0000814453-25-000008,Item_7,27,631be8b14fee947de55c13a163e99b6f9901dfc744f82a1344c88b6356c66a36,1,10K-V2-I7-003
302881,NWL,2025,10-K,0000814453-25-000008,Item_7,28,d10052edf9cdf051c7a366336b50c304af6277e9b1d34c7f0eba60cec0c66ff0,1,10K-V2-I7-003
302882,NWL,2025,10-K,0000814453-25-000008,Item_7,29,37a137f84941af8adc26b93a8368284249637ff1d863c9a4af7cd98f97275998,1,10K-V2-I7-003
302883,NWL,2025,10-K,0000814453-25-000008,Item_7,30,68b15c1c765c6577813d192acb0327612fb91524087060787763fe283901b021,1,10K-V2-I7-003
302884,NWL,2025,10-K,0000814453-25-000008,Item_7,31,2fe48fc369495950592ee0f025b64e5c844450252c8248e81eda97fbd3213e2c,1,10K-V2-I7-003
302885,NWL,2025,10-K,0000814453-25-000008,Item_7,32,c03ab5905823046bf61e2592451e841794330a3d0d575e1a7092ae5fd261dc71,1,10K-V2-I7-003
302886,NWL,2025,10-K,0000814453-25-000008,Item_7,33,d7b9a8bc89b8a57e789ce7bb3423ba97ce16e9c3d24a1018a480caa94fadc93b,1,10K-V2-I7-003
302887,NWL,2025,10-K,0000814453-25-000008,Item_7,34,3bb38264ea71e09b6c9d861ad1b9c632de3f1eb34c6ebca2db8e690b5f245165,1,10K-V2-I7-003
302888,NWL,2025,10-K,0000814453-25-000008,Item_7,35,c72e78d1730d69384c0cddc06ffe327a6b97bb4c78cf86352253cca3a71ebe4a,1,10K-V2-I7-003
302889,NWL,2025,10-K,0000814453-25-000008,Item_7,36,7a7bdb40eff3d80abcbc15b84d43634c54b53b6381e4332751ec460562a124d6,1,10K-V2-I7-003
302890,NWL,2025,10-K,0000814453-25-000008,Item_7,37,29f30910591b207cef54891b58556cda874381e4d1cdb771a4d3b9c5412647f0,1,10K-V2-I7-003
304832,ORBS,2026,10-K,0001493152-26-016664,Item_7,0,73d0d6ba13935766fd943c620d8301c662933f583450f444dd0cc423ff491571,1,10K-V2-TC-001
304833,ORBS,2026,10-K,0001493152-26-016664,Item_7,1,296e1d1c674141d9f4347b48ec2219175e6c12b60a85b332be5ac950f238710f,1,10K-V2-TC-001
304834,ORBS,2026,10-K,0001493152-26-016664,Item_7,2,d8afb4c3deb4f2f0ca8c25490714856a5a0c37fd3518a834b52576575ad7f261,1,10K-V2-TC-001
304835,ORBS,2026,10-K,0001493152-26-016664,Item_7,3,faf922ec9afaf8992d7dad7b63033eac4e17ee94e98993795607c0b904452a0a,1,10K-V2-TC-001
304836,ORBS,2026,10-K,0001493152-26-016664,Item_7,4,dd1370b83a9ff47ee36b4ea2004db6ee21bfceb316ba094029b442f7db58f699,1,10K-V2-TC-001
304837,ORBS,2026,10-K,0001493152-26-016664,Item_7,5,ab4d9060efdb70a05d20b7cc6953c0f701f2ce3a8b0c69968211b659483a1ec3,1,10K-V2-TC-001
304838,ORBS,2026,10-K,0001493152-26-016664,Item_7,6,df01b3f705ab23258e51eeb1fb9356a004e2d60a2e7447f20d3c6b8a3134726a,1,10K-V2-TC-001
304839,ORBS,2026,10-K,0001493152-26-016664,Item_7,7,8825ff964777bd6cc2a0adb9722ec2d684809b258489857e6a23aa7c17ab40ca,1,10K-V2-TC-001
304840,ORBS,2026,10-K,0001493152-26-016664,Item_7,8,83cc9278c40610296126610c417c04544b50a1e8e66c923f3fec7beb6c882efe,1,10K-V2-TC-001
304841,ORBS,2026,10-K,0001493152-26-016664,Item_7,9,95def4d0d1e2bd9b3a06cdc426b92845d2d48cce854f3e13ee0d8eeee69ac734,1,10K-V2-TC-001
304842,ORBS,2026,10-K,0001493152-26-016664,Item_7,10,78c7f8379f2cd3d6419c8ea8351dfd2f697a54da85a075838a71cf18c276208b,1,10K-V2-TC-001
304843,ORBS,2026,10-K,0001493152-26-016664,Item_7,11,fff3a30ba4cfc2a6c3a7288dd793013fee6b63f1e203023bc843f55294d2a6f1,1,10K-V2-TC-001
304844,ORBS,2026,10-K,0001493152-26-016664,Item_7,12,c6c7467214556499a501eac858b2824c5de3781cf8feb1cd2712477c6355ca0f,1,10K-V2-TC-001
304845,ORBS,2026,10-K,0001493152-26-016664,Item_7,13,bf71649228da367156676e868faf72e8f6e24b4dac2713d7e4b65a02d7ad7330,1,10K-V2-TC-001
304846,ORBS,2026,10-K,0001493152-26-016664,Item_7,14,b9c00a9cf2d212182606ab89f24b9b39018c66037c353e4c7044dee5d7e74382,1,10K-V2-TC-001
304847,ORBS,2026,10-K,0001493152-26-016664,Item_7,15,c711365c3c99730397d4ca24011c527d5318b90a617f624766d274d60730e37a,1,10K-V2-TC-001
304848,ORBS,2026,10-K,0001493152-26-016664,Item_7,16,9f8db2eb110bed3c77c02ce95b12a4c4884747a8b68eaf9ce407e25597d4ca44,1,10K-V2-TC-001
304849,ORBS,2026,10-K,0001493152-26-016664,Item_7,17,76cefa54d032b5b80cfead20238774af27f7cced95a9b93bd030197b9ed68ee4,1,10K-V2-TC-001
304850,ORBS,2026,10-K,0001493152-26-016664,Item_7,18,00bfb9ee5d52f7c91c16c35982a8ac7828af7dc6fa6b014ee1684519a3a0b1e8,1,10K-V2-TC-001
304851,ORBS,2026,10-K,0001493152-26-016664,Item_7,19,a00a6c6a39aa710b2d526d3fbd42805fece02df7f4e6f0bd3ad5061c2b0579c3,1,10K-V2-TC-001
304852,ORBS,2026,10-K,0001493152-26-016664,Item_7,20,91a353a21d45acd06262ff35ca53c470e95212c033803e0cd89611ea8e5addaf,1,10K-V2-TC-001
304853,ORBS,2026,10-K,0001493152-26-016664,Item_7,21,61cf43b6334c9f60792cb0ff4c858ce35b3c7474229cd98c957f31d6be663bf4,1,10K-V2-TC-001
304854,ORBS,2026,10-K,0001493152-26-016664,Item_7,22,4812a8d9a8ce36f8ea3dd85f73dd4be5aac2a3b2eebe2f777d1972f1fdb61ac3,1,10K-V2-TC-001
304855,ORBS,2026,10-K,0001493152-26-016664,Item_7,23,59c9f793566961743fe62c9f55f7e1f3060fda3f7cd65eae7e4f940776b6400c,1,10K-V2-TC-001
304856,ORBS,2026,10-K,0001493152-26-016664,Item_7,24,5ba0e09b59ceb4da5f78ef8b032babb38b2cdec787305bed02d81f88b1b737eb,1,10K-V2-TC-001
304857,ORBS,2026,10-K,0001493152-26-016664,Item_7,25,5c2310eea0ad07f9453fc360ae99378c5542987d6280a1621a7602b3209699aa,1,10K-V2-TC-001
304858,ORBS,2026,10-K,0001493152-26-016664,Item_7,26,e2c05bde8913de657cf567cf6c097cb28f729cf7e971e43e92cc332f1977ca64,1,10K-V2-TC-001
304859,ORBS,2026,10-K,0001493152-26-016664,Item_7,27,498b25fc56c7ee981c68854ad907381d557758a3b9efb8125a28db12fc43e18a,1,10K-V2-TC-001
304860,ORBS,2026,10-K,0001493152-26-016664,Item_7,28,25ad79c7b5d7783c124d2a52780eafc4d38a118855d1e24a35ed7bf7227b9923,1,10K-V2-TC-001
313076,RCKY,2025,10-K,0001437749-25-008025,Item_1A,0,34b7196429f1bce5d2aaa353d7e192e9142eb38cff930dbe7586835758fb095f,1,10K-V2-XC-003
313077,RCKY,2025,10-K,0001437749-25-008025,Item_1A,1,4c62247b4701aeebedf5c356c62e957541d41fb0bc35cfd4f7a12ed905d13731,1,10K-V2-XC-003
313078,RCKY,2025,10-K,0001437749-25-008025,Item_1A,2,345bf8b6a3c3caa210433c315cb4cf66cfc588d2573e257ff2d02f8cfb5be330,1,10K-V2-XC-003
313079,RCKY,2025,10-K,0001437749-25-008025,Item_1A,3,7b643ee7da8444c1e96bf1f5d12d4b951de01067d73f35c8ce3b02939c958b79,1,10K-V2-XC-003
313080,RCKY,2025,10-K,0001437749-25-008025,Item_1A,4,b3bf1d3061b395dbe2b1820fab9e4681169d4d54d24e089e8698af160a1be9a6,1,10K-V2-XC-003
313081,RCKY,2025,10-K,0001437749-25-008025,Item_1A,5,d65aca54e904f549e4635aef5a69def7fb55429360ad25fdde787a4bc1a05426,1,10K-V2-XC-003
313082,RCKY,2025,10-K,0001437749-25-008025,Item_1A,6,18632dfc47d4f8b67b7ea60ccdc2028522f8639fb87db69b1062b25a732edf5c,1,10K-V2-XC-003
313083,RCKY,2025,10-K,0001437749-25-008025,Item_1A,7,f5b00d3c80ea1f11cff5e7c0d734c2aabc931c1b2275c07fb88e71120a4d7e23,1,10K-V2-XC-003
313084,RCKY,2025,10-K,0001437749-25-008025,Item_1A,8,2f112ec67dec7ed88ca0a7482e6f885db0f685fdc6a1161321f9afa902a46a50,1,10K-V2-XC-003
313085,RCKY,2025,10-K,0001437749-25-008025,Item_1A,9,57afa71a42164593bdef385f2e70cdd6ce75661bfd3813c7c4fb291df24d230b,1,10K-V2-XC-003
313086,RCKY,2025,10-K,0001437749-25-008025,Item_1A,10,c809dff5aafb55af25a26e1cf0845e5943bb7898ad46c9d06fea20bee3d75f42,1,10K-V2-XC-003
313087,RCKY,2025,10-K,0001437749-25-008025,Item_1A,11,a44c42c47a736fc6868c85ddfc3a8a847ae17b6fa9a72f745e0397aa12e32c95,1,10K-V2-XC-003
313088,RCKY,2025,10-K,0001437749-25-008025,Item_1A,12,d789ebcd229100dcff3cb2d2aee97c8c0c0af1fedef5344762b56436813ff30c,1,10K-V2-XC-003
313089,RCKY,2025,10-K,0001437749-25-008025,Item_1A,13,b689f02e18208df9a16fe3f0869b71da9c51f9a206db6061968489ccc2262e74,1,10K-V2-XC-003
313090,RCKY,2025,10-K,0001437749-25-008025,Item_1A,14,d00f1c7a3e5affac7409b3b7af4f0b7309e7d5fa4f7dc9ed075fcfba53a57011,1,10K-V2-XC-003
313091,RCKY,2025,10-K,0001437749-25-008025,Item_1A,15,ccffef6dd4f19afe645481af94f48f0e5a2a17ec64a89ba12e266c895727855e,1,10K-V2-XC-003
313340,RDNW,2024,10-K,0001596961-24-000021,Item_1A,0,7badecd040f71aa93da8eb4cb86728f2f183f16bca17e62d3b2cf4f967b8733f,1,10K-V2-I1A-003
313341,RDNW,2024,10-K,0001596961-24-000021,Item_1A,1,c8293cf82ff80dbc97c61a8843c804ada5e364d2b0e0ade41080df68d4c16170,1,10K-V2-I1A-003
313342,RDNW,2024,10-K,0001596961-24-000021,Item_1A,2,d06d629e8f5af52a47dc1fdc3b60291d60b21738b6504771c0c45ac803453b12,1,10K-V2-I1A-003
313343,RDNW,2024,10-K,0001596961-24-000021,Item_1A,3,2a904467d13c13924055073320fb5ced2e51e837c5d431d4b1d9eb1352e852b0,1,10K-V2-I1A-003
313344,RDNW,2024,10-K,0001596961-24-000021,Item_1A,4,c0b198b795123afde50c007bb28c64893cc3ab2efc61c517bc7d45aa5e2bff02,1,10K-V2-I1A-003
313345,RDNW,2024,10-K,0001596961-24-000021,Item_1A,5,9b75763b10accf1bfbc6cbfc4c841fb891dad6e0092aba878be50ac1907f79ca,1,10K-V2-I1A-003
313346,RDNW,2024,10-K,0001596961-24-000021,Item_1A,6,cc4434f5c86871963bdf5b225cfbe806f252adb2f3e2b7b1a3ff57eea179242e,1,10K-V2-I1A-003
313347,RDNW,2024,10-K,0001596961-24-000021,Item_1A,7,98f0d7cfce50862d474e1e1e6a87e1d5cd8537bc21d358f76f53ac618dab27ef,1,10K-V2-I1A-003
313348,RDNW,2024,10-K,0001596961-24-000021,Item_1A,8,bf40377cad986ff8d4c0e0196238400b2e11cfe60e63afaeed314f04621b7283,1,10K-V2-I1A-003
313349,RDNW,2024,10-K,0001596961-24-000021,Item_1A,9,138dfac48d1ee2d1bc09d26e9356a55f6ef160de540d977e3d8ee18a73dd738c,1,10K-V2-I1A-003
313350,RDNW,2024,10-K,0001596961-24-000021,Item_1A,10,27267b59a84f34b3a25484a0a072e246f724333d7b78d0a010e114e2d4632125,1,10K-V2-I1A-003
313351,RDNW,2024,10-K,0001596961-24-000021,Item_1A,11,cae8191f9289d93be55bcc290a1f2809c678a21366efbe68ffddc2d13b21ad26,1,10K-V2-I1A-003
313352,RDNW,2024,10-K,0001596961-24-000021,Item_1A,12,f6fc83fe83f2260087c3d0e2b31d4a843b3b6c5b5713083ee637eadb90f1b7fb,1,10K-V2-I1A-003
313353,RDNW,2024,10-K,0001596961-24-000021,Item_1A,13,c67d827a76917a2150f1e68970fd01f8447d4c8c45f646cea3e613dc1a155098,1,10K-V2-I1A-003
313354,RDNW,2024,10-K,0001596961-24-000021,Item_1A,14,f2660db8d0cb43b4c025a4f4e3b50eaa566b959edf44c9a8aad99f3fe5fb9ed0,1,10K-V2-I1A-003
313355,RDNW,2024,10-K,0001596961-24-000021,Item_1A,15,004a85fb4afa6bf7da57988d5dd729a0e3cc5f88793d46fde2fe572933381bcd,1,10K-V2-I1A-003
313356,RDNW,2024,10-K,0001596961-24-000021,Item_1A,16,592c9eaa3276e2579e7f06cedabdf8eebc0e027ceb8440c1801780909de222d1,1,10K-V2-I1A-003
313357,RDNW,2024,10-K,0001596961-24-000021,Item_1A,17,39a7b650eb3c8d7190ba2cf11b4e3e29ae5741b5e4bd5b8370b111e1ea1ca938,1,10K-V2-I1A-003
313358,RDNW,2024,10-K,0001596961-24-000021,Item_1A,18,3bf29deb85fa8acced9e30daa93654e56b788cb1c5bca298892fb7ea9df94392,1,10K-V2-I1A-003
313359,RDNW,2024,10-K,0001596961-24-000021,Item_1A,19,775df0a7321afcc289e2f570f1ea611947b59834f725d2169e6be139b38215ec,1,10K-V2-I1A-003
313360,RDNW,2024,10-K,0001596961-24-000021,Item_1A,20,de4c30555cb0394ee01b650b3cce2e0bd539095cc6b86f70c560db6a8407c5d8,1,10K-V2-I1A-003
313361,RDNW,2024,10-K,0001596961-24-000021,Item_1A,21,289e02cb4dd453e33fab28a25f558f26668cdb6bd95c3954eee71392bf51b3d0,1,10K-V2-I1A-003
313362,RDNW,2024,10-K,0001596961-24-000021,Item_1A,22,db0a931677691a97035d631c28aad419f7f7a22aa66bb45dfbfe7d1268694c0b,1,10K-V2-I1A-003
313363,RDNW,2024,10-K,0001596961-24-000021,Item_1A,23,ab3e7633f98e717770012f37a6447b094ba7a577797fc100dbb6319c7501adc9,1,10K-V2-I1A-003
314145,REAL,2026,10-K,0001573221-26-000010,Item_1,0,c6eb7791fd5b3a52f40be40549cc4fe208118eb02bb73b0b35ce431caa3d7007,1,10K-V2-I1-004
314146,REAL,2026,10-K,0001573221-26-000010,Item_1,1,10b6f9911bdaabfc9348dbc664a9775e608054e97c953b08855fded57f19dcc0,1,10K-V2-I1-004
314147,REAL,2026,10-K,0001573221-26-000010,Item_1,2,22e18021c6d93f5a5ac61945518bd03dfa4a89219cc4b7df47353f598c042a6c,1,10K-V2-I1-004
314148,REAL,2026,10-K,0001573221-26-000010,Item_1,3,1be52793ef1b9fd470538c887d897ccdaab2a4738d24422a61c9dc7fdaa264f3,1,10K-V2-I1-004
314149,REAL,2026,10-K,0001573221-26-000010,Item_1,4,8aed485e8c58b2bc10b125a6b43a39ac800c1b742bf69e3f2eeed35576fcfccb,1,10K-V2-I1-004
314150,REAL,2026,10-K,0001573221-26-000010,Item_1,5,c9d84d0b5f55346b80173c62b706d813b0f84e1d9738592f7d46760c4c4af405,1,10K-V2-I1-004
314151,REAL,2026,10-K,0001573221-26-000010,Item_1,6,8f644873d9882f1b20142a3873083ea4eb0c81827c84cb116e8ed652d5531161,1,10K-V2-I1-004
314152,REAL,2026,10-K,0001573221-26-000010,Item_1,7,5e9f7d14e96109af34994a6753c94b9e7b2a6842f31cb564e1eb81a6eb0deaf3,1,10K-V2-I1-004
314153,REAL,2026,10-K,0001573221-26-000010,Item_1,8,07ba45c241eee8c41e97f977547ed12c774e1c0a36ac5cf756352e5723ddae80,1,10K-V2-I1-004
314154,REAL,2026,10-K,0001573221-26-000010,Item_1,9,67e5787f07e64947af8f5f8350d3d944b577e75198ef75611b20bfc442d1deac,1,10K-V2-I1-004
323315,SNBR,2025,10-K,0000827187-25-000018,Item_7,0,1ba54c40b3602702a3c3a09bb77920d3e93db5365bbf59314984b021e1596054,1,10K-V2-I7-002
323316,SNBR,2025,10-K,0000827187-25-000018,Item_7,1,ca7c0a85e44b16ccd08b66ec06eb0fd06f73ff615ffabdcadea0fd7ebfe2670f,1,10K-V2-I7-002
323317,SNBR,2025,10-K,0000827187-25-000018,Item_7,2,2f452e6da1ea222991f5c44a5ec3fdd4d8b47611e62d9de7a4b830e870ec4e13,1,10K-V2-I7-002
323318,SNBR,2025,10-K,0000827187-25-000018,Item_7,3,9078bd306bdba44bfaa00e38ebf009f1d1a40e4b3424482ae47f90dd3b4babff,1,10K-V2-I7-002
323319,SNBR,2025,10-K,0000827187-25-000018,Item_7,4,aa93d28b88dc489c9400ad20f852becb89e7b7f1e835ebb3c66180011566f4b6,1,10K-V2-I7-002
323320,SNBR,2025,10-K,0000827187-25-000018,Item_7,5,75bac3c8b3a66a8a04b9ce6c6ef62db21938327d51d5bdc78ae9f4b2ce46ef31,1,10K-V2-I7-002
323321,SNBR,2025,10-K,0000827187-25-000018,Item_7,6,6455065bf0ada4e97f8364ac643a187c37ca10166223b863c4d9fa95fe605c62,1,10K-V2-I7-002
323322,SNBR,2025,10-K,0000827187-25-000018,Item_7,7,5ef1ab1b7346fe7f0d5f39211375f509a3384076dd661e786fd749620865233e,1,10K-V2-I7-002
323323,SNBR,2025,10-K,0000827187-25-000018,Item_7,8,9ac564f2499896594100c4a1ea3960b741042eda50c50bc91791c47661fbe3aa,1,10K-V2-I7-002
323324,SNBR,2025,10-K,0000827187-25-000018,Item_7,9,4da2e0d2b22b3c3e98c39c83b1e9677ee6719b8ce1045a0d06e3392ddd60c720,1,10K-V2-I7-002
323325,SNBR,2025,10-K,0000827187-25-000018,Item_7,10,32e97c763c630828993265dfe57c6ee41406fdbbbee23d0f19616a4635800fe3,1,10K-V2-I7-002
323326,SNBR,2025,10-K,0000827187-25-000018,Item_7,11,f3734ab32b467ef9d1b448bcaa2f988aff19a3735e34812a196717bf9e5ce2b1,1,10K-V2-I7-002
323327,SNBR,2025,10-K,0000827187-25-000018,Item_7,12,69cb7db1290063a1fe287974c43b7362572b3d3f7b341afe2d1ee7556d01d3a0,1,10K-V2-I7-002
323328,SNBR,2025,10-K,0000827187-25-000018,Item_7,13,00beb2d2073dad2d67b7b3ca1de12b2c6f062125bf641b10b593b8bc03f2fe3b,1,10K-V2-I7-002
323329,SNBR,2025,10-K,0000827187-25-000018,Item_7,14,88766a979b88a0a028b67eb6d990ab76936e0e7406e5a179dba1351f5166abee,1,10K-V2-I7-002
323330,SNBR,2025,10-K,0000827187-25-000018,Item_7,15,91cbd007ad0eb440645f96cbecaf899bd22eec95ed62904ac26cb808b770f973,1,10K-V2-I7-002
323331,SNBR,2025,10-K,0000827187-25-000018,Item_7,16,195294575fe5671cbf998e9d298cbe7dcc6276b8443ca57826b639f17fd5af5d,1,10K-V2-I7-002
323332,SNBR,2025,10-K,0000827187-25-000018,Item_7,17,e19e9c84751355bdf44288f0b09b29853a4032aef6535e73c0f53c41fa349607,1,10K-V2-I7-002
323333,SNBR,2025,10-K,0000827187-25-000018,Item_7,18,2e1b2e37d978cdf80b1316cbbeca9ef9553489452eea899c975c29fc71d277ed,1,10K-V2-I7-002
323334,SNBR,2025,10-K,0000827187-25-000018,Item_7,19,64a11bb607d048a0ea557458aaf27b1c267847b8e6d45074d86c5f15c28dc094,1,10K-V2-I7-002
323335,SNBR,2025,10-K,0000827187-25-000018,Item_7,20,b99ce2a6c0cd56b44bc2eaa8bde1699242223a2404004a5d3610c6d489a3f327,1,10K-V2-I7-002
323336,SNBR,2025,10-K,0000827187-25-000018,Item_7,21,c61518ba324b06c602b31ea6c4bb69ebda0f888e291e3680fc64141804273fc2,1,10K-V2-I7-002
323337,SNBR,2025,10-K,0000827187-25-000018,Item_7,22,56b5cf0cd0f5e5b6ade7197279b1b2c52076cbe6a16e7d6ef2a043bf4399d26d,1,10K-V2-I7-002
323338,SNBR,2025,10-K,0000827187-25-000018,Item_7,23,bb1bb55bcf8de9c7fef6f4e8ff7a1e61fb433769cc626bf02af3b55dbafe4df8,1,10K-V2-I7-002
326171,TGT,2024,10-K,0000027419-24-000032,Item_1A,0,382c32defb1499e76d461f22eef2f63a1126bafc6468acc5c21ef64e4442adae,1,10K-V2-XC-002
326172,TGT,2024,10-K,0000027419-24-000032,Item_1A,1,56267b1dc7f95a80351c41ee58f29ccc9df8c311165d6407239d49ea3ef5c37f,1,10K-V2-XC-002
326173,TGT,2024,10-K,0000027419-24-000032,Item_1A,2,7d0b758425b8876a4fa5edec1796cde5f488cf70c4e72331026ae4fa37d15c4c,1,10K-V2-XC-002
326174,TGT,2024,10-K,0000027419-24-000032,Item_1A,3,037f4785a6ea0f14ee17f7476dc405941100189d88e32d94ed91a577d7873014,1,10K-V2-XC-002
326175,TGT,2024,10-K,0000027419-24-000032,Item_1A,4,22e948acbb46d4d2bc50e1c20665b101b8d5df7f9cd4285a2693a8b15ba672f0,1,10K-V2-XC-002
326176,TGT,2024,10-K,0000027419-24-000032,Item_1A,5,d5383fa5ee16c70af544f08b40f3ee334a42d7920cd1f0bfaee2f214dc3be313,1,10K-V2-XC-002
326177,TGT,2024,10-K,0000027419-24-000032,Item_1A,6,4396fc07b2eb90b924c3a6b7378d41fd844bf2a164eb66031014573e335dec4b,1,10K-V2-XC-002
326178,TGT,2024,10-K,0000027419-24-000032,Item_1A,7,fbb5f8283f40ce74cad76300082d85bd05f2c7efccee1ecb974d867c1b7cba4e,1,10K-V2-XC-002
326179,TGT,2024,10-K,0000027419-24-000032,Item_1A,8,171481d7e05ba79e8716851e006a7f2a6708e517f98e096ace8b8b4025823a99,1,10K-V2-XC-002
326180,TGT,2024,10-K,0000027419-24-000032,Item_1A,9,7653d4764b0e14b57d1cfd47fa9a2ec8a62094c3a97236d663951e7eb47e49c4,1,10K-V2-XC-002
326181,TGT,2024,10-K,0000027419-24-000032,Item_1A,10,7d6c2fa45a300fc59e10fc24cbae75d1e66083997c7c7eb260aa70ecfd70e216,1,10K-V2-XC-002
326182,TGT,2024,10-K,0000027419-24-000032,Item_1A,11,49c2ca7253a393d273c482dd794246b4c3e1ebdb232932185acb10e5c5a5a0a0,1,10K-V2-XC-002
326183,TGT,2024,10-K,0000027419-24-000032,Item_1A,12,12c03fbf2b09a08a54b8dfa2bbe6b1ab2000e51b4e9ff128e9028f13339dda22,1,10K-V2-XC-002
326184,TGT,2024,10-K,0000027419-24-000032,Item_1A,13,b4a86cbf278445eee06568a9165aa9ae213b698dd08c302578169295a2ec6779,1,10K-V2-XC-002
332956,VFC,2024,10-K,0000103379-24-000008,Item_7,0,c773993410c227cdf53b9f7ec91885a78e545c50b54cedf6ba328329362b1947,1,10K-V2-TC-002
332957,VFC,2024,10-K,0000103379-24-000008,Item_7,1,2fb53bc5340e2de3c077459fce27948dd13781643cc8052dde1d41a104fac45f,1,10K-V2-TC-002
332958,VFC,2024,10-K,0000103379-24-000008,Item_7,2,ae3cf60feb6a6745c238b6fa2b894c01bbd565d26cede91671349a5d5cab641a,1,10K-V2-TC-002
332959,VFC,2024,10-K,0000103379-24-000008,Item_7,3,4081769546a62e2c1069a6cf0c6024b1f402f827f5825eb010dd4b855667a2ad,1,10K-V2-TC-002
332960,VFC,2024,10-K,0000103379-24-000008,Item_7,4,ffdd4bc47a10b001e5d64424d4089f1a555c9127f7bdbdf57fc083b28dfe3cab,1,10K-V2-TC-002
332961,VFC,2024,10-K,0000103379-24-000008,Item_7,5,0eeed941c870ceb8217baf624b5b4e6f5a3f8a9cfacdb07dc489475cfe652698,1,10K-V2-TC-002
332962,VFC,2024,10-K,0000103379-24-000008,Item_7,6,19fc508358d706dbe415e8d9f3257766f9d6a62da2b2124b881e238a3612b6ce,1,10K-V2-TC-002
332963,VFC,2024,10-K,0000103379-24-000008,Item_7,7,f2c20ffa5cf878966d9e3c48099da8ca2eedd1d6015703bc71d7241b688f69f9,1,10K-V2-TC-002
332964,VFC,2024,10-K,0000103379-24-000008,Item_7,8,5e2ad0d06d3ffa1b8765248fd9cf7bd8852cfd3bac0ebf77484f9a642a6232ce,1,10K-V2-TC-002
332965,VFC,2024,10-K,0000103379-24-000008,Item_7,9,44a3a8590dc1486500902d83afb33cba479eb1278e8d6d8fcec1950c934cabaf,1,10K-V2-TC-002
332966,VFC,2024,10-K,0000103379-24-000008,Item_7,10,a3028999658eec019af7daae80fc9a0dff220f42570e1c3a49124916cda66bea,1,10K-V2-TC-002
332967,VFC,2024,10-K,0000103379-24-000008,Item_7,11,9c2ba204eafbe6d77bc6dfbaee60166fc5d58e7c4b5950f38654aa5eb6419e07,1,10K-V2-TC-002
332968,VFC,2024,10-K,0000103379-24-000008,Item_7,12,29de6bfeb07436497a9be9e6546953cadab3ee02310be70f5720e45f1f76001a,1,10K-V2-TC-002
332969,VFC,2024,10-K,0000103379-24-000008,Item_7,13,6eeac67fc61a656d9633d99c6ea83de1dcb223d85bdbfcb58677f91bce71ae91,1,10K-V2-TC-002
332970,VFC,2024,10-K,0000103379-24-000008,Item_7,14,723e6016c3409d89eb8ccad89e25627da0ff3b0eb86bcc344cafcded3331f09c,1,10K-V2-TC-002
332971,VFC,2024,10-K,0000103379-24-000008,Item_7,15,693b4ea03d4972fece9cdd5230d7eb4258504fffde98b0b8b77f5cee6cef68d3,1,10K-V2-TC-002
332972,VFC,2024,10-K,0000103379-24-000008,Item_7,16,f4ba084d7ea7b573e8abbd0cbc952b9429601b0b05ed070717f73d6a77d8e1ef,1,10K-V2-TC-002
332973,VFC,2024,10-K,0000103379-24-000008,Item_7,17,58a4e8b7c6cdb75583d95dc48421549cc6f75adc7de1cb149fd252d00ceaf6e1,1,10K-V2-TC-002
332974,VFC,2024,10-K,0000103379-24-000008,Item_7,18,01fef23f35555abd026cb2c93e7a60a992f959a573a2676314d22176c31a44b1,1,10K-V2-TC-002
332975,VFC,2024,10-K,0000103379-24-000008,Item_7,19,756836e04d46927e7602deca3172166d85188baabf077e019dd657bdc1c77017,1,10K-V2-TC-002
332976,VFC,2024,10-K,0000103379-24-000008,Item_7,20,b6db31f220ab4b3e2577cf1266e38fca0f70ca49e88b71b5fadf66e9d72ee8eb,1,10K-V2-TC-002
332977,VFC,2024,10-K,0000103379-24-000008,Item_7,21,1f13a3fb91cd13ef06324897881bcb699fb84a88848381558abf055bf6bb8712,1,10K-V2-TC-002
332978,VFC,2024,10-K,0000103379-24-000008,Item_7,22,cacbde603aee9d44e8c8cb426414c14b7616a731498e0bc36bc6c430dcdc2a9e,1,10K-V2-TC-002
332979,VFC,2024,10-K,0000103379-24-000008,Item_7,23,8f7d6ee97502b2dae745158e52ad41c23d8b82d9213baad3c14da6dbe86cb413,1,10K-V2-TC-002
332980,VFC,2024,10-K,0000103379-24-000008,Item_7,24,f5cfa763365f2ab7adc3d674258caa0b95afff707361938fc370c1c8b2968fca,1,10K-V2-TC-002
332981,VFC,2024,10-K,0000103379-24-000008,Item_7,25,0da89168109ed7908642b7c2745a35a46c206e9243eb8b53bdabf08ad90c52f5,1,10K-V2-TC-002
332982,VFC,2024,10-K,0000103379-24-000008,Item_7,26,7a18b2a4cebd886a487cbcfa1e422ef8fec0447f510abd2e866f84925dc578ac,1,10K-V2-TC-002
332983,VFC,2024,10-K,0000103379-24-000008,Item_7,27,17a73b5c936466f483749f7c7e6c9c9ae9d6a6f0c33089f1bfc9e14c1b389423,1,10K-V2-TC-002
332984,VFC,2024,10-K,0000103379-24-000008,Item_7,28,411c9a7b46ac5c858d506ff215b457b5e7440ef6e8c1a79d58afa5f68e2abb46,1,10K-V2-TC-002
332985,VFC,2024,10-K,0000103379-24-000008,Item_7,29,f8982b58db8fc74bf1ebdb2a6a47de83c86485fea450a6a8df6f04ed3a094284,1,10K-V2-TC-002
332986,VFC,2024,10-K,0000103379-24-000008,Item_7,30,20543a5c6cd93db2267d9677f28b261295dcca9c6226ce42225bc1497ea32538,1,10K-V2-TC-002
332987,VFC,2024,10-K,0000103379-24-000008,Item_7,31,9ba25e63e21b2ce30ab54878ab18f9207ed86e3a58593093c5f5ffbdae4b64ce,1,10K-V2-TC-002
332988,VFC,2024,10-K,0000103379-24-000008,Item_7,32,24c77a6d3cfd945ca88f6e00360cb379427d8c982fadf71105e87e4a563e0b97,1,10K-V2-TC-002
332989,VFC,2024,10-K,0000103379-24-000008,Item_7,33,35fc8da3566ecffa945dfba40b3045f123443863861abde9af2e6b6fd876817a,1,10K-V2-TC-002
332990,VFC,2024,10-K,0000103379-24-000008,Item_7,34,7fd2fb56afee5900bcef4b9b753ec1a0fd403a90eca132e29ede2db47f4a6580,1,10K-V2-TC-002
332991,VFC,2024,10-K,0000103379-24-000008,Item_7,35,f50f951ec7873251b1422e84f9914021f1f65aa1c560e3a0774b7f92516dcdcf,1,10K-V2-TC-002
332992,VFC,2024,10-K,0000103379-24-000008,Item_7,36,415e1bd54ae3c2f77ca577d2b6b4198d667a1a21d7925ef6801e241a84e6411b,1,10K-V2-TC-002
332993,VFC,2024,10-K,0000103379-24-000008,Item_7,37,7ed502a6d2dc7d9bc9f4d1e5d6e7037491ecccb10ce24917a6bff8278560d237,1,10K-V2-TC-002
332994,VFC,2024,10-K,0000103379-24-000008,Item_7,38,78fbbe1e86f255f16b818165ca0ac4cdb87d344f676355300620556bd6cf0326,1,10K-V2-TC-002
332995,VFC,2024,10-K,0000103379-24-000008,Item_7,39,e32110de86af4cfad4563338d47dd4a2e38280a70cfc16b07335f2d461e787ad,1,10K-V2-TC-002
332996,VFC,2024,10-K,0000103379-24-000008,Item_7,40,cd6dce13161627b6db0f1d8b7796b07257961b34455324c37b06fa6c007908ac,1,10K-V2-TC-002
332997,VFC,2024,10-K,0000103379-24-000008,Item_7,41,21b8d717ef6a38361347943b66410f59aa6278da92e97cc957eeda0f2e2021b3,1,10K-V2-TC-002
339321,WOOF,2024,10-K,0000950170-24-040516,Item_8,0,5c734da0a7ef83ed410c9e55d8a9a4b7a3f290bf1012ee67af959f46045fbce1,1,10K-V2-TC-004
339322,WOOF,2024,10-K,0000950170-24-040516,Item_8,1,b3d746cff57759a7b76223c318e4691a05a935a1930ee7b4a455a7a67f2db379,1,10K-V2-TC-004
339323,WOOF,2024,10-K,0000950170-24-040516,Item_8,2,f1790d03cf79626f4ca1223f27dc092d013871244718fe2e276189e0e5e2fafc,1,10K-V2-TC-004
339324,WOOF,2024,10-K,0000950170-24-040516,Item_8,3,7dfc56260115be81b707aafff654af4bac694a272b59d0253723afb0358a948b,1,10K-V2-TC-004
339325,WOOF,2024,10-K,0000950170-24-040516,Item_8,4,3f30015efda0287da4ac4b85d5337789f32b83b12ce8556197cec0be53f61fc7,1,10K-V2-TC-004
339326,WOOF,2024,10-K,0000950170-24-040516,Item_8,5,3d89379b6e03c8da243ab365630e7f8beccf3fbe1c2f6a7e01ee5c0175386f31,1,10K-V2-TC-004
339327,WOOF,2024,10-K,0000950170-24-040516,Item_8,6,177c980ede959d459867236871cd112f8d5cd7e0c805fbc8372b569a0244f2e2,1,10K-V2-TC-004
339328,WOOF,2024,10-K,0000950170-24-040516,Item_8,7,5c7c0e44aa86e82408769d0d011602a7ec1a2bb6ad71002342b8fb2094982470,1,10K-V2-TC-004
339329,WOOF,2024,10-K,0000950170-24-040516,Item_8,8,7c869413d843a78a7a5eb1d623dfb7354212af8aee6c84d427d4915f43bd65b1,1,10K-V2-TC-004
339330,WOOF,2024,10-K,0000950170-24-040516,Item_8,9,ecc8894533c15126745b75d6482c867045a872553b910516df5431fae71dcc5f,1,10K-V2-TC-004
339331,WOOF,2024,10-K,0000950170-24-040516,Item_8,10,199b008bd45a78e8ca15f9d92d83529438abdb766b705667cf4d700b09739ca6,1,10K-V2-TC-004
339332,WOOF,2024,10-K,0000950170-24-040516,Item_8,11,81b3a260b840145cc9a4aece6353506e00f4832db4105da636e1fc46794a7e8c,1,10K-V2-TC-004
339333,WOOF,2024,10-K,0000950170-24-040516,Item_8,12,9470ccb5376ef07aefd507a8ed4dc111ebf2623e32f456ec0b7bdf63e03ba95a,1,10K-V2-TC-004
339334,WOOF,2024,10-K,0000950170-24-040516,Item_8,13,d6d93b198da0cbecec69042133b9e0ddf819be00d9c3bfa92ed90bd50b5425fc,1,10K-V2-TC-004
339335,WOOF,2024,10-K,0000950170-24-040516,Item_8,14,19cd470c9bf4bdcab6224edc245fac4dffc4597db65b1db856015fe7531fc388,1,10K-V2-TC-004
339336,WOOF,2024,10-K,0000950170-24-040516,Item_8,15,fd6efa266ccc78a7e77c76885c44d95fb8c2941617f223a3a653a2318c6861ea,1,10K-V2-TC-004
339337,WOOF,2024,10-K,0000950170-24-040516,Item_8,16,0d4ed7fa282c54094190bd34376aa82062685f02cb92d4e22afaa6f491c4f779,1,10K-V2-TC-004
339338,WOOF,2024,10-K,0000950170-24-040516,Item_8,17,ca167806eae7c3e1ae2c528856b785f22e46e50f10795df111421ad327292730,1,10K-V2-TC-004
339339,WOOF,2024,10-K,0000950170-24-040516,Item_8,18,aa3570341612abb5f4d8da854df3688cdf80454819eb18c2ebe2e4c752716e37,1,10K-V2-TC-004
339340,WOOF,2024,10-K,0000950170-24-040516,Item_8,19,d1130512de459935d48ec200ad8608592d06c84a65ea5362bb85df3ba3d4245f,1,10K-V2-TC-004
339341,WOOF,2024,10-K,0000950170-24-040516,Item_8,20,c64e7f5a05c850cd1cf229915138bd2173676ef16aef9ad067b669be3ae71a4c,1,10K-V2-TC-004
339342,WOOF,2024,10-K,0000950170-24-040516,Item_8,21,8af7d65fdcc2e18440b131030ba3c3108113b907a1ee9b1f7239de7df218006a,1,10K-V2-TC-004
339343,WOOF,2024,10-K,0000950170-24-040516,Item_8,22,3f42ef25cc4073be40beb7cfc035c026f54d62057edf63f69e28bb1af45a93bd,1,10K-V2-TC-004
339344,WOOF,2024,10-K,0000950170-24-040516,Item_8,23,e57f510eae0511427de434676bf16b2f0946817357a90ba4cb2c51b95492e793,1,10K-V2-TC-004
339345,WOOF,2024,10-K,0000950170-24-040516,Item_8,24,701fadba5d9f5e3aa047fbc3d421dbbdc8874434121c015566512d5fad76955e,1,10K-V2-TC-004
339346,WOOF,2024,10-K,0000950170-24-040516,Item_8,25,e5d92a363980facd2da0ffa322f40bdb6c868cc434ebc58cf11ceaa908c68af7,1,10K-V2-TC-004
339347,WOOF,2024,10-K,0000950170-24-040516,Item_8,26,cc38b25b0fedff2619e407242115b0c672e2214a43b6b9183112635175f6c54e,1,10K-V2-TC-004
339348,WOOF,2024,10-K,0000950170-24-040516,Item_8,27,45a71665db96828419ddc14285702661d17ebfc63f51babe2770a78d0b7d223d,1,10K-V2-TC-004
339349,WOOF,2024,10-K,0000950170-24-040516,Item_8,28,31e26ae31ad9521380d050bd080544831be792464e21b2faa3a4cb9fac1954ad,1,10K-V2-TC-004
339350,WOOF,2024,10-K,0000950170-24-040516,Item_8,29,e410d6c02231cf46804b7eac1384a59217a41a8627c9890be99f44fdcff2fa7f,1,10K-V2-TC-004
339351,WOOF,2024,10-K,0000950170-24-040516,Item_8,30,11c183a357d9fe7eac714dfe446c44f73cf781381ed53b50f90498438c056970,1,10K-V2-TC-004
339352,WOOF,2024,10-K,0000950170-24-040516,Item_8,31,c9e19beb63656dcdd503167f822a4c80d70f9eeff8d1b9e03ab7526dfd1aa715,1,10K-V2-TC-004
339353,WOOF,2024,10-K,0000950170-24-040516,Item_8,32,042c7152f6f842e6831d5b0536cb441f88654b90c9f9ce97b59aa1d0a3a1d1e1,1,10K-V2-TC-004
339354,WOOF,2024,10-K,0000950170-24-040516,Item_8,33,e4a71ec16e4de98e01750a2e930f093b814d32a54f5d6bec1d8732bb0b7366f1,1,10K-V2-TC-004
339355,WOOF,2024,10-K,0000950170-24-040516,Item_8,34,90a3bae323914146755bfca4f578059ffc5b5ee85d6115a2d7aff0a70a22e62c,1,10K-V2-TC-004
339356,WOOF,2024,10-K,0000950170-24-040516,Item_8,35,7d7a1e79c2ce81bc50e69d7c9aebd74c3ef0b345cf1c1ebf3931e1592a37dc20,1,10K-V2-TC-004
339357,WOOF,2024,10-K,0000950170-24-040516,Item_8,36,0c1a48d406722af4feba33dd01b14dbda31f53efb8e590c9c0849b44faf8ab2c,1,10K-V2-TC-004
339358,WOOF,2024,10-K,0000950170-24-040516,Item_8,37,5e224f6404a2d1135560134c0190f413cde9ed43d2d9344af7dee3496b533968,1,10K-V2-TC-004
339359,WOOF,2024,10-K,0000950170-24-040516,Item_8,38,758e5ced93e4af14ebd7209f26e6bad48bc7ad30f93ad1d6662dd059af9c32d8,1,10K-V2-TC-004
339360,WOOF,2024,10-K,0000950170-24-040516,Item_8,39,3ca2e4732aaf7d6d751a4b92709e7616bae5639c108de3f35e6479a5bd51af4f,1,10K-V2-TC-004
339361,WOOF,2024,10-K,0000950170-24-040516,Item_8,40,38652b4dedfe29f8439b20c9332ae079bd1f4707766510515981cf7e025eb98d,1,10K-V2-TC-004
339362,WOOF,2024,10-K,0000950170-24-040516,Item_8,41,c052a2d75159fe4d1d259c5e197f954c5ee0772da2d0948d47304b615267af8c,1,10K-V2-TC-004
339363,WOOF,2024,10-K,0000950170-24-040516,Item_8,42,6202e9a493bb9a2f0662b59c033ebf8ca27486da9dbcf356ddd21bd3d30a0f91,1,10K-V2-TC-004
339364,WOOF,2024,10-K,0000950170-24-040516,Item_8,43,c8cc3c4ea4110df92db589ff21103e71005674f984c06419e57bed804897bc3f,1,10K-V2-TC-004
339365,WOOF,2024,10-K,0000950170-24-040516,Item_8,44,fc12d4b04d3a6b2ed7d8043e0c0ff2ad58aa0d32540bf63abe6fa00ec67765be,1,10K-V2-TC-004
339366,WOOF,2024,10-K,0000950170-24-040516,Item_8,45,2e6513bda087ae8ee45722dd7131ea2dbf2977f76d34f457b8fb3622ccf1f37b,1,10K-V2-TC-004
339367,WOOF,2024,10-K,0000950170-24-040516,Item_8,46,4f2454afffb05e8f57a5c7c00e5629ca853cb45940e58eeb53fa4d46aa53a402,1,10K-V2-TC-004
339368,WOOF,2024,10-K,0000950170-24-040516,Item_8,47,686fba62c2f66fc83f2ad0051a72b1fb5c52ae1e9a56d3697ffcf555274dc6b1,1,10K-V2-TC-004
339369,WOOF,2024,10-K,0000950170-24-040516,Item_8,48,ed740adf2ad2c12d962bc7754923bfd496e8d166f24581dcef92b925cc8f1546,1,10K-V2-TC-004
339370,WOOF,2024,10-K,0000950170-24-040516,Item_8,49,220250951b308ecf11778b56a5c7c2dbf0c85d829897239546ec8be1723061c0,1,10K-V2-TC-004
339371,WOOF,2024,10-K,0000950170-24-040516,Item_8,50,fadb55af18d7fa56cb520733eb496252a5844151b28d6f74d5dadd45eb6fdfec,1,10K-V2-TC-004
339372,WOOF,2024,10-K,0000950170-24-040516,Item_8,51,cb7acf86e344faa61a3e621093d4a120e9b35df2460f5f750cbd175394d50b02,1,10K-V2-TC-004
339373,WOOF,2024,10-K,0000950170-24-040516,Item_8,52,c11ff63dd2d0da6d05e6471875a3ce1fb9f62cda92f68c01621d34f855e793b7,1,10K-V2-TC-004
339374,WOOF,2024,10-K,0000950170-24-040516,Item_8,53,07d2df435d6d8825c1fbc5efd01dfb9c29db94f892b9fe2de3d432095eeeed31,1,10K-V2-TC-004
339375,WOOF,2024,10-K,0000950170-24-040516,Item_8,54,99b4c9537accacee48fb0397a41b56406a0341cc47afb62beffe5a5a88c5d349,1,10K-V2-TC-004
339376,WOOF,2024,10-K,0000950170-24-040516,Item_8,55,e5a9d0e261755b44e30f232e3b13bdbcdcfc4436b56c832673608f1344fb2f6d,1,10K-V2-TC-004
339377,WOOF,2024,10-K,0000950170-24-040516,Item_8,56,b8dc52fe2f79de9d77bcbe26fc6183d01c7d88a588bf1cdb62f5cb033f20afb7,1,10K-V2-TC-004
339744,WOOF,2026,10-K,0001193125-26-106114,Item_8,0,13f319088f0eaf7c1c891bba9f2b6f69ff94404f8f1e145680b168c9c0e20cb7,1,10K-V2-TC-004
339745,WOOF,2026,10-K,0001193125-26-106114,Item_8,1,cb054dd346bc8df2eb3eef18254f71aecae3632a24f45ba6fee5dd7f2b74429d,1,10K-V2-TC-004
339746,WOOF,2026,10-K,0001193125-26-106114,Item_8,2,c60bb77c336aa014e98f1b49d33b6ee05aeaa63e3ef8aa7a85ac160ecb0f6e61,1,10K-V2-TC-004
339747,WOOF,2026,10-K,0001193125-26-106114,Item_8,3,206bbe07056210b93944c299125bf547e2bad51a7632e82940e99fc709022243,1,10K-V2-TC-004
339748,WOOF,2026,10-K,0001193125-26-106114,Item_8,4,db399f77d07bb74b54e251c284fbb82ea3691bd92b802b67976dbff60fe244cd,1,10K-V2-TC-004
339749,WOOF,2026,10-K,0001193125-26-106114,Item_8,5,bb49c64f9759045ff96505eda3b82ccd1de67ae11bec9ecffa1930d37aea4f45,1,10K-V2-TC-004
339750,WOOF,2026,10-K,0001193125-26-106114,Item_8,6,71a6bd45d4c2fa44c89505594bbe62e592315bf3bd7a9aba0934e9be36e4ab0e,1,10K-V2-TC-004
339751,WOOF,2026,10-K,0001193125-26-106114,Item_8,7,5236021dccb7f5a18b8cbcccf64165a4cd6bbc0bd3122a9c825e4bd397d052b8,1,10K-V2-TC-004
339752,WOOF,2026,10-K,0001193125-26-106114,Item_8,8,1d37e42017213d6c3186aa58772399c688502e73888d7db99d86ed4377600a8b,1,10K-V2-TC-004
339753,WOOF,2026,10-K,0001193125-26-106114,Item_8,9,530d5a3d1f1ca8031ee49f64d9742a05f2db49890cc4dc3e9d011fd5b8658d63,1,10K-V2-TC-004
339754,WOOF,2026,10-K,0001193125-26-106114,Item_8,10,8e537e356d5109fc537fc69795f9bea22fa9943a3c72d21cd694dbb4f61fd337,1,10K-V2-TC-004
339755,WOOF,2026,10-K,0001193125-26-106114,Item_8,11,1be1ab8af0828ec81bca30130c863e2328faa6ca17ec1ef7c92345b7fbb6645e,1,10K-V2-TC-004
339756,WOOF,2026,10-K,0001193125-26-106114,Item_8,12,362c6196ce0bbb0ab08aadf467434ca50b13fb1a08071fcb30ae3e40977a0512,1,10K-V2-TC-004
339757,WOOF,2026,10-K,0001193125-26-106114,Item_8,13,d56e854ce017a6b118df1f3b45f49d322b9f972d68ee8963b0f8c212916a5c43,1,10K-V2-TC-004
339758,WOOF,2026,10-K,0001193125-26-106114,Item_8,14,80ac1a1c4e4418f6fdaba09df5ea9e63ee3b1ce805761cc1dc2bf230edd12ccd,1,10K-V2-TC-004
339759,WOOF,2026,10-K,0001193125-26-106114,Item_8,15,0b76116b901421c6a140856ef33b9864a7859d86c709caa88e851e669f13fd0f,1,10K-V2-TC-004
339760,WOOF,2026,10-K,0001193125-26-106114,Item_8,16,a56feba46a8cfe7765e3a0bf14fc7b4d08dda8c489471c15d139761016959609,1,10K-V2-TC-004
339761,WOOF,2026,10-K,0001193125-26-106114,Item_8,17,c936d79d8817a9e0b2c47cfec989830c21f401ce1e63a683d34f77f94278fb6d,1,10K-V2-TC-004
339762,WOOF,2026,10-K,0001193125-26-106114,Item_8,18,946e57bc9fde74f7353b32e52b54f980cb93161d1088d735258c57fd4bb20c14,1,10K-V2-TC-004
339763,WOOF,2026,10-K,0001193125-26-106114,Item_8,19,5c0c8376860d2ee6c2ddce6ec980f103e74d95e452f0a2bd000f044da334da36,1,10K-V2-TC-004
339764,WOOF,2026,10-K,0001193125-26-106114,Item_8,20,f2bec45758ad1b5ed17926b59bdc22172002a7e52ded9f15205f536b4101f3d1,1,10K-V2-TC-004
339765,WOOF,2026,10-K,0001193125-26-106114,Item_8,21,01245fc2bb212c99ad3ff611ab997673ee0309c81e0c9a35c4a071e4db15d398,1,10K-V2-TC-004
339766,WOOF,2026,10-K,0001193125-26-106114,Item_8,22,d827c9468b9149dfcb1dd5a174bc440268ef48e399e780be9ae94cae7d70e6e6,1,10K-V2-TC-004
339767,WOOF,2026,10-K,0001193125-26-106114,Item_8,23,7284c1c8a15ddcac978a87d530530c4b017619ae6c32c0d22daa730a2db00982,1,10K-V2-TC-004
339768,WOOF,2026,10-K,0001193125-26-106114,Item_8,24,d9505c39dd532959d7986edfe4e181a267957b6d52b0aa4dda84b89e7f44a71f,1,10K-V2-TC-004
339769,WOOF,2026,10-K,0001193125-26-106114,Item_8,25,fc7b1a9cdd36a992025a3e8b4807fbf6e81b5517bc5d86a09ed594cdbecca2c0,1,10K-V2-TC-004
339770,WOOF,2026,10-K,0001193125-26-106114,Item_8,26,65d66dc67f8abc565ec78344d7ec81ee8ca5d73359c15e7b66b13e215300479a,1,10K-V2-TC-004
339771,WOOF,2026,10-K,0001193125-26-106114,Item_8,27,f428534ea5a4a90582e60f89c1f3ae11374cf0113e941221d4a6a5719e4a5589,1,10K-V2-TC-004
339772,WOOF,2026,10-K,0001193125-26-106114,Item_8,28,db78cb469de9771c803878efe68b910e9729fdf1c2f4c6eded54f1a0457b4f6a,1,10K-V2-TC-004
339773,WOOF,2026,10-K,0001193125-26-106114,Item_8,29,6cc30d47dbf3453286db09286269bd7ff5840fc2d914d65d957d89948fa36b18,1,10K-V2-TC-004
339774,WOOF,2026,10-K,0001193125-26-106114,Item_8,30,dc91c6e3ce8b211dee39d64654c544ac45a2fa5b47df3c2264456638e52ed95a,1,10K-V2-TC-004
339775,WOOF,2026,10-K,0001193125-26-106114,Item_8,31,93652e1660ff2af2266b355c6e94b304949d0f548924ce5e00227c1814f51d2d,1,10K-V2-TC-004
339776,WOOF,2026,10-K,0001193125-26-106114,Item_8,32,483ee2c14f129b75a2fd5774eec5162c231e05ea29f1125051d79767b35983dc,1,10K-V2-TC-004
339777,WOOF,2026,10-K,0001193125-26-106114,Item_8,33,8e4ad48b9f04f53d8a5cc11528c7fa9b0ad8ef0f3bcfccbc934497dc0ece2106,1,10K-V2-TC-004
339778,WOOF,2026,10-K,0001193125-26-106114,Item_8,34,975fa2901634d987f4d1e327a4a9ff9a3caee44566c78f6178a2b93b2c19f35f,1,10K-V2-TC-004
339779,WOOF,2026,10-K,0001193125-26-106114,Item_8,35,35149743686886c0927700c3040ff356faa425f4f89fc6e2b8848c6795a6d546,1,10K-V2-TC-004
339780,WOOF,2026,10-K,0001193125-26-106114,Item_8,36,d8acbdd370ee34cb66bd0c166ae91eed448b294f3860a1c1e5cacc746587dcfd,1,10K-V2-TC-004
339781,WOOF,2026,10-K,0001193125-26-106114,Item_8,37,122acf17eea10bf078f7f71ad54bffb1824b2500cf43697df9eb1c7b4cc5c731,1,10K-V2-TC-004
339782,WOOF,2026,10-K,0001193125-26-106114,Item_8,38,954ee75d56e3fceaa9c247263eb08029e464977c1b1a6e606c0820ae82ef4c01,1,10K-V2-TC-004
339783,WOOF,2026,10-K,0001193125-26-106114,Item_8,39,3303acce90035698b3f5cdd1ddf521fead3c059062290f7931aeafda6de8dc31,1,10K-V2-TC-004
339784,WOOF,2026,10-K,0001193125-26-106114,Item_8,40,4bec8779429de35ab0944a08d255fdea285db226ae033b399f3cd9bf645805af,1,10K-V2-TC-004
339785,WOOF,2026,10-K,0001193125-26-106114,Item_8,41,4c9fc5980108d7fc168c50d385d912a8bbd58e3b39f23a87fbbc138b19e0a355,1,10K-V2-TC-004
339786,WOOF,2026,10-K,0001193125-26-106114,Item_8,42,1ad7fbf2a8ace8238d3fae426e7c71e89d7b96d784d16f387f15a89d8e68b85c,1,10K-V2-TC-004
339787,WOOF,2026,10-K,0001193125-26-106114,Item_8,43,1923a2529c80e91813f5597bb7b39f30d16a7caba6cd5a37c9651d4e35d16d76,1,10K-V2-TC-004
339788,WOOF,2026,10-K,0001193125-26-106114,Item_8,44,5491030cd59b58825fd652787e6a547000a415ed321a96779ca346ec9affde7a,1,10K-V2-TC-004
339789,WOOF,2026,10-K,0001193125-26-106114,Item_8,45,8218a1f84d0d6a694eefc583550c72a0ace7d6f00861dea6194bd42cbe36e8bc,1,10K-V2-TC-004
339790,WOOF,2026,10-K,0001193125-26-106114,Item_8,46,7e9f05e8ea7c7143c2a39c375dbf5a8f132e99d6b712d1e3cf6737cc6c19b78d,1,10K-V2-TC-004
339791,WOOF,2026,10-K,0001193125-26-106114,Item_8,47,32f969598cb648da573a694f375ea3155752d0767df4e58b5b3d61ce21040f4b,1,10K-V2-TC-004
339792,WOOF,2026,10-K,0001193125-26-106114,Item_8,48,8910e5b4506be22d5cd668bfb5ed4e6e0676d45f423b1e7608f707979cdcdd95,1,10K-V2-TC-004
339793,WOOF,2026,10-K,0001193125-26-106114,Item_8,49,471173db6e384d08106c1506e3e13d516575de8f33a4c52ab22ad8df432080f9,1,10K-V2-TC-004
339794,WOOF,2026,10-K,0001193125-26-106114,Item_8,50,02aa92b5e34aabe8edb675b3a4cab5ff9c162274d3009f910784193276b16879,1,10K-V2-TC-004
339795,WOOF,2026,10-K,0001193125-26-106114,Item_8,51,5f31178d21b01716a8cc92bce5bc9893fcea85bc90e045b3ee3a4070de7e0e88,1,10K-V2-TC-004
339796,WOOF,2026,10-K,0001193125-26-106114,Item_8,52,ba2232062685134c7ed125caf2761f53aac6227c0e023aa3ce6fbbd470fbb360,1,10K-V2-TC-004
339797,WOOF,2026,10-K,0001193125-26-106114,Item_8,53,0641bb1c8de26234fd3751b2cb5f73f6c0314aad244b812e46f99afeefd6f7b5,1,10K-V2-TC-004
339798,WOOF,2026,10-K,0001193125-26-106114,Item_8,54,747135fb036c15f282700f694162b52d7f345755f55b60248c861f960128fb33,1,10K-V2-TC-004
340529,WSM,2026,10-K,0000719955-26-000059,Item_7,0,51fbadcf14ca2ff9be93196077751f5591192fd23a7e82b8aac331157df2e27f,1,10K-V2-I7-004
340530,WSM,2026,10-K,0000719955-26-000059,Item_7,1,754e72c3496e0a2127b88a8b25ce8650603e1e577affd5e6be089e57aae50e5d,1,10K-V2-I7-004
340531,WSM,2026,10-K,0000719955-26-000059,Item_7,2,f676f854578cb3fac112080768bbab8572e5c7cd98cc158794a70337454cb117,1,10K-V2-I7-004
340532,WSM,2026,10-K,0000719955-26-000059,Item_7,3,3a4b66c4302eccd44f3cd8e8c7f67f2fec0e2d17f4bbf4557024c365dedea9e0,1,10K-V2-I7-004
340533,WSM,2026,10-K,0000719955-26-000059,Item_7,4,4b15f92c80bfa247175011063c24a2852291693e20fa87d635dfccb348a28c56,1,10K-V2-I7-004
340534,WSM,2026,10-K,0000719955-26-000059,Item_7,5,f82a68eab3dec6484b38dd83cee2c3cbdd08ff8e22c1cd311c36c3d9dab8ed8e,1,10K-V2-I7-004
340535,WSM,2026,10-K,0000719955-26-000059,Item_7,6,73c46741293d87083c3813bc87004b5b4dfef7c9b988d540f26e82c891b1f8ce,1,10K-V2-I7-004
340536,WSM,2026,10-K,0000719955-26-000059,Item_7,7,5f160ea904fb9046c67caea3e2314703f4b488c675fbc9a0d8e26403b1e4c3c4,1,10K-V2-I7-004
340537,WSM,2026,10-K,0000719955-26-000059,Item_7,8,d7d8e3a3a7bc68249e6af784596d32ef5464206ab7eb06733929526c9faca25b,1,10K-V2-I7-004
340538,WSM,2026,10-K,0000719955-26-000059,Item_7,9,32587059b93b0fa738d68326891b6bb1cb1100220d478e1bd09392291c4ba28b,1,10K-V2-I7-004
340539,WSM,2026,10-K,0000719955-26-000059,Item_7,10,9c0a54d9e7b6f0cdbaec066e3399c406d5c95475ccf8e77172b6c519b80d2e3b,1,10K-V2-I7-004
340540,WSM,2026,10-K,0000719955-26-000059,Item_7,11,c97993ad67d1727ad0e68a193624113a63fcf402c07861191fe87463faca4653,1,10K-V2-I7-004
340541,WSM,2026,10-K,0000719955-26-000059,Item_7,12,a418653b5383355cf807c6411da66ffe674581164426d02973f862c59776a5fa,1,10K-V2-I7-004
340542,WSM,2026,10-K,0000719955-26-000059,Item_7,13,371e02bbac7c55427cb09e46022a2aa11b1e3fc307ea3dc284840b95f0452bbc,1,10K-V2-I7-004
340543,WSM,2026,10-K,0000719955-26-000059,Item_7,14,975da6f15f6cd5160bf4c3455841e364384110a0b95dc237f0310eb8fd81cd95,1,10K-V2-I7-004
340544,WSM,2026,10-K,0000719955-26-000059,Item_7,15,83fc18800873c707bcb74671692fd340401c1a9c1a885cccb35fb3b4a90cf431,1,10K-V2-I7-004
340545,WSM,2026,10-K,0000719955-26-000059,Item_7,16,b5ea80d7bff9cb8c5e63be05199bd43f1761953252dd244edc90d42e34bed237,1,10K-V2-I7-004
