question_id,question_group,source_index,ticker,filing_year,doc_type,accession_number,required_section,chunk_id,chunk_index,section_code,embedding_text_sha256
10K-V2-I1-001,Item_1,1,ASO,2024,10-K,0001817358-24-000042,Item_1,238865,0,Item_1,0ec478a140825e14323cb163cd6b5a307fa2028ebdaaee3d3c94661f782e44f1
10K-V2-I1-001,Item_1,1,ASO,2024,10-K,0001817358-24-000042,Item_1,238866,1,Item_1,1a599d82697aab96bdb096b2babfa7ca764f15ae6525bdf4800778a08ef66a79
10K-V2-I1-001,Item_1,1,ASO,2024,10-K,0001817358-24-000042,Item_1,238867,2,Item_1,7faf53b85f0e2e0da9bc60b8497e9a157d826f751bec4bd2d843f94f474cea05
10K-V2-I1-001,Item_1,1,ASO,2024,10-K,0001817358-24-000042,Item_1,238868,3,Item_1,fe421155dcc96b85abd9cc012c31e9d281f17c19e827bcc404aabf852e35d3af
10K-V2-I1-001,Item_1,1,ASO,2024,10-K,0001817358-24-000042,Item_1,238869,4,Item_1,ab43811550df7ef8848c5dcfdb9d8f9361858ac55ceff44dcb5be3ee10194b0e
10K-V2-I1-001,Item_1,1,ASO,2024,10-K,0001817358-24-000042,Item_1,238870,5,Item_1,b98a16de4ba7b75d937127d12c121c4595aabb08f0317e3922f378decb1a33ab
10K-V2-I1-001,Item_1,1,ASO,2024,10-K,0001817358-24-000042,Item_1,238871,6,Item_1,88d418be87436fb80f6a017edb55b3d214fd6b5754771688795392b042256ea3
10K-V2-I1-001,Item_1,1,ASO,2024,10-K,0001817358-24-000042,Item_1,238872,7,Item_1,a78e4337fa4b05e5f4453fb43d3c4dd6aadfddadd95d34d54be0524449cf35ed
10K-V2-I1-001,Item_1,1,ASO,2024,10-K,0001817358-24-000042,Item_1,238873,8,Item_1,81b6557a255554ee45f0bc78ade3e66a1ee652dcbbfd1e6dc504ac2812cf58a6
10K-V2-I1-001,Item_1,1,ASO,2024,10-K,0001817358-24-000042,Item_1,238874,9,Item_1,882661d0f1c9ea8a3672cdcb3ec512c223f472a067e978e1da58ca665ecbcc32
10K-V2-I1-001,Item_1,1,ASO,2024,10-K,0001817358-24-000042,Item_1,238875,10,Item_1,0dd98cfa7be50e7db9220d56a95ec8583c19c1524b5f33b87ad93717c4cac04c
10K-V2-I1-001,Item_1,1,ASO,2024,10-K,0001817358-24-000042,Item_1,238876,11,Item_1,ca05086dff024528e730024117a1db3c0c7fdad8dcf7afc8fa48d24dffe168e2
10K-V2-I1-001,Item_1,1,ASO,2024,10-K,0001817358-24-000042,Item_1,238877,12,Item_1,b07a6057b2d0c44f4c54022f74aaa463e3e4c8a806ddb46785f1122b53c9a909
10K-V2-I1-001,Item_1,1,ASO,2024,10-K,0001817358-24-000042,Item_1,238878,13,Item_1,5783445203a4dfdf2c2860104a0e9bc486f272bef8df041e1dff78027f6042c7
10K-V2-I1-001,Item_1,1,ASO,2024,10-K,0001817358-24-000042,Item_1,238879,14,Item_1,611a63ce32f146a6ac04641215100421b1e000f62fd1c40a0f5620fe14679656
10K-V2-I1-001,Item_1,1,ASO,2024,10-K,0001817358-24-000042,Item_1,238880,15,Item_1,e33430299188f5c73ed3d33a4c6ff32666854ed7b3038a78ede12ab748cc9570
10K-V2-I1-002,Item_1,1,LULU,2024,10-K,0001397187-24-000010,Item_1,293890,1,Item_1,9bdb5c158e8db16bb9968d471b068b82fb717019611c0461188424f3f6480459
10K-V2-I1-002,Item_1,1,LULU,2024,10-K,0001397187-24-000010,Item_1,293891,2,Item_1,846f8944f638fe07f68ca84b6ca8eaa178777e8c0820227919a233b7e5baf045
10K-V2-I1-002,Item_1,1,LULU,2024,10-K,0001397187-24-000010,Item_1,293892,3,Item_1,6150039b109e7b7176b303dbf8a2dff581ba38778a0861ca3383765ab1478366
10K-V2-I1-002,Item_1,1,LULU,2024,10-K,0001397187-24-000010,Item_1,293893,4,Item_1,102b04f3573c368f959158b38ce8ca6964d351dc51f7455fc71654dbe3eb2d07
10K-V2-I1-002,Item_1,1,LULU,2024,10-K,0001397187-24-000010,Item_1,293894,5,Item_1,84415e8c926e0908d660ad4b59a2449f749f62389abe84b2925d74723a2559f1
10K-V2-I1-002,Item_1,1,LULU,2024,10-K,0001397187-24-000010,Item_1,293895,6,Item_1,9c96b85ed48411382a8b96aa8fb85233eb3d288191006e87b73de97e69d64ef0
10K-V2-I1-002,Item_1,1,LULU,2024,10-K,0001397187-24-000010,Item_1,293896,7,Item_1,c56f57503ae7afba3814b21287ccc6a13e7924b640d51ddee06ce8210280c10a
10K-V2-I1-002,Item_1,1,LULU,2024,10-K,0001397187-24-000010,Item_1,293897,8,Item_1,4c55b000b64d37f3df741dc3638d0f8ebdd3af0e04e2b5e9b9705b7dde795e07
10K-V2-I1-002,Item_1,1,LULU,2024,10-K,0001397187-24-000010,Item_1,293898,9,Item_1,2a1f4b304f0f2ff79ce4e7fbf67b64e1deceb2b63fcbb56570eda5d6972185d2
10K-V2-I1-002,Item_1,1,LULU,2024,10-K,0001397187-24-000010,Item_1,293899,10,Item_1,d226ea66ed814626ce9b99404807ffff87a6b82b762bacc575ea6bd110d4021a
10K-V2-I1-002,Item_1,1,LULU,2024,10-K,0001397187-24-000010,Item_1,293900,11,Item_1,9a020e6fe8c619a07b8c937b4613e2bb52155357b5098dccc7f329663875e610
10K-V2-I1-002,Item_1,1,LULU,2024,10-K,0001397187-24-000010,Item_1,293901,12,Item_1,3363d3079ee08a84b6b30fe97ebade84e2aa241ed02f0f8a7b413488965d4b01
10K-V2-I1-002,Item_1,1,LULU,2024,10-K,0001397187-24-000010,Item_1,293902,13,Item_1,8d10ecf2f82393009dca703a8e7ea7eb80bb55d095acf939a52e9619fd76378b
10K-V2-I1-002,Item_1,1,LULU,2024,10-K,0001397187-24-000010,Item_1,293903,14,Item_1,804c1ba583af5d9f8675cb56e9018b4d69afd2386b408ffd43678a38f2776e51
10K-V2-I1-003,Item_1,1,BJ,2026,10-K,0001531152-26-000007,Item_1,244048,0,Item_1,faf2df3598c6de2f507935c34e142f0b3db46d9320c2e4661d95b9d421e7b100
10K-V2-I1-003,Item_1,1,BJ,2026,10-K,0001531152-26-000007,Item_1,244049,1,Item_1,8b49d0d2f6114f7f8418013263fcba6eed5d268075d6beb7728c8378e3212a55
10K-V2-I1-003,Item_1,1,BJ,2026,10-K,0001531152-26-000007,Item_1,244050,2,Item_1,0d6b45330b00ced0ace37d166dbbb197f06efb40f537c273029975ce72c11e96
10K-V2-I1-003,Item_1,1,BJ,2026,10-K,0001531152-26-000007,Item_1,244051,3,Item_1,1839b5555aed0ea502b5d5628ca39ca71cb0928a9e9125cbcf53958aec0ad2d6
10K-V2-I1-003,Item_1,1,BJ,2026,10-K,0001531152-26-000007,Item_1,244052,4,Item_1,ab68b1a64afddd80a272dec397acf67f617de10e975815c63e71f27f6eb1d33a
10K-V2-I1-003,Item_1,1,BJ,2026,10-K,0001531152-26-000007,Item_1,244053,5,Item_1,9b6c87963c441d32790e46dfaa0e46c38fb1b04b9bd167f746dd72430490f261
10K-V2-I1-003,Item_1,1,BJ,2026,10-K,0001531152-26-000007,Item_1,244054,6,Item_1,fe89c05b2e7b5235524f15ad496793ca135d189c6a3ca7a58a84c52c1bba6f1f
10K-V2-I1-003,Item_1,1,BJ,2026,10-K,0001531152-26-000007,Item_1,244055,7,Item_1,c2f763dbcd065b39e2d9cb12bdbe86448e6cc2282c93294d522231dd88591d1b
10K-V2-I1-003,Item_1,1,BJ,2026,10-K,0001531152-26-000007,Item_1,244056,8,Item_1,fa0d2aafdb498f5d2d917098824313d6da853db9ee375ba087347c57f462877b
10K-V2-I1-003,Item_1,1,BJ,2026,10-K,0001531152-26-000007,Item_1,244057,9,Item_1,a79fc8e474da65905b022fc9c77c704aeadef3993a1c29fadccf599d32fff217
10K-V2-I1-003,Item_1,1,BJ,2026,10-K,0001531152-26-000007,Item_1,244058,10,Item_1,615cacf38ca093f3808eb3eaf208bbe55a43a8418ba930f90e12b28467bb582f
10K-V2-I1-003,Item_1,1,BJ,2026,10-K,0001531152-26-000007,Item_1,244059,11,Item_1,59c60764d3a7d37736d5fa20bbd5b6ef4989f8596967772ccba54b9def0707a0
10K-V2-I1-003,Item_1,1,BJ,2026,10-K,0001531152-26-000007,Item_1,244060,12,Item_1,5afdea76a35d75adc041ff08302f5f57ba0e6ef4faf81ba5db0372024274e6c9
10K-V2-I1-003,Item_1,1,BJ,2026,10-K,0001531152-26-000007,Item_1,244061,13,Item_1,9cda1001e490a530f91d0c7f9303a61da68d1ad2b8f48b3ab18bc8f4343a14b9
10K-V2-I1-003,Item_1,1,BJ,2026,10-K,0001531152-26-000007,Item_1,244062,14,Item_1,700a7f759b97d73cae29d36f503d7ee5c882054847db17651075400499cebbec
10K-V2-I1-003,Item_1,1,BJ,2026,10-K,0001531152-26-000007,Item_1,244063,15,Item_1,4b9f8fa5cc4fb1a22e664c3575ddba1238b3e56a80655a9b48b3a55f3189e847
10K-V2-I1-004,Item_1,1,REAL,2026,10-K,0001573221-26-000010,Item_1,314145,0,Item_1,c6eb7791fd5b3a52f40be40549cc4fe208118eb02bb73b0b35ce431caa3d7007
10K-V2-I1-004,Item_1,1,REAL,2026,10-K,0001573221-26-000010,Item_1,314146,1,Item_1,10b6f9911bdaabfc9348dbc664a9775e608054e97c953b08855fded57f19dcc0
10K-V2-I1-004,Item_1,1,REAL,2026,10-K,0001573221-26-000010,Item_1,314147,2,Item_1,22e18021c6d93f5a5ac61945518bd03dfa4a89219cc4b7df47353f598c042a6c
10K-V2-I1-004,Item_1,1,REAL,2026,10-K,0001573221-26-000010,Item_1,314148,3,Item_1,1be52793ef1b9fd470538c887d897ccdaab2a4738d24422a61c9dc7fdaa264f3
10K-V2-I1-004,Item_1,1,REAL,2026,10-K,0001573221-26-000010,Item_1,314149,4,Item_1,8aed485e8c58b2bc10b125a6b43a39ac800c1b742bf69e3f2eeed35576fcfccb
10K-V2-I1-004,Item_1,1,REAL,2026,10-K,0001573221-26-000010,Item_1,314150,5,Item_1,c9d84d0b5f55346b80173c62b706d813b0f84e1d9738592f7d46760c4c4af405
10K-V2-I1-004,Item_1,1,REAL,2026,10-K,0001573221-26-000010,Item_1,314151,6,Item_1,8f644873d9882f1b20142a3873083ea4eb0c81827c84cb116e8ed652d5531161
10K-V2-I1-004,Item_1,1,REAL,2026,10-K,0001573221-26-000010,Item_1,314152,7,Item_1,5e9f7d14e96109af34994a6753c94b9e7b2a6842f31cb564e1eb81a6eb0deaf3
10K-V2-I1-004,Item_1,1,REAL,2026,10-K,0001573221-26-000010,Item_1,314153,8,Item_1,07ba45c241eee8c41e97f977547ed12c774e1c0a36ac5cf756352e5723ddae80
10K-V2-I1-004,Item_1,1,REAL,2026,10-K,0001573221-26-000010,Item_1,314154,9,Item_1,67e5787f07e64947af8f5f8350d3d944b577e75198ef75611b20bfc442d1deac
10K-V2-I1A-001,Item_1A,1,BRLT,2026,10-K,0001628280-26-018794,Item_1A,246158,0,Item_1A,6558504d637ff8b890c5743637deb44e6b266b75c4d55ef7bf4b43f5c5e8f120
10K-V2-I1A-001,Item_1A,1,BRLT,2026,10-K,0001628280-26-018794,Item_1A,246159,1,Item_1A,0389af364a437647b082b58212086459b16b039985039582b07d28507ac8683f
10K-V2-I1A-001,Item_1A,1,BRLT,2026,10-K,0001628280-26-018794,Item_1A,246160,2,Item_1A,001a3c5f4b520ea97e2c51d1b3b4180685e7c393b1dc6bd3d6c18554764adeea
10K-V2-I1A-001,Item_1A,1,BRLT,2026,10-K,0001628280-26-018794,Item_1A,246161,3,Item_1A,e4e5099f1da2af98621a14c50e19768f81345eeb80310fd353d94373a2f06483
10K-V2-I1A-001,Item_1A,1,BRLT,2026,10-K,0001628280-26-018794,Item_1A,246162,4,Item_1A,7073b2f06f7a175f082df3ede67c2294fdb998c12975d48dd72de01ccb17d5b9
10K-V2-I1A-001,Item_1A,1,BRLT,2026,10-K,0001628280-26-018794,Item_1A,246163,5,Item_1A,b413abf09e86d61f1985048e664a0992dfa3fed7b4b4d27c05f9c68198ae9557
10K-V2-I1A-001,Item_1A,1,BRLT,2026,10-K,0001628280-26-018794,Item_1A,246164,6,Item_1A,5b6517ce39ed2e48fb1762b726d1771f01dff72ae26052c7ffe7ac64eb99dc83
10K-V2-I1A-001,Item_1A,1,BRLT,2026,10-K,0001628280-26-018794,Item_1A,246165,7,Item_1A,fbe9085e841e3cf7db515b84260b8a287df99c2da88b3ced1d562e6e860a43e3
10K-V2-I1A-001,Item_1A,1,BRLT,2026,10-K,0001628280-26-018794,Item_1A,246166,8,Item_1A,86a827008f20ca1c8af73eae0f927e99345bec1abc60c866f356df9fbe2101ec
10K-V2-I1A-001,Item_1A,1,BRLT,2026,10-K,0001628280-26-018794,Item_1A,246167,9,Item_1A,3f899a22d4eca4a2e0b23db9ecaf1b96ba0868a41f14c43be9cb365aa240c3d7
10K-V2-I1A-001,Item_1A,1,BRLT,2026,10-K,0001628280-26-018794,Item_1A,246168,10,Item_1A,08fd909c2b7709b7510ad08909f7d013e83b6f87a2948f419aa81195ae60d88b
10K-V2-I1A-001,Item_1A,1,BRLT,2026,10-K,0001628280-26-018794,Item_1A,246169,11,Item_1A,ca5b9135170dfef541de28d240a6c3eda143ac81efba73bee9c12a4b4c96560d
10K-V2-I1A-001,Item_1A,1,BRLT,2026,10-K,0001628280-26-018794,Item_1A,246170,12,Item_1A,9dfd3986f8cddaab11cdbd08ef1fe3fd3961c4da83fada01271fd5f86952430a
10K-V2-I1A-001,Item_1A,1,BRLT,2026,10-K,0001628280-26-018794,Item_1A,246171,13,Item_1A,00742f97f477da9e348417bdc06b25e5e8874d591c5e487c0ad5b961f1608eaa
10K-V2-I1A-001,Item_1A,1,BRLT,2026,10-K,0001628280-26-018794,Item_1A,246172,14,Item_1A,4c7b0e82b9f3992fdd550d0e3b59954bf8b56004dcb9ff52333e3756abea644f
10K-V2-I1A-001,Item_1A,1,BRLT,2026,10-K,0001628280-26-018794,Item_1A,246173,15,Item_1A,848f0b5fbf6e35799a8b5daf065a49f026301fbb99245427b769d8b43bac8375
10K-V2-I1A-001,Item_1A,1,BRLT,2026,10-K,0001628280-26-018794,Item_1A,246174,16,Item_1A,feee0a09476d32a3f37ce28fb2ca7a0ef85f1c53f0ded40b4f0d79f98db36926
10K-V2-I1A-001,Item_1A,1,BRLT,2026,10-K,0001628280-26-018794,Item_1A,246175,17,Item_1A,c20ec172f78988338e8dd677fa854b6c8f4cdd7adf2034534338dfe895b1e351
10K-V2-I1A-001,Item_1A,1,BRLT,2026,10-K,0001628280-26-018794,Item_1A,246176,18,Item_1A,03d12a4778c632483895172d25550cb4b24d623539e54f1f9e6c078b622f5b1f
10K-V2-I1A-001,Item_1A,1,BRLT,2026,10-K,0001628280-26-018794,Item_1A,246177,19,Item_1A,d25d2a75f71ee6af57f8eb7033de9f50260155c7fab8166add7885043536c818
10K-V2-I1A-001,Item_1A,1,BRLT,2026,10-K,0001628280-26-018794,Item_1A,246178,20,Item_1A,f3648dc7d861f99b42791b008178015f3aeb9ca62ede2dad15d3826395699ac0
10K-V2-I1A-001,Item_1A,1,BRLT,2026,10-K,0001628280-26-018794,Item_1A,246179,21,Item_1A,23c27d796fbaf168e46820fd9abfd5677f407929dd0c027d7d8b83e72b4c1a38
10K-V2-I1A-001,Item_1A,1,BRLT,2026,10-K,0001628280-26-018794,Item_1A,246180,22,Item_1A,e339fef7d26938818356a16bbab791994328b44ed133ec407b179d8082873dd2
10K-V2-I1A-001,Item_1A,1,BRLT,2026,10-K,0001628280-26-018794,Item_1A,246181,23,Item_1A,4113c7ee03fda2316916bd088b81e3ffa6bf93e64c398f0bd3464761c25f80e1
10K-V2-I1A-001,Item_1A,1,BRLT,2026,10-K,0001628280-26-018794,Item_1A,246182,24,Item_1A,5708adf32e8221b74bc5b4b88ee00cfbc8c08d6328af5230cbd99262c976bbbf
10K-V2-I1A-001,Item_1A,1,BRLT,2026,10-K,0001628280-26-018794,Item_1A,246183,25,Item_1A,b9542ea1c3e61dd6447a98df9edcd9ee20d6bff6c9f382f99319052a35028f47
10K-V2-I1A-001,Item_1A,1,BRLT,2026,10-K,0001628280-26-018794,Item_1A,246184,26,Item_1A,f28e06bb9bba31f3d5b1dd2e92ea1f3b4efd886d7895f83e190822b7b532bc44
10K-V2-I1A-001,Item_1A,1,BRLT,2026,10-K,0001628280-26-018794,Item_1A,246185,27,Item_1A,1dab83f75dbd9fbf72f6eacc461c26edc8776da8163bde48fb84106bb4722b3e
10K-V2-I1A-001,Item_1A,1,BRLT,2026,10-K,0001628280-26-018794,Item_1A,246186,28,Item_1A,5d3e8559b5f7a99fdcbd377f9188614b72ba20c9f1dbc0206d56cb89e2ee62d8
10K-V2-I1A-001,Item_1A,1,BRLT,2026,10-K,0001628280-26-018794,Item_1A,246187,29,Item_1A,2ee82127446b009694821f5cb9529c26601e95d3b1268a27d41a00a62bd00c92
10K-V2-I1A-001,Item_1A,1,BRLT,2026,10-K,0001628280-26-018794,Item_1A,246188,30,Item_1A,8a86260bb71608811906edbf07756bde42740ae9f673e718b83bea9c3d94c0dc
10K-V2-I1A-001,Item_1A,1,BRLT,2026,10-K,0001628280-26-018794,Item_1A,246189,31,Item_1A,5ae793c3868096f87cd637bd5e8a9e414a9ba174a637c59f150443a1fc871cf0
10K-V2-I1A-001,Item_1A,1,BRLT,2026,10-K,0001628280-26-018794,Item_1A,246190,32,Item_1A,214e01e0cbd6fbac9fa603ea2a7c754eb2825bb384ee9c085cf53518708bae15
10K-V2-I1A-001,Item_1A,1,BRLT,2026,10-K,0001628280-26-018794,Item_1A,246191,33,Item_1A,4080ea6cf790b5b50f2e30ce8e2bdb3ac2d6b2d823a58a90032370ef11e64024
10K-V2-I1A-001,Item_1A,1,BRLT,2026,10-K,0001628280-26-018794,Item_1A,246192,34,Item_1A,583c2cc0bbebffac7cec1a482b1d691d24c6976e1f1769faa8c9568b9abdca1c
10K-V2-I1A-001,Item_1A,1,BRLT,2026,10-K,0001628280-26-018794,Item_1A,246193,35,Item_1A,f4ba6d2df1750ba635b228d5254709376cd4b6c8d1d492e3814160367a9d93c9
10K-V2-I1A-001,Item_1A,1,BRLT,2026,10-K,0001628280-26-018794,Item_1A,246194,36,Item_1A,cc86d473102cb66fdbd3702ae214036b72d52db110e87b95d0fedc535e05ef5c
10K-V2-I1A-001,Item_1A,1,BRLT,2026,10-K,0001628280-26-018794,Item_1A,246195,37,Item_1A,403cda62c701ffae2613d59bbea7315ab39f137dbd7c3d3a65b8a6636b3fa7d0
10K-V2-I1A-001,Item_1A,1,BRLT,2026,10-K,0001628280-26-018794,Item_1A,246196,38,Item_1A,e36dd30f15cba2d5f0010528e7fb486599b6e0814882fac6c574608a523c73cb
10K-V2-I1A-001,Item_1A,1,BRLT,2026,10-K,0001628280-26-018794,Item_1A,246197,39,Item_1A,cf190d91dd251c1244d61e52c0b1c5556448941711c72dabc18a45a89c4a1afb
10K-V2-I1A-001,Item_1A,1,BRLT,2026,10-K,0001628280-26-018794,Item_1A,246198,40,Item_1A,1d99aa451136adf8398cf8e285c42e716429ada8839234df688d1af16eb17d0b
10K-V2-I1A-001,Item_1A,1,BRLT,2026,10-K,0001628280-26-018794,Item_1A,246199,41,Item_1A,961862f9b8d59747ef2fb8f79c629e5e92a7ed6699f644942f50400364a55e8c
10K-V2-I1A-001,Item_1A,1,BRLT,2026,10-K,0001628280-26-018794,Item_1A,246200,42,Item_1A,b439a8ee0533f478e59208fbc2b426ea7149d648abb11831517787e7ba58ea2d
10K-V2-I1A-001,Item_1A,1,BRLT,2026,10-K,0001628280-26-018794,Item_1A,246201,43,Item_1A,a69c113aa61cfe65e95599f37b94083fb6182b30962c0e10e6f2054298855b69
10K-V2-I1A-001,Item_1A,1,BRLT,2026,10-K,0001628280-26-018794,Item_1A,246202,44,Item_1A,e1b657e60f070d2288b24651dbc6458f3640b61e15d47d620ad70d1d66675fd7
10K-V2-I1A-001,Item_1A,1,BRLT,2026,10-K,0001628280-26-018794,Item_1A,246203,45,Item_1A,a43453fff8971528958660d44ab85d29a3872f1c47a41417e98f135dfd6c1ff6
10K-V2-I1A-001,Item_1A,1,BRLT,2026,10-K,0001628280-26-018794,Item_1A,246204,46,Item_1A,933550c7fc36676416ef07340836ec62a642958d2d91a017d58f09228c84fd20
10K-V2-I1A-001,Item_1A,1,BRLT,2026,10-K,0001628280-26-018794,Item_1A,246205,47,Item_1A,511be13fd5e729948b95abbb8cb016aa702b1c4be1fb247c75e3c702613bf543
10K-V2-I1A-001,Item_1A,1,BRLT,2026,10-K,0001628280-26-018794,Item_1A,246206,48,Item_1A,bfe8ccc4f090b6787d5e3c81437574a3510f3433cb1811fcaea73ed1c4c2ca29
10K-V2-I1A-001,Item_1A,1,BRLT,2026,10-K,0001628280-26-018794,Item_1A,246207,49,Item_1A,8fcc10459442ce2ffa8dc1f0f6574ed222045e817c748f94b41929e7a4e778dd
10K-V2-I1A-001,Item_1A,1,BRLT,2026,10-K,0001628280-26-018794,Item_1A,246208,50,Item_1A,2ebe3df47657c3aeeab82856fff1dad71b51ad58731ce5f62a280b392444dbdc
10K-V2-I1A-001,Item_1A,1,BRLT,2026,10-K,0001628280-26-018794,Item_1A,246209,51,Item_1A,0e73adc3bdc4e7e59c837f4ccebcada41ecb3aec64b96dac5b19cf5129bef811
10K-V2-I1A-001,Item_1A,1,BRLT,2026,10-K,0001628280-26-018794,Item_1A,246210,52,Item_1A,d768ec54eba8baf4badf0847c60cd0c3b2d14f3aca2c4c2868fbc404df0d6057
10K-V2-I1A-001,Item_1A,1,BRLT,2026,10-K,0001628280-26-018794,Item_1A,246211,53,Item_1A,639c95bcb900509e4110dd2e92b48c9df268c4e1c233f9e0e7039b48d14bbf8b
10K-V2-I1A-001,Item_1A,1,BRLT,2026,10-K,0001628280-26-018794,Item_1A,246212,54,Item_1A,e1afde1f57b6e5b69eba0f912c91d13509911ab1c1b64921cfbc9d4b70ae76fa
10K-V2-I1A-001,Item_1A,1,BRLT,2026,10-K,0001628280-26-018794,Item_1A,246213,55,Item_1A,866d7bde816d2ebc997011cd6b6c824cfcbcf9fa79b6d0cdfee02e44cfedbd6f
10K-V2-I1A-001,Item_1A,1,BRLT,2026,10-K,0001628280-26-018794,Item_1A,246214,56,Item_1A,c30a84cf57717012d209686dbcf2390a62cfd8b9acbb051b4808ba01eeb39e5b
10K-V2-I1A-001,Item_1A,1,BRLT,2026,10-K,0001628280-26-018794,Item_1A,246215,57,Item_1A,b65d23934e50fd4daa4d84c33ddb27abec95b0617e8beef46072d64cd8f2350e
10K-V2-I1A-001,Item_1A,1,BRLT,2026,10-K,0001628280-26-018794,Item_1A,246216,58,Item_1A,c5bd960c34d200b1d265644f0d4d5d6e7323e2f6500815ae774f132f74266f8b
10K-V2-I1A-001,Item_1A,1,BRLT,2026,10-K,0001628280-26-018794,Item_1A,246217,59,Item_1A,3a3b2ed3a5e88f19d2a756abed7468a225acc8905a0995f3f1a7a9faa19f6a5e
10K-V2-I1A-001,Item_1A,1,BRLT,2026,10-K,0001628280-26-018794,Item_1A,246218,60,Item_1A,08eb873c195bbd9f085e4a4e93a8938b032f29294431fe56ab14614efebe3872
10K-V2-I1A-001,Item_1A,1,BRLT,2026,10-K,0001628280-26-018794,Item_1A,246219,61,Item_1A,9586bc0af60cf5db11757dc320c7d44b1bd357d1c4a71d99c0a849cde07e32da
10K-V2-I1A-001,Item_1A,1,BRLT,2026,10-K,0001628280-26-018794,Item_1A,246220,62,Item_1A,961bee23a4dce048cedc727cb406e13cc09f942849439a58d550fcc4fed9a370
10K-V2-I1A-001,Item_1A,1,BRLT,2026,10-K,0001628280-26-018794,Item_1A,246221,63,Item_1A,6f42c5b10359726fc37d4d3df7e43a661043375fe61330f2d7dbbb246b1d3bd8
10K-V2-I1A-001,Item_1A,1,BRLT,2026,10-K,0001628280-26-018794,Item_1A,246222,64,Item_1A,30e0fdfabacdf9058d85ff1d3a4d2f3f8952983bc05d95ae3dfb83ac8edc2197
10K-V2-I1A-001,Item_1A,1,BRLT,2026,10-K,0001628280-26-018794,Item_1A,246223,65,Item_1A,5c5250c2cdada0a2d32547b987be0cf6c2b0d6ac6baad798a69445e8541aff43
10K-V2-I1A-001,Item_1A,1,BRLT,2026,10-K,0001628280-26-018794,Item_1A,246224,66,Item_1A,ca8a6bbb51cd5d57588ab884d3cfbd6b089b8a491371758a531b1647bbe1553a
10K-V2-I1A-001,Item_1A,1,BRLT,2026,10-K,0001628280-26-018794,Item_1A,246225,67,Item_1A,2a2448e3191f0766d59c9716f4ae0bd3875282d1e6775181887747cc39e362fc
10K-V2-I1A-001,Item_1A,1,BRLT,2026,10-K,0001628280-26-018794,Item_1A,246226,68,Item_1A,acac9644a676329e3330d7f0fa322e50fc1fe78f8630a59cd1fb4488c7308c86
10K-V2-I1A-001,Item_1A,1,BRLT,2026,10-K,0001628280-26-018794,Item_1A,246227,69,Item_1A,93662d24048cfb2a2e0017a19b9a1c3266fc11864c73235e2da85aa4c51a935b
10K-V2-I1A-001,Item_1A,1,BRLT,2026,10-K,0001628280-26-018794,Item_1A,246228,70,Item_1A,1a8cd34f37be74b9891487bef7c575c89b950ab876283386aad70ef308e863e9
10K-V2-I1A-001,Item_1A,1,BRLT,2026,10-K,0001628280-26-018794,Item_1A,246229,71,Item_1A,0179a9390b085a83eeb779de3352eda4f70f5c03b3ed699f57afc4e62fc4a14d
10K-V2-I1A-001,Item_1A,1,BRLT,2026,10-K,0001628280-26-018794,Item_1A,246230,72,Item_1A,d738e5044a95fb50fbbfcc185ef571892213039ee4738692da5b3fbd21b6e50e
10K-V2-I1A-001,Item_1A,1,BRLT,2026,10-K,0001628280-26-018794,Item_1A,246231,73,Item_1A,d18020e6d8cc58eecdae5e3145cad68c470e6bc3b5f485a0c6faca22c37d2357
10K-V2-I1A-001,Item_1A,1,BRLT,2026,10-K,0001628280-26-018794,Item_1A,246232,74,Item_1A,686ceb24f583cc60c8bc70efa7ceea75eaac4b0d1a2618447c868525802729a9
10K-V2-I1A-001,Item_1A,1,BRLT,2026,10-K,0001628280-26-018794,Item_1A,246233,75,Item_1A,73c61f9a1d0e73fbc017db0b57bb8fa79f4cbfedb93bc07668e6d8454b373ab5
10K-V2-I1A-001,Item_1A,1,BRLT,2026,10-K,0001628280-26-018794,Item_1A,246234,76,Item_1A,6fc7046588e8faa4173d5296f16606d490aa78bf5ccf837496d6f03a3fb5858c
10K-V2-I1A-001,Item_1A,1,BRLT,2026,10-K,0001628280-26-018794,Item_1A,246235,77,Item_1A,96a3cd5af58d5bb6811df2a73e0dd49cf2c686157cb38a0d88cfc54ee53c088e
10K-V2-I1A-001,Item_1A,1,BRLT,2026,10-K,0001628280-26-018794,Item_1A,246236,78,Item_1A,fadd933804a3cf2b044e1d3291008b8f477a4ff07bfdf5da91a927d6b8bd649b
10K-V2-I1A-001,Item_1A,1,BRLT,2026,10-K,0001628280-26-018794,Item_1A,246237,79,Item_1A,bba80cee3e2e4845d8a3c33aa7d9990d657ef20007cf8aae84761a58044de1fa
10K-V2-I1A-001,Item_1A,1,BRLT,2026,10-K,0001628280-26-018794,Item_1A,246238,80,Item_1A,54e262b78014d3d22ba88a04f94e9611f115631ca480c9897dac351478763ebf
10K-V2-I1A-001,Item_1A,1,BRLT,2026,10-K,0001628280-26-018794,Item_1A,246239,81,Item_1A,11b12562288c12d46bbafc4ad8d785be0493020cb92aa05476c38bfc807a6a96
10K-V2-I1A-001,Item_1A,1,BRLT,2026,10-K,0001628280-26-018794,Item_1A,246240,82,Item_1A,9c6f1f9612d6c2d726129ec43117ea1a0c64576a4354429daa4778d4fcfe3bde
10K-V2-I1A-002,Item_1A,1,FLWS,2024,10-K,0001437749-24-028591,Item_1A,271312,0,Item_1A,74ce777a46b7000c6b92778b3eb3e5a0144f96c836c293af43573cf8416f38dc
10K-V2-I1A-002,Item_1A,1,FLWS,2024,10-K,0001437749-24-028591,Item_1A,271313,1,Item_1A,9019adbae2bbabf3f4474d6f757b6a8f64667c78470c346f5820ea70dd3dbb60
10K-V2-I1A-002,Item_1A,1,FLWS,2024,10-K,0001437749-24-028591,Item_1A,271314,2,Item_1A,00a8760e08b1d8eb9d55e376f087463fb8fba116e17030cdf2a301d657298751
10K-V2-I1A-002,Item_1A,1,FLWS,2024,10-K,0001437749-24-028591,Item_1A,271315,3,Item_1A,ffa741247b6ae3de19ef1a2d30e124c46f3747ad0608df92474aff64a927a53b
10K-V2-I1A-002,Item_1A,1,FLWS,2024,10-K,0001437749-24-028591,Item_1A,271316,4,Item_1A,742e871ef8d09f98f064d4d638b987cb517cfad9f95b82db2cd8031e91faa311
10K-V2-I1A-002,Item_1A,1,FLWS,2024,10-K,0001437749-24-028591,Item_1A,271317,5,Item_1A,c735a4984e3165f413d4ef419af2912bb503d331beed60d37f5eadf1c50607f7
10K-V2-I1A-002,Item_1A,1,FLWS,2024,10-K,0001437749-24-028591,Item_1A,271318,6,Item_1A,10909ab3a78e4fdef18c58acf025d3733b569a2ed0229186c41b4258ab9d96f8
10K-V2-I1A-002,Item_1A,1,FLWS,2024,10-K,0001437749-24-028591,Item_1A,271319,7,Item_1A,09730d6bafca1d33fdd87091cacada8c331ee7b625aa0367644a47982f20e496
10K-V2-I1A-002,Item_1A,1,FLWS,2024,10-K,0001437749-24-028591,Item_1A,271320,8,Item_1A,d7dc15eb9ec39350f379dbf62ead78f7455df2ed63f7cf0f986ecc97f8b5babd
10K-V2-I1A-002,Item_1A,1,FLWS,2024,10-K,0001437749-24-028591,Item_1A,271321,9,Item_1A,4068e796f9abf51d1436614874c4b86abba5aa4449ca1da76f6c2b633850e50a
10K-V2-I1A-002,Item_1A,1,FLWS,2024,10-K,0001437749-24-028591,Item_1A,271322,10,Item_1A,fdb5f03df1609ac17db43de0f0a295934adab4601d8d6530e8453c959c38798d
10K-V2-I1A-002,Item_1A,1,FLWS,2024,10-K,0001437749-24-028591,Item_1A,271323,11,Item_1A,fed64730ab6421fbeb744f80353828f2d5aa3298b0d872080b02b46a11d36be8
10K-V2-I1A-002,Item_1A,1,FLWS,2024,10-K,0001437749-24-028591,Item_1A,271324,12,Item_1A,36c1177a9cc4c90e0862db2b811d78dad290dc018c89a0cc816e16092b1a2263
10K-V2-I1A-002,Item_1A,1,FLWS,2024,10-K,0001437749-24-028591,Item_1A,271325,13,Item_1A,deb27cb14b5cd257c672feb482b8089e5f58d1a8d848ff48c28c7880a34d7494
10K-V2-I1A-002,Item_1A,1,FLWS,2024,10-K,0001437749-24-028591,Item_1A,271326,14,Item_1A,e9e0c434f05e35565f22fb82c9338bf813e538b0c579608e18404543f4964d7b
10K-V2-I1A-002,Item_1A,1,FLWS,2024,10-K,0001437749-24-028591,Item_1A,271327,15,Item_1A,609f02e03f8bbcedeaa060bb8829c99a06adbb9859574fe924276a34593c8350
10K-V2-I1A-002,Item_1A,1,FLWS,2024,10-K,0001437749-24-028591,Item_1A,271328,16,Item_1A,9b979ba85a6c629f020dd29cb9ff31064718dc6cbb1e29883299b3c1f20c8344
10K-V2-I1A-002,Item_1A,1,FLWS,2024,10-K,0001437749-24-028591,Item_1A,271329,17,Item_1A,c5a2baf20f88b0e1b5d7e9ac3bc4f2fb175270abf3eeb1b442098eb681dc39c8
10K-V2-I1A-002,Item_1A,1,FLWS,2024,10-K,0001437749-24-028591,Item_1A,271330,18,Item_1A,6ece02752bb7498cfc07033dab5619e8bb83f8ac178a906a55d6966f23c704f8
10K-V2-I1A-002,Item_1A,1,FLWS,2024,10-K,0001437749-24-028591,Item_1A,271331,19,Item_1A,4d66de1487f008187f29df7717dc5d016a5cfd6db6609292a308f4fe04c4a255
10K-V2-I1A-002,Item_1A,1,FLWS,2024,10-K,0001437749-24-028591,Item_1A,271332,20,Item_1A,e62cd4e08bd5913ec23d23b6f7ce3d5c3b08237653f064c2e8576daaff556d31
10K-V2-I1A-002,Item_1A,1,FLWS,2024,10-K,0001437749-24-028591,Item_1A,271333,21,Item_1A,8b80675b3c86f973fd163156b104635cdfa43049e0ad26406e8f5dce5cf7d754
10K-V2-I1A-003,Item_1A,1,RDNW,2024,10-K,0001596961-24-000021,Item_1A,313340,0,Item_1A,7badecd040f71aa93da8eb4cb86728f2f183f16bca17e62d3b2cf4f967b8733f
10K-V2-I1A-003,Item_1A,1,RDNW,2024,10-K,0001596961-24-000021,Item_1A,313341,1,Item_1A,c8293cf82ff80dbc97c61a8843c804ada5e364d2b0e0ade41080df68d4c16170
10K-V2-I1A-003,Item_1A,1,RDNW,2024,10-K,0001596961-24-000021,Item_1A,313342,2,Item_1A,d06d629e8f5af52a47dc1fdc3b60291d60b21738b6504771c0c45ac803453b12
10K-V2-I1A-003,Item_1A,1,RDNW,2024,10-K,0001596961-24-000021,Item_1A,313343,3,Item_1A,2a904467d13c13924055073320fb5ced2e51e837c5d431d4b1d9eb1352e852b0
10K-V2-I1A-003,Item_1A,1,RDNW,2024,10-K,0001596961-24-000021,Item_1A,313344,4,Item_1A,c0b198b795123afde50c007bb28c64893cc3ab2efc61c517bc7d45aa5e2bff02
10K-V2-I1A-003,Item_1A,1,RDNW,2024,10-K,0001596961-24-000021,Item_1A,313345,5,Item_1A,9b75763b10accf1bfbc6cbfc4c841fb891dad6e0092aba878be50ac1907f79ca
10K-V2-I1A-003,Item_1A,1,RDNW,2024,10-K,0001596961-24-000021,Item_1A,313346,6,Item_1A,cc4434f5c86871963bdf5b225cfbe806f252adb2f3e2b7b1a3ff57eea179242e
10K-V2-I1A-003,Item_1A,1,RDNW,2024,10-K,0001596961-24-000021,Item_1A,313347,7,Item_1A,98f0d7cfce50862d474e1e1e6a87e1d5cd8537bc21d358f76f53ac618dab27ef
10K-V2-I1A-003,Item_1A,1,RDNW,2024,10-K,0001596961-24-000021,Item_1A,313348,8,Item_1A,bf40377cad986ff8d4c0e0196238400b2e11cfe60e63afaeed314f04621b7283
10K-V2-I1A-003,Item_1A,1,RDNW,2024,10-K,0001596961-24-000021,Item_1A,313349,9,Item_1A,138dfac48d1ee2d1bc09d26e9356a55f6ef160de540d977e3d8ee18a73dd738c
10K-V2-I1A-003,Item_1A,1,RDNW,2024,10-K,0001596961-24-000021,Item_1A,313350,10,Item_1A,27267b59a84f34b3a25484a0a072e246f724333d7b78d0a010e114e2d4632125
10K-V2-I1A-003,Item_1A,1,RDNW,2024,10-K,0001596961-24-000021,Item_1A,313351,11,Item_1A,cae8191f9289d93be55bcc290a1f2809c678a21366efbe68ffddc2d13b21ad26
10K-V2-I1A-003,Item_1A,1,RDNW,2024,10-K,0001596961-24-000021,Item_1A,313352,12,Item_1A,f6fc83fe83f2260087c3d0e2b31d4a843b3b6c5b5713083ee637eadb90f1b7fb
10K-V2-I1A-003,Item_1A,1,RDNW,2024,10-K,0001596961-24-000021,Item_1A,313353,13,Item_1A,c67d827a76917a2150f1e68970fd01f8447d4c8c45f646cea3e613dc1a155098
10K-V2-I1A-003,Item_1A,1,RDNW,2024,10-K,0001596961-24-000021,Item_1A,313354,14,Item_1A,f2660db8d0cb43b4c025a4f4e3b50eaa566b959edf44c9a8aad99f3fe5fb9ed0
10K-V2-I1A-003,Item_1A,1,RDNW,2024,10-K,0001596961-24-000021,Item_1A,313355,15,Item_1A,004a85fb4afa6bf7da57988d5dd729a0e3cc5f88793d46fde2fe572933381bcd
10K-V2-I1A-003,Item_1A,1,RDNW,2024,10-K,0001596961-24-000021,Item_1A,313356,16,Item_1A,592c9eaa3276e2579e7f06cedabdf8eebc0e027ceb8440c1801780909de222d1
10K-V2-I1A-003,Item_1A,1,RDNW,2024,10-K,0001596961-24-000021,Item_1A,313357,17,Item_1A,39a7b650eb3c8d7190ba2cf11b4e3e29ae5741b5e4bd5b8370b111e1ea1ca938
10K-V2-I1A-003,Item_1A,1,RDNW,2024,10-K,0001596961-24-000021,Item_1A,313358,18,Item_1A,3bf29deb85fa8acced9e30daa93654e56b788cb1c5bca298892fb7ea9df94392
10K-V2-I1A-003,Item_1A,1,RDNW,2024,10-K,0001596961-24-000021,Item_1A,313359,19,Item_1A,775df0a7321afcc289e2f570f1ea611947b59834f725d2169e6be139b38215ec
10K-V2-I1A-003,Item_1A,1,RDNW,2024,10-K,0001596961-24-000021,Item_1A,313360,20,Item_1A,de4c30555cb0394ee01b650b3cce2e0bd539095cc6b86f70c560db6a8407c5d8
10K-V2-I1A-003,Item_1A,1,RDNW,2024,10-K,0001596961-24-000021,Item_1A,313361,21,Item_1A,289e02cb4dd453e33fab28a25f558f26668cdb6bd95c3954eee71392bf51b3d0
10K-V2-I1A-003,Item_1A,1,RDNW,2024,10-K,0001596961-24-000021,Item_1A,313362,22,Item_1A,db0a931677691a97035d631c28aad419f7f7a22aa66bb45dfbfe7d1268694c0b
10K-V2-I1A-003,Item_1A,1,RDNW,2024,10-K,0001596961-24-000021,Item_1A,313363,23,Item_1A,ab3e7633f98e717770012f37a6447b094ba7a577797fc100dbb6319c7501adc9
10K-V2-I1A-004,Item_1A,1,CROX,2026,10-K,0001334036-26-000006,Item_1A,255410,0,Item_1A,9a9880718c925645c31213dfc9de23d787fe2f9276cab8a5d385da5282178d54
10K-V2-I1A-004,Item_1A,1,CROX,2026,10-K,0001334036-26-000006,Item_1A,255411,1,Item_1A,6b96d09bcb33b386193643108ad089afb6944dd1fb7eba6727936c67bffa769b
10K-V2-I1A-004,Item_1A,1,CROX,2026,10-K,0001334036-26-000006,Item_1A,255412,2,Item_1A,39879c2923bd25da841ef1c907fb0c8e12006060c4e892aa3cacaf5749cb27d2
10K-V2-I1A-004,Item_1A,1,CROX,2026,10-K,0001334036-26-000006,Item_1A,255413,3,Item_1A,1af23d46e89b7b1ada0e5d28c59db431dff7263fd3a55eeaf605c3d7e5816eac
10K-V2-I1A-004,Item_1A,1,CROX,2026,10-K,0001334036-26-000006,Item_1A,255414,4,Item_1A,0a3e0f80f8e570c926abd85a2400c24b51cae8851adfb24be4fc0516949688f7
10K-V2-I1A-004,Item_1A,1,CROX,2026,10-K,0001334036-26-000006,Item_1A,255415,5,Item_1A,b43ab084dc1672b0dc36cf6b4b169db87c19faccef0ff053de03dea55d90ae44
10K-V2-I1A-004,Item_1A,1,CROX,2026,10-K,0001334036-26-000006,Item_1A,255416,6,Item_1A,594898baf11b98a480722e3e3cd7ee9ed4469fe39ab5d74929a66a16678f2d3e
10K-V2-I1A-004,Item_1A,1,CROX,2026,10-K,0001334036-26-000006,Item_1A,255417,7,Item_1A,fcd63cfebf1c2917f98438beb94073b55cf313626193384c4f0b992623546d1e
10K-V2-I1A-004,Item_1A,1,CROX,2026,10-K,0001334036-26-000006,Item_1A,255418,8,Item_1A,09ab922db426e62f841457c58153bb3857d5916145266c4f8eeddb756f1d323e
10K-V2-I1A-004,Item_1A,1,CROX,2026,10-K,0001334036-26-000006,Item_1A,255419,9,Item_1A,c0629259ca052c56dc96c19236a6034421873da097e75f45239ddea992fa7a1e
10K-V2-I1A-004,Item_1A,1,CROX,2026,10-K,0001334036-26-000006,Item_1A,255420,10,Item_1A,e376883cbc4fc767b6dbd72ce146389b35a19206fb3aba2cea85e10ab87313ad
10K-V2-I1A-004,Item_1A,1,CROX,2026,10-K,0001334036-26-000006,Item_1A,255421,11,Item_1A,eac9068236a7372ffc4b5d015a6e02b22a68e82a4c34bf03c0eb8939d3d52d6f
10K-V2-I1A-004,Item_1A,1,CROX,2026,10-K,0001334036-26-000006,Item_1A,255422,12,Item_1A,144c3e671cd0fd9911bd785c8cb2a898a18250274105081303ae0d79e0cb9101
10K-V2-I1A-004,Item_1A,1,CROX,2026,10-K,0001334036-26-000006,Item_1A,255423,13,Item_1A,c131f9c800275977875a2d515968411937971e3dbcb5ce6fa2668c3865ae8f0e
10K-V2-I1A-004,Item_1A,1,CROX,2026,10-K,0001334036-26-000006,Item_1A,255424,14,Item_1A,8a5be7e70f8b3bd8ed96c47dac6372a8d7a5f4a7b4bfd80f59d6c60b56ddcf54
10K-V2-I1A-004,Item_1A,1,CROX,2026,10-K,0001334036-26-000006,Item_1A,255425,15,Item_1A,dac015956c05b85ba75d93f4741988962f5b8a7c9fca774c775ea47a617357dd
10K-V2-I1A-004,Item_1A,1,CROX,2026,10-K,0001334036-26-000006,Item_1A,255426,16,Item_1A,83cae7c05f7717258db139fac30c8e854f201d83409bea80012d956114561011
10K-V2-I1A-004,Item_1A,1,CROX,2026,10-K,0001334036-26-000006,Item_1A,255427,17,Item_1A,c3db15ed3b41562a0f2519eb3767cffc2589d44ba699d2a677e21dfb515f2fc5
10K-V2-I1A-004,Item_1A,1,CROX,2026,10-K,0001334036-26-000006,Item_1A,255428,18,Item_1A,b68e4368184fb7155ed281fb128f0b8979525aeb03d0f5db769d851ee260dbe3
10K-V2-I1A-004,Item_1A,1,CROX,2026,10-K,0001334036-26-000006,Item_1A,255429,19,Item_1A,bf84d970cbfa5e21d44210515e8bd4036d8e4743ea5b4393a26556847191b73d
10K-V2-I1A-004,Item_1A,1,CROX,2026,10-K,0001334036-26-000006,Item_1A,255430,20,Item_1A,57f12a76a0b0a99be947f8d376fc6dd41ef0a043550390d9243876446dea11b1
10K-V2-I1A-004,Item_1A,1,CROX,2026,10-K,0001334036-26-000006,Item_1A,255431,21,Item_1A,c90d0fdc65b042802a7a843437f5a7110d0cbdf5c2850052ad6cda0cd54e1f21
10K-V2-I1A-004,Item_1A,1,CROX,2026,10-K,0001334036-26-000006,Item_1A,255432,22,Item_1A,749de92736d6be1cc7d814059d01266866af6a920fdd97d5ab5a35fd89555952
10K-V2-I1A-004,Item_1A,1,CROX,2026,10-K,0001334036-26-000006,Item_1A,255433,23,Item_1A,4bb39f72139faa5689d4fd3f39d2ad8c563db59b60d656e4a70f0eec54cb147e
10K-V2-I1A-004,Item_1A,1,CROX,2026,10-K,0001334036-26-000006,Item_1A,255434,24,Item_1A,54746b06c95fefa972fade0b9f6a97d9b2e885621208034e047d2988e6593882
10K-V2-I1A-004,Item_1A,1,CROX,2026,10-K,0001334036-26-000006,Item_1A,255435,25,Item_1A,3bc7ee82b9a5cad925b18fedc59cae1cceb2ccaed18572963fd1e3160a0e9ed3
10K-V2-I1A-004,Item_1A,1,CROX,2026,10-K,0001334036-26-000006,Item_1A,255436,26,Item_1A,9c85d4e33bf242fce6b8cc2259bfe712e07c9efe1a8561f5ed418f01d2ecc78d
10K-V2-I1A-004,Item_1A,1,CROX,2026,10-K,0001334036-26-000006,Item_1A,255437,27,Item_1A,438f0f886c6be51c41e79e9c5c95633f9fb401c1b58cd4bfbf8c0ecd4bd5bd3d
10K-V2-I1A-004,Item_1A,1,CROX,2026,10-K,0001334036-26-000006,Item_1A,255438,28,Item_1A,1e8094191aa15c6c1cef0fa86541f83356727757d96cf6b1a5f6913154abc951
10K-V2-I1A-004,Item_1A,1,CROX,2026,10-K,0001334036-26-000006,Item_1A,255439,29,Item_1A,276d9b91469aeec63a92412a7b1262f33210ef3734fb2ec47cfd05e9dfb489b3
10K-V2-I1A-004,Item_1A,1,CROX,2026,10-K,0001334036-26-000006,Item_1A,255440,30,Item_1A,02811190493bd492080fecfc5a45d7f46d213f5658f4436fe9ae1f152c1dcae8
10K-V2-I1A-004,Item_1A,1,CROX,2026,10-K,0001334036-26-000006,Item_1A,255441,31,Item_1A,33aac1e7c9d6b973fae151e3e2672676cedde2893ea6facf721f1e57224c569e
10K-V2-I1A-004,Item_1A,1,CROX,2026,10-K,0001334036-26-000006,Item_1A,255442,32,Item_1A,f88a6baa8d598badc68ee8d25e1c90b3c3781ed9902a0a80e3b64365ec5fb00d
10K-V2-I1A-004,Item_1A,1,CROX,2026,10-K,0001334036-26-000006,Item_1A,255443,33,Item_1A,9228ebd7f97774839a1ead20e3040f755d38e094f42c249c8fddd97566c7f7d2
10K-V2-I1A-004,Item_1A,1,CROX,2026,10-K,0001334036-26-000006,Item_1A,255444,34,Item_1A,cb3eb5d04ef8c93f85790eb93e2d7e5d057f6ca2a9ea420f1f3247af5bf01a3d
10K-V2-I1A-004,Item_1A,1,CROX,2026,10-K,0001334036-26-000006,Item_1A,255445,35,Item_1A,ef653f186692c3bcd8fa9e7e580c4409b15bb6557e29770f5d692bed96447e8b
10K-V2-I1A-004,Item_1A,1,CROX,2026,10-K,0001334036-26-000006,Item_1A,255446,36,Item_1A,adaa625097138309259e44210e92aee02245c781c5fe8bfa8d67e5427c89b17a
10K-V2-I1A-004,Item_1A,1,CROX,2026,10-K,0001334036-26-000006,Item_1A,255447,37,Item_1A,94b0cdbec5acf5ffadc14126c2ccd3c5251fa51f8a5ddaf1f95aa42ffb7f105e
10K-V2-I1A-004,Item_1A,1,CROX,2026,10-K,0001334036-26-000006,Item_1A,255448,38,Item_1A,e4fb453ce172ca08defd7061df504d60be69be21b66cb6be710c7174126ac26a
10K-V2-I1A-004,Item_1A,1,CROX,2026,10-K,0001334036-26-000006,Item_1A,255449,39,Item_1A,1ff220b2798d54e46a4fb79cc41c985f8d401d9f02efe1be3ceaa993a4d9d6f6
10K-V2-I1A-004,Item_1A,1,CROX,2026,10-K,0001334036-26-000006,Item_1A,255450,40,Item_1A,c02f7ff789e2abb90cc0de27682ba3d1a3b80e5b6432e938d43ac6ddddaf04a4
10K-V2-I1A-004,Item_1A,1,CROX,2026,10-K,0001334036-26-000006,Item_1A,255451,41,Item_1A,74289e78504d2d377e28a8e1b01e4744e3c9f639b6a724e3906e91e18f9e39aa
10K-V2-I1A-004,Item_1A,1,CROX,2026,10-K,0001334036-26-000006,Item_1A,255452,42,Item_1A,ea984c6f4d7a0db42aa90b404ac25e754d3be002bf67a4916e4fe5e8fa73c668
10K-V2-I1A-004,Item_1A,1,CROX,2026,10-K,0001334036-26-000006,Item_1A,255453,43,Item_1A,c07bb26bdd977878454a1a50114da39520858e93dc18bc075dffacb2762d88e1
10K-V2-I1A-004,Item_1A,1,CROX,2026,10-K,0001334036-26-000006,Item_1A,255454,44,Item_1A,541d8c103a96cdf48a0c74fadc49b224251591c36f8c55d88801f8434871f42c
10K-V2-I1A-004,Item_1A,1,CROX,2026,10-K,0001334036-26-000006,Item_1A,255455,45,Item_1A,2aa51f11188e8ab1c038c84a0618fb4a18b7858795ac27b324b209dc0858144f
10K-V2-I1A-004,Item_1A,1,CROX,2026,10-K,0001334036-26-000006,Item_1A,255456,46,Item_1A,1e081a65a6db450c1996292ca5db291522c3ee8012da4d8e8cecb9176ae6f24f
10K-V2-I1A-004,Item_1A,1,CROX,2026,10-K,0001334036-26-000006,Item_1A,255457,47,Item_1A,2c715b42ef50686be283c4b56b5d516f64e3ac94882c78d962398bf608606b77
10K-V2-I7-001,Item_7,1,CURV,2025,10-K,0001628280-25-015891,Item_7,256261,0,Item_7,00303d11720e4aee93fad5229bf3bd902093ac0c085cecb1989b004deb5229e7
10K-V2-I7-001,Item_7,1,CURV,2025,10-K,0001628280-25-015891,Item_7,256262,1,Item_7,9671691bc53d7e805aa2cad5445e8e5df11767bdfc2f8a33469f47502419a360
10K-V2-I7-001,Item_7,1,CURV,2025,10-K,0001628280-25-015891,Item_7,256263,2,Item_7,b258a87dc706598292f3ec3c417932faa84bbcd1c12daac48bdd126439dbdc6d
10K-V2-I7-001,Item_7,1,CURV,2025,10-K,0001628280-25-015891,Item_7,256264,3,Item_7,10dc820046a49bcd2eb6f05435ee594862a5d3ff573de7ea00e6c740b446afc2
10K-V2-I7-001,Item_7,1,CURV,2025,10-K,0001628280-25-015891,Item_7,256265,4,Item_7,abf60f3bde8f74eb23a201e9cc5afcd593860d6e39f7af14f92d6a694e9d77e7
10K-V2-I7-001,Item_7,1,CURV,2025,10-K,0001628280-25-015891,Item_7,256266,5,Item_7,bc72e3c1286c1d4d7c60cd8762630d3460c8794d02efd0cceee020a1fd330b85
10K-V2-I7-001,Item_7,1,CURV,2025,10-K,0001628280-25-015891,Item_7,256267,6,Item_7,1e33e815b82fc89cab3008b4a9de7351e9a1ade47ed624989ad22a59b7c55315
10K-V2-I7-001,Item_7,1,CURV,2025,10-K,0001628280-25-015891,Item_7,256268,7,Item_7,f8cab460e7a66b50063b0e334e54fd54b97816cd7e0ce1fa189ddf160a99103f
10K-V2-I7-001,Item_7,1,CURV,2025,10-K,0001628280-25-015891,Item_7,256269,8,Item_7,b6ba093b8eefa2a997c3f88f414051171335c08d1da9bfe6e3636c286beed465
10K-V2-I7-001,Item_7,1,CURV,2025,10-K,0001628280-25-015891,Item_7,256270,9,Item_7,f5587dab5d9e7107a60a3239d216a690cf4217eb2f40ba32d04858a100a7e007
10K-V2-I7-001,Item_7,1,CURV,2025,10-K,0001628280-25-015891,Item_7,256271,10,Item_7,e454f762c42f0282d1fcf873567dabd73d82cf7da25bcee2ae431aab132a6dab
10K-V2-I7-001,Item_7,1,CURV,2025,10-K,0001628280-25-015891,Item_7,256272,11,Item_7,5b42cd95c301df93d032ae98deb75964057152f02c6d1e116249b74638306d1f
10K-V2-I7-001,Item_7,1,CURV,2025,10-K,0001628280-25-015891,Item_7,256273,12,Item_7,a6b4720bf3c0b66b9befadbfb2d595e14aa81c5f951bc6e686efe435643b6746
10K-V2-I7-001,Item_7,1,CURV,2025,10-K,0001628280-25-015891,Item_7,256274,13,Item_7,a483d7befd6c8b0bbb05b5a70d48e8e0bd73fb5cef25dc0818edf178a3eb370e
10K-V2-I7-001,Item_7,1,CURV,2025,10-K,0001628280-25-015891,Item_7,256275,14,Item_7,16dd1588410b5422f1c3901a2c6998c78bdeb0e778f7b2f69917f6b8477bd332
10K-V2-I7-001,Item_7,1,CURV,2025,10-K,0001628280-25-015891,Item_7,256276,15,Item_7,d812e5802642ff865fd74740b1866337fecf2c16a795677299aafa72802aeb39
10K-V2-I7-001,Item_7,1,CURV,2025,10-K,0001628280-25-015891,Item_7,256277,16,Item_7,f119259da3bdff00f7d84faeb4b5f01068fdce43b9bfa6c270ab358708728d06
10K-V2-I7-001,Item_7,1,CURV,2025,10-K,0001628280-25-015891,Item_7,256278,17,Item_7,92f8c5fe64549ca778b88635b5b37829dfb978a4c54621a103209ed9ad9682bd
10K-V2-I7-001,Item_7,1,CURV,2025,10-K,0001628280-25-015891,Item_7,256279,18,Item_7,ef5ac7c77ea36078d932cf802f3c85d061a4bcac886edcaf8bfa9d59a943099b
10K-V2-I7-001,Item_7,1,CURV,2025,10-K,0001628280-25-015891,Item_7,256280,19,Item_7,faf1c58005c84c930fc5ebde58fd9f045435a1e0b1e7736bb3c48af27a1758cd
10K-V2-I7-001,Item_7,1,CURV,2025,10-K,0001628280-25-015891,Item_7,256281,20,Item_7,20b0d443e9e0faa4b84027ffef3349fd1c3b5f00e81eccef52a1bf4bfc8c1bad
10K-V2-I7-001,Item_7,1,CURV,2025,10-K,0001628280-25-015891,Item_7,256282,21,Item_7,a135eb2472b3304e64c28a3916eb2328b5f3dec2d3c841b0ef9ba85dbcf42dd3
10K-V2-I7-001,Item_7,1,CURV,2025,10-K,0001628280-25-015891,Item_7,256283,22,Item_7,6ec61c83ed95111ddd428769ed08754063d0ee1e4651a4542ec53d02c9964136
10K-V2-I7-001,Item_7,1,CURV,2025,10-K,0001628280-25-015891,Item_7,256284,23,Item_7,0123b357a945dc1875bde061ab5a9b7c199a0116c33587cece0ea4d474e6327e
10K-V2-I7-001,Item_7,1,CURV,2025,10-K,0001628280-25-015891,Item_7,256285,24,Item_7,c5e2a3c67e808cb87cee94ce8467658dbbeb294b326e66155a6ef74b0aee6037
10K-V2-I7-001,Item_7,1,CURV,2025,10-K,0001628280-25-015891,Item_7,256286,25,Item_7,ad9438204d248a1c17558adb468211ab4fdc5184e595b8c716dab62223da2cf3
10K-V2-I7-001,Item_7,1,CURV,2025,10-K,0001628280-25-015891,Item_7,256287,26,Item_7,7da5906f33b9239e122ce244d8a55664b51e0c41925266c612d082487733f259
10K-V2-I7-001,Item_7,1,CURV,2025,10-K,0001628280-25-015891,Item_7,256288,27,Item_7,8a9b42129ed6825912adeae807f41e9a2a78defa66d5e3986e2279e730f69e3c
10K-V2-I7-001,Item_7,1,CURV,2025,10-K,0001628280-25-015891,Item_7,256289,28,Item_7,35b42ca5158e8e818a2674b15dfcdc9d62382885532da4cfc7cf374f301dadb5
10K-V2-I7-001,Item_7,1,CURV,2025,10-K,0001628280-25-015891,Item_7,256290,29,Item_7,df8b798f0364c30768e8f689fe3d327224486d658013605fb8d0f8ea53a70c7c
10K-V2-I7-001,Item_7,1,CURV,2025,10-K,0001628280-25-015891,Item_7,256291,30,Item_7,8e4f8bad42ac25b5d2d2334e7936901383937ae57cae4fddd22f457793156404
10K-V2-I7-002,Item_7,1,SNBR,2025,10-K,0000827187-25-000018,Item_7,323315,0,Item_7,1ba54c40b3602702a3c3a09bb77920d3e93db5365bbf59314984b021e1596054
10K-V2-I7-002,Item_7,1,SNBR,2025,10-K,0000827187-25-000018,Item_7,323316,1,Item_7,ca7c0a85e44b16ccd08b66ec06eb0fd06f73ff615ffabdcadea0fd7ebfe2670f
10K-V2-I7-002,Item_7,1,SNBR,2025,10-K,0000827187-25-000018,Item_7,323317,2,Item_7,2f452e6da1ea222991f5c44a5ec3fdd4d8b47611e62d9de7a4b830e870ec4e13
10K-V2-I7-002,Item_7,1,SNBR,2025,10-K,0000827187-25-000018,Item_7,323318,3,Item_7,9078bd306bdba44bfaa00e38ebf009f1d1a40e4b3424482ae47f90dd3b4babff
10K-V2-I7-002,Item_7,1,SNBR,2025,10-K,0000827187-25-000018,Item_7,323319,4,Item_7,aa93d28b88dc489c9400ad20f852becb89e7b7f1e835ebb3c66180011566f4b6
10K-V2-I7-002,Item_7,1,SNBR,2025,10-K,0000827187-25-000018,Item_7,323320,5,Item_7,75bac3c8b3a66a8a04b9ce6c6ef62db21938327d51d5bdc78ae9f4b2ce46ef31
10K-V2-I7-002,Item_7,1,SNBR,2025,10-K,0000827187-25-000018,Item_7,323321,6,Item_7,6455065bf0ada4e97f8364ac643a187c37ca10166223b863c4d9fa95fe605c62
10K-V2-I7-002,Item_7,1,SNBR,2025,10-K,0000827187-25-000018,Item_7,323322,7,Item_7,5ef1ab1b7346fe7f0d5f39211375f509a3384076dd661e786fd749620865233e
10K-V2-I7-002,Item_7,1,SNBR,2025,10-K,0000827187-25-000018,Item_7,323323,8,Item_7,9ac564f2499896594100c4a1ea3960b741042eda50c50bc91791c47661fbe3aa
10K-V2-I7-002,Item_7,1,SNBR,2025,10-K,0000827187-25-000018,Item_7,323324,9,Item_7,4da2e0d2b22b3c3e98c39c83b1e9677ee6719b8ce1045a0d06e3392ddd60c720
10K-V2-I7-002,Item_7,1,SNBR,2025,10-K,0000827187-25-000018,Item_7,323325,10,Item_7,32e97c763c630828993265dfe57c6ee41406fdbbbee23d0f19616a4635800fe3
10K-V2-I7-002,Item_7,1,SNBR,2025,10-K,0000827187-25-000018,Item_7,323326,11,Item_7,f3734ab32b467ef9d1b448bcaa2f988aff19a3735e34812a196717bf9e5ce2b1
10K-V2-I7-002,Item_7,1,SNBR,2025,10-K,0000827187-25-000018,Item_7,323327,12,Item_7,69cb7db1290063a1fe287974c43b7362572b3d3f7b341afe2d1ee7556d01d3a0
10K-V2-I7-002,Item_7,1,SNBR,2025,10-K,0000827187-25-000018,Item_7,323328,13,Item_7,00beb2d2073dad2d67b7b3ca1de12b2c6f062125bf641b10b593b8bc03f2fe3b
10K-V2-I7-002,Item_7,1,SNBR,2025,10-K,0000827187-25-000018,Item_7,323329,14,Item_7,88766a979b88a0a028b67eb6d990ab76936e0e7406e5a179dba1351f5166abee
10K-V2-I7-002,Item_7,1,SNBR,2025,10-K,0000827187-25-000018,Item_7,323330,15,Item_7,91cbd007ad0eb440645f96cbecaf899bd22eec95ed62904ac26cb808b770f973
10K-V2-I7-002,Item_7,1,SNBR,2025,10-K,0000827187-25-000018,Item_7,323331,16,Item_7,195294575fe5671cbf998e9d298cbe7dcc6276b8443ca57826b639f17fd5af5d
10K-V2-I7-002,Item_7,1,SNBR,2025,10-K,0000827187-25-000018,Item_7,323332,17,Item_7,e19e9c84751355bdf44288f0b09b29853a4032aef6535e73c0f53c41fa349607
10K-V2-I7-002,Item_7,1,SNBR,2025,10-K,0000827187-25-000018,Item_7,323333,18,Item_7,2e1b2e37d978cdf80b1316cbbeca9ef9553489452eea899c975c29fc71d277ed
10K-V2-I7-002,Item_7,1,SNBR,2025,10-K,0000827187-25-000018,Item_7,323334,19,Item_7,64a11bb607d048a0ea557458aaf27b1c267847b8e6d45074d86c5f15c28dc094
10K-V2-I7-002,Item_7,1,SNBR,2025,10-K,0000827187-25-000018,Item_7,323335,20,Item_7,b99ce2a6c0cd56b44bc2eaa8bde1699242223a2404004a5d3610c6d489a3f327
10K-V2-I7-002,Item_7,1,SNBR,2025,10-K,0000827187-25-000018,Item_7,323336,21,Item_7,c61518ba324b06c602b31ea6c4bb69ebda0f888e291e3680fc64141804273fc2
10K-V2-I7-002,Item_7,1,SNBR,2025,10-K,0000827187-25-000018,Item_7,323337,22,Item_7,56b5cf0cd0f5e5b6ade7197279b1b2c52076cbe6a16e7d6ef2a043bf4399d26d
10K-V2-I7-002,Item_7,1,SNBR,2025,10-K,0000827187-25-000018,Item_7,323338,23,Item_7,bb1bb55bcf8de9c7fef6f4e8ff7a1e61fb433769cc626bf02af3b55dbafe4df8
10K-V2-I7-003,Item_7,1,NWL,2025,10-K,0000814453-25-000008,Item_7,302853,0,Item_7,7bfeee4a630c3219779aaf66a1cc99e27ed46dbc95f06068e1334546aa9d0977
10K-V2-I7-003,Item_7,1,NWL,2025,10-K,0000814453-25-000008,Item_7,302854,1,Item_7,b33f52900e81567d4b6c061590af2167c06a211f66f38aaf3f3fe4831368fbd1
10K-V2-I7-003,Item_7,1,NWL,2025,10-K,0000814453-25-000008,Item_7,302855,2,Item_7,023392960ef0aaa8c8806c485bd54a9c80aaa1ea7e7c19e09ef2ccfd5fd96874
10K-V2-I7-003,Item_7,1,NWL,2025,10-K,0000814453-25-000008,Item_7,302856,3,Item_7,a50fa4b8b59ea252789c1949830bbb48fdac742861c4b624a245f22972393cb4
10K-V2-I7-003,Item_7,1,NWL,2025,10-K,0000814453-25-000008,Item_7,302857,4,Item_7,13027ec19873d4a19347357711be15792c90deece4df558feb15e013d116bed1
10K-V2-I7-003,Item_7,1,NWL,2025,10-K,0000814453-25-000008,Item_7,302858,5,Item_7,523fdcde66dc7ceac3bd49e65e645dd6e7f07b85a253e8f86b8426167c759ffb
10K-V2-I7-003,Item_7,1,NWL,2025,10-K,0000814453-25-000008,Item_7,302859,6,Item_7,3d38ce2e5c9866957638747b8ddc7089173b7e31d86eb38391fa510f78154ad9
10K-V2-I7-003,Item_7,1,NWL,2025,10-K,0000814453-25-000008,Item_7,302860,7,Item_7,aa03110fc0f20de96f3e462762a3c56440f55e647c514906f8f56068b08d1741
10K-V2-I7-003,Item_7,1,NWL,2025,10-K,0000814453-25-000008,Item_7,302861,8,Item_7,1b4e6479834c0ee9e32282cba4ed3fcc2710f284e13f8f8c4295450c8d8518bf
10K-V2-I7-003,Item_7,1,NWL,2025,10-K,0000814453-25-000008,Item_7,302862,9,Item_7,e4e61755e869f314dad5ccaf8bf07bb0247339d33852ff232d26d1516dadd88a
10K-V2-I7-003,Item_7,1,NWL,2025,10-K,0000814453-25-000008,Item_7,302863,10,Item_7,33bdb07aca45c653888deaad8b9ca1d8332eed4e797cc437e3b2185923aaf9d5
10K-V2-I7-003,Item_7,1,NWL,2025,10-K,0000814453-25-000008,Item_7,302864,11,Item_7,5d171d2fa2fef4d729844e92ad26c694fc65d6a45afa03d0168cd70c7c17af9f
10K-V2-I7-003,Item_7,1,NWL,2025,10-K,0000814453-25-000008,Item_7,302865,12,Item_7,d780986fbdfe283e32111a1fd573d5a30830f80b54b7432bbc08d150b3d33705
10K-V2-I7-003,Item_7,1,NWL,2025,10-K,0000814453-25-000008,Item_7,302866,13,Item_7,c4ee727c45bd3ed7252f4ee81bf4a793aaa89fb6b19e6b6f413acc93f31f582c
10K-V2-I7-003,Item_7,1,NWL,2025,10-K,0000814453-25-000008,Item_7,302867,14,Item_7,31653858ba2788b7888e8dcdaea13582cdf71180b8d58ba48cf69b1e8905d64d
10K-V2-I7-003,Item_7,1,NWL,2025,10-K,0000814453-25-000008,Item_7,302868,15,Item_7,91d77619e8c6629d43febe2082e303103657e226a6b5d589d9626d0582c4348c
10K-V2-I7-003,Item_7,1,NWL,2025,10-K,0000814453-25-000008,Item_7,302869,16,Item_7,7fc36f27633fefa5acc877e9a91a99b86fe710180058e297a888d57e541de61c
10K-V2-I7-003,Item_7,1,NWL,2025,10-K,0000814453-25-000008,Item_7,302870,17,Item_7,fcf5b2e26257603ff54d7b114477a53d1419b1a333e78909b2939f2005ff86e9
10K-V2-I7-003,Item_7,1,NWL,2025,10-K,0000814453-25-000008,Item_7,302871,18,Item_7,9280d21ac1d41ebce7ed73a872584a8778670f985d2eb1e81447199ccde4b172
10K-V2-I7-003,Item_7,1,NWL,2025,10-K,0000814453-25-000008,Item_7,302872,19,Item_7,314b9704f457068327c756882f1c2e4f2809347863c5b94e9424154cc10d3f08
10K-V2-I7-003,Item_7,1,NWL,2025,10-K,0000814453-25-000008,Item_7,302873,20,Item_7,aaee15f1867c61b6770c56571fb88b902a962e04225c156476ba06a04832090a
10K-V2-I7-003,Item_7,1,NWL,2025,10-K,0000814453-25-000008,Item_7,302874,21,Item_7,17cec8d0b15605528030866b3ae787762c8a8bb11da2af442d915f218c60aaf5
10K-V2-I7-003,Item_7,1,NWL,2025,10-K,0000814453-25-000008,Item_7,302875,22,Item_7,c2d09004bc285eca9eae47622a9481b561a0e58acd130f083c76a17ff9e3e403
10K-V2-I7-003,Item_7,1,NWL,2025,10-K,0000814453-25-000008,Item_7,302876,23,Item_7,25d392148bad77dfdbff2420a3aadc6519338e74ea982b0287a7ab7bd8970164
10K-V2-I7-003,Item_7,1,NWL,2025,10-K,0000814453-25-000008,Item_7,302877,24,Item_7,928f5c00cf1cd357d933e5f060a9a109242cffdd723fc37d6c9df18eb6f1fd1f
10K-V2-I7-003,Item_7,1,NWL,2025,10-K,0000814453-25-000008,Item_7,302878,25,Item_7,76f8f12546a93c12add547a932072908ba62d35c3281457394fe49295059394e
10K-V2-I7-003,Item_7,1,NWL,2025,10-K,0000814453-25-000008,Item_7,302879,26,Item_7,6c11cde923c7a63dee1da66927e82c816a1aaa82e87172a33294282dd278d5c4
10K-V2-I7-003,Item_7,1,NWL,2025,10-K,0000814453-25-000008,Item_7,302880,27,Item_7,631be8b14fee947de55c13a163e99b6f9901dfc744f82a1344c88b6356c66a36
10K-V2-I7-003,Item_7,1,NWL,2025,10-K,0000814453-25-000008,Item_7,302881,28,Item_7,d10052edf9cdf051c7a366336b50c304af6277e9b1d34c7f0eba60cec0c66ff0
10K-V2-I7-003,Item_7,1,NWL,2025,10-K,0000814453-25-000008,Item_7,302882,29,Item_7,37a137f84941af8adc26b93a8368284249637ff1d863c9a4af7cd98f97275998
10K-V2-I7-003,Item_7,1,NWL,2025,10-K,0000814453-25-000008,Item_7,302883,30,Item_7,68b15c1c765c6577813d192acb0327612fb91524087060787763fe283901b021
10K-V2-I7-003,Item_7,1,NWL,2025,10-K,0000814453-25-000008,Item_7,302884,31,Item_7,2fe48fc369495950592ee0f025b64e5c844450252c8248e81eda97fbd3213e2c
10K-V2-I7-003,Item_7,1,NWL,2025,10-K,0000814453-25-000008,Item_7,302885,32,Item_7,c03ab5905823046bf61e2592451e841794330a3d0d575e1a7092ae5fd261dc71
10K-V2-I7-003,Item_7,1,NWL,2025,10-K,0000814453-25-000008,Item_7,302886,33,Item_7,d7b9a8bc89b8a57e789ce7bb3423ba97ce16e9c3d24a1018a480caa94fadc93b
10K-V2-I7-003,Item_7,1,NWL,2025,10-K,0000814453-25-000008,Item_7,302887,34,Item_7,3bb38264ea71e09b6c9d861ad1b9c632de3f1eb34c6ebca2db8e690b5f245165
10K-V2-I7-003,Item_7,1,NWL,2025,10-K,0000814453-25-000008,Item_7,302888,35,Item_7,c72e78d1730d69384c0cddc06ffe327a6b97bb4c78cf86352253cca3a71ebe4a
10K-V2-I7-003,Item_7,1,NWL,2025,10-K,0000814453-25-000008,Item_7,302889,36,Item_7,7a7bdb40eff3d80abcbc15b84d43634c54b53b6381e4332751ec460562a124d6
10K-V2-I7-003,Item_7,1,NWL,2025,10-K,0000814453-25-000008,Item_7,302890,37,Item_7,29f30910591b207cef54891b58556cda874381e4d1cdb771a4d3b9c5412647f0
10K-V2-I7-004,Item_7,1,WSM,2026,10-K,0000719955-26-000059,Item_7,340529,0,Item_7,51fbadcf14ca2ff9be93196077751f5591192fd23a7e82b8aac331157df2e27f
10K-V2-I7-004,Item_7,1,WSM,2026,10-K,0000719955-26-000059,Item_7,340530,1,Item_7,754e72c3496e0a2127b88a8b25ce8650603e1e577affd5e6be089e57aae50e5d
10K-V2-I7-004,Item_7,1,WSM,2026,10-K,0000719955-26-000059,Item_7,340531,2,Item_7,f676f854578cb3fac112080768bbab8572e5c7cd98cc158794a70337454cb117
10K-V2-I7-004,Item_7,1,WSM,2026,10-K,0000719955-26-000059,Item_7,340532,3,Item_7,3a4b66c4302eccd44f3cd8e8c7f67f2fec0e2d17f4bbf4557024c365dedea9e0
10K-V2-I7-004,Item_7,1,WSM,2026,10-K,0000719955-26-000059,Item_7,340533,4,Item_7,4b15f92c80bfa247175011063c24a2852291693e20fa87d635dfccb348a28c56
10K-V2-I7-004,Item_7,1,WSM,2026,10-K,0000719955-26-000059,Item_7,340534,5,Item_7,f82a68eab3dec6484b38dd83cee2c3cbdd08ff8e22c1cd311c36c3d9dab8ed8e
10K-V2-I7-004,Item_7,1,WSM,2026,10-K,0000719955-26-000059,Item_7,340535,6,Item_7,73c46741293d87083c3813bc87004b5b4dfef7c9b988d540f26e82c891b1f8ce
10K-V2-I7-004,Item_7,1,WSM,2026,10-K,0000719955-26-000059,Item_7,340536,7,Item_7,5f160ea904fb9046c67caea3e2314703f4b488c675fbc9a0d8e26403b1e4c3c4
10K-V2-I7-004,Item_7,1,WSM,2026,10-K,0000719955-26-000059,Item_7,340537,8,Item_7,d7d8e3a3a7bc68249e6af784596d32ef5464206ab7eb06733929526c9faca25b
10K-V2-I7-004,Item_7,1,WSM,2026,10-K,0000719955-26-000059,Item_7,340538,9,Item_7,32587059b93b0fa738d68326891b6bb1cb1100220d478e1bd09392291c4ba28b
10K-V2-I7-004,Item_7,1,WSM,2026,10-K,0000719955-26-000059,Item_7,340539,10,Item_7,9c0a54d9e7b6f0cdbaec066e3399c406d5c95475ccf8e77172b6c519b80d2e3b
10K-V2-I7-004,Item_7,1,WSM,2026,10-K,0000719955-26-000059,Item_7,340540,11,Item_7,c97993ad67d1727ad0e68a193624113a63fcf402c07861191fe87463faca4653
10K-V2-I7-004,Item_7,1,WSM,2026,10-K,0000719955-26-000059,Item_7,340541,12,Item_7,a418653b5383355cf807c6411da66ffe674581164426d02973f862c59776a5fa
10K-V2-I7-004,Item_7,1,WSM,2026,10-K,0000719955-26-000059,Item_7,340542,13,Item_7,371e02bbac7c55427cb09e46022a2aa11b1e3fc307ea3dc284840b95f0452bbc
10K-V2-I7-004,Item_7,1,WSM,2026,10-K,0000719955-26-000059,Item_7,340543,14,Item_7,975da6f15f6cd5160bf4c3455841e364384110a0b95dc237f0310eb8fd81cd95
10K-V2-I7-004,Item_7,1,WSM,2026,10-K,0000719955-26-000059,Item_7,340544,15,Item_7,83fc18800873c707bcb74671692fd340401c1a9c1a885cccb35fb3b4a90cf431
10K-V2-I7-004,Item_7,1,WSM,2026,10-K,0000719955-26-000059,Item_7,340545,16,Item_7,b5ea80d7bff9cb8c5e63be05199bd43f1761953252dd244edc90d42e34bed237
10K-V2-I8-001,Item_8,1,HD,2026,10-K,0001628280-26-019436,Item_8,281161,0,Item_8,ecb44d3ee6aa9aad8a3e36c59fb8f0e8aa3faff4419852195389d45e4159b8b8
10K-V2-I8-001,Item_8,1,HD,2026,10-K,0001628280-26-019436,Item_8,281162,1,Item_8,495cbf850acd0d3bf080f6b2cc9aa36e04a5614fe3cd2984aa323d1507602db7
10K-V2-I8-001,Item_8,1,HD,2026,10-K,0001628280-26-019436,Item_8,281163,2,Item_8,1dbdd5718101f7bc672482e2fda0cd002f94955a6ed79a803dff2047434787fb
10K-V2-I8-001,Item_8,1,HD,2026,10-K,0001628280-26-019436,Item_8,281164,3,Item_8,a4d1d61908fa9f2bee2b8c4433285eba5c764cc38c9cec3ac0ae3d9ebf1948bb
10K-V2-I8-001,Item_8,1,HD,2026,10-K,0001628280-26-019436,Item_8,281165,4,Item_8,1e5d5fe1af2ce5bf829edfbb800910c789f2162b348d9bc8e5a5d8b513ea0989
10K-V2-I8-001,Item_8,1,HD,2026,10-K,0001628280-26-019436,Item_8,281166,5,Item_8,c5f21c31b7e28a3607cdb17b6135fdd286ea1fec153286143c870a6d8cee0414
10K-V2-I8-001,Item_8,1,HD,2026,10-K,0001628280-26-019436,Item_8,281167,6,Item_8,d53dc8f0ffba2896d2ee765219c2cda1af9e787dedebb0048d074d84d6e8d201
10K-V2-I8-001,Item_8,1,HD,2026,10-K,0001628280-26-019436,Item_8,281168,7,Item_8,5c3da9be7e05e4576ce4040da70f59f24dad2e539c89a172f93e454861bd6c79
10K-V2-I8-001,Item_8,1,HD,2026,10-K,0001628280-26-019436,Item_8,281169,8,Item_8,2d293e5dd9baba815280cef5b7f754d0c232ba5046e203f3807d442f487c911b
10K-V2-I8-001,Item_8,1,HD,2026,10-K,0001628280-26-019436,Item_8,281170,9,Item_8,465c8fa4126a400f07f38f8dfad99e052c727d06c10544ce6152de62b0ac5e0e
10K-V2-I8-001,Item_8,1,HD,2026,10-K,0001628280-26-019436,Item_8,281171,10,Item_8,f4b76b0d098259f0849eaec91ca996f51ff072067586960c12587486b9b41c97
10K-V2-I8-001,Item_8,1,HD,2026,10-K,0001628280-26-019436,Item_8,281172,11,Item_8,242ccc08a410be11279d398aa3ae39193ca796ed7b293659884570de87350800
10K-V2-I8-001,Item_8,1,HD,2026,10-K,0001628280-26-019436,Item_8,281173,12,Item_8,d5eb580d032ddcc7b99e70f9cc73c29fa668d7da5e85b6cfd9ce7608c472472f
10K-V2-I8-001,Item_8,1,HD,2026,10-K,0001628280-26-019436,Item_8,281174,13,Item_8,eadad9d91acf128c159eeec905bf6b1f064ef1dbe470e5b80e1cd9d08b20d550
10K-V2-I8-001,Item_8,1,HD,2026,10-K,0001628280-26-019436,Item_8,281175,14,Item_8,ed8e77a570fd46acd59c3f6552e893d4652f7af186bf3deabcafea53c0547681
10K-V2-I8-001,Item_8,1,HD,2026,10-K,0001628280-26-019436,Item_8,281176,15,Item_8,1e2883a1349a022de95c98e9f15db3a413d916742ca9bd9aa8550dca8f7b3844
10K-V2-I8-001,Item_8,1,HD,2026,10-K,0001628280-26-019436,Item_8,281177,16,Item_8,1d1fe13cdf795e48254ec9d5f113537b23b9a21ee71298c47b60a48ef0e33a3a
10K-V2-I8-001,Item_8,1,HD,2026,10-K,0001628280-26-019436,Item_8,281178,17,Item_8,b81aea9b9b12b4fbdb6c376688f94ac0d88e17fd70c06d32847d0955f313093e
10K-V2-I8-001,Item_8,1,HD,2026,10-K,0001628280-26-019436,Item_8,281179,18,Item_8,1bce8ad24555c61b15af533317122e345d61d473d4d3a711bc64df9c08ba2bb4
10K-V2-I8-001,Item_8,1,HD,2026,10-K,0001628280-26-019436,Item_8,281180,19,Item_8,e2511588b42a0a5534a1c476298647278925a642d943ae3ebb6b384fac49d1d0
10K-V2-I8-001,Item_8,1,HD,2026,10-K,0001628280-26-019436,Item_8,281181,20,Item_8,973176b49ac26c3b0dd483e964b86b8173885dd50fbc6838a4098165f0752371
10K-V2-I8-001,Item_8,1,HD,2026,10-K,0001628280-26-019436,Item_8,281182,21,Item_8,2e169a8be28a8efbb5579f58cb14012252c0c8d82ab3ad2b8639803769cda86e
10K-V2-I8-001,Item_8,1,HD,2026,10-K,0001628280-26-019436,Item_8,281183,22,Item_8,3669877cbc047d5f6af645fcb64fd6753dd5a656189b0b9f3a8c7a0330cce7c8
10K-V2-I8-001,Item_8,1,HD,2026,10-K,0001628280-26-019436,Item_8,281184,23,Item_8,ccb8eef166e3f497cd18317d2668920973190ff2dc57c73091af3322882a97df
10K-V2-I8-001,Item_8,1,HD,2026,10-K,0001628280-26-019436,Item_8,281185,24,Item_8,ec9cf2933eff60be7e8c49a6215e87e2cddec51c9593cc05ae94ba6127fa3c89
10K-V2-I8-001,Item_8,1,HD,2026,10-K,0001628280-26-019436,Item_8,281186,25,Item_8,25af5ee5fef5e197c8d575a788fa787f45cae2429281f3aedea802fc9bd146ca
10K-V2-I8-001,Item_8,1,HD,2026,10-K,0001628280-26-019436,Item_8,281187,26,Item_8,f73dcde7070887409d61642f53cdbeea6455e83f5d21a93de79f51cd92215830
10K-V2-I8-001,Item_8,1,HD,2026,10-K,0001628280-26-019436,Item_8,281188,27,Item_8,df12f8b6e581537919d4d5b91e8cdd00d45ffcee3ffa9b5ce66ffc060637432d
10K-V2-I8-001,Item_8,1,HD,2026,10-K,0001628280-26-019436,Item_8,281189,28,Item_8,c0ad1f951a78317ed0f07cd5e60740c547b3f6ea140d7b8944d22052f51dc18c
10K-V2-I8-001,Item_8,1,HD,2026,10-K,0001628280-26-019436,Item_8,281190,29,Item_8,6e987a950a43b30a26716a79a50dacd610eb0d2a5a62705a9b59ab8a224165dc
10K-V2-I8-001,Item_8,1,HD,2026,10-K,0001628280-26-019436,Item_8,281191,30,Item_8,312dec1ea4d44afe5afd530a5db3f5b42e9fdf835c0c47375853abf2bf2e766f
10K-V2-I8-001,Item_8,1,HD,2026,10-K,0001628280-26-019436,Item_8,281192,31,Item_8,8f02f94276735241f5dc1f908985592a59bf5fd0e349156ba687f6d10be1863a
10K-V2-I8-001,Item_8,1,HD,2026,10-K,0001628280-26-019436,Item_8,281193,32,Item_8,76850d3bdec2813f0b97412cf9dbb3d520ad718a0dac534e675d788aaaac588b
10K-V2-I8-001,Item_8,1,HD,2026,10-K,0001628280-26-019436,Item_8,281194,33,Item_8,db05739a76f40cc9f3294fd2b0a85a4e32e7f2b9d94fbe1244a4e448a86055e7
10K-V2-I8-001,Item_8,1,HD,2026,10-K,0001628280-26-019436,Item_8,281195,34,Item_8,c5c618c225cbb2a6fdf687ff320bda52adc4d641ee36e450d53bebcb1f7d85f5
10K-V2-I8-001,Item_8,1,HD,2026,10-K,0001628280-26-019436,Item_8,281196,35,Item_8,18855f9de57fbc64bf60a71724ee353b6bce785c381f6e1d9cb652a3d4b0ffdc
10K-V2-I8-001,Item_8,1,HD,2026,10-K,0001628280-26-019436,Item_8,281197,36,Item_8,89cf75c75add6d3303b34240289b84cfd7f789859ba8d8c8e163744e38a9cdb0
10K-V2-I8-001,Item_8,1,HD,2026,10-K,0001628280-26-019436,Item_8,281198,37,Item_8,66e2cd34e555104dcc6aa783c2ca898d503e3fafcdb5df1c0dd1a76a5d2f175c
10K-V2-I8-001,Item_8,1,HD,2026,10-K,0001628280-26-019436,Item_8,281199,38,Item_8,6ca4f5305ffcc30061b2d8efeb211b3d774824db832553af45b1a27f5bb3476b
10K-V2-I8-001,Item_8,1,HD,2026,10-K,0001628280-26-019436,Item_8,281200,39,Item_8,79e879b76cff94df6119bb782535fc162c4327be3ff3563e1fac5114f6d9673a
10K-V2-I8-001,Item_8,1,HD,2026,10-K,0001628280-26-019436,Item_8,281201,40,Item_8,c99d620ab8f535467c4ae5d7b91f28e43cc055eb0d2a1f50a4af62c1ecdf96ef
10K-V2-I8-001,Item_8,1,HD,2026,10-K,0001628280-26-019436,Item_8,281202,41,Item_8,8ebb382bae110e9602a6b7c43aabd1dd1bc24cb17315a3628927773dbebbae03
10K-V2-I8-001,Item_8,1,HD,2026,10-K,0001628280-26-019436,Item_8,281203,42,Item_8,05760769eeda23d8c233fd1fcd77a1a438862e5eaf1e72651517f987fea96e35
10K-V2-I8-001,Item_8,1,HD,2026,10-K,0001628280-26-019436,Item_8,281204,43,Item_8,a4d4f99d9f2b092475f1f4a0cab7110d229eab7da0fc421032801cd02cf4206b
10K-V2-I8-001,Item_8,1,HD,2026,10-K,0001628280-26-019436,Item_8,281205,44,Item_8,f7848f3958e1fb3bfa76f2d2822120477261a30a8b91ba809d424d0905dfbcf6
10K-V2-I8-001,Item_8,1,HD,2026,10-K,0001628280-26-019436,Item_8,281206,45,Item_8,01616aab148d7b6d9ba9d137fe4cf21a20394efacf03dec4ef5983259e1325ab
10K-V2-I8-001,Item_8,1,HD,2026,10-K,0001628280-26-019436,Item_8,281207,46,Item_8,81089cb2fcd62f005ecea365e281adc027de8151ff5cf27c528240e74170edee
10K-V2-I8-001,Item_8,1,HD,2026,10-K,0001628280-26-019436,Item_8,281208,47,Item_8,6964f6840fd328526f27e5424d174cb89cbf52f6173807d2d7bea89f882e9c69
10K-V2-I8-001,Item_8,1,HD,2026,10-K,0001628280-26-019436,Item_8,281209,48,Item_8,267d0705f8c186c1001ae440055eb1f25bd56e90d33fdb4cbff8c97b4294bf27
10K-V2-I8-001,Item_8,1,HD,2026,10-K,0001628280-26-019436,Item_8,281210,49,Item_8,ca4764ee1249ec2f89ebed38c03866310a01a42228ebd6c04739d27a0d8b9c3c
10K-V2-I8-001,Item_8,1,HD,2026,10-K,0001628280-26-019436,Item_8,281211,50,Item_8,3e9a08aa8f67315423bb8677b48a7ff7c54812e85533eaddee7f923691d0b882
10K-V2-I8-001,Item_8,1,HD,2026,10-K,0001628280-26-019436,Item_8,281212,51,Item_8,57d291b14e8f6538845f708a4a919151a63c36d4dd67221559f80dc5d702228c
10K-V2-I8-001,Item_8,1,HD,2026,10-K,0001628280-26-019436,Item_8,281213,52,Item_8,5ad9399a213fadad50f5f7d543bff37dd8f437e0176f1b4dc8adfd47d75f6bec
10K-V2-I8-001,Item_8,1,HD,2026,10-K,0001628280-26-019436,Item_8,281214,53,Item_8,0fe91e931ce97d7083400eff2ae03a346ccd066d8bae3919bbee0c663c4e95d7
10K-V2-I8-001,Item_8,1,HD,2026,10-K,0001628280-26-019436,Item_8,281215,54,Item_8,a868616c65aab0b6746f3b1135ba8ef1c6f4a6c88d728728058546ae5505a536
10K-V2-I8-001,Item_8,1,HD,2026,10-K,0001628280-26-019436,Item_8,281216,55,Item_8,b795f84988810eed2a892ccb1785d6ebad835afe27e46862f57a0c00d982456d
10K-V2-I8-001,Item_8,1,HD,2026,10-K,0001628280-26-019436,Item_8,281217,56,Item_8,a971336ad894388c07f130a73e01be3dff678779b6a80b391453414e62a9c657
10K-V2-I8-001,Item_8,1,HD,2026,10-K,0001628280-26-019436,Item_8,281218,57,Item_8,26f25b136164f764f005f3d7fbc4e0501eee0c05da30bbcde93dca0248878b0a
10K-V2-I8-001,Item_8,1,HD,2026,10-K,0001628280-26-019436,Item_8,281219,58,Item_8,f171acc4d8f82e16143cb0b78496aeabf5e1bac9868bb6becc64b62c1aa2563d
10K-V2-I8-001,Item_8,1,HD,2026,10-K,0001628280-26-019436,Item_8,281220,59,Item_8,47d53c6d7b944775b6a3be566e8329e9b9a0c2e1331feb37702292404c8a56e8
10K-V2-I8-001,Item_8,1,HD,2026,10-K,0001628280-26-019436,Item_8,281221,60,Item_8,25cb3d864b7704057da67d279c16ce62d45b66bf6624560a37d8d9da0da697c6
10K-V2-I8-001,Item_8,1,HD,2026,10-K,0001628280-26-019436,Item_8,281222,61,Item_8,d1ff4ac6c25e57166240e927a293f36f525eac845d29d362f173f13a89aea13a
10K-V2-I8-002,Item_8,1,LOW,2025,10-K,0000060667-25-000049,Item_8,293633,0,Item_8,d8ccb813f605d7f3bad22a24a61a3acc97795cdc90df9f0a8e061a6d8b12ecd6
10K-V2-I8-002,Item_8,1,LOW,2025,10-K,0000060667-25-000049,Item_8,293634,1,Item_8,6d9d0c15f9841b3ce61f37cdeaf9be3a36f9582657aa9c02e125eff10ef3574a
10K-V2-I8-002,Item_8,1,LOW,2025,10-K,0000060667-25-000049,Item_8,293635,2,Item_8,2892c54a720da3df07ff936dd40280a4cc946e399d169fc118f1146edfa250a0
10K-V2-I8-002,Item_8,1,LOW,2025,10-K,0000060667-25-000049,Item_8,293636,3,Item_8,d5a2a1ffc06a6bd9e81d8ba48742a17d870a90ba5e0427b450c21d2c9a5e883a
10K-V2-I8-002,Item_8,1,LOW,2025,10-K,0000060667-25-000049,Item_8,293637,4,Item_8,1f488d95f815fba985fd69f54de12c242d5e7b312c6cd89eaeabe1d08861bc06
10K-V2-I8-002,Item_8,1,LOW,2025,10-K,0000060667-25-000049,Item_8,293638,5,Item_8,80e534cddbeac1451b313980ee3939cb646fadcc1f825d9f95b8cad850007881
10K-V2-I8-002,Item_8,1,LOW,2025,10-K,0000060667-25-000049,Item_8,293639,6,Item_8,b9e24d22da85b951c195b487721cd0fbf120e9a5fed7cbd7db3ecedfe5088239
10K-V2-I8-002,Item_8,1,LOW,2025,10-K,0000060667-25-000049,Item_8,293640,7,Item_8,65c03cc97065f8f5ceca124ee342a100e39706c55f74221dc21dfa2fb10f5101
10K-V2-I8-002,Item_8,1,LOW,2025,10-K,0000060667-25-000049,Item_8,293641,8,Item_8,65eb50810820a5031fa6854d5e43025f925aab50b3870f52871930334731eda0
10K-V2-I8-002,Item_8,1,LOW,2025,10-K,0000060667-25-000049,Item_8,293642,9,Item_8,c8320c976b90287998be8a4c6d272648ae7f5156a15511765b8f0aabd109077d
10K-V2-I8-002,Item_8,1,LOW,2025,10-K,0000060667-25-000049,Item_8,293643,10,Item_8,4f5d58b0d2946e0054c6b32572c92b51a3e13914fb46e162805744f022695c43
10K-V2-I8-002,Item_8,1,LOW,2025,10-K,0000060667-25-000049,Item_8,293644,11,Item_8,9bede0c6128f47635c17a9f31e4f9f364b9a33af94a1810b1c23a732a2aa6082
10K-V2-I8-002,Item_8,1,LOW,2025,10-K,0000060667-25-000049,Item_8,293645,12,Item_8,b124d64db73c70d2a42f94ca145e1e27d249d175bc7944117f4bcf51faa6389b
10K-V2-I8-002,Item_8,1,LOW,2025,10-K,0000060667-25-000049,Item_8,293646,13,Item_8,c2b229240f303310d0d116f54bf08fc4c5d46ea963782d5fae74c61b2b224dd0
10K-V2-I8-002,Item_8,1,LOW,2025,10-K,0000060667-25-000049,Item_8,293647,14,Item_8,c846bbeb97da0237a19af0339184614e2a7c447d85139310aa8ddec6887277f5
10K-V2-I8-002,Item_8,1,LOW,2025,10-K,0000060667-25-000049,Item_8,293648,15,Item_8,190be04b0c935c2e1b2653f8ca79bc51ecb2b2bcf68e49c66e5c463194149646
10K-V2-I8-002,Item_8,1,LOW,2025,10-K,0000060667-25-000049,Item_8,293649,16,Item_8,5bbfe22ac21a09e464c5f2a4d520593426a25c66163babd76472793903733d1f
10K-V2-I8-002,Item_8,1,LOW,2025,10-K,0000060667-25-000049,Item_8,293650,17,Item_8,67cecd407ddf4f6bc06e3d8921b38de673e4f22c0ab0ecc98a04d5c769bded2d
10K-V2-I8-002,Item_8,1,LOW,2025,10-K,0000060667-25-000049,Item_8,293651,18,Item_8,a9d5c2f5c12617deb8e4c39b7446e3b88c2ce846194df37df90b711cb8af6a4a
10K-V2-I8-002,Item_8,1,LOW,2025,10-K,0000060667-25-000049,Item_8,293652,19,Item_8,95c2a31acb73b01999d81e8287631bd70edebb4a717685e755f28e550d397105
10K-V2-I8-002,Item_8,1,LOW,2025,10-K,0000060667-25-000049,Item_8,293653,20,Item_8,f7020fdf41b4590a5c187a538e0ee677dff05c195b82710d7b063a118a96c781
10K-V2-I8-002,Item_8,1,LOW,2025,10-K,0000060667-25-000049,Item_8,293654,21,Item_8,26bdddd475bb3f49c15907be6d49de71e369701ff953a0ce3f93f41f476b6272
10K-V2-I8-002,Item_8,1,LOW,2025,10-K,0000060667-25-000049,Item_8,293655,22,Item_8,d40e3d4201b6a915ce83b102c53826e59c26bf4ee5ea521432059426fc973cf6
10K-V2-I8-002,Item_8,1,LOW,2025,10-K,0000060667-25-000049,Item_8,293656,23,Item_8,ec1095db519b75b85d9649ab70a60837bfa080c7db64c964c1e3aac0a08f059e
10K-V2-I8-002,Item_8,1,LOW,2025,10-K,0000060667-25-000049,Item_8,293657,24,Item_8,2103e0f6d69f444b08125126842dfe4e2a21293295d19c08b687895a5d287c2b
10K-V2-I8-002,Item_8,1,LOW,2025,10-K,0000060667-25-000049,Item_8,293658,25,Item_8,82edb639d9f414d43e51db91f7b058f7680ef717339bf4b09d5f1db6ef9137cb
10K-V2-I8-002,Item_8,1,LOW,2025,10-K,0000060667-25-000049,Item_8,293659,26,Item_8,82badb5fa3eb32db97213e5799516e6717a761612437f4bb4a726ef3cec007de
10K-V2-I8-002,Item_8,1,LOW,2025,10-K,0000060667-25-000049,Item_8,293660,27,Item_8,84fc1365bbd11e4510a9308a3cba1779f28ebc3596b9eb0cbba247f37c15e71a
10K-V2-I8-002,Item_8,1,LOW,2025,10-K,0000060667-25-000049,Item_8,293661,28,Item_8,a6563e2a7f16220081ac833f0ccf5e70d84848a9aef7d870bfecd81f0245bce9
10K-V2-I8-002,Item_8,1,LOW,2025,10-K,0000060667-25-000049,Item_8,293662,29,Item_8,c652c257d8a945036786683c1c31d85075bc4e53f9cbc628ea835c3afc67f055
10K-V2-I8-002,Item_8,1,LOW,2025,10-K,0000060667-25-000049,Item_8,293663,30,Item_8,59de2f4a84868705504a37b28df4dddc3dadffe868964d0614c6a350a0393632
10K-V2-I8-002,Item_8,1,LOW,2025,10-K,0000060667-25-000049,Item_8,293664,31,Item_8,52d4e294a3c84ef570008476c9ac9e266b00b2e0eadca54297ee9ea6545b47d6
10K-V2-I8-002,Item_8,1,LOW,2025,10-K,0000060667-25-000049,Item_8,293665,32,Item_8,e914f234ed267d29ca331864444be27bdbbbb0c5d2a016130673dba9472e88a8
10K-V2-I8-002,Item_8,1,LOW,2025,10-K,0000060667-25-000049,Item_8,293666,33,Item_8,e838e1a10d2169b060ce27aa535d0e58a0cf9395a5964cb16418bdfaefd4b8ec
10K-V2-I8-002,Item_8,1,LOW,2025,10-K,0000060667-25-000049,Item_8,293667,34,Item_8,be1fc68a0e98a3e8cd4bdee857fc6b33e3e2e482a058e83ab5b11d2750217f2f
10K-V2-I8-002,Item_8,1,LOW,2025,10-K,0000060667-25-000049,Item_8,293668,35,Item_8,61b11ec0e3b68f876e29d3aafed68b4e4b01d9315f3594fae4c6ae593615f3e0
10K-V2-I8-002,Item_8,1,LOW,2025,10-K,0000060667-25-000049,Item_8,293669,36,Item_8,ae9ae8172f5f4495e3326d567fadb0715d198dde4363a553c49d461bb44d66cd
10K-V2-I8-002,Item_8,1,LOW,2025,10-K,0000060667-25-000049,Item_8,293670,37,Item_8,9f7f4fa39af49921bcb5d40e9955d32826353e4a96db0da2982da8929e6ac22f
10K-V2-I8-002,Item_8,1,LOW,2025,10-K,0000060667-25-000049,Item_8,293671,38,Item_8,c51c26269ed8e4b4fd867794c4fd20bef0808da66204aa2c66f0f6ff0e6c90fd
10K-V2-I8-002,Item_8,1,LOW,2025,10-K,0000060667-25-000049,Item_8,293672,39,Item_8,53efecc9e4b5858178bf72addbd87ebdd7ae3a3972ca3661ec4f72895ff8cf32
10K-V2-I8-002,Item_8,1,LOW,2025,10-K,0000060667-25-000049,Item_8,293673,40,Item_8,86f7233e9a639ca62121ab7f16a2080084dfcba1e0a66981151626956a6b219b
10K-V2-I8-002,Item_8,1,LOW,2025,10-K,0000060667-25-000049,Item_8,293674,41,Item_8,0e6fd57fd7f5af049f9db1a627578ce49274f3f08c867ec7fef6048a48fd5f08
10K-V2-I8-002,Item_8,1,LOW,2025,10-K,0000060667-25-000049,Item_8,293675,42,Item_8,5a759079c76c671f8ca2a13e60b6255bc7ef48c989fd107ce910f720ea4e3ef6
10K-V2-I8-002,Item_8,1,LOW,2025,10-K,0000060667-25-000049,Item_8,293676,43,Item_8,4ef5f643c95ab0884180fa77ae7b87ab08bcf8882e2a1b0b03db1bcf5fcec13b
10K-V2-I8-002,Item_8,1,LOW,2025,10-K,0000060667-25-000049,Item_8,293677,44,Item_8,2a49d46af036f286d02c3343ae9c4d9b74b7c5224dcbc8fb1d29dae77fc1fbe7
10K-V2-I8-002,Item_8,1,LOW,2025,10-K,0000060667-25-000049,Item_8,293678,45,Item_8,309ca8ea6214634c9e47f682f2b2340b561a689f0a3c7ef80818604b0560b55a
10K-V2-I8-002,Item_8,1,LOW,2025,10-K,0000060667-25-000049,Item_8,293679,46,Item_8,782f2d613d269ffbaced825ff7800d9e3231b7bd796132e8a41d3617266388bb
10K-V2-I8-002,Item_8,1,LOW,2025,10-K,0000060667-25-000049,Item_8,293680,47,Item_8,3b8f722016ca81b2c0f137e48b047f799dc0516903a28bef14908e9a9dcd2a20
10K-V2-I8-002,Item_8,1,LOW,2025,10-K,0000060667-25-000049,Item_8,293681,48,Item_8,3719625ae52242552237cc70474433c8c637001b9e0a845b2059d908434b7cf7
10K-V2-I8-002,Item_8,1,LOW,2025,10-K,0000060667-25-000049,Item_8,293682,49,Item_8,a89154a399bb1a3aac070a44266cb317378d61b2637aff4451d4f065f69b0f93
10K-V2-I8-002,Item_8,1,LOW,2025,10-K,0000060667-25-000049,Item_8,293683,50,Item_8,c5a31b3beddbaf26569ccedde4d3cb54bc0723fe3004ad4c6926cb4685eef077
10K-V2-I8-002,Item_8,1,LOW,2025,10-K,0000060667-25-000049,Item_8,293684,51,Item_8,306946996ec6cebc8bc263cb6d98871a901f3358d7844b1eca6074e09d3d2454
10K-V2-I8-002,Item_8,1,LOW,2025,10-K,0000060667-25-000049,Item_8,293685,52,Item_8,1bffaa4e9c620c964b59c4c03a5944e0d95118c35701ce692b55f71f6c5ea2e6
10K-V2-I8-002,Item_8,1,LOW,2025,10-K,0000060667-25-000049,Item_8,293686,53,Item_8,b2071d79775b0cc4fcab5a43007a0cc28a5c52dde664569b123b91f5787de0f4
10K-V2-I8-002,Item_8,1,LOW,2025,10-K,0000060667-25-000049,Item_8,293687,54,Item_8,38756284ad45faafdc30070e57630ed4d3ed521608a41ca4574464cf28103a00
10K-V2-I8-002,Item_8,1,LOW,2025,10-K,0000060667-25-000049,Item_8,293688,55,Item_8,5d327e8873db9a883c3fe12ddccc4c9800344b5c0138fa85628db89033d895d7
10K-V2-I8-002,Item_8,1,LOW,2025,10-K,0000060667-25-000049,Item_8,293689,56,Item_8,f8c27215fd7169db0a3504db010d496fb155eeb90315333b5293d25b0c16ca9a
10K-V2-I8-003,Item_8,1,ABG,2026,10-K,0001144980-26-000051,Item_8,233513,0,Item_8,ddff9369fff8fd63a435dce09273738932a62dbc5a08ac107ec43490c347d919
10K-V2-I8-003,Item_8,1,ABG,2026,10-K,0001144980-26-000051,Item_8,233514,1,Item_8,8ff54b03abfc2251908714347521efcf211768a20a826e658fced01d4744ba5a
10K-V2-I8-003,Item_8,1,ABG,2026,10-K,0001144980-26-000051,Item_8,233515,2,Item_8,4a1edf84389238492a170e031a643f3e40ea434fb5a6da80b7cc110912b55691
10K-V2-I8-003,Item_8,1,ABG,2026,10-K,0001144980-26-000051,Item_8,233516,3,Item_8,068eee8f747b07c34cf89ff0f3fe41a435cd7fe17d22985879f171d158293c56
10K-V2-I8-003,Item_8,1,ABG,2026,10-K,0001144980-26-000051,Item_8,233517,4,Item_8,38557e63b42c30e9d422132721f094c3a52b9c290be8b7af44fdec32a3fc34b0
10K-V2-I8-003,Item_8,1,ABG,2026,10-K,0001144980-26-000051,Item_8,233518,5,Item_8,56f2509b0b16dafe103bda1be346f8bcc6401c1f8581f1842fd515560f32b8c6
10K-V2-I8-003,Item_8,1,ABG,2026,10-K,0001144980-26-000051,Item_8,233519,6,Item_8,3661bf15b42b0b0228d88048cda21a3e84290f0230fccf7074b222e03503499d
10K-V2-I8-003,Item_8,1,ABG,2026,10-K,0001144980-26-000051,Item_8,233520,7,Item_8,efccfb429250cd1255aa1ca1671c2ab70870353e30382605146f09369b2bb3c2
10K-V2-I8-003,Item_8,1,ABG,2026,10-K,0001144980-26-000051,Item_8,233521,8,Item_8,6e16689c651ee86961caf0c47f1cbe63abc0cbd20972a6ff0dba4624b4bb9613
10K-V2-I8-003,Item_8,1,ABG,2026,10-K,0001144980-26-000051,Item_8,233522,9,Item_8,c08e47b0bc57488aa3e00ccceee1a87b94980ded45c6d3c4dc74f9e7886dbdcc
10K-V2-I8-003,Item_8,1,ABG,2026,10-K,0001144980-26-000051,Item_8,233523,10,Item_8,cb6f60ac3c304f806cd1f729008090d6f54ae02d076c11a24ed8dc110c3cfcf0
10K-V2-I8-003,Item_8,1,ABG,2026,10-K,0001144980-26-000051,Item_8,233524,11,Item_8,d8eb864177a7c5255d88ed29e13341c030ebf333fa2579a0b791b390a0b38c75
10K-V2-I8-003,Item_8,1,ABG,2026,10-K,0001144980-26-000051,Item_8,233525,12,Item_8,ea6b7cfbe75da7fbb42be1c0a1ee789fe7f427659eca2353e100b968c2cb84e9
10K-V2-I8-003,Item_8,1,ABG,2026,10-K,0001144980-26-000051,Item_8,233526,13,Item_8,1d7b2869b5fb3021502d871d86265a8ffbeda3023f97ef5eb4c886f9f2bfc32a
10K-V2-I8-003,Item_8,1,ABG,2026,10-K,0001144980-26-000051,Item_8,233527,14,Item_8,b1e3f161db2912ee7170c1c6fa29f0848427877cbbfc8acd6d811c60f26f5cc5
10K-V2-I8-003,Item_8,1,ABG,2026,10-K,0001144980-26-000051,Item_8,233528,15,Item_8,9b91fa6184a4784a3b3298a5973cc0358fe6508f157eb8fa01d5f029df989e63
10K-V2-I8-003,Item_8,1,ABG,2026,10-K,0001144980-26-000051,Item_8,233529,16,Item_8,70bdefad5978d3f35300dfbe18fa455092aee2a2d0daf867809cd231d882d184
10K-V2-I8-003,Item_8,1,ABG,2026,10-K,0001144980-26-000051,Item_8,233530,17,Item_8,c4f6f2c408bcfd0f37f84b369dad2813c2608bdfd83c131b872973c46937c82c
10K-V2-I8-003,Item_8,1,ABG,2026,10-K,0001144980-26-000051,Item_8,233531,18,Item_8,8ca0827ddcc0366236e3738efbccdb41b7d6b5d63c3b2aa9b783b49f2d1c61e2
10K-V2-I8-003,Item_8,1,ABG,2026,10-K,0001144980-26-000051,Item_8,233532,19,Item_8,4644162a0a40ebe2e802e2ca75a090783cae3408abbab96aab796e47dee61b90
10K-V2-I8-003,Item_8,1,ABG,2026,10-K,0001144980-26-000051,Item_8,233533,20,Item_8,64a28f1d42931b0e7323ef1a2d19b806230c17154b7e9cbca0905c55a1852201
10K-V2-I8-003,Item_8,1,ABG,2026,10-K,0001144980-26-000051,Item_8,233534,21,Item_8,c1f43c5de664405556f4e4ccda12ca10e649c963ccd189aa8d133d945c5d3692
10K-V2-I8-003,Item_8,1,ABG,2026,10-K,0001144980-26-000051,Item_8,233535,22,Item_8,236e808ab1badd7b4fbc765eac6dd15babfabd5e59543a4d0b52162819b1c46a
10K-V2-I8-003,Item_8,1,ABG,2026,10-K,0001144980-26-000051,Item_8,233536,23,Item_8,cf08f908d4d052c5ac95f644abe71258006e432a7869b2cb105607dc06db7030
10K-V2-I8-003,Item_8,1,ABG,2026,10-K,0001144980-26-000051,Item_8,233537,24,Item_8,dfc0dab35e9792a30f8a98bad3c60f2539b44fbf77b035c43c885b77d6d54c50
10K-V2-I8-003,Item_8,1,ABG,2026,10-K,0001144980-26-000051,Item_8,233538,25,Item_8,97f06a207175975edae7874ba8ff3220951ae70a8b37c38d10e8d3d436ba2fdc
10K-V2-I8-003,Item_8,1,ABG,2026,10-K,0001144980-26-000051,Item_8,233539,26,Item_8,c298e32f6c52017f5796fead53058df99809f2281b8a04d8b6101c008a17489e
10K-V2-I8-003,Item_8,1,ABG,2026,10-K,0001144980-26-000051,Item_8,233540,27,Item_8,6f6f844468b252798a6921d82848d6655de10f55c08d7ca54f58b9a0d50b7a06
10K-V2-I8-003,Item_8,1,ABG,2026,10-K,0001144980-26-000051,Item_8,233541,28,Item_8,5a808e350053fdc29382492573653c24fd13b6dfd67f6b660851780da0e5f4fa
10K-V2-I8-003,Item_8,1,ABG,2026,10-K,0001144980-26-000051,Item_8,233542,29,Item_8,e52d137edd4450d9a8501fa7288fd430c4873928e3b6bb53ebfd445b70e9513d
10K-V2-I8-003,Item_8,1,ABG,2026,10-K,0001144980-26-000051,Item_8,233543,30,Item_8,ccfcd174668eb610c558c0397db1f1d725b3b840d11ca8328be1bc724c19349c
10K-V2-I8-003,Item_8,1,ABG,2026,10-K,0001144980-26-000051,Item_8,233544,31,Item_8,2d6a5b0001f2a17e5209e1bab78a97b3d275045188fac0e2496e8ec7c52cd126
10K-V2-I8-003,Item_8,1,ABG,2026,10-K,0001144980-26-000051,Item_8,233545,32,Item_8,eddae4767619f5828f5662fb464a5995fad6aae7249022a2668c285fe4e24425
10K-V2-I8-003,Item_8,1,ABG,2026,10-K,0001144980-26-000051,Item_8,233546,33,Item_8,6880c5856281d691cd3ab02ebafdfb19ef6d8a49a2bcc126314e2848a4e8be52
10K-V2-I8-003,Item_8,1,ABG,2026,10-K,0001144980-26-000051,Item_8,233547,34,Item_8,f19c511fc3cf41899fcfa88853053d016fefcfe98beec9b2e4fb2d97287e0ae3
10K-V2-I8-003,Item_8,1,ABG,2026,10-K,0001144980-26-000051,Item_8,233548,35,Item_8,8a1b25429f722ccd7b07e49741e195c8266777b374026937c655a412e54bd7e3
10K-V2-I8-003,Item_8,1,ABG,2026,10-K,0001144980-26-000051,Item_8,233549,36,Item_8,16e38cea00b8ac5caf87ef6ec6fe118319936cd90c4ebe5766f680aa56d98612
10K-V2-I8-003,Item_8,1,ABG,2026,10-K,0001144980-26-000051,Item_8,233550,37,Item_8,84ac7ffe354ed815c8416a0bd74d6d29a4a6ca0bbe669add9f9384fb8a01271c
10K-V2-I8-003,Item_8,1,ABG,2026,10-K,0001144980-26-000051,Item_8,233551,38,Item_8,f21bde57ece0cf8e4755d4ad9e86e650608c27da563c93a3216b59f2bda5322e
10K-V2-I8-003,Item_8,1,ABG,2026,10-K,0001144980-26-000051,Item_8,233552,39,Item_8,65e3dccfda6a917609497e8c80dbf777db4ab1fce6fe4a4155eb3337a6b9d4bd
10K-V2-I8-003,Item_8,1,ABG,2026,10-K,0001144980-26-000051,Item_8,233553,40,Item_8,4d0bbc86d1d53fcac17064a80d802530f9177635471a4659865cfcfba42a9455
10K-V2-I8-003,Item_8,1,ABG,2026,10-K,0001144980-26-000051,Item_8,233554,41,Item_8,d0364607fc9a875048470da757ed8a5ffe41b288327a986bd4d1ab4322781d2c
10K-V2-I8-003,Item_8,1,ABG,2026,10-K,0001144980-26-000051,Item_8,233555,42,Item_8,ccd7b73408a819e4700519329dd6f63571783427a2e6ee0d557f4769c65f6763
10K-V2-I8-003,Item_8,1,ABG,2026,10-K,0001144980-26-000051,Item_8,233556,43,Item_8,c1b8f37931c1ecbdcf0f684e5e28e3c3f323839d9a91b3ef59b888914d62b3cf
10K-V2-I8-003,Item_8,1,ABG,2026,10-K,0001144980-26-000051,Item_8,233557,44,Item_8,f69aaee0db07fe7d81907bf81d4fca4859cf8d7766f5d5904676b6f082b33ce3
10K-V2-I8-003,Item_8,1,ABG,2026,10-K,0001144980-26-000051,Item_8,233558,45,Item_8,50630901a2b61cc6f178fb85641abcc303e251bc876e9943693f6184779ba495
10K-V2-I8-003,Item_8,1,ABG,2026,10-K,0001144980-26-000051,Item_8,233559,46,Item_8,299456b4cd67b1b2c034699605491e6a12d44798b8ce1e4ccaacf72cd3114921
10K-V2-I8-003,Item_8,1,ABG,2026,10-K,0001144980-26-000051,Item_8,233560,47,Item_8,216162440477daf295ff3c62b2270b1f016c9c59c049647999f4229551120ab6
10K-V2-I8-003,Item_8,1,ABG,2026,10-K,0001144980-26-000051,Item_8,233561,48,Item_8,0d89972223d18d3859fb7f062018edd39562845591a8d0a7944524832e50099d
10K-V2-I8-003,Item_8,1,ABG,2026,10-K,0001144980-26-000051,Item_8,233562,49,Item_8,8624166bbf4ef234789a23df1dddcb993564cb13e8ebb7de9a97e468040d9342
10K-V2-I8-003,Item_8,1,ABG,2026,10-K,0001144980-26-000051,Item_8,233563,50,Item_8,fd2b461df33fdda0171b62b2fef6bc230d15b4ba5ca6014de4b4efe63cb2d2c3
10K-V2-I8-003,Item_8,1,ABG,2026,10-K,0001144980-26-000051,Item_8,233564,51,Item_8,3ffabdc0020888311f81379016e1f5433d1456b614a9bd9353dcc3b6c6895a6b
10K-V2-I8-003,Item_8,1,ABG,2026,10-K,0001144980-26-000051,Item_8,233565,52,Item_8,c2c019f25b693ab572a41c8d475e9592314c8eb73cb53ed29711e5f68efbeab3
10K-V2-I8-003,Item_8,1,ABG,2026,10-K,0001144980-26-000051,Item_8,233566,53,Item_8,fa1d403ddf0b67af91972fbea0de4008b3ec6d609e9ae809bec4839ae6daf97c
10K-V2-I8-003,Item_8,1,ABG,2026,10-K,0001144980-26-000051,Item_8,233567,54,Item_8,b0c26b29288c1a702b487880356a174a04d1a4507d8eaffd56cf055201a43ac6
10K-V2-I8-003,Item_8,1,ABG,2026,10-K,0001144980-26-000051,Item_8,233568,55,Item_8,10558d166ac4b40203117cac552a49d69d5d1be08cf1082dc7786870f4cd5125
10K-V2-I8-003,Item_8,1,ABG,2026,10-K,0001144980-26-000051,Item_8,233569,56,Item_8,f5bf906905271db89ef28983274978155ddbb7c13ce3a8c6328d7e760a1705f3
10K-V2-I8-003,Item_8,1,ABG,2026,10-K,0001144980-26-000051,Item_8,233570,57,Item_8,e97e75de08b99d0edcfbff73f18e28b7078e403c46542125ffd78cc6fb8d46a6
10K-V2-I8-003,Item_8,1,ABG,2026,10-K,0001144980-26-000051,Item_8,233571,58,Item_8,b06310ad964e26da5f42904c36883872595a91676972c3e2964f77fcfc74627e
10K-V2-I8-003,Item_8,1,ABG,2026,10-K,0001144980-26-000051,Item_8,233572,59,Item_8,232db5e7208245a3f203be25b314ad09aa7f5b8a9bdaaf9b98c657e8ea7a192e
10K-V2-I8-003,Item_8,1,ABG,2026,10-K,0001144980-26-000051,Item_8,233573,60,Item_8,747996b668cc83abc7905bcfe8abc1e7099205748edd694d594c417981062a1d
10K-V2-I8-003,Item_8,1,ABG,2026,10-K,0001144980-26-000051,Item_8,233574,61,Item_8,a840db3e94de9e3c6273a77001b117c418e08ccd88e54a06c7e8c71e98e288a4
10K-V2-I8-003,Item_8,1,ABG,2026,10-K,0001144980-26-000051,Item_8,233575,62,Item_8,580a6a2b5baefa51fd0af39440b650048617c1147b6a6ba817931fda06c6c198
10K-V2-I8-003,Item_8,1,ABG,2026,10-K,0001144980-26-000051,Item_8,233576,63,Item_8,578d933ad5136269809172f3a16d3774953d4b3853df3fd5aa00e5b103a621d7
10K-V2-I8-003,Item_8,1,ABG,2026,10-K,0001144980-26-000051,Item_8,233577,64,Item_8,7584f3a39c183a1c042a9bccf7dea24ffa23280d80719c161065b5286577913b
10K-V2-I8-003,Item_8,1,ABG,2026,10-K,0001144980-26-000051,Item_8,233578,65,Item_8,fe91c192ab2bf73945f31a117ee36ed596eeb719269a6979de0ed2c46d863008
10K-V2-I8-003,Item_8,1,ABG,2026,10-K,0001144980-26-000051,Item_8,233579,66,Item_8,1d8caf701aca74d8e21d5b78eb87350b204748fbbcfbf4677a3aa07b772ba298
10K-V2-I8-003,Item_8,1,ABG,2026,10-K,0001144980-26-000051,Item_8,233580,67,Item_8,80da1316bbe7f267bb2b21de98e178989967ff6e95044dfc5b45354936ea8e9f
10K-V2-I8-003,Item_8,1,ABG,2026,10-K,0001144980-26-000051,Item_8,233581,68,Item_8,51ba3d0c34b28d165933679b323e47b7ca019e19446dbf4b01c2ee6fbbdfee6a
10K-V2-I8-003,Item_8,1,ABG,2026,10-K,0001144980-26-000051,Item_8,233582,69,Item_8,ec91af59c597fa60527394fa0c69cd8c6889c86b407a9eb4a8d349f8a31426d3
10K-V2-I8-003,Item_8,1,ABG,2026,10-K,0001144980-26-000051,Item_8,233583,70,Item_8,c33edaa43e46998f49919bdc0f6285659e6abbb38c0792b0f90d286793973332
10K-V2-I8-003,Item_8,1,ABG,2026,10-K,0001144980-26-000051,Item_8,233584,71,Item_8,ff4374547b734fc03b7193b6102c2255bd34435486244d2cfadc1e97f502705e
10K-V2-I8-003,Item_8,1,ABG,2026,10-K,0001144980-26-000051,Item_8,233585,72,Item_8,b749871a4def15710da87df0637381d2eecb3ccf46863f04bbc73bbd6ebf9cdb
10K-V2-I8-003,Item_8,1,ABG,2026,10-K,0001144980-26-000051,Item_8,233586,73,Item_8,74c823bc3c6505e21b6ca8d6da697b45e2a082ca387779fd647e1e1f94fe2778
10K-V2-I8-003,Item_8,1,ABG,2026,10-K,0001144980-26-000051,Item_8,233587,74,Item_8,069d0d56a1006b46420f88bb5a10e4bb0e43619401e1ac48bfe978d9914f3179
10K-V2-I8-003,Item_8,1,ABG,2026,10-K,0001144980-26-000051,Item_8,233588,75,Item_8,33d37ab2bb872e062885a692f4cb57175aa5bcb7039cc7cb32e14fdfcdb68c87
10K-V2-I8-003,Item_8,1,ABG,2026,10-K,0001144980-26-000051,Item_8,233589,76,Item_8,0f105c4b21acf506f98cef0d95774309693bac045dfa7d11da9d883aba36dc2f
10K-V2-I8-003,Item_8,1,ABG,2026,10-K,0001144980-26-000051,Item_8,233590,77,Item_8,f896566b2a100a8ace7883500b23cce0aefd509971c41190f0b177071bf92b8d
10K-V2-I8-003,Item_8,1,ABG,2026,10-K,0001144980-26-000051,Item_8,233591,78,Item_8,09278aea3d9b720ffb45b20a8aac601688f837db9fc5902535bb2911f8e0710b
10K-V2-I8-003,Item_8,1,ABG,2026,10-K,0001144980-26-000051,Item_8,233592,79,Item_8,1d05f687cfa24e4cdeb193e9bfc6b2232915497435467afd5a9f1f68d60bc571
10K-V2-I8-003,Item_8,1,ABG,2026,10-K,0001144980-26-000051,Item_8,233593,80,Item_8,111b3f1ee7fadf919ff4c69277c0341c5b87c3f8f201f0afd9694f4b71a15a06
10K-V2-I8-003,Item_8,1,ABG,2026,10-K,0001144980-26-000051,Item_8,233594,81,Item_8,e120da6f53309f0da9a5843b65554777e6c72197fee332359eb061e740a0e13b
10K-V2-I8-003,Item_8,1,ABG,2026,10-K,0001144980-26-000051,Item_8,233595,82,Item_8,99e3d6548747b4c79bbca7f755f9086995c563db79bfb3d8f46009bb84a984d0
10K-V2-I8-003,Item_8,1,ABG,2026,10-K,0001144980-26-000051,Item_8,233596,83,Item_8,35ada12d43ad9e157e6fb683ec4573a6fddd23b6788b853d8de42cb4d28dc7e9
10K-V2-I8-003,Item_8,1,ABG,2026,10-K,0001144980-26-000051,Item_8,233597,84,Item_8,b76c34dd71d0e01495f0ef610db6ce8cb95e50e019ceb4d2827311eb24f9dd1b
10K-V2-I8-003,Item_8,1,ABG,2026,10-K,0001144980-26-000051,Item_8,233598,85,Item_8,4a10ebb6a44cee6bdf4525d5d10cf852c3de8d0ca27edfe981debbcf96d72919
10K-V2-I8-003,Item_8,1,ABG,2026,10-K,0001144980-26-000051,Item_8,233599,86,Item_8,7eb44fab499a96e3a36d6c9438e1cd396097603fb3d9233e867ae6398cf41400
10K-V2-I8-003,Item_8,1,ABG,2026,10-K,0001144980-26-000051,Item_8,233600,87,Item_8,77b25a7dc50557f1a6134a4acf89106090cfcd25ad9da18f6d4e34bcf150849b
10K-V2-I8-003,Item_8,1,ABG,2026,10-K,0001144980-26-000051,Item_8,233601,88,Item_8,e6cb6b6bf18d3ceb6f605097bc169e8f9c006d1e981e7739141b28ab673f2905
10K-V2-I8-003,Item_8,1,ABG,2026,10-K,0001144980-26-000051,Item_8,233602,89,Item_8,2d65482542b0264752878c2e0adcef9c42bc333710a9db885adc4bc67f7912ac
10K-V2-I8-003,Item_8,1,ABG,2026,10-K,0001144980-26-000051,Item_8,233603,90,Item_8,7ef2e5f0e8876b3456e5050110a3e8a2f366d78bf63d4fec5a9af56a626fc1d5
10K-V2-I8-003,Item_8,1,ABG,2026,10-K,0001144980-26-000051,Item_8,233604,91,Item_8,ec386fa9de6c0563ef95805f6bdb9b98f7b399599775f1709f26b858227c35ff
10K-V2-I8-003,Item_8,1,ABG,2026,10-K,0001144980-26-000051,Item_8,233605,92,Item_8,82a44648ab00d067f3c099563fd42569cc1f9c03ff4cfbef4282652ffc1c1549
10K-V2-I8-003,Item_8,1,ABG,2026,10-K,0001144980-26-000051,Item_8,233606,93,Item_8,75bbcbdf95fb5a2dacff80af0c608c5dc9da2d92949a79bffabc86d998bad393
10K-V2-I8-004,Item_8,1,LESL,2025,10-K,0001193125-25-323811,Item_8,290492,0,Item_8,00adc48ba98929c0dcff59074e8a04571fc655db9cfd15bd3a582dc2c4a90da6
10K-V2-I8-004,Item_8,1,LESL,2025,10-K,0001193125-25-323811,Item_8,290493,1,Item_8,59da31ad79272cd9c51afc34f6bae91ba2d9fcda6f0cd342b3826214e7ff1da0
10K-V2-I8-004,Item_8,1,LESL,2025,10-K,0001193125-25-323811,Item_8,290494,2,Item_8,c075042d870620e98b01c275cc5d21b06d154e1cf120ce08f61477ddc6022265
10K-V2-I8-004,Item_8,1,LESL,2025,10-K,0001193125-25-323811,Item_8,290495,3,Item_8,45ffc590059516e1701789bba2b8224a9534496461a1a255381943ca1606751f
10K-V2-I8-004,Item_8,1,LESL,2025,10-K,0001193125-25-323811,Item_8,290496,4,Item_8,19495062bae94caafe255d6645ba9e18f06edf3abbba243891462cad9dd85a4e
10K-V2-I8-004,Item_8,1,LESL,2025,10-K,0001193125-25-323811,Item_8,290497,5,Item_8,b638fab66f2d9fa198407b3792bd4b60d2fd29d2dc88c2efe95779a6d65deab6
10K-V2-I8-004,Item_8,1,LESL,2025,10-K,0001193125-25-323811,Item_8,290498,6,Item_8,06cc60e68b0936a3d1224578f3478bb504ee2509cb8ea776ab7cca8f611cac3b
10K-V2-I8-004,Item_8,1,LESL,2025,10-K,0001193125-25-323811,Item_8,290499,7,Item_8,081075978488a026ff16308fceb9bd0018a4b67162d3dd0efcb60a76174e3dcd
10K-V2-I8-004,Item_8,1,LESL,2025,10-K,0001193125-25-323811,Item_8,290500,8,Item_8,a4d48b690b7d136263b515235b0268171576745c764aab650642aee43dd7f58c
10K-V2-I8-004,Item_8,1,LESL,2025,10-K,0001193125-25-323811,Item_8,290501,9,Item_8,5beb6876675df6f8ea6d21744996d49bb561b12949da103291bfd32d3bb768bd
10K-V2-I8-004,Item_8,1,LESL,2025,10-K,0001193125-25-323811,Item_8,290502,10,Item_8,2d5c6a1241a56245c0e4f4988b60929f1e0fa3697e4990247a6f1d22c18b35d3
10K-V2-I8-004,Item_8,1,LESL,2025,10-K,0001193125-25-323811,Item_8,290503,11,Item_8,5e47169d089009715daed7c305fc19358f53b8aa50f90ec7e89a02c1cf890011
10K-V2-I8-004,Item_8,1,LESL,2025,10-K,0001193125-25-323811,Item_8,290504,12,Item_8,aad58d1d9f7e43daf46a010fd58eb7fcaefa41797fbffebd4b6cb6f9fe2b2902
10K-V2-I8-004,Item_8,1,LESL,2025,10-K,0001193125-25-323811,Item_8,290505,13,Item_8,32ee33d3332354c2dc9de725462c58d0448171d82a5e78fa96558cbdd0e7362a
10K-V2-I8-004,Item_8,1,LESL,2025,10-K,0001193125-25-323811,Item_8,290506,14,Item_8,0517d64dd056ba1662fb11bab0414c7d81d957b1fa46a266f6e97c9b1ae51952
10K-V2-I8-004,Item_8,1,LESL,2025,10-K,0001193125-25-323811,Item_8,290507,15,Item_8,8fcdeb596b40e79952172057fe07b8bbe6ccf0a97d34cd2efc9a5f09e17ffb55
10K-V2-I8-004,Item_8,1,LESL,2025,10-K,0001193125-25-323811,Item_8,290508,16,Item_8,ccb3db26db85fd4b55c59e8d3600d6548274112fc07725643f562df6ecc07024
10K-V2-I8-004,Item_8,1,LESL,2025,10-K,0001193125-25-323811,Item_8,290509,17,Item_8,28b6987490b7e7702f4e17d1c55dfa6c2b2f9523167cf9ce77be006020e0a741
10K-V2-I8-004,Item_8,1,LESL,2025,10-K,0001193125-25-323811,Item_8,290510,18,Item_8,879027c8dcdda31026e2da05011cd25b39ff3dfb05f5649bf51bab03c20b4515
10K-V2-I8-004,Item_8,1,LESL,2025,10-K,0001193125-25-323811,Item_8,290511,19,Item_8,78e7b591ae4eedb97ba58bbc6974ea71cac3517e766e45c41f478ebe8fc4b81f
10K-V2-I8-004,Item_8,1,LESL,2025,10-K,0001193125-25-323811,Item_8,290512,20,Item_8,745a25ea019beb9d651ea8a2cfd5cf39e282816da3a4ba10e15e9a86886c4c95
10K-V2-I8-004,Item_8,1,LESL,2025,10-K,0001193125-25-323811,Item_8,290513,21,Item_8,4f4e9d5c362de690a8e7365536fcc4dc33a1f0b72d594dbc1cbd0adc5514e15d
10K-V2-I8-004,Item_8,1,LESL,2025,10-K,0001193125-25-323811,Item_8,290514,22,Item_8,68acb0fa69bca360710e963fe91f5e6b16a934be128348d91f8b25a21bcd25b3
10K-V2-I8-004,Item_8,1,LESL,2025,10-K,0001193125-25-323811,Item_8,290515,23,Item_8,eb6a8adc0cdc980be6bcc8508e6410549ab8f38a0d166ff3203dd3f25073a385
10K-V2-I8-004,Item_8,1,LESL,2025,10-K,0001193125-25-323811,Item_8,290516,24,Item_8,33ce4934f125060c55e420d15a415e8da88eb7d5ae586d1fc1b29a722c6a7dfa
10K-V2-I8-004,Item_8,1,LESL,2025,10-K,0001193125-25-323811,Item_8,290517,25,Item_8,550c91193d6c6edbb9bf550032c6e32d279ba4fc13041d11780695d0e73ce73d
10K-V2-I8-004,Item_8,1,LESL,2025,10-K,0001193125-25-323811,Item_8,290518,26,Item_8,dfa025d8f7ae1abd0b763e133572c942096e377cc44a8779889c3b85974631ec
10K-V2-I8-004,Item_8,1,LESL,2025,10-K,0001193125-25-323811,Item_8,290519,27,Item_8,3899a620552c62a0b0a1e7e35de0606b427e83bf1464824b2196e31864c08e05
10K-V2-I8-004,Item_8,1,LESL,2025,10-K,0001193125-25-323811,Item_8,290520,28,Item_8,96b661a4f8de08799c50d584f5913ad841cf9d4a95f4e3fed4a892e3e03dca4e
10K-V2-I8-004,Item_8,1,LESL,2025,10-K,0001193125-25-323811,Item_8,290521,29,Item_8,f3a562d46b3d9ddb9472b202740272b1442b3cb2b40df25bc6ad59b21a80f348
10K-V2-I8-004,Item_8,1,LESL,2025,10-K,0001193125-25-323811,Item_8,290522,30,Item_8,3b4db3c7eb56b3600a46feb5c0b8e0b84fd453a1e475a321086f8f8b78c1f6a9
10K-V2-I8-004,Item_8,1,LESL,2025,10-K,0001193125-25-323811,Item_8,290523,31,Item_8,fc7459f6c0bbacdce9ad230ed87ca5c4f9f12339ceed4f1d0a183534724b8565
10K-V2-I8-004,Item_8,1,LESL,2025,10-K,0001193125-25-323811,Item_8,290524,32,Item_8,5f7e00c6e6c52b0764d757fc616630540b07539fcf06bc7b5a932076d5f428ab
10K-V2-I8-004,Item_8,1,LESL,2025,10-K,0001193125-25-323811,Item_8,290525,33,Item_8,326dc3781bbba5a53be2374b8d7fd8f5db0445d54288bd332538a2f8a3b2c392
10K-V2-I8-004,Item_8,1,LESL,2025,10-K,0001193125-25-323811,Item_8,290526,34,Item_8,b0e66be4a35f4c46a9bb5bc887e0cd4fb909d14ba79faf6b9aa41b8cd040ea43
10K-V2-I8-004,Item_8,1,LESL,2025,10-K,0001193125-25-323811,Item_8,290527,35,Item_8,9cbcf753053728882360063e139d53034f69c6192589e502918a10b7ddee3363
10K-V2-I8-004,Item_8,1,LESL,2025,10-K,0001193125-25-323811,Item_8,290528,36,Item_8,cb725446dff614e883a681a06608a9b86f0062f143573b78ba6e15c044216e69
10K-V2-I8-004,Item_8,1,LESL,2025,10-K,0001193125-25-323811,Item_8,290529,37,Item_8,12a111cbce24b0e1bed28414c560606039c2a9f3774c5dd185a10853724578e9
10K-V2-I8-004,Item_8,1,LESL,2025,10-K,0001193125-25-323811,Item_8,290530,38,Item_8,68f9e06c4e55081507f74a493e37679d33bed2b146ece6da3029018fd8657416
10K-V2-I8-004,Item_8,1,LESL,2025,10-K,0001193125-25-323811,Item_8,290531,39,Item_8,8261c02c24a34a7565ffe3a5b59ceff4091caaa542ce691a0801ac5af5932c86
10K-V2-I8-004,Item_8,1,LESL,2025,10-K,0001193125-25-323811,Item_8,290532,40,Item_8,7d7740677dd53075bea4316ebf255e8c63ea0818ada830271b8863a161236524
10K-V2-I8-004,Item_8,1,LESL,2025,10-K,0001193125-25-323811,Item_8,290533,41,Item_8,8fc73f9e4835bc51c2b73bc0d3ceb4ae183aa77813c19da2e49aef2c936177f3
10K-V2-I8-004,Item_8,1,LESL,2025,10-K,0001193125-25-323811,Item_8,290534,42,Item_8,526f2488f900a3c91096a3b4146ffe274e242d8c3074b956d1bb5ac5125771cf
10K-V2-I8-004,Item_8,1,LESL,2025,10-K,0001193125-25-323811,Item_8,290535,43,Item_8,ddbc17b368b187b4e529f6872cdc48d6fb79f4f32e396be4102b1fe02b724d36
10K-V2-XC-001,cross_company,1,DKS,2025,10-K,0001089063-25-000012,Item_1A,264509,0,Item_1A,5e6862fdec8ed5f9f8626251c27954852ea4ba1bc3bd398fa2e570b38aa32b6b
10K-V2-XC-001,cross_company,1,DKS,2025,10-K,0001089063-25-000012,Item_1A,264510,1,Item_1A,2c2af0833917f0aadd270b2e9804e15710321ed96396b3bd29d06e80c6a15e1c
10K-V2-XC-001,cross_company,1,DKS,2025,10-K,0001089063-25-000012,Item_1A,264511,2,Item_1A,21d98eb1c5bd8d24dc75e8450471858cf2805126a7dd385506c43b7394d91516
10K-V2-XC-001,cross_company,1,DKS,2025,10-K,0001089063-25-000012,Item_1A,264512,3,Item_1A,56377938c01cee846142e7e7b41e2e23bdf91b07b245030b84b6debd1ec1ca5a
10K-V2-XC-001,cross_company,1,DKS,2025,10-K,0001089063-25-000012,Item_1A,264513,4,Item_1A,3cbed16cfa47c57ca9f154ec69084ede27fa88a7da86c24f6b67b8f5ca1598dd
10K-V2-XC-001,cross_company,1,DKS,2025,10-K,0001089063-25-000012,Item_1A,264514,5,Item_1A,f004cab8b273a418ab25e72ec829dae883bb0f310dbd975348b487e344104bc7
10K-V2-XC-001,cross_company,1,DKS,2025,10-K,0001089063-25-000012,Item_1A,264515,6,Item_1A,2919e83641c233f4b83bdcc5fa24aecc9a1159c30ee999fdb1ec08abc6d64a46
10K-V2-XC-001,cross_company,1,DKS,2025,10-K,0001089063-25-000012,Item_1A,264516,7,Item_1A,1258a0ae25bd609644a787fc5f60ea2b19e0a1149c116a34554a821f52b8f62f
10K-V2-XC-001,cross_company,1,DKS,2025,10-K,0001089063-25-000012,Item_1A,264517,8,Item_1A,9a99ae9682af000d296d9c8e9c9ee6fcdd4c83c24b26f0ecb8a46f1de9717bdc
10K-V2-XC-001,cross_company,1,DKS,2025,10-K,0001089063-25-000012,Item_1A,264518,9,Item_1A,ff9440e93713afdf69fcd6c776bce544fe579c68e1110f8b4acaf7e31bdea315
10K-V2-XC-001,cross_company,1,DKS,2025,10-K,0001089063-25-000012,Item_1A,264519,10,Item_1A,ab5c21cc0b7cb0e9ce24af23e289398428f46339300c30f136b39e3e84ba92e5
10K-V2-XC-001,cross_company,1,DKS,2025,10-K,0001089063-25-000012,Item_1A,264520,11,Item_1A,a52141b5ee11e768f139de66d03452a249fb0b87f6bc351b2b9809f9f5c3f0ed
10K-V2-XC-001,cross_company,1,DKS,2025,10-K,0001089063-25-000012,Item_1A,264521,12,Item_1A,44c3bcec6cead308ac3f3c3ecc522e98222e2aa816c4cbe2a63802d885700967
10K-V2-XC-001,cross_company,1,DKS,2025,10-K,0001089063-25-000012,Item_1A,264522,13,Item_1A,d5be47f96d314acce4a011693fabb22929fb8837f27bedbd9db03f3ddbedbe46
10K-V2-XC-001,cross_company,1,DKS,2025,10-K,0001089063-25-000012,Item_1A,264523,14,Item_1A,91beb7115e2943264497897aaed36b9eca669f477b9b27c8fd360801cc56b8f9
10K-V2-XC-001,cross_company,1,DKS,2025,10-K,0001089063-25-000012,Item_1A,264524,15,Item_1A,24d4aba77afda963503e7c0a223f22127bf3d2f8f9a3d4d0ff1d0038cae5add6
10K-V2-XC-001,cross_company,1,DKS,2025,10-K,0001089063-25-000012,Item_1A,264525,16,Item_1A,1ad5318730bda5570c5a59ad97d9a68bd57b1fc7e7342e235c71a6105575b784
10K-V2-XC-001,cross_company,1,DKS,2025,10-K,0001089063-25-000012,Item_1A,264526,17,Item_1A,1301a03ba1d94bb5ef1c1914113e5c4eff7be5d12dacb25ee183fe8579b66419
10K-V2-XC-001,cross_company,1,DKS,2025,10-K,0001089063-25-000012,Item_1A,264527,18,Item_1A,07f7d59ad047d9138c13a796fc287ce0ae67363daba364c4c744e82ad01a7635
10K-V2-XC-001,cross_company,1,DKS,2025,10-K,0001089063-25-000012,Item_1A,264528,19,Item_1A,af95774f4465a4f5a885886305615d099ced7c2f689719dd5786a692ec8f322c
10K-V2-XC-001,cross_company,1,DKS,2025,10-K,0001089063-25-000012,Item_1A,264529,20,Item_1A,d4ba0cd9067f053dfd28c2510d622891d5d8c33a2c657226ebcb68c5016320bd
10K-V2-XC-001,cross_company,1,DKS,2025,10-K,0001089063-25-000012,Item_1A,264530,21,Item_1A,312842eb52d3747e4826089ccddcd68150b231fcf64ebe1a773af196c5e6d696
10K-V2-XC-001,cross_company,1,DKS,2025,10-K,0001089063-25-000012,Item_1A,264531,22,Item_1A,96e3125d64a864dd7447a084610bc8a67da22e05d1c973eec055b9ced7d1338b
10K-V2-XC-001,cross_company,1,DKS,2025,10-K,0001089063-25-000012,Item_1A,264532,23,Item_1A,db92643949dfb561ca5fa35fef499ba927f86a3eddc9bbb83c4d216b1c78fcad
10K-V2-XC-001,cross_company,1,DKS,2025,10-K,0001089063-25-000012,Item_1A,264533,24,Item_1A,9a52152896ea08fa798355e5d8eb1f285fc215d46ec39bacee04b67d56d3a4fc
10K-V2-XC-001,cross_company,1,DKS,2025,10-K,0001089063-25-000012,Item_1A,264534,25,Item_1A,e460809d2720452456aad26eb335d2220e371bdafe2d6ee7df0508beec143246
10K-V2-XC-001,cross_company,2,KSS,2026,10-K,0001193125-26-115982,Item_1A,286840,0,Item_1A,6380453f55f6605e1e0542a5433bfd5ce636db38a6b52e38eb418f6d4c1c124b
10K-V2-XC-001,cross_company,2,KSS,2026,10-K,0001193125-26-115982,Item_1A,286841,1,Item_1A,bc188bfd83a6fe3095cb768ba1f27b519329f6768399ad4188b3555053dec957
10K-V2-XC-001,cross_company,2,KSS,2026,10-K,0001193125-26-115982,Item_1A,286842,2,Item_1A,9287ff43c54526d72ccd4bf89dad8608749b7ea4a989354b31855eac11dcea87
10K-V2-XC-001,cross_company,2,KSS,2026,10-K,0001193125-26-115982,Item_1A,286843,3,Item_1A,509c5fa1307cc6fb36e31cb4efd49057f1bdc6378d99a5739b60a1316f151e1e
10K-V2-XC-001,cross_company,2,KSS,2026,10-K,0001193125-26-115982,Item_1A,286844,4,Item_1A,34e89b1fddbd0b1f8d4796845b6024f82a4f21880767f0ba2966d6c294cddc5c
10K-V2-XC-001,cross_company,2,KSS,2026,10-K,0001193125-26-115982,Item_1A,286845,5,Item_1A,65f6de50c819d87cb61f3dd39b3a596551a7a646c1d65f96f7b3e9fa4245c6ae
10K-V2-XC-001,cross_company,2,KSS,2026,10-K,0001193125-26-115982,Item_1A,286846,6,Item_1A,7d67f84f3abb1b066e41f050d91614d387b7b1e6b67aa0627af42377925a5c8e
10K-V2-XC-001,cross_company,2,KSS,2026,10-K,0001193125-26-115982,Item_1A,286847,7,Item_1A,5d3cf70dbdf8455d69b6497960dc821fa60d64a3db57078eb15057b601813a2e
10K-V2-XC-001,cross_company,2,KSS,2026,10-K,0001193125-26-115982,Item_1A,286848,8,Item_1A,cacc8de162f48b0e192d5a00361ee8977ce14c00cb2750635b61d1cb38bd307d
10K-V2-XC-001,cross_company,2,KSS,2026,10-K,0001193125-26-115982,Item_1A,286849,9,Item_1A,abb0ddea899d45dd2e8d5afdea3a7052a291de162eec4ec93ac093de90785940
10K-V2-XC-001,cross_company,2,KSS,2026,10-K,0001193125-26-115982,Item_1A,286850,10,Item_1A,443c9f946a3a752025361a92294a9a706f4b9dea8f3a7f02f7dd6ef1f7846042
10K-V2-XC-001,cross_company,2,KSS,2026,10-K,0001193125-26-115982,Item_1A,286851,11,Item_1A,b230a1710e689c0a7241f241ecf7c96d8bee8f918c171898d2a2924631841943
10K-V2-XC-001,cross_company,2,KSS,2026,10-K,0001193125-26-115982,Item_1A,286852,12,Item_1A,f5ce05e49cffd6835bd982d38f5a9e21d5e18c14252e422eaf855f8fcab61ffb
10K-V2-XC-001,cross_company,2,KSS,2026,10-K,0001193125-26-115982,Item_1A,286853,13,Item_1A,4de0548dcc93ce3a90a5f949e246a59325e3983d6d0b3c1888179e0482dfd530
10K-V2-XC-001,cross_company,2,KSS,2026,10-K,0001193125-26-115982,Item_1A,286854,14,Item_1A,707e5943a8df85f0c273f107ebff4cefce713fa716f0f692baf143c66b18ca86
10K-V2-XC-001,cross_company,2,KSS,2026,10-K,0001193125-26-115982,Item_1A,286855,15,Item_1A,e01dd4c9e8bfff5682c16cebef3c47f5aa67e0801fb30e7e8db6083c1c071e28
10K-V2-XC-001,cross_company,2,KSS,2026,10-K,0001193125-26-115982,Item_1A,286856,16,Item_1A,85e6189c08feff5fcccb365ecb69d416273899ed2bb3d32db8c200a1ab7b5c72
10K-V2-XC-001,cross_company,2,KSS,2026,10-K,0001193125-26-115982,Item_1A,286857,17,Item_1A,a1e5794f25409de814ed6913fcd326c4a5aa6ea698bcb1dcf29cb22783a020f1
10K-V2-XC-002,cross_company,1,LE,2024,10-K,0000950170-24-041066,Item_1A,291501,0,Item_1A,2645799595576a0c37fd942935a7629ad916bb26c9474f3c22a9ab10d1a263d6
10K-V2-XC-002,cross_company,1,LE,2024,10-K,0000950170-24-041066,Item_1A,291502,1,Item_1A,065db6be02fe8194ed3ad2e2498d517cd3f80cebfe6e8de02002705625e7f120
10K-V2-XC-002,cross_company,1,LE,2024,10-K,0000950170-24-041066,Item_1A,291503,2,Item_1A,cba4281906f9b8535db05b71aafcd9d02f9ca8a79df8d3eefb4a18bb70047107
10K-V2-XC-002,cross_company,1,LE,2024,10-K,0000950170-24-041066,Item_1A,291504,3,Item_1A,726f166f7394d039852899d4e8f4642c4a21284a71181f55a9dfe6202decd48d
10K-V2-XC-002,cross_company,1,LE,2024,10-K,0000950170-24-041066,Item_1A,291505,4,Item_1A,f1e200de6729f3e4ae8eb1ae9fc93ad579c84847c79f54cbd24afe9eb6d3ceeb
10K-V2-XC-002,cross_company,1,LE,2024,10-K,0000950170-24-041066,Item_1A,291506,5,Item_1A,3b9f9a21ee8e5907c93546e19442f3fbf2efb50ccf1d347868c3efae77091dad
10K-V2-XC-002,cross_company,1,LE,2024,10-K,0000950170-24-041066,Item_1A,291507,6,Item_1A,27fbe4f8c468b7cd9be48e6f4dba45facba01edd0b22747f62858267e660ae3b
10K-V2-XC-002,cross_company,1,LE,2024,10-K,0000950170-24-041066,Item_1A,291508,7,Item_1A,9a366de5e23776f6e274035dbe981875202674ff229cb418945d987de7d423ca
10K-V2-XC-002,cross_company,1,LE,2024,10-K,0000950170-24-041066,Item_1A,291509,8,Item_1A,0dfcba18e069d590a6bf064c05a3cbaed664a3732561cb0b1674c485a1bfa707
10K-V2-XC-002,cross_company,1,LE,2024,10-K,0000950170-24-041066,Item_1A,291510,9,Item_1A,9664c7ffe96cb0aebf05d27323bd49d65ea806bc413cc8ade04c85b82bac2533
10K-V2-XC-002,cross_company,1,LE,2024,10-K,0000950170-24-041066,Item_1A,291511,10,Item_1A,cccb9e3abeb005a6ad583194ff1e710d24fcf17dd26aaa29cec8359ff710bf12
10K-V2-XC-002,cross_company,1,LE,2024,10-K,0000950170-24-041066,Item_1A,291512,11,Item_1A,4fbae93ca71a995815954bbf5cd67238d3b5d2d082346e74be29d40d0bf248ed
10K-V2-XC-002,cross_company,1,LE,2024,10-K,0000950170-24-041066,Item_1A,291513,12,Item_1A,76a43c87a9230e521e920b101a948116394960bcb55d13a28a45127ae9ec72e1
10K-V2-XC-002,cross_company,1,LE,2024,10-K,0000950170-24-041066,Item_1A,291514,13,Item_1A,69286b7e2361c6705fe7768e01cc56986475ba70897a50bdded361b26b25e3a8
10K-V2-XC-002,cross_company,1,LE,2024,10-K,0000950170-24-041066,Item_1A,291515,14,Item_1A,5d68312f54e04b1263bba714708bee28d962c06d4b57b1830176635fdd25bda5
10K-V2-XC-002,cross_company,1,LE,2024,10-K,0000950170-24-041066,Item_1A,291516,15,Item_1A,ed1459d82cde12245aafbb9f7a241672e840a608086eeea17835d28b95491d4c
10K-V2-XC-002,cross_company,1,LE,2024,10-K,0000950170-24-041066,Item_1A,291517,16,Item_1A,a49d9b25974298759cd31a027392681f27f0a550fb4c97b5e3d327f1461b30de
10K-V2-XC-002,cross_company,1,LE,2024,10-K,0000950170-24-041066,Item_1A,291518,17,Item_1A,84ec7ba4270beb625a40933ca60d6aaef8d579c41e6c160d64cd561115baab4e
10K-V2-XC-002,cross_company,1,LE,2024,10-K,0000950170-24-041066,Item_1A,291519,18,Item_1A,1323ec9c49b0b2f2bc3bcf0a38abecb80e8d96102a64a2948cdcf6bc4f658516
10K-V2-XC-002,cross_company,1,LE,2024,10-K,0000950170-24-041066,Item_1A,291520,19,Item_1A,4bdd47176859846e2b134c4b3695e6f37750cb039a67783d82cf407181bf1776
10K-V2-XC-002,cross_company,2,TGT,2024,10-K,0000027419-24-000032,Item_1A,326171,0,Item_1A,382c32defb1499e76d461f22eef2f63a1126bafc6468acc5c21ef64e4442adae
10K-V2-XC-002,cross_company,2,TGT,2024,10-K,0000027419-24-000032,Item_1A,326172,1,Item_1A,56267b1dc7f95a80351c41ee58f29ccc9df8c311165d6407239d49ea3ef5c37f
10K-V2-XC-002,cross_company,2,TGT,2024,10-K,0000027419-24-000032,Item_1A,326173,2,Item_1A,7d0b758425b8876a4fa5edec1796cde5f488cf70c4e72331026ae4fa37d15c4c
10K-V2-XC-002,cross_company,2,TGT,2024,10-K,0000027419-24-000032,Item_1A,326174,3,Item_1A,037f4785a6ea0f14ee17f7476dc405941100189d88e32d94ed91a577d7873014
10K-V2-XC-002,cross_company,2,TGT,2024,10-K,0000027419-24-000032,Item_1A,326175,4,Item_1A,22e948acbb46d4d2bc50e1c20665b101b8d5df7f9cd4285a2693a8b15ba672f0
10K-V2-XC-002,cross_company,2,TGT,2024,10-K,0000027419-24-000032,Item_1A,326176,5,Item_1A,d5383fa5ee16c70af544f08b40f3ee334a42d7920cd1f0bfaee2f214dc3be313
10K-V2-XC-002,cross_company,2,TGT,2024,10-K,0000027419-24-000032,Item_1A,326177,6,Item_1A,4396fc07b2eb90b924c3a6b7378d41fd844bf2a164eb66031014573e335dec4b
10K-V2-XC-002,cross_company,2,TGT,2024,10-K,0000027419-24-000032,Item_1A,326178,7,Item_1A,fbb5f8283f40ce74cad76300082d85bd05f2c7efccee1ecb974d867c1b7cba4e
10K-V2-XC-002,cross_company,2,TGT,2024,10-K,0000027419-24-000032,Item_1A,326179,8,Item_1A,171481d7e05ba79e8716851e006a7f2a6708e517f98e096ace8b8b4025823a99
10K-V2-XC-002,cross_company,2,TGT,2024,10-K,0000027419-24-000032,Item_1A,326180,9,Item_1A,7653d4764b0e14b57d1cfd47fa9a2ec8a62094c3a97236d663951e7eb47e49c4
10K-V2-XC-002,cross_company,2,TGT,2024,10-K,0000027419-24-000032,Item_1A,326181,10,Item_1A,7d6c2fa45a300fc59e10fc24cbae75d1e66083997c7c7eb260aa70ecfd70e216
10K-V2-XC-002,cross_company,2,TGT,2024,10-K,0000027419-24-000032,Item_1A,326182,11,Item_1A,49c2ca7253a393d273c482dd794246b4c3e1ebdb232932185acb10e5c5a5a0a0
10K-V2-XC-002,cross_company,2,TGT,2024,10-K,0000027419-24-000032,Item_1A,326183,12,Item_1A,12c03fbf2b09a08a54b8dfa2bbe6b1ab2000e51b4e9ff128e9028f13339dda22
10K-V2-XC-002,cross_company,2,TGT,2024,10-K,0000027419-24-000032,Item_1A,326184,13,Item_1A,b4a86cbf278445eee06568a9165aa9ae213b698dd08c302578169295a2ec6779
10K-V2-XC-003,cross_company,1,RCKY,2025,10-K,0001437749-25-008025,Item_1A,313076,0,Item_1A,34b7196429f1bce5d2aaa353d7e192e9142eb38cff930dbe7586835758fb095f
10K-V2-XC-003,cross_company,1,RCKY,2025,10-K,0001437749-25-008025,Item_1A,313077,1,Item_1A,4c62247b4701aeebedf5c356c62e957541d41fb0bc35cfd4f7a12ed905d13731
10K-V2-XC-003,cross_company,1,RCKY,2025,10-K,0001437749-25-008025,Item_1A,313078,2,Item_1A,345bf8b6a3c3caa210433c315cb4cf66cfc588d2573e257ff2d02f8cfb5be330
10K-V2-XC-003,cross_company,1,RCKY,2025,10-K,0001437749-25-008025,Item_1A,313079,3,Item_1A,7b643ee7da8444c1e96bf1f5d12d4b951de01067d73f35c8ce3b02939c958b79
10K-V2-XC-003,cross_company,1,RCKY,2025,10-K,0001437749-25-008025,Item_1A,313080,4,Item_1A,b3bf1d3061b395dbe2b1820fab9e4681169d4d54d24e089e8698af160a1be9a6
10K-V2-XC-003,cross_company,1,RCKY,2025,10-K,0001437749-25-008025,Item_1A,313081,5,Item_1A,d65aca54e904f549e4635aef5a69def7fb55429360ad25fdde787a4bc1a05426
10K-V2-XC-003,cross_company,1,RCKY,2025,10-K,0001437749-25-008025,Item_1A,313082,6,Item_1A,18632dfc47d4f8b67b7ea60ccdc2028522f8639fb87db69b1062b25a732edf5c
10K-V2-XC-003,cross_company,1,RCKY,2025,10-K,0001437749-25-008025,Item_1A,313083,7,Item_1A,f5b00d3c80ea1f11cff5e7c0d734c2aabc931c1b2275c07fb88e71120a4d7e23
10K-V2-XC-003,cross_company,1,RCKY,2025,10-K,0001437749-25-008025,Item_1A,313084,8,Item_1A,2f112ec67dec7ed88ca0a7482e6f885db0f685fdc6a1161321f9afa902a46a50
10K-V2-XC-003,cross_company,1,RCKY,2025,10-K,0001437749-25-008025,Item_1A,313085,9,Item_1A,57afa71a42164593bdef385f2e70cdd6ce75661bfd3813c7c4fb291df24d230b
10K-V2-XC-003,cross_company,1,RCKY,2025,10-K,0001437749-25-008025,Item_1A,313086,10,Item_1A,c809dff5aafb55af25a26e1cf0845e5943bb7898ad46c9d06fea20bee3d75f42
10K-V2-XC-003,cross_company,1,RCKY,2025,10-K,0001437749-25-008025,Item_1A,313087,11,Item_1A,a44c42c47a736fc6868c85ddfc3a8a847ae17b6fa9a72f745e0397aa12e32c95
10K-V2-XC-003,cross_company,1,RCKY,2025,10-K,0001437749-25-008025,Item_1A,313088,12,Item_1A,d789ebcd229100dcff3cb2d2aee97c8c0c0af1fedef5344762b56436813ff30c
10K-V2-XC-003,cross_company,1,RCKY,2025,10-K,0001437749-25-008025,Item_1A,313089,13,Item_1A,b689f02e18208df9a16fe3f0869b71da9c51f9a206db6061968489ccc2262e74
10K-V2-XC-003,cross_company,1,RCKY,2025,10-K,0001437749-25-008025,Item_1A,313090,14,Item_1A,d00f1c7a3e5affac7409b3b7af4f0b7309e7d5fa4f7dc9ed075fcfba53a57011
10K-V2-XC-003,cross_company,1,RCKY,2025,10-K,0001437749-25-008025,Item_1A,313091,15,Item_1A,ccffef6dd4f19afe645481af94f48f0e5a2a17ec64a89ba12e266c895727855e
10K-V2-XC-003,cross_company,2,BOBS,2026,10-K,0001628280-26-019015,Item_1A,245430,0,Item_1A,ae5937d90dbd15bb3dbdaaaa803d593516affaeae56155978e516981ed97cb8a
10K-V2-XC-003,cross_company,2,BOBS,2026,10-K,0001628280-26-019015,Item_1A,245431,1,Item_1A,6d94292eaa22fd8f5f16ee5ffab7272dd8d6f41b9910d39f878843532d0a41b5
10K-V2-XC-003,cross_company,2,BOBS,2026,10-K,0001628280-26-019015,Item_1A,245432,2,Item_1A,97be9dd016b8cc64e240e8d92bc9fae8c610bd2911d02dc0def936b4f18a265c
10K-V2-XC-003,cross_company,2,BOBS,2026,10-K,0001628280-26-019015,Item_1A,245433,3,Item_1A,33eb4ae7fd3c78705ff23701a4cf5ef17ad24d12b81f1775fd7e0f3387f09594
10K-V2-XC-003,cross_company,2,BOBS,2026,10-K,0001628280-26-019015,Item_1A,245434,4,Item_1A,864a0c59979512ea6259616ba3e4887810c38eb88b7ecb310843bd98da3e0afd
10K-V2-XC-003,cross_company,2,BOBS,2026,10-K,0001628280-26-019015,Item_1A,245435,5,Item_1A,2318863fb8fc23bf05211a6dc7b34a285703bed5b9612481c57f729d6e0563a9
10K-V2-XC-003,cross_company,2,BOBS,2026,10-K,0001628280-26-019015,Item_1A,245436,6,Item_1A,490ed034c999a0d550b451f35e4c5fec6caabedb694fa471df42a3354834df52
10K-V2-XC-003,cross_company,2,BOBS,2026,10-K,0001628280-26-019015,Item_1A,245437,7,Item_1A,b66b2f2e975c98761e572f458abf54cb5b45bc375518d8960bdd7ce06c620f83
10K-V2-XC-003,cross_company,2,BOBS,2026,10-K,0001628280-26-019015,Item_1A,245438,8,Item_1A,447756347a202053154e1e316b52c7288618200337ec343bfe10bbdbd17e14ad
10K-V2-XC-003,cross_company,2,BOBS,2026,10-K,0001628280-26-019015,Item_1A,245439,9,Item_1A,a5274c898f679711c3d0285e2be618c4be91071dfdac4beadc58da522d265187
10K-V2-XC-003,cross_company,2,BOBS,2026,10-K,0001628280-26-019015,Item_1A,245440,10,Item_1A,7eaa3031cc5e202594fa7afcb61f140b473ba0f2d35c8081d4147709e26b4a0a
10K-V2-XC-003,cross_company,2,BOBS,2026,10-K,0001628280-26-019015,Item_1A,245441,11,Item_1A,1a249265505fffc0504ddb5b2c471c7e33a7d1b2e3b044ef39fc7bb3ac630092
10K-V2-XC-003,cross_company,2,BOBS,2026,10-K,0001628280-26-019015,Item_1A,245442,12,Item_1A,d36a387ddd9782774b8e315d461debf481707202dddbe40224556375cf852162
10K-V2-XC-003,cross_company,2,BOBS,2026,10-K,0001628280-26-019015,Item_1A,245443,13,Item_1A,d152c00ba35d01ec1426802735008877dc803b4d21d16970f0f0cba4a0af15b4
10K-V2-XC-003,cross_company,2,BOBS,2026,10-K,0001628280-26-019015,Item_1A,245444,14,Item_1A,12b37c5418dd3ed1ae09cda0351e8a7121805692e91f16951c8e3f67d51eb4b5
10K-V2-XC-003,cross_company,2,BOBS,2026,10-K,0001628280-26-019015,Item_1A,245445,15,Item_1A,ad6d83a587f76e14007c244ee61477d0df5506d9221b3a3653f3aa43cbbd9092
10K-V2-XC-003,cross_company,2,BOBS,2026,10-K,0001628280-26-019015,Item_1A,245446,16,Item_1A,9d8dd2a7333e846370f5f59a60c1be81585e3db1227cebe816c24bf57bc519c6
10K-V2-XC-003,cross_company,2,BOBS,2026,10-K,0001628280-26-019015,Item_1A,245447,17,Item_1A,123b07dfc57543f020e3ac25cf1278c562fa0bceff878641d66811789b7fed65
10K-V2-XC-003,cross_company,2,BOBS,2026,10-K,0001628280-26-019015,Item_1A,245448,18,Item_1A,642585fc45a377f89822813ac6b75260b43bbbb0b96242981ed1bb0cc6854b69
10K-V2-XC-003,cross_company,2,BOBS,2026,10-K,0001628280-26-019015,Item_1A,245449,19,Item_1A,5e728e26dcf82fb29a97154fe78df53acd9a7a0f74ba33300e9d806051b34170
10K-V2-XC-003,cross_company,2,BOBS,2026,10-K,0001628280-26-019015,Item_1A,245450,20,Item_1A,72e8a545dae255b21268e97f73b2fa4567f4fa4464d8542a0c7cdda4d4c5acbb
10K-V2-XC-003,cross_company,2,BOBS,2026,10-K,0001628280-26-019015,Item_1A,245451,21,Item_1A,61f5d6e038b2ddf0a3b241bf20ec864217956f87edde9874bd4c18c351b54686
10K-V2-XC-003,cross_company,2,BOBS,2026,10-K,0001628280-26-019015,Item_1A,245452,22,Item_1A,0c9134156f9058b4f108650d811534723acff4179adf09cc458e87e201074de6
10K-V2-XC-003,cross_company,2,BOBS,2026,10-K,0001628280-26-019015,Item_1A,245453,23,Item_1A,44f71211ac03abb4232e948768b8ad8c99ea30fbcbdd5735ce4762715a4584dd
10K-V2-XC-003,cross_company,2,BOBS,2026,10-K,0001628280-26-019015,Item_1A,245454,24,Item_1A,d2a27db5596d4d2bf119631c266f40b90847bf2a62e7101c7a0920d0447ebf7b
10K-V2-XC-003,cross_company,2,BOBS,2026,10-K,0001628280-26-019015,Item_1A,245455,25,Item_1A,1b37c26e2da4939e453528d2dd293e43be9221aa269eb9e422c8088afc666188
10K-V2-XC-003,cross_company,2,BOBS,2026,10-K,0001628280-26-019015,Item_1A,245456,26,Item_1A,bf70a2c6f9c74aab810a1d4b5e2971a15118f1645d72cdde96202c1d9a6ee2ed
10K-V2-XC-003,cross_company,2,BOBS,2026,10-K,0001628280-26-019015,Item_1A,245457,27,Item_1A,766aac557f4c7fba1eb0322096e8fe6ca01ffb32fe291e90dc79bbc26c9f4a95
10K-V2-XC-003,cross_company,2,BOBS,2026,10-K,0001628280-26-019015,Item_1A,245458,28,Item_1A,a2e1ffff5d5cccf9d2b4fbdd6afad8eb59b6c8149324958f62dc9a61c925402f
10K-V2-XC-003,cross_company,2,BOBS,2026,10-K,0001628280-26-019015,Item_1A,245459,29,Item_1A,810ac332bc8d9c94da1617e03e88585b52b7fd3e041ba76a7a03080f754ed93e
10K-V2-XC-003,cross_company,2,BOBS,2026,10-K,0001628280-26-019015,Item_1A,245460,30,Item_1A,6e5c3f12b7147d46fc400b23dab09c6cbfd72622c7a5a22575fdc41b537464ef
10K-V2-XC-003,cross_company,2,BOBS,2026,10-K,0001628280-26-019015,Item_1A,245461,31,Item_1A,da9de40be9065bbe50c802d8d35fd5d7d7f6c4d5286687e87507031e23de1e1d
10K-V2-XC-003,cross_company,2,BOBS,2026,10-K,0001628280-26-019015,Item_1A,245462,32,Item_1A,7048ecb495209ce859e9f69d53b19193315fa8b013c31249f414aed3b421c045
10K-V2-XC-003,cross_company,2,BOBS,2026,10-K,0001628280-26-019015,Item_1A,245463,33,Item_1A,7f8b482f0091fc560409cb059e4548d6ad31d1aed855f5875acd518961b62906
10K-V2-XC-003,cross_company,2,BOBS,2026,10-K,0001628280-26-019015,Item_1A,245464,34,Item_1A,83994363da28be639348a356f62adef39204805b52af27c58fcdce9fb1a80e2d
10K-V2-XC-003,cross_company,2,BOBS,2026,10-K,0001628280-26-019015,Item_1A,245465,35,Item_1A,844a2b62793dd25e87679e01db8642577528b0ad499652f6d2b017d865151988
10K-V2-XC-003,cross_company,2,BOBS,2026,10-K,0001628280-26-019015,Item_1A,245466,36,Item_1A,c3b166bed60eb300543d6bf0bd7675cae2d3496807fef302922f98fa1590820f
10K-V2-XC-003,cross_company,2,BOBS,2026,10-K,0001628280-26-019015,Item_1A,245467,37,Item_1A,cf7a9968faba6af3e820c2d75fcee9c12aa3fd87b38984fd5de05a311550ad85
10K-V2-XC-003,cross_company,2,BOBS,2026,10-K,0001628280-26-019015,Item_1A,245468,38,Item_1A,87640713f389d98b08643aa1e6657618c5fcee1eca2aab46e015ccecd48d7944
10K-V2-XC-003,cross_company,2,BOBS,2026,10-K,0001628280-26-019015,Item_1A,245469,39,Item_1A,1df6e88fa02c602f25f81a996e22410b8305280be75d2cf7550885e063a8e4b8
10K-V2-XC-003,cross_company,2,BOBS,2026,10-K,0001628280-26-019015,Item_1A,245470,40,Item_1A,1f62fde09ba3d46eb64d29ef3bd9ef34adb7ff5222e9f79ea2882b5e2cef5636
10K-V2-XC-003,cross_company,2,BOBS,2026,10-K,0001628280-26-019015,Item_1A,245471,41,Item_1A,2ab5f7fa27ced39eaab6c30ba0e92a9def438e8a54f2a98eed679e717d585204
10K-V2-XC-003,cross_company,2,BOBS,2026,10-K,0001628280-26-019015,Item_1A,245472,42,Item_1A,e93dd82f393d3b6fdf44eb3caf50052bb0887af099dae6e9ea10c3db61e49194
10K-V2-XC-003,cross_company,2,BOBS,2026,10-K,0001628280-26-019015,Item_1A,245473,43,Item_1A,94eccd9450ed369420c101d509352e834dd7ce3904c6c25c658414fbe0e70cf3
10K-V2-XC-003,cross_company,2,BOBS,2026,10-K,0001628280-26-019015,Item_1A,245474,44,Item_1A,21d9892376d313bb017dc931cdd795d0ed6105d07357a207306f4383ec16c759
10K-V2-XC-003,cross_company,2,BOBS,2026,10-K,0001628280-26-019015,Item_1A,245475,45,Item_1A,cc8be46779953816009c3fddd149a7b8616b7266aef452e0b9afeed6169da893
10K-V2-XC-003,cross_company,2,BOBS,2026,10-K,0001628280-26-019015,Item_1A,245476,46,Item_1A,298069ff892e5e50e7772737ba2ae1fca2d8e6be74d85c6479dcac715db2a09f
10K-V2-XC-003,cross_company,2,BOBS,2026,10-K,0001628280-26-019015,Item_1A,245477,47,Item_1A,a11b9b2e1c08b0a46cfefd9dd49c89d60a5f0a2259a2a283819f492001e870bc
10K-V2-XC-003,cross_company,2,BOBS,2026,10-K,0001628280-26-019015,Item_1A,245478,48,Item_1A,cd3a9bde5a2260529b667bf844ac9a85a557ed9d8bacb119f01d552cceeb4b66
10K-V2-XC-003,cross_company,2,BOBS,2026,10-K,0001628280-26-019015,Item_1A,245479,49,Item_1A,c20b83ae64a0719d7958535e9fcd208cf9eeb769633dce3769699d96e29369e8
10K-V2-XC-003,cross_company,2,BOBS,2026,10-K,0001628280-26-019015,Item_1A,245480,50,Item_1A,b731deddd5c727b2c889f657de1c05d5ef57a209bd4a78c0f96a92c2dd5f0575
10K-V2-XC-003,cross_company,2,BOBS,2026,10-K,0001628280-26-019015,Item_1A,245481,51,Item_1A,732ead4afec3512eedb035211fdb8c521b19219ff625589574bded50575f1cc7
10K-V2-XC-003,cross_company,2,BOBS,2026,10-K,0001628280-26-019015,Item_1A,245482,52,Item_1A,3db9b291512e697a87f3aa3da48180dc7035949da3c488bf8fcee4687f308f3d
10K-V2-XC-003,cross_company,2,BOBS,2026,10-K,0001628280-26-019015,Item_1A,245483,53,Item_1A,196801131e901617cb445999afc30744dc39b1c00a0a215b864c253cbcaa8b70
10K-V2-XC-003,cross_company,2,BOBS,2026,10-K,0001628280-26-019015,Item_1A,245484,54,Item_1A,b611a212b2c747107b1bebe5764d057e3ad0cbaaaa4fe295ca6c71fb242bd4dd
10K-V2-XC-003,cross_company,2,BOBS,2026,10-K,0001628280-26-019015,Item_1A,245485,55,Item_1A,cf290211959982920e0f7f4deb81041943aee40713daec2dd96c96e0cba1fb90
10K-V2-XC-004,cross_company,1,GRWG,2024,10-K,0001628280-24-010996,Item_7,280015,0,Item_7,e94becb9ba22f4262cc389332033f9d1c790647553be687ba1c3bf8728dd6bd9
10K-V2-XC-004,cross_company,1,GRWG,2024,10-K,0001628280-24-010996,Item_7,280016,1,Item_7,8e09502858bbd88a3911939b3dabf5ab439a78a32223f8b641a0d95fd87c4a25
10K-V2-XC-004,cross_company,1,GRWG,2024,10-K,0001628280-24-010996,Item_7,280017,2,Item_7,9441947ec5fb987c6cf9d02733959e50b52b14ea0e276d4bfe2f737afc2b50b9
10K-V2-XC-004,cross_company,1,GRWG,2024,10-K,0001628280-24-010996,Item_7,280018,3,Item_7,63916134bc4dc9d09e1abfb6d088a2a6562424ce83133be1a457ac17bd068651
10K-V2-XC-004,cross_company,1,GRWG,2024,10-K,0001628280-24-010996,Item_7,280019,4,Item_7,a7d2fe744bd91f6763715ab0c64ec918d285830e0094f49068c9445a21d30a62
10K-V2-XC-004,cross_company,1,GRWG,2024,10-K,0001628280-24-010996,Item_7,280020,5,Item_7,d289a593eee5a3a95a232582fb3e9ab8b2fed8df3a381c47c5d949da06fe68bd
10K-V2-XC-004,cross_company,1,GRWG,2024,10-K,0001628280-24-010996,Item_7,280021,6,Item_7,5a902e366df206f7b3a99cd19a6a7f14c920e41162f5ba91c2f38a5fc5b42cca
10K-V2-XC-004,cross_company,1,GRWG,2024,10-K,0001628280-24-010996,Item_7,280022,7,Item_7,7a325cf9c84dddb806841ea68de18e73129817719429b45af700709de9d5eb6a
10K-V2-XC-004,cross_company,1,GRWG,2024,10-K,0001628280-24-010996,Item_7,280023,8,Item_7,7af5047f03ad5a3fbfca71c7f1413257d874b57f86655d012f6ad9bdf33d0ebb
10K-V2-XC-004,cross_company,1,GRWG,2024,10-K,0001628280-24-010996,Item_7,280024,9,Item_7,0be21609fd8a2d73a8ca47eab402824b7891f218245ec76e0a0f49968d8308d3
10K-V2-XC-004,cross_company,1,GRWG,2024,10-K,0001628280-24-010996,Item_7,280025,10,Item_7,c99cbe47914e914c3ae959bbf509968986a059288d9af33484a0b7207e206d21
10K-V2-XC-004,cross_company,1,GRWG,2024,10-K,0001628280-24-010996,Item_7,280026,11,Item_7,803d0286ab1d6f1c21648a3db5ef6b11ca917c8754bfa16cccc6c5c2addd23f0
10K-V2-XC-004,cross_company,1,GRWG,2024,10-K,0001628280-24-010996,Item_7,280027,12,Item_7,af626f70e0de9175c0440e9b2d542e36f85b36ba46abf5953f30f5ba87314fb7
10K-V2-XC-004,cross_company,1,GRWG,2024,10-K,0001628280-24-010996,Item_7,280028,13,Item_7,5a0e19eee19382ae3d591b5b8cff4cabbdd31bc7dcfc1ae10fe2266aa6e9bd17
10K-V2-XC-004,cross_company,1,GRWG,2024,10-K,0001628280-24-010996,Item_7,280029,14,Item_7,ffbafdde0566a9254bead859f290c86d39ea75c214bc6d6eccdc04769dc79e03
10K-V2-XC-004,cross_company,1,GRWG,2024,10-K,0001628280-24-010996,Item_7,280030,15,Item_7,bc4596145834b77b867b05e4df853856d05894693d54d84c70c0a7a4a79352cf
10K-V2-XC-004,cross_company,2,ATER,2024,10-K,0001437749-24-008398,Item_8,239590,0,Item_8,51e95cf329c78abe6556d4cf8965f1c7c2f3a31619824720d4f622d34f3730f7
10K-V2-XC-004,cross_company,2,ATER,2024,10-K,0001437749-24-008398,Item_8,239591,1,Item_8,934e17ae0115bd8e93b09053b0f1b04c04c1971e9db382fafe85983d85e3f51f
10K-V2-XC-004,cross_company,2,ATER,2024,10-K,0001437749-24-008398,Item_8,239592,2,Item_8,f09ac0a4ff679e8e953f7d563a63342667764873ccc44fc79e75de9f5436b939
10K-V2-XC-004,cross_company,2,ATER,2024,10-K,0001437749-24-008398,Item_8,239593,3,Item_8,3ea4c5fd1745fc9c1b2f4a6d65d7b1096de60829549c48bc1aa3062e6ba7f66f
10K-V2-XC-004,cross_company,2,ATER,2024,10-K,0001437749-24-008398,Item_8,239594,4,Item_8,f1ac3ea90a746f50ea65b2be47513e0da1d0d7d5a34ade679a6f74b442704bb7
10K-V2-XC-004,cross_company,2,ATER,2024,10-K,0001437749-24-008398,Item_8,239595,5,Item_8,bf71a69dc1d75086e11e085e9855115d08bd4fd6dfa4f2b089f308b6e3f9b3dc
10K-V2-XC-004,cross_company,2,ATER,2024,10-K,0001437749-24-008398,Item_8,239596,6,Item_8,76f1e18b0c8618f7949a11ecc71eb34a0ae464be4c984d2962f8a0c16bfa1505
10K-V2-XC-004,cross_company,2,ATER,2024,10-K,0001437749-24-008398,Item_8,239597,7,Item_8,6aa73f9e6cba541a8990dcc3b691dd965848c051847ad6a8a84f5cbf47971872
10K-V2-XC-004,cross_company,2,ATER,2024,10-K,0001437749-24-008398,Item_8,239598,8,Item_8,4bb248baab7d29c4c028308933e9dd45891bc82b8125fef088ca0df5a6d160c2
10K-V2-XC-004,cross_company,2,ATER,2024,10-K,0001437749-24-008398,Item_8,239599,9,Item_8,8438f2dfeef284cd4350c5f8c86b40be128e3db6367ea8d5c42285280e454523
10K-V2-XC-004,cross_company,2,ATER,2024,10-K,0001437749-24-008398,Item_8,239600,10,Item_8,80c35285a3ec4f63028b880e589a6fa9fc742b02a9fd4cd847f13502e768846d
10K-V2-XC-004,cross_company,2,ATER,2024,10-K,0001437749-24-008398,Item_8,239601,11,Item_8,b2bf1ca0c0e920ce1b651eeac76fb424cb6f8efe064e7aa1ea148c5a26f99f09
10K-V2-XC-004,cross_company,2,ATER,2024,10-K,0001437749-24-008398,Item_8,239602,12,Item_8,1e33ab3b48864a24db8aef0638362bb8eab9c63f239455daf274f997fc04f337
10K-V2-XC-004,cross_company,2,ATER,2024,10-K,0001437749-24-008398,Item_8,239603,13,Item_8,a23abe0f5a6e0b05fece1dae9115081586e776b26352a2e492431cb4f4284d7a
10K-V2-XC-004,cross_company,2,ATER,2024,10-K,0001437749-24-008398,Item_8,239604,14,Item_8,588f0e10af6c0214789b033ce1efedaefb7d973818782a3971f660e2393c67b3
10K-V2-XC-004,cross_company,2,ATER,2024,10-K,0001437749-24-008398,Item_8,239605,15,Item_8,938a47b539bf320acd81c4b37f2ffe3117086d11f74303aeb422282356b396f6
10K-V2-XC-004,cross_company,2,ATER,2024,10-K,0001437749-24-008398,Item_8,239606,16,Item_8,965371758f61295dcdc07cd2b9eec51d6d418641f4ba807cc3c574552d11086b
10K-V2-XC-004,cross_company,2,ATER,2024,10-K,0001437749-24-008398,Item_8,239607,17,Item_8,c2a3d83b96de5281c9f1e81cdbbab179648d2f2c69991caa45e8de430c2ddebf
10K-V2-XC-004,cross_company,2,ATER,2024,10-K,0001437749-24-008398,Item_8,239608,18,Item_8,384f7f6c3cbe3dacf4741252fa126b2d88e9e92849b14325b38a48e40a7647a7
10K-V2-XC-004,cross_company,2,ATER,2024,10-K,0001437749-24-008398,Item_8,239609,19,Item_8,9190b77d1364e61fdd482030be21b01c3de9aa5caffc6fd4c0102a4a18d2ca28
10K-V2-XC-004,cross_company,2,ATER,2024,10-K,0001437749-24-008398,Item_8,239610,20,Item_8,f97868921ff20f88e3499edda4a9edc0e01bf7fd48b93ee18742c7b6ad2b1e08
10K-V2-XC-004,cross_company,2,ATER,2024,10-K,0001437749-24-008398,Item_8,239611,21,Item_8,64d0a72864318979b09aa81f4759f68496d9a769473878b7dbfec91e29d8b30e
10K-V2-XC-004,cross_company,2,ATER,2024,10-K,0001437749-24-008398,Item_8,239612,22,Item_8,a181517d613dc2d71b47f6db55223930194ae77e9c3b34854c767b1ce2e8b083
10K-V2-XC-004,cross_company,2,ATER,2024,10-K,0001437749-24-008398,Item_8,239613,23,Item_8,1c49ed4a77953e5078eda554ce7d33b479aa5565fb9e22eadd33b4bb1aa05a2e
10K-V2-XC-004,cross_company,2,ATER,2024,10-K,0001437749-24-008398,Item_8,239614,24,Item_8,9bdc4396cbdf8c346378d2ab5c7bea59dcde7bdaaec813c6f920d290bb63a842
10K-V2-XC-004,cross_company,2,ATER,2024,10-K,0001437749-24-008398,Item_8,239615,25,Item_8,1a89a58a710abc227c72cf2aa1a7af70b05bff1a77dc00a29f2d223ac251982e
10K-V2-XC-004,cross_company,2,ATER,2024,10-K,0001437749-24-008398,Item_8,239616,26,Item_8,9d177387d32994653b8f7bd472681ca15538000441dee99eec6e6e52842fd030
10K-V2-XC-004,cross_company,2,ATER,2024,10-K,0001437749-24-008398,Item_8,239617,27,Item_8,1dbf1c2dc027374033cb0535a185587e53fedfa9e6dd86ed48ac04fdd02d7e5c
10K-V2-XC-004,cross_company,2,ATER,2024,10-K,0001437749-24-008398,Item_8,239618,28,Item_8,b9aceb8b4dc8e2c5f9c076c5f5a20fced222c7a5ca486106c95c79e9b06f4d0e
10K-V2-XC-004,cross_company,2,ATER,2024,10-K,0001437749-24-008398,Item_8,239619,29,Item_8,c73f14a44a2f7194ea60791bc2684e472f095402507d67135c6dd32f844a7570
10K-V2-XC-004,cross_company,2,ATER,2024,10-K,0001437749-24-008398,Item_8,239620,30,Item_8,969b4907548cec339c2f0e3639ca546cf0c84e64c3b15fddc213114aa2046490
10K-V2-XC-004,cross_company,2,ATER,2024,10-K,0001437749-24-008398,Item_8,239621,31,Item_8,1bc46fa0e43b1f3dcbeaa252f21d556a817de098e419a5c185ba54a0223cf724
10K-V2-XC-004,cross_company,2,ATER,2024,10-K,0001437749-24-008398,Item_8,239622,32,Item_8,5587ef62c685cfd1eead0afa724b6a358f0357339540d8219c981186e6f2ead2
10K-V2-XC-004,cross_company,2,ATER,2024,10-K,0001437749-24-008398,Item_8,239623,33,Item_8,1d925be8b0ba031e0bb6d114e2a19357b407903e0dceecc642c0c63d2f6b67ab
10K-V2-XC-004,cross_company,2,ATER,2024,10-K,0001437749-24-008398,Item_8,239624,34,Item_8,6be2cd5ff716d81727b983273063c5bb147cb24426825840c56e1e5f0e0e4187
10K-V2-XC-004,cross_company,2,ATER,2024,10-K,0001437749-24-008398,Item_8,239625,35,Item_8,8e531ec7ee9c7aeefe3fd6695853f44b37e2da5bdc595f3beafcd86a972665dd
10K-V2-XC-004,cross_company,2,ATER,2024,10-K,0001437749-24-008398,Item_8,239626,36,Item_8,df2f362c275d54bd1a6cf0e6c3090f9c02ef8bdb624da050b4b3f25549449ed9
10K-V2-XC-004,cross_company,2,ATER,2024,10-K,0001437749-24-008398,Item_8,239627,37,Item_8,2d7945e03214a73741e5dc5ead738243c54b0722960e1633fab4ff7dd36ad0af
10K-V2-XC-004,cross_company,2,ATER,2024,10-K,0001437749-24-008398,Item_8,239628,38,Item_8,494c7f68e26fafb04f480578a53391d5dc49413131e2f48471c53a76f4b1e8f5
10K-V2-XC-004,cross_company,2,ATER,2024,10-K,0001437749-24-008398,Item_8,239629,39,Item_8,31f48b2ffca6e42c0bb15c8509e010ee6b91117f75e10d18dc1e87d431010ce5
10K-V2-XC-004,cross_company,2,ATER,2024,10-K,0001437749-24-008398,Item_8,239630,40,Item_8,64ff9d8a903e4593e7daf1aee1e9418cec9133cd3597ee88f1aae674d67d0a7d
10K-V2-XC-004,cross_company,2,ATER,2024,10-K,0001437749-24-008398,Item_8,239631,41,Item_8,5817191f120b6bae5444cc017e0ded89b627c9fd91cfee35946b19a5302e0d06
10K-V2-XC-004,cross_company,2,ATER,2024,10-K,0001437749-24-008398,Item_8,239632,42,Item_8,e04d1f9f5ef4461b797de535540138b77a26407888da01759dc64251403fd419
10K-V2-XC-004,cross_company,2,ATER,2024,10-K,0001437749-24-008398,Item_8,239633,43,Item_8,752a33738ac931e1ce695d1a428b12d4e77edfdc611177f9af67c7efc3fec25c
10K-V2-XC-004,cross_company,2,ATER,2024,10-K,0001437749-24-008398,Item_8,239634,44,Item_8,d1ddeee79254de1f1205ab1b83969c37ae92fa0983868dc15a6b62634e272046
10K-V2-XC-004,cross_company,2,ATER,2024,10-K,0001437749-24-008398,Item_8,239635,45,Item_8,d01f6dbca7be102299644df978f5588a140a49a41949f4d9c90ada28a849437c
10K-V2-XC-004,cross_company,2,ATER,2024,10-K,0001437749-24-008398,Item_8,239636,46,Item_8,f5ddc5cfbb3aed6c47235bef6b7a8edb793af7d6942355a7b81a77aa0169705c
10K-V2-XC-004,cross_company,2,ATER,2024,10-K,0001437749-24-008398,Item_8,239637,47,Item_8,e9f5f09c0dc640c0c5e10fc41b1e9373e08d671319822f0be4ac409d1dac9213
10K-V2-XC-004,cross_company,2,ATER,2024,10-K,0001437749-24-008398,Item_8,239638,48,Item_8,3a633f7726eadcb06195306278429ef5b17f345c2ca41478d9299ad9c18efbb6
10K-V2-XC-004,cross_company,2,ATER,2024,10-K,0001437749-24-008398,Item_8,239639,49,Item_8,10a5ae86a0ae12c85b7f3dc6d7c306c39c453e0b690c532de9dd3f7ab125de65
10K-V2-XC-004,cross_company,2,ATER,2024,10-K,0001437749-24-008398,Item_8,239640,50,Item_8,0b4ec548a58421a222459c4d80d4814de10e5d3383b39c2a383c3f17e7311064
10K-V2-XC-004,cross_company,2,ATER,2024,10-K,0001437749-24-008398,Item_8,239641,51,Item_8,4a864a7c282a00a267032d6d062c660ddca789e4944c2dcb50b400207a09b8dc
10K-V2-XC-004,cross_company,2,ATER,2024,10-K,0001437749-24-008398,Item_8,239642,52,Item_8,7a094101af829b0f8e285f83e53a7799c126ec236078e1363294b7ac4394e4db
10K-V2-XC-004,cross_company,2,ATER,2024,10-K,0001437749-24-008398,Item_8,239643,53,Item_8,0f52ddc13523e790f8236e3c537c137c4af0a5a343e3b772a31c8a281af39c8d
10K-V2-XC-004,cross_company,2,ATER,2024,10-K,0001437749-24-008398,Item_8,239644,54,Item_8,e86e93a0223a600debf977b647977699ff4edfd10b5fbddfae1e2026c89e7781
10K-V2-XC-004,cross_company,2,ATER,2024,10-K,0001437749-24-008398,Item_8,239645,55,Item_8,1411a71768ecbf31bfb81068f80fb3ca957bafe8b1eb6d6258e246b078aadc81
10K-V2-XC-004,cross_company,2,ATER,2024,10-K,0001437749-24-008398,Item_8,239646,56,Item_8,fc35a5889ff7638520162ea84646d468e9612a1b8240113ef26779886313ef30
10K-V2-XC-004,cross_company,2,ATER,2024,10-K,0001437749-24-008398,Item_8,239647,57,Item_8,2752f23508217fd0cf4ac5a2d9a8a2dac188b272185b8bde51338a5615e2c604
10K-V2-XC-004,cross_company,2,ATER,2024,10-K,0001437749-24-008398,Item_8,239648,58,Item_8,79e9814dcdb07adfedd79d561bb348cbce722a7c022685e0d2d65737e2a4cda7
10K-V2-XC-004,cross_company,2,ATER,2024,10-K,0001437749-24-008398,Item_8,239649,59,Item_8,3ef0edf97821ea89ff3b4a84ce4ae450324ea8a3c7ca1806c819c8a5dde82c54
10K-V2-XC-004,cross_company,2,ATER,2024,10-K,0001437749-24-008398,Item_8,239650,60,Item_8,706f862142577d0bc365ca84631876cd38f8740f3a2f097efaedfc34ee8b47ae
10K-V2-XC-004,cross_company,2,ATER,2024,10-K,0001437749-24-008398,Item_8,239651,61,Item_8,b1efc67e17d90c565fe46c9229b9bfd45a600e8652bc63b651a9aafccd54533d
10K-V2-XC-004,cross_company,2,ATER,2024,10-K,0001437749-24-008398,Item_8,239652,62,Item_8,7b53c413d2f1a98510ea653c8d17a8aa7b4a56898669402de3e16f048ca41e3c
10K-V2-XC-004,cross_company,2,ATER,2024,10-K,0001437749-24-008398,Item_8,239653,63,Item_8,201bae15d5f0de2c95b2caeaadeff8d2c28c4ab4c937fde8f721d6dd6d42758c
10K-V2-XC-004,cross_company,2,ATER,2024,10-K,0001437749-24-008398,Item_8,239654,64,Item_8,99c34a87ed0d23f1236cbe0a3cf1c41f1f33a2594af40fd9eb1ff28e438bde60
10K-V2-XC-004,cross_company,2,ATER,2024,10-K,0001437749-24-008398,Item_8,239655,65,Item_8,21ccddacf089fed3056284feb4770ea0dce1f0e6281effbd3c016adbbf2c5654
10K-V2-XC-004,cross_company,2,ATER,2024,10-K,0001437749-24-008398,Item_8,239656,66,Item_8,cccbc169e79e1d98453b51254e346ea4076776b6d168449c10c081c473bcba81
10K-V2-XC-004,cross_company,2,ATER,2024,10-K,0001437749-24-008398,Item_8,239657,67,Item_8,a6030fb580e24ebe314ebdc7d821c138e233a8013d8222454c178cbad1c79e7f
10K-V2-XC-004,cross_company,2,ATER,2024,10-K,0001437749-24-008398,Item_8,239658,68,Item_8,90d142117adfc04ae7cb77fac197aeabef167c2ba0b1e361b2ce8d767195b3a1
10K-V2-TC-001,time_change,1,ORBS,2026,10-K,0001493152-26-016664,Item_7,304832,0,Item_7,73d0d6ba13935766fd943c620d8301c662933f583450f444dd0cc423ff491571
10K-V2-TC-001,time_change,1,ORBS,2026,10-K,0001493152-26-016664,Item_7,304833,1,Item_7,296e1d1c674141d9f4347b48ec2219175e6c12b60a85b332be5ac950f238710f
10K-V2-TC-001,time_change,1,ORBS,2026,10-K,0001493152-26-016664,Item_7,304834,2,Item_7,d8afb4c3deb4f2f0ca8c25490714856a5a0c37fd3518a834b52576575ad7f261
10K-V2-TC-001,time_change,1,ORBS,2026,10-K,0001493152-26-016664,Item_7,304835,3,Item_7,faf922ec9afaf8992d7dad7b63033eac4e17ee94e98993795607c0b904452a0a
10K-V2-TC-001,time_change,1,ORBS,2026,10-K,0001493152-26-016664,Item_7,304836,4,Item_7,dd1370b83a9ff47ee36b4ea2004db6ee21bfceb316ba094029b442f7db58f699
10K-V2-TC-001,time_change,1,ORBS,2026,10-K,0001493152-26-016664,Item_7,304837,5,Item_7,ab4d9060efdb70a05d20b7cc6953c0f701f2ce3a8b0c69968211b659483a1ec3
10K-V2-TC-001,time_change,1,ORBS,2026,10-K,0001493152-26-016664,Item_7,304838,6,Item_7,df01b3f705ab23258e51eeb1fb9356a004e2d60a2e7447f20d3c6b8a3134726a
10K-V2-TC-001,time_change,1,ORBS,2026,10-K,0001493152-26-016664,Item_7,304839,7,Item_7,8825ff964777bd6cc2a0adb9722ec2d684809b258489857e6a23aa7c17ab40ca
10K-V2-TC-001,time_change,1,ORBS,2026,10-K,0001493152-26-016664,Item_7,304840,8,Item_7,83cc9278c40610296126610c417c04544b50a1e8e66c923f3fec7beb6c882efe
10K-V2-TC-001,time_change,1,ORBS,2026,10-K,0001493152-26-016664,Item_7,304841,9,Item_7,95def4d0d1e2bd9b3a06cdc426b92845d2d48cce854f3e13ee0d8eeee69ac734
10K-V2-TC-001,time_change,1,ORBS,2026,10-K,0001493152-26-016664,Item_7,304842,10,Item_7,78c7f8379f2cd3d6419c8ea8351dfd2f697a54da85a075838a71cf18c276208b
10K-V2-TC-001,time_change,1,ORBS,2026,10-K,0001493152-26-016664,Item_7,304843,11,Item_7,fff3a30ba4cfc2a6c3a7288dd793013fee6b63f1e203023bc843f55294d2a6f1
10K-V2-TC-001,time_change,1,ORBS,2026,10-K,0001493152-26-016664,Item_7,304844,12,Item_7,c6c7467214556499a501eac858b2824c5de3781cf8feb1cd2712477c6355ca0f
10K-V2-TC-001,time_change,1,ORBS,2026,10-K,0001493152-26-016664,Item_7,304845,13,Item_7,bf71649228da367156676e868faf72e8f6e24b4dac2713d7e4b65a02d7ad7330
10K-V2-TC-001,time_change,1,ORBS,2026,10-K,0001493152-26-016664,Item_7,304846,14,Item_7,b9c00a9cf2d212182606ab89f24b9b39018c66037c353e4c7044dee5d7e74382
10K-V2-TC-001,time_change,1,ORBS,2026,10-K,0001493152-26-016664,Item_7,304847,15,Item_7,c711365c3c99730397d4ca24011c527d5318b90a617f624766d274d60730e37a
10K-V2-TC-001,time_change,1,ORBS,2026,10-K,0001493152-26-016664,Item_7,304848,16,Item_7,9f8db2eb110bed3c77c02ce95b12a4c4884747a8b68eaf9ce407e25597d4ca44
10K-V2-TC-001,time_change,1,ORBS,2026,10-K,0001493152-26-016664,Item_7,304849,17,Item_7,76cefa54d032b5b80cfead20238774af27f7cced95a9b93bd030197b9ed68ee4
10K-V2-TC-001,time_change,1,ORBS,2026,10-K,0001493152-26-016664,Item_7,304850,18,Item_7,00bfb9ee5d52f7c91c16c35982a8ac7828af7dc6fa6b014ee1684519a3a0b1e8
10K-V2-TC-001,time_change,1,ORBS,2026,10-K,0001493152-26-016664,Item_7,304851,19,Item_7,a00a6c6a39aa710b2d526d3fbd42805fece02df7f4e6f0bd3ad5061c2b0579c3
10K-V2-TC-001,time_change,1,ORBS,2026,10-K,0001493152-26-016664,Item_7,304852,20,Item_7,91a353a21d45acd06262ff35ca53c470e95212c033803e0cd89611ea8e5addaf
10K-V2-TC-001,time_change,1,ORBS,2026,10-K,0001493152-26-016664,Item_7,304853,21,Item_7,61cf43b6334c9f60792cb0ff4c858ce35b3c7474229cd98c957f31d6be663bf4
10K-V2-TC-001,time_change,1,ORBS,2026,10-K,0001493152-26-016664,Item_7,304854,22,Item_7,4812a8d9a8ce36f8ea3dd85f73dd4be5aac2a3b2eebe2f777d1972f1fdb61ac3
10K-V2-TC-001,time_change,1,ORBS,2026,10-K,0001493152-26-016664,Item_7,304855,23,Item_7,59c9f793566961743fe62c9f55f7e1f3060fda3f7cd65eae7e4f940776b6400c
10K-V2-TC-001,time_change,1,ORBS,2026,10-K,0001493152-26-016664,Item_7,304856,24,Item_7,5ba0e09b59ceb4da5f78ef8b032babb38b2cdec787305bed02d81f88b1b737eb
10K-V2-TC-001,time_change,1,ORBS,2026,10-K,0001493152-26-016664,Item_7,304857,25,Item_7,5c2310eea0ad07f9453fc360ae99378c5542987d6280a1621a7602b3209699aa
10K-V2-TC-001,time_change,1,ORBS,2026,10-K,0001493152-26-016664,Item_7,304858,26,Item_7,e2c05bde8913de657cf567cf6c097cb28f729cf7e971e43e92cc332f1977ca64
10K-V2-TC-001,time_change,1,ORBS,2026,10-K,0001493152-26-016664,Item_7,304859,27,Item_7,498b25fc56c7ee981c68854ad907381d557758a3b9efb8125a28db12fc43e18a
10K-V2-TC-001,time_change,1,ORBS,2026,10-K,0001493152-26-016664,Item_7,304860,28,Item_7,25ad79c7b5d7783c124d2a52780eafc4d38a118855d1e24a35ed7bf7227b9923
10K-V2-TC-002,time_change,1,VFC,2024,10-K,0000103379-24-000008,Item_7,332956,0,Item_7,c773993410c227cdf53b9f7ec91885a78e545c50b54cedf6ba328329362b1947
10K-V2-TC-002,time_change,1,VFC,2024,10-K,0000103379-24-000008,Item_7,332957,1,Item_7,2fb53bc5340e2de3c077459fce27948dd13781643cc8052dde1d41a104fac45f
10K-V2-TC-002,time_change,1,VFC,2024,10-K,0000103379-24-000008,Item_7,332958,2,Item_7,ae3cf60feb6a6745c238b6fa2b894c01bbd565d26cede91671349a5d5cab641a
10K-V2-TC-002,time_change,1,VFC,2024,10-K,0000103379-24-000008,Item_7,332959,3,Item_7,4081769546a62e2c1069a6cf0c6024b1f402f827f5825eb010dd4b855667a2ad
10K-V2-TC-002,time_change,1,VFC,2024,10-K,0000103379-24-000008,Item_7,332960,4,Item_7,ffdd4bc47a10b001e5d64424d4089f1a555c9127f7bdbdf57fc083b28dfe3cab
10K-V2-TC-002,time_change,1,VFC,2024,10-K,0000103379-24-000008,Item_7,332961,5,Item_7,0eeed941c870ceb8217baf624b5b4e6f5a3f8a9cfacdb07dc489475cfe652698
10K-V2-TC-002,time_change,1,VFC,2024,10-K,0000103379-24-000008,Item_7,332962,6,Item_7,19fc508358d706dbe415e8d9f3257766f9d6a62da2b2124b881e238a3612b6ce
10K-V2-TC-002,time_change,1,VFC,2024,10-K,0000103379-24-000008,Item_7,332963,7,Item_7,f2c20ffa5cf878966d9e3c48099da8ca2eedd1d6015703bc71d7241b688f69f9
10K-V2-TC-002,time_change,1,VFC,2024,10-K,0000103379-24-000008,Item_7,332964,8,Item_7,5e2ad0d06d3ffa1b8765248fd9cf7bd8852cfd3bac0ebf77484f9a642a6232ce
10K-V2-TC-002,time_change,1,VFC,2024,10-K,0000103379-24-000008,Item_7,332965,9,Item_7,44a3a8590dc1486500902d83afb33cba479eb1278e8d6d8fcec1950c934cabaf
10K-V2-TC-002,time_change,1,VFC,2024,10-K,0000103379-24-000008,Item_7,332966,10,Item_7,a3028999658eec019af7daae80fc9a0dff220f42570e1c3a49124916cda66bea
10K-V2-TC-002,time_change,1,VFC,2024,10-K,0000103379-24-000008,Item_7,332967,11,Item_7,9c2ba204eafbe6d77bc6dfbaee60166fc5d58e7c4b5950f38654aa5eb6419e07
10K-V2-TC-002,time_change,1,VFC,2024,10-K,0000103379-24-000008,Item_7,332968,12,Item_7,29de6bfeb07436497a9be9e6546953cadab3ee02310be70f5720e45f1f76001a
10K-V2-TC-002,time_change,1,VFC,2024,10-K,0000103379-24-000008,Item_7,332969,13,Item_7,6eeac67fc61a656d9633d99c6ea83de1dcb223d85bdbfcb58677f91bce71ae91
10K-V2-TC-002,time_change,1,VFC,2024,10-K,0000103379-24-000008,Item_7,332970,14,Item_7,723e6016c3409d89eb8ccad89e25627da0ff3b0eb86bcc344cafcded3331f09c
10K-V2-TC-002,time_change,1,VFC,2024,10-K,0000103379-24-000008,Item_7,332971,15,Item_7,693b4ea03d4972fece9cdd5230d7eb4258504fffde98b0b8b77f5cee6cef68d3
10K-V2-TC-002,time_change,1,VFC,2024,10-K,0000103379-24-000008,Item_7,332972,16,Item_7,f4ba084d7ea7b573e8abbd0cbc952b9429601b0b05ed070717f73d6a77d8e1ef
10K-V2-TC-002,time_change,1,VFC,2024,10-K,0000103379-24-000008,Item_7,332973,17,Item_7,58a4e8b7c6cdb75583d95dc48421549cc6f75adc7de1cb149fd252d00ceaf6e1
10K-V2-TC-002,time_change,1,VFC,2024,10-K,0000103379-24-000008,Item_7,332974,18,Item_7,01fef23f35555abd026cb2c93e7a60a992f959a573a2676314d22176c31a44b1
10K-V2-TC-002,time_change,1,VFC,2024,10-K,0000103379-24-000008,Item_7,332975,19,Item_7,756836e04d46927e7602deca3172166d85188baabf077e019dd657bdc1c77017
10K-V2-TC-002,time_change,1,VFC,2024,10-K,0000103379-24-000008,Item_7,332976,20,Item_7,b6db31f220ab4b3e2577cf1266e38fca0f70ca49e88b71b5fadf66e9d72ee8eb
10K-V2-TC-002,time_change,1,VFC,2024,10-K,0000103379-24-000008,Item_7,332977,21,Item_7,1f13a3fb91cd13ef06324897881bcb699fb84a88848381558abf055bf6bb8712
10K-V2-TC-002,time_change,1,VFC,2024,10-K,0000103379-24-000008,Item_7,332978,22,Item_7,cacbde603aee9d44e8c8cb426414c14b7616a731498e0bc36bc6c430dcdc2a9e
10K-V2-TC-002,time_change,1,VFC,2024,10-K,0000103379-24-000008,Item_7,332979,23,Item_7,8f7d6ee97502b2dae745158e52ad41c23d8b82d9213baad3c14da6dbe86cb413
10K-V2-TC-002,time_change,1,VFC,2024,10-K,0000103379-24-000008,Item_7,332980,24,Item_7,f5cfa763365f2ab7adc3d674258caa0b95afff707361938fc370c1c8b2968fca
10K-V2-TC-002,time_change,1,VFC,2024,10-K,0000103379-24-000008,Item_7,332981,25,Item_7,0da89168109ed7908642b7c2745a35a46c206e9243eb8b53bdabf08ad90c52f5
10K-V2-TC-002,time_change,1,VFC,2024,10-K,0000103379-24-000008,Item_7,332982,26,Item_7,7a18b2a4cebd886a487cbcfa1e422ef8fec0447f510abd2e866f84925dc578ac
10K-V2-TC-002,time_change,1,VFC,2024,10-K,0000103379-24-000008,Item_7,332983,27,Item_7,17a73b5c936466f483749f7c7e6c9c9ae9d6a6f0c33089f1bfc9e14c1b389423
10K-V2-TC-002,time_change,1,VFC,2024,10-K,0000103379-24-000008,Item_7,332984,28,Item_7,411c9a7b46ac5c858d506ff215b457b5e7440ef6e8c1a79d58afa5f68e2abb46
10K-V2-TC-002,time_change,1,VFC,2024,10-K,0000103379-24-000008,Item_7,332985,29,Item_7,f8982b58db8fc74bf1ebdb2a6a47de83c86485fea450a6a8df6f04ed3a094284
10K-V2-TC-002,time_change,1,VFC,2024,10-K,0000103379-24-000008,Item_7,332986,30,Item_7,20543a5c6cd93db2267d9677f28b261295dcca9c6226ce42225bc1497ea32538
10K-V2-TC-002,time_change,1,VFC,2024,10-K,0000103379-24-000008,Item_7,332987,31,Item_7,9ba25e63e21b2ce30ab54878ab18f9207ed86e3a58593093c5f5ffbdae4b64ce
10K-V2-TC-002,time_change,1,VFC,2024,10-K,0000103379-24-000008,Item_7,332988,32,Item_7,24c77a6d3cfd945ca88f6e00360cb379427d8c982fadf71105e87e4a563e0b97
10K-V2-TC-002,time_change,1,VFC,2024,10-K,0000103379-24-000008,Item_7,332989,33,Item_7,35fc8da3566ecffa945dfba40b3045f123443863861abde9af2e6b6fd876817a
10K-V2-TC-002,time_change,1,VFC,2024,10-K,0000103379-24-000008,Item_7,332990,34,Item_7,7fd2fb56afee5900bcef4b9b753ec1a0fd403a90eca132e29ede2db47f4a6580
10K-V2-TC-002,time_change,1,VFC,2024,10-K,0000103379-24-000008,Item_7,332991,35,Item_7,f50f951ec7873251b1422e84f9914021f1f65aa1c560e3a0774b7f92516dcdcf
10K-V2-TC-002,time_change,1,VFC,2024,10-K,0000103379-24-000008,Item_7,332992,36,Item_7,415e1bd54ae3c2f77ca577d2b6b4198d667a1a21d7925ef6801e241a84e6411b
10K-V2-TC-002,time_change,1,VFC,2024,10-K,0000103379-24-000008,Item_7,332993,37,Item_7,7ed502a6d2dc7d9bc9f4d1e5d6e7037491ecccb10ce24917a6bff8278560d237
10K-V2-TC-002,time_change,1,VFC,2024,10-K,0000103379-24-000008,Item_7,332994,38,Item_7,78fbbe1e86f255f16b818165ca0ac4cdb87d344f676355300620556bd6cf0326
10K-V2-TC-002,time_change,1,VFC,2024,10-K,0000103379-24-000008,Item_7,332995,39,Item_7,e32110de86af4cfad4563338d47dd4a2e38280a70cfc16b07335f2d461e787ad
10K-V2-TC-002,time_change,1,VFC,2024,10-K,0000103379-24-000008,Item_7,332996,40,Item_7,cd6dce13161627b6db0f1d8b7796b07257961b34455324c37b06fa6c007908ac
10K-V2-TC-002,time_change,1,VFC,2024,10-K,0000103379-24-000008,Item_7,332997,41,Item_7,21b8d717ef6a38361347943b66410f59aa6278da92e97cc957eeda0f2e2021b3
10K-V2-TC-003,time_change,1,EBAY,2024,10-K,0001065088-24-000036,Item_1A,266325,0,Item_1A,93012cda512bec608eacd5f73ed9f2c3cbbc2ae916d84870c9e773b72e54640e
10K-V2-TC-003,time_change,1,EBAY,2024,10-K,0001065088-24-000036,Item_1A,266326,1,Item_1A,ee8416f8480399e2dbe3682cd9529731998a09513743eeb33729b138b4c78f9f
10K-V2-TC-003,time_change,1,EBAY,2024,10-K,0001065088-24-000036,Item_1A,266327,2,Item_1A,830d8ba616337f5fcb1058818bde0ce34731a5f137a46ef95a54a5dd3dcf0570
10K-V2-TC-003,time_change,1,EBAY,2024,10-K,0001065088-24-000036,Item_1A,266328,3,Item_1A,8d50015f003283072875bb45905fa32928d1d4b1e71c80536e2bc02dd0e881a3
10K-V2-TC-003,time_change,1,EBAY,2024,10-K,0001065088-24-000036,Item_1A,266329,4,Item_1A,ce20f263acc128476e24444258c71609b594e352690561eee2c1fcc84ad8c3a8
10K-V2-TC-003,time_change,1,EBAY,2024,10-K,0001065088-24-000036,Item_1A,266330,5,Item_1A,6b5840efd7f9871778c276c087f722cdc0983e67c91c545bc1c43b32e8d8f87d
10K-V2-TC-003,time_change,1,EBAY,2024,10-K,0001065088-24-000036,Item_1A,266331,6,Item_1A,10cd16a24095c1857734472e1de465f5d0754689efc9a3e4252b97024bf2f53d
10K-V2-TC-003,time_change,1,EBAY,2024,10-K,0001065088-24-000036,Item_1A,266332,7,Item_1A,d71392d849c6e0829b62620fe21292dac62d7927e1566f69fe9a4d5bd651ae8c
10K-V2-TC-003,time_change,1,EBAY,2024,10-K,0001065088-24-000036,Item_1A,266333,8,Item_1A,48be1b7d495175c46262d80587a630a8018e58d778ad6078e7392d9d2530cbe3
10K-V2-TC-003,time_change,1,EBAY,2024,10-K,0001065088-24-000036,Item_1A,266334,9,Item_1A,3edbcc6b75a5194bcbd9d218b3ee10e72e4cd0f4d3c2c220c9d04b353854508e
10K-V2-TC-003,time_change,1,EBAY,2024,10-K,0001065088-24-000036,Item_1A,266335,10,Item_1A,3b5fbc1275f809b47995f02e915b71dd1560d056390751eec3055083967414fc
10K-V2-TC-003,time_change,1,EBAY,2024,10-K,0001065088-24-000036,Item_1A,266336,11,Item_1A,a9722bf6e11dae83c0ff3d82fa8d193e856e56e51920f4c432b5d26c1c602740
10K-V2-TC-003,time_change,1,EBAY,2024,10-K,0001065088-24-000036,Item_1A,266337,12,Item_1A,33435e4947db27a1e7028c94ae82c1373aa9d82680a95cbdb030909a1e23ea5f
10K-V2-TC-003,time_change,1,EBAY,2024,10-K,0001065088-24-000036,Item_1A,266338,13,Item_1A,69106f20847caa32223514eace3f7204f4b19add0c1479509288966b03656de3
10K-V2-TC-003,time_change,1,EBAY,2024,10-K,0001065088-24-000036,Item_1A,266339,14,Item_1A,ad396e31a4b8a0d6c24bc028b21a66b8c06994726324c36dc4e2afc1ade5ba46
10K-V2-TC-003,time_change,1,EBAY,2024,10-K,0001065088-24-000036,Item_1A,266340,15,Item_1A,80f3726541d9db9ad2355021d53000a8686f45f6bd13d4ea465d3cafa81c2ee2
10K-V2-TC-003,time_change,1,EBAY,2024,10-K,0001065088-24-000036,Item_1A,266341,16,Item_1A,0646719a69ac1c4955a8f4a1681f982612841d0a06df590478e8def5ba826f59
10K-V2-TC-003,time_change,1,EBAY,2024,10-K,0001065088-24-000036,Item_1A,266342,17,Item_1A,6a2d640223f1129638052e6efede1b6f5501e4dc191f2600b34f10608b9dafe6
10K-V2-TC-003,time_change,1,EBAY,2024,10-K,0001065088-24-000036,Item_1A,266343,18,Item_1A,1d4ed2a89933343399c4205a4c9ab61e1f3ab8138f3faccab9f694769d925507
10K-V2-TC-003,time_change,1,EBAY,2024,10-K,0001065088-24-000036,Item_1A,266344,19,Item_1A,3ff0ae928d731b0ae5020521d8dd673c831c26bb12f8aa54c0b4f41ff9e37f77
10K-V2-TC-003,time_change,1,EBAY,2024,10-K,0001065088-24-000036,Item_1A,266345,20,Item_1A,7c747bae318c6047cff6aa311ecfe0f67a188c11832e9c17f8f88d24cc7ea78d
10K-V2-TC-003,time_change,1,EBAY,2024,10-K,0001065088-24-000036,Item_1A,266346,21,Item_1A,9419a7338baccdc5e958a50d7a3678e40956522b7048b3f52143507cf4e1b4e1
10K-V2-TC-003,time_change,1,EBAY,2024,10-K,0001065088-24-000036,Item_1A,266347,22,Item_1A,8751e86bb102072aee4e3245b857573b0330c37b90b9d0e0310b64ae2d254ef8
10K-V2-TC-003,time_change,1,EBAY,2024,10-K,0001065088-24-000036,Item_1A,266348,23,Item_1A,890b3428f5bf96c77f3adaebe57c8ffb1837f3d1f09c4d58ef616396c675a23a
10K-V2-TC-003,time_change,1,EBAY,2024,10-K,0001065088-24-000036,Item_1A,266349,24,Item_1A,f5dddd0f966984121e77a2d21ec36943175139be68c2521a0e0ea9db1ade05e2
10K-V2-TC-003,time_change,1,EBAY,2024,10-K,0001065088-24-000036,Item_1A,266350,25,Item_1A,24fecd263e7c68113e41813155ef9ff7eaa9e7bdc563e6514ed8e822602a079c
10K-V2-TC-003,time_change,1,EBAY,2024,10-K,0001065088-24-000036,Item_1A,266351,26,Item_1A,d4917a588a5cd358329dee3c82d19980d695df2f93def100114e923b28570fb0
10K-V2-TC-003,time_change,1,EBAY,2024,10-K,0001065088-24-000036,Item_1A,266352,27,Item_1A,2cd1a4913868417d5dfb3ad24f9da4f629e7a7fa6e29f2de5881434d7047234f
10K-V2-TC-003,time_change,1,EBAY,2024,10-K,0001065088-24-000036,Item_1A,266353,28,Item_1A,c72322c4e5e6604d96b06899219de72134bd62e7335f0060bfb2078023a920a4
10K-V2-TC-003,time_change,1,EBAY,2024,10-K,0001065088-24-000036,Item_1A,266354,29,Item_1A,55ebfedd74dd5fdfda1772ae51eef5aa775e0b2f851d2e021a85c971f0f8a02e
10K-V2-TC-003,time_change,1,EBAY,2024,10-K,0001065088-24-000036,Item_1A,266355,30,Item_1A,35e64b10ff5319a75b1eb974f1eb3e3a56d02bd9514173893527c92d306da8f7
10K-V2-TC-003,time_change,1,EBAY,2024,10-K,0001065088-24-000036,Item_1A,266356,31,Item_1A,a65273e759f39eba23786913170cb9c25e6f453cbefc905a6162dfbacc711278
10K-V2-TC-003,time_change,1,EBAY,2024,10-K,0001065088-24-000036,Item_1A,266357,32,Item_1A,7308f6c97a54445cf07b07e0b647606e041c47de922fe653944dcb8f482d01b4
10K-V2-TC-003,time_change,1,EBAY,2024,10-K,0001065088-24-000036,Item_1A,266358,33,Item_1A,c4de78a49d34814040b496cfade5c33d5d4e4ff1ed5e5c672919dc7fcc524df5
10K-V2-TC-003,time_change,1,EBAY,2024,10-K,0001065088-24-000036,Item_1A,266359,34,Item_1A,90903942e92f72d1c17db06862af10604b33ca12a302bf38c05fa057f24c10ce
10K-V2-TC-003,time_change,1,EBAY,2024,10-K,0001065088-24-000036,Item_1A,266360,35,Item_1A,b9cb86baa8e39553285d721b0f6d99b31354d0b3fa1e863ff6a369d17f3280a7
10K-V2-TC-003,time_change,1,EBAY,2024,10-K,0001065088-24-000036,Item_1A,266361,36,Item_1A,d5bfd4d5faf341727694a237c429e78278f024485c5164dd11c149c52002695c
10K-V2-TC-003,time_change,1,EBAY,2024,10-K,0001065088-24-000036,Item_1A,266362,37,Item_1A,89bf015c7f31cc30a8f7a5323b6e6852e7303bf0d30a8d9a654d7fe4d3adbe03
10K-V2-TC-003,time_change,1,EBAY,2024,10-K,0001065088-24-000036,Item_1A,266363,38,Item_1A,e61141b30e004feb9398825ccd9d9a48138870824acff9fb2b4493f184eea9e9
10K-V2-TC-003,time_change,1,EBAY,2024,10-K,0001065088-24-000036,Item_1A,266364,39,Item_1A,129712923b2c822e1c0ebd5947da5fe0f3e9dee997ab44af8d7728f9c51625e5
10K-V2-TC-003,time_change,2,EBAY,2026,10-K,0001065088-26-000027,Item_1A,266779,0,Item_1A,a4ff037cc77c83720949d0d684ce85bb7f6ed60b7d730a31690c462ec44db673
10K-V2-TC-003,time_change,2,EBAY,2026,10-K,0001065088-26-000027,Item_1A,266780,1,Item_1A,e2cc3befce2f88cc98d82d966fa0ac1295b6a04f048e169a0981245e878e130d
10K-V2-TC-003,time_change,2,EBAY,2026,10-K,0001065088-26-000027,Item_1A,266781,2,Item_1A,926bd13bbe8b6f8dfe23990ce264981708f35b8e4269f57f5a68d87bffa2d47d
10K-V2-TC-003,time_change,2,EBAY,2026,10-K,0001065088-26-000027,Item_1A,266782,3,Item_1A,a996ee11ff14626b64f6abe012678f08e7cd55e718149024517867497ff7d636
10K-V2-TC-003,time_change,2,EBAY,2026,10-K,0001065088-26-000027,Item_1A,266783,4,Item_1A,c9b42c6da2268dd3afaeea4fdd737cc03a497859f359ebb76fad646dbad0ec18
10K-V2-TC-003,time_change,2,EBAY,2026,10-K,0001065088-26-000027,Item_1A,266784,5,Item_1A,187d4fd9c818ed9fe4d1bcf369acc5c76b03c2c950b09e3d57adacf6996d84f8
10K-V2-TC-003,time_change,2,EBAY,2026,10-K,0001065088-26-000027,Item_1A,266785,6,Item_1A,67b800b2fd3e119406f6bad483423acec456ada4a4c80079f42a2e27c2646a92
10K-V2-TC-003,time_change,2,EBAY,2026,10-K,0001065088-26-000027,Item_1A,266786,7,Item_1A,05b6ef864154d4bd30f9d6e81ee08d4c8ef8465608de4da4a94f09a68d44afd8
10K-V2-TC-003,time_change,2,EBAY,2026,10-K,0001065088-26-000027,Item_1A,266787,8,Item_1A,20c87de059896f290addfaebae2f15944eaba5e86c26d2016ac903ccb7d4fc9a
10K-V2-TC-003,time_change,2,EBAY,2026,10-K,0001065088-26-000027,Item_1A,266788,9,Item_1A,99b1fb4c48dcf1000a2e8da992b1c49d540c6440cbcb6db8e62882ff38157ebd
10K-V2-TC-003,time_change,2,EBAY,2026,10-K,0001065088-26-000027,Item_1A,266789,10,Item_1A,93ea864f2f6abf1922fd3c386f1a25c3571f4c97f8b12d44bae3de602d4f9b26
10K-V2-TC-003,time_change,2,EBAY,2026,10-K,0001065088-26-000027,Item_1A,266790,11,Item_1A,68b8fd17a1470659be0fdf3c3e2c5c6c4b93a6e1bfea6cfdc8801910dc6ac8bc
10K-V2-TC-003,time_change,2,EBAY,2026,10-K,0001065088-26-000027,Item_1A,266791,12,Item_1A,747aa88c9be4802e8a9895c08200231127e49f64fa3728e591ab52b45b9143e6
10K-V2-TC-003,time_change,2,EBAY,2026,10-K,0001065088-26-000027,Item_1A,266792,13,Item_1A,2980e3c1a10a61cf20b5e76877a07b8c53c6d35e0a1db0c2ae45a5cce56f853c
10K-V2-TC-003,time_change,2,EBAY,2026,10-K,0001065088-26-000027,Item_1A,266793,14,Item_1A,d8ac862abfd5682972c4cb387460e110faabc5285cf53fc653c5f400efc72335
10K-V2-TC-003,time_change,2,EBAY,2026,10-K,0001065088-26-000027,Item_1A,266794,15,Item_1A,ac1ecc25dd9d8b9d37fc1a5ebda63438a3e22665e415b1f84d2a58c03d35b9f9
10K-V2-TC-003,time_change,2,EBAY,2026,10-K,0001065088-26-000027,Item_1A,266795,16,Item_1A,f6cf44d088861ba37aa0e85763eae235790a68be87dec72205ad9dadd8cd4539
10K-V2-TC-003,time_change,2,EBAY,2026,10-K,0001065088-26-000027,Item_1A,266796,17,Item_1A,b6ea0e7f871aa567cef9d8360569f1f80492052df0a1ee1fd7b3d3fbc49a1558
10K-V2-TC-003,time_change,2,EBAY,2026,10-K,0001065088-26-000027,Item_1A,266797,18,Item_1A,3173b6d47f60ae8e68653c19993f6b3df2288307b5a000c4262c0d8967a99ebe
10K-V2-TC-003,time_change,2,EBAY,2026,10-K,0001065088-26-000027,Item_1A,266798,19,Item_1A,ff600eae206fa32f1989b8e10ecc8f468288d26e2c9d3deae1f0a2da08de734e
10K-V2-TC-003,time_change,2,EBAY,2026,10-K,0001065088-26-000027,Item_1A,266799,20,Item_1A,0e25426d44fedcad9d854cffe6afd7c8405e78e8002b772e095f1b8857e0539f
10K-V2-TC-003,time_change,2,EBAY,2026,10-K,0001065088-26-000027,Item_1A,266800,21,Item_1A,d08e077c493643c307b82d6bdb0b448b37dfec4d3ea1d2e4abc0206a253394c8
10K-V2-TC-003,time_change,2,EBAY,2026,10-K,0001065088-26-000027,Item_1A,266801,22,Item_1A,794fc4e7c8bd78c182dbf636cd39ee6363e68af5e3af3d1225b3f62fed0f6734
10K-V2-TC-003,time_change,2,EBAY,2026,10-K,0001065088-26-000027,Item_1A,266802,23,Item_1A,83ef7b8d14f848df31fcd3ce0508a3755d2800c18e3725f8c25fc4b3bb6273c7
10K-V2-TC-003,time_change,2,EBAY,2026,10-K,0001065088-26-000027,Item_1A,266803,24,Item_1A,42ab97e1371d4371cecd355bb548476dcae470fa5609dc85402ea85cf51cfe32
10K-V2-TC-003,time_change,2,EBAY,2026,10-K,0001065088-26-000027,Item_1A,266804,25,Item_1A,4f8d9a59059153145428007c608ab3c6e633a19f542477070e7651b480444859
10K-V2-TC-003,time_change,2,EBAY,2026,10-K,0001065088-26-000027,Item_1A,266805,26,Item_1A,641cf3a2db66236e33472bd2529752514e92e199c6bb6d4e76dba8213cda1c89
10K-V2-TC-003,time_change,2,EBAY,2026,10-K,0001065088-26-000027,Item_1A,266806,27,Item_1A,158367a3e3b448e842f82aed790fe99ea16290e07aeb8332d8c34decdad292c0
10K-V2-TC-003,time_change,2,EBAY,2026,10-K,0001065088-26-000027,Item_1A,266807,28,Item_1A,737329d80095876b3ce9ee1a88998ab893b64473631326ac050a58746d7b958d
10K-V2-TC-003,time_change,2,EBAY,2026,10-K,0001065088-26-000027,Item_1A,266808,29,Item_1A,09399d70b94c6d77206bb9a629cb601421a8ecdd34ff4cb0ee5bdfd00ca5b284
10K-V2-TC-003,time_change,2,EBAY,2026,10-K,0001065088-26-000027,Item_1A,266809,30,Item_1A,cb2a1237626b1e671d29aa78e8d2aa2c8a14a69211dfcf01b6e04eaaeed742bc
10K-V2-TC-003,time_change,2,EBAY,2026,10-K,0001065088-26-000027,Item_1A,266810,31,Item_1A,7395e208dca113272dd17015f395a49feada1803a31dc72513841a628d450633
10K-V2-TC-003,time_change,2,EBAY,2026,10-K,0001065088-26-000027,Item_1A,266811,32,Item_1A,04800d75890ba598dd313a6539f0c1c486616cd66acf6240db7e535d24cea269
10K-V2-TC-003,time_change,2,EBAY,2026,10-K,0001065088-26-000027,Item_1A,266812,33,Item_1A,7afb125e02203862c83e117e853222ee6d1d6c5d853202827d1ecd41f56a7218
10K-V2-TC-003,time_change,2,EBAY,2026,10-K,0001065088-26-000027,Item_1A,266813,34,Item_1A,2bf7c6252e863fea168871455dd9d3b70ce7bf48359d65a4ab77c0a329f3fc55
10K-V2-TC-003,time_change,2,EBAY,2026,10-K,0001065088-26-000027,Item_1A,266814,35,Item_1A,8c517d1c3d65738973732ffa41a46e32ec2f695b95adc60f5cd1d2b76677fa10
10K-V2-TC-003,time_change,2,EBAY,2026,10-K,0001065088-26-000027,Item_1A,266815,36,Item_1A,d23c5447b31916e0af7d9d48a604ff75fa8838d466ab371550b64b4aa0d6eb5d
10K-V2-TC-003,time_change,2,EBAY,2026,10-K,0001065088-26-000027,Item_1A,266816,37,Item_1A,efe39d68fc3b32a0304e167bd1d71ffb0af9d9886bd3daaf33ec62a28509a3a8
10K-V2-TC-003,time_change,2,EBAY,2026,10-K,0001065088-26-000027,Item_1A,266817,38,Item_1A,bf66ebb9ac2b4a9845814cb51b32b48e401837bd0cbb6d32bb5a219a0df21701
10K-V2-TC-003,time_change,2,EBAY,2026,10-K,0001065088-26-000027,Item_1A,266818,39,Item_1A,62444ac79768b474831e359a9aa632c3c021c9f578028f28778b9fd8182e6a91
10K-V2-TC-003,time_change,2,EBAY,2026,10-K,0001065088-26-000027,Item_1A,266819,40,Item_1A,6ae498b498a2aa0014cb10284731dfcae24b56ae4397a03c1c19d2a00c5274d4
10K-V2-TC-003,time_change,2,EBAY,2026,10-K,0001065088-26-000027,Item_1A,266820,41,Item_1A,4047d38a6fb87d654263c89a47cf42742c59aa4dbb72cf2a779a980c58cdbe33
10K-V2-TC-004,time_change,1,WOOF,2024,10-K,0000950170-24-040516,Item_8,339321,0,Item_8,5c734da0a7ef83ed410c9e55d8a9a4b7a3f290bf1012ee67af959f46045fbce1
10K-V2-TC-004,time_change,1,WOOF,2024,10-K,0000950170-24-040516,Item_8,339322,1,Item_8,b3d746cff57759a7b76223c318e4691a05a935a1930ee7b4a455a7a67f2db379
10K-V2-TC-004,time_change,1,WOOF,2024,10-K,0000950170-24-040516,Item_8,339323,2,Item_8,f1790d03cf79626f4ca1223f27dc092d013871244718fe2e276189e0e5e2fafc
10K-V2-TC-004,time_change,1,WOOF,2024,10-K,0000950170-24-040516,Item_8,339324,3,Item_8,7dfc56260115be81b707aafff654af4bac694a272b59d0253723afb0358a948b
10K-V2-TC-004,time_change,1,WOOF,2024,10-K,0000950170-24-040516,Item_8,339325,4,Item_8,3f30015efda0287da4ac4b85d5337789f32b83b12ce8556197cec0be53f61fc7
10K-V2-TC-004,time_change,1,WOOF,2024,10-K,0000950170-24-040516,Item_8,339326,5,Item_8,3d89379b6e03c8da243ab365630e7f8beccf3fbe1c2f6a7e01ee5c0175386f31
10K-V2-TC-004,time_change,1,WOOF,2024,10-K,0000950170-24-040516,Item_8,339327,6,Item_8,177c980ede959d459867236871cd112f8d5cd7e0c805fbc8372b569a0244f2e2
10K-V2-TC-004,time_change,1,WOOF,2024,10-K,0000950170-24-040516,Item_8,339328,7,Item_8,5c7c0e44aa86e82408769d0d011602a7ec1a2bb6ad71002342b8fb2094982470
10K-V2-TC-004,time_change,1,WOOF,2024,10-K,0000950170-24-040516,Item_8,339329,8,Item_8,7c869413d843a78a7a5eb1d623dfb7354212af8aee6c84d427d4915f43bd65b1
10K-V2-TC-004,time_change,1,WOOF,2024,10-K,0000950170-24-040516,Item_8,339330,9,Item_8,ecc8894533c15126745b75d6482c867045a872553b910516df5431fae71dcc5f
10K-V2-TC-004,time_change,1,WOOF,2024,10-K,0000950170-24-040516,Item_8,339331,10,Item_8,199b008bd45a78e8ca15f9d92d83529438abdb766b705667cf4d700b09739ca6
10K-V2-TC-004,time_change,1,WOOF,2024,10-K,0000950170-24-040516,Item_8,339332,11,Item_8,81b3a260b840145cc9a4aece6353506e00f4832db4105da636e1fc46794a7e8c
10K-V2-TC-004,time_change,1,WOOF,2024,10-K,0000950170-24-040516,Item_8,339333,12,Item_8,9470ccb5376ef07aefd507a8ed4dc111ebf2623e32f456ec0b7bdf63e03ba95a
10K-V2-TC-004,time_change,1,WOOF,2024,10-K,0000950170-24-040516,Item_8,339334,13,Item_8,d6d93b198da0cbecec69042133b9e0ddf819be00d9c3bfa92ed90bd50b5425fc
10K-V2-TC-004,time_change,1,WOOF,2024,10-K,0000950170-24-040516,Item_8,339335,14,Item_8,19cd470c9bf4bdcab6224edc245fac4dffc4597db65b1db856015fe7531fc388
10K-V2-TC-004,time_change,1,WOOF,2024,10-K,0000950170-24-040516,Item_8,339336,15,Item_8,fd6efa266ccc78a7e77c76885c44d95fb8c2941617f223a3a653a2318c6861ea
10K-V2-TC-004,time_change,1,WOOF,2024,10-K,0000950170-24-040516,Item_8,339337,16,Item_8,0d4ed7fa282c54094190bd34376aa82062685f02cb92d4e22afaa6f491c4f779
10K-V2-TC-004,time_change,1,WOOF,2024,10-K,0000950170-24-040516,Item_8,339338,17,Item_8,ca167806eae7c3e1ae2c528856b785f22e46e50f10795df111421ad327292730
10K-V2-TC-004,time_change,1,WOOF,2024,10-K,0000950170-24-040516,Item_8,339339,18,Item_8,aa3570341612abb5f4d8da854df3688cdf80454819eb18c2ebe2e4c752716e37
10K-V2-TC-004,time_change,1,WOOF,2024,10-K,0000950170-24-040516,Item_8,339340,19,Item_8,d1130512de459935d48ec200ad8608592d06c84a65ea5362bb85df3ba3d4245f
10K-V2-TC-004,time_change,1,WOOF,2024,10-K,0000950170-24-040516,Item_8,339341,20,Item_8,c64e7f5a05c850cd1cf229915138bd2173676ef16aef9ad067b669be3ae71a4c
10K-V2-TC-004,time_change,1,WOOF,2024,10-K,0000950170-24-040516,Item_8,339342,21,Item_8,8af7d65fdcc2e18440b131030ba3c3108113b907a1ee9b1f7239de7df218006a
10K-V2-TC-004,time_change,1,WOOF,2024,10-K,0000950170-24-040516,Item_8,339343,22,Item_8,3f42ef25cc4073be40beb7cfc035c026f54d62057edf63f69e28bb1af45a93bd
10K-V2-TC-004,time_change,1,WOOF,2024,10-K,0000950170-24-040516,Item_8,339344,23,Item_8,e57f510eae0511427de434676bf16b2f0946817357a90ba4cb2c51b95492e793
10K-V2-TC-004,time_change,1,WOOF,2024,10-K,0000950170-24-040516,Item_8,339345,24,Item_8,701fadba5d9f5e3aa047fbc3d421dbbdc8874434121c015566512d5fad76955e
10K-V2-TC-004,time_change,1,WOOF,2024,10-K,0000950170-24-040516,Item_8,339346,25,Item_8,e5d92a363980facd2da0ffa322f40bdb6c868cc434ebc58cf11ceaa908c68af7
10K-V2-TC-004,time_change,1,WOOF,2024,10-K,0000950170-24-040516,Item_8,339347,26,Item_8,cc38b25b0fedff2619e407242115b0c672e2214a43b6b9183112635175f6c54e
10K-V2-TC-004,time_change,1,WOOF,2024,10-K,0000950170-24-040516,Item_8,339348,27,Item_8,45a71665db96828419ddc14285702661d17ebfc63f51babe2770a78d0b7d223d
10K-V2-TC-004,time_change,1,WOOF,2024,10-K,0000950170-24-040516,Item_8,339349,28,Item_8,31e26ae31ad9521380d050bd080544831be792464e21b2faa3a4cb9fac1954ad
10K-V2-TC-004,time_change,1,WOOF,2024,10-K,0000950170-24-040516,Item_8,339350,29,Item_8,e410d6c02231cf46804b7eac1384a59217a41a8627c9890be99f44fdcff2fa7f
10K-V2-TC-004,time_change,1,WOOF,2024,10-K,0000950170-24-040516,Item_8,339351,30,Item_8,11c183a357d9fe7eac714dfe446c44f73cf781381ed53b50f90498438c056970
10K-V2-TC-004,time_change,1,WOOF,2024,10-K,0000950170-24-040516,Item_8,339352,31,Item_8,c9e19beb63656dcdd503167f822a4c80d70f9eeff8d1b9e03ab7526dfd1aa715
10K-V2-TC-004,time_change,1,WOOF,2024,10-K,0000950170-24-040516,Item_8,339353,32,Item_8,042c7152f6f842e6831d5b0536cb441f88654b90c9f9ce97b59aa1d0a3a1d1e1
10K-V2-TC-004,time_change,1,WOOF,2024,10-K,0000950170-24-040516,Item_8,339354,33,Item_8,e4a71ec16e4de98e01750a2e930f093b814d32a54f5d6bec1d8732bb0b7366f1
10K-V2-TC-004,time_change,1,WOOF,2024,10-K,0000950170-24-040516,Item_8,339355,34,Item_8,90a3bae323914146755bfca4f578059ffc5b5ee85d6115a2d7aff0a70a22e62c
10K-V2-TC-004,time_change,1,WOOF,2024,10-K,0000950170-24-040516,Item_8,339356,35,Item_8,7d7a1e79c2ce81bc50e69d7c9aebd74c3ef0b345cf1c1ebf3931e1592a37dc20
10K-V2-TC-004,time_change,1,WOOF,2024,10-K,0000950170-24-040516,Item_8,339357,36,Item_8,0c1a48d406722af4feba33dd01b14dbda31f53efb8e590c9c0849b44faf8ab2c
10K-V2-TC-004,time_change,1,WOOF,2024,10-K,0000950170-24-040516,Item_8,339358,37,Item_8,5e224f6404a2d1135560134c0190f413cde9ed43d2d9344af7dee3496b533968
10K-V2-TC-004,time_change,1,WOOF,2024,10-K,0000950170-24-040516,Item_8,339359,38,Item_8,758e5ced93e4af14ebd7209f26e6bad48bc7ad30f93ad1d6662dd059af9c32d8
10K-V2-TC-004,time_change,1,WOOF,2024,10-K,0000950170-24-040516,Item_8,339360,39,Item_8,3ca2e4732aaf7d6d751a4b92709e7616bae5639c108de3f35e6479a5bd51af4f
10K-V2-TC-004,time_change,1,WOOF,2024,10-K,0000950170-24-040516,Item_8,339361,40,Item_8,38652b4dedfe29f8439b20c9332ae079bd1f4707766510515981cf7e025eb98d
10K-V2-TC-004,time_change,1,WOOF,2024,10-K,0000950170-24-040516,Item_8,339362,41,Item_8,c052a2d75159fe4d1d259c5e197f954c5ee0772da2d0948d47304b615267af8c
10K-V2-TC-004,time_change,1,WOOF,2024,10-K,0000950170-24-040516,Item_8,339363,42,Item_8,6202e9a493bb9a2f0662b59c033ebf8ca27486da9dbcf356ddd21bd3d30a0f91
10K-V2-TC-004,time_change,1,WOOF,2024,10-K,0000950170-24-040516,Item_8,339364,43,Item_8,c8cc3c4ea4110df92db589ff21103e71005674f984c06419e57bed804897bc3f
10K-V2-TC-004,time_change,1,WOOF,2024,10-K,0000950170-24-040516,Item_8,339365,44,Item_8,fc12d4b04d3a6b2ed7d8043e0c0ff2ad58aa0d32540bf63abe6fa00ec67765be
10K-V2-TC-004,time_change,1,WOOF,2024,10-K,0000950170-24-040516,Item_8,339366,45,Item_8,2e6513bda087ae8ee45722dd7131ea2dbf2977f76d34f457b8fb3622ccf1f37b
10K-V2-TC-004,time_change,1,WOOF,2024,10-K,0000950170-24-040516,Item_8,339367,46,Item_8,4f2454afffb05e8f57a5c7c00e5629ca853cb45940e58eeb53fa4d46aa53a402
10K-V2-TC-004,time_change,1,WOOF,2024,10-K,0000950170-24-040516,Item_8,339368,47,Item_8,686fba62c2f66fc83f2ad0051a72b1fb5c52ae1e9a56d3697ffcf555274dc6b1
10K-V2-TC-004,time_change,1,WOOF,2024,10-K,0000950170-24-040516,Item_8,339369,48,Item_8,ed740adf2ad2c12d962bc7754923bfd496e8d166f24581dcef92b925cc8f1546
10K-V2-TC-004,time_change,1,WOOF,2024,10-K,0000950170-24-040516,Item_8,339370,49,Item_8,220250951b308ecf11778b56a5c7c2dbf0c85d829897239546ec8be1723061c0
10K-V2-TC-004,time_change,1,WOOF,2024,10-K,0000950170-24-040516,Item_8,339371,50,Item_8,fadb55af18d7fa56cb520733eb496252a5844151b28d6f74d5dadd45eb6fdfec
10K-V2-TC-004,time_change,1,WOOF,2024,10-K,0000950170-24-040516,Item_8,339372,51,Item_8,cb7acf86e344faa61a3e621093d4a120e9b35df2460f5f750cbd175394d50b02
10K-V2-TC-004,time_change,1,WOOF,2024,10-K,0000950170-24-040516,Item_8,339373,52,Item_8,c11ff63dd2d0da6d05e6471875a3ce1fb9f62cda92f68c01621d34f855e793b7
10K-V2-TC-004,time_change,1,WOOF,2024,10-K,0000950170-24-040516,Item_8,339374,53,Item_8,07d2df435d6d8825c1fbc5efd01dfb9c29db94f892b9fe2de3d432095eeeed31
10K-V2-TC-004,time_change,1,WOOF,2024,10-K,0000950170-24-040516,Item_8,339375,54,Item_8,99b4c9537accacee48fb0397a41b56406a0341cc47afb62beffe5a5a88c5d349
10K-V2-TC-004,time_change,1,WOOF,2024,10-K,0000950170-24-040516,Item_8,339376,55,Item_8,e5a9d0e261755b44e30f232e3b13bdbcdcfc4436b56c832673608f1344fb2f6d
10K-V2-TC-004,time_change,1,WOOF,2024,10-K,0000950170-24-040516,Item_8,339377,56,Item_8,b8dc52fe2f79de9d77bcbe26fc6183d01c7d88a588bf1cdb62f5cb033f20afb7
10K-V2-TC-004,time_change,2,WOOF,2026,10-K,0001193125-26-106114,Item_8,339744,0,Item_8,13f319088f0eaf7c1c891bba9f2b6f69ff94404f8f1e145680b168c9c0e20cb7
10K-V2-TC-004,time_change,2,WOOF,2026,10-K,0001193125-26-106114,Item_8,339745,1,Item_8,cb054dd346bc8df2eb3eef18254f71aecae3632a24f45ba6fee5dd7f2b74429d
10K-V2-TC-004,time_change,2,WOOF,2026,10-K,0001193125-26-106114,Item_8,339746,2,Item_8,c60bb77c336aa014e98f1b49d33b6ee05aeaa63e3ef8aa7a85ac160ecb0f6e61
10K-V2-TC-004,time_change,2,WOOF,2026,10-K,0001193125-26-106114,Item_8,339747,3,Item_8,206bbe07056210b93944c299125bf547e2bad51a7632e82940e99fc709022243
10K-V2-TC-004,time_change,2,WOOF,2026,10-K,0001193125-26-106114,Item_8,339748,4,Item_8,db399f77d07bb74b54e251c284fbb82ea3691bd92b802b67976dbff60fe244cd
10K-V2-TC-004,time_change,2,WOOF,2026,10-K,0001193125-26-106114,Item_8,339749,5,Item_8,bb49c64f9759045ff96505eda3b82ccd1de67ae11bec9ecffa1930d37aea4f45
10K-V2-TC-004,time_change,2,WOOF,2026,10-K,0001193125-26-106114,Item_8,339750,6,Item_8,71a6bd45d4c2fa44c89505594bbe62e592315bf3bd7a9aba0934e9be36e4ab0e
10K-V2-TC-004,time_change,2,WOOF,2026,10-K,0001193125-26-106114,Item_8,339751,7,Item_8,5236021dccb7f5a18b8cbcccf64165a4cd6bbc0bd3122a9c825e4bd397d052b8
10K-V2-TC-004,time_change,2,WOOF,2026,10-K,0001193125-26-106114,Item_8,339752,8,Item_8,1d37e42017213d6c3186aa58772399c688502e73888d7db99d86ed4377600a8b
10K-V2-TC-004,time_change,2,WOOF,2026,10-K,0001193125-26-106114,Item_8,339753,9,Item_8,530d5a3d1f1ca8031ee49f64d9742a05f2db49890cc4dc3e9d011fd5b8658d63
10K-V2-TC-004,time_change,2,WOOF,2026,10-K,0001193125-26-106114,Item_8,339754,10,Item_8,8e537e356d5109fc537fc69795f9bea22fa9943a3c72d21cd694dbb4f61fd337
10K-V2-TC-004,time_change,2,WOOF,2026,10-K,0001193125-26-106114,Item_8,339755,11,Item_8,1be1ab8af0828ec81bca30130c863e2328faa6ca17ec1ef7c92345b7fbb6645e
10K-V2-TC-004,time_change,2,WOOF,2026,10-K,0001193125-26-106114,Item_8,339756,12,Item_8,362c6196ce0bbb0ab08aadf467434ca50b13fb1a08071fcb30ae3e40977a0512
10K-V2-TC-004,time_change,2,WOOF,2026,10-K,0001193125-26-106114,Item_8,339757,13,Item_8,d56e854ce017a6b118df1f3b45f49d322b9f972d68ee8963b0f8c212916a5c43
10K-V2-TC-004,time_change,2,WOOF,2026,10-K,0001193125-26-106114,Item_8,339758,14,Item_8,80ac1a1c4e4418f6fdaba09df5ea9e63ee3b1ce805761cc1dc2bf230edd12ccd
10K-V2-TC-004,time_change,2,WOOF,2026,10-K,0001193125-26-106114,Item_8,339759,15,Item_8,0b76116b901421c6a140856ef33b9864a7859d86c709caa88e851e669f13fd0f
10K-V2-TC-004,time_change,2,WOOF,2026,10-K,0001193125-26-106114,Item_8,339760,16,Item_8,a56feba46a8cfe7765e3a0bf14fc7b4d08dda8c489471c15d139761016959609
10K-V2-TC-004,time_change,2,WOOF,2026,10-K,0001193125-26-106114,Item_8,339761,17,Item_8,c936d79d8817a9e0b2c47cfec989830c21f401ce1e63a683d34f77f94278fb6d
10K-V2-TC-004,time_change,2,WOOF,2026,10-K,0001193125-26-106114,Item_8,339762,18,Item_8,946e57bc9fde74f7353b32e52b54f980cb93161d1088d735258c57fd4bb20c14
10K-V2-TC-004,time_change,2,WOOF,2026,10-K,0001193125-26-106114,Item_8,339763,19,Item_8,5c0c8376860d2ee6c2ddce6ec980f103e74d95e452f0a2bd000f044da334da36
10K-V2-TC-004,time_change,2,WOOF,2026,10-K,0001193125-26-106114,Item_8,339764,20,Item_8,f2bec45758ad1b5ed17926b59bdc22172002a7e52ded9f15205f536b4101f3d1
10K-V2-TC-004,time_change,2,WOOF,2026,10-K,0001193125-26-106114,Item_8,339765,21,Item_8,01245fc2bb212c99ad3ff611ab997673ee0309c81e0c9a35c4a071e4db15d398
10K-V2-TC-004,time_change,2,WOOF,2026,10-K,0001193125-26-106114,Item_8,339766,22,Item_8,d827c9468b9149dfcb1dd5a174bc440268ef48e399e780be9ae94cae7d70e6e6
10K-V2-TC-004,time_change,2,WOOF,2026,10-K,0001193125-26-106114,Item_8,339767,23,Item_8,7284c1c8a15ddcac978a87d530530c4b017619ae6c32c0d22daa730a2db00982
10K-V2-TC-004,time_change,2,WOOF,2026,10-K,0001193125-26-106114,Item_8,339768,24,Item_8,d9505c39dd532959d7986edfe4e181a267957b6d52b0aa4dda84b89e7f44a71f
10K-V2-TC-004,time_change,2,WOOF,2026,10-K,0001193125-26-106114,Item_8,339769,25,Item_8,fc7b1a9cdd36a992025a3e8b4807fbf6e81b5517bc5d86a09ed594cdbecca2c0
10K-V2-TC-004,time_change,2,WOOF,2026,10-K,0001193125-26-106114,Item_8,339770,26,Item_8,65d66dc67f8abc565ec78344d7ec81ee8ca5d73359c15e7b66b13e215300479a
10K-V2-TC-004,time_change,2,WOOF,2026,10-K,0001193125-26-106114,Item_8,339771,27,Item_8,f428534ea5a4a90582e60f89c1f3ae11374cf0113e941221d4a6a5719e4a5589
10K-V2-TC-004,time_change,2,WOOF,2026,10-K,0001193125-26-106114,Item_8,339772,28,Item_8,db78cb469de9771c803878efe68b910e9729fdf1c2f4c6eded54f1a0457b4f6a
10K-V2-TC-004,time_change,2,WOOF,2026,10-K,0001193125-26-106114,Item_8,339773,29,Item_8,6cc30d47dbf3453286db09286269bd7ff5840fc2d914d65d957d89948fa36b18
10K-V2-TC-004,time_change,2,WOOF,2026,10-K,0001193125-26-106114,Item_8,339774,30,Item_8,dc91c6e3ce8b211dee39d64654c544ac45a2fa5b47df3c2264456638e52ed95a
10K-V2-TC-004,time_change,2,WOOF,2026,10-K,0001193125-26-106114,Item_8,339775,31,Item_8,93652e1660ff2af2266b355c6e94b304949d0f548924ce5e00227c1814f51d2d
10K-V2-TC-004,time_change,2,WOOF,2026,10-K,0001193125-26-106114,Item_8,339776,32,Item_8,483ee2c14f129b75a2fd5774eec5162c231e05ea29f1125051d79767b35983dc
10K-V2-TC-004,time_change,2,WOOF,2026,10-K,0001193125-26-106114,Item_8,339777,33,Item_8,8e4ad48b9f04f53d8a5cc11528c7fa9b0ad8ef0f3bcfccbc934497dc0ece2106
10K-V2-TC-004,time_change,2,WOOF,2026,10-K,0001193125-26-106114,Item_8,339778,34,Item_8,975fa2901634d987f4d1e327a4a9ff9a3caee44566c78f6178a2b93b2c19f35f
10K-V2-TC-004,time_change,2,WOOF,2026,10-K,0001193125-26-106114,Item_8,339779,35,Item_8,35149743686886c0927700c3040ff356faa425f4f89fc6e2b8848c6795a6d546
10K-V2-TC-004,time_change,2,WOOF,2026,10-K,0001193125-26-106114,Item_8,339780,36,Item_8,d8acbdd370ee34cb66bd0c166ae91eed448b294f3860a1c1e5cacc746587dcfd
10K-V2-TC-004,time_change,2,WOOF,2026,10-K,0001193125-26-106114,Item_8,339781,37,Item_8,122acf17eea10bf078f7f71ad54bffb1824b2500cf43697df9eb1c7b4cc5c731
10K-V2-TC-004,time_change,2,WOOF,2026,10-K,0001193125-26-106114,Item_8,339782,38,Item_8,954ee75d56e3fceaa9c247263eb08029e464977c1b1a6e606c0820ae82ef4c01
10K-V2-TC-004,time_change,2,WOOF,2026,10-K,0001193125-26-106114,Item_8,339783,39,Item_8,3303acce90035698b3f5cdd1ddf521fead3c059062290f7931aeafda6de8dc31
10K-V2-TC-004,time_change,2,WOOF,2026,10-K,0001193125-26-106114,Item_8,339784,40,Item_8,4bec8779429de35ab0944a08d255fdea285db226ae033b399f3cd9bf645805af
10K-V2-TC-004,time_change,2,WOOF,2026,10-K,0001193125-26-106114,Item_8,339785,41,Item_8,4c9fc5980108d7fc168c50d385d912a8bbd58e3b39f23a87fbbc138b19e0a355
10K-V2-TC-004,time_change,2,WOOF,2026,10-K,0001193125-26-106114,Item_8,339786,42,Item_8,1ad7fbf2a8ace8238d3fae426e7c71e89d7b96d784d16f387f15a89d8e68b85c
10K-V2-TC-004,time_change,2,WOOF,2026,10-K,0001193125-26-106114,Item_8,339787,43,Item_8,1923a2529c80e91813f5597bb7b39f30d16a7caba6cd5a37c9651d4e35d16d76
10K-V2-TC-004,time_change,2,WOOF,2026,10-K,0001193125-26-106114,Item_8,339788,44,Item_8,5491030cd59b58825fd652787e6a547000a415ed321a96779ca346ec9affde7a
10K-V2-TC-004,time_change,2,WOOF,2026,10-K,0001193125-26-106114,Item_8,339789,45,Item_8,8218a1f84d0d6a694eefc583550c72a0ace7d6f00861dea6194bd42cbe36e8bc
10K-V2-TC-004,time_change,2,WOOF,2026,10-K,0001193125-26-106114,Item_8,339790,46,Item_8,7e9f05e8ea7c7143c2a39c375dbf5a8f132e99d6b712d1e3cf6737cc6c19b78d
10K-V2-TC-004,time_change,2,WOOF,2026,10-K,0001193125-26-106114,Item_8,339791,47,Item_8,32f969598cb648da573a694f375ea3155752d0767df4e58b5b3d61ce21040f4b
10K-V2-TC-004,time_change,2,WOOF,2026,10-K,0001193125-26-106114,Item_8,339792,48,Item_8,8910e5b4506be22d5cd668bfb5ed4e6e0676d45f423b1e7608f707979cdcdd95
10K-V2-TC-004,time_change,2,WOOF,2026,10-K,0001193125-26-106114,Item_8,339793,49,Item_8,471173db6e384d08106c1506e3e13d516575de8f33a4c52ab22ad8df432080f9
10K-V2-TC-004,time_change,2,WOOF,2026,10-K,0001193125-26-106114,Item_8,339794,50,Item_8,02aa92b5e34aabe8edb675b3a4cab5ff9c162274d3009f910784193276b16879
10K-V2-TC-004,time_change,2,WOOF,2026,10-K,0001193125-26-106114,Item_8,339795,51,Item_8,5f31178d21b01716a8cc92bce5bc9893fcea85bc90e045b3ee3a4070de7e0e88
10K-V2-TC-004,time_change,2,WOOF,2026,10-K,0001193125-26-106114,Item_8,339796,52,Item_8,ba2232062685134c7ed125caf2761f53aac6227c0e023aa3ce6fbbd470fbb360
10K-V2-TC-004,time_change,2,WOOF,2026,10-K,0001193125-26-106114,Item_8,339797,53,Item_8,0641bb1c8de26234fd3751b2cb5f73f6c0314aad244b812e46f99afeefd6f7b5
10K-V2-TC-004,time_change,2,WOOF,2026,10-K,0001193125-26-106114,Item_8,339798,54,Item_8,747135fb036c15f282700f694162b52d7f345755f55b60248c861f960128fb33
