chunk_id,ticker,company_name,filing_year,accession_number,section_code,chunk_index,token_count,embedding_text
84748,RIME,ALGORHYTHM HOLDINGS INC,2026,0001493152-26-014724,Item_15,0,500,"Item 15. Exhibits, Financial Statement Schedules. Financial Statements The following consolidated financial statements and reports of our independent registered public accounting firms are filed as part of this report and incorporated by reference in Item 8. Financial Statements and Supplementary Data of this report: ● Report of Independent Registered Public Accounting Firm (PCAOB ID: 2738). ● Report of Independent Registered Public Accounting Firm (PCAOB ID: 688). ● Consolidated Balance Sheets at December 31, 2025 and 2024. ● Consolidated Statements of Operations for the Years Ended December 31, 2025 and 2024. ● Consolidated Statements of Stockholders’ Deficit for the Years Ended December 31, 2025 and 2024. ● Consolidated Statements of Cash Flows for the Years Ended December 31, 2025 and 2024. ● Notes to Consolidated Financial Statements. Financial Statement Schedules All financial statement schedules have been omitted because the required information is either not applicable or has been presented in the consolidated financial statements. 71 Exhibits The documents set forth below are filed as exhibits to this report. Where so indicated, exhibits that were previously filed with the SEC are incorporated by reference herein. Exhibit No. Description 2.1 Asset Purchase Agreement, dated June 11, 2024, by and among Algorhythm Holdings, Inc., SemiCab, Inc. and SemiCab Holdings, LLC (incorporated by reference to Exhibit 2.1 in Algorhythm Holdings, Inc.’s Current Report on Form 8-K filed with the SEC on June 12, 2024). 2.2 Amendment No. 1 to Asset Purchase Agreement dated July 1, 2024, by and among Algorhythm Holdings, Inc., SemiCab, Inc. and SemiCab Holdings LLC (incorporated by reference to Exhibit 2.2 in Algorhythm Holdings, Inc.’s Current Report on Form 8-K filed with the SEC on July 5, 2024). 3.1 Certificate of Incorporation of Algorhythm Holdings, Inc. filed with the Delaware Secretary of State on February 15,"
101290,VFC,VF CORP,2025,0000103379-25-000023,Item_15,1,500,"New York, as Trustee, dated September 29, 2000 (Incorporated by reference to Exhibit 4.1 to Form 10-Q for the quarter ended September 30, 2000) 4.3 Form of 6.00% Note due October 15, 2033 for $297,500,000 (Incorporated by reference to Exhibit 4.2 to Form S-4 Registration Statement No. 110458 filed November 13, 2003) 4.4 Indenture between VF and The Bank of New York Trust Company, N.A., as Trustee, dated October 15, 2007 (Incorporated by reference to Exhibit 4.1 to Form S-3ASR Registration Statement No. 333-146594 filed October 10, 2007) 4.5 First Supplemental Indenture between VF and The Bank of New York Trust Company, N.A., as Trustee, dated October 15, 2007 (Incorporated by reference to Exhibit 4.2 to Form 8-K filed October 25, 2007) 4.6 Form of 6.45% Note due 2037 for $350,000,000 (Incorporated by reference to Exhibit 4.4 to Form 8-K filed October 25, 2007) 4.7 Fourth Supplemental Indenture between VF, The Bank of New York Mellon Trust Company, N.A., as Trustee, and The Bank of New York Mellon, London Branch, as Paying Agent dated as of February 25, 2020 (Incorporated by reference to Exhibit 4.2 to Form 8-K filed February 25, 2020) 4.8 Form of 0.250% Senior Notes due 2028 (Incorporated by reference to Exhibit 4.3 to Form 8-K filed February 25, 2020) 4.9 Form of 0.625% Senior Notes due 2032 (Incorporated by reference to Exhibit 4.4 to Form 8-K filed February 25, 2020) 4.10 Fifth Supplemental Indenture between VF and The Bank of New York Mellon Trust Company, N.A., as Trustee, dated as of April 23, 2020 (In"
104193,VVV,VALVOLINE INC,2025,0001674910-25-000135,Item_5,0,500,"Item 5. MARKET FOR REGISTRANT’S COMMON EQUITY, RELATED STOCKHOLDER MATTERS AND ISSUER PURCHASES OF EQUITY SECURITIES Market information Valvoline common stock is listed on the NYSE and trades under the symbol “VVV.” As of November 18, 2025, there were approximately 7,060 registered holders of Valvoline common stock. Dividend policy The Company currently does not anticipate declaring or paying any cash dividends for the foreseeable future. The declaration, amount and payment of any future dividends to holders of Valvoline common stock is at the sole discretion of the Board after considering various factors, including Valvoline’s financial condition, operating results, current and anticipated cash needs, cash flows, impact on Valvoline’s effective tax rate, indebtedness, legal requirements and other factors that the Board considers relevant. In addition, the instruments governing Valvoline’s indebtedness may limit the Company’s ability to pay dividends. Therefore, no assurance are given that Valvoline will pay any dividends to its shareholders, or as to the amount of any such dividends if the Board determines to do so. Stock performance graph The following graph compares the cumulative total shareholder return on a $100 investment in Valvoline common stock, the S&P MidCap 400 Index, and the S&P MidCap 400 Specialty Retail Index for the period from September 30, 2020 to September 30, 2025. This graph assumes an investment in Valvoline common stock and each index were $100 on September 30, 2020 and that all dividends were reinvested. 29 Years ended September 30 Cumulative total returns 2021 2022 2023 2024 2025 Valvoline Inc. $ 166.78 $ 137.63 $ 175.78 $ 228.17 $ 195.79 S&P MidCap 400 Index $ 143.68 $ 121.77 $ 140.66 $ 178.34 $ 189.26 S&P MidCap 400 Specialty Retail Index $ 169.27 $ 114.24 $ 128.26 $ 183.47 $ 179.91 Purchases of Company common stock Valvoline has returned value to shareholders through share repurchases, the timing and amount of which will be at the discretion"
92562,SPWH,SPORTSMANS WAREHOUSE HLDGS,2026,0001193125-26-134702,Item_1C,0,500,"Item 1C. CYBERSECURITY Risk management and strategy We implement and maintain various information security processes designed to identify, assess and manage material risks from cybersecurity threats to our critical computer networks, third party hosted services, communications systems, hardware and software, and our critical data, including intellectual property, confidential information that is proprietary, strategic or competitive in nature, and information related to our customers and outfitters. Our Information Security, Governance, Risk, and Compliance Management functions, led by our VP of Information Technology help identify, assess and manage the Company’s cybersecurity threats and risks. The Security Team identifies and assesses risks from cybersecurity threats by monitoring and evaluating our threat environment using various methods including, for example: manual and automated tools in certain environments and systems, internal and external audits of certain environments and systems, conducting scans of certain threat environments, evaluating our and our industry’s risk profile, analyzing certain reports of threats and actors, conducting threat assessments for internal and external threats (including third party threat assessments) in certain environments, coordinating with law enforcement concerning select threats, subscribing to reports and services that identify cybersecurity threats, use of external intelligence feeds, conducting tabletop incident response exercises, evaluating certain threats reported to us, and conducting vulnerability assessments of certain environments and systems. Depending on the environment and system, we implement and maintain various technical, physical, and organizational measures, processes, standards and policies designed to manage and mitigate material risks from cybersecurity threats to our information systems and data, including, for example: incident response policy, vulnerability management policy, risk assessments, encryption of certain data, network security controls and data segregation for certain environments and systems, access controls for certain environments and systems (such as identity controls and quarterly user access reviews), physical security, systems monitoring for certain systems, vendor risk management program, system configuration standards, outfitter security awareness training, asset management, managed detection and response tools, penetration testing, cybersecurity insurance and dedicated cybersecurity staff. Our assessment and management of material risks from cybersecurity threats are integrated into the Company’s overall risk management processes.  For example, the Security Team works with management to prioritize our risk management processes and mitigate cybersecurity threats that are more likely to lead to a material impact on our business. We use third-party service providers to assist us from time to time to identify, assess and manage material risks from cybersecurity threats, including, for example: professional service firms including legal counsel, threat intelligence service providers, cybersecurity consultants, 24/7 cybersecurity monitoring"
42405,GCO,GENESCO INC,2026,0001193125-26-123492,Item_15,2,500,"Agent. Incorporated by reference to Exhibit 10.1 to the current report on Form 8-K filed February 3, 2018. (File No. 1-3083). b. First Amendment to Fourth Amended and Restated Credit Agreement, dated as of February 1, 2019, by and among Genesco Inc., certain subsidiaries of Genesco Inc. party thereto, as Other Domestic Borrowers, GCO Canada Inc., Genesco (UK) Limited, the Lender party thereto and Bank of America, N.A., as Agent. Incorporated by reference to Exhibit 10.1 to the current report on Form 8-K filed February 5, 2019 (File No. 1-3083). c. Second Amendment to Fourth Amended and Restated Credit Agreement, dated as of June 5, 2020, by and among Genesco Inc., certain subsidiaries of Genesco Inc. party thereto, as Other Domestic Borrowers, GCO Canada Inc., Genesco (UK) Limited, the Lender party thereto and Bank of America, N.A., as Agent. Incorporated by reference to Exhibit 10.1 to the current report on Form 8-K filed June 9, 2020. (File No. 1-3083). d. Third Amendment to Fourth Amended and Restated Credit Agreement, dated as of January 28, 2022 by and among Genesco Inc., certain subsidiaries of Genesco Inc. party thereto, as Other Domestic Borrowers, GCO Canada Inc., Genesco (UK) Limited, the Lender party thereto and Bank of America, N.A., as Agent. Incorporated by reference to Exhibit 10.1 to the current report on Form 8-K filed February 3, 2022. (File No. 1-3083). e. Fourth Amendment to Fourth Amended and Restated Credit Agreement, dated January 16, 2026 by and among Genesco Inc., certain subsidiaries of Genesco Inc. party thereto, GCO Canada ULC, Genesco (UK) Limited, Other Domestic Borrowers, the Lenders party thereto and Bank of America, N.A., as Agent. Incorporated by reference to Exhibit 10.1 to the current report on Form 8-K filed January 21, 2026. (File No. 1-3083). f. Form of Split-D"
86844,RVLV,REVOLVE GROUP INC,2026,0001193125-26-071307,Item_9A,0,500,"Item 9A. CONTROL S AND PROCEDURES Evaluation of Disclosure Controls and Procedures Our management, with the participation of our principal executive officer and principal financial officer, has evaluated the effectiveness of our disclosure controls and procedures (as defined in Rules 13a-15(e) and 15d-15(e) under the Exchange Act), as of the end of the period covered by this report. Based on that evaluation, our co-chief executive officer and chief financial officer concluded that our disclosure controls and procedures were effective as of December 31, 2025. Management’s Report on Internal Control over Financial Reporting Our management, including our principal executive officer and principal financial officer, is responsible for establishing and maintaining adequate internal control over financial reporting, as such term is defined in Rules 13a-15(f) and 15d-15(f) of the Exchange Act. Our internal control over financial reporting is a process to provide reasonable assurance regarding the reliability of financial reporting and the preparation of financial statements for external purposes in accordance with generally accepted accounting principles. Our internal control over financial reporting includes those policies and procedures that: (i) pertain to the maintenance of records that, in reasonable detail, accurately and fairly reflect the transactions and dispositions of our assets; (ii) provide reasonable assurance that transactions are recorded as necessary to permit preparation of financial statements in accordance with generally accepted accounting principles and that our receipts and expenditures are being made only in accordance with authorizations of our management and directors; and (iii) provide reasonable assurance regarding prevention or timely detection of unauthorized acquisition, use or disposition of our assets that could have a material effect on the financial statements. 104 Under the supervision and with the participation of our management, including our co-chief executive officer and chief financial officer, we conducted an evaluation of the effectiveness of our internal control over financial reporting as of December 31, 2025, based on the framework in Internal Control—Integrated Framework (2013) issued by the Committee of Sponsoring Organizations of the Treadway Commission. Based on that evaluation, our co-chief executive officer and chief financial officer concluded that our internal control over financial reporting was effective as of December 31, 2025. Our independent registered public accounting firm, KPMG LLP, has audited the effectiveness of our internal control over financial reporting as of December 31, 2025, as stated in their report which is included herein. Changes in Internal Control over Financial Reporting"
99797,UPBD,UPBOUND GROUP INC,2024,0000933036-24-000048,Item_16,0,168,"Item 16. Form 10-K Summary . None. 95 SIGNATURES Pursuant to the requirements of Section 13 or 15(d) of the Securities Exchange Act of 1934, the registrant has duly caused this report to be signed on its behalf by the undersigned, thereunto duly authorized. UPBOUND GROUP, INC. By: /s/ M ITCHELL E . F ADEL Mitchell E. Fadel Chief Executive Officer Date: February 27, 2024 Pursuant to the requirements of the Securities Exchange Act of 1934, this report has been signed by the following persons on behalf of the registrant and in the capacities and on the date indicated."
15369,BURL,BURLINGTON STORES INC,2024,0000950170-24-032207,Item_5,1,500,"United States Apparel Retailers Index over the same period. This graph assumes an initial investment of $100 and 21 assumes the reinvestment of dividends, if any. Such returns are based on historical results and are not intended to suggest future performance. Base Period Indexed Returns for Fiscal Years Ended Company / Index February 2, 2019 February 1, 2020 January 30, 2021 January 29, 2022 January 28, 2023 February 3, 2024 Burlington Stores, Inc. $ 100.00 $ 126.53 $ 144.82 $ 133.99 $ 131.72 $ 114.46 S&P 500 Index $ 100.00 $ 119.18 $ 137.23 $ 163.75 $ 150.40 $ 183.21 Dow Jones U.S. Apparel Retailers Index $ 100.00 $ 110.85 $ 117.75 $ 127.23 $ 138.11 $ 156.55 22 Purchases of Equity Securities by the Issuer and Affiliated Purchasers The following table provides information regarding our purchases of common stock during the three fiscal months ended February 3, 2024: Month Total Number of Shares Purchased Average Price Paid Per Share(1) Total Number of Shares Purchased as Part of Publicly Announced Plans or Programs(2) Approximate Dollar Value of Shares That May Yet Be Purchased Under the Plans or Programs (in thousands) October 29, 2023 through November 25, 2023 76,490 $ 127.91 76,490 $ 708,186 November 26, 2023 through December 30, 2023 468,668 $ 173.04 468,668 $ 627,085 December 31, 2023 through February 3, 2024 60,153 $ 194.39 60,153 $ 615,393 Total 605,311 605,311 (1) Includes commissions for the shares repurchased under our publicly announced share repurchase programs. (2) On February 16,"
102051,VLGEA,VILLAGE SUPER MARKET  -CL A,2025,0000103595-25-000015,Item_5,0,351,"Item 5. MARKET FOR REGISTRANT'S COMMON EQUITY, RELATED STOCKHOLDER MATTERS AND ISSUER PURCHASES OF EQUITY SECURITIES (All dollar amounts are in thousands, except per share data). Stock Price and Dividend Information The Class A common stock of Village Super Market, Inc. is traded on the NASDAQ Global Select Market under the symbol “VLGEA.” The table below sets forth the high and low last reported sales price for the fiscal quarter indicated. 2025 High Low 4th Quarter $39.14 $35.55 3rd Quarter $38.04 $30.93 2nd Quarter $33.32 $28.36 1st Quarter $33.28 $26.55 2024 High Low 4th Quarter $30.82 $24.87 3rd Quarter $28.61 $25.01 2nd Quarter $26.52 $23.69 1st Quarter $24.42 $21.87 As of October 9, 2025, there were approximately 264 holders of record of Class A common stock. During fiscal 2025, Village paid cash dividends of $13,308. Dividends in fiscal 2025 consist of $1.00 per Class A common share and $.65 per Class B common share. During fiscal 2024, Village paid cash dividends of $13,341. Dividends in fiscal 2024 consist of $1.00 per Class A common share and $.65 per Class B common share. 7"
32871,DKS,DICKS SPORTING GOODS INC,2026,0001089063-26-000007,Item_9A,0,500,"Item 9A. CONTROLS AND PROCEDURES Disclosure Controls and Procedures The Company carried out an evaluation, under the supervision and with the participation of the Company’s management, including the Chief Executive Officer and the Chief Financial Officer, of the effectiveness of the design and operation of the Company’s disclosure controls and procedures, as defined in Rules 13a-15(e) and 15d-15(e) under the Exchange Act. Based upon that evaluation, the Company’s management, including the Company’s Chief Executive Officer and the Chief Financial Officer concluded that, as of January 31, 2026, the Company’s disclosure controls and procedures were effective in ensuring that information for the Company, including its consolidated subsidiaries, required to be disclosed by the Company in reports that it files or submits under the Exchange Act is recorded, processed, summarized and reported within the time periods specified in the Securities and Exchange Commission’s (“SEC”) rules and forms, and that it is accumulated and communicated to management, including our principal executive and financial officers, or persons performing similar functions, as appropriate to allow timely decisions regarding required disclosure. Report of Management on Internal Control over Financial Reporting The Company’s management is responsible for establishing and maintaining adequate internal control over financial reporting. Internal control over financial reporting is a process to provide reasonable assurance regarding the reliability of our financial reporting for external purposes in accordance with accounting principles generally accepted in the United States of America. Internal control over financial reporting includes: maintaining records that in reasonable detail accurately and fairly reflect our transactions; providing reasonable assurance that transactions are recorded as necessary for preparation of our financial statements; providing reasonable assurance that receipts and expenditures of Company assets are made in accordance with management authorization; and providing reasonable assurance that unauthorized acquisition, use or disposition of Company assets that could have a material effect on our financial statements would be prevented or detected on a timely basis. Because of its inherent limitations, internal control over financial reporting is not intended to provide absolute assurance that a misstatement of our financial statements would be prevented or detected. The Company’s management conducted an evaluation of the effectiveness of our internal control over financial reporting based on the framework and criteria established in Internal Control—Integrated Framework (2013) , issued by the Committee of Sponsoring Organizations of the Treadway Commission. This evaluation included review of the documentation of controls, evaluation of the design effectiveness of controls, testing of the operating effectiveness of controls and a"
22671,CRMT,AMERICA'S CAR-MART INC,2023,0001171843-23-004114,Item_9A,2,500,"criteria set forth in The 2013 Internal Control-Integrated Framework issued by the Committee of Sponsoring Organizations of the Treadway Commission (COSO). Based on management’s assessment, management believes that the Company maintained effective internal control over financial reporting as of April 30, 2023. The Company’s independent registered public accounting firm independently assessed the effectiveness of the Company’s internal control over financial reporting and has issued their report on the effectiveness of the Company’s internal control over financial reporting at April 30, 20232. That report appears below. 69 REPORT OF INDEPENDENT REGISTERED PUBLIC ACCOUNTING FIRM Board of Directors and Shareholders America’s Car-Mart, Inc. Opinion on internal control over financial reporting We have audited the internal control over financial reporting of America’s Car-Mart, Inc. (a Texas corporation) and subsidiaries (the “Company”) as of April 30, 2023, based on criteria established in the 2013 Internal Control — Integrated Framework issued by the Committee of Sponsoring Organizations of the Treadway Commission (“COSO”). In our opinion, the Company maintained, in all material respects, effective internal control over financial reporting as of April 30, 2023, based on criteria established in the 2013 Internal Control — Integrated Framework issued by COSO. We also have audited, in accordance with the standards of the Public Company Accounting Oversight Board (United States) (“PCAOB”), the consolidated financial statements of the Company as of and for the year ended April 30, 2023, and our report dated June 26, 2023 expressed an unqualified opinion on those financial statements. Basis for opinion The Company’s management is responsible for maintaining effective internal control over financial reporting and for its assessment of the effectiveness of internal control over financial reporting, included in the accompanying Management’s Report on Internal Control over Financial Reporting. Our responsibility is to express an opinion on the Company’s internal control over financial reporting based on our audit. We are a public accounting firm registered with the PCAOB and are required to be independent with respect to the Company in accordance with the U.S. federal securities laws and the applicable rules and regulations of the Securities and Exchange Commission and the PCAOB. We conducted our audit in accordance with the standards of the PCAOB. Those standards require that we plan and perform the audit to obtain reasonable assurance about"
113427,ZUMZ,ZUMIEZ INC,2026,0001193125-26-104063,Item_5,0,500,"Item 5. MARKET FOR REGISTRANT’S COMMON EQUITY, RELATED STO CKHOLDER MATTERS AND ISSUER PURCHASES OF EQUITY SECURITIES Market Information Our common stock is traded on the Nasdaq Global Select Market under the symbol “ZUMZ.” At January 31, 2026, there were 16,970,856 shares of common stock outstanding. Holders of the Company’s Capital Stock We had approximately 11 shareholders of record as of February 28, 2026. The number of shareholders of record is based upon the actual number of shareholders registered at such date and does not include holders of shares in “street names” or persons, partnerships, associates, corporations or other entities identified in security position listings maintained by depositories such as the Depository Trust Company. Dividends No cash dividends have been declared on our common stock to date nor have any decisions been made to pay a dividend at this time. Payment of dividends is evaluated on a periodic basis. Recent Sales of Unregistered Securities None. Issuer Purchases of Equity Securities There were no issuer purchases of our common stock during the thirteen weeks ended January 31, 2026. Performance Measurement Comparison The following graph shows a comparison for total cumulative returns for Zumiez, the Nasdaq Composite Index, the Nasdaq Retail Trade Index, the S&P Midcap 400, and the S&P 400 apparel retail during the period commencing on January 30, 2021 and ending on January 31, 2026. The comparison assumes $100 was invested on January 30, 2021 in each of Zumiez, the Nasdaq Composite Index and the Nasdaq Retail Trade Index, and assumes the reinvestment of all dividends, if any. The comparison in the following graph and table is required by the SEC and is not intended to be a forecast or to be indicative of future Company common stock performance. 25 1/30/2021 1/29/2022 1/28/2023 2/3/2024 2/1/2025 1/31/2026 Zumiez 100.00 100.39 59.77 41.09 37.05 57.13 S&P MidCap 400 100.00 114.05 116.72 122.29 147"
48412,HBB,HAMILTON BEACH BND HDNG,2024,0001709164-24-000011,Item_5,1,163,"ased Average Price Paid per Share Total Number of Shares Purchased as Part of the Publicly Announced Program Maximum Dollar Value of Shares that May Yet Be Purchased Under the Program Month #1 October 1 to 31, 2023 19,769 $ 12.14 19,769 $ 20,310,913 Month #2 November 1 to 30, 2023 44,800 $ 13.99 44,800 $ 19,684,324 Month #3 December 1 to 31, 2023 46,554 $ 15.83 46,554 $ 18,947,187 111,123 $ 14.43 111,123 $ 18,947,187"
34694,EBAY,EBAY INC,2025,0001065088-25-000037,Item_1C,0,500,"Item 1C. CYBERSECURITY Risk Management and Strategy Our approach to risk management is designed to identify, assess, prioritize and manage risk exposures that could affect our ability to execute our corporate strategy and fulfill our business objectives. As part of our comprehensive enterprise risk management (“ERM”) program, we perform risk assessments in which we map and prioritize cybersecurity risks identified through the processes described below, including risks associated with our use of third-party service providers, based on probability, immediacy and potential magnitude. These assessments inform our ERM strategies and oversight processes, and we view cybersecurity risks as one of the key risk categories we face. For example, our information technology and infrastructure may be vulnerable to cyberattacks (including ransomware attacks) or other security incidents, as a result of which unauthorized third parties may be able to access our users’ proprietary information and payment card data that are stored on or accessible through our systems. For more information regarding the cybersecurity-related risks we face, see the information in “Item 1A: Risk Factors” under the caption “Cyberattacks and data security breaches and incidents could significantly damage our reputation, reduce our revenues, increase our costs, result in litigation and regulatory penalties, and otherwise harm our business.” Our processes for assessing, identifying and managing cybersecurity risks and vulnerabilities are embedded across our business as part of our ERM program. Among other things, we (i) conduct audits and tests of our information systems (including reviews and assessments by independent third-party advisors) to help identify areas for continued focus and improvement; (ii) review cybersecurity threat information published by government entities and other organizations in which we participate; (iii) provide cybersecurity awareness training for all employees and enhanced training for information security and other specialized personnel; (iv) perform phishing simulation testing of all employees; (v) perform security risk assessments of third-party providers to evaluate controls, mitigations and contractual obligations, as well as reporting obligations in connection with cybersecurity events and other risks that could have an adverse impact on eBay data and information systems; (vi) perform security risk assessments of newly acquired companies as well as material changes to products and technologies and (vii) run tabletop exercises to simulate and test responses to cybersecurity incidents. We also maintain a “bug bounty” program to encourage professional security researchers to report potential security vulnerabilities to us. We use the findings from these and other processes, as well as benchmarking against industry practices, to improve our cybersecurity practices, procedures and technologies. We also have"
102338,VNCE,VINCE HOLDING CORP,2025,0000950170-25-062847,Item_13,0,64,"Item 13. CERTAIN RELATIONSHIPS AND RELATED TRANSACTIONS, AND DIRECTOR INDEPENDENCE. The information required by this Item is incorporated herein by reference from the Company's definitive proxy statement to be filed with the Securities and Exchange Commission in connection with our 2025 annual meeting of stockholders."
104584,VZ,VERIZON COMMUNICATIONS INC,2024,0000732712-24-000010,Item_9A,1,174,". Management has evaluated internal control over financial reporting of Verizon using the criteria for effective internal control established in Internal Control–Integrated Framework issued by the Committee of Sponsoring Organizations of the Treadway Commission in 2013. Management has assessed the effectiveness of Verizon’s internal control over financial reporting as of December 31, 2023. Based on this assessment, management believes that the internal control over financial reporting of Verizon is effective as of December 31, 2023. In connection with this assessment, there were no material weaknesses in Verizon’s internal control over financial reporting identified by management. The Company’s independent registered public accounting firm, Ernst & Young LLP, has provided an attestation report on Verizon’s internal control over financial reporting and is included in Item 8 of this Annual Report."
563,AAP,ADVANCE AUTO PARTS INC,2025,0001158449-25-000064,Item_12,0,64,"Item 12. Security Ownership of Certain Beneficial Owners and Management and Related Stockholder Matters . See the information set forth in the subsections entitled “Equity Compensation Plan Information” and “Security Ownership of Certain Beneficial Owners and Management” in the 2025 Proxy Statement, which is incorporated herein by reference."
27407,CWH,CAMPING WORLD HOLDINGS INC,2024,0001558370-24-001703,Item_2,1,304,"Indiana (County Road) (3) 256,652 14.3 X Elkhart, Indiana (Chelsea) (3) 115,991 11.4 2029 (1) Assumes exercise of applicable lease renewal options. (2) The Company transitioned the corporate headquarters and RV and Outdoor Retail headquarters during the first quarter of 2024 to a new Lincolnshire, IL office building. The new location, purchased in October 2022, consists of 42,845 square feet and is located on 3.45 acres. (3) These separate properties in Elkhart, Indiana function together as the distribution center for the RV furniture products within the RV and Outdoor Retail segment. As of December 31, 2023, we had 202 store locations in 43 states of which we lease 159 locations. These locations generally range in size from approximately 20,000 to 80,000 square feet and are typically situated on approximately 8 to 50 acres. The leases for our store locations typically have terms of 15 to 20 years, with multiple renewal terms of five years each. These leases are typically “triple net leases” that require us to pay real estate taxes, insurance and maintenance costs."
44409,GME,GAMESTOP CORP,2024,0001326380-24-000012,Item_9A,1,500,"or disposition of the Company’s assets that could have a material effect on the financial statements. Due to inherent limitations, internal control over financial reporting may not prevent or detect misstatements. Projections of any evaluation of effectiveness for future periods are subject to the risk that controls may become inadequate because of changes in conditions, or that the degree of compliance with the policies or procedures may deteriorate. Under the supervision and with the participation of our management, including our principal executive officer and principal financial officer, we conducted an evaluation of the effectiveness of our internal control over financial reporting, as of February 3, 2024, based on the Internal Control-Integrated Framework (2013) issued by the Committee of Sponsoring Organizations of the Treadway Commission, known as ""COSO"". Based on such evaluation, the Company’s management concluded that as of February 3, 2024, the Company’s internal control over financial reporting was effective at a reasonable assurance level. Deloitte & Touche LLP, our independent registered public accounting firm, has audited the effectiveness of our internal control over financial reporting as of February 3, 2024. Deloitte & Touche LLP’s opinion, as stated in their report which appears on the following page, is consistent with management’s report on internal control over financial reporting as set forth above. Changes in Internal Control Over Financial Reporting There was no change in our internal control over financial reporting (as such term is defined in Rules 13a-15(f) and 15d-15(f) under the Exchange Act) during our most recently completed fiscal quarter that has materially affected or is reasonably likely to material affect our internal control over financial reporting. 62 REPORT OF INDEPENDENT REGISTERED PUBLIC ACCOUNTING FIRM To the Stockholders and the Board of Directors of GameStop Corp. Opinion on Internal Control over Financial Reporting We have audited the internal control over financial reporting of GameStop Corp. and subsidiaries (the “Company”) as of February 3, 2024, based on criteria established in Internal Control — Integrated Framework (2013) issued by the Committee of Sponsoring Organizations of the Treadway Commission (COSO). In our opinion, the Company maintained, in all material respects, effective internal control over financial reporting as of February 3, 2024, based on criteria established in Internal Control — Integrated Framework (2013) issued by COSO. We have also audited"
68315,MUSA,MURPHY USA INC,2024,0001573516-24-000007,Item_14,0,55,Item 14. PRINCIPAL ACCOUNTANT FEES AND SERVICES Information required by this item is incorporated by reference to Murphy USA’s definitive Proxy Statement for the 2024 Annual Meeting of Stockholders under the caption “Audit Committee Report.” 50 Part IV
108065,WRBY,WARBY PARKER INC,2024,0001504776-24-000006,Item_7,16,500,"Canadian subsidiary. Liquidity and Capital Resources Since inception, we have financed our operations primarily from net proceeds from the sale of redeemable convertible preferred stock and cash flows from operating activities. As of December 31, 2023, we had cash and cash equivalents of $216.9 million, which was primarily held for working capital purposes, and an accumulated deficit of $666.8 million. We expect that operating losses could continue in the foreseeable future as we continue to invest in the expansion of our business. We believe our existing cash and cash equivalents, funds available under our existing credit facility, and cash flows from operating activities will be sufficient to fund our operations for at least the next 12 months. However, our future capital requirements will depend on many factors, including, but not limited to, growth in the number of retail stores, the needs of our optical laboratories and distribution network, expansion of our product offerings or service capabilities, and the timing of investments in technology and personnel to support the overall growth in our business. To the extent that current and anticipated future sources of liquidity are insufficient to fund our future business activities and requirements, we may be required to seek additional equity or debt financing. The sale of additional equity would result in dilution to our stockholders. The incurrence of debt financing would result in debt service obligations and the instruments governing such debt could provide for additional operating and financing covenants that would restrict our operations. There can be no assurances that we will be able to raise additional capital. In the event that additional financing is required from outside sources, we may not be able to negotiate terms acceptable to us or at all. In particular, rising interest and inflation rates, geopolitical unrest, and other macroeconomic factors have caused disruption in the global financial markets, which could reduce our ability to access capital and negatively affect our liquidity in the future. If we are unable to raise additional capital when required, or if we cannot expand our operations or otherwise capitalize on our business opportunities because we lack sufficient capital, our business, results of operations, financial condition, and cash flows would be adversely affected. Credit Facility 2022 Credit Facility In September 2022, the Company and its wholly owned subsidiary, Warby Parker Retail, Inc. (together, the “Borrowers”), entered into a Credit Agreement with Comerica Bank and the lenders from time to time party thereto (as amended, the “2022"
6263,ARKO,ARKO CORP,2024,0000950170-24-021416,Item_15,4,500,"3, 2021, by and between GPM Investments, LLC and Oak Street Real Estate Capital Net Lease Property Fund, LP. (incorporated by reference to Exhibit 10.1 to the Current Report on Form 8-K, filed on May 6, 2021 (filed at 4:30 p.m. EDT)) 10.13 First Amendment to Standby Real Estate Purchase, Designation and Lease Program, dated as of April 7, 2022, by and between GPM Investments, LLC and GPM Portfolio Owner LLC (incorporated by reference to Exhibit 10.1 to the Current Report on Form 8-K, filed on April 13, 2022). 10.14 Second Amended and Restated Master Covenant Agreement, dated June 24, 2021, by and between GPM Investments, LLC and M&T Bank (incorporated by reference to Exhibit 10.2 to the Current Report on Form 8-K, filed on June 24, 2021). 10.15 Fifth Amendment to Third Amended, Restated and Consolidated Revolving Credit and Security Agreement, dated October 14, 2021, by and among GPM Investments, LLC and certain of its subsidiaries as other borrowers and guarantors thereto, the lenders party thereto and PNC Bank, National Association (incorporated by reference to Exhibit 10.1 to the Current Report on Form 8-K, filed on October 18, 2021). 10.16* Sixth Amendment and Joinder to Third Amended, Restated and Consolidated Revolving Credit and Security Agreement, dated July 22, 2022, by and among GPM Investments, LLC and certain of its subsidiaries as other borrowers and guarantors thereto, the lenders party thereto and PNC Bank, National Association (incorporated by reference to Exhibit 10.2 to the Quarterly Report on Form 10-Q filed on August 8, 2022 ). 10.17** Amended and Restated Employment Agreement, dated as of January 1, 2020, by and between GPM INVESTMENTS, LLC and Eyal Nuchamovitz (incorporated by reference to Exhibit 10.28 to the Annual Report on Form 10-K, filed on February 25, 2022). 10.18 Amendment to Second Am"
92069,SONO,SONOS INC,2025,0001314727-25-000090,Item_2,0,92,"Item 2. Properties We are a global company with our corporate headquarters located in Santa Barbara County, California. In July 2023, we entered into a lease agreement in the city of Goleta located in Santa Barbara County, California and relocated our headquarters to this space in fiscal 2024. We also lease office space in various locations in the U.S. and around the world. We believe our existing facilities are adequate to meet our current requirements."
27335,CWH,CAMPING WORLD HOLDINGS INC,2024,0001558370-24-001703,Item_13,0,68,"Item 13. Certain Relationships and Related Transactions, and Director Independence The information required by this item will be included under the captions “Certain Relationships and Related Person Transactions” and “Corporate Governance—Director Independence” in our Proxy Statement for our 2024 Annual Meeting of Stockholders and, upon filing, is incorporated herein by reference."
36083,ETSY,ETSY INC,2026,0001370637-26-000019,Item_1,18,500,"4,555 Category 7: Employee Commuting and Remote Working 2 1,129 1,097 1,098 Category 9: Downstream Transportation & Distribution (total) [CN404-04] 332,150 338,387 333,385 Shipping 259,311 † 260,522 † 276,559 † Scope 3 GHG Emissions by Activity Source (continued) 2025 2024 2023 Packaging 72,839 † 77,865 † 56,826 † Category 11: Use of Sold Products - End User Energy Use 5,881 † 7,488 † 9,724 † Additional Environmental Metrics (unit of measure) Offices - Electricity (MWh) 2,603 2,666 2,568 Offices - Heating (MWh) 1,788 1,545 1,758 Remote Working - Electricity (MWh) 1,643 1,737 2,106 Remote Working - Heating (MWh) 1,763 1,809 1,871 Refrigerants (tCO 2 e included in Scope 1) 9 3 11 Notes on Our GHG Inventory The above emissions are not net of the application of carbon offsets. 1 In 2025, we switched emissions factors for our purchased goods and services data calculations from 2023-2025 above and have integrated the updates into our ‘Etsy, Inc. Climate Index’ and our Net Zero target progress above. Additionally, we integrated several supplier specific emissions calculations into our Purchased Goods and Services calculations that resulted in a substantial decrease compared to prior years. Our 2023 and 2024 Scope 3 Category 1 calculations above as well as prior years back to our 2020 baseline have been re-calculated to use the Comprehensive Environmental Data Archive (“CEDA”) emissions factors rather than the Environmentally Extended Input-Output (“EEIO”) factors and therefore are not assured. Additionally, we combined our separate ‘GCP’ category of emissions with our ‘Other Computing’ emissions under '’Computing’. 2 In 2025, Etsy changed the presentation of its emissions from business travel to be one category titled ‘"
96675,TSCO,TRACTOR SUPPLY CO,2024,0000916365-24-000046,Item_14,0,66,"Item 14. Principal Accountant Fees and Services The information set forth under the caption “Item 2 – Ratification of Reappointment of Independent Registered Public Accounting Firm” in our Proxy Statement for our Annual Meeting of Stockholders to be held on May 9, 2024, is incorporated herein by reference. PART IV"
33997,DXLG,DESTINATION XL GROUP INC,2025,0000950170-25-042703,Item_14,0,72,"Item 14. P rincipal Accountant Fees and Services Information with respect to this item is incorporated by reference from our definitive proxy statement (or amendment to this Annual Report on Form 10-K) to be filed with the SEC within 120 days of the end of the fiscal year ended February 1, 2025. PART IV."
29574,DDS,DILLARDS INC  -CL A,2026,0000028917-26-000006,Item_5,2,245,"above, in each of the Company’s Class A Common Stock, the Standard & Poor’s 500 Index and the Dow Jones U.S. Apparel Retailers Index as of the last day of each of the Company’s last five fiscal years. 2021 2022 2023 2024 2025 Dillard's, Inc. $ 299.72 $ 476.32 $ 517.95 $ 657.28 $ 892.65 S&P 500 121.00 112.98 139.91 172.77 201.02 DJ US Apparel Retailers 109.36 120.82 139.02 172.55 209.18"
8879,BARK,BARK INC,2024,0001819574-24-000025,Item_1A,6,500,". The COVID-19 pandemic has disrupted the global supply chain and may continue to cause disruptions to our operations. Many of our personnel continue to work remotely, which could have a negative impact on the execution of our business plans and operations. Natural disasters, power outages, connectivity issues, or other events that impact our employees’ ability to work remotely, could disrupt business for a substantial period of time. The increase in remote working may also result in consumer privacy, IT security and fraud concerns as well as increase our exposure to potential wage and hour issues. While conditions appear to have improved, the COVID-19 pandemic has had, and continues to have, unprecedented and unexpected effects on the global economy, civil society, labor markets, and certain industries. As a result, it is difficult to predict the magnitude or scope of the adverse impacts that these effects may have directly, or indirectly, on our business, operating results and financial condition in the future. Risks Related to our Manufacturing, Inventory and Supply Chain Our business critically relies on a limited number of suppliers, manufacturers, and logistics partners. We rely on a limited number of contract manufacturers, suppliers and logistics providers to manufacture and transport our products. We do not currently have alternative or replacement providers and we do not generally maintain long-term supply contracts with any of these providers. We face a number of risks relating to these providers, including: • our suppliers, manufacturers or logistics partners could be impacted by a natural disaster, an epidemic or pandemic, or other interruptions at a particular location; • our manufacturers and suppliers are primarily located in Asia, which introduces risks related to geopolitical developments and differences in regulatory standards and legal systems; • our existing supply channels may not be able to satisfy a significant increase in demand for our products, or we may need to replace an existing manufacturer or supplier. It could take a significant amount of time to identify a manufacturer or supplier that has the capability and resources to manufacture our products to our specifications in sufficient volume, and with acceptable quality control, technical capabilities, responsiveness and service, financial stability, regulatory compliance, and labor and other ethical practices; • our current product purchases are centralized among a few manufacturers and suppliers to realize substantial cost savings, which exposes us to credit and other risks, including insolvency, financial difficulties, supply chain delays or other factors which may result in our manufacturers or suppliers not being able to fulfill the terms of their agreements with us; and • we"
97525,T,AT&T INC,2025,0000732717-25-000013,Item_1,8,500,"the services we have offered historically are in secular decline and, going forward, we will focus on our owned and operated connectivity services powered by 5G and fiber as well as evaluating opportunities where we can turn down existing copper infrastructure. Equipment Equipment revenues include customer premises equipment. Consumer Wireline – Our Consumer Wireline business unit provides broadband services, including fiber connections, AIA and legacy telephony voice communication services, to customers in the United States by utilizing our IP-based and copper wired network. Our Consumer Wireline business unit revenue includes the following categories: broadband, legacy voice and data services and other service and equipment. Broadband Service We provide broadband and internet services to approximately 14.1 million customers, including 9.3 million fiber broadband subscribers at December 31, 2024. With changes in video viewing preferences and the impacts of remote learning trends, we are experiencing increasing demand for high-speed broadband services. We believe our investment in expanding our industry-leading fiber network positions us to be a leader in wired connectivity. Our focus on fiber brings owners economics and expected efficiencies while we continue to evaluate opportunities where we can turn down existing copper infrastructure. We believe that our flexible platform, with a broadband and wireless connection, is the most efficient way to transport direct-to-consumer video and data experiences both at home and on mobile devices. Through this integrated approach, we can optimize the use of storage in the home as well as in the cloud, while also providing a seamless service for consumers across screens and locations. Legacy Voice and Data Services Revenues from our traditional voice services continue to decline as customers switch to wireless or VoIP services provided by us, cable companies or other internet-based providers. Other Service and Equipment Other service revenues include VoIP services, customer fees and equipment. Additional information on our Communications segment is contained in the “Overview” section of Item 7. LATIN AMERICA Our Latin America segment provides wireless service in Mexico. We utilize our regional and national wireless networks in Mexico to provide consumer and business customers with wireless data and voice communication services. The Latin America segment provided approximately 3% of 2024 segment operating revenues and less than 1% of our 2024 total segment operating income. We divide our revenue into the following categories: service and equipment. 4 AT&T Inc. Dollars in millions except per share amounts Service We provide postpaid and prepaid wireless services in Mexico to approximately"
50621,HVT,HAVERTY FURNITURE,2026,0001628280-26-012199,Item_7A,0,200,"Item 7A. QUANTITATIVE AND QUALITATIVE DISCLOSURES ABOUT MARKET RISK Market risk represents the potential loss arising from adverse changes in the value of financial instruments. The risk of loss is assessed based on the likelihood of adverse changes in fair values, cash flows or future earnings. In the ordinary course of business, we are exposed to various market risks, including fluctuations in interest rates. Our exposure to interest rate risk relates to the interest income generated by cash, cash equivalents, and interest expense on the Credit Facility. The primary objective of our investment policy is to preserve principal while maximizing income without significantly increasing risk. We do not believe that an increase or decrease in interest rates of 100 basis points would have a material effect on our operating results or financial condition. During 2025 and 2024, we had no outstanding borrowings under our Credit Agreement (as discussed in Note 6 to the Consolidated Financial Statements), which bears interest based on variable rates."
47786,GRPN,GROUPON INC,2026,0001628280-26-016429,Item_2,0,76,"Item 2. PROPERTIES As of December 31, 2025, we owned no property and leased 16 facilities throughout the world. Our corporate headquarters is located in Chicago, Illinois. We believe that our leased properties are in good condition and meet the needs of our business, and that suitable additional or alternative space will be available as needed to accommodate our business operations."
63338,LZB,LA-Z-BOY INC,2024,0000057131-24-000028,Item_9B,0,223,"Item 9B. OTHER INFORMATION. Securities Trading Plans of Directors and Officers On March 22, 2024 , Ms. Janet Kerr , a member of the Company’s Board of Directors , adopted a trading arrangement for the sale of securities of the Company’s common stock (a the “Rule 10b5-1 Trading Plan”) that is intended to satisfy the affirmative defense conditions of Securities Exchange Act Rule 10b5-1(c). Ms. Kerr’s Rule 10b5-1 Trading Plan, which has a term duration of six months , provides for the sale of up to 3,890 shares of common stock pursuant to the terms of the plan. Other than as described above, during the quarter ended April 27, 2024, none of our directors or officers adopted or terminated a Rule 10b5-1 trading plan or adopted or terminated a non-Rule 10b5-1 trading arrangement (as each term is defined in Item 408(a) of Regulation S-K)."
93735,TDUP,THREDUP INC,2024,0001484778-24-000035,Item_16,0,400,"Item 16. Form 10-K Summary None. SIGNATURES Pursuant to the requirements of Section 13 or 15(d) of the Securities Exchange Act of 1934, the registrant has duly caused this report to be signed on its behalf by the undersigned, thereunto duly authorized. THREDUP INC. By: /s/ SEAN SOBERS Sean Sobers Chief Financial Officer (Principal Financial and Accounting Officer) Date: March 4, 2024 POWER OF ATTORNEY KNOW ALL PERSONS BY THESE PRESENTS, that each person whose signature appears below constitutes and appoints Sean Sobers and Alon Rotem, and each of them, as his or her true and lawful attorneys-in-fact and agents, with full power of substitution and resubstitution, for him or her and in his or her name, place and stead, in any and all capacities, to sign any and all amendments to this Annual Report on Form 10-K, and to file the same, with all exhibits thereto, and other documents in connection therewith, with the Securities and Exchange Commission, granting unto said attorneys-in-fact and agents full power and authority to do and perform each and every act and thing requisite or necessary to be done in connection therewith, as fully to all intents and purposes as he or she might or could do in person, hereby ratifying and confirming all that said attorneys-in-fact and agents, or any of them, or their, his or her substitute or substitutes, may lawfully do or cause to be done by virtue hereof. Pursuant to the requirements of the Securities Exchange Act of 1934, this report has been signed below by the following persons on behalf of the registrant and in the capacities and on the dates indicated."
725,AAP,ADVANCE AUTO PARTS INC,2026,0001193125-26-051305,Item_11,0,68,"Item 11. Execu tive Compensation . See the information set forth in the sections entitled “Compensation Committee Report,” “Compensation Discussion and Analysis,” “Compensation Program Risk Assessment,” “Additional Information Regarding Executive Compensation” and “Director Compensation” in the 2026 Proxy Statement, which is incorporated herein by reference."
2198,ACI,ALBERTSONS COS INC,2026,0001646972-26-000032,Item_1,7,500,"Chief Information Officer since joining the Company in December 2015. Prior to joining the Company, Mr. Dhanda served as Senior Vice President of Digital Commerce of the Giant Eagle supermarket chain from March to December 2015, and as its Chief Information Officer from September 2013. Prior to Giant Eagle, from March 2008 to August 2013, Mr. Dhanda served as Chief Information Officer of PNC Financial Services, a bank holding company and financial services corporation. Michelle Larson has served as our Chief Merchandising Officer since May 2025. Ms. Larson previously served as our Executive Vice President of Retail Operations, West Region since April 2024, our Executive Vice President of Retail Operations, East Region since March 2023 and as our Southwest and Shaw’s Division President since 2018. Ms. Larson also served in various roles and positions of increasing responsibility since joining the Company in 1995. Thomas Moriarty has served as our Executive Vice President, M&A and Corporate Affairs since March 2025 and leads the functions of M&A, Business Development, Government Relations, Corporate Communications, Sustainability and Legal. Mr. Moriarty served as our Executive Vice President, General Counsel and Chief Policy Officer since June 2023. Prior to joining the Company, Mr. Moriarty served as EVP, Chief Policy and External Affairs Officer and General Counsel at CVS Health where he spent more than ten years in roles of increasing responsibility. Allison Pinkham has served as our Executive Vice President and Chief Human Resources Officer since February 2026. Prior to joining the Company, Ms. Pinkham served as Chief Human Resources Officer at Galderma, a global dermatology category leader from 2021 to 2026. Prior to joining Galderma, Ms. Pinkham served as the Chief People Officer at Heineken USA. Evan Rainwater has served as our Executive Vice President, Supply Chain, Manufacturing and Strategic Sourcing since March 2020 and our Senior Vice President, Supply Manufacturing since May 2019. Mr. Rainwater joined the Company in May 2005 as Vice President, Manufacturing. Michael Withers has served as our Executive Vice President of Retail Operations, West Region since May 2025. Mr. Withers previously served as our Executive Vice President of Retail Operations, California since February 2025, President of our Jewel-Osco division from September 2019 and"
68859,M,MACY'S INC,2024,0001628280-24-012734,Item_11,0,64,"Item 11. Executive Compensation. Information called for by this item is set forth under “Compensation Discussion & Analysis,” “Compensation of the Named Executive Officers for 2023,” “Compensation Committee Report,” and ""Further Information Concerning the Board of Directors"" in the Proxy Statement and incorporated herein by reference."
32491,DKS,DICKS SPORTING GOODS INC,2024,0001089063-24-000037,Item_7A,0,494,"Item 7A. QUANTITATIVE AND QUALITATIVE DISCLOSURES ABOUT MARKET RISK Interest Rate Risk We maintain our Credit Facility to support potential liquidity and capital needs. The interest rate under our current Credit Facility is variable and is benchmarked to, at our option, an alternate base rate or an adjusted secured overnight financing rate (“SOFR”) plus, in each case, an applicable margin percentage. As of February 3, 2024 and January 28, 2023, there were no outstanding borrowings under the Credit Facility, and we did not draw on our Credit Facility during fiscal 2023 or fiscal 2022. Accordingly, a hypothetical 100 basis point increase or decrease in interest rates would not have materially affected our financial condition, results of operations or cash flows. The cash coupons on our Senior Notes are fixed. Accordingly, interest expense related to these instruments is not affected by interest rate fluctuations. However, the fair value of our fixed rate debt will generally fluctuate with movements of interest rates. The fair value of our debt instruments with fixed interest rates is disclosed in Part IV. Item 15. Exhibits and Financial Statement Schedules, Note 11 – Fair Value Measurements. Our cash equivalents generate interest income that is variable in relation to short-term interest rates. Accordingly, utilizing average cash equivalents balances during 2023, a hypothetical 100 basis point change in interest rates would have affected income before income taxes by approximately $16 million. Impact of Inflation Inflationary factors such as increases in the cost of our products, overhead costs or wage rates may adversely affect our operating results. Although we do not believe that inflation has had a material impact on our financial position or results of operations to date, a high rate of inflation in the future may adversely impact consumer demand or have an adverse effect on our ability to maintain current levels of gross margin and selling, general and administrative expenses as a percentage of net sales if the selling prices of our products do not increase with inflation. Seasonality and Quarterly Results Our business is subject to seasonal influences, including the success of holiday selling season and the impact of unseasonable weather conditions. Although our highest sales and operating income results have historically occurred in the second and fourth fiscal quarters, our business has increasingly been less affected by seasonal fluctuations in recent years. However, results for any quarter are not necessarily indicative of the results that may be achieved for the fiscal year."
56657,LAKE,LAKELAND INDUSTRIES INC,2025,0001654954-25-004352,Item_15,1,500,"reference to Exhibit 2.3 of Lakeland Industries, Inc.’s Form 10-K filed April 11, 2024). 2.4 Share Sale and Purchase Agreement, by and between Kantaras Investments Pte. Ltd., Lakeland Global Safety, Ltd., dated April 2, 2024 (incorporated by reference to Exhibit 2.2 of Lakeland Industries, Inc.’s Form 10-Q filed on June 6, 2024). 2.5 Stock Purchase Agreement, by and between William A. Van Lent and Lakeland Industries, Inc., dated as of December 16, 2024 (filed herewith). 3.1 Restated Certificate of Incorporation of Lakeland Industries, Inc., as amended (incorporated by reference to Exhibit 4.1 of Lakeland Industries, Inc.’s Registration Statement on Form S-8 filed on September 3, 2021) . 3.2 Amended and Restated Bylaws of Lakeland Industries Inc., (incorporated by reference to Exhibit 3.1 of Lakeland Industries, Inc.’s Form 8-K filed April 28, 2017) . 4.1 Description of Securities of the Registrant (incorporated by reference to Exhibit 4.1 of Lakeland Industries, Inc.’s Form 10-K filed April 18, 2023) . 10.1 Form of Stock Option Certificate and Agreement (incorporated by reference to Exhibit 10.1 of Lakeland Industries, Inc. Form 10-Q filed September 9, 2019).* 10.2 Lakeland Industries, Inc. Form of Indemnity Agreement (incorporated by reference to Exhibit 10.1 to Lakeland Industries, Inc. Form 8-K filed June 29, 2012) . 10.3 Lease Agreement dated April 4, 2011, between Wallingfen Park Limited, as lessor, and Lakeland Industries Europe Limited, as lessee (incorporated by reference to Exhibit 10.1 of Lakeland Industries, Inc. Form 10-Q for fiscal quarter ended April 30, 2015) . 10.4 Agreement for the Purchase of Debts dated January 29, 2013 between HSBC Invoice Finance (UK) Limited and Lakeland Industries Europe Limited (incorporated by reference to"
81465,RDNW,RIDENOW GROUP INC,2024,0001596961-24-000021,Item_5,0,221,"Item 5. MARKET FOR REGISTRANT’S COMMON EQUITY, RELATED STOCKHOLDER MATTERS AND ISSUER PURCHASE OF EQUITY SECURITIES. Market Information Our Class B Common Stock is listed on the Nasdaq Global Select Market (“NASDAQ”) under the symbol “RMBL.” Holders of Common Stock As of March 18, 2024, we had approximately 50 stockholders of record of 35,153,241 outstanding shares of Class B Common Stock and two holders of record of 50,000 outstanding shares of Class A Common Stock. Dividends We have never declared or paid any cash dividends. We currently do not intend to pay cash dividends in the foreseeable future on the shares of common stock. We intend to reinvest any earnings in the development and expansion of our business. Any cash dividends in the future to common stockholders will be payable when, as and if declared by our board of directors, based upon the Board's assessment. Therefore, there can be no assurance that any dividends on the common stock will ever be paid."
38441,FIGS,FIGS INC,2026,0001628280-26-012333,Item_2,0,195,"Item 2. Properties. We are headquartered in Santa Monica, California, where we lease office space under a lease agreement that is expected to expire in 2033. We use our headquarters for product innovation and design, content creation, technology, customer experience and general office use. We also maintain dedicated photo studio space at our headquarters. Our sole fulfillment center is located in Goodyear, Arizona. The facility is leased by us under a lease agreement that expires in 2031 and is operated by a third-party logistics provider. We also from time to time maintain warehouse space with other third-party logistics providers pursuant to service agreements or leases. We currently operate five retail stores across the United States. All of our retail properties are leased by us under lease agreements expected to expire at various dates between 2028 and 2036. We believe that these facilities are sufficient to meet our current needs and that suitable additional space will be available to accommodate expansion of our operations if needed."
59959,LE,LANDS' END INC,2026,0001193125-26-126210,Item_2,0,345,"Item 2. PR OPERTIES Facilities and Store Locations We own or lease domestic and international properties used as offices, customer service centers, distribution centers and Company Operated stores. We believe that our existing facilities are well maintained and are sufficient to meet our current needs. We review all leases with upcoming expiration dates in the short term to determine the appropriate action to take with respect to them, including exercising an option to renew, if any, moving or closing facilities or entering into new leases. Domestic Headquarters, Customer Service and Distribution Properties The headquarters for our business is located on an approximately 200 acre campus in Dodgeville, Wisconsin. The Dodgeville campus includes approximately 1.8 million square feet of building space between multiple different buildings that are all owned by the Company. The primary functions of these buildings are customer service, distribution center and corporate headquarters. We also own customer service and distribution centers in Reedsburg and Stevens Point, Wisconsin. We also lease office space in New York, New York and in Chicago, Illinois, primarily to support our marketing, merchandising and B2B operations. International Offices, Customer Service and Distribution Properties We own a distribution center and customer service center in Oakham, United Kingdom that supports our European business. We lease one building in Mettlach, Germany for offices supporting our European Union business. We also lease office space for our global sourcing office located in Kwun Tong, Hong Kong. Lands’ End Retail Properties As of January 30, 2026, our U.S. retail footprint consists of 21 Company Operated stores. The U.S. Company Operated stores are leased and average approximately 7,900 square feet."
7665,ATER,ATERIAN INC,2024,0001437749-24-008398,Item_7,20,500,"compliance with the minimum bid price requirement during the compliance period, or maintain compliance with the other Nasdaq listing requirements. In the future, if our common stock remains below the continued listing standard of $1.00 per share or otherwise fails to satisfy any of the Nasdaq continued listing requirements, and if we are unable to cure such deficiency during any subsequent cure period, our common stock could be delisted from the Nasdaq. If our common stock ultimately were to be delisted for any reason, we could face a number of significant material adverse consequences, including limited availability of market quotations for our common stock; limited news and analyst coverage; decreased ability to obtain additional financing or failure to comply with the covenants with our current lenders; limited liquidity for our stockholders due to thin trading; and the potential loss of confidence by investors, employees and other third parties who we do business with. In order to comply with the Minimum Bid Price Rule, we plan to effect a reverse split of our common stock which could impact the market price for our stock, limit our ability to raise capital or otherwise limit our ability to execute acquisition transactions and there is no assurance that the market price or trading volume for our common stock will not further decline after effecting such split. Restructuring —On May 9, 2023, the Company announced a plan to reduce expenses by implementing a reduction in its current workforce impacting approximately 50 employees and 15 contractors, primarily in the Philippines. The Company recognized restructuring charges $1.6 million for the year-ended December 31, 2023, respectively. On February 8, 2024, the Company committed to a fixed cost-cutting plan, including a reduction in workforce which will result in the termination of approximately 21 employees and 27 contractors globally. The Company expects to substantially complete this reduction by the end of the first quarter of 2024. The Company expects to recognize restructuring charges in connection with the plan, primarily related to severance, of $0.6 million. The Company expects the charges will be recognized primarily in the first quarter of 2024, with the majority of such charges anticipated to be paid by the end of the first quarter of 2024. As part of this plan, the Company has shifted the architecture of its technology platform away from a fully internally developed model to an integrated third-party, best-of-breed model. MidCap Credit Facility —On December 22,"
101683,VFC,VF CORP,2026,0000103379-26-000030,Item_9A,0,391,"Item 9A. CONTROLS AND PROCEDURES. CONCLUSION REGARDING THE EFFECTIVENESS OF DISCLOSURE CONTROLS AND PROCEDURES Under the supervision of the Chief Executive Officer and the Chief Financial Officer, VF conducted an evaluation of the effectiveness of the design and operation of VF’s “disclosure controls and procedures” as defined in Rules 13a-15(e) or 15d-15(e) of the Securities Exchange Act of 1934 (the “Exchange Act”) as of March 28, 2026. These require that VF ensure that information required to be disclosed by VF in reports that it files or submits under the Exchange Act is recorded, processed, summarized and reported within the time periods specified in the Securities and Exchange Commission’s rules and forms and that information required to be disclosed in the reports filed or submitted under the Exchange Act is accumulated and communicated to VF’s management, including the principal executive officer and principal financial officer, to allow timely decisions regarding required disclosures. Based on VF’s evaluation, the principal executive officer and the principal financial officer concluded that VF’s disclosure controls and procedures were effective as of March 28, 2026. MANAGEMENT’S REPORT ON INTERNAL CONTROL OVER FINANCIAL REPORTING See page F-2 of this Annual Report for “Management’s Report on Internal Control Over Financial Reporting.” REPORT OF REGISTERED PUBLIC ACCOUNTING FIRM See page F-3 of this Annual Report for the “Report of Independent Registered Public Accounting Firm.” CHANGES IN INTERNAL CONTROL OVER FINANCIAL REPORTING There were no changes in VF’s internal control over financial reporting that occurred during its last fiscal quarter that have materially affected, or are reasonably likely to materially affect, VF’s internal control over financial reporting."
40773,FND,FLOOR & DECOR HLDGS,2026,0001628280-26-009770,Item_11,0,79,"Item 11. EXECUTIVE COMPENSATION. The information required by this Item will be set forth in the Proxy Statement and is incorporated herein by reference, under the captions “Executive Compensation” and “Compensation of Our Directors,” provided, however, that the subsections entitled “Compensation Committee Report” and “Pay Versus Performance” shall not be deemed to be incorporated by reference."
51395,IMKTA,INGLES MARKETS INC  -CL A,2024,0000050493-24-000018,Item_12,0,65,"Item 12. SECURITY OWNERSHIP OF CERTAIN BENEFICIAL OWNERS AND MANAGEMENT AND RELATED STOCKHOLDER MATTERS The information required by this Item is incorporated herein by reference to the information to be contained in the definitive Proxy Statement referred to above in “Item 10. Directors, Executive Officers and Corporate Governance.”"
15180,BSET,BASSETT FURNITURE INDS,2026,0001437749-26-003189,Item_1A,2,500,"and traditional direct mail and television in 2026. We have also invested heavily in our website and e-commerce. We cannot provide assurance that our marketing, advertising and other efforts to promote and maintain awareness of our brand will not require us to incur substantial costs. If these efforts are unsuccessful or we incur substantial costs in connection with these efforts, our business, operating results and financial condition could be adversely affected. Risks Related to Material Sourcing and Supply Our use of foreign sources of production for a portion of our products exposes us to certain additional risks associated with international operations. Our use of foreign sources for the supply of certain of our products exposes us to risks associated with overseas sourcing. These risks are related to government regulation, volatile ocean freight costs, delays in shipments, and extended lead time in ordering. The U.S. government as well as governments in the foreign countries where we source our products may change their laws, regulations and policies, including those related to tariffs and trade barriers, investments, taxation and exchange controls which could make it more difficult to service our customers resulting in an adverse effect on our earnings. Fluctuations in the price, availability and quality of raw materials could result in increased costs or cause production delays which might result in a decline in sales, either of which could adversely impact our earnings. We use various types of wood, foam, fibers, fabrics, leathers, and other raw materials in manufacturing our furniture. Certain of our raw materials, including fabrics, are purchased both abroad and domestically. Fluctuations in the price, availability and quality of raw materials could result in increased costs or a delay in manufacturing our products, which in turn could result in a delay in delivering products to our customers. For example, lumber prices fluctuate over time based on factors such as weather and demand, which in turn impact availability. There is no guarantee that we will be able to successfully pass along additional cost increases as they arise and rising inflation could have an adverse impact upon consumer demand for discretionary items such as home furnishings. Production delays or upward trends in raw material prices could result in lower sales or margins, thereby adversely impacting our earnings. 8 Risks Related to Electronic Data Processing and Digital Information We rely extensively on computer systems to process transactions, summarize results and manage our business. Disruptions in both our primary and back-up systems could adversely affect our business and operating results. Our primary and back-up computer systems are subject to damage or interruption from power outages, computer and telecommunications failures"
9104,BARK,BARK INC,2025,0001819574-25-000024,Item_7A,0,411,"Item 7A. QUANTITATIVE AND QUALITATIVE DISCLOSURES ABOUT MARKET RISK Interest Rate Risk As of March 31, 2025, we had cash and cash equivalents of approximately $94.0 million consisting of bank deposits and money market accounts. Due to the short-term duration of our cash equivalents, we have not been exposed, nor do we anticipate being exposed, to material risks due to changes in interest rates. A hypothetical 10% increase in interest rates during any of the periods presented would not have had a material impact on our consolidated financial statements. We are primarily exposed to changes in short-term interest rates with respect to our cost of borrowing under our Western Alliance Agreement. As of March 31, 2025 there were no outstanding borrowings under the Credit Facility. We monitor our cost of borrowing under our facility, taking into account our funding requirements, and our expectations for short-term rates in the future. A hypothetical 10% change in the interest rate on our Western Alliance Agreement for all periods presented would not have a material impact on our consolidated financial statements. Inflation Risk We do not believe that inflation has had a material effect on our business, financial condition, or results of operations. Nonetheless, if our costs were to become subject to significant inflationary pressures, we may not be able to fully offset such higher costs through price increases. Our inability or failure to do so could harm our business, financial condition, and results of operations. Please refer to the Part I, Item 1A: “Risk Factors” in this Annual Report on Form 10-K for further information. Foreign Exchange Risk We operate our business primarily within the United States and currently execute the majority of our transactions in U.S. dollars. As a result, we have only limited foreign translation or exchange risk, which we do not expect to have a material impact on our consolidated financial statements. We have not utilized hedging strategies with respect to such limited foreign translation or exchange risk."
44506,GME,GAMESTOP CORP,2026,0001326380-26-000013,Item_7A,0,500,"Item 7A. QUANTITATIVE AND QUALITATIVE DISCLOSURES ABOUT MARKET RISK We are exposed to market risk due to foreign currency fluctuations as well as volatility associated with our holdings of Bitcoin, described more fully below. Foreign Currency Risk We may use forward exchange contracts to manage currency risk primarily associated with intercompany loans denominated in non-functional currencies. The forward contracts are not designated as hedging instruments under ASC 815; therefore, changes in their fair value are recognized in earnings and offset the current-period re-measurement effects of the related intercompany loans. The aggregate fair value of our forward exchange contracts as of January 31, 2026 and February 1, 2025 was a net liability of zero for both periods. Fair value measurements are based on observable market inputs obtained from financial reporting services, such as Bloomberg , and industry-standard valuation models incorporating quoted forward prices, time value, volatility factors, and contractual terms, as well as relevant economic assumptions. As of January 31, 2026, we had no outstanding derivatives contracts, and accordingly, no foreign currency derivatives exposure. We do not use derivative financial instruments for trading or speculative purposes. We are exposed to counterparty credit risk on all derivative financial instruments and cash-equivalent investments. Counterparty risk is managed in accordance with our risk management and investment policies, which include ongoing monitoring of counterparty financial strength and the use of multiple counterparties to reduce concentration risk. Covered call options In addition to foreign currency risk, we are exposed to market price volatility associated with our holdings of Bitcoin. To mitigate a portion of this exposure and to generate incremental yield, we employ a covered‑call strategy by selling Bitcoin call options. These written call option contracts limit our participation in Bitcoin price appreciation above the contractual 35 strike prices while continuing to expose us to the full extent of downward price movements; premiums received provide only a limited offset to potential losses. The options are freestanding derivative instruments and are not designated as hedging instruments under ASC 815. Our covered‑call contracts are over-the-counter (""OTC"") derivatives entered into with Coinbase Credit, Inc. and are typically short‑dated. Under the agreements, Bitcoin is pledged as collateral and can be rehypothecated, re-pledged, or otherwise deployed by Coinbase. As of January 31, 2026, we had outstanding covered‑call option contracts referencing approximately 4,709 Bitcoin,"
17114,CART,MAPLEBEAR INC,2025,0001579091-25-000015,Item_7A,0,500,"Item 7A. Quantitative and Qualitative Disclosures About Market Risk We are exposed to market risks in the ordinary course of our business. These risks primarily include foreign currency and exchange risk, interest rate risk, and inflation risk as follows: Foreign Currency and Exchange Risk We transact business globally in multiple currencies, with the vast majority of our cash generated from revenue denominated in U.S. dollars and a small amount denominated in Canadian dollars, Australian dollars, and euros. Our international revenue, as well as costs and expenses denominated in foreign currencies, expose us to the risk of fluctuations in foreign currency exchange rates against the U.S. dollar. We have experienced and will continue to experience fluctuations in our net income (loss) as a result of transaction gains or losses related to remeasurement of certain asset and liability balances that are denominated in currencies other than the functional currency of the entities in which they are recorded. The effect of a hypothetical 20% change in foreign currency exchange rates applicable to our business would not have a material impact on our consolidated financial statements. As the impact of foreign currency exchange rates has not been material to our historical results of operations, we have not entered into derivative or hedging transactions, but we may do so in the future if our exposure to foreign currency becomes more significant. Interest Rate Risk As of December 31, 2024, we had cash and cash equivalents of $1.3 billion and marketable securities of $91 million invested in a variety of securities, including money market funds and U.S. government and agency securities. In addition, we had $171 million of restricted cash and cash equivalents primarily due to legally restricted funds maintained in a bank account pursuant to an agreement with a payment card issuer and outstanding letters of credit established in connection with lease agreements for our facilities. Our cash, cash equivalents, and marketable securities are held for working capital purposes. We do not enter into investments for trading or speculative purposes. Due to the short-term durations and nature of our investments, we have not been exposed to, nor do we anticipate being exposed to, material risks due to changes in interest rates. We may be exposed to further interest rate risk if we revise our strategy to invest in longer term securities in the future. A hypothetical 10% increase or decrease in interest rates would not have had a material impact on our consolidated financial statements as of December 31, 2024. Inflation Risk We do not believe that"
102336,VNCE,VINCE HOLDING CORP,2025,0000950170-25-062847,Item_11,0,53,Item 11. EXECUTI VE COMPENSATION. The information required by this Item is incorporated herein by reference from the Company's definitive proxy statement to be filed with the Securities and Exchange Commission in connection with our 2025 annual meeting of stockholders.
63065,LVLU,LULU'S FASHION LOUN HOLD INC,2025,0001558370-25-003845,Item_1C,1,335,"landscape. These tests and assessments are useful tools for maintaining a robust cybersecurity program to protect our investors, customers, employees, vendors and intellectual property. In addition to assessing our own cybersecurity preparedness, the Audit Committee and the IT security team also consider and evaluate cybersecurity risks associated with use of third-party service providers. Our Board previously had a Technology and Innovation Committee which oversaw jointly, alongside the Audit Committee, matters of technology, innovation, cybersecurity and information security. The Technology and Innovation Committee was dissolved in September 2024 as part of the Company’s Board restructuring and its responsibilities were redistributed to the Audit Committee . The Audit Committee and the full Board actively participate in discussions with management and amongst themselves regarding cybersecurity risks. The Audit Committee receives quarterly cybersecurity reports, which include a review of key performance indicators, test results and related remediation, and recent threats and how the Company is managing those threats. The Audit Committee oversees cybersecurity disclosures and receives periodic reports from management and the IT team. Further, the Audit Committee periodically discusses the Company’s actions to identify and detect threats, as well as its cybersecurity strategic roadmap. In the fiscal year ended December 29, 2024, we did not identify any cybersecurity threats that have materially affected or are reasonably likely to materially affect our business strategy, results of operations or financial condition. However, despite our efforts, we cannot eliminate all risks from cybersecurity threats or provide assurances that we have not experienced undetected cybersecurity incidents. For additional information about these risks, see “Risks Related to Our Technology Infrastructure” in Item 1A-Risk Factors."
63594,LZB,LA-Z-BOY INC,2026,0000057131-26-000019,Item_2,0,219,"Item 2. PROPERTIES. Properties owned or leased at April 25, 2026 by segment: (Amounts in millions) Square Feet Wholesale 8.1 Retail 4.4 Corporate and Other 0.6 Active manufacturing, warehousing and distribution centers, office, showroom and retail facilities 13.1 Idle facilities 0.1 Total property 13.2 Our active facilities and retail locations are located across the United States and in Mexico, Thailand, Canada, China, and Hong Kong. We own our world headquarters building in Monroe, Michigan and all of our domestic manufacturing plants. A joint venture in which we participate owns our Thailand plant. We lease the majority of our retail stores and showrooms, warehouses and distribution centers, certain office space and our manufacturing facilities in Mexico. For information on operating lease terms for our properties, refer to Note 6, Leases, to our consolidated financial statements, which is included in Item 8, Financial Statements and Supplementary Data, of this report."
54501,KR,KROGER CO,2025,0001558370-25-004267,Item_1A,6,500,"whether as a result of our action or inaction (including human error) or that of our business associates, vendors or other third parties, could adversely affect our brand and reputation and operating results and also could expose and/or has exposed us to mandatory disclosure to the media, litigation (including class action litigation), governmental investigations and enforcement proceedings, material fines, penalties and/or remediation costs, and compensatory, special, punitive and statutory damages, consent orders, and/or injunctive relief, any of which could adversely affect our businesses, financial condition, results of operations or cash flows. Large scale data breaches at other entities, including supply chain related security vulnerabilities, increase the challenge we face in maintaining the security of our information technology systems and proprietary information and of our customers’ information. There can be no assurance that such failures will not occur, or if any do occur, that we will detect them or that they can be sufficiently remediated. The use of data by our business and our business associates is highly regulated. Privacy and information-security laws and regulations change, and compliance with them may result in cost increases due to, among other things, systems changes and the development of new processes. If we, our third-party service providers, or those with whom we share information fail to comply with laws and regulations, or self-regulatory regimes, that apply to all or parts of our business, such as section 5 of the FTC Act, the California Consumer Privacy Act (CCPA), the Health Insurance Portability and Accountability Act (HIPAA), or applicable international laws such as the EU General Data Protection Regulation (GDPR), our reputation could be damaged, possibly resulting in lost business, and we could be subjected to additional legal risk or financial losses as a result of non-compliance. 13 PAYMENT SYSTEMS We accept payments using a variety of methods, including cash and checks, select credit and debit cards, and Kroger Pay, a mobile payment solution. As we offer new payment options to our customers, we may be subject to additional rules, regulations, compliance requirements, and higher fraud losses. For certain payment methods, we pay interchange and other related acceptance fees, along with additional transaction processing fees. We rely on third parties to provide payment transaction processing services for credit and debit cards. It could disrupt our business if these companies become unwilling or unable to provide these services to us, including due to short term disruption of service. We are also subject to evolving payment"
66402,MHK,MOHAWK INDUSTRIES INC,2026,0000851968-26-000011,Item_5,0,500,"Item 5. Market for Registrant’s Common Equity, Related Stockholder Matters and Issuer Purchases of Equity Securities Market for the Common Stock The Company’s common stock, $0.01 par value per share (the “Common Stock”), is quoted on the New York Stock Exchange under the symbol “MHK”. As of February 19, 2026, there were 196 holders of record of Common Stock. The Company has not paid or declared any cash dividends on shares of its Common Stock since completing its initial public offering. The payment of future cash dividends will be at the discretion of the Board of Directors and will depend upon the Company’s profitability, financial condition, cash requirements, future prospects and other factors deemed relevant by the Board of Directors. Issuer Purchases of Equity Securities On July 24, 2025, the Company’s Board of Directors approved a new share repurchase program, authorizing the Company to repurchase up to $500 million of its common stock (the “2025 Share Repurchase Program”). For the three months ended December 31, 2025, the Company purchased $40.7 million of its common stock under the 2025 Share Repurchase Program. As of December 31, 2025, there remained $419.3 million authorized under the 2025 Share Repurchase Program. Under the Share Repurchase Programs, the Company may purchase common stock in open market transactions, block or privately negotiated transactions, and may from time to time purchase shares pursuant to trading plans in accordance with Rules 10b5-1 or 10b-18 under the Exchange Act or by any combination of such methods. The number of shares to be purchased and the timing of the purchases are based on a variety of factors, including, but not limited to, the level of cash balances, credit availability, debt covenant restrictions, general business conditions, regulatory requirements, the market price of the Company’s stock and the availability of alternative investment opportunities. No time limit was set for completion of repurchases under the Share Repurchase Program and the Share Repurchase Program may be suspended or discontinued at any time. Period Total Number of Shares Purchased in Millions Average Price Paid per Share Total Number of Shares Purchased as Part of Publicly Announced Plan in Millions Approximate Dollar Value of Shares That May Yet Be Purchased Under the Plan in Millions September 28 through November 1,"
23489,CROX,CROCS INC,2026,0001334036-26-000006,Item_11,0,52,"Item 11. Executive Compensation The information required by this item is incorporated herein by reference to our definitive proxy statement for the 2026 Annual Meeting of Stockholders to be filed with the SEC within 120 days after December 31, 2025."
84501,RH,RH,2025,0001558370-25-004329,Item_9C,0,65,Item 9C. DISCLOSURE REGARDING FOREIGN JURISDICTIONS THAT PREVENT INSPECTIONS Not applicable. 118 | FORM 10-K PART II — FINANCIAL STATEMENTS PART III
8063,ATER,ATERIAN INC,2026,0001437749-26-009285,Item_7,24,500,"periods subsequent to recording these estimates. If we anticipate a change in assumptions such as future demand or market conditions to be less favorable than our previous estimates, additional inventory write-downs may be required. Conversely, if we are able to sell inventories that had been written down to a level below the ultimate realized selling price in a previous period, sales would be recorded with a lower or no offsetting charge to cost of sales. A 10% change to our current reserve for excess and obsolete inventory would not result in a material change to our consolidated financial statements; however, given the value of inventory on hand, a significant change in demand or market conditions could result in a material adjustment to our reserve in future periods. Warrant Liabilities —The fair values of the outstanding warrants were measured using the Black Scholes model. Inputs used to determine estimated fair value of the warrant liabilities include the fair value of the underlying stock at the valuation date, the term of the warrants, and the expected volatility of the underlying stock. The significant unobservable input used in the fair value measurement of the warrant liabilities is the estimated term of the warrants. Generally, increases (decreases) in the fair value of the underlying stock and estimated term result in a directionally similar impact to the periodic fair value measurement of the outstanding warrant liabilities, and are recorded within the Change in fair value of warrant liabilities line item on the statement of operations. The fair value of warrant liabilities was zero and $0.1 million at December 31, 2025 and 2024, which is included in accrued expenses and other current liabilities on the Consolidated Balance Sheets. Intangible asset valuation —We review long-lived assets for impairment when performance expectations, events, or changes in circumstances indicate that the asset's carrying value may not be recoverable. The evaluation is performed at the lowest level of identifiable cash flows by comparing the carrying value of the asset group to the undiscounted cash flows. If the evaluation indicates that the carrying amount of the assets may not be recoverable, any potential impairment is measured based upon the fair value of the related asset or asset group as determined by an appropriate market appraisal or other valuation technique. In December 2025, the Company announced that its Board of Directors had initiated a process to explore strategic alternatives to maximize shareholder value. This announcement constituted a triggering event under ASC 350, Intangibles—Goodwill and Other, requiring the Company to perform an interim impairment assessment of its definite-lived"
55739,LAD,LITHIA MOTORS INC  -CL A,2024,0001023128-24-000032,Item_5,0,500,"Item 5. Market for Registrant’s Common Equity, Related Stockholder Matters and Issuer Purchases of Equity Securities Our common stock trades on the New York Stock Exchange under the symbol LAD. The number of shareholders of record and approximate number of beneficial holders of common stock as of February 23, 2024 was 428 and 90,497, respectively. Repurchases of Equity Securities We made the following repurchases of our common stock during the fourth quarter of 2023: For the full calendar month of Total number of shares purchased (1) Average price paid per share Total number of shares purchased as part of publicly announced plan (2) Maximum dollar value of shares that may yet be purchased under publicly announced plan (in thousands) October 142,729 $ 240.81 142,729 $ 466,996 November 66 242.21 — 466,996 December — — — 466,996 Total 142,795 240.81 142,729 (1) 66 shares repurchased in the fourth quarter of 2023 were related to tax withholding on the vesting of RSUs. (2) On November 1, 2022, our Board of Directors approved an additional $450 million repurchase authorization of our common stock. This authorization was in addition to the amount previously authorized by the Board for repurchase. There is no expiration date for this share repurchase authorization. 21 Stock Performance Graph The stock performance graph and table that follow compare the cumulative total stockholder return on Lithia Motors, Inc.’s common stock with the cumulative total return of the Standard & Poor’s 500 Stock Index (S&P 500 Index), and an auto peer group index composed of Penske Automotive Group, AutoNation, Sonic Automotive, Group 1 Automotive, Asbury Automotive Group, and CarMax for the five years ended December 31, 2023. The peer group indexes utilize the same methods of presentation and assumptions for the total return calculation as does Lithia Motors and the S&P 500 Index. All companies in the peer group indexes are weighted in accordance with their market capitalizations. (1) Base Period Indexed Returns for the Year Ended Company/Index 2018 2019 2020 2021 2022"
70465,NKE,NIKE INC  -CL B,2025,0000320187-25-000047,Item_3,0,75,"Item 3. LEGAL PROCEEDINGS We do not believe there are any material pending legal proceedings, other than ordinary routine litigation incidental to our business, to which we are a party or of which any of our property is the subject. Refer to Note 16 — Commitments and Contingencies in the accompanying Notes to the Consolidated Financial Statements for additional information."
84054,RH,RH,2024,0001558370-24-004248,Item_3,0,360,"Item 3. LEGAL PROCEEDINGS From time to time, we and/or members of our senior leadership team are involved in litigation, claims, investigations and other proceedings relating to the conduct of our business, including purported class action litigation, as well as securities class action litigation. Such legal proceedings may include claims related to our employment practices, wage and hour claims, claims of intellectual property infringement, including with respect to trademarks and trade dress, claims asserting unfair competition and unfair business practices, claims with respect to our collection and sale of reproduction products, and consumer class action claims relating to our consumer practices. In addition, from time to time, we are subject to product liability and personal injury claims for the products that we sell and the Galleries we operate. Subject to certain exceptions, our purchase orders generally require the vendor to indemnify us against any product liability claims; however, if the vendor does not have insurance or becomes insolvent, we may not be indemnified. In addition, we could face a wide variety of employee claims against us, including general discrimination, privacy, labor and employment, ERISA and disability claims. Any claims could result in litigation against us and could also result in regulatory proceedings being brought against us by various federal and state agencies that regulate our business, including the U.S. Equal Employment Opportunity Commission. Often these cases raise complex factual and legal issues, which are subject to risks and uncertainties and which could require significant senior leadership time. Litigation and other claims and regulatory proceedings against us could result in unexpected expenses and liability and could also materially adversely affect our operations and our reputation. For additional information regarding legal proceedings, including certain securities litigation, refer to Note 19— Commitments and Contingencies in our consolidated financial statements within Part II of this Annual Report."
16162,CAL,CALERES INC,2025,0000014707-25-000017,Item_15,2,500,", and the financial institutions party thereto, incorporated herein by reference to Exhibit 10.1 to the Company’s Form 10-Q for the quarterly period ended April 29, 2023, and filed June 6, 2023. 10.2a* Caleres, Inc. Incentive and Stock Compensation Plan of 2017, incorporated herein by reference to Exhibit A to the Company’s definitive proxy statement dated and filed April 14, 2017. 10.2b* Form of Performance Award Agreement (for 2021-2023 performance period) under the Company’s Incentive and Stock Compensation Plan of 2017, incorporated herein by reference to Exhibit 10.4e to the Company’s Form 10-K for the year ended January 30, 2021, and filed March 30, 2021. 10.2c* Form of Performance Award Agreement (for 2022-2024 performance period) under the Company’s Incentive and Stock Compensation Plan of 2017, incorporated herein by reference to Exhibit 10.4e to the Company’s Form 10-K for the year ended January 29, 2022, and filed March 28, 2022. 10.2d* Form of Restricted Stock Award Agreement (for employee grants commencing March 2019) under the Company’s Incentive and Stock Compensation Plan of 2017, incorporated herein by reference to Exhibit 10.4f to the Company’s Form 10-K for the year ended February 2, 2019, and filed April 2, 2019. 10.2e* Form of Restricted Stock Award Agreement (for employee grants commencing March 2020) under the Company’s Incentive and Stock Compensation Plan of 2017, incorporated herein by reference to Exhibit 10.4h to the Company’s 10-K for the year ended February 1, 2020, and filed March 31, 2020. 10.2f* Form of Restricted Stock Award Agreement (for employee grants commencing March 2021) under the Company’s Incentive and Stock Compensation Plan of 2017, incorporated herein by reference to Exhibit 10.4j to the Company’s 10-K for the year ended January 31, 2021, and filed March 30, 2021."
56506,LAKE,LAKELAND INDUSTRIES INC,2024,0001654954-24-004465,Item_16,0,183,"Item 16. FORM 10-K SUMMARY None. _________________SIGNATURES_________________ Pursuant to the requirements of Section 13 or 15(d) of the Securities Exchange Act of 1934, the registrant has duly caused this report to be signed on its behalf by the undersigned, thereunto duly authorized. LAKELAND INDUSTRIES, INC. Dated: April 10, 2024 By: /s / James M. Jenkins James M. Jenkins Acting President and Chief Executive Officer and Executive Chairman Pursuant to the requirements of the Securities Exchange Act of 1934, this report has been signed below by the following persons on behalf of the registrant and in the capacities and on the dates indicated:"
55567,KTB,KONTOOR BRANDS INC,2026,0001760965-26-000014,Item_9C,0,58,"Item 9C. DISCLOSURE REGARDING FOREIGN JURISDICTIONS THAT PREVENT INSPECTIONS Not applicable. Kontoor Brands, Inc. 2025 Form 10-K PART III"
83057,RENT,RENT THE RUNWAY INC,2024,0001468327-24-000114,Item_1C,0,500,"Item 1C. Cybersecurity Cybersecurity Risk Management and Strategy We have developed and implemented a cybersecurity risk management program intended to protect the confidentiality, integrity, and availability of our critical systems and information. Our cybersecurity risk management program includes a cybersecurity incident response plan. We design and assess our program based on the National Institute of Standards and Technology Cybersecurity Framework (NIST CSF). This does not imply that we meet any particular technical standards, specifications, or requirements, only that we use the NIST CSF as a guide to help us identify, assess, and manage cybersecurity risks relevant to our business. Our cybersecurity risk management program is managed separately from our other risk management programs. Key elements of our cybersecurity risk management program include but are not limited to the following: • risk assessments designed to help identify material cybersecurity risks to our critical systems and information; • a security team principally responsible for managing our cybersecurity risk assessment processes, our security controls, and our response to cybersecurity incidents; • the use of external service providers, where appropriate, to assess, test or otherwise assist with aspects of our security controls; • cybersecurity awareness training of our employees, incident response personnel, and senior management; • a cybersecurity incident response plan that includes procedures for responding to cybersecurity incidents; and • a risk management process for certain third-party service providers, suppliers, and vendors based on, among other things, their criticality to our operations, access to RTR data, cybersecurity risk profile, and business requirements. We describe whether and how risks from identified cybersecurity threats, including as a result of any previous cybersecurity incidents, have materially affected or are reasonably likely to materially affect us, including our business strategy, results of operations, or financial condition, under the headings: “Any significant technology disruption or failure, cyberattack or data security incident could adversely affect our business, financial condition and operations.” and “Our business relies on third-party cloud infrastructures, and any disruption of, or interference with, our use of cloud infrastructures could adversely affect our business, financial condition or results of operations.” included as part of our risk factor disclosures in Part I, Item 1A of this Annual Report on Form 10-K. Cybersecurity Governance Our full Board considers cybersecurity risk as part of its risk oversight function and oversees management’s implementation of our cybersecurity risk management program. The Board receives quarterly reports from management on cybersecurity risks. In addition, management is responsible for updating the Board"
109138,WWW,WOLVERINE WORLD WIDE,2024,0000110471-24-000057,Item_8,34,500,"41] (In millions) Operating Leases 2023 $ 35.2 2024 31.7 2025 27.1 2026 23.5 2027 20.9 Thereafter 72.3 Total future payments 210.7 Less: imputed interest 43.6 Recognized lease liability $ 167.1 The Company did not enter into any real estate leases with commencement dates subsequent to December 30, 2023. 11. DERIVATIVE FINANCIAL INSTRUMENTS The Company utilizes foreign currency forward exchange contracts designated as cash flow hedges to manage the volatility associated primarily with U.S. dollar inventory purchases made by non-U.S. wholesale operations in the normal course of business. These foreign currency forward exchange hedge contracts extended out to a maximum of 531 days and 524 days as of December 30, 2023 and December 31, 2022, respectively. If, in the future, the foreign exchange contracts are determined not to be highly effective or are terminated before their contractual termination dates, the Company would remove the hedge designation from those contracts and reclassify into earnings the unrealized gains or losses that would otherwise be included in accumulated other comprehensive income (loss) within stockholders’ equity. The Company also utilizes foreign currency forward exchange contracts that are not designated as hedging instruments to manage foreign currency transaction exposure. Foreign currency derivatives not designated as hedging instruments are offset by foreign exchange gains or losses resulting from the underlying exposures of foreign currency denominated assets and liabilities. The Company has an interest rate swap arrangement, which unless otherwise terminated, will mature on May 30, 2025 . This agreement, which exchanges floating rate interest payments for fixed rate interest payments over the life of the agreement without the exchange of the underlying notional amounts, has been designated as a cash flow hedge of the underlying debt. The notional amount of the interest rate swap arrangement is used to measure interest to be paid or received and does not represent the amount of exposure to credit loss. The differential paid or received on the interest rate swap arrangement is recognized as interest expense, net. In accordance with ASC 815, the Company has formally documented the relationship between the interest rate swap and the variable rate borrowing, as well as its risk management objective and strategy for undertaking the hedge transactions. This process included linking the derivative to the specific liability or asset on the balance sheet. The"
973,ABG,ASBURY AUTOMOTIVE GROUP INC,2024,0001144980-24-000076,Item_5,1,471,"Maximum Number (or Approximate Dollar Value) of Shares (or Units) that May Yet Be Purchased Under the Plans or Programs (In millions 10/01/2023 - 10/31/2023 130,785 $ 188.33 129,834 $ 225.6 11/01/2023 - 11/30/2023 116,397 $ 197.20 116,207 $ 202.6 12/01/2023 - 12/31/2023 — $ — — $ 202.6 Total 247,182 246,041 On May 26, 2023, our Board of Directors announced that it authorized a new $250.0 million share repurchase authorization (the ""New Share Repurchase Authorization""), which replaced our previous share repurchase authorization for the repurchase of our common stock in open market transactions or privately negotiated transactions or in other manners as permitted by federal security laws and other legal and contractual requirements. PERFORMANCE GRAPH The following graph furnished by us shows the value as of December 31, 2023, of a $100 investment in our common stock made on December 31, 2018, as compared with similar investments based on (i) the value of the S&P 500 Index (with dividends reinvested) and (ii) the value of a market-weighted Peer Group Index composed of the common stock of AutoNation, Inc.; Sonic Automotive, Inc.; Group 1 Automotive, Inc.; Penske Automotive Group, Inc.; and Lithia Motors, Inc., in each case on a ""total return"" basis assuming the reinvestment of any dividends. The market-weighted Peer Group Index values were calculated from the beginning of the performance period. The historical stock performance shown below is not necessarily indicative of future expected performance. The forgoing graph is not, and shall not be deemed to be, filed as part of our annual report on Form 10-K. Such graph is not, and will not be deemed, filed or incorporated by reference into any filing by us under the Securities Act of 1933 or the Securities Exchange Act of 1934, except to the extent specifically incorporated by reference therein by us."
12156,BJ,BJS WHSL CLUB HLDGS INC,2026,0001531152-26-000007,Item_1,15,337,"Holdings, LLC, a women’s footwear and handbag retailer. From 2012 to 2014, she served as executive director, e-commerce at David Yurman Enterprises, LLC, a jewelry design company. Prior to that, she held positions of increasing responsibility at eBay, Inc., an e-commerce corporation, from 2007 to 2012. From 2005 to 2007, she held positions with Countrywide Financial Corporation, a financial services company, and from 1998 to 2001 she held positions with MediaHippo, an interactive media agency. She holds a master of business administration at the University of California, Los Angeles Anderson School of Management and a bachelor’s degree in fine arts from Miami University. William C. Werner 48 William C. Werner has served as BJ’s executive vice president, strategy and development since April 2021 and is responsible for building the company’s market expansion and key strategic initiatives as well as managing the Company’s retail fuel business. Mr. Werner served in several other roles throughout his tenure at BJ’s, including as senior vice president, strategic planning and investor relations from November 2016 to April 2021, senior vice president, finance from 2013 to November 2016 and as the company’s vice president, accounting and financial reporting from 2012 to 2013. Prior to joining BJ’s, Mr. Werner was a director in the deals practice at PricewaterhouseCoopers LLP, a multinational professional services firm, from 2007 to 2012. He holds a bachelor’s degree with a double major in mathematics and accounting from the College of the Holy Cross. 14"
25979,CVS,CVS HEALTH CORP,2024,0000064803-24-000007,Item_9B,0,126,"Item 9B. Other Information. No events have occurred during the fourth quarter ended December 31, 2023 that would require disclosure under this item. Securities Trading Plans of Directors and Executive Officers During the year ended December 31, 2023, none of our directors or executive officers adopted or terminated any contract, instruction or written plan for the purchase or sale of CVS Health Corporation securities that was intended to satisfy the affirmative defense conditions of Rule 10b5-1(c) or any “non-Rule 10b5-1 trading arrangement.”"
34420,EBAY,EBAY INC,2024,0001065088-24-000036,Item_1A,0,500,"Item 1A. RISK FACTORS Risk Factors Summary: The summary of risks below provides an overview of the principal risks we are exposed to in the normal course of our business activities: • Our operating and financial results are subject to various risks and uncertainties that could adversely affect our business, financial condition, results of operations and cash flows, as well as the trading price of our common stock and debt securities. • Substantial and increasingly intense competition worldwide in ecommerce may harm our business. • We are exposed to fluctuations in foreign currency exchange rates, which could negatively impact our financial results. • Our international operations and engagement in cross-border trade are subject to risks, which could harm our business. • Our business may be adversely affected by geopolitical events, natural disasters, seasonal factors and other factors that cause our users to spend less time, or transact less, on our websites or mobile platforms and applications, including increased usage of other websites. • If we cannot keep pace with rapid technological developments or continue to innovate and create new initiatives to provide new programs, products and services, the use of our products and our revenues could decline. • Changes to our programs to protect buyers and sellers could increase our costs and loss rate, and failure to manage such programs effectively can result in harm to our reputation. • Operations and continued development of our payments system and financial services offerings require ongoing investment, are subject to evolving laws, regulations, rules, and standards, and involve risk, including risks related to our dependence on third-party providers. • We may be unable to adequately protect or enforce our intellectual property rights and face ongoing allegations by third parties that we are infringing their intellectual property rights. • Failure to deal effectively with fraudulent activities on our platforms would increase our loss rate and harm our business, and could severely diminish merchant and consumer confidence in and use of our services. • Our business is subject to online security risks, including security breaches and cyberattacks. • Systems failures and resulting interruptions in the availability of or degradation in the performance of our websites, applications, products or services could harm our business. • Our success largely depends on key employees. Because competition for key employees is intense, we may not be able to attract, retain, and develop the highly skilled employees we need to support our business. The loss of senior management or other key employees could harm our business. • Problems with or price increases by third parties who provide services to us"
10564,BBW,BUILD-A-BEAR WORKSHOP INC,2026,0001437749-26-012501,Item_3,0,108,"Item 3. LEGAL PROCEEDINGS From time to time, we are involved in ordinary routine litigation typical for companies engaged in our line of business, including actions seeking to enforce our intellectual property rights or to determine the validity and scope of the proprietary rights of others. Information with respect to certain legal proceedings is set forth in Note 10 ""Commitments and Contingencies"" to the Consolidated Financial Statements (included in Part IV of this form 10-K) and is incorporated herein by reference."
38015,FIGS,FIGS INC,2024,0001628280-24-007659,Item_2,0,280,"Item 2. Properties. We are headquartered in Santa Monica, California, where we lease office space under lease and sublease agreements that expire in 2030 and 2026, respectively. We designed, built and use this location for product innovation and design, content creation, technology, customer experience and for general office use. We also maintain dedicated photo studio space at this location. We operate an embroidery workshop within our dedicated warehouse space at a third-party logistics provider’s location in City of Industry, California, which we lease pursuant to a services agreement. As part of our fulfillment enhancement project, we intend to transition all fulfillment and embroidery operations from our City of Industry location to a new fulfillment center, where we expect to commence distribution operations by Q3 2024. The new facility is leased by us under a lease agreement that expires in 2030 and will be operated by a third-party logistics provider. We also maintain warehouse space with other third-party logistics providers pursuant to service agreements or leases. We currently operate one retail store in Los Angeles, California, which is leased by us under a lease agreement that expires in 2028. We also lease space in Philadelphia, Pennsylvania, which we intend to use for a future retail store. We believe that these facilities are sufficient to meet our current and anticipated future needs and that suitable additional space will be available as needed to accommodate expansion of our operations."
25494,CVNA,CARVANA CO,2026,0001690820-26-000009,Item_9A,1,111,"over financial reporting. Limitations of Effectiveness of Controls and Procedures and Internal Control over Financial Reporting In designing and evaluating the disclosure controls and procedures and internal control over financial reporting, management recognizes that any controls and procedures, no matter how well designed and operated, can provide only reasonable assurance of achieving the desired control objectives. In addition, the design of disclosure controls and procedures and internal control over financial reporting must reflect the fact that there are resource constraints and that management is required to apply judgment in evaluating the benefits of possible controls and procedures relative to their costs."
96822,TSCO,TRACTOR SUPPLY CO,2025,0000916365-25-000076,Item_1,8,500,"names, patents, and copyrights, has significant value and is an important component of our merchandising and marketing strategies. Distribution We currently operate a distribution facility network for supplying stores with merchandise and delivering product ordered through our websites and mobile application. In fiscal 2024, our Tractor Supply stores received approximately 81% of merchandise through this network while the remaining merchandise shipped directly from our vendors to our stores or customers. We believe this flow facilitates the prompt and efficient distribution of merchandise that allows us to be a dependable supplier to our customers for their “ Out Here ” lifestyle solutions by enhancing in-stock inventory positions, while minimizing freight expense and improving the inventory turn rate. Our distribution facilities, located in Arizona, Arkansas, Georgia, Indiana, Kentucky, Maryland, Nebraska, New York, Ohio and Texas represent a total distribution center capacity of approximately 7.8 million square feet. We also use third-party operated import centers, mixing centers and pop-up distribution facilities which provide additional distribution capacity. On May 14, 2024, the Company opened its tenth and largest distribution center located in Maumelle, Arkansas, which expanded the distribution center capacity by approximately 1.2 million square feet. We select the locations of our distribution facilities in an effort to minimize logistics costs and optimize the distance from distribution facilities to our stores. Our distribution centers utilize warehouse and labor management tools that support the planning, control, and processing of inventory. We manage our inbound and outbound transportation activity in-house through the use of a transportation management system. We utilize multiple common carriers for store and direct to customer deliveries. We manage our transportation costs through carrier negotiations, monitoring of transportation routes, and scheduling of deliveries. Marketing Leveraging our value-driving offerings from our Neighbor’s Club loyalty program, we utilize an “everyday low price” philosophy to consistently offer our products at competitive prices complemented by limited and strategically planned promotions throughout the year. To drive store traffic, build brand consideration, and position ourselves as a destination retailer, we promote a broad selection of merchandise and our “Life Out Here” brand messaging through digital and social media initiatives, targeted digital video (connected TV and streaming programming), and e-mail. In addition, our Neighbor’s Club loyalty program continues to drive strong customer count growth and enhances our ability to engage with our customers, recognize and reward our best customers, drive desired purchase behaviors, and create brand"
24543,CURV,TORRID HOLDINGS INC,2026,0001792781-26-000007,Item_1A,38,500,"all of the outstanding shares of our capital stock entitled to vote; and Torrid Holdings Inc. | FY 2025 Form 10-K | • establish advance notice requirements for nominations for elections to our Board or for proposing matters that can be acted upon by stockholders at stockholder meetings. Further, as a Delaware corporation, we are also subject to provisions of Delaware law, which may impair a takeover attempt that our stockholders may find beneficial. These anti-takeover provisions and other provisions under Delaware law could discourage, delay or prevent a transaction involving a change in control of our Company, including actions that our stockholders may deem advantageous, or negatively affect the trading price of our common stock. These provisions could also discourage proxy contests and make it more difficult for our stockholders to elect directors of their choosing and to cause us to take other corporate actions that they desire. We have never declared nor paid any cash dividends. The continued operation and expansion of our business will require substantial funding. Any determination to pay dividends in the future will be at the discretion of our Board and will depend upon results of operations, financial condition, contractual restrictions, restrictions imposed by applicable law and other factors our Board deems relevant. Additionally, our operating subsidiaries are currently restricted from paying cash dividends by the agreements governing their indebtedness, and we expect these restrictions to continue in the future. If we are unable to design, implement and maintain effective internal controls in accordance with Section 404 of the Sarbanes-Oxley Act of 2002 (“Sarbanes-Oxley”), we may not be able to report our financial results in a timely and reliable manner, which could have a material adverse effect on our business and stock price. As a public company, we have significant requirements for enhanced financial reporting and internal controls. The process of designing and implementing effective internal controls is a continuous effort that requires us to anticipate and react to changes in our business and the economic and regulatory environments and to expend significant resources to maintain a system of internal controls that is adequate to satisfy our reporting obligations as a public company. If we are unable to establish or maintain appropriate internal controls over financial reporting, it could cause us to fail to meet our reporting obligations on a timely basis, result in material misstatements in our consolidated financial statements and harm our operating results. In addition, we are required to comply with the SEC’s rules implementing Sections 302 and 404 of Sarbanes-Oxley"
96876,TSCO,TRACTOR SUPPLY CO,2025,0000916365-25-000076,Item_5,3,379,"authorized to date under the program to $7.50 billion. STOCK PERFORMANCE GRAPH This performance graph shall not be deemed “filed” for purposes of Section 18 of the Securities Exchange Act of 1934, as amended (the “Exchange Act”) or otherwise subject to the liabilities under that Section and shall not be deemed to be incorporated by reference into any filing of Tractor Supply Company under the Securities Act of 1933, as amended, or the Exchange Act. The following graph compares the cumulative total stockholder return on our common stock from December 28, 2019 to December 28, 2024 (the Company’s fiscal year-ends), with the cumulative total returns of the S&P 500 Index and the S&P Retail Index over the same period. The comparison assumes that $100 was invested on December 28, 2019, in our common stock and in each of the foregoing indices and in each case assumes reinvestment of dividends. The historical stock price performance shown on this graph is not indicative of future performance. 12/28/2019 12/26/2020 12/25/2021 12/31/2022 12/30/2023 12/28/2024 Tractor Supply Company $ 100.00 $ 161.13 $ 253.13 $ 254.07 $ 247.59 $ 319.33 S&P 500 $ 100.00 $ 116.40 $ 150.67 $ 124.46 $ 157.17 $ 199.46 S&P Retail Index $ 100.00 $ 143.31 $ 172.89 $ 114.02 $ 162.36 $ 219.96"
93024,SVV,SAVERS VALUE VILLAGE INC,2025,0001883313-25-000013,Item_5,2,238,"the cumulative total return on our common stock (SVV) with the cumulative total return on the S&P 500 Index and the S&P 500 Retail Select Industry Index, assum ing an initial investment of $100 at the market close on June 29, 2023, the date our stock commenced trading on the New York Stock Exchange. Data for the S&P 500 Index and the S&P 500 Retail Select Industry Index assume reinvestment of dividends. The comparisons in the following graph are required by the SEC and are not intended to be a forecast or to be indicative of future common stock performance. 6/29/2023 12/29/2023 3/28/2024 6/28/2024 9/27/2024 12/27/2024 Savers Value Village, Inc. $ 100 $ 76 $ 84 $ 53 $ 47 $ 45 S&P 500 Index 100 109 121 126 133 139 S&P 500 Retail Select Industry Index 100 115 126 120 125 131"
12028,BJ,BJS WHSL CLUB HLDGS INC,2025,0001531152-25-000013,Item_1C,0,500,"Item 1C. Cybersecurity Cyber Risk Management and Strategy At BJ’s, we recognize the importance of information security practices designed to protect the confidentiality, integrity, and availability of company information and the personal information that our members share with us. We have implemented a cybersecurity program in accordance with our risk profile and business that is informed by recognized industry standards and frameworks, and incorporates elements of the same, including elements of the National Institute of Standards and Technology Cybersecurity Framework (“NIST CSF”), International Organization for Standardization (“ISO”) 27001 and Payment Card Industry Data Security Standard (“PCI DSS”) standards. Our cybersecurity risk assessment program includes a number of components, including information security program assessments, audits and maturity assessments, that are conducted periodically by both internal and external resources. Additionally, we partner with multiple third-party managed security service providers for enhanced monitoring of our 30 information technology and data security environment and to perform proactive detection and investigation of malicious activity within our network. Our internal audit function also conducts regular assessments of different systems to provide the audit committee with information on our cybersecurity risk management processes, which processes are integrated into our overall enterprise risk management program. As part of our cybersecurity risk management program, we take a risk-based approach to the evaluation of third-party vendors, and apply mitigations and processes based on our evaluation of the sensitivity of the data accessed by the vendor and the maturity of the vendor’s programs. Our vendor evaluation procedures include, as appropriate, the completion of a vendor security questionnaire and our implementation of vendor monitoring programs. We have not identified any cybersecurity incidents or threats that have materially affected us or are reasonably likely to materially affect us, including our business strategy, results of operations, or financial condition. However, like other companies in our industry, we and our third-party vendors have from time-to-time experienced threats and security incidents that could affect our information or systems. See “Item 1A. Risk Factors” for additional information on the Company’s cybersecurity-related risks. Governance Related to Cybersecurity Risks Our Chief Information Officer (“CIO”) is responsible for the strategic leadership and direction of the Company’s information technology organization. Prior to joining BJ’s in 2023, our current CIO served as global chief information officer at a public healthcare company, where she led information technology, privacy assurance, cyber, digital and data security across key business units. She has also held various chief information officer and technology leadership roles at several other healthcare companies"
22044,CRI,CARTER'S INC,2024,0001060822-24-000062,Item_8,40,500,"our most recent annual assessment, performed as of December 30, 2023, using a qualitative assessment, there were no impairments to the value of goodwill or our indefinite-lived tradename assets. 69 CARTER’S, INC. NOTES TO CONSOLIDATED FINANCIAL STATEMENTS (Continued) Changes in the carrying values between comparative periods for goodwill related to the International segment were due to fluctuations in the foreign currency exchange rates between the Canadian and U.S. dollar that were used in the remeasurement process for preparing the Company’s consolidated financial statements. The changes in the carrying value of customer relationships for Carter’s Mexico, including the related accumulated amortization, that were not attributable to amortization expense was also impacted by foreign currency exchange rate fluctuations. Amortization expense for intangible assets subject to amortization was approximately $ 3.7 million for each of fiscal years 2023, 2022, and 2021. Amortization expense is included in SG&A expenses on the Company’s consolidated statements of operations The estimated amortization expense for the next five fiscal years is as follows: (dollars in thousands) Amortization expense 2024 $ 3,717 2025 $ 3,717 2026 $ 3,717 2027 $ 3,566 2028 $ 3,354 NOTE 7 – PREPAID EXPENSES AND OTHER CURRENT ASSETS Prepaid expenses and other current assets at the end of any comparable period, were as follows: (dollars in thousands) December 30, 2023 December 31, 2022 Prepaid information technology-related contracts(*) 11,504 12,652 Prepaid income taxes 2,563 1,110 Prepaid insurance 1,962 2,133 Other 13,102 17,917 Prepaid expenses and other current assets $ 29,131 $ 33,812 (*) Primarily related to cloud computing arrangements and software maintenance contracts. NOTE 8 – OTHER CURRENT LIABILITIES Other current liabilities at the end of any comparable period, were as follows: (dollars in thousands) December 30, 2023 December 31, 2022 Unredeemed gift cards $ 25,162 $ 23"
62984,LVLU,LULU'S FASHION LOUN HOLD INC,2025,0001558370-25-003845,Item_16,0,222,"Item 16. Form 10-K Summary None. SIGNATURES Pursuant to the requirements of Section 13 or 15(d) of the Securities Exchange Act of 1934, the registrant has duly caused this report to be signed on its behalf by the undersigned thereunto duly authorized. LULU’S FASHION LOUNGE HOLDINGS, INC. Date: March 27, 2025 By: /s/ Crystal Landsem Crystal Landsem Chief Executive Officer (Principal Executive Officer) Date: March 27, 2025 By: /s/ Tiffany R. Smith Tiffany R. Smith Chief Financial Officer (Principal Financial and Accounting Officer) Pursuant to the requirements of the Securities Exchange Act of 1934, this report has been signed below by the following persons on behalf of the registrant and in the capacities and on the dates indicated."
59138,LEVI,LEVI STRAUSS & CO,2025,0000094845-25-000005,Item_7A,4,249,"— 500.9 — — — 500.9 517.8 Average Interest Rate — — 3.375 % — — — 3.375 % 3.375 % Variable Rate (US$) — — — — — — — — Average Interest Rate — — — — — — — — Total Principal (face amount) of our debt instruments (1) $ — $ — $ 500.9 $ — $ — $ 500.0 $ 1,000.9 $ 1,017.8 ______________ (1) Excluded from this table are other short-term borrowings of $5.5 million as of December 1, 2024, consisting of term loans and revolving credit facilities at various foreign subsidiaries which we expect to either pay over the next 12 months or refinance at the end of their applicable terms. Of the $5.5 million, $1.6 million was fixed-rate debt and $3.9 million was variable-rate debt"
7794,ATER,ATERIAN INC,2025,0001437749-25-009139,Item_11,3,500,"March 30, 2022. Pursuant to the offer letter, Mr. Feldman’s base salary was initially $270,000 per year. During his employment, Mr. Feldman has received various base salary adjustments and his salary at the beginning of 2024 was $277,500 per year. Effective April 1, 2024, Mr. Feldman received an increase in base salary to $285,825 and effective June 26, 2024, Mr. Feldman received an increase in base salary to $310,000. Phillip Lepper —We entered into an offer letter with Mr. Lepper, dated May 10, 2021. Pursuant to the offer letter, Mr. Lepper's base salary was initially $200,000 per year. During his employment, Mr. Lepper has received various base salary adjustments and his salary at the beginning of 2024 was $310,000 per year. Base Salaries/Compensation Our salaries recognize the experience, skills, knowledge, and responsibilities required of all employees, including our Named Executive Officers. Base salaries and base compensation are reviewed annually, typically in connection with our annual performance review process, and adjusted from time to time to realign salaries and compensation with market levels after taking into account individual responsibilities, performance and experience. Bonuses For the year ended December 31, 2024, the Compensation Committee approved bonuses for the Named Executive Officers based on the Company’s financial performance and individual contributions. These bonuses will be paid in the form of shares of the Company’s common stock and are expected to be granted in May 2025. The number of shares awarded will be determined based on the closing stock price on the grant date. Equity Compensation Although we do not have a formal policy with respect to the grant of equity incentive awards to our executive officers, we believe that equity grants provide our executives with a strong link to our long-term performance, create an ownership culture and help to align the interests of our executives and our stockholders. In addition, we believe that equity grants with a time-based vesting feature promote executive retention because this feature incentivizes our executive officers to remain in our employment during the vesting period. Accordingly, our Board periodically reviews the equity incentive compensation of our Named Executive Officers and from time to time may grant equity incentive awards to them. On April 26, 2024, we granted 176,000 restricted shares to each of"
84967,RIME,ALGORHYTHM HOLDINGS INC,2025,0001641172-25-004792,Item_14,0,434,"Item 14. Principal Accountant Fees and Services. Fees and Services Marcum LLP served as our independent registered public accounting firm for the year ended December 31, 2024 and for part of our nine-month transition period ended December 31, 2023. EisnerAmper LLP served as our independent registered public accounting firm for part of our nine-month transition period ended December 31, 2023. We paid audit fees of $ 404,000 to Marcum LLP for services performed for the year ended December 31, 2024, and $215,000 for services performed for our nine-month transition period ended December 31, 2023. We paid audit fees of $31,000 to EisnerAmper LLP for services performed for our nine- month transition period ended December 31, 2023. Audit Fees consist of fees billed for professional services rendered by our independent registered public accounting firm for the audit of our annual consolidated financial statements, the review of our interim consolidated financial statements included in our quarterly reports, the review of our registration statements and services that are normally provided by our principal accountant in connection with statutory and regulatory filings or engagements. 75 Policy on Audit Committee Pre-Approval of Audit and Permissible Non-Audit Services of Independent Auditors Our Audit Committee’s policy is to pre-approve all audit and permissible non-audit services provided by the independent registered public accounting firm. These services may include audit services, audit-related services, tax services and other services. Pre-approval is generally provided for up to one year and any pre-approval is detailed as to the particular service or category of services and is generally subject to a specific budget. Our auditors and management are required to periodically report to the Audit Committee regarding the extent of services provided by the auditors in accordance with this pre-approval and the fees for the services performed to date. The Audit Committee may also pre-approve particular services on a case-by-case basis. PART IV"
23861,CTRN,CITI TRENDS INC,2024,0001558370-24-005294,Item_7,3,500,"Cash Flows) related to the January 2023 cyber disruption. This resulted in a gain of $1.2 million that is recorded in Selling, general and administrative expenses on our Statement of Operations . In fiscal 2023, we recognized $1.7 million of costs related to the cyber disruption in Selling, general and administrative expenses on our Statement of Operations. We expect to incur ongoing costs to enhance data security and take further steps to prevent unauthorized access to, or manipulation of, our systems and data. Several putative class action lawsuits have been filed against the Company and several inquiries have been made to the Company with respect to the January 2023 cyber disruption. At February 3, 2024, we had an accrual of $0.8 million for estimated losses in connection with these matters recorded in Accrued expenses on our Balance Sheet. See Note 7 to the Financial Statements for more information . For additional information on cybersecurity and cybersecurity threats, see Item 1C. Cybersecurity. Basis of Presentation Net sales consist of store sales and layaway fees, net of returns by customers. Cost of sales consists of the cost of products we sell and associated freight costs. Depreciation is not considered a component of cost of sales and is included as a separate line item in the consolidated statements of operations. Selling, general and administrative expenses are comprised of store costs, including payroll and occupancy costs, corporate and distribution center costs and advertising costs. The years ended February 3, 2024, January 28, 2023 and January 29, 2022 are referred to herein as fiscal 2023, fiscal 2022 and fiscal 2021, respectively. Fiscal 2023 is comprised of 53 weeks, while fiscal years 2022 and 2021 are each comprised of 52 weeks. Results of Operations The following discussion of our financial performance is based on the consolidated financial statements set forth in the financial pages of this Report. The nature of our business is seasonal. Results may fluctuate due to changes in our business, consumer spending patterns, and the macroeconomic environment. Furthermore, the seasonal nature of our business may affect comparisons between periods. Net Sales and Additional Operating Data The following table provides selected consolidated statement of operations data expressed both in dollars and as a percentage of net sales:"
53710,KOSS,KOSS CORP,2023,0000056701-23-000026,Item_7,1,500,"2020. The Company continues to monitor any changes regarding the pandemic and any future impacts of COVID-19 on our business, operations, and financial results. Fiscal Year 2023 Summary  Net sales declined 26.0% to $13,099,651 due predominantly to weaker consumer demand led by constraints on consumer spending brought on by higher inflation and, as a result, lower disposable income. Over inventory positions at some U.S. distributors also contributed to the decline. Export sales fell 29% while domestic sales fell 25%.  Gross profit as a percentage of sales decreased 3.9 percentage points to 34.0%. The decrease was primarily due to fixed manufacturing expenses that do not flex with the lower sales volume. The favorable mix of higher margin direct-to-consumer (“DTC”) sales offset the year over year decline in higher margin domestic distributors.  Selling, general and administrative expenses increased significantly as a result of legal fees and expenses incurred in support of the Company’s patent defense litigation. Excluding the effect of these legal fees and expenses, selling, general and administrative expenses increased by approximately $1.3 million, or 24.9%. Bonus and profit-sharing expense as a consequence of the net income from licensing proceeds during the year also contributed to the increase.  Other income for the year ended June 30, 2023 consisted entirely of $33,000,000 in licensing proceeds received in the first quarter of the year.  Tax expense for the year ended June 30, 2023 was $317,377 as a direct impact of the licensing income earned during the year. ‎ Consolidated Results The following table presents selected consolidated financial data for each of the past two fiscal years: Consolidated Performance Summary 2023 2022 Net sales $ 13,099,651 $ 17,705,519 Net sales decrease (26.0)% (9.4)% Gross profit $ 4,457,414 $ 6,715,630 Gross profit as % of net sales 34.0% 37.9% Selling, general and administrative expenses $ 29,358,466 $ 5,813,607 Selling, general and administrative expenses as % of net sales 224.1% 32"
41239,FOSL,FOSSIL GROUP INC,2025,0000883569-25-000010,Item_1C,0,500,"Item 1C. Cybersecurity Risk Management and Strategy We have implemented and maintain various information security processes designed to identify, assess and manage material risks from cybersecurity threats to our critical computer networks, third party hosted services, communications systems, hardware and software, and our critical data, including intellectual property and data related to our customers, consumers and employees. Our cybersecurity risk management program leverages the National Institute of Standards and Technology Cyber Security Framework, which organizes cybersecurity risks into five categories: identify, protect, detect, respond and recover. Our cyber security team regularly reviews enterprise risk management-level cybersecurity risks, and key cybersecurity risks are incorporated into our Enterprise Risk Management program. In addition, we have a set of Company-wide policies and procedures concerning cybersecurity matters, which include cyber security guidelines as well as other policies that directly or indirectly relate to cybersecurity, such as policies related to encryption standards, antivirus protection, remote access, multi factor authentication, confidential information and the use of the Internet, social media, email and wireless devices. Our Chief Information Security Officer (""CISO""), our information security team, and third-party service providers help identify, assess, and manage our cybersecurity threats and risks, including through the use of our cybersecurity risk assessment program. Our CISO along with this team, as applicable, identifies and assesses risks from cybersecurity threats by monitoring and evaluating our threat environment and our risk profile using various methods, including automated and manual tools, third-party threat feeds, internal audits, access control assessments, and evaluating threats reported to us by various third-party enterprise threat reporting services. As part of our cybersecurity program, we regularly test our cyber defenses by performing simulations and drills at a technical level, internal user susceptibility testing and reviewing our operational policies and procedures. Our cyber security team monitors alerts and meets to discuss threat levels, risk ranking, trends and remediation. We conduct security assessments on additions and changes to our systems and applications including third-party service providers. In addition, our Audit Services group conducts periodic reviews of cyber security controls, procedures, and applications and monitors remediation activities. Our assessment of risks associated with use of third-party providers is part of our overall cybersecurity risk management framework. We face a number of cybersecurity risks in connection with our business. Although such risks have not materially affected us, including our business strategy, results of operations or financial condition, we have experienced threats to our data and systems, including malware and computer virus attacks. For a description of the risks from cybersecurity threats that may materially"
70671,NWL,NEWELL BRANDS INC,2024,0000814453-24-000017,Item_1A,12,500,"with consumers, customers and suppliers worldwide is critical to the Company’s continued success. Adverse publicity about the Company, its brands, corporate practices, or any other issue that may be associated with the Company, whether or not deserved, could jeopardize that reputation. Such adverse publicity could come from traditional sources such as government investigations or public or private litigation, but may also arise from negative comments on social media regarding the Company or its brands. Additionally, due to the scale and scope of our business, we must rely on relationships with third parties, including our suppliers, distributors, contractors, and other external business partners for certain functions. While we have policies and procedures for managing these relationships, they inherently involve less control over business operations, governance, and compliance, thereby potentially increasing our reputational and legal risk. If third parties fail to comply with our policies and procedures or similar compliance requirements set forth by our customers, the Company could potentially suffer significant losses of business and revenue from certain customers. Further, third parties sell counterfeit versions of some of our products, which are often inferior or may pose safety risks. As a result, consumers of our brands could confuse our products with these counterfeit products, which could cause them to refrain from purchasing our brands in the future and in turn could impair our brand equity. Finally, there has been an increased focus from certain investors, customers, consumers, employees, and other stakeholders concerning corporate citizenship and sustainability matters. From time to time, the Company announces certain initiatives regarding its focus areas, which may include environmental matters, diversity, inclusion and belonging, sustainability, packaging, responsible sourcing and social investments. In 2023, the Company published its Corporate Citizenship Report which included updates on many of these focus areas and goals for certain areas. The Company could fail, or be perceived to fail, in its achievement of such initiatives and goals or it could fail in accurately reporting its progress on such initiatives and goals. In addition, the Company could be criticized for the scope of such initiatives or perceived as not acting responsibly in connection with these matters. The Company’s reputation and business could be negatively impacted by such developments or litigation may be filed against the Company resulting in significant expenses or investments to repair such impacts. Damage to the Company’s reputation or a loss of consumer confidence in the Company’s brands could adversely affect the Company’s business, results of operations, cash flows and financial condition as well as require resources to repair the harm. A deterioration in labor relations could adversely impact the Company’s global business."
80549,PVH,PVH CORP,2025,0000078239-25-000018,Item_1C,0,500,"Item 1C. Cybersecurity Risk Management and Strategy Cybersecurity is a critical priority within, and has been integrated into, our enterprise risk management framework. We have instituted a risk-based, multi-dimensional global cybersecurity program, guided by the framework established by NIST. This program aims to assess, identify, and manage risks from potential threats to our data, systems and networks, as well as those of our primary third-party suppliers. We have deployed a suite of physical, administrative and technological safeguards to protect our information systems, encompassing personal data (associate, consumer, customer and business partner), intellectual property and confidential business information. These protections are designed to maintain the confidentiality, integrity and availability of all information housed within our network infrastructure. Our key cybersecurity processes within our program include the following: Risk-based Controls for Information and Systems – We strive to secure our information technology infrastructure and data by implementing, maintaining and executing controls and continuously improving our cybersecurity program’s maturity, risk management framework, policies, procedures and governance. Incident Response Plan and Testing – We have a cybersecurity incident response plan and dedicated teams to respond to incidents. Cross-functional teams assess priority and severity, and external experts, including legal counsel, may be consulted. Our cybersecurity teams respond to incidents based on severity levels and improve our plan through regular table top breach exercises, penetration tests and simulations. Education and Interactive Training – We provide cybersecurity training to associates, which includes monthly phishing exercises, to help them protect sensitive information and follow best practices. We offer role-based training for regulatory compliance and work with external partners to develop and deliver education and training to mitigate cybersecurity risks. We continually evaluate trends within the industry, apply necessary controls and empower our leadership to make informed, risk-based decisions. Third-Party Risk Management – We execute targeted cybersecurity assessments of suppliers, evaluating their risk profiles and using a rating mechanism to identify vulnerabilities. We also partner with primary suppliers to implement advanced security measures to safeguard their information technology systems and have data security provisions in our contracts with third parties that handle our data. Threat and Vulnerability Management – We, along with our external partners, use resources, technology, and processes to identify, remediate, and report security threats in our systems. These controls are crucial to minimize our attack surface and prioritize possible threats. Cybersecurity and Compliance Assessment Practices – We conduct regular cybersecurity assessments with independent firms and annual evaluations for compliance with Payment Card Industry – Data Security Standards (PCI DSS) and benchmark"
65984,MHK,MOHAWK INDUSTRIES INC,2024,0000851968-24-000027,Item_14,0,107,"Item 14. Principal Accounting Fees and Services Our independent registered public accounting firm is KPMG LLP, Atlanta, GA, Auditor ID: 185 . The information required by this item is incorporated by reference to information contained in the Company’s Proxy Statement for the 2024 Annual Meeting of Stockholders under the following heading: “Audit Committee—Principal Accountant Fees and Services” and “Election of Directors—Meetings and Committees of the Board of Directors.” Index to Financial Statements PART IV"
13752,BOOT,BOOT BARN HOLDINGS INC,2026,0001104659-26-061346,Item_1A,31,500,"We also use social media, including Facebook, Instagram, TikTok and others, as well as affiliate marketing, email, SMS, and direct mail, as part of our multi-channel approach to marketing, and we expect that our use of social media for marketing purposes will increase over time. We rely on these relationships to provide significant traffic to our websites and as important marketing channels and sources of information regarding potential customers. If digital platforms change or penalize us with their algorithms, terms of service, display and featuring of search results , we may be unable to cost-effectively attract customers. Additionally, as competition for online advertising has increased, the cost for some of these services can also increase. A significant increase in the cost of the marketing providers upon which we rely could adversely impact our ability to attract customers cost effectively and harm our business, financial condition, results of operations and prospects. In addition, laws and regulations governing the use of these platforms and other digital marketing channels are rapidly evolving. It may become more difficult for us or our partners to comply with such laws, and future data privacy laws and regulations or industry standards, as well as related enforcement, may restrict or limit our ability to use some or all of the marketing strategies on which we currently rely. The failure by us, our employees or third parties acting at our direction to abide by applicable laws and regulations in the use of these platforms could adversely impact our reputation or subject us to fines or other penalties. Our failure to maintain adequate internal controls over our financial and management systems may cause errors in our financial reporting. These errors may cause a loss of investor confidence and result in a decline in the price of our common stock. Our public company reporting obligations and our anticipated growth may place additional burdens on our financial and management systems, internal controls and employees. As a public company, we are required to maintain internal control over financial reporting. Pursuant to Section 404 of the Sarbanes-Oxley Act, we are required to file a report by management on the effectiveness of our internal control over financial reporting. Maintaining internal controls is time consuming and costly. If we identify any material weaknesses or deficiencies that aggregate to a material weakness in our internal controls, we will have to implement appropriate changes to these controls, which may require specific compliance training for our directors, officers and employees, require the hiring of additional finance, accounting, legal and other personnel, entail substantial costs to modify our existing accounting systems and take a significant period of time to complete. Such changes"
90011,SGI,SOMNIGROUP INTERNATIONAL INC,2026,0001206264-26-000015,Item_10,0,263,"Item 10. DIRECTORS, EXECUTIVE OFFICERS AND CORPORATE GOVERNANCE The information required by this Item is incorporated herein by reference from our definitive proxy statement for the 2026 Annual Meeting of Stockholders (the ""Proxy Statement"") under the sections entitled ""Proposal No. 1—Election of Directors,"" and ""Board of Directors' Meetings, Committees of the Board and Related Matters—Corporate Governance,"" — ""Committees of the Board,"" —""Policies Governing Director Nominations,"" —""Board and Committee Independence; Audit Committee Financial Experts,"" and ""Other Information—Delinquent Section 16(a) Reports."" Somnigroup has adopted an insider trading policy governing the purchase, sale and/or other transactions in securities by employees, executive officers and directors of the Company that we believe is reasonably designed to promote compliance with insider trading laws, rules and regulations, and the exchange listing standards applicable to us. It is our policy to comply with all federal, state and foreign securities laws and other applicable law (including by obtaining appropriate corporate approvals) when engaging in transactions in our securities. Information relating to executive officers is incorporated herein by reference from our Proxy Statement under the section entitled ""Proposal No. 1—Election of Directors—Executive Officers."""
66226,MHK,MOHAWK INDUSTRIES INC,2025,0000851968-25-000023,Item_7A,0,500,"Item 7A. Quantitative and Qualitative Disclosures about Market Risk The Company’s market risk is impacted by changes in foreign currency exchange rates, interest rates and certain commodity prices. Financial exposures to these risks are monitored as an integral part of the Company’s risk management program, which seeks to reduce the potentially adverse effect that the volatility of these markets may have on its operating results. The Company does not regularly engage in speculative transactions, nor does it regularly hold or issue financial instruments for trading purposes. The Company did not have any derivative contracts outstanding as of December 31, 2024 and 2023. Interest Rate Risk As of December 31, 2024, approximately 76% of the Company’s debt portfolio was comprised of fixed-rate debt and 24% was variable-rate debt. The Company believes that probable near-term changes in interest rates would not materially affect its financial condition, results of operations or cash flows. The annual impact on interest expense of a one-percentage point interest rate change on the outstanding balance of the Company’s variable-rate debt as of December 31, 2024 would be approximately $5 million. Foreign Exchange Risk As a result of being a global enterprise, there is exposure to market risks from changes in foreign currency exchange rates, which may adversely affect the operating results and financial condition of the Company. Principal foreign currency exposures relate primarily to the euro and to a lesser extent the Russian ruble, the Brazilian real, the Mexican peso, the British pound, the Australian dollar and the Bulgarian lev. The Company’s objective is to balance, where possible, non-functional currency denominated assets to non-functional currency denominated liabilities to have a natural hedge and minimize foreign exchange impacts. The Company enters into cross border transactions through importing and exporting goods to and from different countries and locations. These transactions generate foreign exchange risk as they create assets, liabilities and cash flows in currencies other than the transacting entity’s functional currency. This also applies to services provided and other cross border agreements among subsidiaries. The Company takes steps to minimize risks from foreign currency exchange rate fluctuations through normal operating and financing activities. The Company does not enter into any speculative positions with regard to derivative instruments. Based on financial results for the year ended December 31, 2024, a hypothetical overall 10 percent change in the U.S. dollar against all foreign currencies would have resulted in a translational adjustment of approximately $39 million. The effect of a uniform movement of all currencies by"
23947,CTRN,CITI TRENDS INC,2025,0001558370-25-004897,Item_14,0,81,Item 14. PRINCIPAL ACCOUNTANT FEES AND SERVICES The information required by this Item is incorporated herein by reference to the information under the caption entitled “ Ratification of Independent Registered Public Accounting Firm ” in our definitive proxy statement for our 2025 Annual Meeting of Stockholders (or will be filed by amendment to this Report). PART IV
28611,DBGI,DIGITAL BRANDS GRP INC,2025,0001641172-25-003320,Item_1A,14,500,"materially negatively impacted, both directly and indirectly through negative effects to our supply chain, as a result of increased costs, decreased demand and other adverse economic impacts, and we may not be able to successfully mitigate or offset such impacts. Depending upon their implementation and duration, as well as our ability to mitigate their impact, these tariffs and any other future regulatory actions implemented on a broader range of products or raw materials could materially affect our business, including in the form of increased cost of goods sold, decreased margins, increased pricing for customers, reduced sales and disruption in our supply chain. Furthermore, additional trade restrictions could be adopted with little to no advance notice, and we may not be able to effectively mitigate the adverse impacts from such measures, which could further increase the cost of our products, disrupt our supply chain and impair our ability to effectively operate and compete in the countries where we do business. The Company is closely monitoring this evolving situation but there can be no assurance that the Company will be able to mitigate the impacts of any trade measures, which could be material to the Company’s business operations or harm the Company’s competitive position. We operate in highly competitive markets and the size and resources of some of our competitors may allow them to compete more effectively than we can, resulting in a loss of our market share and a decrease in our net revenue. The markets in which we compete are highly competitive. Competition may result in pricing pressures, reduced profit margins or lost market share, or a failure to grow or maintain our market share, any of which could substantially harm our business and results of operations. We compete directly against wholesalers and direct retailers of apparel, including large, diversified apparel companies with substantial market share and strong worldwide brand recognition. Many of our competitors, including Vince, James Perse, Rag & Bone, Madewell, AG, FRAME, All Saints, Zegna and Ralph Lauren, have significant competitive advantages, including longer operating histories, larger and broader customer bases, more established relationships with a broader set of suppliers, greater brand recognition and greater financial, research and development, marketing, distribution, and other resources than we do. As a result, these competitors may be better equipped than we are to influence consumer preferences or otherwise increase their market share by: ● quickly adapting to changes in customer requirements or consumer preferences; ● discounting excess inventory"
105312,WHR,WHIRLPOOL CORP,2024,0000106640-24-000020,Item_3,0,74,"Item 3. LEGAL PROCEEDINGS Information regarding legal proceedings can be found in Note 7 to the Consolidated Financial Statements and is incorporated herein by reference. Pursuant to the SEC regulation, the Company will use a threshold of $1 million for purposes of determining whether disclosure of certain environmental proceedings covered by the regulation is required."
88807,SFM,SPROUTS FARMERS MARKET,2024,0000950170-24-018768,Item_9B,0,75,"Item 9B. Other Information During the fourth quarter of 2023, none of our directors or executive officers adopted or terminated a Rule 10b5-1 Trading Plan, or a “ non-Rule 10b5-1 trading arrangement” (as defined in Item 408(c) of Regulation S-K)."
69443,NGVC,NATURAL GROCERS VITAMIN CTGE,2023,0001437749-23-033880,Item_1A,28,500,", general well-being or nutrient deficiency claims on the product labeling must notify FDA about the claim within thirty days after first marketing the dietary supplement with the claim and no dietary supplement may bear a statement that expressly or implicitly represents that such supplement will diagnose, cure, treat or prevent a disease. If these laws and regulations were violated by our management, Crew members, suppliers, distributors or vendors, we could be subject to regulatory enforcement action, public warning letters, product recalls, fines, penalties and sanctions, including injunctions against the future shipment and sale of products, seizure and confiscation of products, prohibition on the operation of our stores, restitution and disgorgement of profits, operating restrictions and even criminal prosecution in some circumstances. In addition, other public and private actors are increasingly targeting dietary supplement retailers and manufacturers with class action lawsuits for selling products that allegedly fail to adhere to the requirements of FDCA, DSHEA, and other federal and state statutes and requirements, including for failing to adhere to current good manufacturing practices, making false or misleading product statements, providing inaccurate ingredient identity and potency, and failing to control or disclose allergens, contaminants, residues and adulterants, as well as for state common and statutory laws regarding deceptive trade practices. In addition, DSHEA differentiates between old dietary ingredients, or ODIs ( i.e., those ingredients present in the food supply prior to October 15, 1994, which require no pre-market notification to the FDA), and new dietary ingredients, or NDIs ( i.e., those ingredients not proven to be present in the food supply prior to October 15, 1994, which do require pre-market notification to the FDA). The FDA requires the submission of a premarket notification (NDIN) to the FDA at least 75 days before a product containing an NDI is sold. In draft guidance, the FDA has stated that it is aware that some manufacturers and distributors have marketed dietary supplements for which premarket NDINs were required, but never submitted. The FDA has stated that it will exercise enforcement discretion on such products marketed before May 20, 2022, for which no NDINs were submitted, until 180 days after a final rule is published in the Federal Register. This Policy reflects the FDA’s intent to begin more robust enforcement of the pre-market notification requirements for NDIs, which could result in the removal of certain dietary supplement products that we sell. In addition, the FDA has not yet promulgated"
85287,RL,RALPH LAUREN CORP,2024,0001037038-24-000014,Item_7,41,500,"our results of operations, cash requirements, financial condition, and other factors that the Board of Directors may deem relevant, including economic and market conditions. See Note 16 to the accompanying consolidated financial statements for additional information relating to our quarterly cash dividend program. 66 Material Cash Requirements Firm Commitments The following table summarizes certain of our aggregate material cash requirements as of March 30, 2024, and the estimated timing and effect that such obligations are expected to have on our liquidity and cash flows in future periods. We expect to fund these firm commitments with operating cash flows generated in the normal course of business and, if necessary, through availability under our credit facilities or other accessible sources of financing. Fiscal 2025 Fiscal 2026-2027 Fiscal 2028-2029 Fiscal 2030 and Thereafter Total (millions) Senior Notes $ — $ 400.0 $ — $ 750.0 $ 1,150.0 Interest payments on debt 37.1 51.8 44.3 33.2 166.4 Operating leases 279.0 415.2 281.7 485.2 1,461.1 Finance leases 27.3 58.9 50.5 188.9 325.6 Other lease commitments 0.4 16.7 19.7 110.3 147.1 Inventory purchase commitments 834.7 — — — 834.7 Mandatory transition tax payments 33.7 42.2 — — 75.9 Other commitments 77.8 59.8 25.7 — 163.3 Total $ 1,290.0 $ 1,044.6 $ 421.9 $ 1,567.6 $ 4,324.1 The following is a description of our material, firmly committed obligations as of March 30, 2024: • Senior Notes represent the principal amount of our outstanding 3.750% Senior Notes and 2.950% Senior Notes. Amounts do not include any call premiums, unamortized debt issuance costs, or interest payments (see below); • Interest payments on debt represent the semi-annual contractual"
82770,REBN,REBORN COFFEE INC,2026,0001213900-26-046490,Item_12,1,500,"% Jung Jae Lim, Co-Chief Executive Officer and Director - - Mi Jeong Lee, Director - - Alex Yeon, Director - - All directors, directors nominees and executive officers as a group (7 persons): 2,926,751 35.6 % (1) Arena Investors, LP (“Arena”) filed a Schedule 13G/A on August 14, 2025, disclosing the beneficial ownership of shares of our common stock underlying derivative securities that can be exercised/converted within 60 days of the date of this Report. The derivative securities may not convert or be exercised, and we may not issue or sell any our shares of common stock to Arena, when aggregated with all other our common stock then beneficially owned by Arena, would cause Arena’s beneficial ownership of our shares of common stock to exceed 9.99% (the “Beneficial Ownership Limitation”). Due to the Beneficial Ownership Limitation, notwithstanding the maximum number of shares and percentage reflected above, Arena’s beneficial ownership of our shares of common stock at any time will not exceed 9.99% of our outstanding shares of common stock, or 911,592 shares based on our shares of common stock outstanding as of March 31, 2026, plus the issuance of such 911,592 shares. The Schedule 13G/A filed on August 14, 2025 was filed by: (i) Arena, who serves as subadvisor to Arena Global (as defined below) and as investment manager to ASOFM2 and ASOPIII (each as defined below); (ii) Arena Investors GP, LLC, who serves as the general partner of the Arena (the “IM General Partner”); (iii) Arena Business Solutions Global SPC II, LTD (“Arena Global”); (iv) Arena Special Opportunities (Offshore) Master II, LP (“ASOFM2”); (v) Arena Special Opportunities Partners (Offshore) GP II, LLC, who serves as the general partner of ASOFM2 (the “ASOFM2 General Partner”); (vi) Arena Special Opportunities Partners III, LP (“ASOPIII”; and collectively with Arena Global and ASOFM2, the “Arena Funds”); and (vii) Arena Special Opportunities Partners III GP, LLC, who serves as the general partner of ASO"
41747,GAP,GAP INC,2025,0000039911-25-000029,Item_1,4,500,"for approximately 9 percent and 8 percent of the dollar amount of our total fiscal 2024 purchases. Of our merchandise purchased during fiscal 2024, substantially all purchases, by dollar value, were from factories outside North America. Approximately 27 percent of our fiscal 2024 purchases, by dollar value, were from factories in Vietnam. Approximately 19 percent of our fiscal 2024 purchases, by dollar value, were from factories in Indonesia. Product cost increases or events causing disruption of imports from Vietnam, Indonesia, or other foreign countries, including the imposition of additional import restrictions, tariffs, or taxes, or vendors temporarily closing or potentially failing due to political, financial, or regulatory issues, could have an adverse effect on our operations. Substantially all of our foreign purchases of merchandise are negotiated and paid for in U.S. dollars. For additional information on risks related to our merchandise vendors, see the below sections in Item 1A, Risk Factors, of this Form 10-K. • “Risks Related to Our Business Operations—Trade matters may disrupt our supply chain,” • ""Risks Related to Our Business Operations—Our business is subject to risks associated with global sourcing and manufacturing,"" • ""Risks Related to Our Business Operations—Risks associated with importing merchandise from foreign countries, including failure of our vendors to adhere to our Code of Vendor Conduct, could harm our business,"" and • “General Risks—Our business and results of operations could be adversely affected by natural disasters, public health crises, political crises, negative global climate patterns, or other catastrophic events.” Seasonal Business and other Macroeconomic Conditions Our business typically follows a seasonal pattern, with sales peaking during the end-of-year holiday period. Additionally, other macroeconomic conditions such as uncertainty surrounding inflationary pressures, global geopolitical instability, and changes related to government fiscal, monetary, and tax policies including changes in interest rates, tax rates, duties, tariffs, and other restrictions, have had and may continue to have an impact on customer behavior that could result in temporary changes in the seasonality of our business. For additional information on risks related to macroeconomic conditions, see the section entitled “Risk Factors—Risks Related to Macroeconomic Conditions—Global economic conditions have and could continue to adversely affect our business, financial condition, and results of operations” in Item 1A, Risk Factors, of this Form 10-K. Brand Building Our ability to develop"
