"chunk_id","chunk_text_sha256","review_status","issue_type","notes"
"AAPL__AAPL_APPLE_INC_2024__appendix__0001__chunk_0001","1d6d5a795c07cce468d040d2f0ec88e2c8d9ec49aaf002d5de2feabd116211cd","","",""
"AAPL__AAPL_APPLE_INC_2024__appendix__0005__chunk_0000","4980ee6fe93cec3156032549efcb2cb4753dba93b21f95941f9d27932d63ad4c","","",""
"AAPL__AAPL_APPLE_INC_2024__appendix__0006__chunk_0000","8cf4d55dc4966d03971eafb510d4cc70bce74b1604be48aa8d61f308e64b58a3","","",""
"AAPL__AAPL_APPLE_INC_2024__appendix__0009__chunk_0005","0afaae07263e95ea290135e38ae7d83f2d0ce74475852bbf70dd79ec7cc220ca","","",""
"AAPL__AAPL_APPLE_INC_2024__appendix__0009__chunk_0006","35e69b5421de2438b02df9f9c616cb63480ba13bdaf71fbfb78daf4eb30fc4e0","","",""
"AAPL__AAPL_APPLE_INC_2024__climate__0001__chunk_0000","4f48c3d99de5f3a35ba58d9ce91f70395da74222f4f319a6ec15e35c6f6bf71e","","",""
"AAPL__AAPL_APPLE_INC_2024__data_summary__0001__chunk_0000","cb876ebf3caba78967b46ed562df7d48c0281bf7dbdc6a3a73a75868cc760efc","","",""
"AAPL__AAPL_APPLE_INC_2024__energy__0003__chunk_0001","9bcd745c3be28c60f6ed7db09dbc213a54984996650fd1e185d79d45fbe1dfe4","","",""
"AAPL__AAPL_APPLE_INC_2024__energy__0007__chunk_0000","a7ea43c8020809f5f4b3440830942b5af851c1509d99747e93cc5a23a0371a90","","",""
"AAPL__AAPL_APPLE_INC_2024__energy__0012__chunk_0000","ec8d795b9946cc89072c14e4b962ad3bd4c9b916a36aafb732fc0f06342dac5e","","",""
"AAPL__AAPL_APPLE_INC_2024__water__0001__chunk_0001","4635dd8001bef4fb706fc00b0e63b5122f04641ef2eec30154e55f0f1c71d838","","",""
"AAPL__AAPL_APPLE_INC_2024__water__0002__chunk_0002","8bb90f75b07f501d3356654321efc1f97253636e62a0022191e7e360e9b73609","","",""
"AAPL__AAPL_APPLE_INC_2024__water__0002__chunk_0005","d21c12c0538af7c66d54f5c5b028ad58a69620fd6b5c0bcb83987c4451237abf","","",""
"AAPL__AAPL_APPLE_INC_2024__water__0003__chunk_0003","41963a8c50f45feb90084e79e4e496ae4e34a255dd9de182101cc1f3e3926ff3","","",""
"AAPL__AAPL_APPLE_INC_2024__water__0003__chunk_0004","c30a64dd7e2615704559658534f070334b338939f7fd13a244b225c6f8fc3dab","","",""
"ABG__ABG_ASBURY_AUTOMOTIVE_GROUP_INC_2023__about_this_report__0003__chunk_0000","952d547228d69c1e41a5058b58e74c24e93e9bc75d6a60c24d2b5c8043476c7a","","",""
"ABG__ABG_ASBURY_AUTOMOTIVE_GROUP_INC_2023__ceo_letter__0001__chunk_0000","14afd9327c4467c6c533cad4244cb4022b5fd5335cf6dcffdee11b2b87742a28","","",""
"ABG__ABG_ASBURY_AUTOMOTIVE_GROUP_INC_2023__ceo_letter__0001__chunk_0001","a0183887e88975226e954dd6c6820e436ab2d86567f60fa379984d013bc6cfc9","","",""
"ABG__ABG_ASBURY_AUTOMOTIVE_GROUP_INC_2023__ceo_letter__0001__chunk_0002","21cee0cda36b4e83826ba2c87463246f775d9d4cf72f81a2259f838676058408","","",""
"ABG__ABG_ASBURY_AUTOMOTIVE_GROUP_INC_2023__community__0003__chunk_0000","1c80f09ac0abe6bd5176de3c13477882d28d2db3a07ecf28380834c3a871975c","","",""
"ABG__ABG_ASBURY_AUTOMOTIVE_GROUP_INC_2023__environmental__0002__chunk_0000","6e41ffa7513fd08f586725cd33e1d4364b8a60f0c1ca71da992e4363b47de90a","","",""
"ABG__ABG_ASBURY_AUTOMOTIVE_GROUP_INC_2023__ethics_compliance__0002__chunk_0001","e51a4512fb0a5db55ee8328011750d94ead6f7bb7455a82a254cc423c729254d","","",""
"ABG__ABG_ASBURY_AUTOMOTIVE_GROUP_INC_2023__governance__0001__chunk_0000","001732b228c2ee2533f786ffe239958765f642d943e356978534f544e4231ed5","","",""
"ABG__ABG_ASBURY_AUTOMOTIVE_GROUP_INC_2023__governance__0002__chunk_0000","15e31b063c8be7c3e4e3eeda22155528338b1814bf6e4040b2fea8a45f431cfb","","",""
"ABG__ABG_ASBURY_AUTOMOTIVE_GROUP_INC_2023__governance__0004__chunk_0000","fe0e44e34026ee949d01a411b35e678f53f5a383794e84d72c4f6a0c3b1917b1","","",""
"ABG__ABG_ASBURY_AUTOMOTIVE_GROUP_INC_2023__human_capital__0001__chunk_0000","56c78c81415d06964385830228c2021a222f1911d61af1cf44ca71849cd6e4b4","","",""
"ABG__ABG_ASBURY_AUTOMOTIVE_GROUP_INC_2023__human_capital__0004__chunk_0000","ba676c6bf1d006252dcd9b1999c7511cdfacaeb81172db6397ad6eb87f5dd1d9","","",""
"ABG__ABG_ASBURY_AUTOMOTIVE_GROUP_INC_2024__appendix__0001__chunk_0000","6239258276c4d76f64b9e6a783222cb1634e3d76e13a6253e78864d6edea9f87","","",""
"ABG__ABG_ASBURY_AUTOMOTIVE_GROUP_INC_2024__community__0002__chunk_0000","281efb266508f9deb8cc55bf70245feea5bd945d1b76d3f4e1da45b3aa401dfd","","",""
"ABG__ABG_ASBURY_AUTOMOTIVE_GROUP_INC_2024__community__0004__chunk_0000","20cb51a49859254970099eeeddc73c614d72f1d967243e8e6eb3062ec26a492e","","",""
"ABG__ABG_ASBURY_AUTOMOTIVE_GROUP_INC_2024__energy__0001__chunk_0000","2129b949c46e6192336d2130460873dcabb441f19484057c41490a7f9f581fe0","","",""
"ABG__ABG_ASBURY_AUTOMOTIVE_GROUP_INC_2024__environmental__0004__chunk_0000","56e7e0ac768061cf79311d1a3ae285a40e5c634cab7b74d2e17c61b4dd624d59","","",""
"ABG__ABG_ASBURY_AUTOMOTIVE_GROUP_INC_2024__ethics_compliance__0003__chunk_0001","735745bb8c18fbd1f6c9fd73934df2344a8096d032bd2a58cc35532e20d74fef","","",""
"ABG__ABG_ASBURY_AUTOMOTIVE_GROUP_INC_2024__governance__0002__chunk_0000","5490aa1c7ed2444e4dac5d8559929aea1227c978875e61e916fd8453015e5fcf","","",""
"ABG__ABG_ASBURY_AUTOMOTIVE_GROUP_INC_2024__governance__0003__chunk_0000","d96494e2561cd088c26584e5e65510182dd049f6fe2eecf2b000def5bafdda77","","",""
"ABG__ABG_ASBURY_AUTOMOTIVE_GROUP_INC_2024__human_capital__0002__chunk_0001","83115a51b1d954893dd1b00616ed5f5d91acf023f278083896490a4f141bd8a4","","",""
"ABG__ABG_ASBURY_AUTOMOTIVE_GROUP_INC_2024__human_capital__0005__chunk_0000","13a2db12f69fc4e50ed288bf8cc6aaec34054d14f2c968b912878c1a89ac7cd6","","",""
"ACI__ACI_ALBERTSONS_COS_INC_2023__community__0001__chunk_0000","8f05c76064776bf5d590df1a35fe1ac182f5f637675a6482520ba415a2b233be","","",""
"ACI__ACI_ALBERTSONS_COS_INC_2023__community__0001__chunk_0001","cc7b2ef7526763ce6183cd2cb97e2c6a60b43e84ee48cb4e6b305fffb39b1480","","",""
"ACI__ACI_ALBERTSONS_COS_INC_2023__emissions__0003__chunk_0000","37971624b69fe15c96e5afb7283d2799b1af1593c4d5ed433d540f6b1aff65e9","","",""
"ACI__ACI_ALBERTSONS_COS_INC_2023__human_capital__0004__chunk_0000","1727298262b3b6ac964bcce1aaafc4b2051f7f18bde7853419dc588141515f12","","",""
"ACI__ACI_ALBERTSONS_COS_INC_2023__human_capital__0006__chunk_0000","71449a4db8d20899ae50ef0f07d62659780afab602be05f65df8cc6063405b08","","",""
"ACI__ACI_ALBERTSONS_COS_INC_2023__human_capital__0008__chunk_0000","0fe82ee526d8c3eee84df866210dbe3c861ed7479b84a823b32d6b6351747a9b","","",""
"ACI__ACI_ALBERTSONS_COS_INC_2023__human_capital__0008__chunk_0001","64612026e7d023a54c73aaf21a557729b0d02fe65e6885aaad0bf57be056b20a","","",""
"ACI__ACI_ALBERTSONS_COS_INC_2023__supply_chain_ethics__0001__chunk_0000","ab50bddcda19fd0f239b94dcde398ba3d14f65750465dda237dda2a81c3b5cf9","","",""
"ACI__ACI_ALBERTSONS_COS_INC_2023__supply_chain_ethics__0002__chunk_0000","00ecbbd479791f3504c0c023ea4685a7aabafb51ad4024dadc5ce9a51d466f89","","",""
"ACI__ACI_ALBERTSONS_COS_INC_2023__waste__0002__chunk_0003","5ef1c9770b054f7afd7ba3ac8664e733e74250bd390c17993c2505a729db58c1","","",""
"ACI__ACI_ALBERTSONS_COS_INC_2024__community__0003__chunk_0000","3c8bf9e846a33a3b28626e473f985f2b930a32e8ef7b2a2101f1657679d8bd7d","","",""
"ACI__ACI_ALBERTSONS_COS_INC_2024__community__0003__chunk_0001","1a3c9a8204f3619cfabc574a2a774d4879ab18d229c77aa24c49bac2cfd7e7a8","","",""
"ACI__ACI_ALBERTSONS_COS_INC_2024__diversity_equity_inclusion__0001__chunk_0000","b4566d1b0766b16139eb05718c7b81b4b9748523742e6c953665f15ac5ecc32b","","",""
"ACI__ACI_ALBERTSONS_COS_INC_2024__energy__0001__chunk_0000","d033662f983f86e68edd1046bdd2da0002147de966de35e803e67172de9c663b","","",""
"ACI__ACI_ALBERTSONS_COS_INC_2024__human_capital__0001__chunk_0000","adb5d603aa53df5910dd6e6430d31c1cd6e0a8df42c764e69995b9aa075a4f86","","",""
"ACI__ACI_ALBERTSONS_COS_INC_2024__human_capital__0003__chunk_0000","30f37a7b3d395c2db3fb4cdd69f5907eee20c050495dcadd3f548f962dc666fe","","",""
"ACI__ACI_ALBERTSONS_COS_INC_2024__human_capital__0004__chunk_0001","c9fa21dceeb25a4bc5cf10f904972c5d5cfb437c6aa293cf54e1e909c84a6271","","",""
"ACI__ACI_ALBERTSONS_COS_INC_2024__supply_chain_ethics__0001__chunk_0000","1fd1e8ac460ca89c8192d85269073d1215b6fb8897073370b3ac669af3cd9c98","","",""
"ACI__ACI_ALBERTSONS_COS_INC_2024__waste__0001__chunk_0000","77d5236e799763db23ba3bc92d4e183b0ee36173593a511cf094121a4d7e10b3","","",""
"AMZN__AMZN_AMAZON_COM_INC_2023__climate__0012__chunk_0000","54bf03018c2a8552eea00aa744cfb003e088f0ada39a930e67b106344238f03f","","",""
"AMZN__AMZN_AMAZON_COM_INC_2023__diversity_equity_inclusion__0002__chunk_0000","a4cff156763743246c8a66ed3248dd553c0db6f12b1c60a1780fe6e880f79bbe","","",""
"AMZN__AMZN_AMAZON_COM_INC_2023__diversity_equity_inclusion__0009__chunk_0000","db7fbd62ed78f0f2e7b7ef8c66e79639963fc8fe1f7bd33af6e42a966919e825","","",""
"AMZN__AMZN_AMAZON_COM_INC_2023__diversity_equity_inclusion__0012__chunk_0000","29f9bf65044d5df05c952fc189ff23b24a68b0bd3494cf1152ff8d5c80ea9b2e","","",""
"AMZN__AMZN_AMAZON_COM_INC_2023__diversity_equity_inclusion__0014__chunk_0000","14debdac1cb832e5aea4c0f7962bb6c6b9fc8feffc7d7233ab44a1e664c8458b","","",""
"AMZN__AMZN_AMAZON_COM_INC_2023__emissions__0001__chunk_0000","696a00dbb32067dcf2a89240211371b29eae282b036f3ef034a15ceef6a2c6e2","","",""
"AMZN__AMZN_AMAZON_COM_INC_2023__emissions__0010__chunk_0002","262fb9b7ff32e47433b6ba133625e82d1bf498f2b1ba4acb861ff614da7cde0b","","",""
"AMZN__AMZN_AMAZON_COM_INC_2023__energy__0003__chunk_0001","1e4a75a42c5f378a6e1694992dfb0eca2e276dd13551de6ab2e3232e72dcba6d","","",""
"AMZN__AMZN_AMAZON_COM_INC_2023__energy__0012__chunk_0007","d4b609afe0b2d8f915b8fc6ef454880d8147f81efcdbd32af3f547c23052dbee","","",""
"AMZN__AMZN_AMAZON_COM_INC_2023__energy__0012__chunk_0009","a48573e848023321288971e038ae7d965fd7ba76971bcdc473bb0efbd4a29130","","",""
"AMZN__AMZN_AMAZON_COM_INC_2023__waste__0004__chunk_0000","d7b8f598942cd41d6a19a02c63620e255f5757ba874d1b23854de209907bcbf7","","",""
"AMZN__AMZN_AMAZON_COM_INC_2023__waste__0005__chunk_0007","0d7638d4255e9d1885dad83be12db4ba5eb03d29db5414c2ab6dfec7a231d01d","","",""
"AMZN__AMZN_AMAZON_COM_INC_2023__water__0004__chunk_0000","f228f7836ddce4558264667762deaea097d8b295ed3f4ddd41ccfa5f17e921b4","","",""
"AMZN__AMZN_AMAZON_COM_INC_2023__water__0005__chunk_0006","cf32dafe23fa73d3bd736724cee49fa636f1dc259f6604908d5f55471921d173","","",""
"AMZN__AMZN_AMAZON_COM_INC_2023__water__0005__chunk_0007","5c946dc0fb61a5feea07ed3eec2749f469ad0ceb04f429f9f067e760c6b541a7","","",""
"AMZN__AMZN_AMAZON_COM_INC_2024__about_this_report__0001__chunk_0001","885e7692b4723cdfcdae943f91e3bda88d87f32a1a23f464b08e5365ba4d518a","","",""
"AMZN__AMZN_AMAZON_COM_INC_2024__community__0004__chunk_0000","1aa7020c54eced660a3540e7d19a42ce9f4ade4d2191563fd7bed8bcc1449eb7","","",""
"AMZN__AMZN_AMAZON_COM_INC_2024__community__0006__chunk_0001","27b570f589f1a2cdb585cbb46ba89519297a9883f3c64e13eb14c255806095d2","","",""
"AMZN__AMZN_AMAZON_COM_INC_2024__community__0009__chunk_0000","26443af0cd68efe3745b8ef964d2cc087747f44dd281fcb9d649dcfdeab3c104","","",""
"AMZN__AMZN_AMAZON_COM_INC_2024__diversity_equity_inclusion__0009__chunk_0000","208710c8aa80e2fc0e2d67b8cf33ecfcaccdb86a151d6239f4dff54dceb1ba44","","",""
"AMZN__AMZN_AMAZON_COM_INC_2024__energy__0006__chunk_0001","d59b112ca911f32cc3d1a0cc0ca01a9f55eb8d463469521d3412355e7335c4a9","","",""
"AMZN__AMZN_AMAZON_COM_INC_2024__energy__0006__chunk_0002","f21afd7d9e68202b7876539fdfaac317b982c5ddfc0ad0fe8b07385cebd532b8","","",""
"AMZN__AMZN_AMAZON_COM_INC_2024__energy__0010__chunk_0001","0ddcb31eb6b6513488be01966f86e06615a57ddfb9823a84c34a8199b335f82c","","",""
"AMZN__AMZN_AMAZON_COM_INC_2024__environmental__0003__chunk_0000","48b39fbd35821f2df2b05d63c7a94b94893ac17dc14cf488f67a5c62c44027f9","","",""
"AMZN__AMZN_AMAZON_COM_INC_2024__supply_chain_ethics__0001__chunk_0000","636db1968879e08a39b0905f3339e7e403bc7d29b8eb68b4e8dd1d0737787f27","","",""
"AMZN__AMZN_AMAZON_COM_INC_2024__supply_chain_ethics__0003__chunk_0000","7f9c2bf7ff3ad9702898fd47345b86b13e5a572184f8cfe0794361ce4453efb0","","",""
"AMZN__AMZN_AMAZON_COM_INC_2024__supply_chain_ethics__0006__chunk_0004","26b2c2cd2a21c0fc87987927e105e18391a0ad8045ed29c11bd5bd89a1e79c56","","",""
"AMZN__AMZN_AMAZON_COM_INC_2024__supply_chain_ethics__0006__chunk_0005","04f9d1c5ad2307bbc62210693edcfd0a3416437efa4816dfc38b1a9fd0eb572e","","",""
"AMZN__AMZN_AMAZON_COM_INC_2024__supply_chain_ethics__0009__chunk_0000","d5fded2ea1d9cb9e1944fe8e782462b2628142ebcb9cb0d79c51263878e02a6b","","",""
"AMZN__AMZN_AMAZON_COM_INC_2024__supply_chain_ethics__0010__chunk_0000","7f0410f4e8e97cd2f68995296e992472c0ea0107dae17cb2a3a98e9198c69459","","",""
"AN__AN_AUTONATION_INC_2023__about_this_report__0001__chunk_0001","b64bb2acb7b5576ef01011a78621c5ad79c067637ab198f15a8654a9a88e1947","","",""
"AN__AN_AUTONATION_INC_2023__environmental__0002__chunk_0000","ce335b2bed510c503625679902ff983155d2d3054743fe213e2fa0806848d077","","",""
"AN__AN_AUTONATION_INC_2023__environmental__0002__chunk_0003","e7f845f246190515f8801298bbae4d7aa06541e0838d90f0adab2599a920c8e0","","",""
"AN__AN_AUTONATION_INC_2023__ethics_compliance__0001__chunk_0000","61987c752adc11144f0540707a03d93f0cd567767d35155301ca9042ce5ff23e","","",""
"AN__AN_AUTONATION_INC_2023__human_capital__0001__chunk_0000","1bac679b50681ca4c99d8680eaa3acce52d987e9b407ddbb16729bcb670251f3","","",""
"AN__AN_AUTONATION_INC_2023__human_capital__0001__chunk_0002","f18721facf93c76346670f67f5b024c0b1d0c2bdacfebbf4eeea1b94b8916b3d","","",""
"AN__AN_AUTONATION_INC_2023__human_capital__0001__chunk_0006","81a93bbcb039fd73b042d5990289a188743fc0357f248c44c1f2ea0295428c14","","",""
"AN__AN_AUTONATION_INC_2024__environmental__0002__chunk_0001","5886aa40dd138cdf87d0ca53d2bbd056554d302fb41df9147daa4e253bacedd2","","",""
"AN__AN_AUTONATION_INC_2024__ethics_compliance__0001__chunk_0001","b23a9591f7055e3b1bd2d988fee9b32f365ec9c9472bf8253afc5bbe2ee2e5e1","","",""
"AN__AN_AUTONATION_INC_2024__governance__0001__chunk_0000","8404e4b405119b3a20c222f387a232897cd1bf81f8e131e188e06c1e63964792","","",""
"AN__AN_AUTONATION_INC_2024__human_capital__0001__chunk_0000","69a4c4c8e49ebaf227309341b246f355b311baa2ec1ae74b40202cfb8db57341","","",""
"AN__AN_AUTONATION_INC_2024__human_capital__0002__chunk_0000","eebd2787fae4427f08d6da3ded830112a0a703a639bd59c357f82a706d05c16a","","",""
"AN__AN_AUTONATION_INC_2024__human_capital__0003__chunk_0001","a5b6b0878b886022a2bc996845396302ab5f00e12b343f5396b73bcb60970fe6","","",""
"AN__AN_AUTONATION_INC_2024__supply_chain_ethics__0001__chunk_0000","5a1c8ec9140137aa6176d2417b939982b068e9b23087dc0236e9a3f01c070682","","",""
"AN__AN_AUTONATION_INC_2024__waste__0001__chunk_0001","7937105d237dd9e2c2e89196b7f7ce207ee4240c8acee5890c6110eaa02f6615","","",""
"AZO__AZO_AUTOZONE_INC_2023__about_this_report__0003__chunk_0000","9bd612a15b913900d4030156ebfc724d5574c15a14d3259cad3d42ec6bacb8d3","","",""
"AZO__AZO_AUTOZONE_INC_2023__climate__0001__chunk_0000","c3d123a580241d04c67dd9f859eb5dd96bc2f510903304bdb5407f3670f82d4f","","",""
"AZO__AZO_AUTOZONE_INC_2023__community__0004__chunk_0002","f0be55cbc7e43d09d0927917b21bb4569c4fa9dd290d9ffddeb97bf2387a3d5b","","",""
"AZO__AZO_AUTOZONE_INC_2023__environmental__0003__chunk_0000","ed1c68f2b7e3ba58a8013dac42564e64aae930014150002fc87a6f865d119ccf","","",""
"AZO__AZO_AUTOZONE_INC_2023__environmental__0005__chunk_0001","5987f14b6e8c44d48cb79a182ef39b1e1fe2e0fcfc5850ce3d65bb51a66af321","","",""
"AZO__AZO_AUTOZONE_INC_2023__governance__0003__chunk_0000","af1a199b6fb3bc1f91d1fc8c7b1df7e1ecd1a98e99c6962cdc4a49e76a6015f3","","",""
"AZO__AZO_AUTOZONE_INC_2023__governance__0006__chunk_0000","4593cdd479912b1371b002c966c315d78ab823cede435ed6ea20c4c56fcd382d","","",""
"AZO__AZO_AUTOZONE_INC_2023__human_capital__0001__chunk_0000","616f0a110f1b7c1e732cb86093fa8b021fd54bde7c2300435fa8103d903f811b","","",""
"AZO__AZO_AUTOZONE_INC_2023__human_capital__0002__chunk_0000","9ce80df19c53ded9bb713c9ed992a2d591c13b5b58cf6b84ca79a651dc86f733","","",""
"AZO__AZO_AUTOZONE_INC_2023__human_capital__0006__chunk_0006","29508ec79c30e49fe6e0da6fd02d83132217338a753694905a0429f3dcc99c87","","",""
"AZO__AZO_AUTOZONE_INC_2023__supply_chain_ethics__0001__chunk_0001","407e799d58c5bdb03a0e227d3a94fa135e0e7b2a7854fc86c93f1e85b6bc3112","","",""
"AZO__AZO_AUTOZONE_INC_2023__supply_chain_ethics__0002__chunk_0000","1cdaba0bef0dd6a7de32e230d4a072607947e36d3a520ceb1c162428579ff75b","","",""
"AZO__AZO_AUTOZONE_INC_2024__human_capital__0002__chunk_0000","831c5f9dc6a678ed449dcd97694b2a89cfa471df94e5597f4d31cac58f4a374b","","",""
"BBWI__BBWI_BATH_BODY_WORKS_INC_2023__about_this_report__0001__chunk_0000","90ff48cd0c6e034f9e0af863efc7d1c44920ba7a52943443866f25d758c7d216","","",""
"BBWI__BBWI_BATH_BODY_WORKS_INC_2023__ceo_letter__0001__chunk_0000","063d8787a9cb0634ce528ccaf201b58d7308076519b8b4dbf8ebb0a05f73ab49","","",""
"BBWI__BBWI_BATH_BODY_WORKS_INC_2023__community__0004__chunk_0003","5e70e84502475db87947d5ba9e15586ade05466c1b610d7cbc583cd95d80283a","","",""
"BBWI__BBWI_BATH_BODY_WORKS_INC_2023__diversity_equity_inclusion__0008__chunk_0000","c6893cfa9ca037e3b363340d65bfde52e735f0c6a7cb98c310b57a4594c7bce4","","",""
"BBWI__BBWI_BATH_BODY_WORKS_INC_2023__diversity_equity_inclusion__0010__chunk_0000","c99fcd41eff20743bc420bae3ae8a0d21f9701f474ef119f3b346539fd84f3c1","","",""
"BBWI__BBWI_BATH_BODY_WORKS_INC_2023__diversity_equity_inclusion__0011__chunk_0000","1805bded5725fef85256eacbbd2ad8d60443008436b9d37e74a262060e9e504f","","",""
"BBWI__BBWI_BATH_BODY_WORKS_INC_2023__environmental__0003__chunk_0000","12d0c31399e8169fef130292f212c4cf99ffec55e7ef808108aed87c53beb147","","",""
"BBWI__BBWI_BATH_BODY_WORKS_INC_2023__governance__0004__chunk_0000","5ce46a57730b8edd94a0be0c19be840688afb46dad111c713bd9043de883f72d","","",""
"BBWI__BBWI_BATH_BODY_WORKS_INC_2023__human_capital__0009__chunk_0000","8db04d13724224f602d7fb50715e5d05ddd9ea1af357ca2c424660ebf2c8d72e","","",""
"BBWI__BBWI_BATH_BODY_WORKS_INC_2023__human_capital__0011__chunk_0000","ecd43b66f9d1eec4cec86fbbb75be4b7ea139edcd82b81477ed45cf12eeb7e78","","",""
"BBWI__BBWI_BATH_BODY_WORKS_INC_2023__supply_chain_ethics__0003__chunk_0000","f6eb3dbbfb880f596783cacd7040f9d030048f9d5b74bd67952cfee6ef766d56","","",""
"BBWI__BBWI_BATH_BODY_WORKS_INC_2023__supply_chain_ethics__0005__chunk_0000","c80d5bf8bf1fd18086f581ea42bc4c8d12335191b9bad7caea2074c789b89d30","","",""
"BBWI__BBWI_BATH_BODY_WORKS_INC_2023__supply_chain_ethics__0010__chunk_0000","e1e742f853d5cba8a1618541d6064c0e852325bcf7fe328340420159a9bf3a73","","",""
"BBWI__BBWI_BATH_BODY_WORKS_INC_2023__waste__0001__chunk_0002","0b4c0aa36344223443673e82039fb34e94a226b0de7f30d74bc73d694f6d44f9","","",""
"BBWI__BBWI_BATH_BODY_WORKS_INC_2023__waste__0006__chunk_0000","2bb6a223f11d98bc4ddf07f04d05ddf56c5bc9f3cf49620a8fab6641b8e2b290","","",""
"BBWI__BBWI_BATH_BODY_WORKS_INC_2024__appendix__0005__chunk_0000","41ddf42614aabe8ecaba50034f95c3c2673fdc5525f67ddd9054010d7ee0b4bd","","",""
"BBWI__BBWI_BATH_BODY_WORKS_INC_2024__ceo_letter__0002__chunk_0000","99f831d376b1ad0816933137f69cbc4abdb9a57fdcd650d7223c813580ef2367","","",""
"BBWI__BBWI_BATH_BODY_WORKS_INC_2024__ceo_letter__0002__chunk_0004","9305a70866a14e07f1b708f59e517f12db06a2e45df1e296e31042bc7878acf1","","",""
"BBWI__BBWI_BATH_BODY_WORKS_INC_2024__climate__0003__chunk_0000","a7a5e060525eb6a8e48acdbc221815d0b7a93ec6145e620892a5e79358c254a3","","",""
"BBWI__BBWI_BATH_BODY_WORKS_INC_2024__community__0002__chunk_0000","0a26949d98e7d40642dfe443ab12b3d1cafab38253b9a13704b1d6e94f70c1d6","","",""
"BBWI__BBWI_BATH_BODY_WORKS_INC_2024__community__0004__chunk_0001","211fc39295dd5af05e2d644fd9658c9bbecb30a9dd8e5bf5219b2eee8dca23d8","","",""
"BBWI__BBWI_BATH_BODY_WORKS_INC_2024__community__0005__chunk_0000","8d9c47f19b7af71b71002ecab202a96ab817ac63a392744a50c9246ec30efda2","","",""
"BBWI__BBWI_BATH_BODY_WORKS_INC_2024__diversity_equity_inclusion__0002__chunk_0000","202e5803254412147cb02a59e3b66011e244b7a556f9ed0d509ae7eee63d8948","","",""
"BBWI__BBWI_BATH_BODY_WORKS_INC_2024__emissions__0004__chunk_0000","4df666cc34b1ddb5398cc4276a8f7082d21fa60d0a36102e872a63c2cf37c140","","",""
"BBWI__BBWI_BATH_BODY_WORKS_INC_2024__emissions__0004__chunk_0004","a0a92b749452daaff91eb1d261aef824f84cf6f3d5f5d9db3edda919d997aed4","","",""
"BBWI__BBWI_BATH_BODY_WORKS_INC_2024__ethics_compliance__0002__chunk_0000","9fdd54945a77b171d2a7c682418235b4dc72a86746bbcc880fe11bbff8b89a68","","",""
"BBWI__BBWI_BATH_BODY_WORKS_INC_2024__waste__0001__chunk_0000","5f3e4f851410f73dba5605504542722c9bca718c1056a629152d289192446fee","","",""
"BBWI__BBWI_BATH_BODY_WORKS_INC_2024__waste__0002__chunk_0003","04fc851764f99af7a284e554ebe9fb4ee7744790f98a41013f0f71d0c1fb62ff","","",""
"BBWI__BBWI_BATH_BODY_WORKS_INC_2024__water__0001__chunk_0000","dc013238295bf3e9ee2f82856be143a306c62638870f28d1392e7e487a9b2948","","",""
"BBWI__BBWI_BATH_BODY_WORKS_INC_2024__water__0002__chunk_0000","e73399c996c0613cd4c98d0811052615044c49fbb85197cb5d96483b0e0a303d","","",""
"BBW__BBW_BUILD_A_BEAR_WORKSHOP_INC_2023__ceo_letter__0001__chunk_0001","5b3fd0bfab31bebba4ed5c83e008b35181d323fced813ee58c005085c2431948","","",""
"BBW__BBW_BUILD_A_BEAR_WORKSHOP_INC_2023__ethics_compliance__0001__chunk_0000","1d029a7faf25d603b316a66c0d37dd003b1c23efd828e46df32f64a540d18977","","",""
"BBW__BBW_BUILD_A_BEAR_WORKSHOP_INC_2023__governance__0001__chunk_0000","052a0affd1afc5c02458795f2c1cb6e49b3185a6cce39ede7bc9f4a7c2750f29","","",""
"BBW__BBW_BUILD_A_BEAR_WORKSHOP_INC_2023__governance__0003__chunk_0000","a6d3dfef6aec1bf4bb688b981d724c203159327e0c3851d9ee1053108bb77ac0","","",""
"BBW__BBW_BUILD_A_BEAR_WORKSHOP_INC_2023__human_capital__0002__chunk_0002","a425d88a1186e49053b26c348259ab3c77f72b5b0130201070096ecd5c2ba304","","",""
"BBW__BBW_BUILD_A_BEAR_WORKSHOP_INC_2023__human_capital__0003__chunk_0003","52ea5c5b08b60767c158a4dcb9289d60353ea0f5e4eb45397c77d56ce82bb874","","",""
"BBW__BBW_BUILD_A_BEAR_WORKSHOP_INC_2023__human_capital__0003__chunk_0004","18c6e5d0234ff9c410fba65ba4769e3340d7098209f1e322c9160570917a9536","","",""
"BBW__BBW_BUILD_A_BEAR_WORKSHOP_INC_2023__human_capital__0003__chunk_0006","4bec18ef0dcf013c7a4482fd667661f7bb4b0a49db15548e37a38185bd2663b5","","",""
"BBW__BBW_BUILD_A_BEAR_WORKSHOP_INC_2023__waste__0002__chunk_0002","053af2a83d9febbdcc2f8f75906e5a7ea84a2d91b3ec94aa3248dee040e2f3fb","","",""
"BBW__BBW_BUILD_A_BEAR_WORKSHOP_INC_2024__human_capital__0003__chunk_0000","c63a27c6c73b72d64644045f31c998908aa3e162ceb6c696e0a5f01507f0fde3","","",""
"BBW__BBW_BUILD_A_BEAR_WORKSHOP_INC_2024__supply_chain_ethics__0001__chunk_0000","25c9e34ff32c9f38625f30098b00a73c6626ca90332a8736411f6054bcd3a58f","","",""
"BBY__BBY_BEST_BUY_CO_INC_2023__appendix__0001__chunk_0000","cb2dceacd494473a3ec4cdb079a680f7fecafbb49dc0b9405c082c329f57a7f5","","",""
"BBY__BBY_BEST_BUY_CO_INC_2023__ceo_letter__0001__chunk_0000","15549a7c661f5fde5a8bc3ba6f56844033f508b39a39a19b3f2732c782be5fe1","","",""
"BBY__BBY_BEST_BUY_CO_INC_2023__ceo_letter__0001__chunk_0001","d7ed504f0fdde1733bf87cfe72de856428504678a477a7f9d7fce1098ac1a051","","",""
"BBY__BBY_BEST_BUY_CO_INC_2023__climate__0002__chunk_0000","18afcba604de0795e6dd3c85e5f57979ea20f599bd6e32f3d57f5ee2501b6c99","","",""
"BBY__BBY_BEST_BUY_CO_INC_2023__diversity_equity_inclusion__0001__chunk_0000","b4f65c596244e28eb638df66ce7898feddbe634acd0ab8ad240543b50e53548d","","",""
"BBY__BBY_BEST_BUY_CO_INC_2023__diversity_equity_inclusion__0004__chunk_0000","819fd54c204834a659f53a04da3a6e964b9b4d821aaeea60c4fd7feb88e43ca7","","",""
"BBY__BBY_BEST_BUY_CO_INC_2023__diversity_equity_inclusion__0005__chunk_0001","a04e5c48f7a4d8d8b5b08c34852d5fc008f5591d125110741fdcefc5e2ca14fe","","",""
"BBY__BBY_BEST_BUY_CO_INC_2023__diversity_equity_inclusion__0007__chunk_0000","4de8c3610bbc43ccbfd40cfda9a7dc14b570edd3b794f1258775061b06e173be","","",""
"BBY__BBY_BEST_BUY_CO_INC_2023__emissions__0004__chunk_0000","6c7e1e74cdbd89af851a96ab5f0a5b83e75a3b9e18e19fdc9c19f37d71f01d1a","","",""
"BBY__BBY_BEST_BUY_CO_INC_2023__emissions__0005__chunk_0001","f0d548cea788b0dda1124ee36d8b5b2b988463017f960ffe607d883a0faa3499","","",""
"BBY__BBY_BEST_BUY_CO_INC_2023__energy__0002__chunk_0000","a26e4458d71983e13246f51eda5ed1157700de68fc4f5dcabb31a1ed9e808c16","","",""
"BBY__BBY_BEST_BUY_CO_INC_2023__ethics_compliance__0001__chunk_0000","d74bf84133b6b9fb0fe526b690374cc5b22c6fa680628ab0342dda9910eff739","","",""
"BBY__BBY_BEST_BUY_CO_INC_2023__ethics_compliance__0004__chunk_0000","41f8c2113028b62bce7735ab7a19598aad3abb1a22ea5cdacd9e9168de388825","","",""
"BBY__BBY_BEST_BUY_CO_INC_2023__waste__0003__chunk_0000","521ac2ff99ff5d8dad669896ccc62208c4b4752e165a31758becb7215253b929","","",""
"BBY__BBY_BEST_BUY_CO_INC_2023__water__0002__chunk_0000","32d32a680064a8120418178e0faf81099b29afc7f82b7b5362861657850a9040","","",""
"BBY__BBY_BEST_BUY_CO_INC_2024__ceo_letter__0001__chunk_0000","84bb1df49048282ddec8b085a4d49d9b9333b30c506353c25b7eeb9890016809","","",""
"BBY__BBY_BEST_BUY_CO_INC_2024__ceo_letter__0001__chunk_0001","ce498f9ea5079be1f65ad926f3bd13540eec977d605d5eaab661faaa755afce1","","",""
"BBY__BBY_BEST_BUY_CO_INC_2024__community__0002__chunk_0002","ee10ff11e28c0213e031a1bf42ecf2b818287df1c45ec6ab4ef380e9e0bcd338","","",""
"BBY__BBY_BEST_BUY_CO_INC_2024__diversity_equity_inclusion__0002__chunk_0000","e057f6b6a6d944b0915e4aec724689afd8235c9e8a74e13fc969e83fb929d154","","",""
"BBY__BBY_BEST_BUY_CO_INC_2024__energy__0002__chunk_0000","64782901d36f76cf64c3d8a08c746ccc50f6355ee5ee7d02d21f90f826d87e3a","","",""
"BBY__BBY_BEST_BUY_CO_INC_2024__energy__0003__chunk_0000","040b031eff81ff331a462345af4779aa36f65cbcf178a20e16adbca65eaa1350","","",""
"BBY__BBY_BEST_BUY_CO_INC_2024__environmental__0004__chunk_0000","7f9da1f6f85eead79d4115e9fbc7a693090b11ff5bfe32ff1ce8c1c794c3c6e0","","",""
"BBY__BBY_BEST_BUY_CO_INC_2024__ethics_compliance__0001__chunk_0000","9eb005f494064d6638702ef1a96fdf67b3324b803ba629f8998883fdec656abc","","",""
"BBY__BBY_BEST_BUY_CO_INC_2024__ethics_compliance__0002__chunk_0002","85715fbdc24591d36a38e86630ea5a48bdb9c97da3d2562cdd835fca121876a4","","",""
"BBY__BBY_BEST_BUY_CO_INC_2024__supply_chain_ethics__0005__chunk_0000","5f81d94162c3b3e4040a44ed19c997b6ac14407365b7bd34036f0aafd97ed03a","","",""
"BBY__BBY_BEST_BUY_CO_INC_2024__supply_chain_ethics__0006__chunk_0003","fbacbf7d74ec3ce7b5316b2d2f75b3648f5531916fbdee45626fd035d0411108","","",""
"BBY__BBY_BEST_BUY_CO_INC_2024__supply_chain_ethics__0006__chunk_0004","c50f1092d54236c1b7e02e7f57b041c8487e2a54b5a32d730a09b624641d3d0c","","",""
"BBY__BBY_BEST_BUY_CO_INC_2024__waste__0004__chunk_0000","7d8c950c92eb855e5be1b8ce76f4e576a0e55b56ff91767c796ec650c8d6e24b","","",""
"BBY__BBY_BEST_BUY_CO_INC_2024__waste__0004__chunk_0001","7f7e9d754a2ff3fa92f226720569a90f6fede67c3554302a0df1b2b18ad664ed","","",""
"BBY__BBY_BEST_BUY_CO_INC_2024__waste__0005__chunk_0000","6582f3e9451c75eb337136bd9ae1056b5513de7b9fc4a6bd59a0a8202a1cb481","","",""
"BIRD__BIRD_ALLBIRDS_INC_2023__climate__0001__chunk_0000","d3df8216da3dae47d2f37757aa4f166af0a78eb8541b6bc9ac33ad61728106bc","","",""
"BIRD__BIRD_ALLBIRDS_INC_2023__data_summary__0002__chunk_0000","c9c8e786988b6e77deccb801aecfafadf5a89f8a25f407b5fdff28820bae8375","","",""
"BIRD__BIRD_ALLBIRDS_INC_2023__emissions__0002__chunk_0001","c2df508d89aae1b00dc6f1b55473c43e84bb75d912310100de89b8042c956468","","",""
"BIRD__BIRD_ALLBIRDS_INC_2023__energy__0002__chunk_0000","f38a17628e198a378569cc637142d25268d0e9ccaa32827f09f3c2a6b49fb108","","",""
"BIRD__BIRD_ALLBIRDS_INC_2023__environmental__0001__chunk_0000","2a84f2c2c1ef27c7366590d58883d353f0cc64c439a19ef5b8c6c077db37197e","","",""
"BIRD__BIRD_ALLBIRDS_INC_2024__other__0001__chunk_0000","cb50feb3fea50d48a7f92c44808693c9ebf6046ed3200ee5b38a7d5cab9fc784","","",""
"BJ__BJ_BJS_WHSL_CLUB_HLDGS_INC_2023__about_this_report__0005__chunk_0000","b2f13903eb84f9045addd43c4960e340b876aa0ae041d6fe5a6321d3048c6d0a","","",""
"BJ__BJ_BJS_WHSL_CLUB_HLDGS_INC_2023__appendix__0001__chunk_0001","ec8a8bdf0a43151e9c25550d9309ce148a6ea5c3e16302075d45e80118c380a7","","",""
"BJ__BJ_BJS_WHSL_CLUB_HLDGS_INC_2023__appendix__0002__chunk_0000","d12fbea5c88e78a01fbedc0588b24875bba3f12c8cfbf21030744608800a9aee","","",""
"BJ__BJ_BJS_WHSL_CLUB_HLDGS_INC_2023__appendix__0006__chunk_0000","795fb7638b65cb374bf2ca39a8d8d34813ae43569fe60ae81dd8be95b986b0b8","","",""
"BJ__BJ_BJS_WHSL_CLUB_HLDGS_INC_2023__appendix__0007__chunk_0000","0550903353c99641d0b617570b9476c720c4e38dceba6a555bceca72e8dc6593","","",""
"BJ__BJ_BJS_WHSL_CLUB_HLDGS_INC_2023__appendix__0008__chunk_0000","43c77a16d0c8e2806db7f711bd982326c7f224173f7d834400c440f1b74a4e39","","",""
"BJ__BJ_BJS_WHSL_CLUB_HLDGS_INC_2023__appendix__0009__chunk_0000","4c5cd1e0478846a111ae5b11836aaceecc9cf79b94f58c7299a26552452cbcd6","","",""
"BJ__BJ_BJS_WHSL_CLUB_HLDGS_INC_2023__appendix__0010__chunk_0000","b4e30b4bc1fb60e719359ad8b3813b3585ac568c87f41e847ffb89896f91618f","","",""
"BJ__BJ_BJS_WHSL_CLUB_HLDGS_INC_2023__climate__0001__chunk_0000","b6f34116e0c6bef255292c20a2c1b3f30c0b353af6ef0216ac472420e15e7473","","",""
"BJ__BJ_BJS_WHSL_CLUB_HLDGS_INC_2023__diversity_equity_inclusion__0002__chunk_0000","e03e417b770b6e51c38786ecb4792a17bc7c581767b5e10be7663f9e7a121245","","",""
"BJ__BJ_BJS_WHSL_CLUB_HLDGS_INC_2023__ethics_compliance__0001__chunk_0001","9da5f09ad76819767248c11d8504d71056a709ecfcc00629caaa76798488e779","","",""
"BJ__BJ_BJS_WHSL_CLUB_HLDGS_INC_2023__human_capital__0003__chunk_0000","e70b7146769740f2e895474f8a5c80de5862dff3166b4c7ca423bd15d47bf220","","",""
"BJ__BJ_BJS_WHSL_CLUB_HLDGS_INC_2023__human_capital__0003__chunk_0001","a09967306b7f00ed771d8bcdd4d12c4d7596de4f07fb51603f2f35a95dcd7ba6","","",""
"BJ__BJ_BJS_WHSL_CLUB_HLDGS_INC_2023__waste__0001__chunk_0000","1db9074d58e0287f422cd3428f987df6f24ffb2bc61d69cedc8029a5d8af14f3","","",""
"BJ__BJ_BJS_WHSL_CLUB_HLDGS_INC_2023__waste__0001__chunk_0001","fe8390c98a3c370d7369e9801e1b08986e0677dfd89d6fb24335570702c6f4ec","","",""
"BRLT__BRLT_BRILLIANT_EARTH_GP_INC_2023__human_capital__0003__chunk_0000","a7b15a372816e7fbf7c90026661e9b9625d84ae182c1e819505f238f82fe5873","","",""
"BRLT__BRLT_BRILLIANT_EARTH_GP_INC_2023__human_capital__0004__chunk_0000","6e0c1a66e86b0f461717f8d47701d13601021313bba1b92310378a7cfea85117","","",""
"BRLT__BRLT_BRILLIANT_EARTH_GP_INC_2023__human_capital__0005__chunk_0000","2d3295ee8ea1f21ad1241b770356d4be4d55c9c014c416f527dcfaa6088a4510","","",""
"BRLT__BRLT_BRILLIANT_EARTH_GP_INC_2023__human_capital__0006__chunk_0000","e6550dbc021aa5e131bdb5dc40a29d59bf8530e539060172628c99bea7e7f3d1","","",""
"BRLT__BRLT_BRILLIANT_EARTH_GP_INC_2023__other__0001__chunk_0000","c0881cb3572dac2b5307fdd1dd1ed5dbe3a856901aadcd9ac98c1ac42f0628e2","","",""
"BRLT__BRLT_BRILLIANT_EARTH_GP_INC_2023__supply_chain_ethics__0002__chunk_0000","c16037430acd4431ab1f6ab25bd67bdc141c5139c5bdf299b4451ccbe1fd8683","","",""
"BRLT__BRLT_BRILLIANT_EARTH_GP_INC_2023__waste__0001__chunk_0001","902d24a39d7ef34973d1d50e386583059466a17a2e3b00f78e9203851d070b32","","",""
"BRLT__BRLT_BRILLIANT_EARTH_GP_INC_2023__waste__0003__chunk_0001","b0958f02a58e61127a259932d49bae53e39635da6f36e9f7147a98befdc2a83a","","",""
"BRLT__BRLT_BRILLIANT_EARTH_GP_INC_2024__human_capital__0001__chunk_0001","070a9611467a624128c91ecdb0d15d2a92158918ffa85d6f1dc34fb114ea7920","","",""
"BRLT__BRLT_BRILLIANT_EARTH_GP_INC_2024__other__0001__chunk_0000","277396c5a075cef3be022c4db94e4a120108997143f081e633904f45321a2eb0","","",""
"BRLT__BRLT_BRILLIANT_EARTH_GP_INC_2024__other__0001__chunk_0001","ed0ce4c11367d760bf1536cc99ecbe501f0ba003c50053f0503e4d63f6a7e9c9","","",""
"BRLT__BRLT_BRILLIANT_EARTH_GP_INC_2024__other__0001__chunk_0002","292be13a9662138428f929054998618d4881c63c145526c8e3dd618dadc0dd44","","",""
"BRLT__BRLT_BRILLIANT_EARTH_GP_INC_2024__other__0001__chunk_0003","b9e4bcb2a33ca9cf5fc92f4bf2ffd76f7ff79bf42df21c29674e2c430398668b","","",""
"BURL__BURL_BURLINGTON_STORES_INC_2023__climate__0001__chunk_0000","408e976c38b06c568691de4ef5dddc0615419c1292df6209138bbaf12a8ce396","","",""
"BURL__BURL_BURLINGTON_STORES_INC_2023__climate__0002__chunk_0000","b53047048af8586513c0db3b2d62ee2c9003e93d66b8e1cd0394f5a6f3ebe6fa","","",""
"BURL__BURL_BURLINGTON_STORES_INC_2023__community__0005__chunk_0002","a0da57e9d47690851c17db0b9c0dae8c9b5ac8bed452e32f3f48eb018954cb16","","",""
"BURL__BURL_BURLINGTON_STORES_INC_2023__environmental__0005__chunk_0000","4d5a7a96cce1888abac7ad63baad07b4dd25e0b0cc773ab1964c630360166448","","",""
"BURL__BURL_BURLINGTON_STORES_INC_2023__environmental__0005__chunk_0001","b4977d33baa5b4e8610018fa3afc3780a5848625018cab92dea8dc3567c5b079","","",""
"BURL__BURL_BURLINGTON_STORES_INC_2023__ethics_compliance__0005__chunk_0001","099a99b63117dec5ced3f2831109feb33c17c272088a37280edf9ebf08d606a8","","",""
"BURL__BURL_BURLINGTON_STORES_INC_2023__human_capital__0006__chunk_0000","7657441392f3a0311a9419702a8bb2a34f3d860dcb513795213ccaf3796873df","","",""
"BURL__BURL_BURLINGTON_STORES_INC_2023__human_capital__0008__chunk_0000","793b1f411cfd4aebbd7edb92e200d6bbd84875b96196abb19e86955f89caae95","","",""
"BURL__BURL_BURLINGTON_STORES_INC_2023__human_capital__0011__chunk_0000","2b7a5d8f4e19c0d53f34167872164daad9107786ccd50bea8b5ceb43b7ac5130","","",""
"BURL__BURL_BURLINGTON_STORES_INC_2023__social__0002__chunk_0000","7394e1969eeca17576825ff8f25e9d702886ac45574c079eb187a74284a705a7","","",""
"BURL__BURL_BURLINGTON_STORES_INC_2023__supply_chain_ethics__0001__chunk_0000","fb38920be68cc0a5e36d769a4549034306d73af56651f431b8f5b01fbda61289","","",""
"BURL__BURL_BURLINGTON_STORES_INC_2023__supply_chain_ethics__0002__chunk_0000","a9a101b03db66294ccf7932b235e07322804bfeecd8a6e8d327fa6b3c4c751e8","","",""
"BURL__BURL_BURLINGTON_STORES_INC_2023__supply_chain_ethics__0003__chunk_0000","78b1e6baafd1ddbe64417830e271c5c5aa789dd00592de16c2141098f751bc1c","","",""
"BURL__BURL_BURLINGTON_STORES_INC_2023__waste__0002__chunk_0000","73b9466f2111bd61ff0fd745aec28b0c52b2a89d9d45e05c8022fe7a65aeed52","","",""
"BURL__BURL_BURLINGTON_STORES_INC_2023__waste__0005__chunk_0001","2ab26447a6d4111138f5151b4a0045da8a3c51aa28b7d09b93c34c04d3ddd851","","",""
"BURL__BURL_BURLINGTON_STORES_INC_2024__appendix__0001__chunk_0000","04c43ac6357f5925954f77aaf883c23cc7d12c54959d0ff87f0fba755a68ff95","","",""
"BURL__BURL_BURLINGTON_STORES_INC_2024__community__0005__chunk_0000","163147bcea10dc6e9b9961ab545b43277f0d2c243066819b1d085d18fc00778b","","",""
"BURL__BURL_BURLINGTON_STORES_INC_2024__energy__0001__chunk_0000","efd9a3c9a364594e998bb511939d05063d3556e8e356f342e9707b01f782894c","","",""
"BURL__BURL_BURLINGTON_STORES_INC_2024__environmental__0002__chunk_0000","478db4a8504bdfa9743100a387fb36f98a18796415d69c948938fbd748db1657","","",""
"BURL__BURL_BURLINGTON_STORES_INC_2024__ethics_compliance__0004__chunk_0000","327d195bda523daff1eaa82402ee5516f419e815b878f0c555f36d286a98e877","","",""
"BURL__BURL_BURLINGTON_STORES_INC_2024__ethics_compliance__0007__chunk_0000","c1047549e620a39e8e3af4058825195cf8a319d395c2e13fe7f99d9fbaa32997","","",""
"BURL__BURL_BURLINGTON_STORES_INC_2024__human_capital__0004__chunk_0002","a6861b79959589663f2133e9ad9de53f995f4bb151eac8a1abcd6141dc708655","","",""
"BURL__BURL_BURLINGTON_STORES_INC_2024__human_capital__0005__chunk_0000","790411c02d369a929e6ecbfe0c89fa6c83c7f044b80d2730275225f18c4d0957","","",""
"BURL__BURL_BURLINGTON_STORES_INC_2024__human_capital__0006__chunk_0000","8c332540c82cda0d41d9905d8695577b37b2d633d51b39efe0a17cdd73a69b1b","","",""
"BURL__BURL_BURLINGTON_STORES_INC_2024__human_capital__0007__chunk_0000","cae733264442aa9237cdbc31a5e62dccb2f3b3a869a84b01b151fc9000235136","","",""
"BURL__BURL_BURLINGTON_STORES_INC_2024__supply_chain_ethics__0001__chunk_0000","b3e2d9bfbfba2098c183fc90422b5d7ff3206851d56fbe46b8896b639fafd8a5","","",""
"CAL__CAL_CALERES_INC_2023__diversity_equity_inclusion__0002__chunk_0000","318377ffe2cff2bf276c3e42b210511d56de272b9aab75601ef3f8534a866f75","","",""
"CAL__CAL_CALERES_INC_2023__human_capital__0002__chunk_0000","82b2ce650d201a617b74190e12314f77671c2a99e221dee30b0397c2abf614de","","",""
"CASY__CASY_CASEYS_GENERAL_STORES_INC_2023__appendix__0003__chunk_0000","da325049a6f11b47225fcaf6d47caf5bee653870a006248cdbaa0869a094b890","","",""
"CASY__CASY_CASEYS_GENERAL_STORES_INC_2023__appendix__0006__chunk_0001","4ded2e0941d9fee51d8a86c6083822579026bdce8dd369ffdfb840fef484fc19","","",""
"CASY__CASY_CASEYS_GENERAL_STORES_INC_2023__data_summary__0002__chunk_0000","c198ab3a5908679635f43f89a1717dcb1a48fee63149f698c381c42aad029c7e","","",""
"CASY__CASY_CASEYS_GENERAL_STORES_INC_2023__environmental__0002__chunk_0000","c1dd6806ba240ec9b7965b18b283b52abde16f2ea618a14078cee6ff3391d951","","",""
"CASY__CASY_CASEYS_GENERAL_STORES_INC_2023__ethics_compliance__0002__chunk_0000","7c6ffc5fa1cbc22f5f2b818176b2d135fe4c2a4f3904437da2819df457d4e4a8","","",""
"CASY__CASY_CASEYS_GENERAL_STORES_INC_2023__ethics_compliance__0005__chunk_0001","93d337cda4c6f17186a545d376a37d9199e7f661d57816ade0fb402d7920e04e","","",""
"CASY__CASY_CASEYS_GENERAL_STORES_INC_2023__governance__0006__chunk_0000","336c8a2957db94adba70cd073866000461f81a017f1fa7cbe8c11b03d002b877","","",""
"CASY__CASY_CASEYS_GENERAL_STORES_INC_2023__governance__0009__chunk_0000","fa03386ba78c9e64161bff098174d1a18236e7e010955ab63e9913bced5d5cb7","","",""
"CASY__CASY_CASEYS_GENERAL_STORES_INC_2023__human_capital__0002__chunk_0000","e750445c136787b9fdc8d0ae02993301a58fc7b743e874cade4a8f8aa5b0c3b5","","",""
"CASY__CASY_CASEYS_GENERAL_STORES_INC_2023__supply_chain_ethics__0001__chunk_0001","713fb4fa57ae038014ea5a69455d409ca9daf9a37e340fd74a4da514b683852f","","",""
"CASY__CASY_CASEYS_GENERAL_STORES_INC_2023__supply_chain_ethics__0003__chunk_0001","d59750d01de886ee6927c4080ff6d99c45b52e78413250ad087b9db53bdabdd2","","",""
"CASY__CASY_CASEYS_GENERAL_STORES_INC_2023__water__0001__chunk_0000","95f7e43ab173deda50ce9c35d4b993a506b1d291251c3c3e1328d68d88b6ee88","","",""
"CASY__CASY_CASEYS_GENERAL_STORES_INC_2024__appendix__0001__chunk_0001","b9f79db532860e92f63ef660f786b52089fb9b333f88daf2ce878e5193fdb73d","","",""
"CASY__CASY_CASEYS_GENERAL_STORES_INC_2024__appendix__0001__chunk_0002","48a7304d01682c41eeb4bf5e9b50745adad7925dfc0f87151a486e17602154b8","","",""
"CASY__CASY_CASEYS_GENERAL_STORES_INC_2024__diversity_equity_inclusion__0003__chunk_0001","acfdb8433fe999c6b5701da486489bbcbadb014a4fecbd406140de13583a2439","","",""
"CASY__CASY_CASEYS_GENERAL_STORES_INC_2024__governance__0002__chunk_0000","738c12b95df7e0f09a0b68425fa557795eeb75da3b544f2a3f52384ba76311e6","","",""
"CASY__CASY_CASEYS_GENERAL_STORES_INC_2024__governance__0004__chunk_0003","1da8221e24758af20053b5afd800b0be9cc219a8f4c49e885e6e08a611c43224","","",""
"CASY__CASY_CASEYS_GENERAL_STORES_INC_2024__supply_chain_ethics__0001__chunk_0001","0b52f9b910468c013d48ee767061851a2f8fa09082934450ca678016bd2aa530","","",""
"CASY__CASY_CASEYS_GENERAL_STORES_INC_2024__supply_chain_ethics__0003__chunk_0001","d6af81be3b85e916d3b640ad4aedb5e1d06880af61bd1190f2f48b7d090c815b","","",""
"CASY__CASY_CASEYS_GENERAL_STORES_INC_2024__waste__0002__chunk_0002","21f91ccdf1f457fe19eedd23d594dd9c3825367c224926e86db1c93d5c27fe09","","",""
"COLM__COLM_COLUMBIA_SPORTSWEAR_CO_2023__ceo_letter__0001__chunk_0000","8e2ae54119e4c734c5339b5c6fa139e800f37f8d95f104e8a69c9df701e47b6c","","",""
"COLM__COLM_COLUMBIA_SPORTSWEAR_CO_2023__climate__0001__chunk_0000","af9544a840efb9f21ad756940d15629227d82e8b9b232b80cacebab370d1fa48","","",""
"COLM__COLM_COLUMBIA_SPORTSWEAR_CO_2023__data_summary__0002__chunk_0000","df23fbc2dd4cb33427dd77a9c0640912fb89832422b80c8ed51f6e7c68aba8af","","",""
"COLM__COLM_COLUMBIA_SPORTSWEAR_CO_2023__energy__0001__chunk_0000","8867e5613f03c7ae5e83632475b46b977b1eccdc23b862b812c30eceaa5a4bf6","","",""
"COLM__COLM_COLUMBIA_SPORTSWEAR_CO_2023__human_capital__0001__chunk_0000","b2ca9148d4c0eff44540334523a1bc68fc6406df1da20f1af60d16880bd7ee54","","",""
"COLM__COLM_COLUMBIA_SPORTSWEAR_CO_2023__human_capital__0002__chunk_0001","e1f4a4b727558232563f42b2fdce04768ef504a482811ea6ff1f3fae3fe5a581","","",""
"COLM__COLM_COLUMBIA_SPORTSWEAR_CO_2023__human_capital__0003__chunk_0000","d317c78aafa9c0141968a3e30ec369eb7651dc4752b96cc6c758dc6fd211ec44","","",""
"COLM__COLM_COLUMBIA_SPORTSWEAR_CO_2023__human_capital__0004__chunk_0000","4da7324d1efd84c3e0ba4a932d719f633380e2cc23a9458a8f1d20d7d20297e7","","",""
"COLM__COLM_COLUMBIA_SPORTSWEAR_CO_2023__human_capital__0005__chunk_0000","2e26df3779ff67b498af665150fcf0977ff5754600c4ba16bd8674ae55c8de21","","",""
"COLM__COLM_COLUMBIA_SPORTSWEAR_CO_2023__other__0001__chunk_0001","d8c9dab34ec369540cde3bb0b18a891493c46e892fd303cdba03cf06e7d8750e","","",""
"COLM__COLM_COLUMBIA_SPORTSWEAR_CO_2023__social__0001__chunk_0000","ff44f405763f6e78a42a9af2c8ec1ec6fb35443647bdbb94b42eccf6bb6e3f6c","","",""
"COLM__COLM_COLUMBIA_SPORTSWEAR_CO_2023__supply_chain_ethics__0002__chunk_0001","38b323e4674761c78f6d23f56d1e8bee525df0637c4a178332411ec279de0c20","","",""
"COLM__COLM_COLUMBIA_SPORTSWEAR_CO_2023__water__0001__chunk_0000","0aca267cfc4b606731713c40fb9628978933270987d8cec8dd420ec52c623a5e","","",""
"COLM__COLM_COLUMBIA_SPORTSWEAR_CO_2023__water__0003__chunk_0002","17dacb81068ec220d45107e3120a8c6656bbef88cf50144b6464754fa67ea537","","",""
"COLM__COLM_COLUMBIA_SPORTSWEAR_CO_2024__other__0001__chunk_0000","a384170d045985413cf05ceda9514f8bbb14bacad4294736c126665b426d8cde","","",""
"COST__COST_COSTCO_WHOLESALE_CORP_2023__energy__0003__chunk_0001","ec8e1243ca2110cb5af78b8d2832fe7d74081a8ccf181f691d15f91ff794e381","","",""
"COST__COST_COSTCO_WHOLESALE_CORP_2023__human_capital__0004__chunk_0000","026b3357846f856fba71b9f5ac17bc7120971364df5bada3bcd91b125b0a54e6","","",""
"COST__COST_COSTCO_WHOLESALE_CORP_2023__supply_chain_ethics__0005__chunk_0000","95f1e46c90b0cc8f8d712f9156052b5d072f38eb98ef7df259c4aabba98f5c60","","",""
"COST__COST_COSTCO_WHOLESALE_CORP_2023__waste__0001__chunk_0000","b45b61cd9c54217dad08a8d7b78cdcf0dac76021a495d6a6cbb170feb9017e83","","",""
"COST__COST_COSTCO_WHOLESALE_CORP_2024__climate__0002__chunk_0001","dfb23e3b206d01826ac770b89ba5316c7bc0e1873eb6d5656f043b33e3dc2e16","","",""
"COST__COST_COSTCO_WHOLESALE_CORP_2024__climate__0002__chunk_0003","cb5dea6c5fe6cd8e3c51bab85afa249c4bc88943624fe09a9b8411b270e185c4","","",""
"COST__COST_COSTCO_WHOLESALE_CORP_2024__community__0002__chunk_0001","32776b73731404519b3f0bc21a71757715b43cdfb14ff23c3685db18044c2265","","",""
"COST__COST_COSTCO_WHOLESALE_CORP_2024__emissions__0003__chunk_0003","48994cd0bcde0574029d88feb7c66076974803a6e6fb7d1bb1cd4375f3b03b7f","","",""
"COST__COST_COSTCO_WHOLESALE_CORP_2024__energy__0001__chunk_0002","d51d0c9a964fd85e0f2bf4716fa0e6fda6845b8a52ef87fea358bf82d1d9e888","","",""
"COST__COST_COSTCO_WHOLESALE_CORP_2024__energy__0002__chunk_0000","7dd39c361c235232cfb88a562f4b8e2650bae6152a1831bb7abf68b0384a20b3","","",""
"COST__COST_COSTCO_WHOLESALE_CORP_2024__environmental__0003__chunk_0004","1c9f50d3392e6604d8652ba8b1946ed4253da3ba8f69c7cfe7136428d2d7f2b7","","",""
"COST__COST_COSTCO_WHOLESALE_CORP_2024__environmental__0003__chunk_0013","ee97d102f6bef5c98a991aa59697aec4bb6ba0668ad8dd4f3dd39bd29beb60d4","","",""
"COST__COST_COSTCO_WHOLESALE_CORP_2024__environmental__0004__chunk_0001","ab734c1c08f8119b71c1c7c71f82e9f48e1382283a8df8e9f9bf621855bfa7cd","","",""
"COST__COST_COSTCO_WHOLESALE_CORP_2024__supply_chain_ethics__0007__chunk_0001","1fc402d7fe1c308ccbf3a0af07473554cd4bf093a442645e5f375548d69bb237","","",""
"COST__COST_COSTCO_WHOLESALE_CORP_2024__waste__0003__chunk_0002","7a9d07b11f281802a850a21d194ddf50969e9f64d031d00e8268ec9847285318","","",""
"COST__COST_COSTCO_WHOLESALE_CORP_2024__waste__0007__chunk_0000","c46ffcae15e23559097d45474a80f5eab2a69d4fa8f9a9b2ca251b9f55b133b3","","",""
"COST__COST_COSTCO_WHOLESALE_CORP_2024__waste__0008__chunk_0002","888fb75b41d8958a28eb9a664572ae70da490bba10846fb9639489aba84fe162","","",""
"CPNG__CPNG_Coupang_2023__about_this_report__0001__chunk_0000","bf5449a4a0791cf6f32c2cc1829dd1c9806f7df35df4e20906d8daacf2a03626","","",""
"CPNG__CPNG_Coupang_2023__appendix__0001__chunk_0000","bdfff04153e1c6f73f9021b9d1a6660d7e63e201f6ae75db22c96923dd95305f","","",""
"CPNG__CPNG_Coupang_2023__appendix__0004__chunk_0000","cdc384ba0b72f9769bcef4dcbf06d6ba3d6cf3a27454fbc249115d98c31b8f56","","",""
"CPNG__CPNG_Coupang_2023__community__0002__chunk_0001","3c602350c2308716ea27c954af93eba4eebfcf5073e4390c31f22aca2b5c2f7b","","",""
"CPNG__CPNG_Coupang_2023__waste__0002__chunk_0000","df35e1f02cf5e7a70c4c0260845d41713b56cbeafd935412dce78a3f5931fc96","","",""
"CPNG__CPNG_Coupang_2024__about_this_report__0004__chunk_0000","65b5465dde6cab7c1fb98320d779ca065687bb9c78c98c7f89b9cae965483938","","",""
"CPNG__CPNG_Coupang_2024__appendix__0006__chunk_0000","7cac3546a5e8a5a090fb59a65d34b2b0a2be27b937ce0dfbe61b422f3d595539","","",""
"CPNG__CPNG_Coupang_2024__appendix__0007__chunk_0000","6c86ab6a7f39184dd83489b29513bb75756c35cd9c2f167d61f629f269db4ef3","","",""
"CPNG__CPNG_Coupang_2024__appendix__0007__chunk_0002","9a22663ec4beeb0ea167e7fc2646a925c12eb98c7f11ff2678d702d99ff2afb7","","",""
"CPNG__CPNG_Coupang_2024__emissions__0003__chunk_0000","2875dcb55ac70e8ee513e18b683bb98f5a3e4d974862642ea056cf0ebf4e855e","","",""
"CPNG__CPNG_Coupang_2024__environmental__0001__chunk_0000","d0076034da06c0a62db2a15a06c32792ea446c14bbbdb2cdf202db4a7e13df42","","",""
"CPNG__CPNG_Coupang_2024__human_capital__0001__chunk_0001","583ed68ad767cec8cc53b90982aa607c8341f22278bdd9fdc8bca2a4a7160d79","","",""
"CPNG__CPNG_Coupang_2024__human_capital__0003__chunk_0000","ed98d3a8fac7851dcd083ede5044dac8e89fcf7ef06d5359945ee3f95a448e26","","",""
"CPNG__CPNG_Coupang_2024__supply_chain_ethics__0002__chunk_0000","07edfa13d575153e2ef803b18153695465330fcb0585f5d42a58d1684f508cd9","","",""
"CPNG__CPNG_Coupang_2024__waste__0001__chunk_0001","8d4107d6d1f343d6ea6f4b35c316134582a31de4fe347278c401ec3d87da7a43","","",""
"CRI__CRI_CARTER_S_INC_2023__about_this_report__0002__chunk_0000","a5ae40d167be70ce0338cf5c15f942a05098550c91e9448b67fe5c8002bb7443","","",""
"CRI__CRI_CARTER_S_INC_2023__about_this_report__0002__chunk_0002","1368815540e5ee0da9ee967b2f77016d3d018a91b793a0145b5b4a6919511255","","",""
"CRI__CRI_CARTER_S_INC_2023__about_this_report__0003__chunk_0000","2869b80dd6a0a082850a208d51525191f3f684b7adf1910aff2de43c9a814746","","",""
"CRI__CRI_CARTER_S_INC_2023__appendix__0005__chunk_0001","0fc1dea53da62b949c6aaf0f26cc8a2cbe5b1e759b92a530f9a29926d7ca1cb3","","",""
"CRI__CRI_CARTER_S_INC_2023__community__0006__chunk_0001","ece603ff0cae9b47ac6cdc237e617b400a7ee61d760f3b204c43080bb3785381","","",""
"CRI__CRI_CARTER_S_INC_2023__diversity_equity_inclusion__0001__chunk_0000","48e2c8bca9cceb7a95a1175ac3b9aa2880322564c08fc72cffb577012a4b3f66","","",""
"CRI__CRI_CARTER_S_INC_2023__diversity_equity_inclusion__0002__chunk_0001","eda68c7dc27a40990ee3305a645a65638e3806fbdccced6ef611d8cf66df8151","","",""
"CRI__CRI_CARTER_S_INC_2023__emissions__0002__chunk_0000","aab025032e8d50f14487cf611404837494c3fa1c73c30ba32b82607793c57478","","",""
"CRI__CRI_CARTER_S_INC_2023__emissions__0004__chunk_0000","3296b91eea81b3ab6c4e4b14c05962fcf7924339bb290975bc5fd6d78ca3d0cd","","",""
"CRI__CRI_CARTER_S_INC_2023__environmental__0001__chunk_0000","7b4d06064df4d989ef87e8192799272c7e107d59aa3896be65a12fe9f096005f","","",""
"CRI__CRI_CARTER_S_INC_2023__environmental__0003__chunk_0001","5c78f93d8fdbf428a8e91eb3fe0c12a6e318d778e6f433156e48d0243c1206e3","","",""
"CRI__CRI_CARTER_S_INC_2023__environmental__0004__chunk_0000","cd7180a287b7d81c82e466e9a35d9a8b7669560ece9f4372e0d1e2cb56b76fc2","","",""
"CRI__CRI_CARTER_S_INC_2023__governance__0001__chunk_0000","e84b7b4982e22db1fed782837e788c16060f14e7720ac7b7c6e94259394a2a7b","","",""
"CRI__CRI_CARTER_S_INC_2023__governance__0003__chunk_0000","854197998fa511000054552a69b9be4df47232c46f4073ec4277f7987cb0fa5c","","",""
"CRI__CRI_CARTER_S_INC_2023__waste__0004__chunk_0001","1213e33e92a768a4c6e75a8acce38e6b13ea70176aaf04f963aa706459778516","","",""
"CRI__CRI_CARTER_S_INC_2024__about_this_report__0001__chunk_0001","48437eb0eeaca02ad1e0cd541fb448dee7f169f668ff937fa11f025a68d1287b","","",""
"CRI__CRI_CARTER_S_INC_2024__about_this_report__0001__chunk_0002","b02a6cc4c61b087cca7a46c4507b12c9559dc3be98a2a95487246faba3b0d298","","",""
"CRI__CRI_CARTER_S_INC_2024__diversity_equity_inclusion__0001__chunk_0000","7920b6c01281fdfa3ac4a015d3bff2640a58f2fe083d4eedddf5733f3186712d","","",""
"CRI__CRI_CARTER_S_INC_2024__emissions__0005__chunk_0000","c71bc12dac70141d8b777d3b6d455cf47a5c393991a4d9d4e0ba1ba022b00f54","","",""
"CRI__CRI_CARTER_S_INC_2024__environmental__0002__chunk_0000","b18c0913797925a7054b3c35c5034fd0e5777cddd3c5a019faf15fc678c1d5e2","","",""
"CRI__CRI_CARTER_S_INC_2024__environmental__0003__chunk_0002","e45a17086fa298885473d57ab151e998b035be9e5801e5dac1845df05f71da55","","",""
"CRI__CRI_CARTER_S_INC_2024__environmental__0003__chunk_0003","28132e23bb9778fc9f2ecb82062b3a8a2539ced2dd7fa97696fa1f18a56a1659","","",""
"CRI__CRI_CARTER_S_INC_2024__environmental__0003__chunk_0004","7f54d70fd957a28c601fe5e59f0744ac05f54484b33df43f10c01d20d7d6fbb0","","",""
"CRI__CRI_CARTER_S_INC_2024__ethics_compliance__0001__chunk_0000","c87b2a7570943345259b1cda38bb1098e926a8c15eb31032d6b1bc9ae7810cc9","","",""
"CRI__CRI_CARTER_S_INC_2024__ethics_compliance__0004__chunk_0000","d522e89434fb8a4fb98a03ffd0fcea96398f173a2780a727cf13cd49036cdd9d","","",""
"CRI__CRI_CARTER_S_INC_2024__governance__0005__chunk_0000","e8b73cbb9eedccc7a06ccad3cb5756e29a8ee3465f19c8561fb8070a6db0ffd2","","",""
"CRI__CRI_CARTER_S_INC_2024__human_capital__0006__chunk_0000","8c4fceb86f0ae6b0f020a3d38db85e4ba9151db6fb0aa7145c3b642e0535437f","","",""
"CRI__CRI_CARTER_S_INC_2024__human_capital__0008__chunk_0000","a83ceb6508aa93efd1f22e49e931038da016ae1049bb7bde85f71ee89ccc1e03","","",""
"CRI__CRI_CARTER_S_INC_2024__supply_chain_ethics__0001__chunk_0000","5f9f7469a0be15eb3a349d0d8c6d88b983875c1eddf94f3f1161a7f0bd82702a","","",""
"CRI__CRI_CARTER_S_INC_2024__supply_chain_ethics__0003__chunk_0000","cecef073d82d566a52b70ec40d705c1a15afc4ca7ddfe52ecc5759c01bb45940","","",""
"CRMT__CRMT_AMERICA_S_CAR_MART_INC_2023__about_this_report__0002__chunk_0002","2e6437aceb2220f025a528db0b18e7774a315e98830c4ee2d78b441b508ead8c","","",""
"CRMT__CRMT_AMERICA_S_CAR_MART_INC_2023__environmental__0003__chunk_0000","7965ac95743558357e18478bb20581a6619c50aa187048d8f9d920239f3ffa77","","",""
"CRMT__CRMT_AMERICA_S_CAR_MART_INC_2023__human_capital__0003__chunk_0001","148f30a8958fee480d5c7b2fb1458101aa3004473c5f62c30b454f338f00f2b7","","",""
"CRMT__CRMT_AMERICA_S_CAR_MART_INC_2023__human_capital__0003__chunk_0002","9421f954fdd172d771c026b7ce4d45421c1757f4b6fb769ce98847825cd657bf","","",""
"CRMT__CRMT_AMERICA_S_CAR_MART_INC_2023__human_capital__0003__chunk_0005","1d6cde95e3ebe4e93d49023eb88ad789e1f03cf7cdc1aebc5752e5c24a7fbc5a","","",""
"CROX__CROX_CROCS_INC_2023__climate__0001__chunk_0000","2ae3db97898acd8283a2f1114f684cfd1955333cb9af941317ae7f92e8499b8d","","",""
"CROX__CROX_CROCS_INC_2024__diversity_equity_inclusion__0003__chunk_0000","54eaca4a8bc1ef82ef3988dd7e8f0588befaaba846fec9e95b6cf69e48ee4832","","",""
"CROX__CROX_CROCS_INC_2024__environmental__0003__chunk_0007","70db09a578893a375b192cd9a601cbf1cb5a497720e7e306139a617cec44b56b","","",""
"CROX__CROX_CROCS_INC_2024__human_capital__0002__chunk_0001","170d513beb78688a26416e3d58bb4254829b5556a08cd7881c0cc6f6f10dedd2","","",""
"CROX__CROX_CROCS_INC_2024__waste__0001__chunk_0000","d69261deff623d5c70771799becd85ef0a80f52a299343a719f22262356dd909","","",""
"CURV__CURV_TORRID_HOLDINGS_2023__about_this_report__0002__chunk_0000","02156d74012029f1215405cb6689a94950fd0d8938a5a4424e40f293fbe82749","","",""
"CURV__CURV_TORRID_HOLDINGS_2023__diversity_equity_inclusion__0002__chunk_0000","814c6d207e507650d6093dc9582f47fcfb03540b38c60ff09c370b326533d04f","","",""
"CURV__CURV_TORRID_HOLDINGS_2023__ethics_compliance__0001__chunk_0000","05683068d2e04fc82c175cb42e095694856b005502c1b71d15193025788bd047","","",""
"CURV__CURV_TORRID_HOLDINGS_2023__ethics_compliance__0002__chunk_0001","759628fb8a7dd378ebe24c08d3a8c9a336846ddf8ec7385a776441806edb0268","","",""
"CURV__CURV_TORRID_HOLDINGS_2023__governance__0002__chunk_0000","ba27bc1d21d2e81b3aca7765b0b0c9e37dd23d281203986c87bdbbd48f4c95d7","","",""
"CURV__CURV_TORRID_HOLDINGS_2023__governance__0003__chunk_0000","d0958e7ac73e54fdcf64b72e77aa19f2cfcf75d5d2913ffc8bbd57e7f431014a","","",""
"CURV__CURV_TORRID_HOLDINGS_2023__other__0001__chunk_0002","6b2c67300c7ea0e260d2791d8ccef9f2438bc9d7208c238551e91f994f930f24","","",""
"CURV__CURV_TORRID_HOLDINGS_2023__social__0001__chunk_0000","2c062668e4cd84e6536991aeb324fefa5db053b94e29e578d05b07832360d6c7","","",""
"CURV__CURV_TORRID_HOLDINGS_2023__supply_chain_ethics__0003__chunk_0000","9167c0f27593c9078978ed5b0b1c726f53a3e4bfa16e4276f01b646de6b2c9fc","","",""
"CURV__CURV_TORRID_HOLDINGS_2023__waste__0004__chunk_0000","fb4ba28a16c8aa86545912bca0c646c5e49ed30b3c57d9319dad68664b044034","","",""
"CVS__CVS_CVS_HEALTH_CORP_2023__about_this_report__0003__chunk_0000","100a3ccd1c511d734fa55bb47bf60d6d3c55323d0fe56433dc7bd544283c3298","","",""
"CVS__CVS_CVS_HEALTH_CORP_2023__appendix__0002__chunk_0000","7fd868dcf14224a3c1ac02cc46d4a9d4a608a8319f4a04f4f19c2439c382b042","","",""
"CVS__CVS_CVS_HEALTH_CORP_2023__climate__0002__chunk_0000","934eee7f6f87ec57e39af95a1ff86663003f68c3ec7eeadd3fb861ebef247570","","",""
"CVS__CVS_CVS_HEALTH_CORP_2023__diversity_equity_inclusion__0001__chunk_0002","9505089eec3d6dfbd54b0778b9910a8fbbf436615ca16aa6d718c418ebb20d82","","",""
"CVS__CVS_CVS_HEALTH_CORP_2023__supply_chain_ethics__0001__chunk_0000","7b0d7ada442439e189ac73bb51beeb7f2dff4c9e590450b51aeda0b374d4778e","","",""
"CVS__CVS_CVS_HEALTH_CORP_2023__waste__0001__chunk_0001","3fb23e676c0235b86e02641288c4b1f0561e4c2d811db2df7546bbe5424571ad","","",""
"CVS__CVS_CVS_HEALTH_CORP_2023__waste__0001__chunk_0002","ce4e05915f788af5f18ad50c27d76f3203e307af88583f5fac6ecb7318aa53e6","","",""
"CVS__CVS_CVS_HEALTH_CORP_2024__governance__0001__chunk_0000","9be3a12fdd9aaa34c5dd72577bd71e0fd38067e514d94fd257164e0c5c94bd25","","",""
"CVS__CVS_CVS_HEALTH_CORP_2024__governance__0006__chunk_0000","22f67f698b96a1eea548779c4dadf2218f96e7314d2575d4b028dbc3be91545a","","",""
"CVS__CVS_CVS_HEALTH_CORP_2024__human_capital__0002__chunk_0000","11ae5e8578d790fbe8776d500a0312ba459f2be86513cbcd8094b439bfdb1925","","",""
"CVS__CVS_CVS_HEALTH_CORP_2024__human_capital__0006__chunk_0001","56cceb86d035c0f91e9416880a05e735f68de583da7b4102d105d2d5ba3efeaa","","",""
"DECK__DECK_DECKERS_OUTDOOR_CORP_2023__about_this_report__0002__chunk_0000","0cb05bc17a4ae690a4a54d56bda58a6160c9c7e69fabfad0689e97eb818424b4","","",""
"DECK__DECK_DECKERS_OUTDOOR_CORP_2023__about_this_report__0005__chunk_0003","9cbe3a51cd12cf5f29badeec72c3b7bcf25de291935a0edf952605a7067854ed","","",""
"DECK__DECK_DECKERS_OUTDOOR_CORP_2023__about_this_report__0010__chunk_0000","a2d1297f3120de0e99663a2de9b098d49bf59e24f963f494584dc8acdaecea65","","",""
"DECK__DECK_DECKERS_OUTDOOR_CORP_2023__appendix__0005__chunk_0000","2988afd159471e0564a7aa3187a629b308125a5ec47cb82b1ea92fc735fc51f2","","",""
"DECK__DECK_DECKERS_OUTDOOR_CORP_2023__climate__0001__chunk_0000","349163a7c0521d46fdb18d2a52af7787b1330602735f5a99863cf09f2d3e8cad","","",""
"DECK__DECK_DECKERS_OUTDOOR_CORP_2023__community__0001__chunk_0000","d117efdad1359914d9081920ea6584c5d768fc292a5fe35b741931a25509ec66","","",""
"DECK__DECK_DECKERS_OUTDOOR_CORP_2023__diversity_equity_inclusion__0006__chunk_0001","0bc15773066ff191c85164dae37d2e4da6f1872f3ad1f9341dc1d7df60ee087c","","",""
"DECK__DECK_DECKERS_OUTDOOR_CORP_2023__emissions__0002__chunk_0000","7292c4f272a924e5e97ba109ef0df4ec7d235747613595dc4c0d9270ff61b1c7","","",""
"DECK__DECK_DECKERS_OUTDOOR_CORP_2023__ethics_compliance__0001__chunk_0000","7cc2b6267fbb4b04f347efc22604e298b1b44b3e86c1f4a337ced8cb93c3688b","","",""
"DECK__DECK_DECKERS_OUTDOOR_CORP_2023__social__0002__chunk_0000","e013724b90207351985d0e1e07d412f6948315394440a481af25d244196325d3","","",""
"DECK__DECK_DECKERS_OUTDOOR_CORP_2023__waste__0008__chunk_0004","db440d111d6a6c59ca1693c5d4aee32b25c57d6ea2c6da0efc47c46778c3f449","","",""
"DECK__DECK_DECKERS_OUTDOOR_CORP_2023__water__0002__chunk_0000","b8a9966ed9fe12c4c226d7ad6b1e2837a7b3c2c46179e0cff650c87686baa106","","",""
"DECK__DECK_DECKERS_OUTDOOR_CORP_2023__water__0002__chunk_0001","1c2ab009c02fb85dd93cbe5ba45241527a1ba272bb532e569fd4cf1b50b836f0","","",""
"DECK__DECK_DECKERS_OUTDOOR_CORP_2023__water__0004__chunk_0000","4d0eba507cc85409486a625d4c3b2816cbd55b693a221c2db9d2540329eec942","","",""
"DECK__DECK_DECKERS_OUTDOOR_CORP_2023__water__0006__chunk_0000","4bb60fa6cd9b193392b0913dff3d90f53cc10874a9e51b590841442336327c11","","",""
"DECK__DECK_DECKERS_OUTDOOR_CORP_2024__about_this_report__0011__chunk_0000","0031c08778a494dfec3058ce370800df818a1e397def8f14f2279795a207d01c","","",""
"DECK__DECK_DECKERS_OUTDOOR_CORP_2024__appendix__0002__chunk_0003","7778c9f6a64610fcf2a67eb3f002629f9d09c34868ad7ee225f0cfe52576475b","","",""
"DECK__DECK_DECKERS_OUTDOOR_CORP_2024__climate__0004__chunk_0000","2323052083ab32bd26e0402d975c6d689f6b2da721227a6f9d7e2ee531eb7fdb","","",""
"DECK__DECK_DECKERS_OUTDOOR_CORP_2024__climate__0005__chunk_0000","440986d05f077cf5c7bbdae6552e0e029d68354d1783486a04662f0719cedc32","","",""
"DECK__DECK_DECKERS_OUTDOOR_CORP_2024__climate__0008__chunk_0000","547c11ea07e58f6d9ee807261e94ad0b9cea11264f781dc8f4c7bfea8cb73bd8","","",""
"DECK__DECK_DECKERS_OUTDOOR_CORP_2024__energy__0001__chunk_0002","87ce14b968a28e8853649257ccc636367d5ae88d54a57983b3a1c63e33a17a7f","","",""
"DECK__DECK_DECKERS_OUTDOOR_CORP_2024__energy__0001__chunk_0003","c30b0a83348f9dca5798a2fa17c349a9c5cec83d1b6d0c11618c053ec58662e9","","",""
"DECK__DECK_DECKERS_OUTDOOR_CORP_2024__energy__0001__chunk_0007","aee2ca0072327707d448d593ac2cccd21e8cfe11043a6046549f061272e8069f","","",""
"DECK__DECK_DECKERS_OUTDOOR_CORP_2024__energy__0002__chunk_0000","86cd5ce30e91ded3a35dfe1cace29181c854fa773d93014845742f7bec95641f","","",""
"DECK__DECK_DECKERS_OUTDOOR_CORP_2024__waste__0009__chunk_0000","c07a5af8111996b82e4741fcfbd57a60f48c67642648559d9821b5ff88d04a11","","",""
"DECK__DECK_DECKERS_OUTDOOR_CORP_2024__water__0005__chunk_0000","72a6a542df7ae75964970d12e6a2ce5e70af1de8354984bf5ccaef15aad5cd25","","",""
"DECK__DECK_DECKERS_OUTDOOR_CORP_2024__water__0005__chunk_0002","62aa2216d205c8d0fccecc2c553d6f9fb32ff7f4cc5c322c58f88076089476ab","","",""
"DECK__DECK_DECKERS_OUTDOOR_CORP_2024__water__0005__chunk_0003","9fb6b39d7bdb423205231ac22cf6d8498872cde51037bbdd7ed0fdb790be63d2","","",""
"DECK__DECK_DECKERS_OUTDOOR_CORP_2024__water__0005__chunk_0004","9911c1a83857f89dbe8985461238dacb96a13a0f4f0154400a27d8536624aa20","","",""
"DECK__DECK_DECKERS_OUTDOOR_CORP_2024__water__0007__chunk_0000","d7f3123a59addd24e8a385007c4d0285a42601fbb7e37a0fe41b00637e926196","","",""
"DELL__DELL_DELL_TECHNOLOGIES_INC_2023__climate__0003__chunk_0001","a57c0c68a50c3d08cb6dd084055c798d2b761c7480ff62ed1f5501c7e46d91e1","","",""
"DELL__DELL_DELL_TECHNOLOGIES_INC_2023__climate__0005__chunk_0000","0b98aa627d907dc0209e8b5c49a81738fe251b8c1e4cc8fdf90f71d6f5079821","","",""
"DELL__DELL_DELL_TECHNOLOGIES_INC_2023__data_summary__0004__chunk_0000","e27ed5fd33cd25d61ea22d69c5b39b384717e4370cc47de6d4a464d73986fb55","","",""
"DELL__DELL_DELL_TECHNOLOGIES_INC_2023__data_summary__0004__chunk_0004","ceb6356605c4994bc99a940128ccbc2921cb82323dfe4be86acaccf2ab0d1d7d","","",""
"DELL__DELL_DELL_TECHNOLOGIES_INC_2023__data_summary__0004__chunk_0005","d2b7aa58e50362a39ca08d3bb587c677643c2b509b11a99fb5e621e92ab443f3","","",""
"DELL__DELL_DELL_TECHNOLOGIES_INC_2023__data_summary__0005__chunk_0002","a1e6d708e3bcd0f1db4b6661e2751da358d102b6944564710ec228b2c9ecd975","","",""
"DELL__DELL_DELL_TECHNOLOGIES_INC_2023__data_summary__0008__chunk_0000","29be272c6d7e9295ba907a6caffb17ef266ff938adffbd4259568ef54bfa3c43","","",""
"DELL__DELL_DELL_TECHNOLOGIES_INC_2023__diversity_equity_inclusion__0004__chunk_0001","e98adaccacf32d6150e7ffd1a7b3bb840309ac477c85082fa7d32ed44b3afb98","","",""
"DELL__DELL_DELL_TECHNOLOGIES_INC_2023__diversity_equity_inclusion__0006__chunk_0000","575d315eb7ba62d41968a550734d56e5d8a775a84bf57aac5f8a69e76356e605","","",""
"DELL__DELL_DELL_TECHNOLOGIES_INC_2023__diversity_equity_inclusion__0014__chunk_0001","b3a6bd1075811fac4105eb2d7f594255e88643a9e06f94b6142007024191509a","","",""
"DELL__DELL_DELL_TECHNOLOGIES_INC_2023__emissions__0004__chunk_0000","3a3571ea7dfdf51e29d06c2dd0377b9deb2673ea0dcb2c24cc2e4b6784ccea06","","",""
"DELL__DELL_DELL_TECHNOLOGIES_INC_2023__emissions__0005__chunk_0000","6b5613d954620603fe95e32dd0c6a914b0efe14a754a5f9acc2596d4e359edba","","",""
"DELL__DELL_DELL_TECHNOLOGIES_INC_2023__energy__0003__chunk_0000","c1b78da9a98e6144edf12513f95ddcc3db62c835c4f978ca2f064c3c5a630ac2","","",""
"DELL__DELL_DELL_TECHNOLOGIES_INC_2023__energy__0006__chunk_0002","fecbd9e25b9e968345958070aaa1ed33a0df33b59d5d021d4b70bae0c11dfd70","","",""
"DELL__DELL_DELL_TECHNOLOGIES_INC_2023__water__0006__chunk_0003","27a186ad34ef9adde50afe3c62533a628fe0754ead6f43efe77d692c86d99ace","","",""
"DELL__DELL_DELL_TECHNOLOGIES_INC_2024__appendix__0003__chunk_0000","10da1f25aff9f73fc8b4b5758dd86ff48380cb8ed670d1af06966b335e8792ba","","",""
"DELL__DELL_DELL_TECHNOLOGIES_INC_2024__climate__0005__chunk_0000","42b888bf4d19010ba396a34262a10e1431df4435e227f0126ab8ce469cbeb60d","","",""
"DELL__DELL_DELL_TECHNOLOGIES_INC_2024__data_summary__0001__chunk_0001","0632b3dfafa25530cbd1055f30a22833f90509c1e57416f879466e726e502ecc","","",""
"DELL__DELL_DELL_TECHNOLOGIES_INC_2024__data_summary__0004__chunk_0000","578df5b2a5002a0d24cae87f76dfa15f2db4814c6cc1588a10d86022a0ed250b","","",""
"DELL__DELL_DELL_TECHNOLOGIES_INC_2024__data_summary__0016__chunk_0000","03d10a23f0377bd4317d4d04b700de6ea62004d3dc23c6982c00a890df675478","","",""
"DELL__DELL_DELL_TECHNOLOGIES_INC_2024__data_summary__0016__chunk_0001","32fd719677e267a7247e249fc5e21fe08c4a662532b8ddcfc7b1d7a10939fc2a","","",""
"DELL__DELL_DELL_TECHNOLOGIES_INC_2024__data_summary__0018__chunk_0000","78b6f5e11d03f56b08c1f4ae7be37ed6b21a0e70bc2e0d2e77e8c6dbe959808c","","",""
"DELL__DELL_DELL_TECHNOLOGIES_INC_2024__data_summary__0021__chunk_0000","9321edeb17640b0783ca3d426c54026937f7635e214d9551a41f6f812b775008","","",""
"DELL__DELL_DELL_TECHNOLOGIES_INC_2024__emissions__0006__chunk_0000","aea041939fe6c5f070865b1b3f9e4ce5e5ade76581d9fbc5750002bf84819cff","","",""
"DELL__DELL_DELL_TECHNOLOGIES_INC_2024__emissions__0008__chunk_0000","70ad05ab5b19010f55129440cffc158bc9051e4c0a5abae9d94680d7eab44dc8","","",""
"DELL__DELL_DELL_TECHNOLOGIES_INC_2024__energy__0002__chunk_0000","b38eda84dd2b0ad1242cee1bf589f7da40c41a51b825cbabd4d61682544c04f4","","",""
"DELL__DELL_DELL_TECHNOLOGIES_INC_2024__energy__0003__chunk_0000","762d931bc3a1c8f16656a41289f84682afb2fcb6e58019e91af411d280cb30a5","","",""
"DELL__DELL_DELL_TECHNOLOGIES_INC_2024__energy__0008__chunk_0000","a98ce61688343f38ec0c792b2a36d1462dd5b0dc9ffe12ec2296e46b9a76c5dd","","",""
"DELL__DELL_DELL_TECHNOLOGIES_INC_2024__energy__0012__chunk_0000","f48432e05eadc770d49e2d91d3c9663afc1afec14f3cbc5b8ad384fcf0585eab","","",""
"DELL__DELL_DELL_TECHNOLOGIES_INC_2024__water__0003__chunk_0001","172eb282315f7567a554b4b6e59b9f9b0d1c69ef3098e6282f7301eeae5e6225","","",""
"DG__DG_DOLLAR_GENERAL_CORP_2023__energy__0001__chunk_0000","02d6121a2ee597d2eda9c416df3e4b8b3aa9901bb5965569715875ca7f4ce535","","",""
"DG__DG_DOLLAR_GENERAL_CORP_2023__energy__0001__chunk_0002","c24fadb29b8719479b188e91a375b50b618d5467acbfd5bb4a66e5ad0d171ab3","","",""
"DG__DG_DOLLAR_GENERAL_CORP_2023__environmental__0001__chunk_0000","a2f324e1a2c3b02fe86c17f9bfb1be3c22d8f0fc514358f28a4e5683ec12865d","","",""
"DG__DG_DOLLAR_GENERAL_CORP_2023__ethics_compliance__0001__chunk_0000","27ab12105606337c4d35cf5179660dbc3e02f37b1be47c3640bb27d54af08443","","",""
"DG__DG_DOLLAR_GENERAL_CORP_2023__ethics_compliance__0003__chunk_0000","cbe2c196e1d0a2644efd285737f3a651d9eba4ddf48836d0401ff0f5cf021327","","",""
"DG__DG_DOLLAR_GENERAL_CORP_2023__governance__0004__chunk_0000","6452b6473f576ca4522f4c8140d2f3f78d33b44db96e7e996399749aca4eb293","","",""
"DG__DG_DOLLAR_GENERAL_CORP_2023__human_capital__0003__chunk_0000","44d1b552300cb638fb908e30ec237b2bfccc54f267e6511ac882d4ee2e05e7a1","","",""
"DG__DG_DOLLAR_GENERAL_CORP_2023__human_capital__0003__chunk_0001","5aa8f04650c211ad1de7b61160561fdceb2dfa3f4e56801b555800529fed8443","","",""
"DG__DG_DOLLAR_GENERAL_CORP_2023__human_capital__0004__chunk_0000","d321c99e45a6af0b55b15793d2a4760ef033c15897f70aeeb239521d055cb8d1","","",""
"DG__DG_DOLLAR_GENERAL_CORP_2023__human_capital__0006__chunk_0000","2ac7278e1f1f7dee91f74f47c58e46a0ea7492653f339dba15aa3b6648b5cd3a","","",""
"DG__DG_DOLLAR_GENERAL_CORP_2023__human_capital__0009__chunk_0000","3af0cd2edfb44619b9e5f97de969fa6c53753cfe6970f2303329f548a9283e63","","",""
"DG__DG_DOLLAR_GENERAL_CORP_2023__supply_chain_ethics__0001__chunk_0001","f1b7b5f9a46c74daedb585734c672eb19c3c827e698667e030713298a8dbe0ba","","",""
"DG__DG_DOLLAR_GENERAL_CORP_2024__community__0004__chunk_0000","5f6d68979931cf7bdff9d1034f91fdbb7fa199d21a93773a79c4593277e17fde","","",""
"DG__DG_DOLLAR_GENERAL_CORP_2024__data_summary__0001__chunk_0000","b6cfddfaf09aec964eddcf0dda87310977e2691e782264b279e2f8bfbe01759b","","",""
"DG__DG_DOLLAR_GENERAL_CORP_2024__energy__0002__chunk_0001","0f6dadcf5537d3ab95da3270ea4514c12a1eb246fba4e5e8b28af84173b79b8e","","",""
"DG__DG_DOLLAR_GENERAL_CORP_2024__ethics_compliance__0002__chunk_0001","8f083fa5e8cbd490c0ee5380c389a556f18f4989474eea860e6f6ec40bf7fe09","","",""
"DG__DG_DOLLAR_GENERAL_CORP_2024__governance__0001__chunk_0000","edbdc4f1f22ba6b4aa74ef7deb735379634e46c0d4af32f9993aeadad719d980","","",""
"DG__DG_DOLLAR_GENERAL_CORP_2024__human_capital__0003__chunk_0000","9bc556842e6e1f602daf49250d3ef8172544a630c17d2614db28d2116e89a91a","","",""
"DG__DG_DOLLAR_GENERAL_CORP_2024__human_capital__0008__chunk_0000","fc1af675231f602915dc61e3726328059ba1f9779fd676416ffeca02ab0545a4","","",""
"DG__DG_DOLLAR_GENERAL_CORP_2024__waste__0001__chunk_0000","c9dd71fe66b16bbc9912f1b01a5f1546fbd6722d6f025536102aa84c31315755","","",""
"DLTR__DLTR_DOLLAR_TREE_INC_2023__about_this_report__0002__chunk_0000","037dd8e49e2fdd79d0549240b5f03968cc37f3709955419f7f19c0d12152685c","","",""
"DLTR__DLTR_DOLLAR_TREE_INC_2023__appendix__0003__chunk_0000","226c1d36e8fd606be2d1fddd0164cb69ea774cc76de3db972c3478b469bcc610","","",""
"DLTR__DLTR_DOLLAR_TREE_INC_2023__appendix__0004__chunk_0000","1c3f360d704d389002046aab3e5becd1f5481bd340582b60c49706f7d950d669","","",""
"DLTR__DLTR_DOLLAR_TREE_INC_2023__appendix__0005__chunk_0000","04712eee57d1c7bb9edc89a121b3f423e3d9e5e0ae7d9eddf193d424e9ab68f9","","",""
"DLTR__DLTR_DOLLAR_TREE_INC_2023__community__0001__chunk_0001","5df291ccdf3be8c21e17cb8b931edd68a9dddd287643c2e95a1144f18f80afef","","",""
"DLTR__DLTR_DOLLAR_TREE_INC_2023__community__0002__chunk_0000","9155083e4c18dc30fc070a0e9637b468e8898559fc8769024c764a69961a4837","","",""
"DLTR__DLTR_DOLLAR_TREE_INC_2023__community__0003__chunk_0001","ea1fff976eb273bfcedc09c59b1620535f9c2ebac4bda5ed40d5081ec3d350e6","","",""
"DLTR__DLTR_DOLLAR_TREE_INC_2023__diversity_equity_inclusion__0002__chunk_0000","c546850ae24481fabfdf54f0a28152b8e7505837955b1a161246da0ca9597a6d","","",""
"DLTR__DLTR_DOLLAR_TREE_INC_2023__diversity_equity_inclusion__0003__chunk_0000","95530e1e6e0efc4e96f5e88b7cf10ab40d9c946dff3e4f2d0b630e55af0a1e97","","",""
"DLTR__DLTR_DOLLAR_TREE_INC_2023__diversity_equity_inclusion__0005__chunk_0000","1dbc75e7d5f523bd9389bc0af40e60e1e2e8980b4ed8ebbc3d3440b0d15edaec","","",""
"DLTR__DLTR_DOLLAR_TREE_INC_2023__environmental__0003__chunk_0000","f5b9903e42c95a6e87d84738640abed47feedc6839a489b89212dd8ea553e962","","",""
"DLTR__DLTR_DOLLAR_TREE_INC_2023__environmental__0004__chunk_0000","18aefea5f047b11934f015c9b98dd5f68df49eb4640a5dfbc6d0b76dba55d8a9","","",""
"DLTR__DLTR_DOLLAR_TREE_INC_2023__ethics_compliance__0001__chunk_0000","4aa589777be550c86254c518cc9cf0e402bba93d771342ddbb4222fc9d89cf10","","",""
"DLTR__DLTR_DOLLAR_TREE_INC_2023__human_capital__0002__chunk_0000","dd7a5612d9c51017ba7b0b05ab733197104481293f2d763c9085f320a13a7e14","","",""
"DLTR__DLTR_DOLLAR_TREE_INC_2023__human_capital__0014__chunk_0000","cd6e30f2fc6c760812392d6b984713136096c1d5c20a0da9650c1ccff89158a3","","",""
"DLTR__DLTR_DOLLAR_TREE_INC_2024__appendix__0001__chunk_0000","e18a29d00f0e515d3b786e1c60e1ca5ffb3787ad71500eaaf6bdf0aa50a5eff7","","",""
"DLTR__DLTR_DOLLAR_TREE_INC_2024__appendix__0007__chunk_0000","b12305167f03fba148ec97c04e338af364cbf4080744e3e9447ef0d003c508ba","","",""
"DLTR__DLTR_DOLLAR_TREE_INC_2024__appendix__0009__chunk_0000","33046967d9116ed8b5f967f24e62256df0425e52bb4a2fcf776e8d96c9d3b67a","","",""
"DLTR__DLTR_DOLLAR_TREE_INC_2024__ceo_letter__0001__chunk_0000","719280da2cf5a38d3ade9dd23d63d882442b481a597912eea29e3de47cbde4aa","","",""
"DLTR__DLTR_DOLLAR_TREE_INC_2024__community__0008__chunk_0000","7aa088c3ebd5fd1bafddcd73dadf1f4f0722391e8043b420aff2e68f292e48cb","","",""
"DLTR__DLTR_DOLLAR_TREE_INC_2024__community__0010__chunk_0001","7ffc670231c440238997ec477975617ef482f132589ea81bd7528069e918f2b7","","",""
"DLTR__DLTR_DOLLAR_TREE_INC_2024__energy__0004__chunk_0000","c7c632c148a4b03e32c836c18550d4f2f191a7569e8c6f266d0ff1cff8f3d16a","","",""
"DLTR__DLTR_DOLLAR_TREE_INC_2024__ethics_compliance__0001__chunk_0002","0f3bb099eb896acae0c1b866d38af6cd2be591819fdbe7449bc9447fb62774b2","","",""
"DLTR__DLTR_DOLLAR_TREE_INC_2024__ethics_compliance__0004__chunk_0000","656ade87c7da6dbd8fe2f29576c7e157e3475f7a0fef87022e462bb5d51faa97","","",""
"DLTR__DLTR_DOLLAR_TREE_INC_2024__governance__0002__chunk_0000","623c7d3d541fc876b35b1f5c6fecc0e25a67aa87bd881e6feb89c938440175c1","","",""
"DLTR__DLTR_DOLLAR_TREE_INC_2024__human_capital__0006__chunk_0000","c569bd582af01dd15ca13c71613263386b532b28c87c4afebc65cd625e5dcb55","","",""
"DLTR__DLTR_DOLLAR_TREE_INC_2024__human_capital__0012__chunk_0000","a7e88712f78eb34a0943d2ed9dddaebed7544215d41c08d3ecf5f09df37738e9","","",""
"DLTR__DLTR_DOLLAR_TREE_INC_2024__social__0001__chunk_0000","f8e461b5efac079660ce8420b0009f2733b54d7c172269c362971d796881c325","","",""
"DLTR__DLTR_DOLLAR_TREE_INC_2024__supply_chain_ethics__0003__chunk_0000","93d68dd6221ddcb475764c427ae6829f62004e34dfd34a98a1257446c1434f35","","",""
"DLTR__DLTR_DOLLAR_TREE_INC_2024__supply_chain_ethics__0005__chunk_0000","775d6886ecb9b493c3a89a228ef9f7870d1122d2323cdd5121aef9e01f77fc08","","",""
"EBAY__EBAY_EBAY_INC_2023__community__0001__chunk_0000","07f480ada37669f1b20c5a14a65d7e874d3a5c4c4de70ce5f237813bf98e5fa7","","",""
"EBAY__EBAY_EBAY_INC_2023__ethics_compliance__0003__chunk_0002","b3e6402cfa7ffe5d5c69d77caccf3c6e414263b548393e035a54b96dcfeea953","","",""
"EBAY__EBAY_EBAY_INC_2023__human_capital__0001__chunk_0000","4f5647f04bb0b844096fc9e9bdfe8756e6668b8ca352c3292aa1681238854311","","",""
"EBAY__EBAY_EBAY_INC_2024__appendix__0001__chunk_0000","61f4083c95710dca17e34a1a164ca2307107f3422d7f552073bfde4d4ead2bee","","",""
"EBAY__EBAY_EBAY_INC_2024__emissions__0003__chunk_0000","e0c83162972c97c7d10791d911e407d692cc668382b1e034a5d35d5f2e8e551c","","",""
"EBAY__EBAY_EBAY_INC_2024__water__0001__chunk_0000","e2304066e6cd09612661c4d466e8fd7d1c056f9d8e7f18619a6ba2920ed02557","","",""
"ETSY__2024__annual_report_with_esg__01__about_this_report__0001__chunk_0000","15589904f0e77929cdf3748f2f64597d896e714be17c93144f5c736900e04bde","","",""
"ETSY__2024__annual_report_with_esg__01__diversity_equity_inclusion__0003__chunk_0000","df6b66e1ba98f74b6c8f9ed3cae39aa4e27a8f2de98a92b1d9d97fd5d588a6af","","",""
"ETSY__2024__annual_report_with_esg__01__energy__0002__chunk_0000","4834734ba941288ea3ed1c4452b6ad2820aeaafdc61cf2de88df2d25fd63f87b","","",""
"ETSY__2024__annual_report_with_esg__01__energy__0003__chunk_0000","132c3f08c34dc8e12d5b1639233c0e0a5f5b994ac91329717ea966eba3ac8349","","",""
"ETSY__2024__annual_report_with_esg__01__ethics_compliance__0001__chunk_0000","5b00d3745e84fa3c7d053c80221873060e4f695909ac818ead6a494b7f35bfa7","","",""
"ETSY__2024__annual_report_with_esg__01__governance__0001__chunk_0000","63da715b08f602c6593983fd6d538ca9bdc8894ca4870b0a4c352f8e6773dace","","",""
"ETSY__2024__annual_report_with_esg__01__human_capital__0001__chunk_0000","b40035ffacb0ccc0839cd4062bce84cac254924c22f7a49d7e812ccf859c8d53","","",""
"ETSY__2024__annual_report_with_esg__01__human_capital__0001__chunk_0002","6865e0afa2fae600c7817f14f2457eba07ca9c05389138b32f12c0633e9f17b2","","",""
"ETSY__2024__annual_report_with_esg__01__human_capital__0002__chunk_0000","2d5656f949044a76742fc56ac454530cfca59251dc301c7b1341eb542f5e2a4a","","",""
"ETSY__2024__annual_report_with_esg__01__human_capital__0003__chunk_0000","53208746a49fcd7a59e4e9f82dd500c78760580240264ec718ad31b2e900e3fd","","",""
"ETSY__2024__annual_report_with_esg__01__other__0001__chunk_0000","15e69a046f2a4791017f227b8b675b25768e1aef2706222e53dba974024ba819","","",""
"ETSY__2024__annual_report_with_esg__01__waste__0002__chunk_0000","e2f86ff90186170d5966ad2850d56fd85c0d65ff2f93a0e095a9986fb93e144f","","",""
"ETSY__ETSY_ETSY_INC_2023__emissions__0003__chunk_0000","bf72b9a342e695a264ba1905a58b5caf09ad1e8c21708a4678b43c5c261d554e","","",""
"ETSY__ETSY_ETSY_INC_2023__governance__0003__chunk_0000","fa943666ba0d6a9db09a64101d24023c5ba41479bb60a2b9913e0dc595452363","","",""
"ETSY__ETSY_ETSY_INC_2023__human_capital__0004__chunk_0000","efe7f1958d6e57fc6baa8d3548cd94f6c9d0178ef99d29fc7f563d2d4797af49","","",""
"EYE__EYE_NATIONAL_VISION_HOLDINGS_INC_2023__about_this_report__0001__chunk_0000","6700c4f7c8848cd9761c37541f42f3eeafea4a09b5b41dd8b6ad53e91394460f","","",""
"EYE__EYE_NATIONAL_VISION_HOLDINGS_INC_2023__climate__0001__chunk_0000","e339112db7f2d090d531b1bb9d202abff08d5b054e6294bd88438de87ddf4296","","",""
"EYE__EYE_NATIONAL_VISION_HOLDINGS_INC_2023__community__0004__chunk_0004","5cff1207b39d8eed545a45955b2d21b55892e5eb872395f71ccbe0a7e95ae5bc","","",""
"EYE__EYE_NATIONAL_VISION_HOLDINGS_INC_2023__governance__0002__chunk_0000","2c1196857d4db95f7b58161a65bf374d115f99f29c004837e3d14dd8a34a1833","","",""
"EYE__EYE_NATIONAL_VISION_HOLDINGS_INC_2023__human_capital__0003__chunk_0003","e33e085120fa128e244b24a5e31de3b09b80b5284f5b0175107b77ee725516c8","","",""
"EYE__EYE_NATIONAL_VISION_HOLDINGS_INC_2023__human_capital__0003__chunk_0004","fb9655cce6b18d61d6128ba7b44d73915e7aa71dced6ed1c9262529938f8fa30","","",""
"EYE__EYE_NATIONAL_VISION_HOLDINGS_INC_2023__human_capital__0006__chunk_0002","8b45e96e2d65e472e3c8c45475ad2d0cbf27ade92ed122c91e6b36165d23a680","","",""
"EYE__EYE_NATIONAL_VISION_HOLDINGS_INC_2023__human_capital__0006__chunk_0003","7b646aafee337475cd2669ac301240065f13012db4b8af6436340537c0fc427c","","",""
"EYE__EYE_NATIONAL_VISION_HOLDINGS_INC_2023__human_capital__0006__chunk_0006","ceeecda14b49c074754347be5e4897d9d3c57d2c0821a3d245f14472bd85d836","","",""
"EYE__EYE_NATIONAL_VISION_HOLDINGS_INC_2023__human_capital__0008__chunk_0001","4eb18db0fd0e92579fce817bf785cbb72364ef2025cd41285b034c2a3caac472","","",""
"EYE__EYE_NATIONAL_VISION_HOLDINGS_INC_2023__human_capital__0010__chunk_0000","84de20319f6713587b8162f2189fafeafb82734a1aa084b62fc7cd39bb66a123","","",""
"EYE__EYE_NATIONAL_VISION_HOLDINGS_INC_2023__human_capital__0010__chunk_0001","95f6a944dc84bbc3b0609b749a51d28f2f69dc4d861578f5d5a2f2ccb62dec57","","",""
"EYE__EYE_NATIONAL_VISION_HOLDINGS_INC_2023__supply_chain_ethics__0001__chunk_0000","8a8f2eae2b1e8f078e58f0966a8fc73e70317d3d2ae405ffc42c7d12eae121a7","","",""
"EYE__EYE_NATIONAL_VISION_HOLDINGS_INC_2023__water__0001__chunk_0000","e21c01d0eaf2a3b6d10e65a634b40804842c51feccecb8e2bb5a8ed55cd4568e","","",""
"EYE__EYE_NATIONAL_VISION_HOLDINGS_INC_2024__appendix__0002__chunk_0001","864eece3763abf6a752d3a564d05c3bacefb8841b590b7406d216f9beb599fbd","","",""
"EYE__EYE_NATIONAL_VISION_HOLDINGS_INC_2024__community__0002__chunk_0007","ed301bbb3704924862821d237ead45ba71bac2fd60532ba80f26d4e1fb6c3391","","",""
"EYE__EYE_NATIONAL_VISION_HOLDINGS_INC_2024__community__0003__chunk_0000","6de11196ab9876a66506f8ce5cccdb73abb61ece03ece01ba0a8e8c5498aa413","","",""
"EYE__EYE_NATIONAL_VISION_HOLDINGS_INC_2024__environmental__0001__chunk_0000","711b48f1f0fd01423782407a040cd69f6c4a670a28bb560bbdb64ae80c778760","","",""
"EYE__EYE_NATIONAL_VISION_HOLDINGS_INC_2024__environmental__0002__chunk_0000","4677f60c69badf666404e43d148447a8b1d8cd1ad33f3000762064a436ce7965","","",""
"EYE__EYE_NATIONAL_VISION_HOLDINGS_INC_2024__ethics_compliance__0002__chunk_0000","aa26e9f9a53492338151cf9442a03de6dafbef6133efb62fe075c971157df949","","",""
"EYE__EYE_NATIONAL_VISION_HOLDINGS_INC_2024__governance__0002__chunk_0000","a87b915c6c62e83ebae64036b431373747879b60974741bda77ff278e38ff08d","","",""
"EYE__EYE_NATIONAL_VISION_HOLDINGS_INC_2024__governance__0004__chunk_0004","2dc8648a8a4e7923bfa95028d471b161ab422b057f63ab7c227c0299de747b7f","","",""
"EYE__EYE_NATIONAL_VISION_HOLDINGS_INC_2024__human_capital__0003__chunk_0000","5ff2343c7bf03a2421653a53a2775fc19220bb91d7fa129e87492a9e26d42c12","","",""
"EYE__EYE_NATIONAL_VISION_HOLDINGS_INC_2024__human_capital__0005__chunk_0001","e37926c6326ae594a8d0a10475e2a7e79da371b0970178a4671bcec284b92b99","","",""
"EYE__EYE_NATIONAL_VISION_HOLDINGS_INC_2024__human_capital__0005__chunk_0003","fb6e7b3ac34523dbc5fcba53cc9c8fff005fb7274c642853ba95718ed769b72c","","",""
"FIGS__FIGS_FIGS_INC_2023__community__0002__chunk_0001","fdfa2eb44338e4d6fe0b6ece98e909df020e74c6ab9c98ae0e8979e2f8385686","","",""
"FIGS__FIGS_FIGS_INC_2023__diversity_equity_inclusion__0003__chunk_0000","a8a2c07a4b5f00d10d3f293ae166ada3145c68a0fce4758e3e6262247e3cc15a","","",""
"FIGS__FIGS_FIGS_INC_2023__environmental__0001__chunk_0000","5b48ee8d40074908f9d59eef4b7db412d9006042a16a83899461833ea8c24a66","","",""
"FIGS__FIGS_FIGS_INC_2023__human_capital__0002__chunk_0000","9dd691fd7c7adbc41e17de2246e537829c12df8aa90977d93229b95d0e1582b9","","",""
"FIGS__FIGS_FIGS_INC_2023__supply_chain_ethics__0002__chunk_0000","db147068175e3f6f45ca4b4207bc0923a68f2ef6a63c421d662c6ea6c5fa7bd6","","",""
"FIGS__FIGS_FIGS_INC_2023__supply_chain_ethics__0004__chunk_0001","ebaf140e7864f564a8ad37067ce3c4cafdc4b15ec5cc95b937a4408bd577f238","","",""
"FIGS__FIGS_FIGS_INC_2024__appendix__0001__chunk_0000","f2014ea8d5daf2b5a094a711c6eb9e16c214fe94c22aba4b4e85bbbbfc95de02","","",""
"FIGS__FIGS_FIGS_INC_2024__community__0002__chunk_0000","b79a24798b705973fe0de24d0b23327820fc8686169abaf10262e4c731506e93","","",""
"FIGS__FIGS_FIGS_INC_2024__community__0004__chunk_0002","71d3d681f38f74ea1b6a404fccb7add844fd6e873800c8bdda6ccc6b7056facb","","",""
"FL__FL_FOOT_LOCKER_INC_2023__about_this_report__0001__chunk_0000","e86d4cdb0080856d50186286c1ef9ae468bdcd1b3cbec1a62edc8981e44104ae","","",""
"FL__FL_FOOT_LOCKER_INC_2023__climate__0003__chunk_0000","4d0ba9e57dd8b5b3114a03af75bfed5aa8074f78b789e8a48414baff7e6c7bdd","","",""
"FL__FL_FOOT_LOCKER_INC_2023__climate__0005__chunk_0001","be65273cd0863ce8c51e50daa0c197ff5b6f66efef348fb77dd313f7a7a0a080","","",""
"FL__FL_FOOT_LOCKER_INC_2023__community__0003__chunk_0000","86d530b926eb033a41d00a21739aa95622cc9ee052aa9f296b0830839aaec0a7","","",""
"FL__FL_FOOT_LOCKER_INC_2023__community__0003__chunk_0001","c3604ee896007d5097784d947b7a43d99b01e458b35f0f617919723e08b78ba7","","",""
"FL__FL_FOOT_LOCKER_INC_2023__community__0004__chunk_0000","fcd50965b33d1e65cf673180dfb3e2dc8abbf6e4fa26bf39b7266425f312b230","","",""
"FL__FL_FOOT_LOCKER_INC_2023__community__0004__chunk_0001","b43ea7f50cf69f8792a3656062c95a2932084172924397f697d3e2dc29ff0c3a","","",""
"FL__FL_FOOT_LOCKER_INC_2023__community__0004__chunk_0003","08ec4ab5e99853eddc6af13add931c8438d70d5e0a49273923334d36f9829d1a","","",""
"FL__FL_FOOT_LOCKER_INC_2023__data_summary__0005__chunk_0000","8bde50c019773f0702548df97ca2a8364328d72b90a390f725c346ca4d09e042","","",""
"FL__FL_FOOT_LOCKER_INC_2023__emissions__0003__chunk_0000","fde1deed9eb48d09b5b3473f8bf93f181481d60f5596825852f3dc279f405df4","","",""
"FL__FL_FOOT_LOCKER_INC_2023__emissions__0003__chunk_0003","cc925f659cb05ead8dee2695c12affbb6fbe6bc004686fcdf77a2d5d19c817f5","","",""
"FL__FL_FOOT_LOCKER_INC_2023__ethics_compliance__0003__chunk_0000","2cac83a781336cc2c54754bd5b32dfa06e90edf50ec3bb578367d5944131a56e","","",""
"FL__FL_FOOT_LOCKER_INC_2023__other__0001__chunk_0000","a7b7673bc28ebda63f7d6805641b91243e2aec4e9f0e5bf0d302555604369aa8","","",""
"FL__FL_FOOT_LOCKER_INC_2023__waste__0001__chunk_0000","625018d518f2b5bf86d7af993a467ae74e9fb4d358631d50cff071ac40b991ff","","",""
"FL__FL_FOOT_LOCKER_INC_2023__water__0001__chunk_0001","11ec370b5d4061c6f470ab88b124d77cbe3c5ceb3e1c9f3ce88ad5e01611876c","","",""
"FOSL__FOSL_FOSSIL_GROUP_INC_2023__about_this_report__0006__chunk_0001","54f964a747337a644d52bd0bad23d3ee2025ee38744e41daed0e1d111a9217ee","","",""
"FOSL__FOSL_FOSSIL_GROUP_INC_2023__diversity_equity_inclusion__0004__chunk_0000","7b0d7149546b45e7710b56f9c64c46377172cb507f02ba01b0e83e95273b19bc","","",""
"FOSL__FOSL_FOSSIL_GROUP_INC_2023__governance__0001__chunk_0001","e25b1b1cdf31981269dde9f6fde1d02af8a8e787c523af3c76effdb14eebb11c","","",""
"FOSL__FOSL_FOSSIL_GROUP_INC_2023__human_capital__0003__chunk_0000","9683369e7ff8b466c8c0a2d390a2986596423fafb00b13eb5d92577a58dfa26c","","",""
"FOSL__FOSL_FOSSIL_GROUP_INC_2023__human_capital__0004__chunk_0000","17359bff782f217d3e7c4a186c85ed6cb0da313bfb1e11d1949d5547410e9fd7","","",""
"FOSL__FOSL_FOSSIL_GROUP_INC_2023__human_capital__0004__chunk_0001","23562bea37bbab34cb1de39bec1ce4183c138f3781220b5de0cdb99766d325ac","","",""
"FOSL__FOSL_FOSSIL_GROUP_INC_2023__human_capital__0007__chunk_0001","f675aba9194bc7e967de12d53c76554e25400c2a68d365a253dcf1d2896a835d","","",""
"FOSL__FOSL_FOSSIL_GROUP_INC_2023__social__0001__chunk_0000","474c1ab865a81a0dafda0316a6c88c10dacce433e7b5fb6739be3207d24bc3c0","","",""
"FOSL__FOSL_FOSSIL_GROUP_INC_2023__supply_chain_ethics__0002__chunk_0000","d0c9c938046ca4377b62f3bfffc9dcca3c7e482e88f957ddc6652c9ef70b32f8","","",""
"FOSL__FOSL_FOSSIL_GROUP_INC_2023__supply_chain_ethics__0005__chunk_0000","efb71d9f44c48ffd2114cfd4960011765b90e5ae183786e8151a97ad3d4d2332","","",""
"FOSL__FOSL_FOSSIL_GROUP_INC_2024__about_this_report__0003__chunk_0000","3527fe984aafcfdbf53072cb72e0c48234cbb837577114b5c2ffe8dfa1965e7a","","",""
"FOSL__FOSL_FOSSIL_GROUP_INC_2024__about_this_report__0006__chunk_0004","81444b25c425298e6211b65ae03859b4032ab8f1834855a875e03fbc56b64d31","","",""
"FOSL__FOSL_FOSSIL_GROUP_INC_2024__diversity_equity_inclusion__0002__chunk_0000","977a43f664a93336eaf6480ea7a320e6dcabb5bc723853119a9953ccb21a2e83","","",""
"FOSL__FOSL_FOSSIL_GROUP_INC_2024__human_capital__0003__chunk_0000","5f793a0bdbac044506481a60bfcc4351eade2458f81013015ced784bfff8470d","","",""
"FOSL__FOSL_FOSSIL_GROUP_INC_2024__human_capital__0004__chunk_0000","59459bdd8235651fde67ec7e82a8c9fa81b5c0ba43ba0f549185ed56789e9834","","",""
"GAP__GAP_GAP_2023__about_this_report__0002__chunk_0000","a20558dd2afd0e0743e853578daab64efd9b571bcfcce641f9d6a9d7c7737375","","",""
"GAP__GAP_GAP_2023__ceo_letter__0001__chunk_0000","5bdab516453d8fff1d4101e78c84b66372260e291a1bdcef7b25914e8bbbd5b2","","",""
"GAP__GAP_GAP_2023__climate__0002__chunk_0000","d782ce1e0b28fbedb55312d62e0be70fb698d0c72c51961d7e9a2d2de8205372","","",""
"GAP__GAP_GAP_2023__climate__0010__chunk_0000","a6e29abad1715dddb462206ec68002d547f741f1eab5ac7c0b1c09576f0f4262","","",""
"GAP__GAP_GAP_2023__community__0004__chunk_0000","502c4c6679208b2727f71d2bc8928514fda8e4d2a4e93e2c9e8d9d72b9ea8238","","",""
"GAP__GAP_GAP_2023__community__0006__chunk_0000","26acbe4be4e7e4b7b57737e3f0173e44a78146ff37e8f60c1b5412d49d3ac2a9","","",""
"GAP__GAP_GAP_2023__community__0006__chunk_0001","f23108deaa957f1ca21d4c3f1cb073269fcc28c9248165e0dc4e62abd85e58c5","","",""
"GAP__GAP_GAP_2023__community__0011__chunk_0000","55bdb37f32314270a29e99533bf2f738bafba01f9823f72768d2958c80176130","","",""
"GAP__GAP_GAP_2023__diversity_equity_inclusion__0005__chunk_0000","ecfaf081fa1f363b2e26f43540d5ce1e510121ef20399e58c0bb58da3662c942","","",""
"GAP__GAP_GAP_2023__diversity_equity_inclusion__0006__chunk_0000","e8acbb6c1e855132978ac783c7ede1e68fd38a27d9cb7b4aafa018b3a7ed1748","","",""
"GAP__GAP_GAP_2023__ethics_compliance__0003__chunk_0000","837430b5ddc9ac1de9fe1f34f173dfeeb2d4cb68397134f31387dd0ea4dfe31c","","",""
"GAP__GAP_GAP_2023__social__0001__chunk_0000","a441dba822533d0eaf21823752bfc1ff35c3905ee2027251e231ddcf04017290","","",""
"GAP__GAP_GAP_2023__social__0001__chunk_0001","5898b44ea1750b1658eeb0b0a32bcd8e51d0f22e708452d05d23a2272e4574c1","","",""
"GAP__GAP_GAP_2023__waste__0003__chunk_0001","b9a137bc0b4fc81c9c03851f462bbf6212dd616be3ecfb3791905e4d4f6745eb","","",""
"GAP__GAP_GAP_2023__waste__0004__chunk_0000","e39954d502974870d301e0ed0fac74e22a6ef3e72287ce6a8e6e1d8be3b92242","","",""
"GAP__GAP_GAP_2024__about_this_report__0002__chunk_0001","e0268b43f6f3d1afac811533dcd8ebf60853d9abbcf5d84a4eabc82bfa749afa","","",""
"GAP__GAP_GAP_2024__ceo_letter__0001__chunk_0000","ce1cbbd54ecb85ac00742f2bc81e208b8cb4dd481faa3a2bccbd0fcaabf91884","","",""
"GAP__GAP_GAP_2024__climate__0002__chunk_0002","1719f80b84e608beb0e9dcf065e8911fd8e4ac94c81baf6b0fd88258b2585d1e","","",""
"GAP__GAP_GAP_2024__diversity_equity_inclusion__0001__chunk_0000","2c4621f163c8d3fc318b3dbbf6edc31f9195173ec85ee5588150422b74332092","","",""
"GAP__GAP_GAP_2024__diversity_equity_inclusion__0003__chunk_0000","0b67e7481e4d945fb959829fb10ad66ad8aef1a4acf795ee4f6c4de3bbb3a44e","","",""
"GAP__GAP_GAP_2024__energy__0002__chunk_0000","6a85feea5b3dffc08bc5e728da920b9afecdb8ec6aeac5addd96d4f331fb2821","","",""
"GAP__GAP_GAP_2024__environmental__0005__chunk_0001","5ea9d7fb1fd570420e63c25afd085b98689eed46172df89830a4d0813954f649","","",""
"GAP__GAP_GAP_2024__environmental__0008__chunk_0000","49b59e9814e9f6cba8ac3f869cc8fcf32ce381ac7a44d303c8691c2aecd46fdd","","",""
"GAP__GAP_GAP_2024__environmental__0013__chunk_0000","96a8993f8f7de7d98b8bc77d22efe93f889487949bad905ddc938eac8943b982","","",""
"GAP__GAP_GAP_2024__ethics_compliance__0005__chunk_0001","c74a5eb78ab6397c33de87dfab9ae03f3c6a0766f97dc57e7cd3f715b6f03c1f","","",""
"GAP__GAP_GAP_2024__ethics_compliance__0005__chunk_0003","9e60bfedf1d05306e369ae262ace20c28536c32bc642ac73788919a0c96b0df2","","",""
"GAP__GAP_GAP_2024__ethics_compliance__0006__chunk_0000","5cca8cf6e8167ffcb3cb001422b32e193ab2795e861db9dac7d4c65c37df05ba","","",""
"GAP__GAP_GAP_2024__ethics_compliance__0010__chunk_0000","f88d2ef763640a85b363045848e0eecf71aab1465baac8e2662bb0908cda15e1","","",""
"GAP__GAP_GAP_2024__ethics_compliance__0010__chunk_0001","3f1d7b9dc0a8db98ded46b32e20ac5ce948a3aa4adbcd4e2537238d74af40633","","",""
"GAP__GAP_GAP_2024__water__0005__chunk_0000","9f12d3a7ac782d22005fb07ade6d924c1afd11ce454d4ec3b19ab2539e410ca1","","",""
"GCO__GCO_GENESCO_INC_2024__about_this_report__0002__chunk_0000","7eb0b003a1e76857622d3e8b5060b41cefbc759b23a4be3f85c005fd5a5a9264","","",""
"GCO__GCO_GENESCO_INC_2024__appendix__0002__chunk_0000","73e668fcf3a0693c76371b549abc0f25b88d23297cb975fe763442952005ba3b","","",""
"GCO__GCO_GENESCO_INC_2024__emissions__0001__chunk_0000","9de34d68f0dc59e7a957ba88e626fde2f63698d74bba1db46feaf2c2e2e24089","","",""
"GCO__GCO_GENESCO_INC_2024__emissions__0001__chunk_0001","2e67908a496a6b38114c3173b261ab979bb9e87202ad1dc23c5f550f711d9e45","","",""
"GES__GES_GUESS_2023_2022__about_this_report__0001__chunk_0000","424408a291e1f624c258774064a40a761f31cc4cd1b0ec08146b7ad58dd03313","","",""
"GES__GES_GUESS_2023_2022__about_this_report__0001__chunk_0002","33ff075b42360a42e52d5c8dc05a9bb1723f8cfb5d2886dcd2509753f5aad138","","",""
"GES__GES_GUESS_2023_2022__about_this_report__0002__chunk_0001","898b9bb45a084820b08b14a44a81f01601976bde0e1f5f623d3ea0a7547cee28","","",""
"GES__GES_GUESS_2023_2022__about_this_report__0012__chunk_0000","364066a5c7cc49d63067e1faf5cd6bad65f180f2001b5ffd2e0ede505c823a90","","",""
"GES__GES_GUESS_2023_2022__appendix__0001__chunk_0003","2fab478dc3dbec3afe7b1a30510ec7e35fc4cc15fab42fa02a4f05ba9ea4eeda","","",""
"GES__GES_GUESS_2023_2022__data_summary__0001__chunk_0000","80a605ec788817d935307e79722ea29f0c69a05184c1e8bf35e5a3ce35ae7af0","","",""
"GES__GES_GUESS_2023_2022__data_summary__0002__chunk_0000","ff3189cf3a659e0975693e67f5da4426c4e532faac06b211b1d1aa52808fdb30","","",""
"GES__GES_GUESS_2023_2022__data_summary__0006__chunk_0000","26bcefd2f2811b515d8c3a9e0da526994f87537e6eba4fd86e79a6d205f4b9e0","","",""
"GES__GES_GUESS_2023_2022__data_summary__0008__chunk_0001","c98256c082883188a06cea9588ab1f37dd3bb9ad3ea5c67278a46664d876f212","","",""
"GES__GES_GUESS_2023_2022__data_summary__0009__chunk_0000","e254aa23c2e8de350e12f8722cf524f74c57a022bbc7999bc2acbc26de0f2f1f","","",""
"GES__GES_GUESS_2023_2022__diversity_equity_inclusion__0002__chunk_0000","8aa4705a5766341cedf2b67b1e2cad65f93170799babae34ab83d6e9cd728174","","",""
"GES__GES_GUESS_2023_2022__energy__0003__chunk_0000","bbdd0c667b0524b66d8a675728544605ba5b1c36d42518b35d6d2c76f669a0f5","","",""
"GES__GES_GUESS_2023_2022__ethics_compliance__0009__chunk_0000","18b1c7d121173216a6e5d83db81c273181469a889cb96981ee589f7d5241d1ba","","",""
"GES__GES_GUESS_2023_2022__other__0001__chunk_0000","b5d604d88ca705ae243cf989e1d64e4e66b22d87a443ae227fe8051c9efc80f4","","",""
"GES__GES_GUESS_2023_2022__water__0002__chunk_0000","c56d4ecad47b14ba53e2ae335931af33c6e457a4e3df17936f3638fa784085f5","","",""
"GIII__GII_G_III_APPAREL_GROUP_LTD_2023__environmental__0003__chunk_0000","4856dcc68f64bc004136e86fdc1e4474aaad524df03636874861d3f528389d63","","",""
"GIII__GII_G_III_APPAREL_GROUP_LTD_2023__human_capital__0002__chunk_0001","4fcb2c3fd2b41a4e6deb82c16613d242e76356e89b96a6f2d28f4eb42efb0790","","",""
"GIII__GII_G_III_APPAREL_GROUP_LTD_2023__supply_chain_ethics__0003__chunk_0000","c222a60a89b36d92f3078f5084bf3b14de48b422b9e4193ce1bec788b09e248c","","",""
"GIII__GII_G_III_APPAREL_GROUP_LTD_2024__ceo_letter__0001__chunk_0000","e52b4c0f768f43e9d9583016de9d965607984d058be4f66714db5071c9f5ce90","","",""
"GIII__GII_G_III_APPAREL_GROUP_LTD_2024__other__0001__chunk_0000","17067654f251c226a9f5e8b6ae3d10020c8a7f032cd413893e0159614b39b592","","",""
"GIII__GII_G_III_APPAREL_GROUP_LTD_2024__supply_chain_ethics__0003__chunk_0000","73cbbbe1785b5e113d74d8d40adf3191a85d514a802ad76afacb27263600570f","","",""
"GO__GO_GROCERY_OUTLET_HLDNG_CORP_2023__ethics_compliance__0002__chunk_0000","354b5a99a5e5e544f7e5160d1a85a234e7eceeee82db8e594c8bdfe13861361d","","",""
"GO__GO_GROCERY_OUTLET_HLDNG_CORP_2023__governance__0002__chunk_0000","0cb47219ee0a458145c1bc8ff0aa516f64b5a28086cc60235fbfa82d10f6685d","","",""
"GO__GO_GROCERY_OUTLET_HLDNG_CORP_2023__human_capital__0004__chunk_0000","995e286d5e657c0f188efa29f0522e79261dfc531d5ef6b206ff7b7e89439a8f","","",""
"GO__GO_GROCERY_OUTLET_HLDNG_CORP_2023__human_capital__0006__chunk_0000","ddf179adb0af90036258b01bdf6cc54e6aeb89b9e903d25000e2763f45018e46","","",""
"GO__GO_GROCERY_OUTLET_HLDNG_CORP_2024__ceo_letter__0001__chunk_0000","c7b524ad82ddc1c08ab2fa7dad0cc659814e6265eb0ef310080342d3632f1b1a","","",""
"GO__GO_GROCERY_OUTLET_HLDNG_CORP_2024__emissions__0001__chunk_0001","a4dff3951c28d11d0b5f039bbc8fdb44f72a694ace0e346b072e42eae9ac5613","","",""
"GO__GO_GROCERY_OUTLET_HLDNG_CORP_2024__environmental__0001__chunk_0000","41c474a79e77ea47261c621fdd352686699e01a9d9b09553b693a3f89f80334a","","",""
"GO__GO_GROCERY_OUTLET_HLDNG_CORP_2024__governance__0001__chunk_0000","a1848871d932bf986c360ec0683cf0e16f1e6c0cc3f824a2a787b53eed9266c6","","",""
"GO__GO_GROCERY_OUTLET_HLDNG_CORP_2024__governance__0002__chunk_0000","b3c466d3c49a78f65d9a7bc10e78616a57558de05e5fc9d0f11cc4f7ced746c2","","",""
"GO__GO_GROCERY_OUTLET_HLDNG_CORP_2024__human_capital__0001__chunk_0000","0e625dbc3d21a04831097bdddd94314cfcfe04b75decb492459cc0a0e819fe9f","","",""
"GO__GO_GROCERY_OUTLET_HLDNG_CORP_2024__human_capital__0002__chunk_0003","8ac5a56aab284fcfcf58d0b2c9af227126624102f865771d4b3e0ec36ba04203","","",""
"GO__GO_GROCERY_OUTLET_HLDNG_CORP_2024__human_capital__0004__chunk_0001","2414cc08b3ad1e59b9fe4671649d55b743ee550d52e3e99cc7fb9bcc9c737e80","","",""
"GO__GO_GROCERY_OUTLET_HLDNG_CORP_2024__human_capital__0004__chunk_0002","6e26fd1c80ddce56cf75725a5924ba4f533acb78351d5c93fd1aff39c132670f","","",""
"GO__GO_GROCERY_OUTLET_HLDNG_CORP_2024__human_capital__0005__chunk_0000","1cdb7581ef8b29f98571e913be16ca3d1ea66fc136a5befbde9c15fe02237312","","",""
"GO__GO_GROCERY_OUTLET_HLDNG_CORP_2024__supply_chain_ethics__0001__chunk_0002","0da8e25d233371f4c3270c084402a3fc8046842e2993d7cd57ce25d1d9713a36","","",""
"GO__GO_GROCERY_OUTLET_HLDNG_CORP_2024__supply_chain_ethics__0003__chunk_0000","3dfe8dcfcf36543bfc1c35d69374dd4b873900aef1be920dc716a50a8a28ad76","","",""
"GPI__GPI_GROUP_1_AUTOMOTIVE_INC_2023__appendix__0003__chunk_0000","3b7596a8909e143c9d8e4d905cd9157309d2dc1e26d058b9dc444704c4b1d2ef","","",""
"GPI__GPI_GROUP_1_AUTOMOTIVE_INC_2023__community__0003__chunk_0000","4964a82f37e8a090d53e581c1ce91187c909905569e14e1a1da42c42131d1e83","","",""
"GPI__GPI_GROUP_1_AUTOMOTIVE_INC_2023__environmental__0002__chunk_0000","ba94db5ee8d45932def8e7cd028e4498513e42f0ceeac9377034b0e36d01ee73","","",""
"GPI__GPI_GROUP_1_AUTOMOTIVE_INC_2023__environmental__0005__chunk_0000","8216af49f00caf0917f6198312bf10f9d4f89de1cf7c939b0b2cecc571ee88df","","",""
"GPI__GPI_GROUP_1_AUTOMOTIVE_INC_2023__governance__0002__chunk_0000","523300fdcc1600b94b17173208475ed8b951839da8a27b6870a4492d7165046c","","",""
"GPI__GPI_GROUP_1_AUTOMOTIVE_INC_2023__human_capital__0001__chunk_0000","4f9c428804806b6b74157591989b06f691e196b6ba836b9171acc1c129006fe2","","",""
"GPI__GPI_GROUP_1_AUTOMOTIVE_INC_2023__human_capital__0003__chunk_0000","5b3b68ea9a06f2e11a076272b89ae8003bf010763d2c07ba94fae4708811dc29","","",""
"GPI__GPI_GROUP_1_AUTOMOTIVE_INC_2023__human_capital__0003__chunk_0005","126a99a6b4c7b873c31b3dd509caa6e16f01b92945192b7fc17b4fad48ce69cc","","",""
"GPI__GPI_GROUP_1_AUTOMOTIVE_INC_2023__human_capital__0006__chunk_0000","c576693cd00f81afd43f311c86b0e39a0271dbcd7c0756bf4f88a597c403632b","","",""
"GPRO__GPRO_GOPRO_INC_2024__environmental__0005__chunk_0000","283523afe9d7b9c5a6892c7eb37c854c10f911a8fb1d4f88403bb1330f4b9144","","",""
"GPRO__GPRO_GOPRO_INC_2024__human_capital__0004__chunk_0000","dbd3fe08e66ff4b51ab9406c124290ac59dce49a45bef039b7ec0dc38c81004d","","",""
"GPRO__GPRO_GOPRO_INC_2024__human_capital__0008__chunk_0000","cd0fc873de4b5956b5f035a17b58665fe07e34693f0fb03faf50121d71f9909d","","",""
"GPRO__GPRO_GOPRO_INC_2024__supply_chain_ethics__0001__chunk_0000","9ada8188d1a13a82985b571740687971c8a12353f6a74f1b621aa52c90d4d775","","",""
"GPRO__GPRO_GOPRO_INC_2024__supply_chain_ethics__0002__chunk_0000","c60fb05f27cf3f24e337c4f42f5bf19d104bd607ae631b5c0ce8c0ec35b2dd5e","","",""
"GROV__GROV_GROVE_COLLABORATIVE_HLDG_INC_2023__about_this_report__0003__chunk_0001","73055e3dc453afc74fdfda1eb366f2250937331cc12226edb4b3dd7c20066c8d","","",""
"GROV__GROV_GROVE_COLLABORATIVE_HLDG_INC_2023__climate__0006__chunk_0001","656b52cf1cd5ff6ed5ec5d3651cb68fd929830e3ed0054100b9a7815b524b597","","",""
"GROV__GROV_GROVE_COLLABORATIVE_HLDG_INC_2023__climate__0006__chunk_0003","c3f07dbd11fa19a3976a8b375993c4dbb7f2a11f11065cebbd133cf5356dbceb","","",""
"GROV__GROV_GROVE_COLLABORATIVE_HLDG_INC_2023__data_summary__0002__chunk_0001","59310622f5e55a78941c4bc0a8a7816ce4d7a1679205bf8c585cdc0390ab17db","","",""
"GROV__GROV_GROVE_COLLABORATIVE_HLDG_INC_2023__data_summary__0005__chunk_0000","3d8e01535933712ee3277e34aba1c7ae10fb188dc1f176d88b337d305aeada82","","",""
"GROV__GROV_GROVE_COLLABORATIVE_HLDG_INC_2023__data_summary__0006__chunk_0000","9a9a6e1f08c369cd48aebacfca9f4357541fe4f90a4355df79715ec6647e08f6","","",""
"GROV__GROV_GROVE_COLLABORATIVE_HLDG_INC_2023__data_summary__0007__chunk_0000","2b35eda05bec4a6efd6abda5facf66e3da177173c985c1910dc9d296de7f4b8b","","",""
"GROV__GROV_GROVE_COLLABORATIVE_HLDG_INC_2023__diversity_equity_inclusion__0001__chunk_0000","06f95f570d07433d50ac139be73c8cb65a4d4b1d1ce777a243530efa5fddc06c","","",""
"GROV__GROV_GROVE_COLLABORATIVE_HLDG_INC_2023__environmental__0001__chunk_0000","bdd05c6c41cc8f7c8678e2125c1eeda43c73749cb91ee195e40bbc8e0bb966b4","","",""
"GROV__GROV_GROVE_COLLABORATIVE_HLDG_INC_2023__environmental__0003__chunk_0000","f17721eea9dd795b4810af363df70102d1203624479ac3acdd1416ab0caaf12f","","",""
"GROV__GROV_GROVE_COLLABORATIVE_HLDG_INC_2023__ethics_compliance__0001__chunk_0000","ca71a734cd4e57adde1247f7a1ca6ab147f10cc0239cd7fb7b5130f1cf75066e","","",""
"GROV__GROV_GROVE_COLLABORATIVE_HLDG_INC_2023__human_capital__0004__chunk_0000","a7a4336e67b9e25a759bfcc17cb56dc65d2c0f26e5d7f0836042688550225a49","","",""
"GROV__GROV_GROVE_COLLABORATIVE_HLDG_INC_2023__social__0001__chunk_0000","bf6839cb139e2b459ba521a00594241cf20fa61fc47428ff142203e43d40755f","","",""
"GROV__GROV_GROVE_COLLABORATIVE_HLDG_INC_2023__supply_chain_ethics__0003__chunk_0000","f8312b42c7daa2769bc7ebbc56957bc670496d52fdee6d09ff638e6621b2fbba","","",""
"GROV__GROV_GROVE_COLLABORATIVE_HLDG_INC_2023__waste__0003__chunk_0000","47380a495f1f945fb17c7a7eed2ffbec431048e794a29311b82b27cee72131b6","","",""
"GROV__GROV_GROVE_COLLABORATIVE_HLDG_INC_2024__emissions__0004__chunk_0000","0fdfa6f86ebb95bcc19793512f12206dacbae27451ad34ac87592e47d9f0eff4","","",""
"GROV__GROV_GROVE_COLLABORATIVE_HLDG_INC_2024__energy__0004__chunk_0000","b6c991d5c8748f3fa8f261a61c0452cc61fec1b1061dbaa86c91d5a24f557e77","","",""
"GROV__GROV_GROVE_COLLABORATIVE_HLDG_INC_2024__environmental__0002__chunk_0000","97e3cdc0c55ed8777fd2e817d4bca071ca6fe7c599f82f3472d294ab29d3372c","","",""
"GROV__GROV_GROVE_COLLABORATIVE_HLDG_INC_2024__human_capital__0001__chunk_0002","36f263531fc9e67dbe384dce48048fe9a1084186f7b4bce0f1ebd0eb5486afcf","","",""
"GROV__GROV_GROVE_COLLABORATIVE_HLDG_INC_2024__human_capital__0002__chunk_0000","5d7865fe5cb618637b79c1f477aa13660ad418269c6241a0f359072948a431e8","","",""
"GROV__GROV_GROVE_COLLABORATIVE_HLDG_INC_2024__human_capital__0003__chunk_0000","3823e25d5f8c56a92104de643e57acb14327e49ba57203858b5d6ec0e76a80e4","","",""
"GROV__GROV_GROVE_COLLABORATIVE_HLDG_INC_2024__human_capital__0005__chunk_0000","53d1c9e4105e3a3b684bd8bceb0d9f5a63c01cc5c6d0885f5fad314f7592c07f","","",""
"GROV__GROV_GROVE_COLLABORATIVE_HLDG_INC_2024__human_capital__0007__chunk_0000","11bf153e0518eb5671bebeb1398d8da5eca5deec38a3486db2f061633d966389","","",""
"GROV__GROV_GROVE_COLLABORATIVE_HLDG_INC_2024__human_capital__0008__chunk_0000","143a92810d4dd0941daf55345fb86bfbedffe2fe21ddb0776a7399242c35bb16","","",""
"GROV__GROV_GROVE_COLLABORATIVE_HLDG_INC_2024__supply_chain_ethics__0003__chunk_0000","dba6a22bf1d35063d1cfa608a9fd26b81c853c61de6755eb5e7b0e10f42b22d5","","",""
"GROV__GROV_GROVE_COLLABORATIVE_HLDG_INC_2024__waste__0002__chunk_0002","94fef58796b5f92911fb89a166df46638e6a10b32007d0bef7efd782f3ea1a81","","",""
"GROV__GROV_GROVE_COLLABORATIVE_HLDG_INC_2024__waste__0002__chunk_0003","efbf46146389cc676d5ff772d5577a99265741b1e0af8d144bdbebdccf6ed6a8","","",""
"HD__HD_HOME_DEPOT_INC_2023__about_this_report__0001__chunk_0000","6543669b6dc6e7e475e1f6d66141f05607c782880aefee165d740aa02dd78571","","",""
"HD__HD_HOME_DEPOT_INC_2023__about_this_report__0005__chunk_0001","b298e9f09a26bc5eaa3b1d66bd6282412e489d07bf2cd67ace074a81db9baf66","","",""
"HD__HD_HOME_DEPOT_INC_2023__appendix__0003__chunk_0001","5c1cbfbc6366e705f1000f53ec16da2e0b43698caa492f30530914622b7acca7","","",""
"HD__HD_HOME_DEPOT_INC_2023__appendix__0005__chunk_0000","baa6c0029950e01834e669de94f688e53b8624b37b9017f7b52239a452208117","","",""
"HD__HD_HOME_DEPOT_INC_2023__data_summary__0004__chunk_0000","998befa7fc65ea45b7e56eb86cac8667b1b03a5aab687fd930bf07b83c7b72d9","","",""
"HD__HD_HOME_DEPOT_INC_2023__data_summary__0004__chunk_0001","3b3e2979ddfbe1a4669beb0fc575d3f0336b68a713e6cd0de0712fe94371d70d","","",""
"HD__HD_HOME_DEPOT_INC_2023__diversity_equity_inclusion__0003__chunk_0000","345b6da69da0f86e7f8a461a18bdaaa10f556ca915f81147648535c494fecb61","","",""
"HD__HD_HOME_DEPOT_INC_2023__diversity_equity_inclusion__0004__chunk_0000","d80e207bfd61e89ed02f230dff537c84bf8941f4c68d1cb4827760951b91459c","","",""
"HD__HD_HOME_DEPOT_INC_2023__emissions__0002__chunk_0003","f0bc2231365b07d6d01709c2ff413fcd6a27c03cc33fc4339013a15d5c31f00f","","",""
"HD__HD_HOME_DEPOT_INC_2023__energy__0005__chunk_0000","d242c0732cf41f388cac97595faaa35cd7408d60a5d317642758beade8609c81","","",""
"HD__HD_HOME_DEPOT_INC_2023__energy__0007__chunk_0000","8aa28359083f2c8c3a82a567c8e1d9bb2f89749541a7614a8fc59f4ee5932ff8","","",""
"HD__HD_HOME_DEPOT_INC_2023__ethics_compliance__0003__chunk_0000","aee722d98fd06faf4d57d0be4c79df8775a1ed6c4de6a9d51f425a7309eca15d","","",""
"HD__HD_HOME_DEPOT_INC_2023__waste__0005__chunk_0001","4f4243de8c0ea0a8730234a9421e8043b89b017f6ac2c74a67ce39a9077249e2","","",""
"HD__HD_HOME_DEPOT_INC_2023__water__0002__chunk_0003","c7ee3717cc2cc8dce6716ac2bc11ec4412d216284b5f02affc10b1b1065a0fcb","","",""
"HD__HD_HOME_DEPOT_INC_2023__water__0002__chunk_0005","7de52f7383ff1ad215420b5c96044b770f495917835c0caeb652c05bc456a298","","",""
"HD__HD_HOME_DEPOT_INC_2024__about_this_report__0001__chunk_0001","0fd9f9bdaa66ce543a5af8687e0d2fbb05012f984c990d9ceb5552439db26d26","","",""
"HD__HD_HOME_DEPOT_INC_2024__community__0004__chunk_0001","45eccbbe9a28e8701ef06579b0e5e4d1087da64276f620a78ff58bfcba75e80d","","",""
"HD__HD_HOME_DEPOT_INC_2024__community__0004__chunk_0007","a3c4d062d465bf692fc69b8b1eb79ba929db9338144005663c8b4322abc521f1","","",""
"HD__HD_HOME_DEPOT_INC_2024__data_summary__0001__chunk_0001","ba1180a7a981022ea3364001d1be35dc32a96634d22b3b87f5210d6d4280d83a","","",""
"HD__HD_HOME_DEPOT_INC_2024__data_summary__0005__chunk_0001","d9a908c7e4a0ac632589b120acc811a4064703fa8f0a85425d8d947c88b9d78e","","",""
"HD__HD_HOME_DEPOT_INC_2024__data_summary__0005__chunk_0003","147ddfe28080ba7d15560bb11a5fefab2ad8c4c98fe40cb6a081ee7fc1b21262","","",""
"HD__HD_HOME_DEPOT_INC_2024__energy__0001__chunk_0000","9f7544f9d1743d58db1eb0d29090f084901aa9d82c56869e53f5e33e362c5b39","","",""
"HD__HD_HOME_DEPOT_INC_2024__energy__0006__chunk_0001","08f0aa5058841f0ca2fbcd1f506624014cfc00fb3fa743d7871c8652935f10f5","","",""
"HD__HD_HOME_DEPOT_INC_2024__ethics_compliance__0005__chunk_0000","3994e1d3f56949c1d6d20cfc47a37b5189994ec3637bcc2770d65a754fc946be","","",""
"HD__HD_HOME_DEPOT_INC_2024__governance__0004__chunk_0000","7f69d0f11573ecaf9dfc186e792bb860680ea60c54c01051851a360b87f404f3","","",""
"HD__HD_HOME_DEPOT_INC_2024__governance__0007__chunk_0000","f515519bb706f3736658260dddbc21ef760c5ce5c8a422ae6c5cfa331bc88fa8","","",""
"HD__HD_HOME_DEPOT_INC_2024__supply_chain_ethics__0005__chunk_0000","f32d78a1eb6e2bf3b24041eb4bebc48262a663a8002792a339de587cf81fa90c","","",""
"HD__HD_HOME_DEPOT_INC_2024__supply_chain_ethics__0006__chunk_0000","d475f955c4a1c5f83214aa22a2c442bb8483c69b4cb10b29eb68a760182f9520","","",""
"HD__HD_HOME_DEPOT_INC_2024__waste__0002__chunk_0000","b1e035e2477c38d022d9b09bbac8c08cf839e13b4c3b1acbbbb41ec726df7ff8","","",""
"HD__HD_HOME_DEPOT_INC_2024__water__0002__chunk_0000","d65315d3bba9576a239bae39b4fcd36abf05e15301379ec0d6f4552da4236240","","",""
"HOFT__HOOKER_FURNISHINGS_CORP_HOFT_2023__ethics_compliance__0001__chunk_0000","fb0a9cddc6e0688d944500fec292404b4ab64d33ae817154aa5dec7a0411058f","","",""
"HOFT__HOOKER_FURNISHINGS_CORP_HOFT_2023__human_capital__0001__chunk_0001","478011a699fac6e141bc34a6d697551f05ceb599efa45d43df5ce258b39c0cb8","","",""
"HOFT__HOOKER_FURNISHINGS_CORP_HOFT_2024__community__0004__chunk_0000","0dafa94873e81c707342c50203f2d63fa643aa47b8cd0dacdeac79bee235ab10","","",""
"HOFT__HOOKER_FURNISHINGS_CORP_HOFT_2024__diversity_equity_inclusion__0001__chunk_0000","a3981755bd3e06d66277d164c212d4a96ea1d9e6dedbbaa1d4d793af96a7a513","","",""
"HOFT__HOOKER_FURNISHINGS_CORP_HOFT_2024__governance__0002__chunk_0000","c37c09101f700505dd4f8040f9a1f3a693e5b0f57077168936cf7645c236f639","","",""
"HOFT__HOOKER_FURNISHINGS_CORP_HOFT_2024__human_capital__0001__chunk_0000","6e63add022a5a133850e0956958753fa18b8268e7f0176b0cfdc1d245bcf425a","","",""
"HOFT__HOOKER_FURNISHINGS_CORP_HOFT_2024__supply_chain_ethics__0002__chunk_0000","fedc1f62fc71755ca3328caffa370d303270fa3af81ee3f0123e7ae2b90c072f","","",""
"HOFT__HOOKER_FURNISHINGS_CORP_HOFT_2024__supply_chain_ethics__0003__chunk_0000","8b2edb3c07712eaaec551033d8bd924c127d0b89da4d1ae0019755e018064571","","",""
"HVT__HVT_HAVERTY_FURNITURE_2024__about_this_report__0001__chunk_0001","afdcf000a3c48251deee73b95ec9c8d76e6ec019ed368c6c233e56360519d350","","",""
"HVT__HVT_HAVERTY_FURNITURE_2024__environmental__0001__chunk_0000","08f727a57b764349f689922f6266784ac2405ce719f6043ec259b7138af2ba3d","","",""
"HVT__HVT_HAVERTY_FURNITURE_2024__other__0001__chunk_0000","03d2c895a9c3df5e4442495aa9280dc8e6f9d8f727ee975340f87704ab4f0941","","",""
"JILL__JILL_J_Jill_2024__about_this_report__0001__chunk_0001","ea832b97aa63f100357e335448f70f020631cbc87af2e97b7173c977c6b5fc26","","",""
"JILL__JILL_J_Jill_2024__about_this_report__0001__chunk_0003","7d3bd64202373e1a738397a0a228f0965d9f12495ff90f4ddcabe31ff58b4854","","",""
"JILL__JILL_J_Jill_2024__about_this_report__0001__chunk_0004","f8a51992b57b42d941742734ab6b583835e1ef3c0962f5758230038927fa3e72","","",""
"JILL__JILL_J_Jill_2024__about_this_report__0002__chunk_0000","8bb5c09978d9392fe9e0c7840f544759216ec62f7bbee7c01681ab73176fc17c","","",""
"JILL__JILL_J_Jill_2024__appendix__0002__chunk_0000","15d336c417a6faf81289122c35016a023a16ba7b765860aaddea30ec304c06ef","","",""
"JILL__JILL_J_Jill_2024__diversity_equity_inclusion__0001__chunk_0000","57e86da130bfd7472f30bf075488e11bd8d5fbc2a418f7478880ed7be300e379","","",""
"JILL__JILL_J_Jill_2024__diversity_equity_inclusion__0002__chunk_0001","18021c2458773de1c8e3025c03ef3dd8cbad17c9f7a4ed80d28533ff40d0a424","","",""
"JILL__JILL_J_Jill_2024__ethics_compliance__0001__chunk_0001","0b6fb32a2eb035403c6778f87eb476018bde2f950970b04f97ed81ac594b915c","","",""
"JILL__JILL_J_Jill_2024__governance__0002__chunk_0000","68fcc81f41ed9cb470c5cbe1402b068afbef780fd3d84206de3a6d9c1f96449c","","",""
"JILL__JILL_J_Jill_2024__governance__0004__chunk_0000","a72f5c0dfcc7a3588c284d6d8eeda309572824ec753a579592c17c4015b69967","","",""
"JILL__JILL_J_Jill_2024__supply_chain_ethics__0001__chunk_0000","48954832d52065d66af142527978380663d06459882ae0eb081cc7a89602560a","","",""
"JILL__JILL_J_Jill_2024__supply_chain_ethics__0001__chunk_0001","64cea74cf3fd7b296864ab5d0e94e2e646fdbe44df5b3182c4c1f13634035d48","","",""
"JILL__JILL_J_Jill_2024__supply_chain_ethics__0002__chunk_0001","016214f090480d601cbbad36c3bc623c6810f1cc04b15647d9ab047b5807c9b9","","",""
"JILL__JILL_J_Jill_2024__supply_chain_ethics__0002__chunk_0003","1c0f521b96a9e8381cf1c1fbc78f7dbc056da4527a416c0e74458cd1c9d41abc","","",""
"JILL__JILL_J_Jill_2024__supply_chain_ethics__0003__chunk_0000","43df022451adfd3b9997d0e8362c0b5e38ad9aed5fd5b97120fb745293ef934c","","",""
"JWN__JWN_NORSTROM_2023__about_this_report__0001__chunk_0000","f4850f7b147c18880a18746be84c4f8beb69c5e47e05bf17d766dc1393e0c14c","","",""
"JWN__JWN_NORSTROM_2023__community__0003__chunk_0000","a19ba5b9041fc5bed4ede8cc302a06ca24c511864b9609aab0ad9ab50bc4d5dc","","",""
"JWN__JWN_NORSTROM_2023__community__0003__chunk_0001","55f0f1963307871bfde8c70693f1ff80993f3d997a50a127934ac9bb4c907685","","",""
"JWN__JWN_NORSTROM_2023__community__0005__chunk_0000","789bb20094973e4587553664ce329d3e5a3ca2501ba70978d5fa679feeddd8f3","","",""
"JWN__JWN_NORSTROM_2023__diversity_equity_inclusion__0002__chunk_0000","13159d6b7b2f78079020b7faeec70d77ab2ab004793ff407e6161fdde72a00fb","","",""
"JWN__JWN_NORSTROM_2023__diversity_equity_inclusion__0003__chunk_0002","61f194da2baa6e2cc3c8862039262144fd37a9d65ad55db0815dc658c5a078d1","","",""
"JWN__JWN_NORSTROM_2023__environmental__0003__chunk_0002","334a4900ae3d51e4ec7af7de007a8eaeef20544592ce197c66167b021d1c24d9","","",""
"JWN__JWN_NORSTROM_2023__environmental__0004__chunk_0001","671a3a30139616e9080249c9e2a7d9c133f02f1e834d6212ea9ec003d5d8a6fa","","",""
"JWN__JWN_NORSTROM_2023__environmental__0006__chunk_0000","ef9ea324d6f5640010a7e25d2a216537d8276aa1165e41127a8d357c97888d7c","","",""
"JWN__JWN_NORSTROM_2023__human_capital__0007__chunk_0001","d6b1a6794a844c16ba62bcd26d012c27b4ce02b0b0f7edf1a5168ef7fecc9e7a","","",""
"JWN__JWN_NORSTROM_2023__human_capital__0007__chunk_0003","d366a3c27a9c7c3ef0af7aa607614f2c53ae837a111f7f1cb784efe435ae0f09","","",""
"JWN__JWN_NORSTROM_2023__supply_chain_ethics__0001__chunk_0001","3147cc3235299fd630b1630fddf9816a4e81bc6fd401a2ba4be09b58510c6f03","","",""
"JWN__JWN_NORSTROM_2023__supply_chain_ethics__0001__chunk_0002","20241002ac297799c7ba2c3bb1c466b06250e34e147c424d1ffec1f53cfcc6c8","","",""
"JWN__JWN_NORSTROM_2023__supply_chain_ethics__0002__chunk_0000","bfeca8ba71402e340e223e4d741a49d5706d691ba9280de6eec68702bc01179c","","",""
"JWN__JWN_NORSTROM_2023__supply_chain_ethics__0003__chunk_0000","95fd318f1e0578083256bfacd22f726bf2adb3cdfdd1527fb34f81bc522355c7","","",""
"JWN__JWN_NORSTROM_2024__about_this_report__0002__chunk_0001","5c553a7ddd659fc96a2345bab1a4913ed97a901cca8bbc59454ca16d5e06691f","","",""
"JWN__JWN_NORSTROM_2024__about_this_report__0003__chunk_0000","f489f1ae7869aa0ab6cf892ff46432a8130625f281dd4c67ec96da09be3c6d77","","",""
"JWN__JWN_NORSTROM_2024__about_this_report__0003__chunk_0001","66ac5a47a2af94cdabb47e225faad41d6c532337a20b5433b5ab4fede18098b1","","",""
"JWN__JWN_NORSTROM_2024__climate__0001__chunk_0000","7fe8492b66622403189c1bb8f77627658dd999fc5e04224e1a275766a50e42cb","","",""
"JWN__JWN_NORSTROM_2024__climate__0003__chunk_0000","75a0a16935abb6d5dab9976f679233c6bfaa37c2ef8c9eb683f87935d6053d3b","","",""
"JWN__JWN_NORSTROM_2024__diversity_equity_inclusion__0001__chunk_0000","40ff44c1bc3aa8a74c28999295384fb7f96555ac2328fcec12aa1147ec6a12fd","","",""
"JWN__JWN_NORSTROM_2024__emissions__0001__chunk_0000","e5355d87af535ed1380c200987975a484a4fb083991b70110b9bb56c0d2b6890","","",""
"JWN__JWN_NORSTROM_2024__environmental__0001__chunk_0000","15f5025131c19e35481a3ece21b6a49349feeec610528350d13f6ac1fb3ee2e2","","",""
"JWN__JWN_NORSTROM_2024__environmental__0003__chunk_0001","800d479031a84a759e19a4d5393302063a623fe07ec7959bfee7d4573c94423e","","",""
"JWN__JWN_NORSTROM_2024__governance__0002__chunk_0001","9848df8889d70f461016523dd0d96b39157327c555fb2136630eb7baf39d25b2","","",""
"JWN__JWN_NORSTROM_2024__governance__0002__chunk_0002","d15607c38708bf5277c6085e93e2bcf7083b795e2a3cc0489e80c35e7bee14e3","","",""
"JWN__JWN_NORSTROM_2024__governance__0003__chunk_0000","0d2bf0fe044888cc117d9b0fa20d3761bd756d0646a3a5cb7fc1afcc657ea3bc","","",""
"JWN__JWN_NORSTROM_2024__governance__0003__chunk_0001","195eee59d0b08b2a261a7cf627d5ecdc94b6a80970c35632fda2ee60e42dbd72","","",""
"JWN__JWN_NORSTROM_2024__governance__0004__chunk_0000","8687d05bf41a95bb9a4e4a97f02858c26d4d48825325eecfea1f8ce2ae316b0e","","",""
"JWN__JWN_NORSTROM_2024__waste__0001__chunk_0003","71e85e104c89db0561e1d9b8d7cb8e5c2c6838f591b8f70c4164be6081de97d4","","",""
"KMX__KMX_CARMAX_INC_2023__about_this_report__0002__chunk_0000","5b5e69535d5a044d6382f61ccf422f28673b329548d29f0135b150b166ee0e3f","","",""
"KMX__KMX_CARMAX_INC_2023__appendix__0002__chunk_0001","cce6ed29c0d168f1ebc8cf8f26b6fdc8672ca0cd1862d8d28b33c049da108e9a","","",""
"KMX__KMX_CARMAX_INC_2023__appendix__0002__chunk_0002","a1a62f482241ffac41a24817efe4a3735a86035c0743d1c42290931ea7985aa1","","",""
"KMX__KMX_CARMAX_INC_2023__climate__0002__chunk_0000","dda5b60c62a1a8dd0543e63a0c795ccb5623b974da869779af1cc30fb74273b2","","",""
"KMX__KMX_CARMAX_INC_2023__ethics_compliance__0001__chunk_0000","7e3470bcd7f09259b3203b8b861331edd48235402482af206ad74d81c8c9af8b","","",""
"KMX__KMX_CARMAX_INC_2023__ethics_compliance__0001__chunk_0002","715a7d60e2c723fd63be022d8fc4887fc6ea3029d2cd82e4fa3ff9687db3cbd1","","",""
"KMX__KMX_CARMAX_INC_2023__ethics_compliance__0001__chunk_0003","3cdab2f6e470229034a46d47e0d8c56ac76fd77a6c74833379e4e2e547ca0c02","","",""
"KMX__KMX_CARMAX_INC_2023__governance__0001__chunk_0001","d6298136d1ee1a9bfbbe47a423e8e7db5d05d44bb934ec8ad5b087b91a2c8969","","",""
"KMX__KMX_CARMAX_INC_2023__human_capital__0004__chunk_0000","2e19c186e9846489bc41a2a6551825b5f9f61b06ea252380a6e22e8e99a2d0d9","","",""
"KMX__KMX_CARMAX_INC_2023__human_capital__0007__chunk_0002","996a27cab2dceac62f640c552d96760698d58bebe76ab4750459cec229279355","","",""
"KMX__KMX_CARMAX_INC_2023__human_capital__0008__chunk_0000","ceab8d1eaf4de4cdd20f3862a2554b8655833ac0f7f7aedb9a25634ea9ace836","","",""
"KMX__KMX_CARMAX_INC_2023__human_capital__0010__chunk_0000","4a5780f6d2899ed9fd5f949c11b9b659f7bf91130268c1c5c7f7873ba3eaf965","","",""
"KMX__KMX_CARMAX_INC_2023__human_capital__0010__chunk_0001","ae0d1569ced505976aa25de05a93bc0aa3197346f19cd6e07dc0f8dd93665438","","",""
"KMX__KMX_CARMAX_INC_2023__water__0001__chunk_0001","f6af94b21f487460df8380f8241cd283a96cf91606f9edea827bc52143c1f823","","",""
"KMX__KMX_CARMAX_INC_2023__water__0001__chunk_0002","67f2628d384c407b32ee0835bc269a59294d6f3044367c2ade3b078e9c51698c","","",""
"KMX__KMX_CARMAX_INC_2024__appendix__0005__chunk_0003","190d9ac1d6a985792ad5ce26985cb8656dcd4437786b402ef9b133b68e91f451","","",""
"KMX__KMX_CARMAX_INC_2024__ceo_letter__0001__chunk_0000","798243efa885def391451354e00238b870646a4d33a96f5783ccf6b9ff1d5ec2","","",""
"KMX__KMX_CARMAX_INC_2024__climate__0001__chunk_0000","171c86861158f4811a9b132bb74c1f2b28ed8ea1eafddee3e17d98a926ee4117","","",""
"KMX__KMX_CARMAX_INC_2024__diversity_equity_inclusion__0003__chunk_0000","d64bfed40fb8f9ce56d6bb8e596b7333e6ce01e7870e2de175add256b26003e1","","",""
"KMX__KMX_CARMAX_INC_2024__environmental__0003__chunk_0000","0881acd2ef92613af6288a909c17177a8175caaa879b883cd7a9b7f5e0b0db28","","",""
"KMX__KMX_CARMAX_INC_2024__governance__0001__chunk_0000","294d994bc01bfd91c3781f0c7c315660d8777a0090aa53ca14571555e019cd6a","","",""
"KMX__KMX_CARMAX_INC_2024__governance__0003__chunk_0000","d30bf50c0bf981c4b5f3d5f65480633b54d9a6b155dc40b503dc703e0e7bca99","","",""
"KMX__KMX_CARMAX_INC_2024__governance__0005__chunk_0000","d3bf056d3b404a8eabb1968c2f1812360453981ce925e007460c9daa1c9e9101","","",""
"KMX__KMX_CARMAX_INC_2024__human_capital__0001__chunk_0000","eb167dc8a753b41bd857385dcfc20f89c64f29be9d24619b8043cf839218a042","","",""
"KMX__KMX_CARMAX_INC_2024__human_capital__0006__chunk_0001","b1d8792bb26cfde65f8acc5768362f820b6425b8babb371bf8a06c9d69aeb9c8","","",""
"KMX__KMX_CARMAX_INC_2024__human_capital__0006__chunk_0005","87a50bdcdac4f13fb04bd433b1ba840d758acafab8236c2487fc2841634fb804","","",""
"KMX__KMX_CARMAX_INC_2024__social__0002__chunk_0000","b1c4d07321848b331cce308d5ad4fef114c29b989235728a51706d9a0ecb565c","","",""
"KR__KR_KROGER_CO_2023__about_this_report__0003__chunk_0004","448add6218c6ed61d21c2a94ac3a30eeb862698c3f63c31dafb6bfce1d8d5a52","","",""
"KR__KR_KROGER_CO_2023__about_this_report__0004__chunk_0000","f2cf76517e3fda7b814fc8dc07286677971e9f8f0de2c6268713e566182d0df2","","",""
"KR__KR_KROGER_CO_2023__climate__0002__chunk_0000","89883307ea5afae2d7440d4b4335ea389b291e2417fb656c2ce0f7fc0a50ab77","","",""
"KR__KR_KROGER_CO_2023__community__0001__chunk_0000","42a7648df7891b92db470881aa73bd1bffd98617d596311715036d1853c2d0a0","","",""
"KR__KR_KROGER_CO_2023__diversity_equity_inclusion__0001__chunk_0001","32eb8f7b45b3128ceebe9d7639c0b89dae7e72ffb8391310d6acc63347d1a315","","",""
"KR__KR_KROGER_CO_2023__diversity_equity_inclusion__0004__chunk_0000","112ff7dedfd6c0007262ba2b3f2ecda9bdc60277b19a80dcccfa8b4a23f9378d","","",""
"KR__KR_KROGER_CO_2023__ethics_compliance__0004__chunk_0001","ad2877da10bd7351a25a72817f46112dded9859cb0c73af4bb9dedfaebb8fef0","","",""
"KR__KR_KROGER_CO_2023__governance__0003__chunk_0000","c3048c1c66bbccabd28406316ab586cffa0171ca558fb700b3301348380f3680","","",""
"KR__KR_KROGER_CO_2023__governance__0004__chunk_0000","f6328fc4c54c24ab1bbf867321412ac5991d75f3f2b0ebb15fdc6dded459c515","","",""
"KR__KR_KROGER_CO_2023__other__0001__chunk_0000","d68d8a61793e9520464f0dcaca3f99968ef509f9191eedf8e84a0683d9a6dfcd","","",""
"KR__KR_KROGER_CO_2023__social__0001__chunk_0002","d2cb6e05426dc3d283697ba7ad21aafa99ae2be33f2531079d185f7f3785e586","","",""
"KR__KR_KROGER_CO_2023__social__0001__chunk_0003","2498b56be4c4ae3ff474e4c2b3a32f894fb23504f96722d6a3e5760cb11af7a6","","",""
"KR__KR_KROGER_CO_2023__social__0001__chunk_0004","9d4ebeaa2248624892ab9566d576daa0149f0ce2bbf3e816ef7aea277d68a604","","",""
"KR__KR_KROGER_CO_2023__waste__0003__chunk_0000","4ed1d70b5f3ecb54bdb1dac9f29764cb6f30d52f9b52af9fc0d9e7ab895ce890","","",""
"KR__KR_KROGER_CO_2023__water__0003__chunk_0000","d51ef863d8692401b7a1228ec2ef10bbd40c91eaf48a0797586525f7ba10ca92","","",""
"KR__KR_KROGER_CO_2024__about_this_report__0004__chunk_0000","16ed57756bac545a42d9ee2add3c984ea6992f0062cf00f8caae06f28b95f56c","","",""
"KR__KR_KROGER_CO_2024__climate__0001__chunk_0000","2b7c1e349a77d9b90afcf28bf30c168e20474237d22f2334b4b1e5bc09fe8410","","",""
"KR__KR_KROGER_CO_2024__climate__0003__chunk_0000","2caf42b36bf6da5381f9dd8108cda566c080f74291236883082234c9847ab84d","","",""
"KR__KR_KROGER_CO_2024__emissions__0003__chunk_0000","59db7a2446bc57bee866a153013bf71e06e6ce7fa6537d2dfe4b5baf2043a15a","","",""
"KR__KR_KROGER_CO_2024__emissions__0003__chunk_0001","a20d16e044915cc9b577a5f70af101cec32ba19ad42216d4f5c931796766e393","","",""
"KR__KR_KROGER_CO_2024__energy__0001__chunk_0000","2432a6a9f0d751079c7cf9473d67965f25f243513f754325212c33bceed5ca51","","",""
"KR__KR_KROGER_CO_2024__ethics_compliance__0003__chunk_0000","23e380dbe1de7519b77ed3662f19ff876ffd382ebce4861c5a83db4a6f25b429","","",""
"KR__KR_KROGER_CO_2024__ethics_compliance__0004__chunk_0001","36324259c0fd5a70392212a0ad18b357a12ff231f341621070f194e6a575d4c7","","",""
"KR__KR_KROGER_CO_2024__social__0002__chunk_0000","eac1a8267e88765f424f648fa8dfca5edea7c493d9a81fc8de285488354b155f","","",""
"KR__KR_KROGER_CO_2024__social__0003__chunk_0004","b8ffbabe4e5bcfb6a0823b1970d1d6ffbe1aa85d3595ae178f5fddd7e0190e7f","","",""
"KR__KR_KROGER_CO_2024__social__0003__chunk_0005","55a3ea78a7c72ba806268626b518a9137a82813bc6295dacdce62175850f91b9","","",""
"KR__KR_KROGER_CO_2024__waste__0001__chunk_0000","5b1741076e9bef2f4378042e12cf1b72a28499d2d9ba801c6a685a2e83f238bc","","",""
"KR__KR_KROGER_CO_2024__waste__0002__chunk_0000","d1df89ebe171ab134ec3c36cf240f3f814e9046603c99b24f015b2785af80a12","","",""
"KR__KR_KROGER_CO_2024__waste__0003__chunk_0000","34c4f99c5e1c89e200d1337ec11df810e0a5a212057103b03f7f331680e9b554","","",""
"KR__KR_KROGER_CO_2024__water__0002__chunk_0000","0b9e65a1a886e7577e71d0ac2e6115b5d1466798c0ea2dd3cd910c09e4fc9c0b","","",""
"KSS__KSS_KOHL_S_2023__appendix__0001__chunk_0000","a0ddcd21512369699f38b19d90465d82dd50b9acc4f9d92bfb6f9acd80fdc4d0","","",""
"KSS__KSS_KOHL_S_2023__climate__0003__chunk_0000","670c8187be95df38e02c73fca480abd2ac181cc411645da60ee0bdcdfc44f9de","","",""
"KSS__KSS_KOHL_S_2023__climate__0004__chunk_0000","e3cd6e091b0f4407d3fbdaadeb5719b7beeb0b34eb22c6c314c42afc70f4e15a","","",""
"KSS__KSS_KOHL_S_2023__climate__0006__chunk_0001","410d1fe5c98153badfc9e28e309bd1ae940ade8a6d17bc900903da3893ad7a8a","","",""
"KSS__KSS_KOHL_S_2023__community__0001__chunk_0001","bbab519f01114e1dd4a9da61d037c2d35ebbb36788b6749be9abbffb7e269319","","",""
"KSS__KSS_KOHL_S_2023__diversity_equity_inclusion__0002__chunk_0000","1ac08fe47499e4e69d4f9de0fb8a1b52c74ca23d8d9b0343a1b943ccc0d44641","","",""
"KSS__KSS_KOHL_S_2023__energy__0001__chunk_0000","311a87cc142ea7eb8cf26c24e1cc8f35b09bef92c8527022933807704a3cfa04","","",""
"KSS__KSS_KOHL_S_2023__environmental__0002__chunk_0000","f3ba2c768fdbb36cd3af3c5b17849d107f9da8cf91a4f789aa27472bf8fdfb78","","",""
"KSS__KSS_KOHL_S_2023__environmental__0005__chunk_0002","91e64646e8c1c270ae5028898a3cc5862fa02dc05a4739e1792b24b7cd3dd732","","",""
"KSS__KSS_KOHL_S_2023__ethics_compliance__0001__chunk_0001","dcc9618d2e7a2e64aea3633121e1f6b9f4c7dd935eedec5a15e820d8ce316968","","",""
"KSS__KSS_KOHL_S_2023__ethics_compliance__0002__chunk_0001","e55bd590254546bedaeced4a1aa3916640ea1801b637b17d234642f58cedc2e4","","",""
"KSS__KSS_KOHL_S_2023__governance__0001__chunk_0002","0b790eca7828b998ef569293bffa1f1d83013c02ff371ace82e146325307a651","","",""
"KSS__KSS_KOHL_S_2023__governance__0002__chunk_0000","38864fc7d3e3719171ed1794df185f9811e0196d9758cd7fe1eb3ffaf59d2aee","","",""
"KSS__KSS_KOHL_S_2023__waste__0002__chunk_0000","cc4a646b8c252dc4d168f65ea58af823cf328c82ed5b2573eac45bc9205efaea","","",""
"KSS__KSS_KOHL_S_2023__waste__0003__chunk_0000","fddcdfdc26f4efd4c355d6d35bdcf1bc6f68a88ab20323e1afab17ab04546152","","",""
"KSS__KSS_KOHL_S_2024__about_this_report__0001__chunk_0000","3b6d33484757a551eb0b76c719045b2d3f002670d5de16781a5d285d62b23c34","","",""
"KSS__KSS_KOHL_S_2024__appendix__0001__chunk_0000","516f0df38739e222c1da8646281573bde13134bc678f5e4a9dd70448edd78aba","","",""
"KSS__KSS_KOHL_S_2024__climate__0002__chunk_0000","5d7a16d3d346f14d49ef7be52d388a93f3fead7c693fd89a1a67e988eeb7fb92","","",""
"KSS__KSS_KOHL_S_2024__environmental__0004__chunk_0000","23fe43a509e2cee3ae7451acfc2d37f7a4c169c927a9cb3f42c9631367d7c06f","","",""
"KSS__KSS_KOHL_S_2024__ethics_compliance__0004__chunk_0002","a49728dbd900dea7d8d93ce339521ed2154c337fc55a02a0d9e07fffbe5c3952","","",""
"KSS__KSS_KOHL_S_2024__ethics_compliance__0004__chunk_0003","22049ed07a5986bb22c7ebb2e46362467c6ef70eff9336a7569071d7ce981754","","",""
"KSS__KSS_KOHL_S_2024__human_capital__0001__chunk_0000","e21a63d5c87429a8c6de813074f560dbc154e790d2a55ed6e6ec7ca94e88d701","","",""
"KSS__KSS_KOHL_S_2024__human_capital__0003__chunk_0000","d2338d1ffea3a3e6d07024d5f11c60755843621ed3559693668be84fe516b8f6","","",""
"KSS__KSS_KOHL_S_2024__supply_chain_ethics__0001__chunk_0001","2fa473afd44748f0f84ca6edeed02c5b4e858a8c9d3b95f5885246e8df7f1528","","",""
"KSS__KSS_KOHL_S_2024__supply_chain_ethics__0004__chunk_0001","6ff2cd6a286c4ef19fa145c1fb18b3bc83342b378387770cdfe7176041c84049","","",""
"KSS__KSS_KOHL_S_2024__supply_chain_ethics__0006__chunk_0000","6e81674ca853850eb980c315d69450df645665898bfed05b816efd308d60a308","","",""
"KSS__KSS_KOHL_S_2024__supply_chain_ethics__0007__chunk_0001","2a5bfc4ed93cf30792719be38ba777c28cf00518b5292623558cc847e4904139","","",""
"KTB__KTB_KONTOOR_BRANDS_INC_2023__energy__0001__chunk_0000","3869371db93dd0ea5b5bdae6e5f127ad2a5ba104ba0583d679fdb960cd7e6396","","",""
"KTB__KTB_KONTOOR_BRANDS_INC_2023__environmental__0003__chunk_0000","4b18c059bd3d87be20154653587da285828d2eb4f1208489d9aba11e2e45eec3","","",""
"KTB__KTB_KONTOOR_BRANDS_INC_2023__environmental__0003__chunk_0001","ba739c5d6df5b49d549d54a88511d5087dc29dae6d021baf0870ae5dc5d452bc","","",""
"KTB__KTB_KONTOOR_BRANDS_INC_2023__ethics_compliance__0001__chunk_0000","23fc4dd9d4555db178bd12987e3b7433fa9a14740f169ef72d7d3e63b7a3a989","","",""
"KTB__KTB_KONTOOR_BRANDS_INC_2023__ethics_compliance__0002__chunk_0000","38c5c03865e31d932fd3c79e24a90f11158be0999e252e243e0ac51151a5aa83","","",""
"KTB__KTB_KONTOOR_BRANDS_INC_2023__ethics_compliance__0003__chunk_0001","2b2c8571f09409412542c58df9b79bc10fbb372c132cebfd197099ba858e9134","","",""
"KTB__KTB_KONTOOR_BRANDS_INC_2023__human_capital__0001__chunk_0000","195c2fef239cd823b8a3bdffb90b048419ba162875bd7f0d2d3848c1c1bbfed9","","",""
"KTB__KTB_KONTOOR_BRANDS_INC_2023__other__0001__chunk_0000","ee65d4836ae3f9de207676ad7046b6cd021d4221a0a1597ee49f18e95071f8a9","","",""
"KTB__KTB_KONTOOR_BRANDS_INC_2023__supply_chain_ethics__0001__chunk_0001","5c86431783e5e667835a50ad439a5607d93915f2b267ce8a087fccf5fd6e9735","","",""
"KTB__KTB_KONTOOR_BRANDS_INC_2023__supply_chain_ethics__0002__chunk_0000","3840e804ec1ef66ccd361378a00c7a7d571b2fbac7e04d6f140e6f6cfad111a6","","",""
"KTB__KTB_KONTOOR_BRANDS_INC_2024__climate__0001__chunk_0000","001032e72fc5ddac90753a6c296e0f0a161ddec2d633a6743dd966a2fe1e4a78","","",""
"KTB__KTB_KONTOOR_BRANDS_INC_2024__environmental__0003__chunk_0000","fc4d227c8a664d0f35964ecd8e0db62529b32c4a44075b0d0de35cfc12ab3c46","","",""
"KTB__KTB_KONTOOR_BRANDS_INC_2024__environmental__0009__chunk_0000","e06323a54614740949ea97f135bc0471f9f938cdb80488c03a4b06dcfd90018b","","",""
"KTB__KTB_KONTOOR_BRANDS_INC_2024__ethics_compliance__0001__chunk_0000","7cc3b40476aeededa7798d0d4f2ff508e25726447859c5c6c3395701d08320da","","",""
"KTB__KTB_KONTOOR_BRANDS_INC_2024__human_capital__0003__chunk_0000","28d385fff2c1340d905c750e9b3b373c91c0c87312a864ab1f51f9be9c524e94","","",""
"KTB__KTB_KONTOOR_BRANDS_INC_2024__human_capital__0007__chunk_0002","5aead67521dee41ed93aaab7a9513b9bdd3ed26033095fcacef360384e4d9212","","",""
"KTB__KTB_KONTOOR_BRANDS_INC_2024__human_capital__0007__chunk_0003","473d708d84ee29b5fe053f19807a20584c6d6ae54138d7772b34faff33fd3a9c","","",""
"KTB__KTB_KONTOOR_BRANDS_INC_2024__supply_chain_ethics__0008__chunk_0000","9bfa1262006f4cf377a9869bc7ad5621323e4064ca7a1fc4da43d9d6ed5341e7","","",""
"KTB__KTB_KONTOOR_BRANDS_INC_2024__supply_chain_ethics__0013__chunk_0000","aa8def6504cf23ac1798a1b726e5f79076368cb14855b7871de0b3dffa344e3c","","",""
"KTB__KTB_KONTOOR_BRANDS_INC_2024__water__0001__chunk_0002","b42f85549f15b7aaed59474231bc013add5aaf8c268ad2f4a643144e71cbd25d","","",""
"LAD__LAD_LITHIA_MOTORS_INC_CL_A_2023__environmental__0002__chunk_0000","e0e41c8dfcd5219a9f54a070764997776871ad4feb7fb22f41dfd69c986669c9","","",""
"LAD__LAD_LITHIA_MOTORS_INC_CL_A_2023__human_capital__0002__chunk_0000","9ce10c9327983ad11a04e0f7c4550a420e7d93cdae9423f06ae6c7fbadcf2e7f","","",""
"LAD__LAD_LITHIA_MOTORS_INC_CL_A_2024__community__0001__chunk_0002","b0d84ace9d03c1771c5562519bc32ded9f63553fef702e7d0ff2ff6b102f31a9","","",""
"LAD__LAD_LITHIA_MOTORS_INC_CL_A_2024__community__0002__chunk_0001","50bb5ab0f7209d71f327d48723524d225fb79bc2fbae0be6f808691d19c3ef71","","",""
"LAD__LAD_LITHIA_MOTORS_INC_CL_A_2024__diversity_equity_inclusion__0002__chunk_0000","b05b2fac310382a24ae79eef33d658f75e61b3957156ed26f46690b77a86120a","","",""
"LAD__LAD_LITHIA_MOTORS_INC_CL_A_2024__diversity_equity_inclusion__0003__chunk_0000","3783abf1d70362579f9cb95e679a71e46a43ece559ca6f8d81d1e2fa2c125cb4","","",""
"LAD__LAD_LITHIA_MOTORS_INC_CL_A_2024__energy__0001__chunk_0003","8c2cbc0257da54dae1e2cca3c5586583e70b290d02dfcdc03ee9428fb6a23ed5","","",""
"LAD__LAD_LITHIA_MOTORS_INC_CL_A_2024__environmental__0001__chunk_0001","f2026cc381f0b3fc9974b659ea8ba910739fae1990f769ef281ce5b00e883860","","",""
"LAD__LAD_LITHIA_MOTORS_INC_CL_A_2024__environmental__0001__chunk_0003","09175c0110207c0b20f6ada8d4d414f38162d8a26baae669468bcf6c1b95ed8c","","",""
"LAD__LAD_LITHIA_MOTORS_INC_CL_A_2024__human_capital__0002__chunk_0000","89671b9da55710549cb2f3d34020116c8adc3abd69805ed3d73a969b0922b6fe","","",""
"LEG__LEG_LEGGETT_PLATT_INC_2023__appendix__0001__chunk_0001","8ff5f0fcc436a6b46201539c44a467551c2f8a4da3dbc7b6b180e7bc5707f115","","",""
"LEG__LEG_LEGGETT_PLATT_INC_2023__community__0003__chunk_0000","7516bee4e1a20bd1cae26b0b39f8b6668e9b051e0ee53d4aeb91dab9705ba28a","","",""
"LEG__LEG_LEGGETT_PLATT_INC_2023__diversity_equity_inclusion__0001__chunk_0000","de33ec4195caa5004fdf0e60b82f63bcaba918f58c2bb7d103b4132e70df1dcd","","",""
"LEG__LEG_LEGGETT_PLATT_INC_2023__diversity_equity_inclusion__0004__chunk_0000","dc5355cb3e35d29dd45e349b64b4c43d124f73be015149f394e1e4668d0abe30","","",""
"LEG__LEG_LEGGETT_PLATT_INC_2023__ethics_compliance__0003__chunk_0000","df9120bd8c54678f087c829b7f6f69b68f689ba22ec683fb638901cfff3f548c","","",""
"LEG__LEG_LEGGETT_PLATT_INC_2023__ethics_compliance__0004__chunk_0002","9318306ee1989f5bd68ea9df54a68c75e61e20ddcbb21b9e53efbdfb6736aa46","","",""
"LEG__LEG_LEGGETT_PLATT_INC_2023__governance__0003__chunk_0000","92489a66989d77e3a21399efbff102734da7f5e36dcd070f0699bfe2da44135a","","",""
"LEG__LEG_LEGGETT_PLATT_INC_2023__human_capital__0001__chunk_0001","c86180217d1981ba7a26f294cb64bce5bedec4deb6355b131eb9c1c56b8d418c","","",""
"LEG__LEG_LEGGETT_PLATT_INC_2023__human_capital__0004__chunk_0000","699153dde2aabe329dd3b454c36d765df8bf6620da7fd2c38228de6832c2f9d4","","",""
"LEG__LEG_LEGGETT_PLATT_INC_2023__human_capital__0007__chunk_0001","275992022a1d69b1a439e4723225a02ec7dec93ddf1903291b9182df082f1f1b","","",""
"LEG__LEG_LEGGETT_PLATT_INC_2023__supply_chain_ethics__0001__chunk_0001","5a6d547ae384966c79bfacbad298350d9c31cad7a3307da6aa70e51dda2021c0","","",""
"LEG__LEG_LEGGETT_PLATT_INC_2023__supply_chain_ethics__0001__chunk_0002","e50dacc975662ec44640e0500b3f01dfa46f7429df309c62b71980e75f4a5b4a","","",""
"LEG__LEG_LEGGETT_PLATT_INC_2023__supply_chain_ethics__0002__chunk_0000","d1014a2e6b03f81b952e9cb16ca2f2415e26e0937b762e5d99ecb161e046b488","","",""
"LEG__LEG_LEGGETT_PLATT_INC_2023__supply_chain_ethics__0002__chunk_0001","6dda94fed8e979944d9c4f3e75f99de9cb69a72583da0488821451b76dfbe299","","",""
"LEG__LEG_LEGGETT_PLATT_INC_2023__waste__0001__chunk_0001","f96f18d97010c5040c24c5a0fe84a48198793066a1c5a46db44567cb13dd8e9a","","",""
"LEG__LEG_LEGGETT_PLATT_INC_2024__climate__0002__chunk_0000","82dc9e1b2073b166da97f13c34ec35d2ebf73a732730d7fed60e8b1ecd798388","","",""
"LEG__LEG_LEGGETT_PLATT_INC_2024__climate__0002__chunk_0001","f80be1fdfdd230b3443e7fdfe08eb50f4ff83fd65eb5f303d60f811799c33fa7","","",""
"LEG__LEG_LEGGETT_PLATT_INC_2024__climate__0002__chunk_0003","6bfa57cbdea2850fbec0a7f63f79c343e5cd0efd3f7f3d220cf33286d85e5eec","","",""
"LEG__LEG_LEGGETT_PLATT_INC_2024__climate__0002__chunk_0005","70d4a59b274af7fe93f77894764b3fd3016512b0474c611ac19e60ad9b3338f7","","",""
"LEG__LEG_LEGGETT_PLATT_INC_2024__community__0001__chunk_0000","69870e188efce69eb0eaac1873d4b496378c97362454df79a11d4e5b49d80596","","",""
"LEG__LEG_LEGGETT_PLATT_INC_2024__data_summary__0001__chunk_0000","30dfab1f6c3475441fb91b29647a40266f97fbdfb4a7fb1efb91fe926c4076b0","","",""
"LEG__LEG_LEGGETT_PLATT_INC_2024__diversity_equity_inclusion__0001__chunk_0002","6a33b9c3b42dbd48b755cc54e33ee586bf80f1c8390ca138f05ac07e9a562727","","",""
"LEG__LEG_LEGGETT_PLATT_INC_2024__energy__0002__chunk_0001","d81ccb580a97a8045684e3735bcde4ad9636bf854d0ab51c7b97c0d4cfecc4be","","",""
"LEG__LEG_LEGGETT_PLATT_INC_2024__environmental__0001__chunk_0000","bb475784335beec2d3d797cd21bb63a87a6fd3e1d1f51c4183eb14738f98c4f2","","",""
"LEG__LEG_LEGGETT_PLATT_INC_2024__environmental__0004__chunk_0000","a9ce709de3e4775379a2bae4be7084ed3950ac81d3627708ab468d5c03e8942b","","",""
"LEG__LEG_LEGGETT_PLATT_INC_2024__ethics_compliance__0001__chunk_0000","8b698eeb0ad72b84bb1a05146155ab399ff11a89e480e6274e6826f3bbcbf811","","",""
"LEG__LEG_LEGGETT_PLATT_INC_2024__governance__0001__chunk_0000","fc6cfd1d1d9c3806ea1ebe51aea5ca45fcd8383c0dfbe9c26418e21cb4fda7e9","","",""
"LEG__LEG_LEGGETT_PLATT_INC_2024__human_capital__0001__chunk_0000","b4d05e329aef238642902ee9a3cf944a930b9e9548faa7cf794761daaacb7a2d","","",""
"LEG__LEG_LEGGETT_PLATT_INC_2024__human_capital__0001__chunk_0001","22f4d8ffce752bab31dc0f78401f5572418e47ae1caadc9a095ca72d71b1e96d","","",""
"LEG__LEG_LEGGETT_PLATT_INC_2024__supply_chain_ethics__0001__chunk_0000","af16e19ef23818750fe7cdafa2c28918f73154b907d0e86fd4738b2e3c7ba104","","",""
"LESL__LESL_LESLIE_S_INC_2023__data_summary__0001__chunk_0002","9f66a79fc97f9e5be3978efd165946e825bb8b9b5fa3b319d253c8d507ac7c4e","","",""
"LESL__LESL_LESLIE_S_INC_2023__ethics_compliance__0002__chunk_0000","5b2fd139646b459374c68d23dd368ec28715d6148b9573ec9de053face88cc96","","",""
"LESL__LESL_LESLIE_S_INC_2023__governance__0003__chunk_0001","9f475c2e367c2a7c22cf029ee4fa78aabf26d2608083f8f92144f893e2b353c5","","",""
"LESL__LESL_LESLIE_S_INC_2023__human_capital__0004__chunk_0000","66d668feb9f3307b19fcfc6cb6db46fce248d9bb79445ce976b785b921970a72","","",""
"LESL__LESL_LESLIE_S_INC_2024__data_summary__0001__chunk_0002","2f555a9bafd03fae9538d2b9f97f0b86985d19fc317b58fa52991c00963c82fa","","",""
"LESL__LESL_LESLIE_S_INC_2024__ethics_compliance__0001__chunk_0001","5c29a34e63a3c66ca24e0e27e906337b608e91a6df2b9ef9bbd8859437afbf91","","",""
"LESL__LESL_LESLIE_S_INC_2024__governance__0002__chunk_0001","6269c6516b6ec88a871605e0b6b51b7071776779c9c72ccafb5977346efdbde2","","",""
"LESL__LESL_LESLIE_S_INC_2024__human_capital__0002__chunk_0000","6b76ecea8449058d1e094d89bffd408a16648df2fd030700b997e48aea22404e","","",""
"LESL__LESL_LESLIE_S_INC_2024__supply_chain_ethics__0001__chunk_0000","0f021878be8b38ce5036f7e1717df4d3dcd46871ad1e47d163184624d87d2750","","",""
"LE__LE_Lands_End_2024__about_this_report__0003__chunk_0002","2c7226ecd902a07fec6bec44e0893d42dd065100a517b5cb7819cfa1d931b11e","","",""
"LE__LE_Lands_End_2024__climate__0001__chunk_0000","9337e033f44fdaaa8540317b4466a8f02fd3e59f9b6dd82c59f29dd47c3de77e","","",""
"LE__LE_Lands_End_2024__data_summary__0002__chunk_0000","b4612fc99c5daca7b770f6799d3d694618f69b0716cc60d5fe5e40c2bfa2534b","","",""
"LE__LE_Lands_End_2024__emissions__0003__chunk_0000","9a74f15e1bf2828060a67d1fe6d872deef61cb584ff171c3faa217a589bb84a6","","",""
"LE__LE_Lands_End_2024__environmental__0004__chunk_0000","98a77c7df905d2a979f7a939a8c7fa9a9703acde780a66f750073c664131967a","","",""
"LE__LE_Lands_End_2024__environmental__0006__chunk_0000","9b2078ccece66bdc5c8e76415ecd94da3f52ad51d0965b75f32c3a9ee50c3d0f","","",""
"LE__LE_Lands_End_2024__ethics_compliance__0001__chunk_0000","996f9b697888acaa51724b71b0c0189b7c5f99c15bdcbf61bfbd0bbf2bd30322","","",""
"LE__LE_Lands_End_2024__ethics_compliance__0002__chunk_0000","93791e71327325fd8deae1359b18ebc37b9481624d4d7cc3dbcaed1a8ef10ea9","","",""
"LE__LE_Lands_End_2024__human_capital__0002__chunk_0003","000139ede1d9750756d9b742ffd8718280aef3645ea3049243da167c6e87f0ab","","",""
"LE__LE_Lands_End_2024__human_capital__0003__chunk_0000","8b6876ee7913ca442c081550dbce4b66fe2ca58e0cd650ca69522fd20e461d4d","","",""
"LE__LE_Lands_End_2024__human_capital__0004__chunk_0000","bf87bc8452e7bc2cb64e2d58af0f9a7920059f5dcac7161631f8a6b2c5235a60","","",""
"LE__LE_Lands_End_2024__supply_chain_ethics__0001__chunk_0000","d9443f78933c4b60a7f0a55b58b57a07449e7608fe6b8a431c5854f128e66a71","","",""
"LE__LE_Lands_End_2024__supply_chain_ethics__0005__chunk_0001","79fda84ab811992d6956c718c7f8d1b1f55c3bb1ac75fb1006f48cbc82b6a76b","","",""
"LE__LE_Lands_End_2024__supply_chain_ethics__0007__chunk_0001","fba596535b58494bdf131aad029ab9a9231f8633453dd0b35126732d12256cc5","","",""
"LE__LE_Lands_End_2024__water__0001__chunk_0000","4a011af69294dbabee268034dec5252e9c302366c55bcea415a7030c4507c8d7","","",""
"LOVE__LOVE_LOVESAC_CO_THE_2023__about_this_report__0001__chunk_0001","324230f59eee280834abb4f60918d91eeeeb25b4509d079a7dbe8a5ceadcab56","","",""
"LOVE__LOVE_LOVESAC_CO_THE_2023__emissions__0006__chunk_0002","3259ae1aa445af0902ef2889bb0926c6e751d4c8de6f096624ca91a60cafa48e","","",""
"LOVE__LOVE_LOVESAC_CO_THE_2023__emissions__0006__chunk_0003","7b6a5ae2b2ba90bf8600c9aa4fae46bac0caecf00833ee7bc1071e258e051c48","","",""
"LOVE__LOVE_LOVESAC_CO_THE_2023__ethics_compliance__0004__chunk_0000","69a4d819ed1ea0616b8a2a44e1c7d5db8af03efe97c4e3d3fff8a65e8334f31f","","",""
"LOVE__LOVE_LOVESAC_CO_THE_2023__governance__0001__chunk_0002","16824189d986b32bc1d960ffc5857ca69c44a8f5011ad465473eaab9c52c0ae0","","",""
"LOVE__LOVE_LOVESAC_CO_THE_2023__human_capital__0001__chunk_0000","c932631f02a7eebfb018b934365d89c3010ae07db42af9b3fbd689b2fe225165","","",""
"LOVE__LOVE_LOVESAC_CO_THE_2023__human_capital__0001__chunk_0001","0e9833e32d30305f936fed9e0dcc803f718740c291eb9e78559e1c68868dc385","","",""
"LOVE__LOVE_LOVESAC_CO_THE_2023__human_capital__0004__chunk_0001","7e671653d868506652a221d5ce364de231396227a1a6a786bb56055a8d3e68d9","","",""
"LOVE__LOVE_LOVESAC_CO_THE_2023__human_capital__0005__chunk_0000","2ff01acb9a580e4b7c8b60879acb2a9a686f1879c492218a13d8ead9dc6ef1b0","","",""
"LOVE__LOVE_LOVESAC_CO_THE_2023__human_capital__0005__chunk_0001","1412cf28854822cddeb63bf4d065ff2c97f1c5a1f20afda7ad1116c4d97c9912","","",""
"LOVE__LOVE_LOVESAC_CO_THE_2023__supply_chain_ethics__0001__chunk_0000","a7b15cc4b0f8eedbcde1dc8a8ede72470e9fcba90628a2d08bd7ed5dd0b47cd0","","",""
"LOVE__LOVE_LOVESAC_CO_THE_2023__supply_chain_ethics__0004__chunk_0000","a4f148f17739ae31939a251b491dce219434d34b6cb4cbdc443688e417aa3c35","","",""
"LOVE__LOVE_LOVESAC_CO_THE_2023__supply_chain_ethics__0004__chunk_0001","8e4982d4c40f93cb79369c55f1753916d5f3f772e68bf8402910fe80a97f2470","","",""
"LOVE__LOVE_LOVESAC_CO_THE_2023__waste__0005__chunk_0000","4d5e644adb6ac2f46fd62b1c02c966a4fe579b1979445b9f4e32719fa46ee89c","","",""
"LOVE__LOVE_LOVESAC_CO_THE_2023__water__0001__chunk_0000","41790e120bacaa876eb4a5d6fa82637d54ef97c16a149cccc3e4ee7754f9c8a1","","",""
"LOVE__LOVE_LOVESAC_CO_THE_2024__emissions__0011__chunk_0000","f7c9182cd673bef71015a63a0d9a88f0b58a68338a31e1a8a05703d2b6d180f8","","",""
"LOVE__LOVE_LOVESAC_CO_THE_2024__emissions__0011__chunk_0003","dfcc668df820b2a47e6a657bf6d621ab50eb6d9a727632a6edf40ef06cdba28a","","",""
"LOVE__LOVE_LOVESAC_CO_THE_2024__environmental__0001__chunk_0001","565a193fa4292e757889f3424f8326b5640ab9a33400e327def696655359e80f","","",""
"LOVE__LOVE_LOVESAC_CO_THE_2024__human_capital__0001__chunk_0000","9f3a2b5beed70c3ce3aeb4a650faecd091aa06e89f73a64cb71d963bd98c53d6","","",""
"LOVE__LOVE_LOVESAC_CO_THE_2024__human_capital__0002__chunk_0000","3979e595614bd6587a64d16253f353c2a54e104285c2935344e23abadd2ae2f4","","",""
"LOVE__LOVE_LOVESAC_CO_THE_2024__human_capital__0004__chunk_0004","d99461350fa34129b0532ffe98fd32e3ef62010fb564e136d63f5aab5a0d7a4a","","",""
"LOVE__LOVE_LOVESAC_CO_THE_2024__human_capital__0005__chunk_0000","2ee483ea1c5ac5eb27e6f43cba8a485502c3792ab80b2a14d3b7cb723dff9320","","",""
"LOVE__LOVE_LOVESAC_CO_THE_2024__human_capital__0006__chunk_0000","a27295993e2b7d98a2b541a7113bab5c994a2527bccd5e463960c57138081330","","",""
"LOVE__LOVE_LOVESAC_CO_THE_2024__supply_chain_ethics__0002__chunk_0000","509221dfa0214d9104274c24325e16966b21acf6c3134124f63a5da765cba7bc","","",""
"LOVE__LOVE_LOVESAC_CO_THE_2024__supply_chain_ethics__0004__chunk_0000","9b115321a882e418dfb38386d9f123e1cee194cd069d35aaf9348afc805f671f","","",""
"LOVE__LOVE_LOVESAC_CO_THE_2024__supply_chain_ethics__0005__chunk_0000","a7a6d7a22f8de1db49c594d0710746560f5ad1dbbe1baa730dfd08c72f784919","","",""
"LOVE__LOVE_LOVESAC_CO_THE_2024__waste__0003__chunk_0002","fcd6fc99e8c397394cbc4055e5502eb42ef515a0a28c2a51bbc87dbf65c64faf","","",""
"LOVE__LOVE_LOVESAC_CO_THE_2024__water__0001__chunk_0001","71c52019953fb81e88943ad25dc1a170adfa7a898098d108296fe0c70b602388","","",""
"LOW__LOW_LOWE_S_COS_INC_2023__about_this_report__0004__chunk_0000","f47bab258bf5a3c174e3f39070d883f71714d220d0c920aa3e035f31b4af04d8","","",""
"LOW__LOW_LOWE_S_COS_INC_2023__community__0003__chunk_0002","4e8049165660971f9fbfb8b15e6b75963c2bbb21685f6c8323cd4a6443bc717b","","",""
"LOW__LOW_LOWE_S_COS_INC_2023__emissions__0005__chunk_0000","12971af22f45ba6bcc7bfc5d6de57ea261801cdfa86063ec57d017c0e262d7fb","","",""
"LOW__LOW_LOWE_S_COS_INC_2023__ethics_compliance__0006__chunk_0000","ab21989d196b7b3b5fb3ee286f944e17bf66289f98adb4950d2f1b29d4377df1","","",""
"LOW__LOW_LOWE_S_COS_INC_2023__ethics_compliance__0007__chunk_0005","70e12fdab22d17072a6d6670132033274242bf0b8c7c47b682515afaf4bb9d21","","",""
"LOW__LOW_LOWE_S_COS_INC_2023__governance__0002__chunk_0000","456e5551926bd150873db74e603cf2fb1b65d43bb130c5d5d071aa6f5a553c13","","",""
"LOW__LOW_LOWE_S_COS_INC_2023__governance__0005__chunk_0000","a59a44f0dfb820e09a6f07a35038a10e3534fdc51c776ec4001d76e171bc7a8a","","",""
"LOW__LOW_LOWE_S_COS_INC_2023__human_capital__0006__chunk_0001","8381e3f0c62e4773992073c9159b6051e751ffede3d1194e633575a074068cca","","",""
"LOW__LOW_LOWE_S_COS_INC_2023__human_capital__0007__chunk_0000","a3fa2589bf540620803a96901b964eff09c8ffff3c6af73ef6fcbacaba5f5178","","",""
"LOW__LOW_LOWE_S_COS_INC_2023__human_capital__0009__chunk_0000","9fec6817bdb20bbf33ce42e51120d39d18950affb440a5ded5519a6517729b0f","","",""
"LOW__LOW_LOWE_S_COS_INC_2023__human_capital__0011__chunk_0001","f90155d627443c32645b1afe18d5b18a8c45b5e6f0860df6c4be4b5fe33a6a42","","",""
"LOW__LOW_LOWE_S_COS_INC_2023__supply_chain_ethics__0004__chunk_0001","d224e16456e93efc62661ba5cd6218a4a704b5f826a72602455ff81f635ae560","","",""
"LOW__LOW_LOWE_S_COS_INC_2024__community__0001__chunk_0000","96882d7d3db8cd38423fd562a411ad3c62ebf3b9a6410f140d00e0e08f2e5e79","","",""
"LOW__LOW_LOWE_S_COS_INC_2024__community__0002__chunk_0000","6abba9e6f0a12e7497afe34e06740d8e4a7d9c381647e4fde482436d498aa368","","",""
"LOW__LOW_LOWE_S_COS_INC_2024__emissions__0005__chunk_0000","4314609762eacb97949192e5f9b4abce316640a2c14bbd488deb7ba0a6e1eb67","","",""
"LOW__LOW_LOWE_S_COS_INC_2024__energy__0002__chunk_0000","b78a19e1ecc124472f99768b537783b23a1c837b626f32d42e92341515ca7240","","",""
"LOW__LOW_LOWE_S_COS_INC_2024__environmental__0002__chunk_0000","15111b60917fe63bcf3cfeb255eb4837f43b176db2eaa22dd1adcc2531b3d745","","",""
"LOW__LOW_LOWE_S_COS_INC_2024__ethics_compliance__0003__chunk_0000","6e996cafceef5737a11d68f883d2b54ee2ff9aec88e7f2a8df7b7d7e91c94934","","",""
"LOW__LOW_LOWE_S_COS_INC_2024__governance__0005__chunk_0001","f6b96e29d6410e0c261fa7b467d4245a8bd693c642080192d6e6eca58bb17358","","",""
"LOW__LOW_LOWE_S_COS_INC_2024__governance__0006__chunk_0000","2338635bc6374fcfd2537865b27c5e16f7242c153bc60d2450cfe97dcc8b7dd8","","",""
"LOW__LOW_LOWE_S_COS_INC_2024__governance__0007__chunk_0000","96e4f6d782db1d5d84343c89de855a25b3f348aada080510f133d6a176aaa264","","",""
"LOW__LOW_LOWE_S_COS_INC_2024__governance__0008__chunk_0001","06a63e6084de10b2327d55f2bd6f920b90826dc549d0d7320650184e47106ab3","","",""
"LOW__LOW_LOWE_S_COS_INC_2024__governance__0008__chunk_0002","6790da47154d8fdd6443b9d84d851485358dc77b9bcd18dd24732934ec947b54","","",""
"LOW__LOW_LOWE_S_COS_INC_2024__human_capital__0003__chunk_0000","0e61790418014fe291309588fb6a0eefe112a67b3f5a0ab105e20b0ecee763bb","","",""
"LOW__LOW_LOWE_S_COS_INC_2024__human_capital__0004__chunk_0002","cd94d6d215191e78364e8e8c3edce931838b05da3acf7a291fe15a5b6ac08b41","","",""
"LOW__LOW_LOWE_S_COS_INC_2024__human_capital__0006__chunk_0000","7e4d1a669314e5f1ce1b9050c49def76e7b71e5d2105e115e08e58bcc030c685","","",""
"LOW__LOW_LOWE_S_COS_INC_2024__waste__0002__chunk_0000","fbe9acdab04f8cafa2226e576187374fcf4e48ac2fd71452d1be6df54e732a21","","",""
"LULU__LULU_LULULEMON_ATHLETICA_INC_2023__appendix__0005__chunk_0002","81b870c2964f14c310cfc72c4bda28f47a699617115d728ebb3fff0cd13db11f","","",""
"LULU__LULU_LULULEMON_ATHLETICA_INC_2023__climate__0001__chunk_0000","d3ca986311bdafd396f4308b69f7c4fe5d556013d0bff527858007bcd637046a","","",""
"LULU__LULU_LULULEMON_ATHLETICA_INC_2023__climate__0005__chunk_0001","588722d1e242d77fe02c571f1ca8d475e8b863a841a4c0d43bfe877a7a457d27","","",""
"LULU__LULU_LULULEMON_ATHLETICA_INC_2023__climate__0005__chunk_0005","abb4de55ae8069474a7e8ecb7a3968ccca3d9a5c6d58d0aa38f625c6592e3871","","",""
"LULU__LULU_LULULEMON_ATHLETICA_INC_2023__emissions__0001__chunk_0002","357a67867e36b7a9da9469230e114cc46646b376dbb40811bc8f161bcd2e8776","","",""
"LULU__LULU_LULULEMON_ATHLETICA_INC_2023__emissions__0002__chunk_0000","61095327160766d864e8cc248940b929458287671dce0f8b25a2e492545aa10b","","",""
"LULU__LULU_LULULEMON_ATHLETICA_INC_2023__emissions__0006__chunk_0001","e6f6a687d38871df1c726f435cc25e6d4fe8986a02d8e4b3a68d5d37b3bb57a4","","",""
"LULU__LULU_LULULEMON_ATHLETICA_INC_2023__emissions__0008__chunk_0002","4a1d2ed2101eb1d920fa0bc2b97af1591f9ff6f726a8f7f2e3c7443686b624f1","","",""
"LULU__LULU_LULULEMON_ATHLETICA_INC_2023__emissions__0009__chunk_0000","a0dad9c5c9c2a92074f94963c427dd5ceeeb2cdfa6a27c853b6b31c789e79ac6","","",""
"LULU__LULU_LULULEMON_ATHLETICA_INC_2023__emissions__0009__chunk_0001","167f136683d1e37af3e8fb3d0a50a2c8ca97aabdbd32420bdae4554dc7869f49","","",""
"LULU__LULU_LULULEMON_ATHLETICA_INC_2023__energy__0002__chunk_0000","14b3a3e055dda39e3834832d04f10393e448298fa2feb7110b9ca8b27cabd2ac","","",""
"LULU__LULU_LULULEMON_ATHLETICA_INC_2023__energy__0002__chunk_0002","5b5b97ae945dc11b27e6789142eb51093307b5119f2cdc10d48bd9d6485cd0a5","","",""
"LULU__LULU_LULULEMON_ATHLETICA_INC_2023__energy__0003__chunk_0000","3502fd747f2d930fdc4942e0b3e61b35a20760c1574b7780061722fbe3622f65","","",""
"LULU__LULU_LULULEMON_ATHLETICA_INC_2023__water__0001__chunk_0001","2470eaafc385455d3ac3a0b95a0803c4f097f3528e50854a07e5cd2f3d2c75ce","","",""
"LULU__LULU_LULULEMON_ATHLETICA_INC_2023__water__0002__chunk_0000","7731921ddceddb5a4d1bb9697bb66288a970c974fe92aacb7fe44369e8e5223b","","",""
"LULU__LULU_LULULEMON_ATHLETICA_INC_2024__community__0001__chunk_0000","86a4b021efff1d5fc45614ce07a634eb8a97ea72b30c82a0810e853b91d2c00f","","",""
"LULU__LULU_LULULEMON_ATHLETICA_INC_2024__community__0003__chunk_0000","d4505b0967c0be6b70daf2baa3cad9e34ff95eead3cfc248ab83e039c0f8b904","","",""
"LULU__LULU_LULULEMON_ATHLETICA_INC_2024__energy__0001__chunk_0000","8b184fcde5b77d088dc02001ace74792b7b3f7cf1df238cd4e5485d18720b834","","",""
"LULU__LULU_LULULEMON_ATHLETICA_INC_2024__energy__0005__chunk_0001","323584167382121b77e204732244c6dbd725a949477518fad95d0752f8f345a4","","",""
"LULU__LULU_LULULEMON_ATHLETICA_INC_2024__environmental__0005__chunk_0000","b1a1ce38438f1491d88d8e9ff7608bb50fb8acae1842b9e9d5e4d1e733276f2b","","",""
"LULU__LULU_LULULEMON_ATHLETICA_INC_2024__environmental__0006__chunk_0000","2e0cdb75ac213a6e5d8338365c90a39ce549611869bf67dc9e7a18dc405c436a","","",""
"LULU__LULU_LULULEMON_ATHLETICA_INC_2024__environmental__0007__chunk_0000","34b180403d795dc7091381388bffc80baf2042ada6ff92e162a809ca3b1eaf7a","","",""
"LULU__LULU_LULULEMON_ATHLETICA_INC_2024__environmental__0007__chunk_0001","037f9f3559812cd2af04689c8ae96058d8413ff7579ac37fa08dea3e7def037d","","",""
"LULU__LULU_LULULEMON_ATHLETICA_INC_2024__environmental__0008__chunk_0000","3de2c37e2b0767dd0c09748e53f9d5a93f7b8a025862e6a5d561f3633abec13d","","",""
"LULU__LULU_LULULEMON_ATHLETICA_INC_2024__environmental__0008__chunk_0002","dbb25aa088f05f6e843b00a2fd9826833aecddb5872d2ec9aa808e24714e548f","","",""
"LULU__LULU_LULULEMON_ATHLETICA_INC_2024__supply_chain_ethics__0001__chunk_0000","fe5314312c55d211e2f6a7a166e59258bd26703a5ca4f5e5ddddf324a0985e5c","","",""
"LULU__LULU_LULULEMON_ATHLETICA_INC_2024__supply_chain_ethics__0004__chunk_0000","2ec5cfccdd5fa88bc99f5f748dddfc578ad28fd4faac8839e817f0d8888d5e79","","",""
"LULU__LULU_LULULEMON_ATHLETICA_INC_2024__supply_chain_ethics__0005__chunk_0000","cd190439d0710b337f4933f8c2d28e9319c99802064702e20f41098edaaa375f","","",""
"LULU__LULU_LULULEMON_ATHLETICA_INC_2024__waste__0004__chunk_0001","f1cda7c2f0edbb8fcd3bdb7bda9b29da28bda8ac423d2ab167134b2a219ceaa2","","",""
"LULU__LULU_LULULEMON_ATHLETICA_INC_2024__waste__0005__chunk_0001","17308538293d9fe3cad5d506eed2a43075150b311965d7760a3582dc0da3df18","","",""
"LZB__LZB_LA_Z_BOY_INC_2023__about_this_report__0001__chunk_0002","14ef2f4cb984053d00ce46a1bdbbfe01574ba0f2a644c8878f30d40da52698f2","","",""
"LZB__LZB_LA_Z_BOY_INC_2023__diversity_equity_inclusion__0002__chunk_0000","7be24d416162dfd1254271734546b9dd579f8c8265b47754ee8d6901d30a2ea0","","",""
"LZB__LZB_LA_Z_BOY_INC_2023__diversity_equity_inclusion__0005__chunk_0000","03cc0b89b3f0b7e6540787316306dfde50983533100c7fc5ae47a4b630d81e37","","",""
"LZB__LZB_LA_Z_BOY_INC_2023__emissions__0002__chunk_0000","a5b94cdee65f643c50fe9751c0a296a047d32d2d06d4314de056b4713fa1270d","","",""
"LZB__LZB_LA_Z_BOY_INC_2023__environmental__0003__chunk_0002","5b76b9b061bf3153cb0e74767384ab2e6e9d669ce592ca826efcda7cd0b28ab4","","",""
"LZB__LZB_LA_Z_BOY_INC_2023__ethics_compliance__0003__chunk_0000","5c6430b748a30e561ac41bbbcc326af761c4d2ed7a8343da3af1db110db6e538","","",""
"LZB__LZB_LA_Z_BOY_INC_2023__human_capital__0005__chunk_0000","bb7f6a89db0d75495c67b212bd6f4174e4980f77dbf66d8a2b0a7ba2f6f2ee7d","","",""
"LZB__LZB_LA_Z_BOY_INC_2023__human_capital__0005__chunk_0001","8c9499710ec72f48cb1fd6a058001ac1c557a2fe5884d7e2a73aa939c8106a0e","","",""
"LZB__LZB_LA_Z_BOY_INC_2023__human_capital__0006__chunk_0001","9d3e249950af702dc165a7d3c8493f6cccf1949a80cac9ef6773717fe65bc17f","","",""
"LZB__LZB_LA_Z_BOY_INC_2023__human_capital__0008__chunk_0000","9b4c7e9a0486994ad8f76fb0f5c0df10dd083c77547bc6a9d6a7783ecc6ae6cd","","",""
"LZB__LZB_LA_Z_BOY_INC_2023__supply_chain_ethics__0001__chunk_0000","d0822b9eaa9c42e14d8fb022f3d9e5b1118f48212412be64996cfc51287ab5b0","","",""
"LZB__LZB_LA_Z_BOY_INC_2023__supply_chain_ethics__0002__chunk_0001","542c474b2b4a004d08e6cbadeac26442d66e625405f5108ec0de3559344b57a4","","",""
"LZB__LZB_LA_Z_BOY_INC_2024__about_this_report__0002__chunk_0000","c249a2ba8099a77417e73cf80af6acb1d09e2bb8b8b4a5c9338469e51a1f8b1a","","",""
"LZB__LZB_LA_Z_BOY_INC_2024__about_this_report__0003__chunk_0000","4bdf3516e0f195decc25cf2e9857e7d2cffd14cc79d49baf899a2ffaa1bf928e","","",""
"LZB__LZB_LA_Z_BOY_INC_2024__about_this_report__0005__chunk_0000","0dabab100613ff4413d4d734de23413c42b73c76f4e2cc31b2c4aaf290584b20","","",""
"LZB__LZB_LA_Z_BOY_INC_2024__about_this_report__0007__chunk_0000","0e0767e1a0ebfadb97378d353838ba0e2bb738fb0aac01a3a15120f62a380eb4","","",""
"LZB__LZB_LA_Z_BOY_INC_2024__appendix__0001__chunk_0001","a18ddb43f089a4be446f6ec511fb449eb7ae1ca041bc02a0c1db15976663446c","","",""
"LZB__LZB_LA_Z_BOY_INC_2024__appendix__0005__chunk_0000","a612540ee0f708c0f8891048e8b2dd63b5c3696a36464d0f5a32560dbb94c55a","","",""
"LZB__LZB_LA_Z_BOY_INC_2024__appendix__0005__chunk_0001","20c9fe6073c5699582a23872155ff330db0516106d2f86c6456e7235a54e1e9d","","",""
"LZB__LZB_LA_Z_BOY_INC_2024__appendix__0016__chunk_0000","1c213c9075259807e441b645c0c42c894b85f5e6840a5a5d2c43b1dc502b474c","","",""
"LZB__LZB_LA_Z_BOY_INC_2024__climate__0001__chunk_0000","037b886a220c2c30983d8807647b9e215482e044d52a4ec719327864fe1c9b9d","","",""
"LZB__LZB_LA_Z_BOY_INC_2024__climate__0003__chunk_0000","a447f2ed3914ef59205c5d6a7e09367bf688d2216d1ee77ef7fb56b20eed42a9","","",""
"LZB__LZB_LA_Z_BOY_INC_2024__data_summary__0003__chunk_0000","de12c8785f31673d1a3888ab2ed762dababf82ea448fd3884a8121d2ebb229b9","","",""
"LZB__LZB_LA_Z_BOY_INC_2024__environmental__0002__chunk_0000","1e93f3a474dbda9ccafc0ea698d743396fa4502f09fde4799fc55627db824e88","","",""
"LZB__LZB_LA_Z_BOY_INC_2024__ethics_compliance__0003__chunk_0000","b684734b3125cb7e8f9cc53d5619fb93a7649dd38ffe178a1809d9635363966b","","",""
"LZB__LZB_LA_Z_BOY_INC_2024__governance__0006__chunk_0000","455f096fb755b174414d7927ad44590e0931d3d32639513c806b931fd4462b86","","",""
"LZB__LZB_LA_Z_BOY_INC_2024__supply_chain_ethics__0006__chunk_0000","899a5a9acf71afe74c4e31d2913b76aa616bde8ed537afc7532324691c2e7abf","","",""
"MELI__MELI_MERCADOLIBRE_2023__about_this_report__0004__chunk_0000","af37fc5b8b11d6a97bf93db55d15442ef9d31ffbe7058a20963483e01764e0e8","","",""
"MELI__MELI_MERCADOLIBRE_2023__diversity_equity_inclusion__0002__chunk_0003","c089f9154b9e68420cdd1cf9bca05d3aa1bc7a83d061aa8594af1283c54b2c5f","","",""
"MELI__MELI_MERCADOLIBRE_2023__emissions__0002__chunk_0002","2b162a90aea8b0c993359f22b35641154c1676407e6e3cefdd82eb14e3b5b813","","",""
"MELI__MELI_MERCADOLIBRE_2023__emissions__0002__chunk_0004","b246bb9474b16bed7038c6f31f6b2acf3b29eef26475f636137554e61717b56d","","",""
"MELI__MELI_MERCADOLIBRE_2023__emissions__0003__chunk_0001","0a4fa6e1e60b2e2ae0ebe5c7a96e8ab734434dcc95907d28dad4950214b8730e","","",""
"MELI__MELI_MERCADOLIBRE_2023__energy__0002__chunk_0000","e9fd32c60e38385f183fb9afd290faf788abe351d73a8627d48c1aa08c156868","","",""
"MELI__MELI_MERCADOLIBRE_2023__environmental__0002__chunk_0000","f4c0be74e82fbe0864a3494912e98e4fb05663a6873bf8c5a93bbf14f9961688","","",""
"MELI__MELI_MERCADOLIBRE_2023__environmental__0005__chunk_0000","ac5d61689ad6da6c5bb5b6019b32c1e840c99c86fb4d3d325a42f611afda7729","","",""
"MELI__MELI_MERCADOLIBRE_2023__ethics_compliance__0001__chunk_0000","1a70d2cbbe94775df3e4b5d1eba971331f546b04ddaad3bacf798e6afbddbc90","","",""
"MELI__MELI_MERCADOLIBRE_2023__ethics_compliance__0003__chunk_0000","e76669eed36b98f0ea5c52820ab0aa8e8cc40ca2ab6069d5fa6e4c9415047ec3","","",""
"MELI__MELI_MERCADOLIBRE_2023__governance__0003__chunk_0000","9eb9f096a91fe8b52d936992047f6ecf908436729d6af85bf752cefc4c532102","","",""
"MELI__MELI_MERCADOLIBRE_2023__other__0001__chunk_0001","7e9b67fc0b2bf706c4fa9963dddad7871781c9c1746070c6281274350d02115c","","",""
"MELI__MELI_MERCADOLIBRE_2023__other__0001__chunk_0002","096b765a0319838caea0bb5c94a8f8d63f1678a875399a4c57f0441740a6c47c","","",""
"MELI__MELI_MERCADOLIBRE_2023__waste__0001__chunk_0002","b5bb18de5ef433e7dd313833811c80ee253ac8a06cfb72d80c7e61b284d4dddc","","",""
"MELI__MELI_MERCADOLIBRE_2023__waste__0002__chunk_0001","48f600a95b67bd6c6b87069bdaeda10889f2c61c529fa6a250ad8419c975a1ff","","",""
"MELI__MELI_MERCADOLIBRE_2024__about_this_report__0001__chunk_0001","8fd7fecbe92b8a0b96a104e0b30a06653459ab7cbd657bf3a655d056de061e63","","",""
"MELI__MELI_MERCADOLIBRE_2024__about_this_report__0007__chunk_0001","b29b5921893a5349c3a99f1b38e3cb27554478992a3ebdab0729796b3c5535c4","","",""
"MELI__MELI_MERCADOLIBRE_2024__about_this_report__0013__chunk_0000","0e1b6c448ee51c934385367fc31fe5a1d0440f9b370a3c000764ae91032d683c","","",""
"MELI__MELI_MERCADOLIBRE_2024__about_this_report__0016__chunk_0000","5f010c00190b56ef07bef04829abef5903c98d05d512db1ba1c8e4cf1b49f9d8","","",""
"MELI__MELI_MERCADOLIBRE_2024__emissions__0001__chunk_0001","e3810d90f4b55569401b8ada8ca535198d952f9bb02faa2a87a48b68a9b428af","","",""
"MELI__MELI_MERCADOLIBRE_2024__environmental__0003__chunk_0002","c42598e3f1bd9e6248dc7fa2c322ce8925c6d9b3fad705b89b752db92b58aa00","","",""
"MELI__MELI_MERCADOLIBRE_2024__ethics_compliance__0003__chunk_0002","e5cb84d219af384002e4756255bc796c6265e964a86ec60dcbd6e421065a21fc","","",""
"MELI__MELI_MERCADOLIBRE_2024__governance__0002__chunk_0000","084a115f1d5fa2a05245acaa7914f0baedc304b78f582200d5c1deef63f3c87f","","",""
"MELI__MELI_MERCADOLIBRE_2024__governance__0002__chunk_0001","f615de4328629ed38bdb15023dba0a5f425a1f9f2d76cc61b1ed4c73455e586c","","",""
"MELI__MELI_MERCADOLIBRE_2024__human_capital__0005__chunk_0000","eb900f92191be05525869a5c6ba863c2cbb9f2801026993e08cdae7b57485427","","",""
"MELI__MELI_MERCADOLIBRE_2024__human_capital__0005__chunk_0001","62315aab80a2534412c45d0698182730cf708e4447881df0efccc580128a742b","","",""
"MELI__MELI_MERCADOLIBRE_2024__human_capital__0005__chunk_0002","0b6e21b2f6bc9cefc0411645511ae4926791dca540108675200a4663c54016d3","","",""
"MHK__MHK_MOHAWK_INDUSTRIES_INC_2023__climate__0001__chunk_0000","3e8b977343e94acbdb3b206fc609eefc6dccba5ce9df0bd072fadce0c11e0436","","",""
"MHK__MHK_MOHAWK_INDUSTRIES_INC_2023__community__0002__chunk_0000","2316ca6fbd52914886bff7085a0204bca9fa472b8b1995117ed00637335bfe9a","","",""
"MHK__MHK_MOHAWK_INDUSTRIES_INC_2023__data_summary__0001__chunk_0000","47ee3a7243724ba3281453fccfcb2e32daaf639030e754b54fa4b69d814b63d4","","",""
"MHK__MHK_MOHAWK_INDUSTRIES_INC_2023__diversity_equity_inclusion__0001__chunk_0000","0b502260ab232d0fa147015717f1772dc41429db4358b154b06e8f0ab701a001","","",""
"MHK__MHK_MOHAWK_INDUSTRIES_INC_2023__emissions__0001__chunk_0000","280847d7d001e1315441f34a8704dcee3436c595f83e55719be39c423d9b06b2","","",""
"MHK__MHK_MOHAWK_INDUSTRIES_INC_2023__energy__0001__chunk_0000","0bdf925e94d51ab6f98a4bbaae9f15eb8459d469c0c23a324ad6f9c1dc465668","","",""
"MHK__MHK_MOHAWK_INDUSTRIES_INC_2023__environmental__0001__chunk_0001","20e7f0e715a2602a84627b011d9b56ad643c8a0705163cd64c4f46c06e2f5c28","","",""
"MHK__MHK_MOHAWK_INDUSTRIES_INC_2023__environmental__0007__chunk_0000","a2f08318f9b6711513720ef60f8821965c936e6f7b704255bcad992308c61e16","","",""
"MHK__MHK_MOHAWK_INDUSTRIES_INC_2023__governance__0002__chunk_0000","cc8f3b50100f3a031c76b8787a530203af10793a3c0aa0fb3346f9adff0a5789","","",""
"MHK__MHK_MOHAWK_INDUSTRIES_INC_2023__human_capital__0002__chunk_0000","b6e24efbcfee3f0a968d7279387d6dbee96ade191c818b9f8d3e30c49e957f5e","","",""
"MHK__MHK_MOHAWK_INDUSTRIES_INC_2023__human_capital__0005__chunk_0002","940fa75265d6a2dae3896ac46064fd976c345218581692dee5eeb9b0b40b53c0","","",""
"MHK__MHK_MOHAWK_INDUSTRIES_INC_2023__human_capital__0010__chunk_0000","2da567385ff46ca878cba7b300716d46bd170db8e755824ce04923531b27827f","","",""
"MHK__MHK_MOHAWK_INDUSTRIES_INC_2023__human_capital__0013__chunk_0000","e660341a28d755a64a844762e03cd601382224dd0dce2af6ed203c88e0a027e4","","",""
"MHK__MHK_MOHAWK_INDUSTRIES_INC_2023__supply_chain_ethics__0001__chunk_0002","c4f161bd93cd7fd3690c5e18ebae3e598d619d35e6fe462badee131f1d8e8d95","","",""
"MHK__MHK_MOHAWK_INDUSTRIES_INC_2023__water__0001__chunk_0003","862f919004c8c541d01bc20ac936429a974b45d8777f49520bccfed4124f994a","","",""
"MHK__MHK_MOHAWK_INDUSTRIES_INC_2024__ceo_letter__0001__chunk_0000","94d6221ef50e6c3fcc1ba8b1044cddda41c5e652705bc0f792200c26e5fa7c02","","",""
"MHK__MHK_MOHAWK_INDUSTRIES_INC_2024__ceo_letter__0002__chunk_0000","aaa50625232644c137516d1107c8a7e592458ca642b7c19a16517a080b690c52","","",""
"MHK__MHK_MOHAWK_INDUSTRIES_INC_2024__ceo_letter__0002__chunk_0001","035a38db188839ef0be8355b4e2f6234cc894e40643e7c81993a4c8a435bb1cf","","",""
"MHK__MHK_MOHAWK_INDUSTRIES_INC_2024__ceo_letter__0002__chunk_0002","8a165f537ca9686380a6c4a74a944cacb1c583a525799565f531b6ec7615afd3","","",""
"MHK__MHK_MOHAWK_INDUSTRIES_INC_2024__ceo_letter__0002__chunk_0003","08a2439ed39544ec73c43f42b067620439ca2f0f47e3f005b09d859415e553e1","","",""
"MHK__MHK_MOHAWK_INDUSTRIES_INC_2024__community__0004__chunk_0000","02bee3ebf2bc2928f1272d06647979f27b31fbab113fe8d569fd71dc8f282aa4","","",""
"MHK__MHK_MOHAWK_INDUSTRIES_INC_2024__emissions__0001__chunk_0000","8cef71166c8dbcc7c66d56ba2fd81f1dc0c1887cbb5be838868f254ea8768b28","","",""
"MHK__MHK_MOHAWK_INDUSTRIES_INC_2024__environmental__0005__chunk_0000","3660c8a1b588bef21aa55ee709c32510d0bf380d11e5ea6857b559eeebdfef43","","",""
"MHK__MHK_MOHAWK_INDUSTRIES_INC_2024__environmental__0008__chunk_0000","eac4542bf4d20aa1469ba1134086284a754c1a142a9e9fa3399fdc46ce550618","","",""
"MHK__MHK_MOHAWK_INDUSTRIES_INC_2024__environmental__0009__chunk_0001","ae0898edf0d84926a099acee52399e49b7785bc90d515619e26700e18f55f992","","",""
"MHK__MHK_MOHAWK_INDUSTRIES_INC_2024__environmental__0014__chunk_0000","c0a8712ee16b22d7edf697fbf2feae8bfba02a1e8c68eafa524540b11f63056d","","",""
"MHK__MHK_MOHAWK_INDUSTRIES_INC_2024__governance__0001__chunk_0000","8a84ec913b02943def3e79f7f207725e1920866c8c1d8173974e5a66315608ea","","",""
"MHK__MHK_MOHAWK_INDUSTRIES_INC_2024__human_capital__0002__chunk_0005","c0a0df54bdb8dcf34a89dc972edf7f15fc8fd47375898ac61cb6226c90b083c4","","",""
"MHK__MHK_MOHAWK_INDUSTRIES_INC_2024__supply_chain_ethics__0003__chunk_0001","a3721164f88b8795c212617a08a6a85970f1d4e2806f30720504d2197cd4e40a","","",""
"MHK__MHK_MOHAWK_INDUSTRIES_INC_2024__supply_chain_ethics__0004__chunk_0000","0c3bb958d98b1c5a82710adba7f0976e218dcb594593495325cf3d2be309cd5e","","",""
"MNRO__MNRO_MONRO_INC_2023__community__0001__chunk_0000","eb78912880f6d18e2b61f834d094b7108fe091adfac91f6cec193069f3f88ff2","","",""
"MNRO__MNRO_MONRO_INC_2023__community__0001__chunk_0002","f6c6fe6d2e8e39e53a6ee50b4d1fa86903336df8261052958ffd887eb388d164","","",""
"MNRO__MNRO_MONRO_INC_2023__diversity_equity_inclusion__0003__chunk_0000","5c3e70645e167bdb2935c40d5af631c406170557f607bc5d5e7e129cbfad269e","","",""
"MNRO__MNRO_MONRO_INC_2023__ethics_compliance__0002__chunk_0001","d7b3ebd8980915e5706bb56b6fd61b74a7ce5a692f4ec3bb7dc2385e681079d0","","",""
"MNRO__MNRO_MONRO_INC_2023__governance__0002__chunk_0001","99d8a9608ac86e7ecdab120e43dea022bfdde3641085bb323d1c8cd7ba3646aa","","",""
"MNRO__MNRO_MONRO_INC_2023__human_capital__0002__chunk_0000","70dfff2d2eecb0e9198df06391dd7cf37d1fa8f3c207e1420a8db248198cceeb","","",""
"MNRO__MNRO_MONRO_INC_2023__supply_chain_ethics__0001__chunk_0000","19c601d61c721ea9d823224791124435e02b5ba29cdf51f11dd9f7ba04c5ea8d","","",""
"MNRO__MNRO_MONRO_INC_2023__supply_chain_ethics__0001__chunk_0002","6ab6470f8cb909ae801a6d29d4a98606dfddeab825ab2d44c6bdcc4e7e1db689","","",""
"MNRO__MNRO_MONRO_INC_2023__supply_chain_ethics__0002__chunk_0000","6694df8085bfa05cf915f2774f92ef098dd3683cf842edc21d0bf77ee1787889","","",""
"MNRO__MNRO_MONRO_INC_2023__waste__0001__chunk_0000","b8496dd245f6136f47cefef2cc36db9ca14a11c1327f99a0e9bd019d22771ca0","","",""
"MNRO__MNRO_MONRO_INC_2024__community__0001__chunk_0001","c474b6dbd11a6e2847a5358f6ad3a88fb6539a2b9d0d6ee9c80a9066eeaeaca1","","",""
"MNRO__MNRO_MONRO_INC_2024__community__0001__chunk_0003","f80f9066cad5c442d8b716475b35bebaee4f1de342b1adfa19f277451bc35aaf","","",""
"MNRO__MNRO_MONRO_INC_2024__diversity_equity_inclusion__0002__chunk_0000","1e3f79f026cc26b80cfb647c9e2b71e9f764402a6b7968207569ea800bd9565f","","",""
"MNRO__MNRO_MONRO_INC_2024__diversity_equity_inclusion__0004__chunk_0001","a0740b84b6cee2508115c7a57d2c6235f6baa008bb8ebd2a237c1ba161b2eb35","","",""
"MNRO__MNRO_MONRO_INC_2024__ethics_compliance__0002__chunk_0000","b8f66350fd5771ed51005d2439f878ab3003767fe9767483698864bb94ee3355","","",""
"MNRO__MNRO_MONRO_INC_2024__human_capital__0002__chunk_0002","54e788dad801ab946bef9d1f825a16c347d994df58a50c41c0ebe88681939b96","","",""
"MNRO__MNRO_MONRO_INC_2024__human_capital__0002__chunk_0003","59696162f0fb0e11061e58c96fa0e2d9662e3f6c5d294ac81d492b11e2e50b7c","","",""
"MNRO__MNRO_MONRO_INC_2024__supply_chain_ethics__0001__chunk_0001","a691211bca8efdd06a00e67401b21e0e805a6bf887fd15a849139469d7e81695","","",""
"MNRO__MNRO_MONRO_INC_2024__supply_chain_ethics__0001__chunk_0002","59429c915c45f5e0360ea7d3b3c2ce7b128fc3df8b5f8a3177ce0988dbc069e5","","",""
"MNRO__MNRO_MONRO_INC_2024__waste__0002__chunk_0000","938fd209cbdf9f42d0e9fc614119319bbffb879b3cf82e17df490a25236d0ec5","","",""
"MNRO__MNRO_MONRO_INC_2024__waste__0002__chunk_0001","bcc4f3319c6b877de5324be9b7fc43ab94edeb4a3417e656ec5fbdd314fabc51","","",""
"MOV__MOV_MOVADO_GROUP_INC_2023__community__0001__chunk_0001","fae07d7109592730045f86e53e273dd194d0c05a36db0c32a719b9d0a8772542","","",""
"MOV__MOV_MOVADO_GROUP_INC_2023__environmental__0001__chunk_0000","e30bebebae127ad7c765e592e15646e7013f77fc3e55114057c3b35b16379024","","",""
"MOV__MOV_MOVADO_GROUP_INC_2023__environmental__0005__chunk_0000","20ae83b43df8184c5642e8270f48fc68339aac20865323f9495d93d359b1bd75","","",""
"MOV__MOV_MOVADO_GROUP_INC_2023__human_capital__0002__chunk_0001","267c289069400a740675b7410ca13404b0a2ee4f95830a85907f48ac149753c9","","",""
"MOV__MOV_MOVADO_GROUP_INC_2023__human_capital__0004__chunk_0002","c488e1547a15c148ed9c299a8db01e11d7da21fe16734ab96eb93dce12df8532","","",""
"MOV__MOV_MOVADO_GROUP_INC_2023__human_capital__0007__chunk_0003","7c8578f61ead6c6ccdd9bd0f7371556378d8819e016765d572f09defee18ca3b","","",""
"MOV__MOV_MOVADO_GROUP_INC_2023__supply_chain_ethics__0003__chunk_0001","996febd6447d87511f896b171745bc0ee8ee8fb9366358219bf886231f5232c7","","",""
"MOV__MOV_MOVADO_GROUP_INC_2023__supply_chain_ethics__0004__chunk_0000","79bb90bb2c91eb1837f911fa84845041475e3f1840db0edd21e8aba635d77a02","","",""
"MOV__MOV_MOVADO_GROUP_INC_2024__community__0001__chunk_0004","ef26fc12365d150c904c2cf5f1d2ce014d56a9c1005ef46be643d81a464037d1","","",""
"MOV__MOV_MOVADO_GROUP_INC_2024__community__0001__chunk_0007","4ab37e261a089db89b143ad9051d1bf122b3c112c01341d56de5d5312aa6d867","","",""
"MOV__MOV_MOVADO_GROUP_INC_2024__emissions__0001__chunk_0001","8a2bcb561ed493440391b2d9a901ee11a2497d14ffc32a8e28ebe6a101ccd94a","","",""
"MOV__MOV_MOVADO_GROUP_INC_2024__emissions__0003__chunk_0000","957ac148defece8a2ef9988ebdf221536215edd8d7041edb77cdb13213d04db2","","",""
"MOV__MOV_MOVADO_GROUP_INC_2024__energy__0001__chunk_0000","a5c1dac32227633afbefb6b3a111d0d81c2167a749c1d1af7a6b326850a38309","","",""
"MOV__MOV_MOVADO_GROUP_INC_2024__environmental__0001__chunk_0000","f846cb3a983e1cd656d052a6ef1dcf31e84924bcf269b094e927827f3747a977","","",""
"MOV__MOV_MOVADO_GROUP_INC_2024__environmental__0003__chunk_0000","1f4ac98dcfc87312cae4beafaa08d9e993a1c05a2a48cf46d384e25ce9f369e8","","",""
"MOV__MOV_MOVADO_GROUP_INC_2024__ethics_compliance__0001__chunk_0001","a591619c1b80a9e206cad122baca5102aeae4adbfb1ec54637aeddf455a75fe8","","",""
"MOV__MOV_MOVADO_GROUP_INC_2024__human_capital__0002__chunk_0000","54df2e4287bc9836375711e9baf8c02365d24e32be4655afef7589b65b44b309","","",""
"MOV__MOV_MOVADO_GROUP_INC_2024__human_capital__0002__chunk_0002","a2033ccbca88ec69f3439b9fd1377774cf526fd9efd82ed60b3f6cf2bd1abb81","","",""
"MOV__MOV_MOVADO_GROUP_INC_2024__human_capital__0005__chunk_0000","47b279b04b71f6b7b44e151985a2358c8e1a502a287b2f4a49a1df141efb93a8","","",""
"MUSA__MUSA_MURPHY_USA_INC_2023__about_this_report__0001__chunk_0002","05c18965272b491c88db324f7e61cae3d00f28e0c14554cb3f600af075477796","","",""
"MUSA__MUSA_MURPHY_USA_INC_2023__ethics_compliance__0002__chunk_0000","0e44b1e66f11e450d14a0719aa3bfe70a1ddff940391bfd0234efc5c2b6fd10a","","",""
"MUSA__MUSA_MURPHY_USA_INC_2023__governance__0001__chunk_0001","71ce165727ebe59b2f0073af882fe36c3509bf2ea81d44c2955b9c5f32c14bc6","","",""
"MUSA__MUSA_MURPHY_USA_INC_2023__human_capital__0002__chunk_0005","22ed526f6409412f3d999c43cdeaf7649d577e2da4c278ac89cafa4927e0a8d0","","",""
"MUSA__MUSA_MURPHY_USA_INC_2023__human_capital__0005__chunk_0000","cae8e836493ef06e07056c858090e5a768cff755c92719cb7872f2a008a4c1cb","","",""
"MUSA__MUSA_MURPHY_USA_INC_2023__waste__0001__chunk_0000","f0814c747734101c6dc6f2cbcaf980a373ee94eeb5bae64c57474a9d7bbc560a","","",""
"MUSA__MUSA_MURPHY_USA_INC_2024__community__0001__chunk_0000","00547b3531627fab309e5300510fcd4058ac01d52acd5260b3571ed60b28113c","","",""
"MUSA__MUSA_MURPHY_USA_INC_2024__human_capital__0001__chunk_0000","d68c9265b147480096510eef82bda4ebbdc0f19f58cda60bc52270f6daae771d","","",""
"MUSA__MUSA_MURPHY_USA_INC_2024__human_capital__0001__chunk_0001","8aa88c16526e13b7fd118b0357ec44db1c2f9268b54deabf0554e49fbf3b4bc5","","",""
"MUSA__MUSA_MURPHY_USA_INC_2024__human_capital__0002__chunk_0003","78d62e3428d4547fab288cd45f6b904d4da5c746a139ef3611c883255127cc5a","","",""
"MUSA__MUSA_MURPHY_USA_INC_2024__human_capital__0003__chunk_0000","948b05da6691becfd0f17e359d6bee957b60a5be6343fd2a5e15d07b66237ee6","","",""
"M__M_MACY_S_INC_2023__climate__0004__chunk_0001","3d06a3ebe3e935d3e7235c977915069026966ea1f452befa1821291e1980b670","","",""
"M__M_MACY_S_INC_2023__community__0002__chunk_0001","270b98e2d1e809ebf7029a15b078dc634d8222382f30a12192881f857ee4e49e","","",""
"M__M_MACY_S_INC_2023__data_summary__0003__chunk_0000","733710305fa8dce66229780f91182622c1d7f753a0102e37ed62ee1cfea54e9d","","",""
"M__M_MACY_S_INC_2023__diversity_equity_inclusion__0002__chunk_0000","d927f4211c4b79fe4e95eac0a756e1888719d3a13d0f64d5ad5c53316dab9802","","",""
"M__M_MACY_S_INC_2023__diversity_equity_inclusion__0004__chunk_0000","41b9fec864d4ad3a0e688024f297b9d3f6ba1ecf39ed1507e6957bcfa2b7bdcf","","",""
"M__M_MACY_S_INC_2023__diversity_equity_inclusion__0007__chunk_0001","2f53e60bc35d252958bc2e6ed1f7c28c423490aa3e312474cc3a88bb6a33e97a","","",""
"M__M_MACY_S_INC_2023__environmental__0006__chunk_0000","9e8789458bbf642ce063cb942cf8c35752022c691c96c335769072c2e5d4ee3e","","",""
"M__M_MACY_S_INC_2023__environmental__0007__chunk_0000","0c13001e3b9fd1784e2449cb46822f7bf6ead1edd09f9d29fa7adba6a1193acf","","",""
"M__M_MACY_S_INC_2023__social__0002__chunk_0000","377506774cfd122a0dfe2c2b94778f3766b865435770b6b7d5d65513605f619e","","",""
"M__M_MACY_S_INC_2023__supply_chain_ethics__0004__chunk_0000","fd1cadd1cd23db126d650d70a1791adb92a3fa9ef193f7fab849f47d6664d71a","","",""
"M__M_MACY_S_INC_2023__supply_chain_ethics__0006__chunk_0000","7b736b8e2291a947fe6f144ce3a3d3974535ddcf559a2dc56257c602801a7029","","",""
"M__M_MACY_S_INC_2023__supply_chain_ethics__0013__chunk_0001","79b85674faccbec3e34f5584a09f117ec2f02526bbd7d5e3db48bcb827302b17","","",""
"M__M_MACY_S_INC_2023__supply_chain_ethics__0018__chunk_0000","388f6fd62b76db76e89a281b3c0da43c805aa016132373f50579b238defc9518","","",""
"M__M_MACY_S_INC_2023__water__0001__chunk_0000","b933c6f9808d4cbe16adc45f448e05d943f5d9a6970755b35ca194ad26910402","","",""
"M__M_MACY_S_INC_2023__water__0004__chunk_0001","314b0933d81f9cce67a431e56f4bb41ffd7e3d5687d33cdddf9a5be2c9aa2c3c","","",""
"M__M_MACY_S_INC_2024__appendix__0002__chunk_0000","6d507b13f39fef34d98bdf2e5799cec90bb702fd430215daa4407b8b96e529d8","","",""
"M__M_MACY_S_INC_2024__climate__0003__chunk_0001","8261523ce5f0e48067855eae51582541e581e554e5de007d516db04d94ac4d3b","","",""
"M__M_MACY_S_INC_2024__community__0003__chunk_0001","0157cafe4048ed1f08eae1c4c501dbf09e3f27fcadc017c16c262dc2b7673384","","",""
"M__M_MACY_S_INC_2024__emissions__0003__chunk_0001","03096787f0cbde022ad5d74829d1c602acc5123e740185bacbe44eb311d5d599","","",""
"M__M_MACY_S_INC_2024__emissions__0003__chunk_0002","f5e9d5e7150340f27b16f4968fa2be3010dbbb84bde1c86e0e30779db02abb49","","",""
"M__M_MACY_S_INC_2024__energy__0001__chunk_0000","8c8c4d422906f78a9185ae030aff49d56befb22c3150bd9886517bfdff8dfb39","","",""
"M__M_MACY_S_INC_2024__environmental__0004__chunk_0000","dc4ed22659006e84485ce7f7440f81dc227a88c41d57495701758174113520bc","","",""
"M__M_MACY_S_INC_2024__governance__0004__chunk_0000","1bb2dcd066ea621c0260485a3a9e5653c9e1d38a8964b7c7629de4e69452fe03","","",""
"M__M_MACY_S_INC_2024__human_capital__0001__chunk_0003","1a0014b1be1fde6d7b92d629f53cc8584996c507fe45dd8ab8069053a7cbc42e","","",""
"M__M_MACY_S_INC_2024__human_capital__0006__chunk_0003","83ef274367f9c351214121f6efc0a5ae1b4733a6d3dfcfb625357eb2c5a63de0","","",""
"M__M_MACY_S_INC_2024__supply_chain_ethics__0004__chunk_0000","80794755b0905eb952667444ea3397d0fc57b7f78a3674344c8b5edaaf91a292","","",""
"M__M_MACY_S_INC_2024__supply_chain_ethics__0005__chunk_0000","78c8511db5e4057eefe38b75a0a78c6cc273030c08cf630701ff5c338a098ca4","","",""
"M__M_MACY_S_INC_2024__supply_chain_ethics__0006__chunk_0001","7ccbaba883cb0055d30250c68b79119ff7ba413982a6fb26e17a2cf9be2f691b","","",""
"M__M_MACY_S_INC_2024__supply_chain_ethics__0007__chunk_0000","e7dfe8d0a1aae5badd03cf3cf43b894555daca522ff0b87bea449f6a4e6d18e4","","",""
"M__M_MACY_S_INC_2024__waste__0004__chunk_0000","dd636288bd53a569ae651716671b2b58bb87bd23b7349a66e2a6c25650717a04","","",""
"NGVC__NGVC_NATURAL_GROCERS_VITAMIN_CTGE_2023__community__0003__chunk_0000","9b282d2a8f4d24e0a84da851cd578b14b64c75809aefb7a7327c665f673419a6","","",""
"NGVC__NGVC_NATURAL_GROCERS_VITAMIN_CTGE_2023__environmental__0005__chunk_0000","4420c87134f0963cc89fe55e37a5dc2961e3083466c009593747c31e0e1b7b39","","",""
"NGVC__NGVC_NATURAL_GROCERS_VITAMIN_CTGE_2023__ethics_compliance__0001__chunk_0001","79ba2934948848bf0dfb62225c4d8b51381a96a3121eaa20349bf5f994b755ac","","",""
"NGVC__NGVC_NATURAL_GROCERS_VITAMIN_CTGE_2023__ethics_compliance__0001__chunk_0003","9452111e03f42147c9189fea9cad729c6f92a26045ce7d2603cfd44772a3d78d","","",""
"NGVC__NGVC_NATURAL_GROCERS_VITAMIN_CTGE_2023__ethics_compliance__0001__chunk_0009","8b5f04124594c72864cc792810217843a01a279e74e9d9ba7433bf68edd48967","","",""
"NGVC__NGVC_NATURAL_GROCERS_VITAMIN_CTGE_2023__water__0001__chunk_0000","e63776e84d2931025955508c9c6cee169c3bc350f25a785b722badebf4d16ce1","","",""
"NGVC__NGVC_NATURAL_GROCERS_VITAMIN_CTGE_2024__community__0003__chunk_0001","0a83fac39a5173769cea13aba052e0eb4f61660be9a49ca8cbedde6a13f8eed1","","",""
"NGVC__NGVC_NATURAL_GROCERS_VITAMIN_CTGE_2024__environmental__0002__chunk_0001","52adeabfbbcd6cc86555079853ac574a328b558f84f0ebfdc101608e181d5eba","","",""
"NGVC__NGVC_NATURAL_GROCERS_VITAMIN_CTGE_2024__environmental__0002__chunk_0002","6acc62c913464903e107efa34c9248f857e6e1f52786f0d6556d3c7ed93593b4","","",""
"NGVC__NGVC_NATURAL_GROCERS_VITAMIN_CTGE_2024__environmental__0002__chunk_0003","03fc608686794c8d82fc031942795e1dbe5bf3f13a2e3191124d7180710804bb","","",""
"NGVC__NGVC_NATURAL_GROCERS_VITAMIN_CTGE_2024__human_capital__0001__chunk_0001","d668d61fe000e8757d8700c6053239f34014937cdbf09ef341e51eafd7fbbcea","","",""
"NKE__NKE_NIKE_INC_CL_B_2023__climate__0002__chunk_0000","94efc5badeb0225ebc196ac97ae1a085a698fa9cf92969a6fcbb1e70115d1187","","",""
"NKE__NKE_NIKE_INC_CL_B_2023__emissions__0003__chunk_0000","edcc19625e32ac4175460d8f6b30efaa5c820a2217d4339820733f94060b97a0","","",""
"NKE__NKE_NIKE_INC_CL_B_2023__emissions__0009__chunk_0003","468aaf9097d2ab00c39ca176f69fe882b6de33ca76b1b38ac2afa98c9341ddac","","",""
"NKE__NKE_NIKE_INC_CL_B_2023__emissions__0012__chunk_0002","28d5dc43800c2836a9edeb22adb11e6c4929bd0d00674d06e98d509665414c10","","",""
"NKE__NKE_NIKE_INC_CL_B_2023__emissions__0013__chunk_0000","0856c6e656c86c1a33a75710ccfdee8a2bfdaab04a665839b04b65072ee8530a","","",""
"NKE__NKE_NIKE_INC_CL_B_2023__emissions__0013__chunk_0003","8632add06b2b195ace448a2d907ba456505d2e0d54dc931c2e424ce60702f422","","",""
"NKE__NKE_NIKE_INC_CL_B_2023__energy__0001__chunk_0000","71dc17ae75c8c26749854ca9218490b81beac3cc78b1e51841485688d6ef88a0","","",""
"NKE__NKE_NIKE_INC_CL_B_2023__energy__0002__chunk_0000","4709cd906168396fee8b6fadc2cdaef3ab9073f773c8e3934876ac2d6f8f232d","","",""
"NKE__NKE_NIKE_INC_CL_B_2023__energy__0012__chunk_0001","1cfba815bd565e31f512e52f9daad6da9ce35b325bd720d07e0cbbc845f55f3f","","",""
"NKE__NKE_NIKE_INC_CL_B_2023__energy__0013__chunk_0002","ba78f4f914cecf7db6ca69461aa65accad3750df38b7a72e7165d2960391d3e6","","",""
"NKE__NKE_NIKE_INC_CL_B_2023__energy__0016__chunk_0000","156b49ecc08df5d0dc32fd4fecb53772f6e8ef851e215a2546ed4dcd51ec40f0","","",""
"NKE__NKE_NIKE_INC_CL_B_2023__energy__0017__chunk_0000","81da44f5f7ab8ed6ae1f25f277219027eca7de6ded39e19126780333a1e62ab9","","",""
"NKE__NKE_NIKE_INC_CL_B_2023__water__0002__chunk_0001","d9bfd82b7ef9691755b5e71041ade58bfcfa3b31a8eff22b4252a4acf1f3aba8","","",""
"NKE__NKE_NIKE_INC_CL_B_2023__water__0003__chunk_0000","9439ec6b731c849b98a4d31cb09913d6f535020edbd3bde39eba6bbe539e9e36","","",""
"NKE__NKE_NIKE_INC_CL_B_2023__water__0004__chunk_0001","37b8f1336c827c50645efa102cc17d453559880ad8042df14684a64d5c079cd6","","",""
"NKE__NKE_NIKE_INC_CL_B_2024__climate__0001__chunk_0000","c6eb9c901e34eb598f6f224e5275c19c925a38281c919c5b0ec3fa6bcc55598f","","",""
"NKE__NKE_NIKE_INC_CL_B_2024__climate__0002__chunk_0000","9fe7565987d104891691c32309e31c048b9f3b0b9086eb407fdc1be9a0f48bb4","","",""
"NKE__NKE_NIKE_INC_CL_B_2024__emissions__0005__chunk_0011","d360de86f68913ca5c8e3fdfd19555b0fc1efa629524a8585f58311675fb0d1a","","",""
"NKE__NKE_NIKE_INC_CL_B_2024__emissions__0005__chunk_0012","9ad99341ea3c699c8029645ab08c032afa2b378a4e1ad23f980275726e4af25f","","",""
"NKE__NKE_NIKE_INC_CL_B_2024__emissions__0008__chunk_0002","a7c8c289fb4ff8ad075ad1df83747d972099adb4e312dd021f02e2dc07bd22a5","","",""
"NKE__NKE_NIKE_INC_CL_B_2024__emissions__0009__chunk_0000","4e726c90a63c9b06cc2ad92899b71ea674b755a6f6c71d2d2af4391b9d407933","","",""
"NKE__NKE_NIKE_INC_CL_B_2024__emissions__0009__chunk_0001","952e1d4468132cb38724a639414a8be22ca34dbf628b1b525e0e4b5859795e69","","",""
"NKE__NKE_NIKE_INC_CL_B_2024__emissions__0009__chunk_0003","2fb2d27aaf839a457df2e5f7775a7b680ffcf72a0a1d967574a117fa1ebbd19b","","",""
"NKE__NKE_NIKE_INC_CL_B_2024__energy__0002__chunk_0006","f2c86328f74d276d0b4416d35e0de7bfb7ad55b4ef6134cbf413c78cbcdc2457","","",""
"NKE__NKE_NIKE_INC_CL_B_2024__energy__0005__chunk_0000","a86304a437ac6d1723306046a8b604a1760c560904b74bb2d3cb5ee496437499","","",""
"NKE__NKE_NIKE_INC_CL_B_2024__human_capital__0002__chunk_0000","d8dd1f0be527581d45d52815321fe1998a52c37b6e6da848eb9ee870f6195338","","",""
"NKE__NKE_NIKE_INC_CL_B_2024__supply_chain_ethics__0003__chunk_0000","df7b4df7ece424d233aece4be792f41396656e0c770ac5eca88db79c9251e6df","","",""
"NKE__NKE_NIKE_INC_CL_B_2024__supply_chain_ethics__0004__chunk_0001","ed4cf67e7ec3b574f100d40f4109b593454cd42c77eb2b3d65c8e3ed13192145","","",""
"NKE__NKE_NIKE_INC_CL_B_2024__waste__0004__chunk_0002","67d4c1b892cbfb0d523254ce570d0eecf9cb747eaaca6c36956d25295e420f1e","","",""
"NWL__NWL_NEWELL_BRANDS_INC_2023__community__0005__chunk_0001","0e8fdfd0316210d6ae601f2ce1c952d8c6ecb1e8852dc8b28d26fac2fcd57133","","",""
"NWL__NWL_NEWELL_BRANDS_INC_2023__data_summary__0001__chunk_0000","e0081c36e0d7c1e3d796f29dddfc287c68acf695a0e899a55e1906d2d329475c","","",""
"NWL__NWL_NEWELL_BRANDS_INC_2023__human_capital__0001__chunk_0000","b0303b75f070f902030c8c05fe2128bfeeb9b2f1de973f4ea4b1e6902c784219","","",""
"NWL__NWL_NEWELL_BRANDS_INC_2023__human_capital__0003__chunk_0000","ced84e77c0bbf4953788b263538e72c13227ee3f185f41f24638e329b360f66b","","",""
"NWL__NWL_NEWELL_BRANDS_INC_2023__human_capital__0007__chunk_0000","e612190075eb5270f13a208e7dde57a285f8a60df843a872f2868cc8bacf7145","","",""
"NWL__NWL_NEWELL_BRANDS_INC_2023__social__0001__chunk_0000","f5ea1093ad5534910038b111ee21442de5a9db028f61a5744446ffdc8574e4ff","","",""
"NWL__NWL_NEWELL_BRANDS_INC_2023__supply_chain_ethics__0003__chunk_0000","9abb4ea607ec228d32f8d62b2fcf3e4528634b28df19951d6fb1c92e883c5518","","",""
"NWL__NWL_NEWELL_BRANDS_INC_2023__waste__0003__chunk_0003","796edf87c0e9ec7716f17e954adb36f71feeb26f17f0d2c246b23e322e4b74a1","","",""
"NWL__NWL_NEWELL_BRANDS_INC_2023__waste__0003__chunk_0004","93fa8c4233c61c182fd40fc26bdb7c3a4e1cce68acc88c97b3edf7215674ffd1","","",""
"NWL__NWL_NEWELL_BRANDS_INC_2024__ethics_compliance__0001__chunk_0000","8313bbab64b1de865bb8535bd63a3e0b889151ea377f8c14ffca007df635a2de","","",""
"NWL__NWL_NEWELL_BRANDS_INC_2024__ethics_compliance__0002__chunk_0000","c7234c0aa9b4f7b5babdf272564af5700e86f8d1bc87826d3b519bdaff4bf1b2","","",""
"NWL__NWL_NEWELL_BRANDS_INC_2024__governance__0001__chunk_0000","c4b10b496504a7e84391a8a8c1d4ae2e5eefebaf6dceadfe982232ebbe71dc14","","",""
"NWL__NWL_NEWELL_BRANDS_INC_2024__human_capital__0001__chunk_0001","91ff8110d645dd7dfb736cb61d3623157e3615326cebfec1f6da7e974a8f8731","","",""
"NWL__NWL_NEWELL_BRANDS_INC_2024__human_capital__0004__chunk_0002","f91dc8bc1c4aab918c4b779bd1ce6b475d5cfdda729e76f83556090018e94571","","",""
"NWL__NWL_NEWELL_BRANDS_INC_2024__human_capital__0006__chunk_0000","e9b1f83b63024603fd2b7feff95b6cc23ceaeb204e4ec3da07a195705094a4c9","","",""
"NWL__NWL_NEWELL_BRANDS_INC_2024__human_capital__0006__chunk_0001","c2dcbf264e9f5fa107fbaa0f7f18078ecca64fbba3984e1b142caa48334ff3f9","","",""
"NWL__NWL_NEWELL_BRANDS_INC_2024__supply_chain_ethics__0002__chunk_0000","c00e66d8e67b228084d91da67935a695625047ab4777f1ebd0472107bdba5803","","",""
"ORLY__ORLY_O_REILLY_AUTOMOTIVE_INC_2023__appendix__0001__chunk_0000","5ef6737ee99cf956cd2146fc3032f29d9c5ccd5602e23862e6ceb0466d5e224c","","",""
"ORLY__ORLY_O_REILLY_AUTOMOTIVE_INC_2023__appendix__0003__chunk_0001","9476b0ce92adaac34800a8053848d2ed51713ed7bfc046333c7574f3c1af5d93","","",""
"ORLY__ORLY_O_REILLY_AUTOMOTIVE_INC_2023__ceo_letter__0001__chunk_0001","a3079aaa693229a6f6c2ab081fa7a51b4d07b8e7d88c33ace5ad5f5cd999eb16","","",""
"ORLY__ORLY_O_REILLY_AUTOMOTIVE_INC_2023__governance__0001__chunk_0001","a96226b002a3fa0847fc58db890bb1d973401a4dd6490bc91d88e4db5c42f70e","","",""
"ORLY__ORLY_O_REILLY_AUTOMOTIVE_INC_2023__human_capital__0005__chunk_0000","1d1fd6ed0e772131aede2650579b9cdd6fe20b4897c3d60396e4c8cc5d781a21","","",""
"ORLY__ORLY_O_REILLY_AUTOMOTIVE_INC_2024__appendix__0003__chunk_0000","a3601e53859bbe380d333f446c5ae33fa77547a4b404237297aef09f187ab7ba","","",""
"ORLY__ORLY_O_REILLY_AUTOMOTIVE_INC_2024__ceo_letter__0001__chunk_0001","fbc06eaff3db3111ce346850b06cd5395f6719194da434a095357ec518703a1c","","",""
"ORLY__ORLY_O_REILLY_AUTOMOTIVE_INC_2024__environmental__0002__chunk_0001","941bff4a46286443824c24792a9f974203b33cd93405a00372dd1bb63feca4f6","","",""
"ORLY__ORLY_O_REILLY_AUTOMOTIVE_INC_2024__ethics_compliance__0004__chunk_0000","85ac237abed18f7374dee647fafc09250b9094503993cc675329cda9459d86eb","","",""
"ORLY__ORLY_O_REILLY_AUTOMOTIVE_INC_2024__human_capital__0001__chunk_0002","4eab894ccd560418fdac49faa75cee7c852c35250296bdd27def35bfcf4ffd8c","","",""
"ORLY__ORLY_O_REILLY_AUTOMOTIVE_INC_2024__human_capital__0001__chunk_0003","fdac61b2e232909217bcc3005ca9d542e3276b83a668ff08d96dd7a5708e1def","","",""
"ORLY__ORLY_O_REILLY_AUTOMOTIVE_INC_2024__human_capital__0003__chunk_0000","06f19f1ea1ac75466774c79ed6b9c92dc4b9863d6265f674e0151fb2c46437fe","","",""
"ORLY__ORLY_O_REILLY_AUTOMOTIVE_INC_2024__human_capital__0003__chunk_0001","c6db7d04f8783b69fe3cdf960d68b5625365212806ca2c743cbd2405b1f1b1d0","","",""
"ORLY__ORLY_O_REILLY_AUTOMOTIVE_INC_2024__human_capital__0004__chunk_0000","eada9e4ba974e218a7e78eccd5dde269ce2cf3145d170afdb7fe4ce42a2a2721","","",""
"ORLY__ORLY_O_REILLY_AUTOMOTIVE_INC_2024__human_capital__0005__chunk_0000","ccd90c076dc2473a14ba37df072db764f48364316a9e0b8273799844dd45a44d","","",""
"ORLY__ORLY_O_REILLY_AUTOMOTIVE_INC_2024__supply_chain_ethics__0003__chunk_0000","f6b2c3674050cac62806d03f6ae071e4bec0c603acd2ac38ff27fb3e47e616fe","","",""
"PLCE__PLCE_The_Childrens_Place_2023__about_this_report__0002__chunk_0000","183117eaa8912e249e3805c1f02e1cc32116b144ae590c948fad2b6982e1f0cc","","",""
"PLCE__PLCE_The_Childrens_Place_2023__environmental__0003__chunk_0001","fd7bb99897742953dfd83604b22721b957358c3b439b85d8e09be26ac4baf34e","","",""
"PSMT__PSMT_PRICESMART_INC_2023__appendix__0001__chunk_0000","fb8dd00a4f18bb250b1b3ea6ba60750b4cfea673bf5a6a7af2b0a437bcd6da09","","",""
"PSMT__PSMT_PRICESMART_INC_2023__governance__0001__chunk_0000","b5cd22d7590f5ba433fc589b553dca4bd31594892e9238d7413ab5ec79a855a4","","",""
"PSMT__PSMT_PRICESMART_INC_2023__governance__0001__chunk_0002","f623dc1d265e915949366eb237f0b6ffc65f5c0b6bb539e0f8cf96d91a7dc5dd","","",""
"PSMT__PSMT_PRICESMART_INC_2023__governance__0001__chunk_0003","99f4790607c40bbb572ee90c25f368e409ca1696ec12ff87ae2b2315cea457d1","","",""
"PSMT__PSMT_PRICESMART_INC_2023__governance__0003__chunk_0001","db9776b18cde7b14e5486ad5e778d2417e0fad10cc3d1d6265df9b737a8c5a83","","",""
"PSMT__PSMT_PRICESMART_INC_2023__governance__0003__chunk_0003","e912805172f7d9640c50f5b574751029f1a0619674bc5adb052ad63f3df18e89","","",""
"PSMT__PSMT_PRICESMART_INC_2023__governance__0003__chunk_0006","0808ea04867d1eede4aa6c82b065fae65a852bd59c0379693a0f72d598fd3917","","",""
"PSMT__PSMT_PRICESMART_INC_2023__human_capital__0001__chunk_0002","e4fa31dcede01e24adb40bcf0de9d536a02e5ad6a2c45ab05ea18d78ac1b198c","","",""
"PSMT__PSMT_PRICESMART_INC_2023__human_capital__0002__chunk_0000","35bfd2c42092af86aa6ca49c5ac0b2b6f6b187e8b28100cb3a27abbd7cd658ee","","",""
"PSMT__PSMT_PRICESMART_INC_2023__human_capital__0003__chunk_0000","964f970d092db7fb02fb8fce457f6f046504ac25587e265be85474049cb5485d","","",""
"PSMT__PSMT_PRICESMART_INC_2023__supply_chain_ethics__0001__chunk_0000","00745aa3a6a2f32c69bfb21f1cf705c0e74c52422d3cfaa0adcfdeefdaecd453","","",""
"PSMT__PSMT_PRICESMART_INC_2023__supply_chain_ethics__0001__chunk_0002","e79abfc9e6451bbd3403608910ab695604b228ad1c40a65a90b4a09029a74a08","","",""
"PSMT__PSMT_PRICESMART_INC_2023__waste__0001__chunk_0002","b1fda66a20784f784d8f393ca7b49d6dfee4fc9a31c73ba72a5be417d054dc94","","",""
"PSMT__PSMT_PRICESMART_INC_2023__water__0001__chunk_0000","938cd377ec07fb11c56a3b3c0ee69dfdc8e9a112bc3217938659880eb356c69b","","",""
"PSMT__PSMT_PRICESMART_INC_2024__about_this_report__0003__chunk_0000","b5fbe58e4677bcadb9c5f98ecf44f337f84af6b12b2dd8ebf562c72ff8c98802","","",""
"PSMT__PSMT_PRICESMART_INC_2024__community__0001__chunk_0000","7781f871bea50102d4a54d86eb1c882f3253fcd896c76967c1ab48ef3e721a07","","",""
"PSMT__PSMT_PRICESMART_INC_2024__community__0002__chunk_0000","d3220d6c2364e8a0639c78284899514aa2d462f6d7b204f8fb2ebb401338dcb9","","",""
"PSMT__PSMT_PRICESMART_INC_2024__diversity_equity_inclusion__0001__chunk_0000","89a8fabbb71393e9fb3396260e128f008f07b68300915f226ca2e45223d422c1","","",""
"PSMT__PSMT_PRICESMART_INC_2024__diversity_equity_inclusion__0002__chunk_0000","2ec2f294ab227d41e74266914981abc12562bf2bfa5d65bf43ed210e52550133","","",""
"PSMT__PSMT_PRICESMART_INC_2024__human_capital__0003__chunk_0000","45cd1e21a82a8bccdf84cdc5aa0c43ce54df0c433e6b3a75de399504769c4f31","","",""
"PSMT__PSMT_PRICESMART_INC_2024__human_capital__0004__chunk_0000","b815c26f2affd4a7ce84ff2b06136f7b3053e0bee57f6b01d1efb370b54c0b87","","",""
"PSMT__PSMT_PRICESMART_INC_2024__human_capital__0004__chunk_0001","f9cc2bfaa1d7798254248af69113e6d85349b5e7faabead456349a511939d051","","",""
"PSMT__PSMT_PRICESMART_INC_2024__human_capital__0007__chunk_0000","0c06426692d4e667f94f942795cca8fcf3ed870b3f1f6c94f77ee3dfdb203079","","",""
"PSMT__PSMT_PRICESMART_INC_2024__other__0001__chunk_0002","df41e611add5d50c2bbf9e8c87f9b9f26998295838ac75179285dcccedf85f35","","",""
"PSMT__PSMT_PRICESMART_INC_2024__other__0001__chunk_0003","081c08723f58efd480e457ef9e266ef158c520ee7631f1c76ddc6a16f3e7ac35","","",""
"PSMT__PSMT_PRICESMART_INC_2024__other__0001__chunk_0005","751ccfb1a944b79bb190ea170617baebe64b81f4692a94d584b50a84dd253bdc","","",""
"PSMT__PSMT_PRICESMART_INC_2024__other__0001__chunk_0006","624df48006316506f325c5eb03d841137142e518dab14206620853255f98b8e1","","",""
"PSMT__PSMT_PRICESMART_INC_2024__other__0001__chunk_0007","1bb83b43c301e2fdf36cc87f7c0cc39b539db7f12d7f6269b4a059621430ce00","","",""
"PSMT__PSMT_PRICESMART_INC_2024__waste__0002__chunk_0001","360962935c4cd377b26c18b5fe2e44596025a9850015853ab787eeec396c1abf","","",""
"PTRN__PTRN_PATTERN_GROUP_INC_2023__about_this_report__0001__chunk_0000","ccd27fd6e814c3ee5d1841b23a8d80a52a0ee462a8e81eb8f6c897a297a47a23","","",""
"PTRN__PTRN_PATTERN_GROUP_INC_2023__about_this_report__0006__chunk_0001","923002267fd93736eb60e05b531b345c41a60dab9335d2bf78bb0edb14bc1d57","","",""
"PTRN__PTRN_PATTERN_GROUP_INC_2023__climate__0001__chunk_0000","572f709ee9141aa991ad378f8d04f88d988ad25a8e7c83330dc3c96812ad594a","","",""
"PTRN__PTRN_PATTERN_GROUP_INC_2023__data_summary__0001__chunk_0000","147e4981a0810db0459fb5e193b753f5558a7815372137f9beb43db2ce7a58bc","","",""
"PTRN__PTRN_PATTERN_GROUP_INC_2023__diversity_equity_inclusion__0001__chunk_0000","4feb88d173215e6e67317f67f60adfe5b79fef4c10dd6f541c0e78aa473dc255","","",""
"PTRN__PTRN_PATTERN_GROUP_INC_2023__emissions__0001__chunk_0000","245cf8bd53ce22aec9ab6201c5c83fdb79bb5bcfb0a600333e006684d1802cc6","","",""
"PTRN__PTRN_PATTERN_GROUP_INC_2023__emissions__0002__chunk_0000","6189863872c7d2b84cd3cc9b55472ad0fbd5cd052217227a3b105741e694bb31","","",""
"PTRN__PTRN_PATTERN_GROUP_INC_2023__energy__0003__chunk_0000","38458ce023ef86199dac2936af76192c488dff31741ae943fb88b5d48f50647b","","",""
"PTRN__PTRN_PATTERN_GROUP_INC_2023__governance__0003__chunk_0000","98e1a4b1aeb509192f1a5c8a265449da06855e83bd48fad0ea5c3328ba7e8fa5","","",""
"PTRN__PTRN_PATTERN_GROUP_INC_2023__governance__0005__chunk_0000","504170e5bff7f287c5302983b09809893f80c06b5676576552412cd0b2e09aac","","",""
"PTRN__PTRN_PATTERN_GROUP_INC_2023__other__0001__chunk_0000","201bbe19388baafbf003d9a4773a0e81dbba4cc4c97135fe5099f1c5eefa587b","","",""
"PTRN__PTRN_PATTERN_GROUP_INC_2023__waste__0001__chunk_0001","cf78529a2210c3da6cfc8fb21b09e75fc23a4333836961e218d97d8b1cf6bd41","","",""
"PTRN__PTRN_PATTERN_GROUP_INC_2023__waste__0003__chunk_0000","7ef8b759c538c44759899cf614363dfb7802cc740c003e8784489d1d36224df5","","",""
"PTRN__PTRN_PATTERN_GROUP_INC_2023__waste__0005__chunk_0001","43489646cc5a5f6e255f7f8bebed89616bb3f49ec5b1db1a7813e4cf2a3463bf","","",""
"PTRN__PTRN_PATTERN_GROUP_INC_2023__water__0002__chunk_0001","95bb50aee6ca6a5f98359831d5a6a47617bde7a4a8349352f76a37f9f1c86387","","",""
"PVH__PVH_PVH_CORP_2023__about_this_report__0003__chunk_0001","5d69f6cee2c4e6e632e5f600081b7a40fb8cca83dc36bebe06e31b6898661e30","","",""
"PVH__PVH_PVH_CORP_2023__climate__0003__chunk_0000","8809c0cd6d8c57e506f7858b7ef5e48fc232a0ab25af084d15af0ad8af4b2743","","",""
"PVH__PVH_PVH_CORP_2023__climate__0004__chunk_0002","86be6cdd4d846ea454f20c86ff58f852e8fa7121a7abbba1f766c1620677557d","","",""
"PVH__PVH_PVH_CORP_2023__community__0002__chunk_0000","62f8ed1ad133c24e695b22385128f0a76a820cbe13d29f5ca23ad3bcd8ffa9bd","","",""
"PVH__PVH_PVH_CORP_2023__environmental__0001__chunk_0000","cc2a48cd108e248bf5ab985305aa5fd91bde19583b61730b1b82ba89dbfa93c9","","",""
"PVH__PVH_PVH_CORP_2023__environmental__0006__chunk_0000","83f563bc639a3dfc9382b58e3520f6586de5f2ab4771fdeb5dba8d83d7834549","","",""
"PVH__PVH_PVH_CORP_2023__governance__0004__chunk_0000","d121f45b7f8e74588edc9bd2b5f591fdeb6a3ec36afe7045b13e93737fc9833e","","",""
"PVH__PVH_PVH_CORP_2023__human_capital__0004__chunk_0003","4fa6da3099af2f81de851e526cc5e55362e816f64a97326a573f2a6888e34ba3","","",""
"PVH__PVH_PVH_CORP_2023__human_capital__0008__chunk_0000","53ffee330a6ea7ff55ce5f7af7aa622efc79a95cbf2ef825366cafdd20decef8","","",""
"PVH__PVH_PVH_CORP_2023__human_capital__0012__chunk_0000","41a22b1c1b0612da19d35a101253ad57a92f05c67c2e51e8eb06b0691e6f3699","","",""
"PVH__PVH_PVH_CORP_2023__supply_chain_ethics__0007__chunk_0000","cd46eb36e4f252fd4215d89c7ed0a1163bf8b8c2b98aab546a248629b72dc91c","","",""
"PVH__PVH_PVH_CORP_2023__supply_chain_ethics__0009__chunk_0001","b0ef9300ee9e1ab65c2452100c9240d1747f3e9b412760aec948b6f90b4b4d33","","",""
"PVH__PVH_PVH_CORP_2023__supply_chain_ethics__0010__chunk_0002","1fb6e60065cef11afcc1b930a3bdcd6a6af1920adbde46f90ef983398658bed8","","",""
"PVH__PVH_PVH_CORP_2023__supply_chain_ethics__0011__chunk_0000","57b305261eb0d1cc338fd1acb11a3fd3d7ed135839ea4b78e49d8ea8ab2889bd","","",""
"PVH__PVH_PVH_CORP_2023__supply_chain_ethics__0012__chunk_0000","f617ac440888a1f0aae8523830752784604b7c68f7212f5b9def34067024c49f","","",""
"PVH__PVH_PVH_CORP_2024__about_this_report__0002__chunk_0000","4e5bc57902f23d05c494d2b492bac60f4d4a08f4f83cf12353afc7f1d18563b4","","",""
"PVH__PVH_PVH_CORP_2024__emissions__0002__chunk_0000","63081231e0a7c4f5fba8c4dddfba1d44b10ce4238677fbb5c84b3d57f78e99d9","","",""
"PVH__PVH_PVH_CORP_2024__environmental__0001__chunk_0000","16923b0bd549cfc31dbe43f08de7a2f7eb971ce10d00361907c2d9bdd77bab30","","",""
"PVH__PVH_PVH_CORP_2024__environmental__0003__chunk_0000","0830654c983fbfde7ebe39124826d269ce86e7c73cda0ca8e1f652d5c6b13840","","",""
"PVH__PVH_PVH_CORP_2024__governance__0002__chunk_0000","43b846b939a3c57e60e5caadb7f20e04581893aabe93274de7d1a6a25ccab3f0","","",""
"PVH__PVH_PVH_CORP_2024__human_capital__0001__chunk_0000","66b586184f78152b8cb23d2519ce074269c3f1ad4ab68bb9f0dad5641bad0f79","","",""
"PVH__PVH_PVH_CORP_2024__human_capital__0002__chunk_0000","ca6f8719cc14c4a1d6b1a6fca44cce30b23df4274981a410fe42d890dbaa4963","","",""
"PVH__PVH_PVH_CORP_2024__human_capital__0004__chunk_0000","5c82567c78b3bc015b1aac1fa3e7b0f8f67432fe0e8e575b42b7df50e90cbb66","","",""
"PVH__PVH_PVH_CORP_2024__human_capital__0004__chunk_0001","e9659f41746902fb0420bff3180bc16725c005abf812a63fcd9269f1a730a2ac","","",""
"PVH__PVH_PVH_CORP_2024__other__0001__chunk_0000","41a545c5b783d8adb012902867151add11c8d41722c84d522fe4405daac3fa7d","","",""
"PVH__PVH_PVH_CORP_2024__supply_chain_ethics__0008__chunk_0000","d9d8e7a389c7032d3cb1e2c51087e858e34a1e8f9298f6a6abe1b4cd9a6acf07","","",""
"PVH__PVH_PVH_CORP_2024__waste__0005__chunk_0000","608395625420ff340ae536ec9682a780dfbfcc264e0d9b2ad193265aabd5e521","","",""
"PVH__PVH_PVH_CORP_2024__water__0001__chunk_0001","f9bd55d5a9ee492696c76aef4b833dc31b0290209088d29f855962c23216fe6f","","",""
"RCKY__RCKY_ROCKY_BRANDS_INC_2023__community__0002__chunk_0000","116cbbccaddfeb1582301ff934dfa08ff1dc065795fc7ad3f965b09cb379d65f","","",""
"RCKY__RCKY_ROCKY_BRANDS_INC_2023__community__0004__chunk_0001","d43ece72635cc46e5ce5be00912d43c43ce68c040d423dbf455ade1504036bb9","","",""
"RCKY__RCKY_ROCKY_BRANDS_INC_2023__diversity_equity_inclusion__0001__chunk_0000","bc70524528200b2d70cc94a1d7119780bb3c0422e6f1be4fe95fe752e4113e5e","","",""
"RCKY__RCKY_ROCKY_BRANDS_INC_2023__energy__0002__chunk_0001","39be690bc0f6e2590f3515cbb9a52b14bf7a43b44483691819c31194cf79bf63","","",""
"RCKY__RCKY_ROCKY_BRANDS_INC_2023__environmental__0002__chunk_0000","97ee86a79e3e2dd9cb3ce5f834a3aa32ee0cb896ed4339c3fd47aa044879e0a2","","",""
"RCKY__RCKY_ROCKY_BRANDS_INC_2023__ethics_compliance__0003__chunk_0001","707de1f62add416372e50e735fd35ca4a82c6bceb65a6ac776dbb1c5523b3a51","","",""
"RCKY__RCKY_ROCKY_BRANDS_INC_2023__governance__0002__chunk_0000","c0e3e3ff1e6eb6d39b5495fc1869cfb61bb0212fdcb34926e74bfb43c339d9f6","","",""
"RCKY__RCKY_ROCKY_BRANDS_INC_2023__governance__0003__chunk_0001","8d57937ecb15ec035d832da5910a370ee1e4ff101e856b2526510ce61ffd94f4","","",""
"RCKY__RCKY_ROCKY_BRANDS_INC_2023__governance__0005__chunk_0000","805472e5536c4a500fe389f9d8a9965569766bfe038a598c8c6f0c8f5e9732b6","","",""
"RCKY__RCKY_ROCKY_BRANDS_INC_2023__human_capital__0002__chunk_0000","e4f9f0cacb8e43cfd9d39e9b4bf57f7f4db1a456ff8c13aa5380135db3a27f89","","",""
"RCKY__RCKY_ROCKY_BRANDS_INC_2023__human_capital__0003__chunk_0000","a6520ec8319a0769fcbd0d13f1995884eec1415a7fa15084bceaf3ae4ad88795","","",""
"RCKY__RCKY_ROCKY_BRANDS_INC_2023__human_capital__0005__chunk_0000","a2194f631e1a9e8186107a7a3a132db1aa072e050c4eb83d955af322121e4ffa","","",""
"RCKY__RCKY_ROCKY_BRANDS_INC_2023__supply_chain_ethics__0001__chunk_0000","11e52f53af6161c521a2abbeaa8183fddb6fa9fb461a7d2ba0c5ed91f302ca4d","","",""
"RCKY__RCKY_ROCKY_BRANDS_INC_2023__waste__0001__chunk_0000","e3691da9131b89db1b5cc952dfd3556de82174b1975d21a37a90e64db1cc2536","","",""
"RCKY__RCKY_ROCKY_BRANDS_INC_2023__waste__0003__chunk_0000","e84400dfa64569f13d11f0a0ec17c2cdbe76e45c21c50a0a921675a388a7efad","","",""
"RL__RL_RALPH_LAUREN_CORP_2023__about_this_report__0003__chunk_0002","cc07f444daa71e686e0c36106c421bb7b7f36255b28ee08006babe243b187172","","",""
"RL__RL_RALPH_LAUREN_CORP_2023__about_this_report__0005__chunk_0000","7717d82a98cb5f482f34309d9c37433bea3f70c530fbc805b9a0a978c602cba5","","",""
"RL__RL_RALPH_LAUREN_CORP_2023__about_this_report__0006__chunk_0002","2ab8d1162dfed2770adaa1d65388069c867071a4af1abb6b9908272026556355","","",""
"RL__RL_RALPH_LAUREN_CORP_2023__community__0005__chunk_0001","fed6afb93cef02926f8c16579000efd7433e71dc49fb8ebf89e97096fcc28bd0","","",""
"RL__RL_RALPH_LAUREN_CORP_2023__community__0007__chunk_0000","5968fe0bcb2a7113316d044c2f40c5259c5dc3ae00cc7eca80a499598b6c57a6","","",""
"RL__RL_RALPH_LAUREN_CORP_2023__data_summary__0001__chunk_0000","207829b1f88212ba963b8062eaec369758890c2417716d2a9c067ed1f39511cf","","",""
"RL__RL_RALPH_LAUREN_CORP_2023__energy__0003__chunk_0000","c18077b5088ffafcb091ce4103f63d7aaa4b504f721f6f25b55d8f53a8f07e01","","",""
"RL__RL_RALPH_LAUREN_CORP_2023__environmental__0005__chunk_0004","5ba2cbf682410844f8d6b2b5f9011ff268c75fde09f508a30df6af44d18c5afa","","",""
"RL__RL_RALPH_LAUREN_CORP_2023__environmental__0006__chunk_0000","571e0203fc0fde90088c797cfde64cd246d17e52821f1d9df8076259ae2ea88b","","",""
"RL__RL_RALPH_LAUREN_CORP_2023__governance__0009__chunk_0000","ab91a9585099775b7e6653ea107fdede36a3c91e5837addcb4c219b20b051ea5","","",""
"RL__RL_RALPH_LAUREN_CORP_2023__governance__0009__chunk_0001","5ee527c3ea706f60b49532e0938613e42abdd2d26c2c57c7f92d6a0a2f0169b4","","",""
"RL__RL_RALPH_LAUREN_CORP_2023__governance__0010__chunk_0000","ed7093857a7eaeea4c57be5d08b5619a3d6a30d45921df6de70f2d36e74cb2f6","","",""
"RL__RL_RALPH_LAUREN_CORP_2023__governance__0010__chunk_0003","5add3816d8d99640359d2530e30fc2ebe7ea7d9eec686a054970217804e143f5","","",""
"RL__RL_RALPH_LAUREN_CORP_2023__waste__0002__chunk_0002","cd182120280de7f6e71b8239bc1ba1fadb5ffca51321fce022df3b580df3e92d","","",""
"RL__RL_RALPH_LAUREN_CORP_2023__waste__0003__chunk_0000","416068f87036009aaddb959b8a22766495216304f9c5260f6d69ea1659e74726","","",""
"RL__RL_RALPH_LAUREN_CORP_2024__data_summary__0001__chunk_0001","06621bb5a6f6be87baceb6c542073b7378c44390a8a57e4608629d72c7f14dfa","","",""
"RL__RL_RALPH_LAUREN_CORP_2024__emissions__0001__chunk_0001","49d3884ff7f952e45b8db14b96ade07bd8883040e5e556579b5ea480ee7bebc8","","",""
"RL__RL_RALPH_LAUREN_CORP_2024__emissions__0005__chunk_0000","109b767923c37f9b57ae9b664c68fd07bb78f6345d213e071520ff8048a26ce3","","",""
"RL__RL_RALPH_LAUREN_CORP_2024__energy__0001__chunk_0001","483bee08fe0a3f48b34fb98597a96b262bbb298eaaa5d66a4f054ea822e2a4fd","","",""
"RL__RL_RALPH_LAUREN_CORP_2024__environmental__0003__chunk_0000","20d9fac9e431b073cbef1a9cbe320f844efd321acd0418987a89d4645597546b","","",""
"RL__RL_RALPH_LAUREN_CORP_2024__governance__0003__chunk_0000","a12ea5bb5133253a9ead18af5be1b73b41a3c2e0b28e672654a0183733034bea","","",""
"RL__RL_RALPH_LAUREN_CORP_2024__social__0001__chunk_0000","93fcdf99e687ac5ac65ab0d338fb567ce523604c80123e5fd27e878888f6be82","","",""
"RL__RL_RALPH_LAUREN_CORP_2024__social__0002__chunk_0000","d4b78c42ef2b58dcaa817838c82089acf3b86b530c6c2422b5b3dc3b506e3d2f","","",""
"RL__RL_RALPH_LAUREN_CORP_2024__supply_chain_ethics__0003__chunk_0000","d2610886ec8f669fab6589dca2516449d72ebb3648b9b2c7ff77625710d0e9f7","","",""
"RL__RL_RALPH_LAUREN_CORP_2024__waste__0002__chunk_0003","e567eef443fe5f7611bcb8e5f04b8fa7b9153936fe6ec88d1279bf2c0f9ef379","","",""
"RL__RL_RALPH_LAUREN_CORP_2024__waste__0003__chunk_0002","22858e873e671f866f443e2d4c7f196adef671fff519e99d37fdebe1c2e3577c","","",""
"RL__RL_RALPH_LAUREN_CORP_2024__water__0001__chunk_0000","9b97a103d1fae68ab0c3e3fbf0a815fd9e4be4b8bab723876c36e53e8e4775a5","","",""
"ROST__ROST_ROSS_STORES_INC_2023__climate__0001__chunk_0000","61e3901c42c6c0e9c67e49651c8e2cbb505e02eb4a71dcfbb6e6da8fae00d9eb","","",""
"ROST__ROST_ROSS_STORES_INC_2023__community__0002__chunk_0001","e03236ec3eb015fd62ea0c012faad0f95a4ab8f92aa2908802044f1b24c008ba","","",""
"ROST__ROST_ROSS_STORES_INC_2023__environmental__0002__chunk_0000","dd8de0245818c8eb9a8df2e357360903a6c6687a9e49117401a39249c95b3492","","",""
"ROST__ROST_ROSS_STORES_INC_2023__ethics_compliance__0001__chunk_0000","7f5451ba373e75538cc849782d01ada528c0a6bc4baef8c59a05e76aa7174435","","",""
"ROST__ROST_ROSS_STORES_INC_2023__governance__0002__chunk_0000","ebbea187d70fc9ebe3b077915e507def18e28ca33b7c4cc29dc303fc6c9d3a83","","",""
"ROST__ROST_ROSS_STORES_INC_2023__governance__0004__chunk_0000","e8469ce292fabf521bc2d576c7d5ad95c0bd44c3d56f1c05a7a48a2c2b8f2fa7","","",""
"ROST__ROST_ROSS_STORES_INC_2023__human_capital__0003__chunk_0002","2eadc4367220d1f6885877d6ac87d8de8f4359e29b8e1f492247d5999028753d","","",""
"ROST__ROST_ROSS_STORES_INC_2023__human_capital__0004__chunk_0002","a8f818667b6f47395aad13cbe384ebb4e00c1910c0a9570e002b4cefee30ee15","","",""
"ROST__ROST_ROSS_STORES_INC_2023__human_capital__0007__chunk_0000","1c5f08b72c9d957fa8b710ed592fa011a99a177458f4bd8a341d99faa0661ca6","","",""
"ROST__ROST_ROSS_STORES_INC_2023__human_capital__0011__chunk_0001","1e576c2b32a35cca36cfe3cdf361c1d8fff6636dfcd368848526798394f49dc9","","",""
"ROST__ROST_ROSS_STORES_INC_2023__human_capital__0013__chunk_0000","9a19823407de8ea52df4056187457eb4e14a542d49314d1fa0cb0d02acb5ecc8","","",""
"ROST__ROST_ROSS_STORES_INC_2023__social__0001__chunk_0000","a807758bd2b32e41a2591c030b86f447127d17f1794f87a0a51c8bd5e3dfbb82","","",""
"ROST__ROST_ROSS_STORES_INC_2023__social__0002__chunk_0000","50c464a4e0eeda062cf9fa02cd1e27d3b7dab86d9215b0875beb489ee5794e39","","",""
"ROST__ROST_ROSS_STORES_INC_2023__supply_chain_ethics__0003__chunk_0001","9e0f3e25817e7f2ba5b1fabf050d76a61fd8d2336d5df5952b80d8d7c33aea0e","","",""
"ROST__ROST_ROSS_STORES_INC_2023__supply_chain_ethics__0004__chunk_0000","5d26a86dbc06eaa393ab752861ed85b53f156638f1dc846756f609e0da6f5547","","",""
"ROST__ROST_ROSS_STORES_INC_2024__climate__0001__chunk_0000","4f056ae8cfb2156df756a359dd76f13b6396e9747c464048b200e2584d0bdd8d","","",""
"ROST__ROST_ROSS_STORES_INC_2024__climate__0001__chunk_0001","bbdac34e24178886cfe32b70fdfc8682f2399f6eba1df5745c0fe098c3b399cf","","",""
"ROST__ROST_ROSS_STORES_INC_2024__community__0001__chunk_0000","ecd1e176343ef8ba5b025e45dcb2b0153792abb463d4e6d4079dcb1582fb8df1","","",""
"ROST__ROST_ROSS_STORES_INC_2024__community__0006__chunk_0001","671dcaca964946bec230ffaac0666fb422cd0d39e05c294dba7f02b037114178","","",""
"ROST__ROST_ROSS_STORES_INC_2024__community__0007__chunk_0000","45b3993a9ff477326aac8156e504673a1b24e01fd62c5ef35c99204551e0846c","","",""
"ROST__ROST_ROSS_STORES_INC_2024__community__0007__chunk_0002","061178cf5a8b17398bd506059e3e1ed2d92f0c09a742b2d769ddc5a94eb6bf83","","",""
"ROST__ROST_ROSS_STORES_INC_2024__diversity_equity_inclusion__0002__chunk_0000","f04acbb5698682341eb460c5079801755bb0e73b1f091573a4b738bf6df8ca10","","",""
"ROST__ROST_ROSS_STORES_INC_2024__diversity_equity_inclusion__0003__chunk_0000","99ad7be524866f19e5380373bd6ca51684c53db0f7c176f6c24d14b88304b38a","","",""
"ROST__ROST_ROSS_STORES_INC_2024__energy__0001__chunk_0001","82a4bf92f200447e9802d236c18d6901277373bce0939c17d7c16e6d3e68f85b","","",""
"ROST__ROST_ROSS_STORES_INC_2024__environmental__0002__chunk_0000","7cb519ea114aae63c1c1eedfbdbafc821af70427bdbc33c3a74b0fb3fd6705c9","","",""
"ROST__ROST_ROSS_STORES_INC_2024__ethics_compliance__0001__chunk_0000","51cccee6bfc9c4036a6342ec8bbc7f93d2ac1764edd19a76fcf8160f7a1b86b1","","",""
"ROST__ROST_ROSS_STORES_INC_2024__ethics_compliance__0001__chunk_0001","d0b8801fe23a6207e9a91d03ac458cd99c8c0de7beb5d84d1d35c26b4a97cc8b","","",""
"ROST__ROST_ROSS_STORES_INC_2024__human_capital__0006__chunk_0000","53a9c64ffcfec494858c1607a20de1d86faf3c9981c72bf1f229932c10f0e6f1","","",""
"ROST__ROST_ROSS_STORES_INC_2024__social__0001__chunk_0000","527989cc63cc4c7c23143936594272ec8a3def54e31aa18f093bdc6ff46044e0","","",""
"ROST__ROST_ROSS_STORES_INC_2024__social__0001__chunk_0001","2363c1281cbfa5420bdabdeaabb3851433377e4194db08c46faccc875fe052ac","","",""
"SFM__SFM_SPROUTS_FARMERS_MARKET_2023__community__0005__chunk_0000","ae59434c8c94cf932ae3a96aa211e4ac323f10eda691c1af55be4c2f06714ad2","","",""
"SFM__SFM_SPROUTS_FARMERS_MARKET_2023__environmental__0001__chunk_0001","44cbad6f448a08e09567dc66e7ffe74a7f198d3b218846398a9e98a9dd0e474d","","",""
"SFM__SFM_SPROUTS_FARMERS_MARKET_2023__environmental__0001__chunk_0003","575d0a9cd4856311ac014cba5836e131a37f9b4d7dee19989f82a899fbf78e1f","","",""
"SFM__SFM_SPROUTS_FARMERS_MARKET_2023__environmental__0005__chunk_0002","3bea45c11526f9808b07257a6c50ccfaf3389816f2efb9f096c5565bc4250c39","","",""
"SFM__SFM_SPROUTS_FARMERS_MARKET_2023__governance__0001__chunk_0000","5ced2fc29f20f52c46167b681d9ddf6462f5625c035331bac1d49c52cf0597e3","","",""
"SFM__SFM_SPROUTS_FARMERS_MARKET_2023__governance__0004__chunk_0000","6d87a0831fd8432a729d827028bcaf3bd14cecf37dee56d78eabb63774f00b6e","","",""
"SFM__SFM_SPROUTS_FARMERS_MARKET_2023__human_capital__0001__chunk_0001","40ecf8fe8670f59b1b515f93623760852571b25bd6c12386add8caac6d5993fb","","",""
"SFM__SFM_SPROUTS_FARMERS_MARKET_2023__human_capital__0002__chunk_0000","41fb5a0cc20a31dc3d68029394cce6b177240e294c36ee0cfe927f4cb5decc41","","",""
"SFM__SFM_SPROUTS_FARMERS_MARKET_2023__human_capital__0004__chunk_0001","da75200a0885a380761615bf5f1b6071017ebdb57a7ec8d041337b9b1d6d537e","","",""
"SFM__SFM_SPROUTS_FARMERS_MARKET_2023__other__0001__chunk_0000","c74f47d77d1c8d2d42270a5bd033796813f09b2d96c5a6cf34c119b761c850f1","","",""
"SFM__SFM_SPROUTS_FARMERS_MARKET_2023__waste__0001__chunk_0000","4835e43e1bdc6b02529269b4ef7ab1dadb0ba982d5f8c367aa687629d0a10871","","",""
"SFM__SFM_SPROUTS_FARMERS_MARKET_2024__ethics_compliance__0002__chunk_0000","12fbb894665c0d272c22b809cba1e3c3c8f215450eb01dcffa6533360d5679ea","","",""
"SFM__SFM_SPROUTS_FARMERS_MARKET_2024__ethics_compliance__0003__chunk_0000","8970fbb00b49256802baf8157937a2b014cc0c4d2a30b3a8d096c06bfdc12ae5","","",""
"SFM__SFM_SPROUTS_FARMERS_MARKET_2024__governance__0001__chunk_0001","5486d1ad406f52b4d73f67da4ff83e1437547c3ab77e58677d7337463e3c26a7","","",""
"SFM__SFM_SPROUTS_FARMERS_MARKET_2024__human_capital__0003__chunk_0000","81c5599c271903f9aaabf5e29e80f5bd21badf542c056916c325321df903409f","","",""
"SFM__SFM_SPROUTS_FARMERS_MARKET_2024__human_capital__0003__chunk_0002","75ee6684d0b248eb1602269222ded39063e52432a7b4477a7b35a46ab4663022","","",""
"SFM__SFM_SPROUTS_FARMERS_MARKET_2024__other__0001__chunk_0000","6eb92feda858d4674257ab92270cbbd3aa8bb9dff31f2027a0793a720c944011","","",""
"SFM__SFM_SPROUTS_FARMERS_MARKET_2024__supply_chain_ethics__0002__chunk_0000","5b2796a54840b38214dac96c0ec74e66acd6d7f3223776e80c46fafbcfae29ed","","",""
"SGC__SGC_SUPERIOR_GROUP_OF_COS_INC_2023__community__0001__chunk_0000","b21d1ec9eca4f0e73d045de08c4a588f54f372f768f0638952bbec88b738bb7b","","",""
"SGC__SGC_SUPERIOR_GROUP_OF_COS_INC_2023__community__0001__chunk_0003","af8db73713cff44879e5e3768a8fee2adf30c8bf2177d3367fd2a6e09734982e","","",""
"SGC__SGC_SUPERIOR_GROUP_OF_COS_INC_2023__diversity_equity_inclusion__0001__chunk_0000","a0853eab454644501940a760df8594d373cfd40bf5f6b4388e03ce2568bcc386","","",""
"SGC__SGC_SUPERIOR_GROUP_OF_COS_INC_2023__environmental__0004__chunk_0000","938c7749ace96d1e2708298c7da0e1345697f689c6d3e6c1d64e1cef73893fd4","","",""
"SGC__SGC_SUPERIOR_GROUP_OF_COS_INC_2023__ethics_compliance__0002__chunk_0001","b1bd100ec294c2ecb37cac7d903a9f0f186de665db68aed6d36c299e3b294b13","","",""
"SGC__SGC_SUPERIOR_GROUP_OF_COS_INC_2023__human_capital__0002__chunk_0000","b284fb614c97d96b63566ba8a09a6db2715118318ae615c485497d8455825c56","","",""
"SGC__SGC_SUPERIOR_GROUP_OF_COS_INC_2023__human_capital__0002__chunk_0001","728135576d36fae6af86bf2b2bb61874f545e062f56c5cf3fa7ffbf19012fe72","","",""
"SGC__SGC_SUPERIOR_GROUP_OF_COS_INC_2023__supply_chain_ethics__0001__chunk_0000","33bb21901e7747799f49957505f5e06eda6cf2656264b76183e49a4bf7b7f68c","","",""
"SGC__SGC_SUPERIOR_GROUP_OF_COS_INC_2023__supply_chain_ethics__0003__chunk_0000","10c872c79f5da45bd94399221d8cb1f2f98f3610446620fce7992749c9b59293","","",""
"SGC__SGC_SUPERIOR_GROUP_OF_COS_INC_2024__about_this_report__0001__chunk_0001","afc0020026730c540d98c934885c0b393ba1aa3a95a78c3e84f748e171fa4286","","",""
"SGC__SGC_SUPERIOR_GROUP_OF_COS_INC_2024__about_this_report__0001__chunk_0002","7550a8da622e3933c34c05ab46ea6c8cc7b9eac1220b2aff28a1f80aed25a51a","","",""
"SGC__SGC_SUPERIOR_GROUP_OF_COS_INC_2024__community__0001__chunk_0001","fa7081e3151c4946429f5ffefa9bfbb9edc014590fdb7e1c014aa4562806b9b3","","",""
"SGC__SGC_SUPERIOR_GROUP_OF_COS_INC_2024__environmental__0003__chunk_0001","53a091a7832537391c0b2ff3427e9ffeca3f8fcfa1786cd6fc76c20a0a8b00fc","","",""
"SGC__SGC_SUPERIOR_GROUP_OF_COS_INC_2024__ethics_compliance__0002__chunk_0003","572172164f267c3749a537b94dff33bb48598051980b75dd5c91a6e21cfd4b13","","",""
"SGC__SGC_SUPERIOR_GROUP_OF_COS_INC_2024__governance__0001__chunk_0000","9ecc9af0cd829ee3804ab59c5f91755eb8af4894ef3b76ddf4cfe9abc914ae83","","",""
"SGC__SGC_SUPERIOR_GROUP_OF_COS_INC_2024__human_capital__0002__chunk_0000","8abe341aa71da7a87eae91319e04919cbad62442a9685e5acfe1c77dfd377616","","",""
"SGC__SGC_SUPERIOR_GROUP_OF_COS_INC_2024__human_capital__0003__chunk_0002","f16e66eaa08204a1578f15dbef58f9dc02d867e37fc2b12ef5d95916e3c4bb2c","","",""
"SGC__SGC_SUPERIOR_GROUP_OF_COS_INC_2024__human_capital__0005__chunk_0000","6f5734324e401e09bf59c675fc2338ca590b261eb9d22c7ef9ebb6d62342a8d0","","",""
"SGC__SGC_SUPERIOR_GROUP_OF_COS_INC_2024__human_capital__0005__chunk_0001","6d9d389edde269a5c601f65ecc785b0723f08f90fb66db14a2c23e97bde54bf2","","",""
"SGC__SGC_SUPERIOR_GROUP_OF_COS_INC_2024__supply_chain_ethics__0001__chunk_0000","8ee78ee673dc54c3c7e2e7360aa4513cebd9f49172fb710fb5798b8253046f2e","","",""
"SGC__SGC_SUPERIOR_GROUP_OF_COS_INC_2024__supply_chain_ethics__0004__chunk_0002","f4a78a4103eac2ededf1d2f19f97989145578ce8bb22da5af2b6b5ae523cb977","","",""
"SGC__SGC_SUPERIOR_GROUP_OF_COS_INC_2024__supply_chain_ethics__0005__chunk_0000","b7606c551171184fc8b3be2c22a35af3dc604948d6e7b2d91d6cf72bab36c67a","","",""
"SGI__SGI_SOMNIGROUP_INTERNATIONAL_INC_2023__about_this_report__0001__chunk_0001","9e27a669e6d2c8ee5ebc8deb8a5d8f00c3bd7fc8cd01c8f4be3ab0c220d6405f","","",""
"SGI__SGI_SOMNIGROUP_INTERNATIONAL_INC_2023__community__0001__chunk_0000","1ee4c5ad57c9a9fd2f79326f83713b843cd17407465b84d38209f6d1b0bf1a6d","","",""
"SGI__SGI_SOMNIGROUP_INTERNATIONAL_INC_2023__environmental__0003__chunk_0000","5c9e38ac7f8acf6924131f1987ea13f7192e458f671795bb3030b0d403b4634b","","",""
"SGI__SGI_SOMNIGROUP_INTERNATIONAL_INC_2023__environmental__0004__chunk_0000","f9acdf06a5e51a2c7dc4236134ad5435eef25c7804b478273288b46d4c16e829","","",""
"SGI__SGI_SOMNIGROUP_INTERNATIONAL_INC_2023__human_capital__0002__chunk_0000","adf7d3b87a7e8017d7645ab539513be0c899bc47b07ec6468391b32d78bf19a3","","",""
"SGI__SGI_SOMNIGROUP_INTERNATIONAL_INC_2023__supply_chain_ethics__0002__chunk_0000","c86e13af1ce7ef565c2eacac695f1f5cd867788d482eb827c029d1f8d9ae5791","","",""
"SGI__SGI_SOMNIGROUP_INTERNATIONAL_INC_2023__supply_chain_ethics__0002__chunk_0001","ef3ec10a4925154425a6dbe80e3bf7d2c3dd49175f255c0339ff5dea534dae7c","","",""
"SGI__SGI_SOMNIGROUP_INTERNATIONAL_INC_2024__community__0001__chunk_0001","1e5550e9a2b5d570bccb2cd5f8e4d5ce98a01312f97c5a5dc7dbb3130d8b5f89","","",""
"SGI__SGI_SOMNIGROUP_INTERNATIONAL_INC_2024__diversity_equity_inclusion__0001__chunk_0000","b35c21b4f64e7a8a6bf4f259a6c1042a1c4918017eb4d3a2f23df2f07eb0ffe0","","",""
"SGI__SGI_SOMNIGROUP_INTERNATIONAL_INC_2024__energy__0001__chunk_0003","546daab71b677fa93d2925157da15d282c50032a8f4c21190b48a2468924e771","","",""
"SGI__SGI_SOMNIGROUP_INTERNATIONAL_INC_2024__environmental__0001__chunk_0002","52ce5985e637683c4df22fbe94aced79828b727312e25ccfb2af78439c580f7a","","",""
"SGI__SGI_SOMNIGROUP_INTERNATIONAL_INC_2024__environmental__0005__chunk_0000","6f2a02f6e77a6cc4db3cf67ea9794b82b1713bf9b623cf6e22aa75506945229c","","",""
"SGI__SGI_SOMNIGROUP_INTERNATIONAL_INC_2024__ethics_compliance__0002__chunk_0000","70336c7e73bc83cc265776828a0183284e829c5d9d28e464114ea496742245d7","","",""
"SGI__SGI_SOMNIGROUP_INTERNATIONAL_INC_2024__governance__0002__chunk_0001","5ba99f75326c9c79ed83711d37168bd9fba3ade52d3ebf7e20e03e43de1348dc","","",""
"SGI__SGI_SOMNIGROUP_INTERNATIONAL_INC_2024__human_capital__0002__chunk_0000","f3103c9c031797bddfebd910065f1ae19f39a5d78a9cdeb3d185736fe92fe719","","",""
"SGI__SGI_SOMNIGROUP_INTERNATIONAL_INC_2024__human_capital__0003__chunk_0001","355b570bd83d88cf763acf939cbe7c85b7394e9613d6db748a949cba75eef34e","","",""
"SGI__SGI_SOMNIGROUP_INTERNATIONAL_INC_2024__human_capital__0003__chunk_0003","a4001fa3c4941ecd1eb9b0e49210680041f74508654b227bd833c3b3d8f3820d","","",""
"SGI__SGI_SOMNIGROUP_INTERNATIONAL_INC_2024__human_capital__0004__chunk_0000","0ef2e76d64b64617e194ba29442adc3bb7ff5fcdf29b0ebca8be23c2fe157b03","","",""
"SGI__SGI_SOMNIGROUP_INTERNATIONAL_INC_2024__supply_chain_ethics__0002__chunk_0000","ad5d375f2c16b8a821c23519f7a0e5fcdf3b9cebef62fddf5e3a4c3a5e871094","","",""
"SGI__SGI_SOMNIGROUP_INTERNATIONAL_INC_2024__supply_chain_ethics__0003__chunk_0001","dee3039bd8081738c4bf7ba1beda5f3d4822ce9b6a70e43050442674e30f424a","","",""
"SGI__SGI_SOMNIGROUP_INTERNATIONAL_INC_2024__supply_chain_ethics__0004__chunk_0000","bcd8ce49b200c80413db94fa542fdab301aefeeaf9ffb02dc9ec7f808f277b13","","",""
"SHOO__SHOO_MADDEN_STEVEN_LTD_2023__about_this_report__0001__chunk_0000","d4bf7db6ba3d17aee5ad4b6a30ceaf263bbb0ff56cab8d577c25b4d6ceb4268d","","",""
"SHOO__SHOO_MADDEN_STEVEN_LTD_2023__appendix__0002__chunk_0000","495e6c5643d493be44988ee1256ea5f9afd4434a718ae3274a79a4a6c8313e54","","",""
"SHOO__SHOO_MADDEN_STEVEN_LTD_2023__appendix__0006__chunk_0000","863f8f23315a6531378a5ffbccf3171c0a89be7c2676e505c2d4a158a8279fd1","","",""
"SHOO__SHOO_MADDEN_STEVEN_LTD_2023__appendix__0006__chunk_0001","dfa88ec19110c209d0e3144d857221ba90233ddf4aeef2455a5fb6aa71a3ac1e","","",""
"SHOO__SHOO_MADDEN_STEVEN_LTD_2023__appendix__0006__chunk_0002","8b93658951241c0d596b60819144c5a65c985d68843754319cf5f20d029320f7","","",""
"SHOO__SHOO_MADDEN_STEVEN_LTD_2023__climate__0003__chunk_0000","7947a7c5458ad7f31f5db5236a0984d8bff7c86b21806e8fd91235164c67a0c5","","",""
"SHOO__SHOO_MADDEN_STEVEN_LTD_2023__climate__0004__chunk_0000","fe21d142d0b4a5d23c6dd41f5fc4af2612e758fe91dc9be0af0ba7c9c15099b6","","",""
"SHOO__SHOO_MADDEN_STEVEN_LTD_2023__diversity_equity_inclusion__0008__chunk_0001","8d099dc43da36630620c91b7fdd59d5cef2c913c41d6a35d45e61df083f6a0a7","","",""
"SHOO__SHOO_MADDEN_STEVEN_LTD_2023__emissions__0002__chunk_0000","4083f2d2a2419940417aff6fd98530131effec152b4540fb764c8f2364824b1f","","",""
"SHOO__SHOO_MADDEN_STEVEN_LTD_2023__environmental__0001__chunk_0001","1489246916064e58f55c5a00dc45c71b8d6d84c1b6419aa71557181c30b0b668","","",""
"SHOO__SHOO_MADDEN_STEVEN_LTD_2023__environmental__0002__chunk_0000","6f0a35602aba7bf96be69e928343e914dc2e88480a755969182052f1db4a9b0f","","",""
"SHOO__SHOO_MADDEN_STEVEN_LTD_2023__environmental__0002__chunk_0001","b88ba0ec4ec27b430fba2e58aa4110858e294f205147115c52c87b9fd98fc9f3","","",""
"SHOO__SHOO_MADDEN_STEVEN_LTD_2023__other__0001__chunk_0000","c7d0fe46521bdea96f399eb1282f4dba9b51618c9e4a9228aa243d2311346836","","",""
"SHOO__SHOO_MADDEN_STEVEN_LTD_2023__waste__0001__chunk_0000","ae5644e86c3bfd988c23e007fb8b656513d9b6a75bcffbbc27fcd13afa710227","","",""
"SHOO__SHOO_MADDEN_STEVEN_LTD_2023__waste__0002__chunk_0001","9bd9139c740c06e8e29b4a9c604708094bca9f6e729753ac50d8572ffa0a5dc6","","",""
"SHOO__SHOO_MADDEN_STEVEN_LTD_2024__ceo_letter__0001__chunk_0000","b605117a82bacc1dcb2fb92260a5bb4f159cf72af5fcb6ea0f552f5d7a233e43","","",""
"SHOO__SHOO_MADDEN_STEVEN_LTD_2024__environmental__0001__chunk_0000","88d10ae7d3e0ba162a418b4c224ec700af4d4a9a5b87eb380b28a0d201158d41","","",""
"SHOO__SHOO_MADDEN_STEVEN_LTD_2024__governance__0001__chunk_0000","d6f372206abcdd8349a8b87547711ea5ebcf22f58a73c5228deb59ca0d7c01ab","","",""
"SHOO__SHOO_MADDEN_STEVEN_LTD_2024__supply_chain_ethics__0001__chunk_0000","40dd5eec4294c322a284f5db627f11f88a114552aee6330f4555790bd6eb57b6","","",""
"SHOO__SHOO_MADDEN_STEVEN_LTD_2024__waste__0002__chunk_0000","d1b6011455688d4401be3ab5be0e0603b9ae858a56a7cb3aa5fae957f273dea1","","",""
"SHOO__SHOO_MADDEN_STEVEN_LTD_2024__waste__0002__chunk_0001","48d0febda94042e3cc0d404a38e2cb09cbed4969b2843a35e8b43bba5e5a8a96","","",""
"SNBR__SNBR_SLEEP_NUMBER_CORP_2023__climate__0002__chunk_0001","213a8e7fea4e6d5da6a79ab56ed709af10e1c6a72252be0d86248f30c7162d59","","",""
"SNBR__SNBR_SLEEP_NUMBER_CORP_2023__community__0004__chunk_0001","ea21a2d4795b888e2f2b8f33f9b7e893bef0aa4c94fab9cd66d476f45611a0fe","","",""
"SNBR__SNBR_SLEEP_NUMBER_CORP_2023__community__0004__chunk_0003","5efc630ee7a45e1382694fdc6c26ace1282792c3c0ccaac55660e426401b7d2d","","",""
"SNBR__SNBR_SLEEP_NUMBER_CORP_2023__community__0004__chunk_0004","c8e766663107c56274b0614c47774f955c4d5c330e40e0369ab083e2f29f19ca","","",""
"SNBR__SNBR_SLEEP_NUMBER_CORP_2023__data_summary__0001__chunk_0002","9b80e4758e38ca04dbf9f140c05a3515737aceec5fa34f7e87e1995983319ee6","","",""
"SNBR__SNBR_SLEEP_NUMBER_CORP_2023__diversity_equity_inclusion__0002__chunk_0000","cfac21336de2eb5b56b985fbaa1e7f6e63367f33ecf66dc14723f5f2ca630b90","","",""
"SNBR__SNBR_SLEEP_NUMBER_CORP_2023__energy__0001__chunk_0000","39cdaaee9a4cffd909154722c594862aac3c5629e43abf7c40fdfbc80b10857e","","",""
"SNBR__SNBR_SLEEP_NUMBER_CORP_2023__environmental__0001__chunk_0001","d78765f7d6f863e288c1c43536605e7c97bc7c682cc4081ef563e73a0586079b","","",""
"SNBR__SNBR_SLEEP_NUMBER_CORP_2023__environmental__0003__chunk_0001","a473e5c98daa2d9012da0a872c2fae052189178057511fc2d38fdb25ee30be63","","",""
"SNBR__SNBR_SLEEP_NUMBER_CORP_2023__ethics_compliance__0001__chunk_0000","4fdb1e6f3efbfd2c00bd57764917c9b979c74015ac5dc7b3ad49bf92846ae25e","","",""
"SNBR__SNBR_SLEEP_NUMBER_CORP_2023__ethics_compliance__0002__chunk_0000","67695733cf8148f4bb54fb40a3d935c7497f15d7c2a3ed5d27811badbf7fe91c","","",""
"SNBR__SNBR_SLEEP_NUMBER_CORP_2023__governance__0002__chunk_0000","0b324f2056fd07ab04dff705867400a6e88e6f2b83d3e941353e62f2c253a584","","",""
"SNBR__SNBR_SLEEP_NUMBER_CORP_2023__human_capital__0006__chunk_0000","5bb0e8b3f1fedd4edc08a1427221a20ad4c07e27ac6db7ed0370246dead90f15","","",""
"SNBR__SNBR_SLEEP_NUMBER_CORP_2023__human_capital__0008__chunk_0004","2ac4ccc31d3e646154c92733a4bc8641f254fd511b4f83701c0cb1dfc99977db","","",""
"SNBR__SNBR_SLEEP_NUMBER_CORP_2023__supply_chain_ethics__0001__chunk_0003","d01a285560592e85306e4e9d27985e1d9b5c71c553b7d1ccf049f4485f42b95b","","",""
"SNBR__SNBR_SLEEP_NUMBER_CORP_2024__climate__0002__chunk_0001","142ede650c241dca6255e61114f5abe2a6014e9893b3ad654322b216151fb41c","","",""
"SNBR__SNBR_SLEEP_NUMBER_CORP_2024__community__0002__chunk_0000","1d33e887d0519e14eea8a46eb468d381bd62085ec9dcaedc984180722466fde5","","",""
"SNBR__SNBR_SLEEP_NUMBER_CORP_2024__ethics_compliance__0003__chunk_0000","ecaf0d749fcab5f7ab761df55460eb598e8ab18803fc54433553bcbee01d82bb","","",""
"SNBR__SNBR_SLEEP_NUMBER_CORP_2024__governance__0005__chunk_0001","e185b9899d257389d70d15252b47b49543f99b3cad5e2543445b7ee394e4b5eb","","",""
"SNBR__SNBR_SLEEP_NUMBER_CORP_2024__human_capital__0002__chunk_0000","8afb0e7ea1dc23daf9b0c9ca87677f32c95a161d368683112f042b26a174d278","","",""
"SNBR__SNBR_SLEEP_NUMBER_CORP_2024__human_capital__0004__chunk_0002","06e7cc1b26b6a87ccf87c8e16928c275b1c5c3d5f68394391faba99705c9b95a","","",""
"SNBR__SNBR_SLEEP_NUMBER_CORP_2024__human_capital__0004__chunk_0005","8fd8a83c5339d7546e7a5e1ab64eb67a3de2d88a2a235bfed1dedc1a5ccc4456","","",""
"SNBR__SNBR_SLEEP_NUMBER_CORP_2024__human_capital__0004__chunk_0006","098df61ae12b856f07d736303a6ae4135980b6020e09b83361c704827c617a04","","",""
"SNBR__SNBR_SLEEP_NUMBER_CORP_2024__social__0002__chunk_0000","1420b24c4fbbb82d8c9d3fcc3534f942e06ac822475e3495c8955eee60ad749a","","",""
"SNBR__SNBR_SLEEP_NUMBER_CORP_2024__supply_chain_ethics__0002__chunk_0000","e41cbf2deeca4bdd2df68014e5dd22bd68684adf5e0457e3394941a98b10c233","","",""
"SNBR__SNBR_SLEEP_NUMBER_CORP_2024__supply_chain_ethics__0003__chunk_0001","a59112b09c4a9e42903e0623020161de1fe0e4dc6290852a8b4814e1604065c3","","",""
"SNBR__SNBR_SLEEP_NUMBER_CORP_2024__supply_chain_ethics__0004__chunk_0000","4eb4e74ec9d7086dd169f01a81205309f808d744363bf67d905ce1e5a4a125cf","","",""
"SNBR__SNBR_SLEEP_NUMBER_CORP_2024__waste__0001__chunk_0000","73a53df5ead03ed152a00e64060a21e18f6a786d450cfa876fe52119c346a988","","",""
"SNBR__SNBR_SLEEP_NUMBER_CORP_2024__waste__0001__chunk_0001","8a2edfaea1f63634fa631ab585487ebfec4ee6fd4e00330f2b1c136ddd74873e","","",""
"SNBR__SNBR_SLEEP_NUMBER_CORP_2024__waste__0001__chunk_0002","0781142481f735dc0c71956a362cbc8ff5e209ade24844244eaaf8b85cc01a1b","","",""
"SONO__SONO_SONOS_INC_2023__climate__0002__chunk_0000","871d269e876d8dc43b9c7d026fd365a352a386856b4719b87ca7be5652267512","","",""
"SONO__SONO_SONOS_INC_2023__climate__0003__chunk_0000","2deb3ac62e3962ba884a7ef89e6e5205aaa02120bc74b03ab22938f4b015334b","","",""
"SONO__SONO_SONOS_INC_2023__climate__0004__chunk_0000","b4b0c75eb09cde99c493eab88e6d7c734e3d9740b126337195ba50028eb53fb6","","",""
"SONO__SONO_SONOS_INC_2023__community__0001__chunk_0001","12597e21207268bfd505c522831a898d562340c9a0a12c16763f232177f691d5","","",""
"SONO__SONO_SONOS_INC_2023__emissions__0002__chunk_0001","b42c2b9a98e5532edae6dcca1a9e8ff6110f398db05e9c2f76f247abf3cef582","","",""
"SONO__SONO_SONOS_INC_2023__emissions__0002__chunk_0002","59f446f4d7d5ab6b3c204af268103c9a5f7521d8e0932eb8ea321354ee72d64c","","",""
"SONO__SONO_SONOS_INC_2023__energy__0002__chunk_0000","658865c2037b61c9503f15397625bddb6d6ebf873b7ad5132ce7209610e6cc2c","","",""
"SONO__SONO_SONOS_INC_2023__ethics_compliance__0001__chunk_0000","a16076f32de8378b925370f83f29a9c1aaefa4d241c91bf308b20af441ddfa8a","","",""
"SONO__SONO_SONOS_INC_2024__diversity_equity_inclusion__0001__chunk_0000","0532c77f4549216da1d76a091d15c1026d780221f5869fbde232f7545ec27835","","",""
"SONO__SONO_SONOS_INC_2024__diversity_equity_inclusion__0005__chunk_0000","2dce91551975742388a714178825e3733e168ab8cb46a0ef89af71edaa8eaf0e","","",""
"SONO__SONO_SONOS_INC_2024__diversity_equity_inclusion__0007__chunk_0000","1364049d0cb393efbbe37bdd998f82354e758659f78b2286cf0e40e4e9ad6166","","",""
"SONO__SONO_SONOS_INC_2024__environmental__0001__chunk_0000","20eae68886ab10ea8f9ee72206d82aaf920c0fe81a5baa613bf41f4e59ecf4f3","","",""
"SONO__SONO_SONOS_INC_2024__environmental__0001__chunk_0001","2d11f09ebda66894c77b8ff101e63197fed9594af60b9ec489b0dc1c868aa433","","",""
"SONO__SONO_SONOS_INC_2024__environmental__0004__chunk_0003","711579ba252a138430129f561ec04b9ea7e446190530c987b537b4e8138a7a37","","",""
"SONO__SONO_SONOS_INC_2024__governance__0001__chunk_0000","ad3470641bdbd98086639f15cd06ea890bdb334f4aadfd23a8812166278771a4","","",""
"SONO__SONO_SONOS_INC_2024__governance__0001__chunk_0001","edde5e7bc3d919d528ed343cecb340ea62e388fd5fe35b79c4a74a72467d7fd1","","",""
"SVV__SVV_Savers_Value_Village_2023__about_this_report__0001__chunk_0003","02ae534075f7bd5790adeea8b2606e5d9dd385d9935e922365d907b2288ff363","","",""
"SVV__SVV_Savers_Value_Village_2023__about_this_report__0003__chunk_0000","b35f6450130d28476c76c2b8b2c9e4e0c82bcf9fb82460c7f44135589b7bd31c","","",""
"SVV__SVV_Savers_Value_Village_2023__about_this_report__0008__chunk_0000","88429e0b192bd2ec575f3d3063a69ccd814b03cc39e975ae783858e1489094cb","","",""
"SVV__SVV_Savers_Value_Village_2023__governance__0001__chunk_0000","c7482d661c06eb719af80fb2d355bf064730ac24c9c448028da0e54aff6a91ab","","",""
"SVV__SVV_Savers_Value_Village_2023__human_capital__0001__chunk_0000","cfce37d66d09eab2383380b7caecd95c41b307cbcdfe41f485f9a797b79ed883","","",""
"SVV__SVV_Savers_Value_Village_2023__human_capital__0002__chunk_0000","d41bde27fe12f1c0f34894453aa5d50456a8c5da682286a419b3fb20a657766f","","",""
"SVV__SVV_Savers_Value_Village_2024__appendix__0002__chunk_0000","6cc2a190f31e180352ea3ee4c01b68940fa579a3274db001efd4e7779de42769","","",""
"SVV__SVV_Savers_Value_Village_2024__appendix__0003__chunk_0000","6109e3e56b16c8f879cdab57c12f65b070f4153c82544e8d99bff50b1932241d","","",""
"SVV__SVV_Savers_Value_Village_2024__appendix__0007__chunk_0000","c0f97c1b4b36fab37c27103881371d23a87475a887fc333c582a22b79790d8af","","",""
"SVV__SVV_Savers_Value_Village_2024__ceo_letter__0001__chunk_0000","a028ad9dc67c3e39c2c8734a7de5a3d77af3eb7d2229fbad41075b60746e4b02","","",""
"SVV__SVV_Savers_Value_Village_2024__community__0001__chunk_0000","5beb195bdf4c7a8cf870fffc39c245885be9515a59f01bd475b86e60c3fc9456","","",""
"SVV__SVV_Savers_Value_Village_2024__ethics_compliance__0001__chunk_0000","2196f350b71c4070531304066349798b9b1f767e452944d3293575ca47ac4a42","","",""
"SVV__SVV_Savers_Value_Village_2024__governance__0002__chunk_0000","8ef8428d61fdd9ff5921fddbc46cb89704b8347f2ea7924ecdc9a4000a870658","","",""
"SVV__SVV_Savers_Value_Village_2024__human_capital__0002__chunk_0000","0b2a52396817a5c79756280f4a2c7e776a8404a50b29f1d8ecd02607547fbd36","","",""
"SVV__SVV_Savers_Value_Village_2024__human_capital__0005__chunk_0000","1ebba8ad9c543c4dbc0561faa34754176e43ed3bcef7e69d215ef2c4fddfe5fb","","",""
"SVV__SVV_Savers_Value_Village_2024__waste__0002__chunk_0000","1f7c4ac8031414bc209efad5a42386fb2d47a8c5b342123363f055254263f2b4","","",""
"TDUP__TDUP_THREDUP_INC_2023__community__0001__chunk_0000","8b726a723325aa02003064d1f0f0d6ebb1ea81e8c085a291a8ccf64ea04fce70","","",""
"TDUP__TDUP_THREDUP_INC_2023__community__0001__chunk_0001","d3ee42593e981ef2022304f104d3f1fd1f602d8c60e0324113cb1927946e242d","","",""
"TDUP__TDUP_THREDUP_INC_2023__community__0004__chunk_0000","3bb5139b57a3b4c5436a6c1f1c8596193f272e6d6b98cd76031f75b5578c1862","","",""
"TDUP__TDUP_THREDUP_INC_2023__diversity_equity_inclusion__0001__chunk_0000","80fc3ffc64418d0ce9941ffa360fb82ebc2a3aaac436e0d09debba6cd7cb05ac","","",""
"TDUP__TDUP_THREDUP_INC_2023__diversity_equity_inclusion__0002__chunk_0000","933dbf81e626b04ad044c6e639486c1bb13121257d3a5ba274ad5efc0673fd14","","",""
"TDUP__TDUP_THREDUP_INC_2023__governance__0001__chunk_0000","3bf22e84d5657913d68c08ae87bb63f1db1cfd52d3b288f915a98114db295cf5","","",""
"TDUP__TDUP_THREDUP_INC_2023__governance__0004__chunk_0000","d005317d2b3b79d3a180b01c8964dc1932d4483c9bcf96cda94769786855d636","","",""
"TDUP__TDUP_THREDUP_INC_2023__human_capital__0001__chunk_0000","225d8fdd2d698ed731e123924d84bcae0f4283b8f2b506b484645680f1f62bf2","","",""
"TDUP__TDUP_THREDUP_INC_2023__human_capital__0002__chunk_0000","560c261f5b12e076ae60fa968f00e384e1188c6e6100df4657fa70a9b1cc7ecc","","",""
"TDUP__TDUP_THREDUP_INC_2023__human_capital__0002__chunk_0001","d5d74c70b8b3d2f74e099a41aed5a987be0b12e507a5245b9cbd7399ba14830d","","",""
"TDUP__TDUP_THREDUP_INC_2023__waste__0003__chunk_0000","3bf05a2cc9e0140cab57be5034c8b2347ba7a8adcd84f3b2bfeba5b58bb15d4d","","",""
"TDUP__TDUP_THREDUP_INC_2024__ethics_compliance__0002__chunk_0000","5de3e13ca66197b5573e498913d4a7db50409e0f7815ca81409372b931757018","","",""
"TDUP__TDUP_THREDUP_INC_2024__human_capital__0003__chunk_0000","0c78e786246e5a0907d081720c0615bdf66c8bb42d34531409d5ada2077f3d97","","",""
"TDUP__TDUP_THREDUP_INC_2024__waste__0002__chunk_0001","e7bb3ce5ba51481593126b78b5bf565c581898d67c8f16d31c8eab9813f74a5d","","",""
"TGT__TGT_TARGET_CORP_2023__climate__0003__chunk_0000","6e281ef591f4afebaee1bce3d1d357253992280376345c2f96ff8ef92e1828b2","","",""
"TGT__TGT_TARGET_CORP_2023__community__0001__chunk_0002","8c1b7b1cd3750c36fe549a2d5c74bec4d170bfae7109a81f4a2c9d38117a8340","","",""
"TGT__TGT_TARGET_CORP_2023__community__0001__chunk_0003","26a2af61439103f325c9a774b64f95a2f4e21d139ffafe33c9e339481c882578","","",""
"TGT__TGT_TARGET_CORP_2023__data_summary__0002__chunk_0000","d61d7725eb454933928bb1fbcd50f6f9a67f5397a7afa2ea13629384c1622e20","","",""
"TGT__TGT_TARGET_CORP_2023__data_summary__0003__chunk_0000","5097ec170ec157cf8ac7386e995e2c54c60e4d976e66a0a8f696c762867d5a2a","","",""
"TGT__TGT_TARGET_CORP_2023__environmental__0001__chunk_0000","36af42753c236d93b31649e69d25616795c4a715367d7c0154b984957ce51fbd","","",""
"TGT__TGT_TARGET_CORP_2023__governance__0003__chunk_0002","365eeb18c6330948d91a92222ea645710051cad3ec5641d1148ceafd4a263302","","",""
"TGT__TGT_TARGET_CORP_2023__supply_chain_ethics__0001__chunk_0000","67e9b1175a86aa605efaab48fdefeca813bf5c49a1b9c99ed9302dd626211950","","",""
"TGT__TGT_TARGET_CORP_2023__supply_chain_ethics__0001__chunk_0002","8286e25c4bb5c0bc628efe7d1d294a589ae1c5e971e030a99f849b6a9ae96556","","",""
"TGT__TGT_TARGET_CORP_2023__supply_chain_ethics__0002__chunk_0000","1141d6c0d42c30c3f3ba40a936396a333412a2428282f9c0c782ec647499f259","","",""
"TGT__TGT_TARGET_CORP_2023__supply_chain_ethics__0004__chunk_0001","ac85e1f2ed227c19d273cfe6227c0b09b623b47e220c17523290db84dc25fb41","","",""
"TGT__TGT_TARGET_CORP_2023__supply_chain_ethics__0005__chunk_0000","79b2fb359d678fd77d60b65637088b066692d5e8591749eec87d3358d1678ec1","","",""
"TGT__TGT_TARGET_CORP_2023__supply_chain_ethics__0005__chunk_0004","ffdc4a66ed79c381a6e531e0fcfcae4636aa155be2901792fe2d876cf3566430","","",""
"TGT__TGT_TARGET_CORP_2023__supply_chain_ethics__0005__chunk_0005","1e293f2e312b08b7a90485e645b4ec414f07edf2e9fcb1410adfba343cdfa703","","",""
"TGT__TGT_TARGET_CORP_2023__waste__0002__chunk_0003","af56b20324fc2d34a6750692f4ef612e180ec78f753f4b88ff76dfa4d075e236","","",""
"TGT__TGT_TARGET_CORP_2024__appendix__0009__chunk_0000","2703b284a164d5877846944769ad0afc1e893bb68ee13fd0543316c199613b3f","","",""
"TGT__TGT_TARGET_CORP_2024__appendix__0011__chunk_0000","947c630bdd2c9b06a1151ec228e857ecebbe702e1e471dac2fb42623b28cbc12","","",""
"TGT__TGT_TARGET_CORP_2024__data_summary__0003__chunk_0000","ba3df79f5ded2ece96b2133bb78e7bcbabf937a30938858cf20ea288f240f444","","",""
"TGT__TGT_TARGET_CORP_2024__data_summary__0007__chunk_0002","97acede781e661cd4003ac28bcb11a71d0d49a06484c5e59e8b201a4c840caf8","","",""
"TGT__TGT_TARGET_CORP_2024__data_summary__0008__chunk_0000","3f5de23715d6844281d15bc6a930bb2c43a554904734207f9d066712073530aa","","",""
"TGT__TGT_TARGET_CORP_2024__emissions__0002__chunk_0002","6b681715647e2917687181a6093928f2a1bb153338eb48a11fd696326ad52a59","","",""
"TGT__TGT_TARGET_CORP_2024__environmental__0004__chunk_0000","39f9605d198519954396044db0a6b8a52f2858ec604e8bea96b31ecedc94b1ba","","",""
"TGT__TGT_TARGET_CORP_2024__environmental__0006__chunk_0001","2516e8c9d889b5eea8e39484c7a4ed8c43194f1ef292ca6c3cf6ddf444a4d54a","","",""
"TGT__TGT_TARGET_CORP_2024__environmental__0006__chunk_0003","0eb1173cec9b4c918c5726809cbb9d1b443a2d8742983420206e2f251787d9c4","","",""
"TGT__TGT_TARGET_CORP_2024__ethics_compliance__0003__chunk_0000","0b7fc388c29a5d1c8d16007cba571c3ddf9fed0201fb1063180f6e256ff9789e","","",""
"TGT__TGT_TARGET_CORP_2024__governance__0001__chunk_0001","8e88b60fe5a655945f8f933d158432a6f74a041c5a8a4099cd1d87b0dbe2060c","","",""
"TGT__TGT_TARGET_CORP_2024__waste__0003__chunk_0000","2c10de9d426b592ed5a8980807e6ab6ae203ac2cf7265acfe9a2cfa4d9178ecb","","",""
"TGT__TGT_TARGET_CORP_2024__waste__0003__chunk_0001","b103e9755b630982176946f19cb352652a26cc56b857cd858332d4c06b07040e","","",""
"TGT__TGT_TARGET_CORP_2024__waste__0003__chunk_0002","4529dee60043422c99bcd2132221c806969eb1c45f1574d80a9623c218ae4f95","","",""
"TGT__TGT_TARGET_CORP_2024__water__0003__chunk_0000","dce0f4cb0f49d3ac0ae0abc28c7ef64729ad07190ff06cd736da06d1904e8ca0","","",""
"TJX__TJX_Tjx_Cos_Inc_2023__community__0003__chunk_0003","4b39eb018acc7ff369c40d8e7b76bcd9c40bebe870397aad2af2274d63b3ee50","","",""
"TJX__TJX_Tjx_Cos_Inc_2023__community__0003__chunk_0007","d4301db79efc60742eabbccaf736343f4b891f4b3b79e152a03b3a6fa1d7cdc4","","",""
"TJX__TJX_Tjx_Cos_Inc_2023__community__0003__chunk_0010","e6f8120193e2f2112699382ee30b12b95992acf5a8365c5db795fd1e0bc75a9c","","",""
"TJX__TJX_Tjx_Cos_Inc_2023__community__0003__chunk_0011","d07bcfaf0bb72fc826b2d5e24a27e5c37d4870816b2606da4322cd3701102988","","",""
"TJX__TJX_Tjx_Cos_Inc_2023__data_summary__0001__chunk_0006","f280ba5081f91c5a3fb69a9022f15ff51405183697fd94101fd59505b1e8135d","","",""
"TJX__TJX_Tjx_Cos_Inc_2023__diversity_equity_inclusion__0003__chunk_0000","f4a58ce07b830321e6841bdc83d8005976ba1436205d8391338bd649233bbd4b","","",""
"TJX__TJX_Tjx_Cos_Inc_2023__diversity_equity_inclusion__0004__chunk_0000","e68f4d18dc0d95f2d5c4ba4499d5c706981f0de408d4fde94a2e29203e41a4da","","",""
"TJX__TJX_Tjx_Cos_Inc_2023__diversity_equity_inclusion__0004__chunk_0002","4c84379dcf5b5b391e7a79b9996935519deda5c345a0f9018d7a78bcf731de32","","",""
"TJX__TJX_Tjx_Cos_Inc_2023__diversity_equity_inclusion__0006__chunk_0000","442e1da020bacda2a0783a00f0cc32dfeed1a4fcf4f80a5636c4f2130a9fcf55","","",""
"TJX__TJX_Tjx_Cos_Inc_2023__diversity_equity_inclusion__0008__chunk_0000","905065d7083200860f58245847b4c614c6ae047375daeeae3ea46b1fab0f24f2","","",""
"TJX__TJX_Tjx_Cos_Inc_2023__emissions__0002__chunk_0001","c135ef9d5dfbcfc80a06931a7079e133d8b5e528faea263b3e08df871aaa19a7","","",""
"TJX__TJX_Tjx_Cos_Inc_2023__emissions__0002__chunk_0005","778cacf6477fba728d9bb15202c25c9321fa3bdd7ab1b3f3665164725fc98ccd","","",""
"TJX__TJX_Tjx_Cos_Inc_2023__ethics_compliance__0004__chunk_0001","16818f9f1d4a7437e071c4cc0146fc7b349df0feb810c2a7f6bc51f33455cf49","","",""
"TJX__TJX_Tjx_Cos_Inc_2023__social__0002__chunk_0000","8449085d0e3205294ee4232e8a73c8d04968e490a8d7332a628a3b012594187e","","",""
"TJX__TJX_Tjx_Cos_Inc_2023__waste__0003__chunk_0000","dbc2481b233aed84e125c9f75a3ff4f81cef4185e03345b81442c8442f928c87","","",""
"TJX__TJX_Tjx_Cos_Inc_2024__community__0002__chunk_0000","c0e72e8550331822e8c32e653ede3e66f78f3a615625c21506847ad73c467d34","","",""
"TJX__TJX_Tjx_Cos_Inc_2024__community__0004__chunk_0000","fdadfc3e2541cdeed34f61b4d753a3df0dcbe7d8f1ab5fa06b03f7520d11c4a6","","",""
"TJX__TJX_Tjx_Cos_Inc_2024__community__0004__chunk_0004","5ba776e3c2e025a51c72d78312944ef039f84c4e34528204cccff05c0f185b46","","",""
"TJX__TJX_Tjx_Cos_Inc_2024__community__0004__chunk_0007","61ea50d07b066e7026894b7445c98dbb1b1cc286e7b91aa334138b1b1b3151cd","","",""
"TJX__TJX_Tjx_Cos_Inc_2024__community__0004__chunk_0009","dc7188b71055155db722ab9a9a2f10b3a19b788f8ef1259d36e992c9aae17b37","","",""
"TJX__TJX_Tjx_Cos_Inc_2024__community__0004__chunk_0012","9d94a21aceb2e36164bde586815393dfbebb9bd9db81e8a22f35383c2b9d650a","","",""
"TJX__TJX_Tjx_Cos_Inc_2024__diversity_equity_inclusion__0006__chunk_0000","2695e46fdd42f22e9e60a5cb70da991e46349dffdfaadae4380955683a3232fc","","",""
"TJX__TJX_Tjx_Cos_Inc_2024__emissions__0002__chunk_0004","926acd2237fb98d06cf8001599a64133c4223581ca6966f126f3e6e5c318d136","","",""
"TJX__TJX_Tjx_Cos_Inc_2024__ethics_compliance__0002__chunk_0000","187dfe5a591f49888b722a17f1ce4b2851653580af695f38e0884c32141275d5","","",""
"TJX__TJX_Tjx_Cos_Inc_2024__governance__0004__chunk_0000","a988804a4a8302d4b911e12adcec472915b5bf0456f0e96a7bba93289ae405c1","","",""
"TJX__TJX_Tjx_Cos_Inc_2024__social__0001__chunk_0000","b2d4d765d565513e976c274ffabdcd573da3c44609ba7466063c6e109433158c","","",""
"TJX__TJX_Tjx_Cos_Inc_2024__social__0002__chunk_0000","cd4217988cf4689163ce3538389518ec756a52a92a1c62b630a3722741a74145","","",""
"TJX__TJX_Tjx_Cos_Inc_2024__waste__0001__chunk_0001","748bef001e86d8373930c0191cb254a3b1bff1f6054e6371ca09afc5a2774da4","","",""
"TJX__TJX_Tjx_Cos_Inc_2024__waste__0001__chunk_0003","fa5d74d0029b804c36dd5f21039587dcf45141c6afbb50b87ed54dd7240b26e2","","",""
"TJX__TJX_Tjx_Cos_Inc_2024__waste__0003__chunk_0000","ac76d41b1c37d5215fe97dbd94e0aae8e788ea2368d409e1ceec1384dba682ac","","",""
"TPR__TPR_TAPESTRY_INC_2023__about_this_report__0002__chunk_0000","58c0e35d09817e6cacace9a9d01288bdf9077f107c6fccf9ad1f3b63994a0125","","",""
"TPR__TPR_TAPESTRY_INC_2023__community__0001__chunk_0000","b663c96c47a2ba0115621eb5844690acaa6b601ff2b7f20a052f23d427a349b6","","",""
"TPR__TPR_TAPESTRY_INC_2023__community__0005__chunk_0001","5c54d5326b2559012f09c65f93be2082826efa3b47ff2f21787e74772556aec7","","",""
"TPR__TPR_TAPESTRY_INC_2023__community__0007__chunk_0000","edff3a34d72e52cf113e72bc41c0710101dc9ca867309c295df83a4b254d28ef","","",""
"TPR__TPR_TAPESTRY_INC_2023__community__0008__chunk_0001","ef77fd9d84dc373dd2b99840536465cd1c15027bce936780fe2b569d1ff832a1","","",""
"TPR__TPR_TAPESTRY_INC_2023__diversity_equity_inclusion__0003__chunk_0000","68116ba72c5532284e51a3d06e5d65a24e3f9b071a1b8c851a80467e9f81bd13","","",""
"TPR__TPR_TAPESTRY_INC_2023__diversity_equity_inclusion__0004__chunk_0000","cfb54755e2389b554308c6b856d00dad5b9e0bd7409373b80b66dda29c78bf0f","","",""
"TPR__TPR_TAPESTRY_INC_2023__diversity_equity_inclusion__0006__chunk_0000","b3d0407ffd4777631655ff1164322951beab0b0d765a0ad03ac833b158b87ba3","","",""
"TPR__TPR_TAPESTRY_INC_2023__diversity_equity_inclusion__0009__chunk_0000","31cc72b121e9f0f3009033005de4769c325c3d86b202848273a2100cd92a1962","","",""
"TPR__TPR_TAPESTRY_INC_2023__energy__0002__chunk_0000","f1dd78908e17202f1a094ef732daec3ecea4e45fc0ea66b2ec28a32e7d6fd926","","",""
"TPR__TPR_TAPESTRY_INC_2023__environmental__0003__chunk_0002","8008aa87ebc70d791e8697f0029d520a9e845b8f21c64ab51e94bfdd92c280cf","","",""
"TPR__TPR_TAPESTRY_INC_2023__ethics_compliance__0001__chunk_0001","40f94cf350c724eeac157ee815024e01f656d46ffbc74ded1e516b1178e50443","","",""
"TPR__TPR_TAPESTRY_INC_2023__governance__0001__chunk_0001","b35d94525ae39a1e38563bc4f7d9b3357e15ee4e5f43aa804317413672ad150e","","",""
"TPR__TPR_TAPESTRY_INC_2023__governance__0003__chunk_0000","94903dd74973c72f00ed2cfe20f2aa6c871fb174bfb82de566a677c15c0b90a5","","",""
"TPR__TPR_TAPESTRY_INC_2023__waste__0005__chunk_0002","ffb123a44d313b7e2f322c4208afbcfe15c166231425ba7700b683e88c65204b","","",""
"TPR__TPR_TAPESTRY_INC_2024__about_this_report__0003__chunk_0000","e57ff3badc7dd2589291ac983a86a36bcacd7903508449ca9fee1130460c6c98","","",""
"TPR__TPR_TAPESTRY_INC_2024__about_this_report__0003__chunk_0001","bb283fb99b6f796b84c03ffd770c0b6f3a4b44adc06700c724df7bde33a2f484","","",""
"TPR__TPR_TAPESTRY_INC_2024__about_this_report__0008__chunk_0002","7a634a474cbeef2ef290ae0b615f4f597197488bb8b4075cf172640f9b2766e6","","",""
"TPR__TPR_TAPESTRY_INC_2024__climate__0001__chunk_0000","6273e192650378619811b42d838d918e5466260b3b548b51836eb4ee81ed606a","","",""
"TPR__TPR_TAPESTRY_INC_2024__community__0003__chunk_0000","129760a7cecb007bb75613f448a1223028ee41f2cef57930e13b158397d3dbf7","","",""
"TPR__TPR_TAPESTRY_INC_2024__community__0004__chunk_0002","a65201d46294a66810fefaf9642832ff6738643dfb3a2be17ad9d680d1de80bb","","",""
"TPR__TPR_TAPESTRY_INC_2024__community__0006__chunk_0000","ae170cb16d4cb9a0e460a9d8a48f4cb9424a7c6789b311996ad5896d1d7bab7a","","",""
"TPR__TPR_TAPESTRY_INC_2024__diversity_equity_inclusion__0002__chunk_0000","6b05e7f14dd809369f444947a2cce88a3f23f99b9767843027fd40269360a733","","",""
"TPR__TPR_TAPESTRY_INC_2024__energy__0001__chunk_0000","d0009223060ac0ed1c7f01af95380a04440751e989bd665468ed7ceea6adaba2","","",""
"TPR__TPR_TAPESTRY_INC_2024__environmental__0012__chunk_0000","cf7add5b63d9085ad66adbb3d4ab912c032b7ac999aa4b0075034f235c902107","","",""
"TPR__TPR_TAPESTRY_INC_2024__ethics_compliance__0002__chunk_0000","a71ee5b8b52c562606459522a61384dfc560c9c3b053419e3bd0c1e5bd5f422b","","",""
"TPR__TPR_TAPESTRY_INC_2024__ethics_compliance__0003__chunk_0000","3aafd8f1510f2eee3ea0e80f1caf75132704b57ba800349d74251b760ad0dfaf","","",""
"TPR__TPR_TAPESTRY_INC_2024__governance__0004__chunk_0000","d64b28226deec44b80a6799c94b9628a691a0f8d2c74c36cda78c9371d80b91e","","",""
"TPR__TPR_TAPESTRY_INC_2024__social__0001__chunk_0000","2b423282998f5e0fcd8bf26a39e80580c82e8c605efbb49cd13319345ec90613","","",""
"TPR__TPR_TAPESTRY_INC_2024__waste__0002__chunk_0001","e33a5902504fae5d86d9fbf098a68cfc6b15d716d984f9a54a5c9cf75c53dd3b","","",""
"TSCO__TSCO_TRACTOR_SUPPLY_CO_2023__supply_chain_ethics__0002__chunk_0000","7f74a1573993e0cd339692cc3262992e174d72c6353eec425a41b1f5a84213f5","","",""
"T__T_AT_T_INC_2023__community__0002__chunk_0000","a70e92ddaeb70e9a76bffd9fee3e9d88e80fbcf76be7d387dc1f27c6f2d13b2a","","",""
"T__T_AT_T_INC_2023__community__0003__chunk_0001","05aa3bd620f1100714c946e81d6064bb6c469a51e954663fa5f42d2a05577702","","",""
"T__T_AT_T_INC_2023__community__0003__chunk_0002","f17df485a3f6607f9411f8d1f8d145926197ad85b81f9c0b6e47e88853b992ae","","",""
"T__T_AT_T_INC_2023__community__0005__chunk_0000","7c20110af0cd5363c56594593409cbddbd22d6ba438576ab8cf7995303d37557","","",""
"T__T_AT_T_INC_2023__diversity_equity_inclusion__0001__chunk_0001","47fb460b11707b5838e9625de700d325ea66f0b1b0155953a39f01135992c809","","",""
"T__T_AT_T_INC_2023__emissions__0002__chunk_0002","079ce90d3b8b05e9f73e5fd5d23744050c17f018d55bad623d51ad9eef81e0b5","","",""
"T__T_AT_T_INC_2023__energy__0001__chunk_0001","746c32a2bf833136e7a16354b9d0a9fa38a29255b07ca4750c0e5b85006e0439","","",""
"T__T_AT_T_INC_2023__ethics_compliance__0001__chunk_0000","29e27c3969a05f0a69009ba74c3158bde27d69ba8d42f0bc5cc21b31574b24c3","","",""
"T__T_AT_T_INC_2023__ethics_compliance__0003__chunk_0000","75c8334b381cd3efed15047a093b62ffd79de80cac22d4bde9d78a2bcaa1fe00","","",""
"T__T_AT_T_INC_2023__governance__0001__chunk_0000","b16fd9b634339d0a18d0b6d947caa79936ada6ad1499733d310f8ac7c2bab9c2","","",""
"T__T_AT_T_INC_2023__supply_chain_ethics__0002__chunk_0001","9ed203c1b72a7a3c7853b9184446d9537d5324fded187434b821b5a684bb6139","","",""
"T__T_AT_T_INC_2023__supply_chain_ethics__0002__chunk_0002","4d74e296519723e80f5c353f451d97c00a42bdddb44b86e9720259f67e9d48f1","","",""
"T__T_AT_T_INC_2023__supply_chain_ethics__0004__chunk_0000","b039c1176aa6b0f6f3de362c6ed04cd2642da977bfaaffc9c7ac87efb948b868","","",""
"T__T_AT_T_INC_2023__supply_chain_ethics__0004__chunk_0001","44adfac9cef187dc4c927a1fc4396d2506be93fca468d2ddf1937aa6c6aaad90","","",""
"T__T_AT_T_INC_2023__waste__0001__chunk_0000","36fa6e00226c85d22f7a994deb5f04e9bc4e79ed425c0bcc5f63c8b1879ae79d","","",""
"T__T_AT_T_INC_2024__about_this_report__0001__chunk_0000","14894b011b32d2c4758c04a49ee79804571430539fa9b1c8790e01ed12081312","","",""
"T__T_AT_T_INC_2024__about_this_report__0007__chunk_0001","03d90c3b76cb3d2b110c06e45d9ff2b6f18b11c4f9cfff4e5297dae12c461aea","","",""
"T__T_AT_T_INC_2024__appendix__0001__chunk_0000","9c7fc962138281b422111417bf0aaf6cbcfa586b02f40b2292836ff1b0750379","","",""
"T__T_AT_T_INC_2024__environmental__0001__chunk_0000","949333ecb9f011d073c573a19a3a42f58c9cb6b23916e45a808d3884b6171c1e","","",""
"T__T_AT_T_INC_2024__environmental__0002__chunk_0000","8bafdff835e076ec571324cae571a93010b779ee0b0cd3809c80dc5a75cbebe1","","",""
"T__T_AT_T_INC_2024__human_capital__0002__chunk_0001","5ce703bf14d80e37185d9526852aa7c753d0a5a61b335758915966f1870be5f3","","",""
"T__T_AT_T_INC_2024__human_capital__0004__chunk_0000","ac8f8b98a8eeee51d8edd7cc6ddace3e921c010bf792156af54f78b30d27841b","","",""
"T__T_AT_T_INC_2024__supply_chain_ethics__0001__chunk_0000","389493651b70a10a6bc15721b18f22d16729bb951e8f0e054d53a3eeffc5b414","","",""
"UEIC__UEIC_UNIVERSAL_ELECTRONICS_INC_2023__about_this_report__0003__chunk_0003","6420643b80297f23a331de50753cb3728661eca9e874ec9be3b6df9dc2ba7555","","",""
"UEIC__UEIC_UNIVERSAL_ELECTRONICS_INC_2023__about_this_report__0003__chunk_0004","276ec5957939563714dee470e94f6ca1c0f59d0188209c2ceeef3554d85336bb","","",""
"UEIC__UEIC_UNIVERSAL_ELECTRONICS_INC_2023__climate__0002__chunk_0000","52609e9c9a160d88d7d26cb82b0d0396ea416e7916608c106fc8a261d991d725","","",""
"UEIC__UEIC_UNIVERSAL_ELECTRONICS_INC_2023__ethics_compliance__0003__chunk_0001","8594accbfbf88b8669baba09e75d9c0246db387a73efc47d374f20839ca5876f","","",""
"UEIC__UEIC_UNIVERSAL_ELECTRONICS_INC_2023__governance__0002__chunk_0000","2508ebd37c848800dad34d201aef350572753465d683781000ea18f3781160ec","","",""
"UEIC__UEIC_UNIVERSAL_ELECTRONICS_INC_2023__human_capital__0007__chunk_0000","49762e257fb95fd0318a78942000b378d7ef180b1cf38850410221c2db6f87c3","","",""
"UEIC__UEIC_UNIVERSAL_ELECTRONICS_INC_2023__other__0001__chunk_0000","2612d2e083571f1b359203b224cc936756ea66b9665b9d4d17f5f62e627f17a2","","",""
"UEIC__UEIC_UNIVERSAL_ELECTRONICS_INC_2024__diversity_equity_inclusion__0002__chunk_0000","99b08870d5e19c41dcd9f4ed0e30dc4a4e0fd12a7053b37320aaf112964d17d1","","",""
"UEIC__UEIC_UNIVERSAL_ELECTRONICS_INC_2024__ethics_compliance__0008__chunk_0001","d716a7fcd6762ed6b6d3d723256bd1d51447e6068aa39483a914c77e31153455","","",""
"ULTA__ULTA_ULTA_BEAUTY_INC_2023__community__0002__chunk_0000","d37961d84c17baece22183e763e93a3567d3b4952251b837827bd4a53e1ac6b1","","",""
"ULTA__ULTA_ULTA_BEAUTY_INC_2023__governance__0002__chunk_0001","6b0071ab68ac034a72669bd64d2d4d1e204fa73a2d8c6fe2292958e6927abd1e","","",""
"ULTA__ULTA_ULTA_BEAUTY_INC_2023__governance__0005__chunk_0001","de7b0e4b90e0afababb671028695a76a19811a7288149720b911b321782670f0","","",""
"ULTA__ULTA_ULTA_BEAUTY_INC_2023__human_capital__0004__chunk_0001","f259456ab6449d51d17760b1412544a7ffdc75ede2e8d44fe35bc73fcac8d90d","","",""
"ULTA__ULTA_ULTA_BEAUTY_INC_2023__waste__0001__chunk_0002","7ae46fc399bcc5f700311e2f7b5ec11ab5e415383ff5bf49405d07a884ebba5f","","",""
"ULTA__ULTA_ULTA_BEAUTY_INC_2023__waste__0001__chunk_0003","178bf1f7dc96196ed625cc2b88dcbfcdfe07be26433796752bccfce142050f7e","","",""
"ULTA__ULTA_ULTA_BEAUTY_INC_2024__energy__0002__chunk_0001","9dd8731ab5d9a6159c6c6928f5e90159183509914b6ca672bbac503afb2c6dce","","",""
"ULTA__ULTA_ULTA_BEAUTY_INC_2024__human_capital__0001__chunk_0001","d6b7e5fc06b578f4c99b582dd1194f5720f980d0864f2c5b85edd50cbd4259a6","","",""
"ULTA__ULTA_ULTA_BEAUTY_INC_2024__human_capital__0003__chunk_0002","43545df90c7d428497f90fe6f2de1c32dfe840e6eab86b18539e27c80bbbc96d","","",""
"ULTA__ULTA_ULTA_BEAUTY_INC_2024__human_capital__0006__chunk_0000","44cecab0a9fc697894ca756a5e369f0c54182555f8ea5a10bd6bc1887a6d25ea","","",""
"ULTA__ULTA_ULTA_BEAUTY_INC_2024__human_capital__0006__chunk_0002","612bf4ad3729c4268740300ad0a4f4033c0253e0b171c530fc3cf6fd9c8dec17","","",""
"ULTA__ULTA_ULTA_BEAUTY_INC_2024__human_capital__0006__chunk_0003","a401ceec848789f0dae9b640b1a7d843588d183afb87af22e881cd8f84bb3471","","",""
"ULTA__ULTA_ULTA_BEAUTY_INC_2024__social__0001__chunk_0000","f970d6a8e9b3d7ddab3f8956bf5c434887b14a6ceccdbac58965932a8abad722","","",""
"ULTA__ULTA_ULTA_BEAUTY_INC_2024__water__0001__chunk_0000","07e23eb1861cef58404e14872b5b18679c5d7a796b6d4b21b5e3aae4fde09b0d","","",""
"UPBD__UPD_UPBOUND_GROUP_INC_2023__diversity_equity_inclusion__0002__chunk_0003","56b076c4d61949ee6c68889bc64b5363a75e7817dfdc157f421c7822d6f1829f","","",""
"UPBD__UPD_UPBOUND_GROUP_INC_2023__energy__0001__chunk_0000","f8133fec605a917d9d252aaf8929c5a51e288d307548f07b95b77060c3ecb9bf","","",""
"UPBD__UPD_UPBOUND_GROUP_INC_2023__human_capital__0002__chunk_0000","fc69d3129b5ca453c982acf2dce17ddd697246464e236f33db68050858eed4b8","","",""
"URBN__URBN_URBAN_OUTFITTERS_INC_2024__about_this_report__0001__chunk_0001","9f885aac0ed13e6d1ab3ed699620181eabf25e6cdc0394d578618bd971c4d3aa","","",""
"URBN__URBN_URBAN_OUTFITTERS_INC_2024__environmental__0001__chunk_0000","c05b5176d8efafc6ba3beba3cf55a4bb036ac8e2883878c48f98f98bdeae727f","","",""
"URBN__URBN_URBAN_OUTFITTERS_INC_2024__governance__0001__chunk_0000","9be8b6769a95ea7d2aa8264accd0dced4df9b90c6ed8c89f9d9b857f46fc3d90","","",""
"URBN__URBN_URBAN_OUTFITTERS_INC_2024__human_capital__0003__chunk_0000","117455dbb55b9121fb533da8c52b7a49a013abb5a933697f1a7ae76b8dcf2b3e","","",""
"URBN__URBN_URBAN_OUTFITTERS_INC_2024__human_capital__0003__chunk_0003","cde47230963d3c899d225f50d20c299ff0f660b6bf4b5b62d8ebe20ee75ea232","","",""
"URBN__URBN_URBAN_OUTFITTERS_INC_2024__human_capital__0004__chunk_0000","49b5b6718233e8e24201105059438998cebab45117f9500ca29042fb3edcebb6","","",""
"URBN__URBN_URBAN_OUTFITTERS_INC_2024__other__0001__chunk_0000","362de0d3c7248bc7ead751551589e3f3efa7d7b2592ba9ac6bb4ec2ffe5deead","","",""
"URBN__URBN_URBAN_OUTFITTERS_INC_2024__supply_chain_ethics__0002__chunk_0000","9acaccefe40fb080fe59bab505572699302b840c6947da2851175450083e82e3","","",""
"URBN__URBN_URBAN_OUTFITTERS_INC_2024__supply_chain_ethics__0002__chunk_0001","40e92feb933b843e76946e80cca86dfed00f7c3ddf7663eb09dcf041c1ec3cc0","","",""
"URBN__URBN_URBAN_OUTFITTERS_INC_2024__waste__0002__chunk_0000","dff4993b13c71469f3fe345f105f6c9ccd2fb98dc31418e6066bb6791071362e","","",""
"URBN__URBN_URBAN_OUTFITTERS_INC_2024__waste__0002__chunk_0002","d06f1d69ff5defb178d75959cad93fbf7061d331e76ae068ab4963b68af38fbd","","",""
"VFC__VFC_VF_CORP_2023_2024__appendix__0001__chunk_0000","94f919d11e52223f0a116219bc338accc067a5628c2e8f60d7ed264047044989","","",""
"VFC__VFC_VF_CORP_2023_2024__ceo_letter__0001__chunk_0000","f87e12ccc84f4453097fe7fb05258035d9820981ba9916ba2efa846822496d68","","",""
"VFC__VFC_VF_CORP_2023_2024__climate__0001__chunk_0000","93f872934f596c92484081fef68ee97d1d0fed1b52b8dff041c1393c4c42c263","","",""
"VFC__VFC_VF_CORP_2023_2024__environmental__0008__chunk_0001","9315d5c3c0d40cf02eb27837721d0e37823a508a67aee27223dbb418cd5b15e1","","",""
"VFC__VFC_VF_CORP_2023_2024__environmental__0008__chunk_0002","9c06331de23d5aa0dd92a70c125be3f5267651f302acf0c54d12670dd6cc17ca","","",""
"VFC__VFC_VF_CORP_2023_2024__governance__0003__chunk_0000","72936fb7d202056a2b7368a9e14a65ec8ef1e5e546584d7024c6501dbfe163f5","","",""
"VFC__VFC_VF_CORP_2023_2024__governance__0004__chunk_0000","555197d3df341758cbc2e34a2366e5a3e2519eeb680339f75e31b94645103f65","","",""
"VFC__VFC_VF_CORP_2023_2024__governance__0005__chunk_0000","ab942d40ded671416204efa110a88f2b91b1fb9c4560ee8cc5a667a2c7e4edd6","","",""
"VFC__VFC_VF_CORP_2023_2024__supply_chain_ethics__0001__chunk_0000","58075ff049863e93fb098cfbf98422f005818b1486db5e143e7c21e65df23c6c","","",""
"VFC__VFC_VF_CORP_2023_2024__supply_chain_ethics__0005__chunk_0003","6fda10a7c3888be980b6fdddbed0faf089bac7f630761855add77c9450241357","","",""
"VFC__VFC_VF_CORP_2023_2024__supply_chain_ethics__0006__chunk_0001","1a401e9f575f94b53c89929446ffa6bd3a5d0f6753809ee35bcd292047506658","","",""
"VFC__VFC_VF_CORP_2023_2024__supply_chain_ethics__0009__chunk_0000","669e5bb60c3b27a841c259882762aeb16f22fb4f43e18e1404950858627c5b8b","","",""
"VFC__VFC_VF_CORP_2023_2024__waste__0004__chunk_0001","fa1bf188d0e3cf55144ba6ff5bc536cbb1fc55fcb7278100105802c808b62392","","",""
"VFC__VFC_VF_CORP_2023_2024__waste__0004__chunk_0003","170d2605118688d6694661d4f6fdf96ca3d66049bd18feb2fa68df5fba3d2e97","","",""
"VFC__VFC_VF_CORP_2023_2024__waste__0005__chunk_0001","4b4a4d3e62e9969e2bad736be1d584912c10147e78102a93cef80732a3903e86","","",""
"VFC__VFC_VF_CORP_2024_2025__about_this_report__0002__chunk_0000","5023990c522b28b32ce631aee60b035c5a8315596d53f62ebc1c9f50682b5541","","",""
"VFC__VFC_VF_CORP_2024_2025__about_this_report__0004__chunk_0001","7a47306b2bf2ce2a8bf6b531d31d308163fd542ec201bc997eccc65a51c3548e","","",""
"VFC__VFC_VF_CORP_2024_2025__climate__0002__chunk_0000","d21e7fdedb51625918fa426b4aeec63575dfbe0a1cadde2c952cc33b9219a451","","",""
"VFC__VFC_VF_CORP_2024_2025__emissions__0001__chunk_0001","7f6ad036879a0c9891551902d96e7735da1943262b7adc65a4d4d653798bf1cb","","",""
"VFC__VFC_VF_CORP_2024_2025__emissions__0001__chunk_0002","ecc0e064cf852aae6151a2c8ad359b9217662d3e384b4bb4f14261288cc9d1ce","","",""
"VFC__VFC_VF_CORP_2024_2025__environmental__0002__chunk_0000","f7616bd8a0b8d1db552aa6675056b22c7e4378f6a63080754edacac8bff178cb","","",""
"VFC__VFC_VF_CORP_2024_2025__governance__0002__chunk_0000","9b6b0153bc3be37323945834a0c46ed4de22b3386a1fdd35a7567f69844dca83","","",""
"VFC__VFC_VF_CORP_2024_2025__governance__0003__chunk_0000","0b259e42135cdecb0c8fc29363f5a99585ba892c99e8e84e8facdb53b7ffc03b","","",""
"VFC__VFC_VF_CORP_2024_2025__governance__0004__chunk_0000","a8f1a4830d7fd16f149feb3f3d1ccab9670499e963d13d5abe1ba894c38ec320","","",""
"VFC__VFC_VF_CORP_2024_2025__supply_chain_ethics__0005__chunk_0000","a97aa6616c267da5782dc30651e5c4a2ec9e6245876fb0e700cd180599087b7b","","",""
"VFC__VFC_VF_CORP_2024_2025__supply_chain_ethics__0005__chunk_0001","32df3f2241cbd4f2c70fb40cc1ed74cb4619f39a1f10a32c9dd8154fd084b973","","",""
"VFC__VFC_VF_CORP_2024_2025__supply_chain_ethics__0007__chunk_0000","ec926ea04b203d39e19e9073bb6bc7fbb95f661f35b759773defe1a12028f7b8","","",""
"VFC__VFC_VF_CORP_2024_2025__supply_chain_ethics__0012__chunk_0002","e6ec5c7b207206543cb966d45b2beb972100042daba0f82861b10e14da29365a","","",""
"VFC__VFC_VF_CORP_2024_2025__waste__0002__chunk_0000","05d0887f96e4d01c38b0af2e1bff21bae64080de6d62170869ae26350f5856ec","","",""
"VFC__VFC_VF_CORP_2024_2025__waste__0005__chunk_0000","c0aeb41dfea6bc0b638118822a8c02cfc2e42b8338cedc7ed693def80100379f","","",""
"VRA__VRA_VERA_BRADLEY_INC_2023__about_this_report__0001__chunk_0000","d44d06c13c263aadc944a7cea44fe1bacd4463252b5a2452fa622ea89e3bea9e","","",""
"VRA__VRA_VERA_BRADLEY_INC_2023__appendix__0001__chunk_0000","8020c35d28ed5340d66e4622f8b4c11d15612ffb79cdee89b2a845d5073f0a0a","","",""
"VRA__VRA_VERA_BRADLEY_INC_2023__diversity_equity_inclusion__0002__chunk_0001","fc5e97396e35ae95d30f05d1eac8bf4690db1dfc39a756ffac90398f34180707","","",""
"VRA__VRA_VERA_BRADLEY_INC_2023__emissions__0001__chunk_0000","ec180f067ea7459df6eee987d1b93a98a1109c19e09a19cb1ec2ca411e81cd02","","",""
"VRA__VRA_VERA_BRADLEY_INC_2023__environmental__0001__chunk_0001","4499723944a7bc471d205a833bf19a5364c62e16ea5bdc24b7c6e3a920e44703","","",""
"VRA__VRA_VERA_BRADLEY_INC_2023__environmental__0008__chunk_0001","805f38c74b17fdb5d00ffc93bdb6638bd0e28eac224c92f2cb7815b4cb165ca3","","",""
"VRA__VRA_VERA_BRADLEY_INC_2023__ethics_compliance__0001__chunk_0000","0f36de19c5d7919f3dcd71160fb1d03f26fb03ce7e09597524e75634d248b2b9","","",""
"VRA__VRA_VERA_BRADLEY_INC_2023__governance__0003__chunk_0000","829d268f8984d9b214ad0217f96292c809f0d5f28677ef7e8dad0772812cfd05","","",""
"VRA__VRA_VERA_BRADLEY_INC_2023__human_capital__0004__chunk_0000","22b6dacc70b28799090ae435d27d4480bdb4ab9da2821a7d75f4d9dbafc84522","","",""
"VRA__VRA_VERA_BRADLEY_INC_2023__human_capital__0005__chunk_0000","9d3db72155379a3df9bfda23ef3572da41ecb0789bd3982af674b0eee7a7fe1d","","",""
"VSXY__VSXY_Victorias_Secret_2023__about_this_report__0001__chunk_0000","4dd440809ef7e0b3a683f3935b773c0b728f8d78f4943ddb30b4e7296fbf32ca","","",""
"VSXY__VSXY_Victorias_Secret_2023__appendix__0001__chunk_0000","401103abc3291a2d74b98fdd179325d8e14b289abb260720ccd04d8c1b15c3bf","","",""
"VSXY__VSXY_Victorias_Secret_2023__ceo_letter__0001__chunk_0000","30ae43557be9cb3af723f73cdc9ef22fd0e7acea9db9987e96782f644e0b0850","","",""
"VSXY__VSXY_Victorias_Secret_2023__climate__0004__chunk_0008","f372a105fa38741af31a34c87a919a80ac8b656df32b80b7adc959ddc523ac75","","",""
"VSXY__VSXY_Victorias_Secret_2023__climate__0004__chunk_0011","dcec993604998e8d5e40dca7fe260508023fba05dc3048f12505758c2e92ae04","","",""
"VSXY__VSXY_Victorias_Secret_2023__climate__0004__chunk_0012","02a75db086c9df07dae235be232021bcdf42f9849d3640f81d11dfbda0c67667","","",""
"VSXY__VSXY_Victorias_Secret_2023__diversity_equity_inclusion__0001__chunk_0000","b5e532d535919ef9d7d2765e0f756329230f4b69dac1fb754d40c1c613e6569b","","",""
"VSXY__VSXY_Victorias_Secret_2023__diversity_equity_inclusion__0002__chunk_0000","64e14e377669ab950255f19c16b048ab58de788f2b7c9367c6f6b012c7d4620f","","",""
"VSXY__VSXY_Victorias_Secret_2023__diversity_equity_inclusion__0004__chunk_0000","394a48b7b1fd87242e90a3ff4ee6eaaff722c5c9167dd776217a74fd6972d91d","","",""
"VSXY__VSXY_Victorias_Secret_2023__diversity_equity_inclusion__0007__chunk_0000","ee5efb724eaa26470026c4910f6de31f9903bea2696e265ba3481af7efa4ab9c","","",""
"VSXY__VSXY_Victorias_Secret_2023__diversity_equity_inclusion__0018__chunk_0000","a8798f48e3cfb61c7495932e323d338758d05ff241fd582f80828d8cbe4acf82","","",""
"VSXY__VSXY_Victorias_Secret_2023__emissions__0005__chunk_0004","d2ba9b8ef2fe80d4f57f131a7a58c3201ec8ea5178540ddf54e9b53a0d293a02","","",""
"VSXY__VSXY_Victorias_Secret_2023__ethics_compliance__0006__chunk_0001","87e701ea974ee488575dcaaf7de5fea0e21ed95747dbb98eb13e78d648742cd8","","",""
"VSXY__VSXY_Victorias_Secret_2023__social__0001__chunk_0001","c96ae8e5c706b461be8be2460d9d3c7b9434d25525a303bceee243697d76078f","","",""
"VSXY__VSXY_Victorias_Secret_2023__water__0003__chunk_0000","3b7d24937ae558e3b83ad03e9ce702f4398751ca652d7809407b5172cfda3c76","","",""
"VVV__VVV_VALVOLINE_INC_2023__about_this_report__0010__chunk_0000","625c8d7f62b4d64a8d7c0e473ecb1d012336fde66e858504cf4019b524023372","","",""
"VVV__VVV_VALVOLINE_INC_2023__data_summary__0001__chunk_0000","be18f83247487a654c9e11065bda56f445b35f771ddee9c565daab5e1d5c8142","","",""
"VVV__VVV_VALVOLINE_INC_2023__environmental__0003__chunk_0000","62487b27934a6ef196054c21a833ed18791000f8477e099947dca02f77f2a9a8","","",""
"VVV__VVV_VALVOLINE_INC_2023__human_capital__0003__chunk_0000","0a5bc6340fb4574727655cf61313e3671661d1f6c2eac677d09e4b04bf5fb933","","",""
"VVV__VVV_VALVOLINE_INC_2023__human_capital__0003__chunk_0001","71ed8166332ab52642402cdaaccbd3d6b282e4119a58eccbdc8ad6d02c9ba1c9","","",""
"VVV__VVV_VALVOLINE_INC_2023__human_capital__0006__chunk_0001","e4a690695c0536d31efb74d4ec1a36b5388719cc140eb1c78588b6d6991740a0","","",""
"VVV__VVV_VALVOLINE_INC_2023__human_capital__0009__chunk_0000","76bb7d822775f4a6cc5396a98e62833c752e2d4835fe5a23792e2026632428ef","","",""
"VVV__VVV_VALVOLINE_INC_2023__social__0008__chunk_0000","4393d0f850f63a916251f6bb9dd956f2e400cfd5c71f21abde77c63c4740582c","","",""
"VVV__VVV_VALVOLINE_INC_2023__waste__0001__chunk_0000","493377855b0a7b4b7789d4c43ee2b9581e5d2666fa90ce402c09b2f8a856aef7","","",""
"VVV__VVV_VALVOLINE_INC_2023__water__0001__chunk_0000","3233a3a227072fcc3737ccd693e4d8f38d10a0089bc54a64b0980cb57dd10f09","","",""
"VVV__VVV_VALVOLINE_INC_2024__about_this_report__0003__chunk_0000","45c017b2f16a271babbe062dbb5f39439489a3b37135d2474991811996193615","","",""
"VVV__VVV_VALVOLINE_INC_2024__community__0002__chunk_0000","3b706fe45dd7f68f15227fc096a0d287e77e4a3effa95e45afbdf21a59145f78","","",""
"VVV__VVV_VALVOLINE_INC_2024__data_summary__0005__chunk_0000","d5e0c062efc33b2d58c2d6e758b51a0632642afda2768a664a436119b44d0788","","",""
"VVV__VVV_VALVOLINE_INC_2024__energy__0001__chunk_0000","69492c179e0ad7c157d21699bb3f3bbf1b12185c44426ea60e0aeb023bcbc4d9","","",""
"VVV__VVV_VALVOLINE_INC_2024__environmental__0004__chunk_0000","8a4cbb5fdb66e9f8607aa85f493923cea8e939786a4e86661e996657dc670096","","",""
"VVV__VVV_VALVOLINE_INC_2024__human_capital__0003__chunk_0000","8aafd9226b0538704f76b8ed48421a3cf0b0fbe9ec7e1d9ba663d8b70a281545","","",""
"VVV__VVV_VALVOLINE_INC_2024__human_capital__0006__chunk_0002","b109fc1f3dedd1926afc52376fb66a52185edd0ae2590086fc636552680812ff","","",""
"VVV__VVV_VALVOLINE_INC_2024__human_capital__0006__chunk_0003","349e754162e11a75e9d7efaff98ddf9d98f858e1c257b219a40e9e826af65647","","",""
"VVV__VVV_VALVOLINE_INC_2024__water__0001__chunk_0000","a4a59a88e752989853a94a757daccf5324dee648c666aff0bb597319d9acb739","","",""
"VZ__VZ_VERIZON_COMMUNICATIONS_INC_2023__about_this_report__0002__chunk_0000","369fd7fd48bd375f756d95694cec105e4bec9bb372596349bad5b54ac0d625f6","","",""
"VZ__VZ_VERIZON_COMMUNICATIONS_INC_2023__appendix__0003__chunk_0000","9e0c8412e4116ccb065561c2c130041557df5287807d7c5b473fcc08e30460f7","","",""
"VZ__VZ_VERIZON_COMMUNICATIONS_INC_2023__appendix__0005__chunk_0000","1cfcf5205faf25b8baf11f19fb3e44be90c98b477b7357f3f7e46b6f4708f74f","","",""
"VZ__VZ_VERIZON_COMMUNICATIONS_INC_2023__appendix__0006__chunk_0001","4332b2e3a908da6851d85ad09c68dc750d054a88d17e4231c877c6fa6ca2cb73","","",""
"VZ__VZ_VERIZON_COMMUNICATIONS_INC_2023__climate__0006__chunk_0000","223018ddf8a7971b8ed867d7bed3561463f11f2831d1164ea56b58fc8aa72ef8","","",""
"VZ__VZ_VERIZON_COMMUNICATIONS_INC_2023__data_summary__0001__chunk_0000","a0c2ea42acfe7f5d189dde13d865916e6241b8b746db03bb5b9ed2cc03cf27e6","","",""
"VZ__VZ_VERIZON_COMMUNICATIONS_INC_2023__diversity_equity_inclusion__0002__chunk_0000","5cbfb8168dd49d5c5d015cb3cdddd0b480d71a0c5b0c86238e17edf48700b9f4","","",""
"VZ__VZ_VERIZON_COMMUNICATIONS_INC_2023__diversity_equity_inclusion__0006__chunk_0000","dedd7149a2ad56463374d497f5b02b2353229ea2a209599114f34a6af8ea1b8e","","",""
"VZ__VZ_VERIZON_COMMUNICATIONS_INC_2023__emissions__0004__chunk_0000","e2c2312b22e32325cc75c0c0afeec9b0bfc5002b495a5d1d084d9722fbb8b978","","",""
"VZ__VZ_VERIZON_COMMUNICATIONS_INC_2023__emissions__0005__chunk_0002","1123120e1eb57c217b02a54bd0dd61b5897650b3657b0b15bbe69c0014282128","","",""
"VZ__VZ_VERIZON_COMMUNICATIONS_INC_2023__energy__0002__chunk_0001","28ddb91182949cfcb92e970e11d1880928639946760863c65c9e66257b8fa3e8","","",""
"VZ__VZ_VERIZON_COMMUNICATIONS_INC_2023__ethics_compliance__0001__chunk_0000","46224384fa8bcc3ba891282fcff5511f93003b69ad264b7641ff51b58587c87c","","",""
"VZ__VZ_VERIZON_COMMUNICATIONS_INC_2023__ethics_compliance__0002__chunk_0001","ae1c728774268c82c423b14919a1d02a8602bafe0e64c293bec72f55ed8f479e","","",""
"VZ__VZ_VERIZON_COMMUNICATIONS_INC_2023__ethics_compliance__0004__chunk_0001","e17d76e3c469b5416aae391a8745b24e3a3e24ffb5b5fcd0ecde7e61bf4f7c1e","","",""
"VZ__VZ_VERIZON_COMMUNICATIONS_INC_2023__water__0001__chunk_0000","35ab78109ea0ccbca0f67892743b402ed3a50f1b365a35bdc5824f395f6b6b34","","",""
"VZ__VZ_VERIZON_COMMUNICATIONS_INC_2024__ethics_compliance__0001__chunk_0000","6a40f4ff5401b4e82b1ae632387aa9675450ad5f2d6b9a94bed94abe9db6afd5","","",""
"VZ__VZ_VERIZON_COMMUNICATIONS_INC_2024__ethics_compliance__0003__chunk_0001","926510e05df63355f2d2a364be5a7ed9d5f0253ff10dcf96b1db5aea6f758a35","","",""
"VZ__VZ_VERIZON_COMMUNICATIONS_INC_2024__ethics_compliance__0005__chunk_0000","dae95d29cd31c4f4438648d973a053813843455ac15359b4db889d6aa5c5ba52","","",""
"VZ__VZ_VERIZON_COMMUNICATIONS_INC_2024__governance__0002__chunk_0000","0e786dec2cc0fd594788bad2411811dc023b3ad9cafb9a9cba4c9dcbcc9134bc","","",""
"VZ__VZ_VERIZON_COMMUNICATIONS_INC_2024__governance__0002__chunk_0002","fe2c0ed0fc8a5c7dba566c379df5a8e6b4212b7396f6d6b35b755206239fb249","","",""
"VZ__VZ_VERIZON_COMMUNICATIONS_INC_2024__governance__0006__chunk_0000","bc9f44198595c082e72f9db9785b2c2f7b92617efd1489940f6b3b62a59f57fe","","",""
"VZ__VZ_VERIZON_COMMUNICATIONS_INC_2024__governance__0008__chunk_0000","b058d9d6875b9cb9a5c6acdadb15ccd4e8989b686e3f4fc6b3af7d2f07e62bff","","",""
"VZ__VZ_VERIZON_COMMUNICATIONS_INC_2024__governance__0009__chunk_0002","64e03d9d7f8fb0c3c20ff6f806332ff9aff79db3a265aa8f688e37cfa937ae74","","",""
"VZ__VZ_VERIZON_COMMUNICATIONS_INC_2024__governance__0009__chunk_0003","123f2e7a6e846a6552feaa5500f401bc63da042f0363483d44c742581c9972be","","",""
"VZ__VZ_VERIZON_COMMUNICATIONS_INC_2024__human_capital__0001__chunk_0000","a3eaba2f61c1a614346b4b132aa78d2b37ff1e47dbb44418ea5691a6eed97468","","",""
"VZ__VZ_VERIZON_COMMUNICATIONS_INC_2024__supply_chain_ethics__0001__chunk_0001","45848cd5dfe2f14b40c1f038b228bddfbbc2d2242a8d9960330ebb494096f548","","",""
"VZ__VZ_VERIZON_COMMUNICATIONS_INC_2024__supply_chain_ethics__0001__chunk_0002","152e6ae019d5620b8d1ad40e0cd7710ee4842cc75ef6ab21988741614fc0099a","","",""
"VZ__VZ_VERIZON_COMMUNICATIONS_INC_2024__supply_chain_ethics__0001__chunk_0003","96581119db20cf9905767798c029c70d98ce4afe68400f7c226622ab2aebd577","","",""
"VZ__VZ_VERIZON_COMMUNICATIONS_INC_2024__supply_chain_ethics__0002__chunk_0001","c82039477a7b7f4be461be58e5013cf94aee2b627fafa34a777da9b902028ac7","","",""
"WHR__WHR_WHIRLPOOL_CORP_2023__community__0005__chunk_0000","60f422d44c970548899bb4f571d81d00263a3fb75d11922c3ea17d8d5dba2ec5","","",""
"WHR__WHR_WHIRLPOOL_CORP_2023__data_summary__0005__chunk_0005","44968db66e89ce965c4120d08f58863d5843b6287c960be1536418068eb03c7b","","",""
"WHR__WHR_WHIRLPOOL_CORP_2023__emissions__0002__chunk_0001","46952229128c006245502094cadd500bc8ee85014377af8c3ce000f370f3419c","","",""
"WHR__WHR_WHIRLPOOL_CORP_2023__environmental__0001__chunk_0000","8ce71f2d67ae716dd5acf11072d51eca8f7fa682f55c4fb4c8e5e99d18a75060","","",""
"WHR__WHR_WHIRLPOOL_CORP_2023__ethics_compliance__0003__chunk_0001","d58e112874a93a7d71e9e4ece2668a825c0b33b68d58b89e447b26818d5f9fba","","",""
"WHR__WHR_WHIRLPOOL_CORP_2023__human_capital__0004__chunk_0003","89c1751576056041c98034f6af04834e530bae7ebc860d60f4a38a0eed8cb462","","",""
"WHR__WHR_WHIRLPOOL_CORP_2023__human_capital__0006__chunk_0002","fc4541c8b06e985023c4ef02b9b5bbf2bfebd1fc993233421149fdb228dc7f05","","",""
"WHR__WHR_WHIRLPOOL_CORP_2023__human_capital__0011__chunk_0002","a5743ec9d7e50358baa2921d67386eb84d90d9dadd6441a742a33f9a81633c30","","",""
"WHR__WHR_WHIRLPOOL_CORP_2023__human_capital__0011__chunk_0003","536093bf278140bce4986df7041130bd53782c059418fead51ed1dbd9e9c9331","","",""
"WHR__WHR_WHIRLPOOL_CORP_2023__supply_chain_ethics__0001__chunk_0002","94839faa6244b4193392ce3872f304d7241e0e886c9111c634b8a99540921652","","",""
"WHR__WHR_WHIRLPOOL_CORP_2023__waste__0002__chunk_0000","be5707139e3cee3dbfd67e58ef876113cdbfbb69888e92d5c93c500ab748109b","","",""
"WHR__WHR_WHIRLPOOL_CORP_2023__waste__0002__chunk_0001","33cb54fec68e4a863821dd73e7d1174789ec2f2d03220406937626f055db9dab","","",""
"WHR__WHR_WHIRLPOOL_CORP_2023__waste__0003__chunk_0000","6bf0230d187f4e2a1050f3e3271919240a00eb9f89a8d32d6eb11c46ff3183fb","","",""
"WHR__WHR_WHIRLPOOL_CORP_2023__waste__0003__chunk_0001","89658e0d43e681ddeb6fda56a2ce93b099d67db1b9cdba656f10a4ac31a186b2","","",""
"WHR__WHR_WHIRLPOOL_CORP_2023__water__0001__chunk_0003","db7e95835de391805b3c5ec4f37167752573804332339096d352dc16d77e3940","","",""
"WHR__WHR_WHIRLPOOL_CORP_2024__about_this_report__0002__chunk_0000","93c70b5feedceb5654cc44ce68a3c5cfbcf5ba1f6afa0470f62f66e8d368b636","","",""
"WHR__WHR_WHIRLPOOL_CORP_2024__data_summary__0002__chunk_0002","214b84a08d6a2f112d54973c4d861da3726d17e616d3cf1357f2a2e3db640773","","",""
"WHR__WHR_WHIRLPOOL_CORP_2024__data_summary__0004__chunk_0000","bb96db14426cb2fbe50e2af4e5d542f3bdf4ab7fa215cbb004c38e30606ab674","","",""
"WHR__WHR_WHIRLPOOL_CORP_2024__diversity_equity_inclusion__0002__chunk_0000","1c37ff7d825326cb486ad8c3a16467a0f76b59780b22582edcfe0f21c284371e","","",""
"WHR__WHR_WHIRLPOOL_CORP_2024__emissions__0002__chunk_0000","94a6dceaa520519bcde16b443de4313a617c6c5641f33e13b9af224b26601182","","",""
"WHR__WHR_WHIRLPOOL_CORP_2024__energy__0005__chunk_0002","48cc62d7d994eb39dcd1d73e03c5eeb4bbd72766e5ae36332040ef639465a306","","",""
"WHR__WHR_WHIRLPOOL_CORP_2024__energy__0005__chunk_0003","18822d91a62a3722d44858ddec75c3d871243142d1839dcc9b6a627ff3a78d7f","","",""
"WHR__WHR_WHIRLPOOL_CORP_2024__energy__0005__chunk_0004","ef1abb07c3aab703a215bcc7a846d2d27ce7dd695b5f77c70b7f3f9897c82f25","","",""
"WHR__WHR_WHIRLPOOL_CORP_2024__governance__0001__chunk_0002","f9126acf41702d501e0c44f4b63363485336dc59e74449f0414401e395e3b361","","",""
"WHR__WHR_WHIRLPOOL_CORP_2024__governance__0003__chunk_0001","1ad67e16b551b78a0d6cd7fd19cea56e99f177ccb83482279c272face467493a","","",""
"WHR__WHR_WHIRLPOOL_CORP_2024__governance__0008__chunk_0000","5f14197b4ec980d38d342328354b1d2a20c4df7c549cc5dc9a6eb90057832334","","",""
"WHR__WHR_WHIRLPOOL_CORP_2024__waste__0001__chunk_0002","6614d5f7adc0665eed04616ef74283deaaa4de60ffd992349697da05a08ecd94","","",""
"WHR__WHR_WHIRLPOOL_CORP_2024__waste__0002__chunk_0000","6c77e3842fd323d02173aea23db668edd7f7517a773fad1e70972422e110c9b9","","",""
"WHR__WHR_WHIRLPOOL_CORP_2024__waste__0003__chunk_0000","8290e2a5b872880bc6da4073c81f23c18e18872c422c2d60bb55e36d4fbf3caf","","",""
"WHR__WHR_WHIRLPOOL_CORP_2024__water__0002__chunk_0000","4405d53130fb4afeb10cc45ef53a05e77d57fb2ffe44033b3423e263c01d15ab","","",""
"WMK__WMK_WEIS_MARKETS_INC_2023__community__0002__chunk_0000","7caf028681f32cb61761f6e39bd45f2fc02afa1c62aa8ad72a9621690409c6ca","","",""
"WMK__WMK_WEIS_MARKETS_INC_2023__community__0003__chunk_0000","f25a143ec7e248bc2869b3e131658dc877096ae127a65f6331aa20b21122938d","","",""
"WMK__WMK_WEIS_MARKETS_INC_2023__energy__0002__chunk_0001","bcd7e83b6afdfb04ecb38f6c1a9e92d8a4859923cb19ed3767a8ab84f59b33f6","","",""
"WMK__WMK_WEIS_MARKETS_INC_2023__waste__0002__chunk_0002","a43c4e231ffd1c2e0af33787e2c9bf3497923d45626b4bcd0f63385d7d17a72e","","",""
"WMT__WMT_WALMART_INC_2023__about_this_report__0002__chunk_0000","497ce9378fa2918a1f110f169c242e58b4a6d0136423f3f3a3fce5a0877d2520","","",""
"WMT__WMT_WALMART_INC_2023__appendix__0002__chunk_0000","0f85b6104e90fcaad562c01cb093c6613963bdf21eb0cb2f50d131a0ef1fd2eb","","",""
"WMT__WMT_WALMART_INC_2023__data_summary__0001__chunk_0000","cf224fbcec1100934489eeced69eef01e1674f05cd89c36ca734d2d72df7bc24","","",""
"WMT__WMT_WALMART_INC_2023__diversity_equity_inclusion__0005__chunk_0000","f7a67d183962c4244614952e7d58182bbcb8dc72ad9751349ac8b98bc12ff6cc","","",""
"WMT__WMT_WALMART_INC_2023__diversity_equity_inclusion__0007__chunk_0000","386f1319cac9f8f4ceb00664978b6b3e0a7d3c2ddfd12a15038dab6c962d4856","","",""
"WMT__WMT_WALMART_INC_2023__diversity_equity_inclusion__0008__chunk_0000","5713278b24318d1d88ba97ac14d2401385b05431bd24c960f33c820b1bd46747","","",""
"WMT__WMT_WALMART_INC_2023__diversity_equity_inclusion__0009__chunk_0001","4438d95474187f9492630dd71791b5bac7c0601a291b3651215b0cf0cfd0819e","","",""
"WMT__WMT_WALMART_INC_2023__emissions__0004__chunk_0000","7bf54b88054735bd2238e8411b68d2fc68875c302c8f78243d897296d6b6bbf3","","",""
"WMT__WMT_WALMART_INC_2023__emissions__0004__chunk_0001","c5d644c01551394cf066801a11f0f69d900e72c1517e3958bf61f742b2508c0c","","",""
"WMT__WMT_WALMART_INC_2023__emissions__0004__chunk_0002","d3b689fa66584098000ab489fc879f9e690683e02155fe4cc53c7213a465c205","","",""
"WMT__WMT_WALMART_INC_2023__ethics_compliance__0007__chunk_0000","0c73b52601e3764e75a1d33890d26bbe7494d66c91aff1ea6e9b5e3dcd74a655","","",""
"WMT__WMT_WALMART_INC_2023__ethics_compliance__0011__chunk_0001","a7cb6eaa49afb6a202e8300b028da54d33bf67694b7f9d093be09857d59f54f3","","",""
"WMT__WMT_WALMART_INC_2023__other__0001__chunk_0000","507d7254d386b45996065b0d7dc8c5c5cd95b6cd3155316d4200539df32b3c89","","",""
"WMT__WMT_WALMART_INC_2023__water__0002__chunk_0002","1ed8cbeafcde5a1bcb9613f059dbccdd4421a21d727db4e794934263f0bbe16b","","",""
"WMT__WMT_WALMART_INC_2023__water__0003__chunk_0000","266ccb4dbb94e4b0718106f0b990583e63b58681e38651e218868e22eb50ca14","","",""
"WMT__WMT_WALMART_INC_2024__community__0004__chunk_0000","1b4f59b2bb612249bd2a48c9e39d66092e9c696afb324e85db4728345398c873","","",""
"WMT__WMT_WALMART_INC_2024__community__0006__chunk_0000","cf502368df7b3e3e70b0f0152f5c8a719cd674b925378f4f4d8796c38f1e1271","","",""
"WMT__WMT_WALMART_INC_2024__data_summary__0004__chunk_0000","10d4d9808f81bc046015f8411d58a4a3612c13b7c36562bd2a35e797ad0484f3","","",""
"WMT__WMT_WALMART_INC_2024__emissions__0002__chunk_0000","76f8410613317c7f3633eb9446fc96bf455e348a4dc8fcf308141f7e54495209","","",""
"WMT__WMT_WALMART_INC_2024__emissions__0003__chunk_0004","0afbdb68af9c461fa8bc403fea89854243906f4da6f761028c27aa4d1b87e273","","",""
"WMT__WMT_WALMART_INC_2024__ethics_compliance__0003__chunk_0000","0cbea792626cc9a1a7042f54c5600902d255b1bc5d45b56f4e24574be49c287c","","",""
"WMT__WMT_WALMART_INC_2024__ethics_compliance__0009__chunk_0002","f224ee3cf426d7ce3c60e9c12e421905411f8b0013be4b53e4de4ecf9f56295b","","",""
"WMT__WMT_WALMART_INC_2024__ethics_compliance__0010__chunk_0000","7ddb560633403bd934cea4c015a938a55a70d267452038c96cbbdf8a9e01e981","","",""
"WMT__WMT_WALMART_INC_2024__ethics_compliance__0013__chunk_0001","8baf0484987d587429db254f342d8169d718c07cf35e22c992959fa925dd39d6","","",""
"WMT__WMT_WALMART_INC_2024__governance__0004__chunk_0000","53ccd40e4d2c694fd41c7c6fda6b8e6898dbcae8acf1f9ebecf4204da98bc4a5","","",""
"WMT__WMT_WALMART_INC_2024__governance__0010__chunk_0000","a16de632cc199c0d844fa8c290734bea47048ae50eb450dd997ab35da428be67","","",""
"WMT__WMT_WALMART_INC_2024__governance__0011__chunk_0000","6bc97b1c1aaf4afcf3fa12243a4ad63c9800e4f95ead49bb422e459d549f57f9","","",""
"WMT__WMT_WALMART_INC_2024__waste__0005__chunk_0000","cb06e72e8f64684d80af981b94fcae6155876c008edab099e457ae4bb20fdd5a","","",""
"WMT__WMT_WALMART_INC_2024__waste__0006__chunk_0001","e7f6222f1be0b4004c8481e2d7341734e838aef1b1e0c490ce67d8ad04f9b3f7","","",""
"WMT__WMT_WALMART_INC_2024__waste__0008__chunk_0003","35e54f7b84d7157e2246f047f08a82fed52024c5d93beac187e9598fed55ed57","","",""
"WOOF__WOOF_PETCO_HEALTH_AND_WELLNESS_CO_2023__about_this_report__0001__chunk_0000","0927eac5742ddf5243b69ce973c7ce30a0fb9528269e50e1787e350a6fce8b90","","",""
"WOOF__WOOF_PETCO_HEALTH_AND_WELLNESS_CO_2023__about_this_report__0004__chunk_0000","de52e4845ce0eaa58a93fd9cfe439bae4659d730ce8aff402f48cffb30f1bc3d","","",""
"WOOF__WOOF_PETCO_HEALTH_AND_WELLNESS_CO_2023__community__0001__chunk_0000","42a07b1f3f20b9f354a532197e163a0aee7264f8db961f1365fe873199b8bab8","","",""
"WOOF__WOOF_PETCO_HEALTH_AND_WELLNESS_CO_2023__community__0003__chunk_0000","53f5af9b871102d14e3a8857a40d64766d7760aafa9a224b86430200b61fadee","","",""
"WOOF__WOOF_PETCO_HEALTH_AND_WELLNESS_CO_2023__environmental__0002__chunk_0000","11de08026521f3d8d2ec2ee8fcaf83d798b195288bbead3d6f44835b44dcf3f5","","",""
"WOOF__WOOF_PETCO_HEALTH_AND_WELLNESS_CO_2023__environmental__0003__chunk_0000","fcdb923d3dce51f8b5af633f548dce0f6d95d1947f507735bdbdf78da7239e18","","",""
"WOOF__WOOF_PETCO_HEALTH_AND_WELLNESS_CO_2023__environmental__0004__chunk_0000","e6e6c9acb45fd50974701e04fb3dcda09fc2467cbc28449d809f649dcad43b28","","",""
"WOOF__WOOF_PETCO_HEALTH_AND_WELLNESS_CO_2023__ethics_compliance__0001__chunk_0002","90488cfeab831b86d3e7d6a3615efad35dab9ce276d5867d254fab462715127e","","",""
"WOOF__WOOF_PETCO_HEALTH_AND_WELLNESS_CO_2023__human_capital__0001__chunk_0001","7d84dc1aec59507d1498717c7ee17bbbd3f31d8b3fd429a8321c4442e4e70261","","",""
"WOOF__WOOF_PETCO_HEALTH_AND_WELLNESS_CO_2023__human_capital__0001__chunk_0004","1d8dbffa2e835572a0a29a197a324337b26a6884f2ff52749f279b500c71c0bf","","",""
"WOOF__WOOF_PETCO_HEALTH_AND_WELLNESS_CO_2023__human_capital__0001__chunk_0006","921b94035d2ea99470db118a7d4289f8b05a9a6eb2b3f84a5595d625973ebec4","","",""
"WOOF__WOOF_PETCO_HEALTH_AND_WELLNESS_CO_2023__human_capital__0003__chunk_0005","e24bfdc023cb5adb5ed00d18389f23b00ee9dd62ab15dfb557a3794dd791bcb0","","",""
"WOOF__WOOF_PETCO_HEALTH_AND_WELLNESS_CO_2023__human_capital__0004__chunk_0000","a3eec02ad3e8cb7575da21ac63b1bb21d7ddedf078da7ff15cc436d75c8c0972","","",""
"WOOF__WOOF_PETCO_HEALTH_AND_WELLNESS_CO_2023__human_capital__0005__chunk_0000","74455a1a8db4b31480fe2640558b26e5842f4060b7934097a62b341ba0131157","","",""
"WOOF__WOOF_PETCO_HEALTH_AND_WELLNESS_CO_2023__human_capital__0006__chunk_0000","21b3787495ed592b703ac39c02525b94b00d0236ce8e8062e58a70b143cff8d8","","",""
"WOOF__WOOF_PETCO_HEALTH_AND_WELLNESS_CO_2024__about_this_report__0001__chunk_0000","a0e1efc0f24f950ab44a6a0e6716aa48f50f39aa6ac571db5824c5bbd974735a","","",""
"WOOF__WOOF_PETCO_HEALTH_AND_WELLNESS_CO_2024__climate__0001__chunk_0000","79c09123a1c65350dded90fb6fbf031a27225a501513535d49e0d720d787a91d","","",""
"WOOF__WOOF_PETCO_HEALTH_AND_WELLNESS_CO_2024__data_summary__0001__chunk_0000","4c0fc66b0810c87fe69d17845658936889a6041ab0d208b9c92a580f97c7953b","","",""
"WOOF__WOOF_PETCO_HEALTH_AND_WELLNESS_CO_2024__energy__0001__chunk_0000","cd7d6c4ffb447726bb07967b55aa72f299f6bbdc559af621501e0444fcf35aa9","","",""
"WOOF__WOOF_PETCO_HEALTH_AND_WELLNESS_CO_2024__environmental__0005__chunk_0001","8bc0176723f8b0bfbfade54e9f49af94e0ade23ef59a73cd7ee942625fa252e9","","",""
"WOOF__WOOF_PETCO_HEALTH_AND_WELLNESS_CO_2024__governance__0002__chunk_0000","33a82bb49cfb2490c0a16de4f688b84adeeab7efb6f21fe1e4b06cf53d38f649","","",""
"WOOF__WOOF_PETCO_HEALTH_AND_WELLNESS_CO_2024__governance__0002__chunk_0001","5a34cdb25ce6d313b121157cb3d1894874877c114f54a215f6dbe4b574e77ff2","","",""
"WOOF__WOOF_PETCO_HEALTH_AND_WELLNESS_CO_2024__human_capital__0002__chunk_0000","42f4fec45bbedd4cd831fb63a1f11767325485cafc9317afb6c14b612340e5de","","",""
"WOOF__WOOF_PETCO_HEALTH_AND_WELLNESS_CO_2024__supply_chain_ethics__0001__chunk_0000","2cbadf4ff38040a9fd8500f3c8d87ed95cd28d218704afdcc4d39ef65b70f283","","",""
"WOOF__WOOF_PETCO_HEALTH_AND_WELLNESS_CO_2024__supply_chain_ethics__0002__chunk_0000","1f33907b1b678cc9bfd8161a407aebee70fe1e643c0be79e995477d11419177c","","",""
"WOOF__WOOF_PETCO_HEALTH_AND_WELLNESS_CO_2024__waste__0003__chunk_0000","d2b73f02ce03e1f249fb822371f74b4ef63d1a868a21f5da5285e88186648f7d","","",""
"WRBY__WRBY_WARBY_PARKER_INC_2023__about_this_report__0005__chunk_0000","ed3821a183276cb0b991581d2d14d8e01de490c08fc69b59adbab8c82e29bf33","","",""
"WRBY__WRBY_WARBY_PARKER_INC_2023__appendix__0001__chunk_0000","8afd311a2728281ee8b0664482af0f0caca60e60823b8fdd1a6ae39e781c28b9","","",""
"WRBY__WRBY_WARBY_PARKER_INC_2023__appendix__0001__chunk_0001","22ce2d308eacb1547639974b640517ea75e45be2b00c163b2b42a1f622e7f14f","","",""
"WRBY__WRBY_WARBY_PARKER_INC_2023__appendix__0002__chunk_0002","610d27f678082642c8adb6f0652c6c886161b0bb4a47b9d71c60b5dfcc823165","","",""
"WRBY__WRBY_WARBY_PARKER_INC_2023__community__0004__chunk_0001","b07eb3500b673dda95db2792ac9fad3034cfb6ac9ea12b267ebdf0d5f720ce92","","",""
"WRBY__WRBY_WARBY_PARKER_INC_2023__community__0007__chunk_0000","f778795178d3fe9b1b5799001a207019106007a2f9757205ca5a1363d8d40feb","","",""
"WRBY__WRBY_WARBY_PARKER_INC_2023__diversity_equity_inclusion__0003__chunk_0000","824b831c2cc56a3c92c7a049c872f31c5ec126bc38160b13e6aa01399d2de226","","",""
"WRBY__WRBY_WARBY_PARKER_INC_2023__diversity_equity_inclusion__0004__chunk_0001","99e30efacfdb82c94c6b9d3b913e006c5cf6fac8e6581031a03157258411fa1a","","",""
"WRBY__WRBY_WARBY_PARKER_INC_2023__diversity_equity_inclusion__0005__chunk_0000","54eb084ac0dee0ae86154a925a72ac6844caca1bec7dda6b3bcc1eb440fcb832","","",""
"WRBY__WRBY_WARBY_PARKER_INC_2023__emissions__0001__chunk_0002","c1409bb20c58c36481b743f371baf416cb2fab4b03acb022f99dc5f8ff036e0a","","",""
"WRBY__WRBY_WARBY_PARKER_INC_2023__governance__0002__chunk_0002","acbb8ea4424fc5cfa3bef7e002a7f5bd5d25f18314d3a656df03304d7ea3f4e1","","",""
"WRBY__WRBY_WARBY_PARKER_INC_2023__social__0001__chunk_0000","212b66228fe8cd8ffe015f933a3555b608224a6eaa297cb8b008c8061832a8d5","","",""
"WRBY__WRBY_WARBY_PARKER_INC_2023__social__0003__chunk_0000","b5fbb3e1ff2eb801c2c6ad04d3bfa36da7e862f79702e2685a77515524264478","","",""
"WRBY__WRBY_WARBY_PARKER_INC_2023__social__0003__chunk_0001","ea2527b581fe10015a8f82ed651e9b568ccf1152814d64f13e1ec909abeebc94","","",""
"WRBY__WRBY_WARBY_PARKER_INC_2023__waste__0001__chunk_0000","6042885357a1f025778a98f106e4f5f5e95bf3392a5b375200b66ba177dfdaf5","","",""
"WRBY__WRBY_WARBY_PARKER_INC_2024__about_this_report__0002__chunk_0000","2408800efc5cfda1bbcc77f36f1499a309367967dbd306309836c1a3730a11b4","","",""
"WRBY__WRBY_WARBY_PARKER_INC_2024__about_this_report__0003__chunk_0000","6b83efecc3802b2c233beecfb034358f8a83f0deb7255f351c727daf1247ff12","","",""
"WRBY__WRBY_WARBY_PARKER_INC_2024__about_this_report__0003__chunk_0001","6259c1a7a59c875394d956121b748e6c98e3b5226a2901a70e44dfff2169e451","","",""
"WRBY__WRBY_WARBY_PARKER_INC_2024__about_this_report__0003__chunk_0002","c0219f1adf6992ba9a54c826f3f23750b4958e2a3b31fcf94bd2685988f78194","","",""
"WRBY__WRBY_WARBY_PARKER_INC_2024__about_this_report__0004__chunk_0000","7a7967af6aaa84d41dd2227e526780011632fb9cb591711a4131da9fdfde4bd5","","",""
"WRBY__WRBY_WARBY_PARKER_INC_2024__community__0002__chunk_0005","c90ca53590e5c28553ad5b1b9b1c78a18b60c8aca5b85af82a8b86de7ade061e","","",""
"WRBY__WRBY_WARBY_PARKER_INC_2024__community__0004__chunk_0004","f7995ad12e55ad8a426973e0bbf889113460ccd196526fe7a8af17a11d9c875f","","",""
"WRBY__WRBY_WARBY_PARKER_INC_2024__community__0004__chunk_0005","71162786fe150f2deaef475adc2504b18b5c47f5cc9a7fed6c0a99cf53666f38","","",""
"WRBY__WRBY_WARBY_PARKER_INC_2024__community__0004__chunk_0006","4c8b9d1f0de214a8bea9ec99edf699cffb31a5798b7856c993ea9ba88ec88698","","",""
"WRBY__WRBY_WARBY_PARKER_INC_2024__emissions__0002__chunk_0000","2a56172dfdcd51c5aaa3af15e51cf1fc7e4a10083205fc87ba4fcd855f667b43","","",""
"WRBY__WRBY_WARBY_PARKER_INC_2024__ethics_compliance__0001__chunk_0000","8495f55815a5d8a1058eae999639b512157284744a35f3deaf60b4811aa68912","","",""
"WRBY__WRBY_WARBY_PARKER_INC_2024__ethics_compliance__0003__chunk_0000","a1af06e749ef92fb07d8976b935fec011e6d574fa92bef8de17a7fc6fda7d9e3","","",""
"WRBY__WRBY_WARBY_PARKER_INC_2024__governance__0005__chunk_0001","7657b2a1914cea790e9343f9c192ceded3a91948079b1a38df63eb5c8fe2290b","","",""
"WRBY__WRBY_WARBY_PARKER_INC_2024__social__0002__chunk_0002","304d71b88f79ee8e18b35d4b258eb2c491677c23afa39114d6ac14d6cfc0e84c","","",""
"WRBY__WRBY_WARBY_PARKER_INC_2024__social__0002__chunk_0003","fe3cf877dc696058ff7641f305d82a90b0042bcc8f93560753f5687fa7e13b8a","","",""
"WSM__WSM_WILLIAMS_SONOMA_INC_2023__about_this_report__0003__chunk_0001","5143d6a9d3d2e48e9d77475c6e2c8d0b51336c0a6942f5e8e258b20358adaf4c","","",""
"WSM__WSM_WILLIAMS_SONOMA_INC_2023__emissions__0003__chunk_0001","d4a8fc55b45f4d5b325d4dd9127c932098c7303eaaef2aff2d8709dd06aab06c","","",""
"WSM__WSM_WILLIAMS_SONOMA_INC_2023__human_capital__0003__chunk_0000","82f421b830bb8f3bd2f9c2c67076f980193b8f24b0e6be9cb014f00ff3cdfce1","","",""
"WSM__WSM_WILLIAMS_SONOMA_INC_2023__human_capital__0006__chunk_0000","c5452f00fb83e5256e8a5766bcc5f69a547be9733adc5431c129dcd1a40d1e10","","",""
"WSM__WSM_WILLIAMS_SONOMA_INC_2023__supply_chain_ethics__0005__chunk_0000","aa5dfbfff7d089404ef9f00e8847f21eaf9684d3da9e67614ee2ff0fcf51c55e","","",""
"WSM__WSM_WILLIAMS_SONOMA_INC_2023__supply_chain_ethics__0005__chunk_0001","04074393c6d9769dac049df004172c8ce13cfb32063bbbd297c4ffeba9645d26","","",""
"WSM__WSM_WILLIAMS_SONOMA_INC_2023__supply_chain_ethics__0007__chunk_0000","a327c01b3ef6d093f079b5c7f4b18d4f2fd261eefe15221bd0fe5de919860d77","","",""
"WSM__WSM_WILLIAMS_SONOMA_INC_2023__supply_chain_ethics__0008__chunk_0000","ee4f3d95cb37f7dee7160da0cf6ff7646adc225f4bf6fd03e4084aa210dd5d61","","",""
"WSM__WSM_WILLIAMS_SONOMA_INC_2023__waste__0003__chunk_0000","08ca49aff4ae10cfad2219a79b60a9b737a76a82dacd49a0910ef308d8a0470f","","",""
"WSM__WSM_WILLIAMS_SONOMA_INC_2024__appendix__0001__chunk_0000","f9d8e06b66bf5363827510783a0db369cd4e53220b46ef752880f0bb22364fbc","","",""
"WSM__WSM_WILLIAMS_SONOMA_INC_2024__ceo_letter__0001__chunk_0003","32a5af66bc6509a3347fb9c507a8cd9b936ebe4c3e9bf728d7dc5630cefbadaf","","",""
"WSM__WSM_WILLIAMS_SONOMA_INC_2024__emissions__0005__chunk_0000","5be82af66d40efc707c72a3c39379576977e2eab344e809b5e59159c1481faa7","","",""
"WSM__WSM_WILLIAMS_SONOMA_INC_2024__energy__0001__chunk_0000","0fb7c672dbbdc955b2d45fc5a61aaa8e49f639c0a49d57c13cfed8d82146e7d9","","",""
"WSM__WSM_WILLIAMS_SONOMA_INC_2024__environmental__0002__chunk_0000","df33ec807e5a4e1e732bef6898f71f15855c44269b3a7985b4a6ea245e2bcbc3","","",""
"WSM__WSM_WILLIAMS_SONOMA_INC_2024__human_capital__0002__chunk_0001","a43670a738e5ab67436b40e74439d35a54a64be98b397de44cf578435d2823e7","","",""
"WSM__WSM_WILLIAMS_SONOMA_INC_2024__social__0001__chunk_0000","f2e1747c21081100f9480577509d5eaac53b8f857abfaefacc80529ce4491c19","","",""
"WSM__WSM_WILLIAMS_SONOMA_INC_2024__supply_chain_ethics__0002__chunk_0000","b5f29789389b9005ba2af974ad656cff89a3a7f1d6ca272990f828db97255c94","","",""
"WSM__WSM_WILLIAMS_SONOMA_INC_2024__waste__0001__chunk_0000","5c72313e383d6b364c47a51d822f9637d742f659c2ca107bcb66e4b2e08243e4","","",""
"WSM__WSM_WILLIAMS_SONOMA_INC_2024__waste__0002__chunk_0000","bc26a48f74a147e3c8ffa0cf23b8f2696c966c50dcb0cacd30167cd424e38356","","",""
"WWW__WWW_WOLVERINE_WORLD_WIDE_2023__about_this_report__0001__chunk_0000","6e62d783438cb85670f2f1622a33c681a72b24cfeaf92cd643c353e60a16650c","","",""
"WWW__WWW_WOLVERINE_WORLD_WIDE_2023__diversity_equity_inclusion__0002__chunk_0000","edc1172714f84815f96e0a17cd8a4c4f5335a915aa21b22b30a1bde73a4e8c20","","",""
"WWW__WWW_WOLVERINE_WORLD_WIDE_2023__energy__0002__chunk_0000","850f6dfd1dee5228b4a78e98e2a708dc8b6da011172971a9806919c0f72db3dc","","",""
"WWW__WWW_WOLVERINE_WORLD_WIDE_2023__energy__0003__chunk_0000","ec3b5683ade1d024f590a377b78fe0742bf8545e80644ddd89294c740cee9aeb","","",""
"WWW__WWW_WOLVERINE_WORLD_WIDE_2023__environmental__0005__chunk_0002","f04d81e12eb4029b690c64276f8026e0d1d2e3364bc849b5c4da28f4e5e5c336","","",""
"WWW__WWW_WOLVERINE_WORLD_WIDE_2023__environmental__0005__chunk_0003","6240c25cee567a18d645606dc9aca19222d709f4c8c71905a661a31f12a333b6","","",""
"WWW__WWW_WOLVERINE_WORLD_WIDE_2023__environmental__0006__chunk_0000","d819dff8ac4b0d2b2575bd6add2ba54561977901c0c8e06f4156d6b5b8c56bd4","","",""
"WWW__WWW_WOLVERINE_WORLD_WIDE_2023__environmental__0006__chunk_0001","b7bb7e76b8d08bab563230949c49c79395931ba8745a3a4d922b9444a9bdec4b","","",""
"WWW__WWW_WOLVERINE_WORLD_WIDE_2023__environmental__0007__chunk_0000","1a1c440f14897ecae910a62f4f1b643c9a1efc3a5da1fce496e6b66af177144d","","",""
"WWW__WWW_WOLVERINE_WORLD_WIDE_2023__environmental__0007__chunk_0001","c708e67b26044267705e13fb9465af97c336d96042ef17c775781933c306603f","","",""
"WWW__WWW_WOLVERINE_WORLD_WIDE_2023__environmental__0008__chunk_0000","3dfe69efcfedfe8d8908928555bba13c41323a354a7ab5e902f7d294dde50c54","","",""
"WWW__WWW_WOLVERINE_WORLD_WIDE_2023__governance__0004__chunk_0000","615e4b4792648e8239a08090e803af4af8235b4f514ad17fc797d9f8253a96f8","","",""
"WWW__WWW_WOLVERINE_WORLD_WIDE_2023__social__0001__chunk_0000","f97f405ee81d61d0ad9919845e712c30489f63d77ba03f759f753edbcc6ef6ff","","",""
"WWW__WWW_WOLVERINE_WORLD_WIDE_2023__supply_chain_ethics__0003__chunk_0000","e98233f3eb6e23a1528cd6c5c25b2ae17970513c0a1313b9ce1ccb2a66953db1","","",""
"WWW__WWW_WOLVERINE_WORLD_WIDE_2023__water__0001__chunk_0000","7643d4c572ce4bd3b9fbccfc2526b6fdeb64ac2adeab9e2f4acb271819b0923f","","",""
"WWW__WWW_WOLVERINE_WORLD_WIDE_2024__about_this_report__0001__chunk_0000","e3bdee2aac5066fabacb037de20b93aab79d85a6c28573c50eeec3e462806a94","","",""
"WWW__WWW_WOLVERINE_WORLD_WIDE_2024__about_this_report__0003__chunk_0006","dd1b50b95ecde8c22b5c485e5dc414e3bb7680499415a368092985ba3754ae3b","","",""
"WWW__WWW_WOLVERINE_WORLD_WIDE_2024__appendix__0001__chunk_0000","3864d76b3897e3ee10ddc46a22d100decc921d14bc650d7fba9d6093c4ac2985","","",""
"WWW__WWW_WOLVERINE_WORLD_WIDE_2024__ceo_letter__0001__chunk_0000","1c1040d836fdb626db1053f7a79dd8d665ca5807dafa0a1335bce00703a7a5b6","","",""
"WWW__WWW_WOLVERINE_WORLD_WIDE_2024__community__0004__chunk_0000","07f63826f5d572dc8e2e01a15a7667f0869bbee554cc1d7c615a69551250f607","","",""
"WWW__WWW_WOLVERINE_WORLD_WIDE_2024__community__0004__chunk_0001","98f9a1a2b082b5a3315b8f2d81de97dabe0d4d17eed997910327a184f88d44b5","","",""
"WWW__WWW_WOLVERINE_WORLD_WIDE_2024__diversity_equity_inclusion__0001__chunk_0000","28c80293973601e39c08b74d6a0d2deb7db7c154ba7d3df54c375cc430dd1b99","","",""
"WWW__WWW_WOLVERINE_WORLD_WIDE_2024__energy__0001__chunk_0000","217d85a7aa5ac7704e140a10a5285722c9e7354cdd3f4c039f0a73d8e0ab2502","","",""
"WWW__WWW_WOLVERINE_WORLD_WIDE_2024__environmental__0001__chunk_0000","3eaba3e2fad27f5019cd9b324831d1a6fb3cd396e638c5af7e67ecac31323064","","",""
"WWW__WWW_WOLVERINE_WORLD_WIDE_2024__ethics_compliance__0002__chunk_0002","63724552cdd52ec1606fe767e864e83d55b79d14c5e2be0ec2e24e99a0495a31","","",""
"WWW__WWW_WOLVERINE_WORLD_WIDE_2024__governance__0003__chunk_0002","6fc5151ced516f5358259b5639688a90809598860ec4ba2c1e3f7dd6f39774dd","","",""
"WWW__WWW_WOLVERINE_WORLD_WIDE_2024__human_capital__0007__chunk_0000","00b0736f1a79db0dc950058b7641ca3c94f36f386a8ff038fe33bd05f84f0b33","","",""
"WWW__WWW_WOLVERINE_WORLD_WIDE_2024__social__0002__chunk_0000","a678380842367a147c19817ad5e1ccc3a942fe5e94c69837852485a1720db77b","","",""
"WWW__WWW_WOLVERINE_WORLD_WIDE_2024__supply_chain_ethics__0001__chunk_0000","38194b874bf5294ffd7e47d8eb46e27edfc87f03506dc79d32c163f8da2848bd","","",""
"WWW__WWW_WOLVERINE_WORLD_WIDE_2024__waste__0002__chunk_0000","821c7ed2c080d2825dc74fabdf8e9766e6d3a08f2c7d49b425a5bb2a6cb7aa82","","",""
"W__W_WAYFAIR_INC_2023__community__0001__chunk_0000","4dddf131d8013707f45b8e9707cadf31c8afa5d104f70530006ddffaaffe3a9b","","",""
"W__W_WAYFAIR_INC_2023__diversity_equity_inclusion__0002__chunk_0000","14cf08dbf1550a215228bbbb3462d8c008da623365654fa94adf2e06fe523a3f","","",""
"W__W_WAYFAIR_INC_2023__diversity_equity_inclusion__0004__chunk_0001","16ad6b60a2909369b9cf64829676ac3917f4e6521be4c17e80dc34905a10cbfc","","",""
"W__W_WAYFAIR_INC_2023__human_capital__0005__chunk_0003","1e39363bb77a646594e21ac8cf01b0f929a5b006f66c87b3dc22006a8d0847a7","","",""
"W__W_WAYFAIR_INC_2023__waste__0002__chunk_0000","c89a59c78e97da3d9f10a245b1212be2e83ce2fb293ea459fa62e1af6f343d6a","","",""
"W__W_WAYFAIR_INC_2024__climate__0001__chunk_0000","c1b759b49f461e5fdbdf79d42077201c9d7313b3f98b897d622d79d566b83f85","","",""
"W__W_WAYFAIR_INC_2024__diversity_equity_inclusion__0002__chunk_0000","8f4b4eef7b0b0a6b075223f72fc2289b13ade972f36d1c3233f9bcb113056317","","",""
"W__W_WAYFAIR_INC_2024__emissions__0001__chunk_0000","b7628a69df89200e0d8ea0d0fe6e9bf701af18b556785dc60b9b8d639d8ad194","","",""
"W__W_WAYFAIR_INC_2024__environmental__0002__chunk_0000","90c44437da0118daaa197a291d87748ae2bd25b199b86e0ae567956287ba9880","","",""
"W__W_WAYFAIR_INC_2024__environmental__0003__chunk_0000","aea79103ada1d1ae72706c7235d69364b84fbf0eeb2cb6aa51af166b962e071e","","",""
"W__W_WAYFAIR_INC_2024__human_capital__0001__chunk_0000","5e6cbf2f1870fbbf6072675b948127a42f8a5e5a51f5d1e3b75011aea6b6371a","","",""
"W__W_WAYFAIR_INC_2024__human_capital__0003__chunk_0000","898d2cf60df6e69ac35e70e8e39d72f2e6f510cb31c30c5ade18c9cad5cbb079","","",""
"W__W_WAYFAIR_INC_2024__human_capital__0004__chunk_0000","393037b450a862e85767f18b61df57bd5ab1e5b695190cad9b93346da62db8d0","","",""
"W__W_WAYFAIR_INC_2024__supply_chain_ethics__0001__chunk_0000","75e2dce9449aecffc77fe5f24822284fd1376253226b8eb9c284d92f0602b43a","","",""
