chunk_id,company,section,chunk_index,token_count,flag
AAPL__10-K__0000320193-23-000106__Item_14__chunk_0000,AAPL,Item_14,0,48,too_short
AAPL__10-K__0000320193-23-000106__Item_1B__chunk_0000,AAPL,Item_1B,0,11,too_short
AAPL__10-K__0000320193-23-000106__Item_4__chunk_0000,AAPL,Item_4,0,25,too_short
AAPL__10-K__0000320193-23-000106__Item_9C__chunk_0000,AAPL,Item_9C,0,18,too_short
AAPL__10-K__0000320193-23-000106__Part_IV__chunk_0000,AAPL,Part_IV,0,2,too_short
AAPL__10-K__0000320193-24-000123__Item_14__chunk_0000,AAPL,Item_14,0,48,too_short
AAPL__10-K__0000320193-24-000123__Item_4__chunk_0000,AAPL,Item_4,0,25,too_short
AAPL__10-K__0000320193-24-000123__Item_9C__chunk_0000,AAPL,Item_9C,0,18,too_short
AAPL__10-K__0000320193-24-000123__Part_IV__chunk_0000,AAPL,Part_IV,0,2,too_short
AAPL__10-K__0000320193-25-000079__Item_14__chunk_0000,AAPL,Item_14,0,48,too_short
AAPL__10-K__0000320193-25-000079__Item_4__chunk_0000,AAPL,Item_4,0,25,too_short
AAPL__10-K__0000320193-25-000079__Item_9C__chunk_0000,AAPL,Item_9C,0,18,too_short
AAPL__10-K__0000320193-25-000079__Part_IV__chunk_0000,AAPL,Part_IV,0,2,too_short
AAP__10-K__0001158449-24-000048__Item_3__chunk_0000,AAP,Item_3,0,37,too_short
AAP__10-K__0001158449-24-000048__Item_4__chunk_0000,AAP,Item_4,0,17,too_short
AAP__10-K__0001158449-24-000048__Item_6__chunk_0000,AAP,Item_6,0,7,too_short
AAP__10-K__0001158449-24-000048__Item_8__chunk_0000,AAP,Item_8,0,16,too_short
AAP__10-K__0001158449-24-000048__Item_9C__chunk_0000,AAP,Item_9C,0,24,too_short
AAP__10-K__0001158449-24-000048__Part_I__chunk_0000,AAP,Part_I,0,2,too_short
AAP__10-K__0001158449-24-000048__Part_II__chunk_0000,AAP,Part_II,0,2,too_short
AAP__10-K__0001158449-24-000048__Part_III__chunk_0000,AAP,Part_III,0,2,too_short
AAP__10-K__0001158449-24-000048__Part_IV__chunk_0000,AAP,Part_IV,0,2,too_short
AAP__10-K__0001158449-25-000064__Item_3__chunk_0000,AAP,Item_3,0,39,too_short
AAP__10-K__0001158449-25-000064__Item_4__chunk_0000,AAP,Item_4,0,17,too_short
AAP__10-K__0001158449-25-000064__Item_8__chunk_0000,AAP,Item_8,0,16,too_short
AAP__10-K__0001158449-25-000064__Item_9C__chunk_0000,AAP,Item_9C,0,24,too_short
AAP__10-K__0001158449-25-000064__Part_I__chunk_0000,AAP,Part_I,0,2,too_short
AAP__10-K__0001158449-25-000064__Part_II__chunk_0000,AAP,Part_II,0,2,too_short
AAP__10-K__0001158449-25-000064__Part_III__chunk_0000,AAP,Part_III,0,2,too_short
AAP__10-K__0001158449-25-000064__Part_IV__chunk_0000,AAP,Part_IV,0,2,too_short
AAP__10-K__0001193125-26-051305__Item_4__chunk_0000,AAP,Item_4,0,22,too_short
AAP__10-K__0001193125-26-051305__Item_6__chunk_0000,AAP,Item_6,0,12,too_short
AAP__10-K__0001193125-26-051305__Item_8__chunk_0000,AAP,Item_8,0,38,too_short
AAP__10-K__0001193125-26-051305__Item_9C__chunk_0000,AAP,Item_9C,0,30,too_short
ABG__10-K__0001144980-24-000076__Item_4__chunk_0000,ABG,Item_4,0,16,too_short
ABG__10-K__0001144980-24-000076__Item_9C__chunk_0000,ABG,Item_9C,0,19,too_short
ABG__10-K__0001144980-24-000076__Part_III__chunk_0000,ABG,Part_III,0,2,too_short
ABG__10-K__0001144980-24-000076__Part_IV__chunk_0000,ABG,Part_IV,0,2,too_short
ABG__10-K__0001144980-25-000077__Item_4__chunk_0000,ABG,Item_4,0,16,too_short
ABG__10-K__0001144980-25-000077__Item_9C__chunk_0000,ABG,Item_9C,0,21,too_short
ABG__10-K__0001144980-25-000077__Part_III__chunk_0000,ABG,Part_III,0,2,too_short
ABG__10-K__0001144980-25-000077__Part_IV__chunk_0000,ABG,Part_IV,0,2,too_short
ABG__10-K__0001144980-26-000051__Item_4__chunk_0000,ABG,Item_4,0,16,too_short
ABG__10-K__0001144980-26-000051__Item_9C__chunk_0000,ABG,Item_9C,0,21,too_short
ABG__10-K__0001144980-26-000051__Part_III__chunk_0000,ABG,Part_III,0,2,too_short
ABG__10-K__0001144980-26-000051__Part_IV__chunk_0000,ABG,Part_IV,0,2,too_short
ACI__10-K__0001646972-24-000060__Item_4__chunk_0000,ACI,Item_4,0,16,too_short
ACI__10-K__0001646972-24-000060__Item_9C__chunk_0000,ACI,Item_9C,0,22,too_short
ACI__10-K__0001646972-24-000060__Part_IV__chunk_0000,ACI,Part_IV,0,2,too_short
ACI__10-K__0001646972-25-000052__Item_4__chunk_0000,ACI,Item_4,0,16,too_short
ACI__10-K__0001646972-25-000052__Item_9C__chunk_0000,ACI,Item_9C,0,22,too_short
ACI__10-K__0001646972-25-000052__Part_IV__chunk_0000,ACI,Part_IV,0,2,too_short
ACI__10-K__0001646972-26-000032__Item_4__chunk_0000,ACI,Item_4,0,16,too_short
ACI__10-K__0001646972-26-000032__Item_9C__chunk_0000,ACI,Item_9C,0,22,too_short
ACI__10-K__0001646972-26-000032__Part_IV__chunk_0000,ACI,Part_IV,0,2,too_short
AEO__10-K__0000950170-24-032294__Item_16__chunk_0000,AEO,Item_16,0,13,too_short
AEO__10-K__0000950170-24-032294__Item_1B__chunk_0000,AEO,Item_1B,0,15,too_short
AEO__10-K__0000950170-24-032294__Item_4__chunk_0000,AEO,Item_4,0,16,too_short
AEO__10-K__0000950170-24-032294__Item_9__chunk_0000,AEO,Item_9,0,23,too_short
AEO__10-K__0000950170-24-032294__Item_9C__chunk_0000,AEO,Item_9C,0,24,too_short
AEO__10-K__0000950170-24-032294__Part_I__chunk_0000,AEO,Part_I,0,2,too_short
AEO__10-K__0000950170-24-032294__Part_III__chunk_0000,AEO,Part_III,0,2,too_short
AEO__10-K__0000950170-24-032294__Part_IV__chunk_0000,AEO,Part_IV,0,2,too_short
AEO__10-K__0000950170-25-042746__Item_16__chunk_0000,AEO,Item_16,0,13,too_short
AEO__10-K__0000950170-25-042746__Item_1B__chunk_0000,AEO,Item_1B,0,13,too_short
AEO__10-K__0000950170-25-042746__Item_4__chunk_0000,AEO,Item_4,0,14,too_short
AEO__10-K__0000950170-25-042746__Item_9__chunk_0000,AEO,Item_9,0,23,too_short
AEO__10-K__0000950170-25-042746__Item_9C__chunk_0000,AEO,Item_9C,0,24,too_short
AEO__10-K__0000950170-25-042746__Part_I__chunk_0000,AEO,Part_I,0,2,too_short
AEO__10-K__0000950170-25-042746__Part_III__chunk_0000,AEO,Part_III,0,2,too_short
AEO__10-K__0000950170-25-042746__Part_IV__chunk_0000,AEO,Part_IV,0,2,too_short
AEO__10-K__0001193125-26-132097__Item_1B__chunk_0000,AEO,Item_1B,0,13,too_short
AEO__10-K__0001193125-26-132097__Item_4__chunk_0000,AEO,Item_4,0,14,too_short
AEO__10-K__0001193125-26-132097__Item_9C__chunk_0000,AEO,Item_9C,0,23,too_short
AEO__10-K__0001193125-26-132097__Part_III__chunk_0000,AEO,Part_III,0,2,too_short
AEO__10-K__0001193125-26-132097__Part_IV__chunk_0000,AEO,Part_IV,0,2,too_short
AKA__10-K__0001865107-24-000010__Item_14__chunk_0000,AKA,Item_14,0,42,too_short
AKA__10-K__0001865107-24-000010__Item_4__chunk_0000,AKA,Item_4,0,20,too_short
AKA__10-K__0001865107-24-000010__Item_9C__chunk_0000,AKA,Item_9C,0,29,too_short
AKA__10-K__0001865107-24-000010__Part_IV__chunk_0000,AKA,Part_IV,0,2,too_short
AKA__10-K__0001865107-25-000016__Item_14__chunk_0000,AKA,Item_14,0,42,too_short
AKA__10-K__0001865107-25-000016__Item_1B__chunk_0000,AKA,Item_1B,0,19,too_short
AKA__10-K__0001865107-25-000016__Item_4__chunk_0000,AKA,Item_4,0,20,too_short
AKA__10-K__0001865107-25-000016__Item_9C__chunk_0000,AKA,Item_9C,0,29,too_short
AKA__10-K__0001865107-25-000016__Part_IV__chunk_0000,AKA,Part_IV,0,2,too_short
AKA__10-K__0001865107-26-000008__Item_14__chunk_0000,AKA,Item_14,0,42,too_short
AKA__10-K__0001865107-26-000008__Item_1B__chunk_0000,AKA,Item_1B,0,14,too_short
AKA__10-K__0001865107-26-000008__Item_4__chunk_0000,AKA,Item_4,0,20,too_short
AKA__10-K__0001865107-26-000008__Item_9C__chunk_0000,AKA,Item_9C,0,29,too_short
AKA__10-K__0001865107-26-000008__Part_IV__chunk_0000,AKA,Part_IV,0,2,too_short
ANF__10-K__0001018840-24-000019__Item_1A__chunk_0000,ANF,Item_1A,0,32,too_short
ANF__10-K__0001018840-24-000019__Item_4__chunk_0000,ANF,Item_4,0,21,too_short
ANF__10-K__0001018840-24-000019__Item_9C__chunk_0000,ANF,Item_9C,0,28,too_short
ANF__10-K__0001018840-24-000019__Part_IV__chunk_0000,ANF,Part_IV,0,2,too_short
ANF__10-K__0001018840-25-000013__Item_1A__chunk_0000,ANF,Item_1A,0,32,too_short
ANF__10-K__0001018840-25-000013__Item_4__chunk_0000,ANF,Item_4,0,21,too_short
ANF__10-K__0001018840-25-000013__Item_9C__chunk_0000,ANF,Item_9C,0,28,too_short
ANF__10-K__0001018840-25-000013__Part_IV__chunk_0000,ANF,Part_IV,0,2,too_short
ANF__10-K__0001018840-26-000012__Item_1A__chunk_0000,ANF,Item_1A,0,32,too_short
ANF__10-K__0001018840-26-000012__Item_4__chunk_0000,ANF,Item_4,0,21,too_short
ANF__10-K__0001018840-26-000012__Item_9C__chunk_0000,ANF,Item_9C,0,28,too_short
ANF__10-K__0001018840-26-000012__Part_IV__chunk_0000,ANF,Part_IV,0,2,too_short
AN__10-K__0000350698-24-000021__Item_1B__chunk_0000,AN,Item_1B,0,19,too_short
AN__10-K__0000350698-24-000021__Item_3__chunk_0000,AN,Item_3,0,34,too_short
AN__10-K__0000350698-24-000021__Item_4__chunk_0000,AN,Item_4,0,20,too_short
AN__10-K__0000350698-24-000021__Item_9__chunk_0000,AN,Item_9,0,29,too_short
AN__10-K__0000350698-24-000021__Item_9C__chunk_0000,AN,Item_9C,0,32,too_short
AN__10-K__0000350698-24-000021__Part_II__chunk_0000,AN,Part_II,0,2,too_short
AN__10-K__0000350698-24-000021__Part_III__chunk_0000,AN,Part_III,0,2,too_short
AN__10-K__0000350698-24-000021__Part_IV__chunk_0000,AN,Part_IV,0,2,too_short
AN__10-K__0000350698-25-000029__Item_1B__chunk_0000,AN,Item_1B,0,14,too_short
AN__10-K__0000350698-25-000029__Item_3__chunk_0000,AN,Item_3,0,38,too_short
AN__10-K__0000350698-25-000029__Item_4__chunk_0000,AN,Item_4,0,20,too_short
AN__10-K__0000350698-25-000029__Item_9__chunk_0000,AN,Item_9,0,29,too_short
AN__10-K__0000350698-25-000029__Item_9C__chunk_0000,AN,Item_9C,0,30,too_short
AN__10-K__0000350698-25-000029__Part_II__chunk_0000,AN,Part_II,0,2,too_short
AN__10-K__0000350698-25-000029__Part_III__chunk_0000,AN,Part_III,0,2,too_short
AN__10-K__0000350698-25-000029__Part_IV__chunk_0000,AN,Part_IV,0,2,too_short
AN__10-K__0001628280-26-007800__Item_1B__chunk_0000,AN,Item_1B,0,14,too_short
AN__10-K__0001628280-26-007800__Item_3__chunk_0000,AN,Item_3,0,34,too_short
AN__10-K__0001628280-26-007800__Item_4__chunk_0000,AN,Item_4,0,20,too_short
AN__10-K__0001628280-26-007800__Item_9__chunk_0000,AN,Item_9,0,29,too_short
AN__10-K__0001628280-26-007800__Item_9C__chunk_0000,AN,Item_9C,0,30,too_short
AN__10-K__0001628280-26-007800__Part_II__chunk_0000,AN,Part_II,0,2,too_short
AN__10-K__0001628280-26-007800__Part_III__chunk_0000,AN,Part_III,0,2,too_short
AN__10-K__0001628280-26-007800__Part_IV__chunk_0000,AN,Part_IV,0,2,too_short
APC__10-K__0001193125-26-131747__Item_3__chunk_0000,APC,Item_3,0,47,too_short
APC__10-K__0001193125-26-131747__Item_4__chunk_0000,APC,Item_4,0,17,too_short
APC__10-K__0001193125-26-131747__Item_8__chunk_0000,APC,Item_8,0,23,too_short
APC__10-K__0001193125-26-131747__Item_9__chunk_0000,APC,Item_9,0,29,too_short
APC__10-K__0001193125-26-131747__Item_9C__chunk_0000,APC,Item_9C,0,27,too_short
APC__10-K__0001193125-26-131747__Part_II__chunk_0000,APC,Part_II,0,2,too_short
APC__10-K__0001193125-26-131747__Part_III__chunk_0000,APC,Part_III,0,2,too_short
ARHS__10-K__0001875444-24-000024__Item_4__chunk_0000,ARHS,Item_4,0,13,too_short
ARHS__10-K__0001875444-24-000024__Item_9B__chunk_0000,ARHS,Item_9B,0,9,too_short
ARHS__10-K__0001875444-24-000024__Item_9C__chunk_0000,ARHS,Item_9C,0,18,too_short
ARHS__10-K__0001875444-24-000024__Part_II__chunk_0000,ARHS,Part_II,0,2,too_short
ARHS__10-K__0001875444-24-000024__Part_IV__chunk_0000,ARHS,Part_IV,0,2,too_short
ARHS__10-K__0001875444-25-000021__Item_4__chunk_0000,ARHS,Item_4,0,13,too_short
ARHS__10-K__0001875444-25-000021__Item_9B__chunk_0000,ARHS,Item_9B,0,9,too_short
ARHS__10-K__0001875444-25-000021__Item_9C__chunk_0000,ARHS,Item_9C,0,18,too_short
ARHS__10-K__0001875444-25-000021__Part_II__chunk_0000,ARHS,Part_II,0,2,too_short
ARHS__10-K__0001875444-25-000021__Part_IV__chunk_0000,ARHS,Part_IV,0,2,too_short
ARHS__10-K__0001875444-26-000010__Item_4__chunk_0000,ARHS,Item_4,0,16,too_short
ARHS__10-K__0001875444-26-000010__Item_9C__chunk_0000,ARHS,Item_9C,0,22,too_short
ARHS__10-K__0001875444-26-000010__Part_II__chunk_0000,ARHS,Part_II,0,2,too_short
ARHS__10-K__0001875444-26-000010__Part_IV__chunk_0000,ARHS,Part_IV,0,2,too_short
ARKO__10-K__0000950170-24-021416__Item_11__chunk_0000,ARKO,Item_11,0,42,too_short
ARKO__10-K__0000950170-24-021416__Item_1B__chunk_0000,ARKO,Item_1B,0,15,too_short
ARKO__10-K__0000950170-24-021416__Item_3__chunk_0000,ARKO,Item_3,0,47,too_short
ARKO__10-K__0000950170-24-021416__Item_4__chunk_0000,ARKO,Item_4,0,17,too_short
ARKO__10-K__0000950170-24-021416__Item_8__chunk_0000,ARKO,Item_8,0,25,too_short
ARKO__10-K__0000950170-24-021416__Item_9__chunk_0000,ARKO,Item_9,0,32,too_short
ARKO__10-K__0000950170-24-021416__Item_9C__chunk_0000,ARKO,Item_9C,0,28,too_short
ARKO__10-K__0000950170-25-027737__Item_11__chunk_0000,ARKO,Item_11,0,42,too_short
ARKO__10-K__0000950170-25-027737__Item_3__chunk_0000,ARKO,Item_3,0,38,too_short
ARKO__10-K__0000950170-25-027737__Item_4__chunk_0000,ARKO,Item_4,0,17,too_short
ARKO__10-K__0000950170-25-027737__Item_8__chunk_0000,ARKO,Item_8,0,25,too_short
ARKO__10-K__0000950170-25-027737__Item_9__chunk_0000,ARKO,Item_9,0,32,too_short
ARKO__10-K__0000950170-25-027737__Item_9C__chunk_0000,ARKO,Item_9C,0,28,too_short
ARKO__10-K__0001193125-26-071464__Item_3__chunk_0000,ARKO,Item_3,0,38,too_short
ARKO__10-K__0001193125-26-071464__Item_4__chunk_0000,ARKO,Item_4,0,17,too_short
ARKO__10-K__0001193125-26-071464__Item_8__chunk_0000,ARKO,Item_8,0,25,too_short
ARKO__10-K__0001193125-26-071464__Item_9__chunk_0000,ARKO,Item_9,0,31,too_short
ARKO__10-K__0001193125-26-071464__Item_9C__chunk_0000,ARKO,Item_9C,0,27,too_short
ASO__10-K__0001817358-24-000042__Item_4__chunk_0000,ASO,Item_4,0,13,too_short
ASO__10-K__0001817358-24-000042__Item_8__chunk_0000,ASO,Item_8,0,17,too_short
ASO__10-K__0001817358-24-000042__Item_9C__chunk_0000,ASO,Item_9C,0,17,too_short
ASO__10-K__0001817358-24-000042__Part_I__chunk_0000,ASO,Part_I,0,2,too_short
ASO__10-K__0001817358-24-000042__Part_IV__chunk_0000,ASO,Part_IV,0,2,too_short
ASO__10-K__0001817358-25-000027__Item_4__chunk_0000,ASO,Item_4,0,13,too_short
ASO__10-K__0001817358-25-000027__Item_8__chunk_0000,ASO,Item_8,0,17,too_short
ASO__10-K__0001817358-25-000027__Item_9C__chunk_0000,ASO,Item_9C,0,17,too_short
ASO__10-K__0001817358-25-000027__Part_I__chunk_0000,ASO,Part_I,0,2,too_short
ASO__10-K__0001817358-25-000027__Part_IV__chunk_0000,ASO,Part_IV,0,2,too_short
ASO__10-K__0001817358-26-000031__Item_4__chunk_0000,ASO,Item_4,0,13,too_short
ASO__10-K__0001817358-26-000031__Item_8__chunk_0000,ASO,Item_8,0,17,too_short
ASO__10-K__0001817358-26-000031__Item_9C__chunk_0000,ASO,Item_9C,0,17,too_short
ASO__10-K__0001817358-26-000031__Part_I__chunk_0000,ASO,Part_I,0,2,too_short
ASO__10-K__0001817358-26-000031__Part_IV__chunk_0000,ASO,Part_IV,0,2,too_short
ATER__10-K__0001437749-24-008398__Item_16__chunk_0000,ATER,Item_16,0,19,too_short
ATER__10-K__0001437749-24-008398__Item_1B__chunk_0000,ATER,Item_1B,0,12,too_short
ATER__10-K__0001437749-24-008398__Item_4__chunk_0000,ATER,Item_4,0,16,too_short
ATER__10-K__0001437749-24-008398__Item_6__chunk_0000,ATER,Item_6,0,12,too_short
ATER__10-K__0001437749-24-008398__Item_9__chunk_0000,ATER,Item_9,0,21,too_short
ATER__10-K__0001437749-24-008398__Item_9C__chunk_0000,ATER,Item_9C,0,26,too_short
ATER__10-K__0001437749-24-008398__Part_I__chunk_0000,ATER,Part_I,0,2,too_short
ATER__10-K__0001437749-24-008398__Part_II__chunk_0000,ATER,Part_II,0,2,too_short
ATER__10-K__0001437749-24-008398__Part_III__chunk_0000,ATER,Part_III,0,2,too_short
ATER__10-K__0001437749-24-008398__Part_IV__chunk_0000,ATER,Part_IV,0,2,too_short
ATER__10-K__0001437749-25-009139__Item_16__chunk_0000,ATER,Item_16,0,17,too_short
ATER__10-K__0001437749-25-009139__Item_1B__chunk_0000,ATER,Item_1B,0,12,too_short
ATER__10-K__0001437749-25-009139__Item_4__chunk_0000,ATER,Item_4,0,16,too_short
ATER__10-K__0001437749-25-009139__Item_6__chunk_0000,ATER,Item_6,0,12,too_short
ATER__10-K__0001437749-25-009139__Item_9__chunk_0000,ATER,Item_9,0,21,too_short
ATER__10-K__0001437749-25-009139__Item_9C__chunk_0000,ATER,Item_9C,0,26,too_short
ATER__10-K__0001437749-25-009139__Part_I__chunk_0000,ATER,Part_I,0,2,too_short
ATER__10-K__0001437749-25-009139__Part_II__chunk_0000,ATER,Part_II,0,2,too_short
ATER__10-K__0001437749-25-009139__Part_III__chunk_0000,ATER,Part_III,0,2,too_short
ATER__10-K__0001437749-25-009139__Part_IV__chunk_0000,ATER,Part_IV,0,2,too_short
ATER__10-K__0001437749-26-009285__Item_16__chunk_0000,ATER,Item_16,0,17,too_short
ATER__10-K__0001437749-26-009285__Item_1B__chunk_0000,ATER,Item_1B,0,12,too_short
ATER__10-K__0001437749-26-009285__Item_4__chunk_0000,ATER,Item_4,0,16,too_short
ATER__10-K__0001437749-26-009285__Item_6__chunk_0000,ATER,Item_6,0,11,too_short
ATER__10-K__0001437749-26-009285__Item_9__chunk_0000,ATER,Item_9,0,21,too_short
ATER__10-K__0001437749-26-009285__Item_9C__chunk_0000,ATER,Item_9C,0,26,too_short
ATER__10-K__0001437749-26-009285__Part_I__chunk_0000,ATER,Part_I,0,2,too_short
ATER__10-K__0001437749-26-009285__Part_II__chunk_0000,ATER,Part_II,0,2,too_short
ATER__10-K__0001437749-26-009285__Part_III__chunk_0000,ATER,Part_III,0,2,too_short
ATER__10-K__0001437749-26-009285__Part_IV__chunk_0000,ATER,Part_IV,0,2,too_short
AZO__10-K__0001104659-25-102611__Item_4__chunk_0000,AZO,Item_4,0,17,too_short
AZO__10-K__0001104659-25-102611__Part_IV__chunk_0000,AZO,Part_IV,0,2,too_short
AZO__10-K__0001558370-23-016668__Item_1B__chunk_0000,AZO,Item_1B,0,11,too_short
AZO__10-K__0001558370-23-016668__Item_4__chunk_0000,AZO,Item_4,0,11,too_short
AZO__10-K__0001558370-23-016668__Item_9C__chunk_0000,AZO,Item_9C,0,23,too_short
AZO__10-K__0001558370-23-016668__Part_IV__chunk_0000,AZO,Part_IV,0,2,too_short
AZO__10-K__0001558370-24-013758__Item_4__chunk_0000,AZO,Item_4,0,17,too_short
AZO__10-K__0001558370-24-013758__Part_IV__chunk_0000,AZO,Part_IV,0,2,too_short
BARK__10-K__0001628280-26-042242__Item_4__chunk_0000,BARK,Item_4,0,24,too_short
BARK__10-K__0001628280-26-042242__Item_9C__chunk_0000,BARK,Item_9C,0,26,too_short
BARK__10-K__0001819574-24-000025__Item_4__chunk_0000,BARK,Item_4,0,24,too_short
BARK__10-K__0001819574-24-000025__Item_9C__chunk_0000,BARK,Item_9C,0,26,too_short
BARK__10-K__0001819574-25-000024__Item_4__chunk_0000,BARK,Item_4,0,24,too_short
BARK__10-K__0001819574-25-000024__Item_9C__chunk_0000,BARK,Item_9C,0,26,too_short
BBBY__10-K__0001130713-24-000013__Item_4__chunk_0000,BBBY,Item_4,0,17,too_short
BBBY__10-K__0001130713-24-000013__Item_9C__chunk_0000,BBBY,Item_9C,0,27,too_short
BBBY__10-K__0001130713-24-000013__Part_IV__chunk_0000,BBBY,Part_IV,0,2,too_short
BBBY__10-K__0001130713-25-000024__Item_4__chunk_0000,BBBY,Item_4,0,17,too_short
BBBY__10-K__0001130713-25-000024__Item_9C__chunk_0000,BBBY,Item_9C,0,27,too_short
BBBY__10-K__0001130713-25-000024__Part_IV__chunk_0000,BBBY,Part_IV,0,2,too_short
BBBY__10-K__0001130713-26-000018__Item_4__chunk_0000,BBBY,Item_4,0,17,too_short
BBBY__10-K__0001130713-26-000018__Item_9C__chunk_0000,BBBY,Item_9C,0,27,too_short
BBBY__10-K__0001130713-26-000018__Part_IV__chunk_0000,BBBY,Part_IV,0,2,too_short
BBWI__10-K__0000701985-24-000010__Item_4__chunk_0000,BBWI,Item_4,0,21,too_short
BBWI__10-K__0000701985-24-000010__Item_6__chunk_0000,BBWI,Item_6,0,7,too_short
BBWI__10-K__0000701985-24-000010__Item_9__chunk_0000,BBWI,Item_9,0,30,too_short
BBWI__10-K__0000701985-24-000010__Item_9C__chunk_0000,BBWI,Item_9C,0,31,too_short
BBWI__10-K__0000701985-24-000010__Part_II__chunk_0000,BBWI,Part_II,0,2,too_short
BBWI__10-K__0000701985-24-000010__Part_III__chunk_0000,BBWI,Part_III,0,2,too_short
BBWI__10-K__0000701985-24-000010__Part_IV__chunk_0000,BBWI,Part_IV,0,2,too_short
BBWI__10-K__0000701985-25-000011__Item_4__chunk_0000,BBWI,Item_4,0,21,too_short
BBWI__10-K__0000701985-25-000011__Item_6__chunk_0000,BBWI,Item_6,0,7,too_short
BBWI__10-K__0000701985-25-000011__Item_9__chunk_0000,BBWI,Item_9,0,30,too_short
BBWI__10-K__0000701985-25-000011__Item_9C__chunk_0000,BBWI,Item_9C,0,31,too_short
BBWI__10-K__0000701985-25-000011__Part_II__chunk_0000,BBWI,Part_II,0,2,too_short
BBWI__10-K__0000701985-25-000011__Part_III__chunk_0000,BBWI,Part_III,0,2,too_short
BBWI__10-K__0000701985-25-000011__Part_IV__chunk_0000,BBWI,Part_IV,0,2,too_short
BBWI__10-K__0000701985-26-000008__Item_4__chunk_0000,BBWI,Item_4,0,21,too_short
BBWI__10-K__0000701985-26-000008__Item_6__chunk_0000,BBWI,Item_6,0,7,too_short
BBWI__10-K__0000701985-26-000008__Item_9__chunk_0000,BBWI,Item_9,0,30,too_short
BBWI__10-K__0000701985-26-000008__Item_9C__chunk_0000,BBWI,Item_9C,0,31,too_short
BBWI__10-K__0000701985-26-000008__Part_I__chunk_0000,BBWI,Part_I,0,2,too_short
BBWI__10-K__0000701985-26-000008__Part_II__chunk_0000,BBWI,Part_II,0,2,too_short
BBWI__10-K__0000701985-26-000008__Part_III__chunk_0000,BBWI,Part_III,0,2,too_short
BBWI__10-K__0000701985-26-000008__Part_IV__chunk_0000,BBWI,Part_IV,0,2,too_short
BBY__10-K__0000764478-24-000010__Item_11__chunk_0000,BBY,Item_11,0,29,too_short
BBY__10-K__0000764478-24-000010__Item_12__chunk_0000,BBY,Item_12,0,41,too_short
BBY__10-K__0000764478-24-000010__Item_13__chunk_0000,BBY,Item_13,0,36,too_short
BBY__10-K__0000764478-24-000010__Item_16__chunk_0000,BBY,Item_16,0,15,too_short
BBY__10-K__0000764478-24-000010__Item_1B__chunk_0000,BBY,Item_1B,0,13,too_short
BBY__10-K__0000764478-24-000010__Item_9__chunk_0000,BBY,Item_9,0,21,too_short
BBY__10-K__0000764478-24-000010__Item_9C__chunk_0000,BBY,Item_9C,0,19,too_short
BBY__10-K__0000764478-24-000010__Part_I__chunk_0000,BBY,Part_I,0,2,too_short
BBY__10-K__0000764478-24-000010__Part_II__chunk_0000,BBY,Part_II,0,2,too_short
BBY__10-K__0000764478-24-000010__Part_III__chunk_0000,BBY,Part_III,0,2,too_short
BBY__10-K__0000764478-24-000010__Part_IV__chunk_0000,BBY,Part_IV,0,2,too_short
BBY__10-K__0000764478-25-000007__Item_11__chunk_0000,BBY,Item_11,0,29,too_short
BBY__10-K__0000764478-25-000007__Item_12__chunk_0000,BBY,Item_12,0,41,too_short
BBY__10-K__0000764478-25-000007__Item_13__chunk_0000,BBY,Item_13,0,37,too_short
BBY__10-K__0000764478-25-000007__Item_16__chunk_0000,BBY,Item_16,0,15,too_short
BBY__10-K__0000764478-25-000007__Item_1B__chunk_0000,BBY,Item_1B,0,13,too_short
BBY__10-K__0000764478-25-000007__Item_9__chunk_0000,BBY,Item_9,0,21,too_short
BBY__10-K__0000764478-25-000007__Item_9C__chunk_0000,BBY,Item_9C,0,19,too_short
BBY__10-K__0000764478-25-000007__Part_I__chunk_0000,BBY,Part_I,0,2,too_short
BBY__10-K__0000764478-25-000007__Part_II__chunk_0000,BBY,Part_II,0,2,too_short
BBY__10-K__0000764478-25-000007__Part_III__chunk_0000,BBY,Part_III,0,2,too_short
BBY__10-K__0000764478-25-000007__Part_IV__chunk_0000,BBY,Part_IV,0,2,too_short
BBY__10-K__0000764478-26-000009__Item_11__chunk_0000,BBY,Item_11,0,29,too_short
BBY__10-K__0000764478-26-000009__Item_12__chunk_0000,BBY,Item_12,0,41,too_short
BBY__10-K__0000764478-26-000009__Item_13__chunk_0000,BBY,Item_13,0,36,too_short
BBY__10-K__0000764478-26-000009__Item_6__chunk_0000,BBY,Item_6,0,12,too_short
BBY__10-K__0000764478-26-000009__Item_9C__chunk_0000,BBY,Item_9C,0,24,too_short
BBY__10-K__0000764478-26-000009__Part_II__chunk_0000,BBY,Part_II,0,2,too_short
BBY__10-K__0000764478-26-000009__Part_III__chunk_0000,BBY,Part_III,0,2,too_short
BBY__10-K__0000764478-26-000009__Part_IV__chunk_0000,BBY,Part_IV,0,2,too_short
BIRD__10-K__0001628280-25-012130__Item_4__chunk_0000,BIRD,Item_4,0,16,too_short
BIRD__10-K__0001628280-25-012130__Item_7A__chunk_0000,BIRD,Item_7A,0,22,too_short
BIRD__10-K__0001628280-25-012130__Item_9C__chunk_0000,BIRD,Item_9C,0,27,too_short
BIRD__10-K__0001628280-25-012130__Part_IV__chunk_0000,BIRD,Part_IV,0,2,too_short
BIRD__10-K__0001628280-26-022192__Item_4__chunk_0000,BIRD,Item_4,0,16,too_short
BIRD__10-K__0001628280-26-022192__Item_7A__chunk_0000,BIRD,Item_7A,0,22,too_short
BIRD__10-K__0001628280-26-022192__Item_9C__chunk_0000,BIRD,Item_9C,0,22,too_short
BIRD__10-K__0001628280-26-022192__Part_III__chunk_0000,BIRD,Part_III,0,2,too_short
BIRD__10-K__0001628280-26-022192__Part_IV__chunk_0000,BIRD,Part_IV,0,2,too_short
BIRD__10-K__0001653909-24-000015__Item_4__chunk_0000,BIRD,Item_4,0,16,too_short
BIRD__10-K__0001653909-24-000015__Item_7A__chunk_0000,BIRD,Item_7A,0,22,too_short
BIRD__10-K__0001653909-24-000015__Item_9B__chunk_0000,BIRD,Item_9B,0,9,too_short
BIRD__10-K__0001653909-24-000015__Item_9C__chunk_0000,BIRD,Item_9C,0,22,too_short
BIRD__10-K__0001653909-24-000015__Part_IV__chunk_0000,BIRD,Part_IV,0,2,too_short
BJ__10-K__0001531152-24-000026__Item_11__chunk_0000,BJ,Item_11,0,24,too_short
BJ__10-K__0001531152-24-000026__Item_12__chunk_0000,BJ,Item_12,0,36,too_short
BJ__10-K__0001531152-24-000026__Item_13__chunk_0000,BJ,Item_13,0,31,too_short
BJ__10-K__0001531152-24-000026__Item_14__chunk_0000,BJ,Item_14,0,29,too_short
BJ__10-K__0001531152-24-000026__Item_1B__chunk_0000,BJ,Item_1B,0,11,too_short
BJ__10-K__0001531152-24-000026__Item_4__chunk_0000,BJ,Item_4,0,13,too_short
BJ__10-K__0001531152-24-000026__Part_IV__chunk_0000,BJ,Part_IV,0,2,too_short
BJ__10-K__0001531152-25-000013__Item_11__chunk_0000,BJ,Item_11,0,24,too_short
BJ__10-K__0001531152-25-000013__Item_12__chunk_0000,BJ,Item_12,0,36,too_short
BJ__10-K__0001531152-25-000013__Item_13__chunk_0000,BJ,Item_13,0,31,too_short
BJ__10-K__0001531152-25-000013__Item_14__chunk_0000,BJ,Item_14,0,29,too_short
BJ__10-K__0001531152-25-000013__Item_1B__chunk_0000,BJ,Item_1B,0,11,too_short
BJ__10-K__0001531152-25-000013__Item_4__chunk_0000,BJ,Item_4,0,13,too_short
BJ__10-K__0001531152-25-000013__Part_IV__chunk_0000,BJ,Part_IV,0,2,too_short
BJ__10-K__0001531152-26-000007__Item_11__chunk_0000,BJ,Item_11,0,24,too_short
BJ__10-K__0001531152-26-000007__Item_12__chunk_0000,BJ,Item_12,0,36,too_short
BJ__10-K__0001531152-26-000007__Item_13__chunk_0000,BJ,Item_13,0,31,too_short
BJ__10-K__0001531152-26-000007__Item_14__chunk_0000,BJ,Item_14,0,29,too_short
BJ__10-K__0001531152-26-000007__Item_1B__chunk_0000,BJ,Item_1B,0,11,too_short
BJ__10-K__0001531152-26-000007__Item_4__chunk_0000,BJ,Item_4,0,13,too_short
BJ__10-K__0001531152-26-000007__Part_IV__chunk_0000,BJ,Part_IV,0,2,too_short
BKE__10-K__0000885245-24-000051__Item_4__chunk_0000,BKE,Item_4,0,17,too_short
BKE__10-K__0000885245-24-000051__Item_9C__chunk_0000,BKE,Item_9C,0,26,too_short
BKE__10-K__0000885245-24-000051__Part_IV__chunk_0000,BKE,Part_IV,0,2,too_short
BKE__10-K__0000885245-25-000052__Item_4__chunk_0000,BKE,Item_4,0,17,too_short
BKE__10-K__0000885245-25-000052__Item_9C__chunk_0000,BKE,Item_9C,0,26,too_short
BKE__10-K__0000885245-25-000052__Part_IV__chunk_0000,BKE,Part_IV,0,2,too_short
BKE__10-K__0000885245-26-000012__Item_4__chunk_0000,BKE,Item_4,0,17,too_short
BKE__10-K__0000885245-26-000012__Item_9C__chunk_0000,BKE,Item_9C,0,26,too_short
BKE__10-K__0000885245-26-000012__Part_IV__chunk_0000,BKE,Part_IV,0,2,too_short
BNED__10-K__0001634117-23-000032__Item_14__chunk_0000,BNED,Item_14,0,34,too_short
BNED__10-K__0001634117-23-000032__Item_1B__chunk_0000,BNED,Item_1B,0,14,too_short
BNED__10-K__0001634117-23-000032__Item_4__chunk_0000,BNED,Item_4,0,27,too_short
BNED__10-K__0001634117-23-000032__Item_6__chunk_0000,BNED,Item_6,0,22,too_short
BNED__10-K__0001634117-23-000032__Item_9B__chunk_0000,BNED,Item_9B,0,9,too_short
BNED__10-K__0001634117-23-000032__Item_9C__chunk_0000,BNED,Item_9C,0,25,too_short
BNED__10-K__0001634117-23-000032__Part_III__chunk_0000,BNED,Part_III,0,2,too_short
BNED__10-K__0001634117-23-000032__Part_IV__chunk_0000,BNED,Part_IV,0,2,too_short
BNED__10-K__0001634117-24-000048__Item_14__chunk_0000,BNED,Item_14,0,34,too_short
BNED__10-K__0001634117-24-000048__Item_1B__chunk_0000,BNED,Item_1B,0,14,too_short
BNED__10-K__0001634117-24-000048__Item_4__chunk_0000,BNED,Item_4,0,27,too_short
BNED__10-K__0001634117-24-000048__Item_7A__chunk_0000,BNED,Item_7A,0,36,too_short
BNED__10-K__0001634117-24-000048__Item_9C__chunk_0000,BNED,Item_9C,0,25,too_short
BNED__10-K__0001634117-24-000048__Part_III__chunk_0000,BNED,Part_III,0,2,too_short
BNED__10-K__0001634117-24-000048__Part_IV__chunk_0000,BNED,Part_IV,0,2,too_short
BNED__10-K__0001634117-25-000038__Item_1B__chunk_0000,BNED,Item_1B,0,14,too_short
BNED__10-K__0001634117-25-000038__Item_4__chunk_0000,BNED,Item_4,0,27,too_short
BNED__10-K__0001634117-25-000038__Item_7A__chunk_0000,BNED,Item_7A,0,36,too_short
BNED__10-K__0001634117-25-000038__Item_9C__chunk_0000,BNED,Item_9C,0,25,too_short
BNED__10-K__0001634117-25-000038__Part_IV__chunk_0000,BNED,Part_IV,0,2,too_short
BRLT__10-K__0001628280-26-018794__Item_4__chunk_0000,BRLT,Item_4,0,22,too_short
BRLT__10-K__0001628280-26-018794__Item_9C__chunk_0000,BRLT,Item_9C,0,24,too_short
BRLT__10-K__0001628280-26-018794__Part_IV__chunk_0000,BRLT,Part_IV,0,2,too_short
BRLT__10-K__0001866757-24-000040__Item_4__chunk_0000,BRLT,Item_4,0,22,too_short
BRLT__10-K__0001866757-24-000040__Item_9C__chunk_0000,BRLT,Item_9C,0,24,too_short
BRLT__10-K__0001866757-24-000040__Part_IV__chunk_0000,BRLT,Part_IV,0,2,too_short
BRLT__10-K__0001866757-25-000038__Item_4__chunk_0000,BRLT,Item_4,0,22,too_short
BRLT__10-K__0001866757-25-000038__Item_9C__chunk_0000,BRLT,Item_9C,0,24,too_short
BRLT__10-K__0001866757-25-000038__Part_IV__chunk_0000,BRLT,Part_IV,0,2,too_short
BSET__10-K__0001437749-24-002203__Item_3__chunk_0000,BSET,Item_3,0,12,too_short
BSET__10-K__0001437749-24-002203__Item_9C__chunk_0000,BSET,Item_9C,0,26,too_short
BSET__10-K__0001437749-24-002203__Part_I__chunk_0000,BSET,Part_I,0,2,too_short
BSET__10-K__0001437749-25-003216__Item_1B__chunk_0000,BSET,Item_1B,0,15,too_short
BSET__10-K__0001437749-25-003216__Item_3__chunk_0000,BSET,Item_3,0,12,too_short
BSET__10-K__0001437749-25-003216__Item_9C__chunk_0000,BSET,Item_9C,0,26,too_short
BSET__10-K__0001437749-25-003216__Part_I__chunk_0000,BSET,Part_I,0,2,too_short
BSET__10-K__0001437749-26-003189__Item_1B__chunk_0000,BSET,Item_1B,0,15,too_short
BSET__10-K__0001437749-26-003189__Item_3__chunk_0000,BSET,Item_3,0,12,too_short
BSET__10-K__0001437749-26-003189__Item_9C__chunk_0000,BSET,Item_9C,0,26,too_short
BSET__10-K__0001437749-26-003189__Part_I__chunk_0000,BSET,Part_I,0,2,too_short
BURL__10-K__0000950170-24-032207__Item_1B__chunk_0000,BURL,Item_1B,0,15,too_short
BURL__10-K__0000950170-24-032207__Item_4__chunk_0000,BURL,Item_4,0,15,too_short
BURL__10-K__0000950170-24-032207__Item_6__chunk_0000,BURL,Item_6,0,16,too_short
BURL__10-K__0000950170-24-032207__Item_9__chunk_0000,BURL,Item_9,0,23,too_short
BURL__10-K__0000950170-24-032207__Item_9C__chunk_0000,BURL,Item_9C,0,19,too_short
BURL__10-K__0000950170-25-040472__Item_1B__chunk_0000,BURL,Item_1B,0,14,too_short
BURL__10-K__0000950170-25-040472__Item_4__chunk_0000,BURL,Item_4,0,15,too_short
BURL__10-K__0000950170-25-040472__Item_6__chunk_0000,BURL,Item_6,0,16,too_short
BURL__10-K__0000950170-25-040472__Item_9__chunk_0000,BURL,Item_9,0,23,too_short
BURL__10-K__0000950170-25-040472__Item_9C__chunk_0000,BURL,Item_9C,0,19,too_short
BURL__10-K__0001193125-26-116001__Item_1B__chunk_0000,BURL,Item_1B,0,14,too_short
BURL__10-K__0001193125-26-116001__Item_4__chunk_0000,BURL,Item_4,0,15,too_short
BURL__10-K__0001193125-26-116001__Item_6__chunk_0000,BURL,Item_6,0,9,too_short
BURL__10-K__0001193125-26-116001__Item_9__chunk_0000,BURL,Item_9,0,23,too_short
BURL__10-K__0001193125-26-116001__Item_9C__chunk_0000,BURL,Item_9C,0,21,too_short
CAL__10-K__0000014707-24-000012__Item_9C__chunk_0000,CAL,Item_9C,0,29,too_short
CAL__10-K__0000014707-24-000012__Part_IV__chunk_0000,CAL,Part_IV,0,2,too_short
CAL__10-K__0000014707-25-000017__Item_9C__chunk_0000,CAL,Item_9C,0,29,too_short
CAL__10-K__0000014707-25-000017__Part_IV__chunk_0000,CAL,Part_IV,0,2,too_short
CAL__10-K__0000014707-26-000053__Item_9C__chunk_0000,CAL,Item_9C,0,29,too_short
CAL__10-K__0000014707-26-000053__Part_IV__chunk_0000,CAL,Part_IV,0,2,too_short
CART__10-K__0001579091-24-000027__Item_4__chunk_0000,CART,Item_4,0,16,too_short
CART__10-K__0001579091-24-000027__Item_9C__chunk_0000,CART,Item_9C,0,21,too_short
CART__10-K__0001579091-24-000027__Part_I__chunk_0000,CART,Part_I,0,2,too_short
CART__10-K__0001579091-24-000027__Part_IV__chunk_0000,CART,Part_IV,0,2,too_short
CART__10-K__0001579091-25-000015__Item_4__chunk_0000,CART,Item_4,0,16,too_short
CART__10-K__0001579091-25-000015__Item_9C__chunk_0000,CART,Item_9C,0,21,too_short
CART__10-K__0001579091-25-000015__Part_I__chunk_0000,CART,Part_I,0,2,too_short
CART__10-K__0001579091-25-000015__Part_IV__chunk_0000,CART,Part_IV,0,2,too_short
CART__10-K__0001579091-26-000018__Item_4__chunk_0000,CART,Item_4,0,16,too_short
CART__10-K__0001579091-26-000018__Item_9C__chunk_0000,CART,Item_9C,0,21,too_short
CART__10-K__0001579091-26-000018__Part_IV__chunk_0000,CART,Part_IV,0,2,too_short
CASY__10-K__0000726958-25-000065__Item_8__chunk_0000,CASY,Item_8,0,19,too_short
CASY__10-K__0000726958-26-000046__Item_8__chunk_0000,CASY,Item_8,0,19,too_short
CATO__10-K__0001562762-24-000065__Item_10__chunk_0000,CATO,Item_10,0,19,too_short
CATO__10-K__0001562762-24-000065__Item_1B__chunk_0000,CATO,Item_1B,0,12,too_short
CATO__10-K__0001562762-24-000065__Item_3A__chunk_0000,CATO,Item_3A,0,25,too_short
CATO__10-K__0001562762-24-000065__Item_4__chunk_0000,CATO,Item_4,0,18,too_short
CATO__10-K__0001562762-24-000065__Item_9__chunk_0000,CATO,Item_9,0,22,too_short
CATO__10-K__0001562762-24-000065__Item_9C__chunk_0000,CATO,Item_9C,0,22,too_short
CATO__10-K__0001562762-25-000062__Item_10__chunk_0000,CATO,Item_10,0,19,too_short
CATO__10-K__0001562762-25-000062__Item_1B__chunk_0000,CATO,Item_1B,0,12,too_short
CATO__10-K__0001562762-25-000062__Item_3A__chunk_0000,CATO,Item_3A,0,25,too_short
CATO__10-K__0001562762-25-000062__Item_4__chunk_0000,CATO,Item_4,0,18,too_short
CATO__10-K__0001562762-25-000062__Item_9__chunk_0000,CATO,Item_9,0,22,too_short
CATO__10-K__0001562762-25-000062__Item_9C__chunk_0000,CATO,Item_9C,0,22,too_short
CATO__10-K__0001562762-26-000041__Item_10__chunk_0000,CATO,Item_10,0,19,too_short
CATO__10-K__0001562762-26-000041__Item_1B__chunk_0000,CATO,Item_1B,0,13,too_short
CATO__10-K__0001562762-26-000041__Item_3A__chunk_0000,CATO,Item_3A,0,25,too_short
CATO__10-K__0001562762-26-000041__Item_4__chunk_0000,CATO,Item_4,0,16,too_short
CATO__10-K__0001562762-26-000041__Item_9__chunk_0000,CATO,Item_9,0,23,too_short
CATO__10-K__0001562762-26-000041__Item_9C__chunk_0000,CATO,Item_9C,0,23,too_short
CHWY__10-K__0001766502-24-000014__Item_9C__chunk_0000,CHWY,Item_9C,0,18,too_short
CHWY__10-K__0001766502-24-000014__Part_IV__chunk_0000,CHWY,Part_IV,0,2,too_short
CHWY__10-K__0001766502-25-000014__Item_9C__chunk_0000,CHWY,Item_9C,0,18,too_short
CHWY__10-K__0001766502-25-000014__Part_IV__chunk_0000,CHWY,Part_IV,0,2,too_short
CHWY__10-K__0001766502-26-000034__Item_9C__chunk_0000,CHWY,Item_9C,0,18,too_short
CHWY__10-K__0001766502-26-000034__Part_IV__chunk_0000,CHWY,Part_IV,0,2,too_short
COOK__10-K__0001628280-26-015450__Item_4__chunk_0000,COOK,Item_4,0,17,too_short
COOK__10-K__0001628280-26-015450__Item_6__chunk_0000,COOK,Item_6,0,12,too_short
COOK__10-K__0001628280-26-015450__Item_9C__chunk_0000,COOK,Item_9C,0,24,too_short
COOK__10-K__0001628280-26-015450__Part_I__chunk_0000,COOK,Part_I,0,2,too_short
COOK__10-K__0001628280-26-015450__Part_II__chunk_0000,COOK,Part_II,0,2,too_short
COOK__10-K__0001628280-26-015450__Part_III__chunk_0000,COOK,Part_III,0,2,too_short
COOK__10-K__0001628280-26-015450__Part_IV__chunk_0000,COOK,Part_IV,0,2,too_short
COOK__10-K__0001857853-24-000020__Item_4__chunk_0000,COOK,Item_4,0,17,too_short
COOK__10-K__0001857853-24-000020__Item_6__chunk_0000,COOK,Item_6,0,12,too_short
COOK__10-K__0001857853-24-000020__Item_9C__chunk_0000,COOK,Item_9C,0,24,too_short
COOK__10-K__0001857853-24-000020__Part_I__chunk_0000,COOK,Part_I,0,2,too_short
COOK__10-K__0001857853-24-000020__Part_II__chunk_0000,COOK,Part_II,0,2,too_short
COOK__10-K__0001857853-24-000020__Part_III__chunk_0000,COOK,Part_III,0,2,too_short
COOK__10-K__0001857853-24-000020__Part_IV__chunk_0000,COOK,Part_IV,0,2,too_short
COOK__10-K__0001857853-25-000018__Item_4__chunk_0000,COOK,Item_4,0,17,too_short
COOK__10-K__0001857853-25-000018__Item_6__chunk_0000,COOK,Item_6,0,12,too_short
COOK__10-K__0001857853-25-000018__Item_9C__chunk_0000,COOK,Item_9C,0,24,too_short
COOK__10-K__0001857853-25-000018__Part_I__chunk_0000,COOK,Part_I,0,2,too_short
COOK__10-K__0001857853-25-000018__Part_II__chunk_0000,COOK,Part_II,0,2,too_short
COOK__10-K__0001857853-25-000018__Part_III__chunk_0000,COOK,Part_III,0,2,too_short
COOK__10-K__0001857853-25-000018__Part_IV__chunk_0000,COOK,Part_IV,0,2,too_short
COST__10-K__0000909832-23-000042__Item_1A__chunk_0000,COST,Item_1A,0,18,too_short
COST__10-K__0000909832-23-000042__Item_1B__chunk_0000,COST,Item_1B,0,11,too_short
COST__10-K__0000909832-23-000042__Item_3__chunk_0000,COST,Item_3,0,22,too_short
COST__10-K__0000909832-23-000042__Item_4__chunk_0000,COST,Item_4,0,11,too_short
COST__10-K__0000909832-23-000042__Item_7__chunk_0000,COST,Item_7,0,13,too_short
COST__10-K__0000909832-23-000042__Item_9C__chunk_0000,COST,Item_9C,0,19,too_short
COST__10-K__0000909832-23-000042__Part_IV__chunk_0000,COST,Part_IV,0,2,too_short
COST__10-K__0000909832-24-000049__Item_1A__chunk_0000,COST,Item_1A,0,20,too_short
COST__10-K__0000909832-24-000049__Item_3__chunk_0000,COST,Item_3,0,22,too_short
COST__10-K__0000909832-24-000049__Item_4__chunk_0000,COST,Item_4,0,11,too_short
COST__10-K__0000909832-24-000049__Item_7__chunk_0000,COST,Item_7,0,13,too_short
COST__10-K__0000909832-24-000049__Item_9C__chunk_0000,COST,Item_9C,0,19,too_short
COST__10-K__0000909832-24-000049__Part_IV__chunk_0000,COST,Part_IV,0,2,too_short
COST__10-K__0000909832-25-000101__Item_3__chunk_0000,COST,Item_3,0,29,too_short
COST__10-K__0000909832-25-000101__Item_4__chunk_0000,COST,Item_4,0,11,too_short
COST__10-K__0000909832-25-000101__Item_9C__chunk_0000,COST,Item_9C,0,19,too_short
COST__10-K__0000909832-25-000101__Part_IV__chunk_0000,COST,Part_IV,0,2,too_short
CRCT__10-K__0001828962-24-000014__Item_10__chunk_0000,CRCT,Item_10,0,38,too_short
CRCT__10-K__0001828962-24-000014__Item_14__chunk_0000,CRCT,Item_14,0,32,too_short
CRCT__10-K__0001828962-24-000014__Item_4__chunk_0000,CRCT,Item_4,0,11,too_short
CRCT__10-K__0001828962-24-000014__Item_9C__chunk_0000,CRCT,Item_9C,0,19,too_short
CRCT__10-K__0001828962-24-000014__Part_III__chunk_0000,CRCT,Part_III,0,2,too_short
CRCT__10-K__0001828962-24-000014__Part_IV__chunk_0000,CRCT,Part_IV,0,2,too_short
CRCT__10-K__0001828962-25-000039__Item_10__chunk_0000,CRCT,Item_10,0,34,too_short
CRCT__10-K__0001828962-25-000039__Item_14__chunk_0000,CRCT,Item_14,0,32,too_short
CRCT__10-K__0001828962-25-000039__Item_4__chunk_0000,CRCT,Item_4,0,16,too_short
CRCT__10-K__0001828962-25-000039__Item_9C__chunk_0000,CRCT,Item_9C,0,19,too_short
CRCT__10-K__0001828962-25-000039__Part_III__chunk_0000,CRCT,Part_III,0,2,too_short
CRCT__10-K__0001828962-25-000039__Part_IV__chunk_0000,CRCT,Part_IV,0,2,too_short
CRCT__10-K__0001828962-26-000010__Item_10__chunk_0000,CRCT,Item_10,0,34,too_short
CRCT__10-K__0001828962-26-000010__Item_14__chunk_0000,CRCT,Item_14,0,32,too_short
CRCT__10-K__0001828962-26-000010__Item_4__chunk_0000,CRCT,Item_4,0,16,too_short
CRCT__10-K__0001828962-26-000010__Item_9C__chunk_0000,CRCT,Item_9C,0,19,too_short
CRCT__10-K__0001828962-26-000010__Part_III__chunk_0000,CRCT,Part_III,0,2,too_short
CRCT__10-K__0001828962-26-000010__Part_IV__chunk_0000,CRCT,Part_IV,0,2,too_short
CRI__10-K__0001060822-24-000062__Item_14__chunk_0000,CRI,Item_14,0,40,too_short
CRI__10-K__0001060822-24-000062__Item_4__chunk_0000,CRI,Item_4,0,17,too_short
CRI__10-K__0001060822-24-000062__Item_9C__chunk_0000,CRI,Item_9C,0,27,too_short
CRI__10-K__0001060822-24-000062__Part_IV__chunk_0000,CRI,Part_IV,0,2,too_short
CRI__10-K__0001060822-25-000030__Item_4__chunk_0000,CRI,Item_4,0,17,too_short
CRI__10-K__0001060822-25-000030__Item_9C__chunk_0000,CRI,Item_9C,0,27,too_short
CRI__10-K__0001060822-25-000030__Part_IV__chunk_0000,CRI,Part_IV,0,2,too_short
CRI__10-K__0001060822-26-000016__Item_4__chunk_0000,CRI,Item_4,0,17,too_short
CRI__10-K__0001060822-26-000016__Item_9C__chunk_0000,CRI,Item_9C,0,27,too_short
CRI__10-K__0001060822-26-000016__Part_IV__chunk_0000,CRI,Part_IV,0,2,too_short
CRMT__10-K__0001171843-23-004114__Item_11__chunk_0000,CRMT,Item_11,0,29,too_short
CRMT__10-K__0001171843-23-004114__Item_13__chunk_0000,CRMT,Item_13,0,36,too_short
CRMT__10-K__0001171843-23-004114__Item_14__chunk_0000,CRMT,Item_14,0,32,too_short
CRMT__10-K__0001171843-23-004114__Item_16__chunk_0000,CRMT,Item_16,0,14,too_short
CRMT__10-K__0001171843-23-004114__Item_1B__chunk_0000,CRMT,Item_1B,0,14,too_short
CRMT__10-K__0001171843-23-004114__Item_4__chunk_0000,CRMT,Item_4,0,12,too_short
CRMT__10-K__0001171843-23-004114__Item_6__chunk_0000,CRMT,Item_6,0,7,too_short
CRMT__10-K__0001171843-23-004114__Item_9__chunk_0000,CRMT,Item_9,0,22,too_short
CRMT__10-K__0001171843-23-004114__Item_9B__chunk_0000,CRMT,Item_9B,0,10,too_short
CRMT__10-K__0001171843-23-004114__Item_9C__chunk_0000,CRMT,Item_9C,0,19,too_short
CRMT__10-K__0001171843-23-004114__Part_II__chunk_0000,CRMT,Part_II,0,2,too_short
CRMT__10-K__0001171843-23-004114__Part_IV__chunk_0000,CRMT,Part_IV,0,2,too_short
CRMT__10-K__0001171843-24-003950__Item_11__chunk_0000,CRMT,Item_11,0,29,too_short
CRMT__10-K__0001171843-24-003950__Item_13__chunk_0000,CRMT,Item_13,0,36,too_short
CRMT__10-K__0001171843-24-003950__Item_14__chunk_0000,CRMT,Item_14,0,32,too_short
CRMT__10-K__0001171843-24-003950__Item_16__chunk_0000,CRMT,Item_16,0,14,too_short
CRMT__10-K__0001171843-24-003950__Item_1B__chunk_0000,CRMT,Item_1B,0,13,too_short
CRMT__10-K__0001171843-24-003950__Item_4__chunk_0000,CRMT,Item_4,0,12,too_short
CRMT__10-K__0001171843-24-003950__Item_6__chunk_0000,CRMT,Item_6,0,8,too_short
CRMT__10-K__0001171843-24-003950__Item_9__chunk_0000,CRMT,Item_9,0,21,too_short
CRMT__10-K__0001171843-24-003950__Item_9C__chunk_0000,CRMT,Item_9C,0,19,too_short
CRMT__10-K__0001171843-24-003950__Part_II__chunk_0000,CRMT,Part_II,0,2,too_short
CRMT__10-K__0001171843-24-003950__Part_IV__chunk_0000,CRMT,Part_IV,0,2,too_short
CRMT__10-K__0001628280-25-039026__Item_14__chunk_0000,CRMT,Item_14,0,35,too_short
CRMT__10-K__0001628280-25-039026__Item_4__chunk_0000,CRMT,Item_4,0,15,too_short
CRMT__10-K__0001628280-25-039026__Part_IV__chunk_0000,CRMT,Part_IV,0,2,too_short
CROX__10-K__0001334036-24-000025__Item_4__chunk_0000,CROX,Item_4,0,16,too_short
CROX__10-K__0001334036-24-000025__Item_6__chunk_0000,CROX,Item_6,0,12,too_short
CROX__10-K__0001334036-24-000025__Item_8__chunk_0000,CROX,Item_8,0,33,too_short
CROX__10-K__0001334036-24-000025__Item_9C__chunk_0000,CROX,Item_9C,0,21,too_short
CROX__10-K__0001334036-25-000009__Item_4__chunk_0000,CROX,Item_4,0,16,too_short
CROX__10-K__0001334036-25-000009__Item_6__chunk_0000,CROX,Item_6,0,12,too_short
CROX__10-K__0001334036-25-000009__Item_8__chunk_0000,CROX,Item_8,0,33,too_short
CROX__10-K__0001334036-25-000009__Item_9C__chunk_0000,CROX,Item_9C,0,21,too_short
CROX__10-K__0001334036-26-000006__Item_4__chunk_0000,CROX,Item_4,0,16,too_short
CROX__10-K__0001334036-26-000006__Item_6__chunk_0000,CROX,Item_6,0,12,too_short
CROX__10-K__0001334036-26-000006__Item_8__chunk_0000,CROX,Item_8,0,33,too_short
CROX__10-K__0001334036-26-000006__Item_9C__chunk_0000,CROX,Item_9C,0,21,too_short
CTRN__10-K__0001104659-26-043813__Item_9C__chunk_0000,CTRN,Item_9C,0,26,too_short
CTRN__10-K__0001104659-26-043813__Part_IV__chunk_0000,CTRN,Part_IV,0,2,too_short
CTRN__10-K__0001558370-24-005294__Item_9C__chunk_0000,CTRN,Item_9C,0,26,too_short
CTRN__10-K__0001558370-24-005294__Part_IV__chunk_0000,CTRN,Part_IV,0,2,too_short
CTRN__10-K__0001558370-25-004897__Item_9C__chunk_0000,CTRN,Item_9C,0,26,too_short
CTRN__10-K__0001558370-25-004897__Part_IV__chunk_0000,CTRN,Part_IV,0,2,too_short
CURV__10-K__0001628280-24-014351__Item_4__chunk_0000,CURV,Item_4,0,13,too_short
CURV__10-K__0001628280-24-014351__Item_9C__chunk_0000,CURV,Item_9C,0,19,too_short
CURV__10-K__0001628280-24-014351__Part_IV__chunk_0000,CURV,Part_IV,0,2,too_short
CURV__10-K__0001628280-25-015891__Item_4__chunk_0000,CURV,Item_4,0,13,too_short
CURV__10-K__0001628280-25-015891__Item_9C__chunk_0000,CURV,Item_9C,0,19,too_short
CURV__10-K__0001628280-25-015891__Part_IV__chunk_0000,CURV,Part_IV,0,2,too_short
CURV__10-K__0001792781-26-000007__Item_11__chunk_0000,CURV,Item_11,0,36,too_short
CURV__10-K__0001792781-26-000007__Item_4__chunk_0000,CURV,Item_4,0,32,too_short
CURV__10-K__0001792781-26-000007__Item_6__chunk_0000,CURV,Item_6,0,27,too_short
CURV__10-K__0001792781-26-000007__Item_9C__chunk_0000,CURV,Item_9C,0,39,too_short
CURV__10-K__0001792781-26-000007__Part_II__chunk_0000,CURV,Part_II,0,2,too_short
CURV__10-K__0001792781-26-000007__Part_III__chunk_0000,CURV,Part_III,0,2,too_short
CURV__10-K__0001792781-26-000007__Part_IV__chunk_0000,CURV,Part_IV,0,2,too_short
CVNA__10-K__0001690820-24-000093__Item_4__chunk_0000,CVNA,Item_4,0,18,too_short
CVNA__10-K__0001690820-24-000093__Item_6__chunk_0000,CVNA,Item_6,0,9,too_short
CVNA__10-K__0001690820-24-000093__Item_9C__chunk_0000,CVNA,Item_9C,0,29,too_short
CVNA__10-K__0001690820-24-000093__Part_II__chunk_0000,CVNA,Part_II,0,2,too_short
CVNA__10-K__0001690820-24-000093__Part_III__chunk_0000,CVNA,Part_III,0,2,too_short
CVNA__10-K__0001690820-24-000093__Part_IV__chunk_0000,CVNA,Part_IV,0,2,too_short
CVNA__10-K__0001690820-25-000074__Item_4__chunk_0000,CVNA,Item_4,0,18,too_short
CVNA__10-K__0001690820-25-000074__Item_6__chunk_0000,CVNA,Item_6,0,9,too_short
CVNA__10-K__0001690820-25-000074__Item_9C__chunk_0000,CVNA,Item_9C,0,29,too_short
CVNA__10-K__0001690820-25-000074__Part_II__chunk_0000,CVNA,Part_II,0,2,too_short
CVNA__10-K__0001690820-25-000074__Part_III__chunk_0000,CVNA,Part_III,0,2,too_short
CVNA__10-K__0001690820-25-000074__Part_IV__chunk_0000,CVNA,Part_IV,0,2,too_short
CVNA__10-K__0001690820-26-000009__Item_4__chunk_0000,CVNA,Item_4,0,18,too_short
CVNA__10-K__0001690820-26-000009__Item_6__chunk_0000,CVNA,Item_6,0,9,too_short
CVNA__10-K__0001690820-26-000009__Item_9C__chunk_0000,CVNA,Item_9C,0,29,too_short
CVNA__10-K__0001690820-26-000009__Part_II__chunk_0000,CVNA,Part_II,0,2,too_short
CVNA__10-K__0001690820-26-000009__Part_III__chunk_0000,CVNA,Part_III,0,2,too_short
CVNA__10-K__0001690820-26-000009__Part_IV__chunk_0000,CVNA,Part_IV,0,2,too_short
CVS__10-K__0000064803-24-000007__Item_9C__chunk_0000,CVS,Item_9C,0,18,too_short
CVS__10-K__0000064803-24-000007__Part_II__chunk_0000,CVS,Part_II,0,2,too_short
CVS__10-K__0000064803-24-000007__Part_III__chunk_0000,CVS,Part_III,0,2,too_short
CVS__10-K__0000064803-24-000007__Part_IV__chunk_0000,CVS,Part_IV,0,2,too_short
CVS__10-K__0000064803-25-000007__Item_1B__chunk_0000,CVS,Item_1B,0,18,too_short
CVS__10-K__0000064803-25-000007__Item_9C__chunk_0000,CVS,Item_9C,0,18,too_short
CVS__10-K__0000064803-25-000007__Part_II__chunk_0000,CVS,Part_II,0,2,too_short
CVS__10-K__0000064803-25-000007__Part_III__chunk_0000,CVS,Part_III,0,2,too_short
CVS__10-K__0000064803-25-000007__Part_IV__chunk_0000,CVS,Part_IV,0,2,too_short
CVS__10-K__0000064803-26-000010__Item_1B__chunk_0000,CVS,Item_1B,0,18,too_short
CVS__10-K__0000064803-26-000010__Item_9C__chunk_0000,CVS,Item_9C,0,18,too_short
CVS__10-K__0000064803-26-000010__Part_II__chunk_0000,CVS,Part_II,0,2,too_short
CVS__10-K__0000064803-26-000010__Part_III__chunk_0000,CVS,Part_III,0,2,too_short
CVS__10-K__0000064803-26-000010__Part_IV__chunk_0000,CVS,Part_IV,0,2,too_short
CWH__10-K__0001104659-26-021548__Item_1B__chunk_0000,CWH,Item_1B,0,15,too_short
CWH__10-K__0001104659-26-021548__Item_9B__chunk_0000,CWH,Item_9B,0,48,too_short
CWH__10-K__0001104659-26-021548__Part_IV__chunk_0000,CWH,Part_IV,0,2,too_short
CWH__10-K__0001558370-24-001703__Item_1B__chunk_0000,CWH,Item_1B,0,15,too_short
CWH__10-K__0001558370-24-001703__Item_9B__chunk_0000,CWH,Item_9B,0,48,too_short
CWH__10-K__0001558370-24-001703__Part_IV__chunk_0000,CWH,Part_IV,0,2,too_short
CWH__10-K__0001558370-25-001939__Item_1B__chunk_0000,CWH,Item_1B,0,21,too_short
CWH__10-K__0001558370-25-001939__Item_9B__chunk_0000,CWH,Item_9B,0,48,too_short
CWH__10-K__0001558370-25-001939__Part_IV__chunk_0000,CWH,Part_IV,0,2,too_short
DBGI__10-K__0001104659-24-047365__Item_9B__chunk_0000,DBGI,Item_9B,0,12,too_short
DBGI__10-K__0001104659-24-047365__Item_9C__chunk_0000,DBGI,Item_9C,0,31,too_short
DDS__10-K__0000028917-24-000011__Item_9C__chunk_0000,DDS,Item_9C,0,35,too_short
DDS__10-K__0000028917-24-000011__Part_II__chunk_0000,DDS,Part_II,0,2,too_short
DDS__10-K__0000028917-24-000011__Part_III__chunk_0000,DDS,Part_III,0,2,too_short
DDS__10-K__0000028917-24-000011__Part_IV__chunk_0000,DDS,Part_IV,0,2,too_short
DDS__10-K__0000028917-25-000004__Item_9C__chunk_0000,DDS,Item_9C,0,35,too_short
DDS__10-K__0000028917-25-000004__Part_II__chunk_0000,DDS,Part_II,0,2,too_short
DDS__10-K__0000028917-25-000004__Part_III__chunk_0000,DDS,Part_III,0,2,too_short
DDS__10-K__0000028917-25-000004__Part_IV__chunk_0000,DDS,Part_IV,0,2,too_short
DDS__10-K__0000028917-26-000006__Item_9C__chunk_0000,DDS,Item_9C,0,35,too_short
DDS__10-K__0000028917-26-000006__Part_II__chunk_0000,DDS,Part_II,0,2,too_short
DDS__10-K__0000028917-26-000006__Part_III__chunk_0000,DDS,Part_III,0,2,too_short
DDS__10-K__0000028917-26-000006__Part_IV__chunk_0000,DDS,Part_IV,0,2,too_short
DECK__10-K__0000910521-24-000017__Item_14__chunk_0000,DECK,Item_14,0,34,too_short
DECK__10-K__0000910521-25-000017__Item_14__chunk_0000,DECK,Item_14,0,34,too_short
DECK__10-K__0000910521-25-000017__Item_1B__chunk_0000,DECK,Item_1B,0,34,too_short
DELL__10-K__0001571996-24-000036__Item_4__chunk_0000,DELL,Item_4,0,20,too_short
DELL__10-K__0001571996-24-000036__Item_9C__chunk_0000,DELL,Item_9C,0,26,too_short
DELL__10-K__0001571996-24-000036__Part_IV__chunk_0000,DELL,Part_IV,0,2,too_short
DELL__10-K__0001571996-25-000034__Item_9__chunk_0000,DELL,Item_9,0,29,too_short
DELL__10-K__0001571996-25-000034__Item_9C__chunk_0000,DELL,Item_9C,0,26,too_short
DELL__10-K__0001571996-25-000034__Part_IV__chunk_0000,DELL,Part_IV,0,2,too_short
DELL__10-K__0001571996-26-000008__Item_9__chunk_0000,DELL,Item_9,0,29,too_short
DELL__10-K__0001571996-26-000008__Item_9C__chunk_0000,DELL,Item_9C,0,26,too_short
DELL__10-K__0001571996-26-000008__Part_IV__chunk_0000,DELL,Part_IV,0,2,too_short
DG__10-K__0001104659-26-032325__Item_9__chunk_0000,DG,Item_9,0,32,too_short
DG__10-K__0001558370-24-003813__Item_9__chunk_0000,DG,Item_9,0,32,too_short
DG__10-K__0001558370-25-003413__Item_9__chunk_0000,DG,Item_9,0,32,too_short
DIBS__10-K__0001600641-24-000022__Item_4__chunk_0000,DIBS,Item_4,0,13,too_short
DIBS__10-K__0001600641-24-000022__Item_9C__chunk_0000,DIBS,Item_9C,0,19,too_short
DIBS__10-K__0001600641-24-000022__Part_IV__chunk_0000,DIBS,Part_IV,0,2,too_short
DIBS__10-K__0001600641-25-000011__Item_4__chunk_0000,DIBS,Item_4,0,13,too_short
DIBS__10-K__0001600641-25-000011__Item_9C__chunk_0000,DIBS,Item_9C,0,19,too_short
DIBS__10-K__0001600641-25-000011__Part_IV__chunk_0000,DIBS,Part_IV,0,2,too_short
DIBS__10-K__0001600641-26-000007__Item_4__chunk_0000,DIBS,Item_4,0,13,too_short
DIBS__10-K__0001600641-26-000007__Item_9C__chunk_0000,DIBS,Item_9C,0,19,too_short
DIBS__10-K__0001600641-26-000007__Part_IV__chunk_0000,DIBS,Part_IV,0,2,too_short
DKS__10-K__0001089063-24-000037__Item_1B__chunk_0000,DKS,Item_1B,0,14,too_short
DKS__10-K__0001089063-24-000037__Item_4__chunk_0000,DKS,Item_4,0,25,too_short
DKS__10-K__0001089063-24-000037__Item_8__chunk_0000,DKS,Item_8,0,43,too_short
DKS__10-K__0001089063-24-000037__Item_9C__chunk_0000,DKS,Item_9C,0,36,too_short
DKS__10-K__0001089063-24-000037__Part_IV__chunk_0000,DKS,Part_IV,0,2,too_short
DKS__10-K__0001089063-25-000012__Item_1B__chunk_0000,DKS,Item_1B,0,24,too_short
DKS__10-K__0001089063-25-000012__Item_4__chunk_0000,DKS,Item_4,0,25,too_short
DKS__10-K__0001089063-25-000012__Item_8__chunk_0000,DKS,Item_8,0,43,too_short
DKS__10-K__0001089063-25-000012__Item_9C__chunk_0000,DKS,Item_9C,0,27,too_short
DKS__10-K__0001089063-25-000012__Part_IV__chunk_0000,DKS,Part_IV,0,2,too_short
DKS__10-K__0001089063-26-000007__Item_1B__chunk_0000,DKS,Item_1B,0,24,too_short
DKS__10-K__0001089063-26-000007__Item_4__chunk_0000,DKS,Item_4,0,25,too_short
DKS__10-K__0001089063-26-000007__Item_8__chunk_0000,DKS,Item_8,0,43,too_short
DKS__10-K__0001089063-26-000007__Item_9C__chunk_0000,DKS,Item_9C,0,27,too_short
DKS__10-K__0001089063-26-000007__Part_IV__chunk_0000,DKS,Part_IV,0,2,too_short
DLTH__10-K__0001193125-26-117508__Item_14__chunk_0000,DLTH,Item_14,0,38,too_short
DLTH__10-K__0001193125-26-117508__Item_9C__chunk_0000,DLTH,Item_9C,0,27,too_short
DLTR__10-K__0000935703-24-000011__Item_4__chunk_0000,DLTR,Item_4,0,15,too_short
DLTR__10-K__0000935703-24-000011__Item_9C__chunk_0000,DLTR,Item_9C,0,20,too_short
DLTR__10-K__0000935703-24-000011__Part_IV__chunk_0000,DLTR,Part_IV,0,2,too_short
DLTR__10-K__0000935703-25-000015__Item_2__chunk_0000,DLTR,Item_2,0,47,too_short
DLTR__10-K__0000935703-25-000015__Item_4__chunk_0000,DLTR,Item_4,0,15,too_short
DLTR__10-K__0000935703-25-000015__Item_9C__chunk_0000,DLTR,Item_9C,0,20,too_short
DLTR__10-K__0000935703-25-000015__Part_IV__chunk_0000,DLTR,Part_IV,0,2,too_short
DLTR__10-K__0000935703-26-000025__Item_2__chunk_0000,DLTR,Item_2,0,20,too_short
DLTR__10-K__0000935703-26-000025__Item_4__chunk_0000,DLTR,Item_4,0,15,too_short
DLTR__10-K__0000935703-26-000025__Item_9C__chunk_0000,DLTR,Item_9C,0,20,too_short
DLTR__10-K__0000935703-26-000025__Part_IV__chunk_0000,DLTR,Part_IV,0,2,too_short
DXLG__10-K__0000950170-24-034763__Item_1B__chunk_0000,DXLG,Item_1B,0,14,too_short
DXLG__10-K__0000950170-24-034763__Item_4__chunk_0000,DXLG,Item_4,0,18,too_short
DXLG__10-K__0000950170-24-034763__Item_6__chunk_0000,DXLG,Item_6,0,7,too_short
DXLG__10-K__0000950170-24-034763__Item_9__chunk_0000,DXLG,Item_9,0,23,too_short
DXLG__10-K__0000950170-25-042703__Item_1B__chunk_0000,DXLG,Item_1B,0,13,too_short
DXLG__10-K__0000950170-25-042703__Item_4__chunk_0000,DXLG,Item_4,0,18,too_short
DXLG__10-K__0000950170-25-042703__Item_6__chunk_0000,DXLG,Item_6,0,7,too_short
DXLG__10-K__0000950170-25-042703__Item_9__chunk_0000,DXLG,Item_9,0,23,too_short
DXLG__10-K__0001193125-26-115660__Item_1B__chunk_0000,DXLG,Item_1B,0,13,too_short
DXLG__10-K__0001193125-26-115660__Item_4__chunk_0000,DXLG,Item_4,0,18,too_short
DXLG__10-K__0001193125-26-115660__Item_6__chunk_0000,DXLG,Item_6,0,7,too_short
DXLG__10-K__0001193125-26-115660__Item_9__chunk_0000,DXLG,Item_9,0,23,too_short
EBAY__10-K__0001065088-24-000036__Item_4__chunk_0000,EBAY,Item_4,0,22,too_short
EBAY__10-K__0001065088-24-000036__Item_9__chunk_0000,EBAY,Item_9,0,29,too_short
EBAY__10-K__0001065088-24-000036__Item_9B__chunk_0000,EBAY,Item_9B,0,10,too_short
EBAY__10-K__0001065088-24-000036__Item_9C__chunk_0000,EBAY,Item_9C,0,32,too_short
EBAY__10-K__0001065088-24-000036__Part_IV__chunk_0000,EBAY,Part_IV,0,2,too_short
EBAY__10-K__0001065088-25-000037__Item_4__chunk_0000,EBAY,Item_4,0,20,too_short
EBAY__10-K__0001065088-25-000037__Item_9__chunk_0000,EBAY,Item_9,0,29,too_short
EBAY__10-K__0001065088-25-000037__Item_9C__chunk_0000,EBAY,Item_9C,0,29,too_short
EBAY__10-K__0001065088-25-000037__Part_IV__chunk_0000,EBAY,Part_IV,0,2,too_short
EBAY__10-K__0001065088-26-000027__Item_4__chunk_0000,EBAY,Item_4,0,20,too_short
EBAY__10-K__0001065088-26-000027__Item_9__chunk_0000,EBAY,Item_9,0,29,too_short
EBAY__10-K__0001065088-26-000027__Item_9C__chunk_0000,EBAY,Item_9C,0,30,too_short
EBAY__10-K__0001065088-26-000027__Part_IV__chunk_0000,EBAY,Part_IV,0,2,too_short
ETD__10-K__0001437749-23-024609__Item_11__chunk_0000,ETD,Item_11,0,43,too_short
ETD__10-K__0001437749-23-024609__Item_16__chunk_0000,ETD,Item_16,0,29,too_short
ETD__10-K__0001437749-23-024609__Item_1B__chunk_0000,ETD,Item_1B,0,15,too_short
ETD__10-K__0001437749-23-024609__Item_6__chunk_0000,ETD,Item_6,0,8,too_short
ETD__10-K__0001437749-23-024609__Item_9__chunk_0000,ETD,Item_9,0,30,too_short
ETD__10-K__0001437749-23-024609__Item_9C__chunk_0000,ETD,Item_9C,0,44,too_short
ETD__10-K__0001437749-23-024609__Part_I__chunk_0000,ETD,Part_I,0,2,too_short
ETD__10-K__0001437749-23-024609__Part_II__chunk_0000,ETD,Part_II,0,2,too_short
ETD__10-K__0001437749-23-024609__Part_III__chunk_0000,ETD,Part_III,0,2,too_short
ETD__10-K__0001437749-23-024609__Part_IV__chunk_0000,ETD,Part_IV,0,2,too_short
ETD__10-K__0001437749-24-027664__Item_11__chunk_0000,ETD,Item_11,0,43,too_short
ETD__10-K__0001437749-24-027664__Item_13__chunk_0000,ETD,Item_13,0,45,too_short
ETD__10-K__0001437749-24-027664__Item_16__chunk_0000,ETD,Item_16,0,29,too_short
ETD__10-K__0001437749-24-027664__Item_1B__chunk_0000,ETD,Item_1B,0,15,too_short
ETD__10-K__0001437749-24-027664__Item_4__chunk_0000,ETD,Item_4,0,33,too_short
ETD__10-K__0001437749-24-027664__Item_6__chunk_0000,ETD,Item_6,0,6,too_short
ETD__10-K__0001437749-24-027664__Item_9__chunk_0000,ETD,Item_9,0,30,too_short
ETD__10-K__0001437749-24-027664__Item_9C__chunk_0000,ETD,Item_9C,0,44,too_short
ETD__10-K__0001437749-24-027664__Part_I__chunk_0000,ETD,Part_I,0,2,too_short
ETD__10-K__0001437749-24-027664__Part_II__chunk_0000,ETD,Part_II,0,2,too_short
ETD__10-K__0001437749-24-027664__Part_III__chunk_0000,ETD,Part_III,0,2,too_short
ETD__10-K__0001437749-24-027664__Part_IV__chunk_0000,ETD,Part_IV,0,2,too_short
ETD__10-K__0001437749-25-027594__Item_11__chunk_0000,ETD,Item_11,0,41,too_short
ETD__10-K__0001437749-25-027594__Item_16__chunk_0000,ETD,Item_16,0,29,too_short
ETD__10-K__0001437749-25-027594__Item_1B__chunk_0000,ETD,Item_1B,0,15,too_short
ETD__10-K__0001437749-25-027594__Item_4__chunk_0000,ETD,Item_4,0,33,too_short
ETD__10-K__0001437749-25-027594__Item_6__chunk_0000,ETD,Item_6,0,6,too_short
ETD__10-K__0001437749-25-027594__Item_9__chunk_0000,ETD,Item_9,0,30,too_short
ETD__10-K__0001437749-25-027594__Item_9C__chunk_0000,ETD,Item_9C,0,44,too_short
ETD__10-K__0001437749-25-027594__Part_I__chunk_0000,ETD,Part_I,0,2,too_short
ETD__10-K__0001437749-25-027594__Part_II__chunk_0000,ETD,Part_II,0,2,too_short
ETD__10-K__0001437749-25-027594__Part_III__chunk_0000,ETD,Part_III,0,2,too_short
ETD__10-K__0001437749-25-027594__Part_IV__chunk_0000,ETD,Part_IV,0,2,too_short
ETSY__10-K__0001370637-24-000013__Item_3__chunk_0000,ETSY,Item_3,0,36,too_short
ETSY__10-K__0001370637-24-000013__Item_4__chunk_0000,ETSY,Item_4,0,21,too_short
ETSY__10-K__0001370637-24-000013__Item_6__chunk_0000,ETSY,Item_6,0,12,too_short
ETSY__10-K__0001370637-24-000013__Item_9C__chunk_0000,ETSY,Item_9C,0,28,too_short
ETSY__10-K__0001370637-25-000017__Item_3__chunk_0000,ETSY,Item_3,0,36,too_short
ETSY__10-K__0001370637-25-000017__Item_4__chunk_0000,ETSY,Item_4,0,21,too_short
ETSY__10-K__0001370637-25-000017__Item_6__chunk_0000,ETSY,Item_6,0,12,too_short
ETSY__10-K__0001370637-25-000017__Item_9C__chunk_0000,ETSY,Item_9C,0,28,too_short
ETSY__10-K__0001370637-26-000019__Item_3__chunk_0000,ETSY,Item_3,0,36,too_short
ETSY__10-K__0001370637-26-000019__Item_4__chunk_0000,ETSY,Item_4,0,21,too_short
ETSY__10-K__0001370637-26-000019__Item_6__chunk_0000,ETSY,Item_6,0,12,too_short
ETSY__10-K__0001370637-26-000019__Item_9C__chunk_0000,ETSY,Item_9C,0,28,too_short
EVGO__10-K__0001104659-26-024827__Item_1B__chunk_0000,EVGO,Item_1B,0,12,too_short
EVGO__10-K__0001104659-26-024827__Item_4__chunk_0000,EVGO,Item_4,0,19,too_short
EVGO__10-K__0001104659-26-024827__Item_6__chunk_0000,EVGO,Item_6,0,15,too_short
EVGO__10-K__0001104659-26-024827__Item_9C__chunk_0000,EVGO,Item_9C,0,28,too_short
EVGO__10-K__0001104659-26-024827__Part_II__chunk_0000,EVGO,Part_II,0,2,too_short
EVGO__10-K__0001104659-26-024827__Part_III__chunk_0000,EVGO,Part_III,0,2,too_short
EVGO__10-K__0001104659-26-024827__Part_IV__chunk_0000,EVGO,Part_IV,0,2,too_short
EVGO__10-K__0001558370-24-002608__Item_11__chunk_0000,EVGO,Item_11,0,33,too_short
EVGO__10-K__0001558370-24-002608__Item_12__chunk_0000,EVGO,Item_12,0,45,too_short
EVGO__10-K__0001558370-24-002608__Item_13__chunk_0000,EVGO,Item_13,0,39,too_short
EVGO__10-K__0001558370-24-002608__Item_14__chunk_0000,EVGO,Item_14,0,44,too_short
EVGO__10-K__0001558370-24-002608__Item_1B__chunk_0000,EVGO,Item_1B,0,14,too_short
EVGO__10-K__0001558370-24-002608__Item_4__chunk_0000,EVGO,Item_4,0,20,too_short
EVGO__10-K__0001558370-24-002608__Item_6__chunk_0000,EVGO,Item_6,0,15,too_short
EVGO__10-K__0001558370-24-002608__Item_9C__chunk_0000,EVGO,Item_9C,0,27,too_short
EVGO__10-K__0001558370-24-002608__Part_I__chunk_0000,EVGO,Part_I,0,2,too_short
EVGO__10-K__0001558370-24-002608__Part_II__chunk_0000,EVGO,Part_II,0,2,too_short
EVGO__10-K__0001558370-24-002608__Part_III__chunk_0000,EVGO,Part_III,0,2,too_short
EVGO__10-K__0001558370-24-002608__Part_IV__chunk_0000,EVGO,Part_IV,0,2,too_short
EVGO__10-K__0001558370-25-002400__Item_1B__chunk_0000,EVGO,Item_1B,0,15,too_short
EVGO__10-K__0001558370-25-002400__Item_4__chunk_0000,EVGO,Item_4,0,20,too_short
EVGO__10-K__0001558370-25-002400__Item_6__chunk_0000,EVGO,Item_6,0,15,too_short
EVGO__10-K__0001558370-25-002400__Item_9C__chunk_0000,EVGO,Item_9C,0,28,too_short
EVGO__10-K__0001558370-25-002400__Part_II__chunk_0000,EVGO,Part_II,0,2,too_short
EVGO__10-K__0001558370-25-002400__Part_III__chunk_0000,EVGO,Part_III,0,2,too_short
EVGO__10-K__0001558370-25-002400__Part_IV__chunk_0000,EVGO,Part_IV,0,2,too_short
EYE__10-K__0001628280-26-014379__Item_1B__chunk_0000,EYE,Item_1B,0,11,too_short
EYE__10-K__0001628280-26-014379__Item_4__chunk_0000,EYE,Item_4,0,43,too_short
EYE__10-K__0001628280-26-014379__Item_9C__chunk_0000,EYE,Item_9C,0,18,too_short
EYE__10-K__0001628280-26-014379__Part_IV__chunk_0000,EYE,Part_IV,0,2,too_short
EYE__10-K__0001710155-24-000018__Item_9B__chunk_0000,EYE,Item_9B,0,9,too_short
EYE__10-K__0001710155-24-000018__Item_9C__chunk_0000,EYE,Item_9C,0,18,too_short
EYE__10-K__0001710155-24-000018__Part_IV__chunk_0000,EYE,Part_IV,0,2,too_short
EYE__10-K__0001710155-25-000011__Item_1B__chunk_0000,EYE,Item_1B,0,11,too_short
EYE__10-K__0001710155-25-000011__Item_4__chunk_0000,EYE,Item_4,0,43,too_short
EYE__10-K__0001710155-25-000011__Item_9C__chunk_0000,EYE,Item_9C,0,18,too_short
EYE__10-K__0001710155-25-000011__Part_IV__chunk_0000,EYE,Part_IV,0,2,too_short
FIGS__10-K__0001628280-24-007659__Item_4__chunk_0000,FIGS,Item_4,0,17,too_short
FIGS__10-K__0001628280-24-007659__Item_6__chunk_0000,FIGS,Item_6,0,12,too_short
FIGS__10-K__0001628280-24-007659__Item_9C__chunk_0000,FIGS,Item_9C,0,24,too_short
FIGS__10-K__0001628280-24-007659__Part_I__chunk_0000,FIGS,Part_I,0,2,too_short
FIGS__10-K__0001628280-24-007659__Part_II__chunk_0000,FIGS,Part_II,0,2,too_short
FIGS__10-K__0001628280-24-007659__Part_III__chunk_0000,FIGS,Part_III,0,2,too_short
FIGS__10-K__0001628280-24-007659__Part_IV__chunk_0000,FIGS,Part_IV,0,2,too_short
FIGS__10-K__0001628280-25-008688__Item_4__chunk_0000,FIGS,Item_4,0,17,too_short
FIGS__10-K__0001628280-25-008688__Item_6__chunk_0000,FIGS,Item_6,0,12,too_short
FIGS__10-K__0001628280-25-008688__Item_9C__chunk_0000,FIGS,Item_9C,0,24,too_short
FIGS__10-K__0001628280-25-008688__Part_I__chunk_0000,FIGS,Part_I,0,2,too_short
FIGS__10-K__0001628280-25-008688__Part_II__chunk_0000,FIGS,Part_II,0,2,too_short
FIGS__10-K__0001628280-25-008688__Part_III__chunk_0000,FIGS,Part_III,0,2,too_short
FIGS__10-K__0001628280-25-008688__Part_IV__chunk_0000,FIGS,Part_IV,0,2,too_short
FIGS__10-K__0001628280-26-012333__Item_4__chunk_0000,FIGS,Item_4,0,17,too_short
FIGS__10-K__0001628280-26-012333__Item_6__chunk_0000,FIGS,Item_6,0,12,too_short
FIGS__10-K__0001628280-26-012333__Item_9C__chunk_0000,FIGS,Item_9C,0,24,too_short
FIGS__10-K__0001628280-26-012333__Part_I__chunk_0000,FIGS,Part_I,0,2,too_short
FIGS__10-K__0001628280-26-012333__Part_II__chunk_0000,FIGS,Part_II,0,2,too_short
FIGS__10-K__0001628280-26-012333__Part_III__chunk_0000,FIGS,Part_III,0,2,too_short
FIGS__10-K__0001628280-26-012333__Part_IV__chunk_0000,FIGS,Part_IV,0,2,too_short
FIVE__10-K__0001177609-24-000008__Item_4__chunk_0000,FIVE,Item_4,0,17,too_short
FIVE__10-K__0001177609-24-000008__Item_9C__chunk_0000,FIVE,Item_9C,0,26,too_short
FIVE__10-K__0001177609-25-000009__Item_4__chunk_0000,FIVE,Item_4,0,17,too_short
FIVE__10-K__0001177609-25-000009__Item_9C__chunk_0000,FIVE,Item_9C,0,26,too_short
FIVE__10-K__0001177609-26-000010__Item_4__chunk_0000,FIVE,Item_4,0,17,too_short
FIVE__10-K__0001177609-26-000010__Item_9C__chunk_0000,FIVE,Item_9C,0,26,too_short
FLWS__10-K__0001084869-25-000017__Item_2__chunk_0000,FLWS,Item_2,0,31,too_short
FLWS__10-K__0001084869-25-000017__Item_3__chunk_0000,FLWS,Item_3,0,24,too_short
FLWS__10-K__0001084869-25-000017__Item_4__chunk_0000,FLWS,Item_4,0,20,too_short
FLWS__10-K__0001084869-25-000017__Item_8__chunk_0000,FLWS,Item_8,0,36,too_short
FLWS__10-K__0001084869-25-000017__Item_9C__chunk_0000,FLWS,Item_9C,0,26,too_short
FLWS__10-K__0001084869-25-000017__Part_IV__chunk_0000,FLWS,Part_IV,0,2,too_short
FLXS__10-K__0000037472-23-000024__Item_1B__chunk_0000,FLXS,Item_1B,0,12,too_short
FLXS__10-K__0000037472-23-000024__Item_3__chunk_0000,FLXS,Item_3,0,41,too_short
FLXS__10-K__0000037472-23-000024__Item_4__chunk_0000,FLXS,Item_4,0,18,too_short
FLXS__10-K__0000037472-23-000024__Item_9__chunk_0000,FLXS,Item_9,0,21,too_short
FLXS__10-K__0000037472-23-000024__Item_9B__chunk_0000,FLXS,Item_9B,0,12,too_short
FLXS__10-K__0000037472-23-000024__Item_9C__chunk_0000,FLXS,Item_9C,0,18,too_short
FLXS__10-K__0000037472-23-000024__Part_II__chunk_0000,FLXS,Part_II,0,2,too_short
FLXS__10-K__0000037472-23-000024__Part_III__chunk_0000,FLXS,Part_III,0,2,too_short
FLXS__10-K__0000037472-23-000024__Part_IV__chunk_0000,FLXS,Part_IV,0,2,too_short
FLXS__10-K__0000950170-24-102402__Item_1B__chunk_0000,FLXS,Item_1B,0,12,too_short
FLXS__10-K__0000950170-24-102402__Item_3__chunk_0000,FLXS,Item_3,0,41,too_short
FLXS__10-K__0000950170-24-102402__Item_4__chunk_0000,FLXS,Item_4,0,11,too_short
FLXS__10-K__0000950170-24-102402__Item_9__chunk_0000,FLXS,Item_9,0,21,too_short
FLXS__10-K__0000950170-24-102402__Item_9C__chunk_0000,FLXS,Item_9C,0,23,too_short
FLXS__10-K__0000950170-24-102402__Part_II__chunk_0000,FLXS,Part_II,0,2,too_short
FLXS__10-K__0000950170-24-102402__Part_III__chunk_0000,FLXS,Part_III,0,2,too_short
FLXS__10-K__0000950170-24-102402__Part_IV__chunk_0000,FLXS,Part_IV,0,2,too_short
FLXS__10-K__0000950170-25-110965__Item_1B__chunk_0000,FLXS,Item_1B,0,12,too_short
FLXS__10-K__0000950170-25-110965__Item_3__chunk_0000,FLXS,Item_3,0,41,too_short
FLXS__10-K__0000950170-25-110965__Item_4__chunk_0000,FLXS,Item_4,0,10,too_short
FLXS__10-K__0000950170-25-110965__Item_9C__chunk_0000,FLXS,Item_9C,0,23,too_short
FLXS__10-K__0000950170-25-110965__Part_II__chunk_0000,FLXS,Part_II,0,2,too_short
FL__10-K__0000850209-23-000006__Item_3__chunk_0000,FL,Item_3,0,34,too_short
FL__10-K__0000850209-23-000006__Item_9B__chunk_0000,FL,Item_9B,0,9,too_short
FL__10-K__0000850209-23-000006__Item_9C__chunk_0000,FL,Item_9C,0,17,too_short
FL__10-K__0000850209-23-000006__Part_III__chunk_0000,FL,Part_III,0,2,too_short
FND__10-K__0001507079-24-000010__Item_4__chunk_0000,FND,Item_4,0,16,too_short
FND__10-K__0001507079-24-000010__Item_6__chunk_0000,FND,Item_6,0,10,too_short
FND__10-K__0001507079-24-000010__Item_9C__chunk_0000,FND,Item_9C,0,32,too_short
FND__10-K__0001507079-24-000010__Part_II__chunk_0000,FND,Part_II,0,2,too_short
FND__10-K__0001507079-24-000010__Part_III__chunk_0000,FND,Part_III,0,2,too_short
FND__10-K__0001507079-24-000010__Part_IV__chunk_0000,FND,Part_IV,0,2,too_short
FND__10-K__0001507079-25-000013__Item_4__chunk_0000,FND,Item_4,0,16,too_short
FND__10-K__0001507079-25-000013__Item_6__chunk_0000,FND,Item_6,0,10,too_short
FND__10-K__0001507079-25-000013__Item_9C__chunk_0000,FND,Item_9C,0,27,too_short
FND__10-K__0001507079-25-000013__Part_II__chunk_0000,FND,Part_II,0,2,too_short
FND__10-K__0001507079-25-000013__Part_III__chunk_0000,FND,Part_III,0,2,too_short
FND__10-K__0001507079-25-000013__Part_IV__chunk_0000,FND,Part_IV,0,2,too_short
FND__10-K__0001628280-26-009770__Item_4__chunk_0000,FND,Item_4,0,16,too_short
FND__10-K__0001628280-26-009770__Item_6__chunk_0000,FND,Item_6,0,11,too_short
FND__10-K__0001628280-26-009770__Item_9C__chunk_0000,FND,Item_9C,0,27,too_short
FND__10-K__0001628280-26-009770__Part_II__chunk_0000,FND,Part_II,0,2,too_short
FND__10-K__0001628280-26-009770__Part_III__chunk_0000,FND,Part_III,0,2,too_short
FND__10-K__0001628280-26-009770__Part_IV__chunk_0000,FND,Part_IV,0,2,too_short
FOSL__10-K__0000883569-24-000007__Item_4__chunk_0000,FOSL,Item_4,0,16,too_short
FOSL__10-K__0000883569-24-000007__Item_7A__chunk_0000,FOSL,Item_7A,0,22,too_short
FOSL__10-K__0000883569-24-000007__Item_9C__chunk_0000,FOSL,Item_9C,0,18,too_short
FOSL__10-K__0000883569-24-000007__Part_II__chunk_0000,FOSL,Part_II,0,2,too_short
FOSL__10-K__0000883569-24-000007__Part_IV__chunk_0000,FOSL,Part_IV,0,2,too_short
FOSL__10-K__0000883569-25-000010__Item_4__chunk_0000,FOSL,Item_4,0,16,too_short
FOSL__10-K__0000883569-25-000010__Item_7A__chunk_0000,FOSL,Item_7A,0,22,too_short
FOSL__10-K__0000883569-25-000010__Item_9C__chunk_0000,FOSL,Item_9C,0,18,too_short
FOSL__10-K__0000883569-25-000010__Part_II__chunk_0000,FOSL,Part_II,0,2,too_short
FOSL__10-K__0000883569-25-000010__Part_IV__chunk_0000,FOSL,Part_IV,0,2,too_short
FOSL__10-K__0000883569-26-000017__Item_4__chunk_0000,FOSL,Item_4,0,16,too_short
FOSL__10-K__0000883569-26-000017__Item_7A__chunk_0000,FOSL,Item_7A,0,22,too_short
FOSL__10-K__0000883569-26-000017__Item_9C__chunk_0000,FOSL,Item_9C,0,18,too_short
FOSL__10-K__0000883569-26-000017__Part_II__chunk_0000,FOSL,Part_II,0,2,too_short
FOSL__10-K__0000883569-26-000017__Part_IV__chunk_0000,FOSL,Part_IV,0,2,too_short
GAP__10-K__0000039911-24-000066__Item_3__chunk_0000,GAP,Item_3,0,30,too_short
GAP__10-K__0000039911-24-000066__Item_4__chunk_0000,GAP,Item_4,0,14,too_short
GAP__10-K__0000039911-24-000066__Item_6__chunk_0000,GAP,Item_6,0,9,too_short
GAP__10-K__0000039911-24-000066__Item_9C__chunk_0000,GAP,Item_9C,0,21,too_short
GAP__10-K__0000039911-24-000066__Part_II__chunk_0000,GAP,Part_II,0,2,too_short
GAP__10-K__0000039911-24-000066__Part_III__chunk_0000,GAP,Part_III,0,2,too_short
GAP__10-K__0000039911-24-000066__Part_IV__chunk_0000,GAP,Part_IV,0,2,too_short
GAP__10-K__0000039911-25-000029__Item_3__chunk_0000,GAP,Item_3,0,30,too_short
GAP__10-K__0000039911-25-000029__Item_4__chunk_0000,GAP,Item_4,0,14,too_short
GAP__10-K__0000039911-25-000029__Item_6__chunk_0000,GAP,Item_6,0,9,too_short
GAP__10-K__0000039911-25-000029__Item_9C__chunk_0000,GAP,Item_9C,0,19,too_short
GAP__10-K__0000039911-25-000029__Part_II__chunk_0000,GAP,Part_II,0,2,too_short
GAP__10-K__0000039911-25-000029__Part_III__chunk_0000,GAP,Part_III,0,2,too_short
GAP__10-K__0000039911-25-000029__Part_IV__chunk_0000,GAP,Part_IV,0,2,too_short
GAP__10-K__0001628280-26-018573__Item_4__chunk_0000,GAP,Item_4,0,14,too_short
GAP__10-K__0001628280-26-018573__Item_6__chunk_0000,GAP,Item_6,0,9,too_short
GAP__10-K__0001628280-26-018573__Item_9C__chunk_0000,GAP,Item_9C,0,19,too_short
GAP__10-K__0001628280-26-018573__Part_II__chunk_0000,GAP,Part_II,0,2,too_short
GAP__10-K__0001628280-26-018573__Part_III__chunk_0000,GAP,Part_III,0,2,too_short
GAP__10-K__0001628280-26-018573__Part_IV__chunk_0000,GAP,Part_IV,0,2,too_short
GCO__10-K__0000950170-24-036902__Item_1B__chunk_0000,GCO,Item_1B,0,15,too_short
GCO__10-K__0000950170-24-036902__Item_4__chunk_0000,GCO,Item_4,0,17,too_short
GCO__10-K__0000950170-24-036902__Item_6__chunk_0000,GCO,Item_6,0,9,too_short
GCO__10-K__0000950170-24-036902__Item_9__chunk_0000,GCO,Item_9,0,33,too_short
GCO__10-K__0000950170-24-036902__Part_IV__chunk_0000,GCO,Part_IV,0,2,too_short
GCO__10-K__0000950170-25-044864__Item_1B__chunk_0000,GCO,Item_1B,0,15,too_short
GCO__10-K__0000950170-25-044864__Item_4__chunk_0000,GCO,Item_4,0,18,too_short
GCO__10-K__0000950170-25-044864__Item_6__chunk_0000,GCO,Item_6,0,7,too_short
GCO__10-K__0000950170-25-044864__Item_9__chunk_0000,GCO,Item_9,0,33,too_short
GCO__10-K__0000950170-25-044864__Part_IV__chunk_0000,GCO,Part_IV,0,2,too_short
GCO__10-K__0001193125-26-123492__Item_1B__chunk_0000,GCO,Item_1B,0,15,too_short
GCO__10-K__0001193125-26-123492__Item_4__chunk_0000,GCO,Item_4,0,17,too_short
GCO__10-K__0001193125-26-123492__Item_6__chunk_0000,GCO,Item_6,0,7,too_short
GCO__10-K__0001193125-26-123492__Item_9__chunk_0000,GCO,Item_9,0,32,too_short
GES__10-K__0000912463-23-000014__Item_3__chunk_0000,GES,Item_3,0,42,too_short
GES__10-K__0000912463-23-000014__Item_4__chunk_0000,GES,Item_4,0,17,too_short
GES__10-K__0000912463-23-000014__Item_6__chunk_0000,GES,Item_6,0,6,too_short
GES__10-K__0000912463-23-000014__Item_9B__chunk_0000,GES,Item_9B,0,10,too_short
GES__10-K__0000912463-23-000014__Item_9C__chunk_0000,GES,Item_9C,0,20,too_short
GES__10-K__0000912463-23-000014__Part_II__chunk_0000,GES,Part_II,0,2,too_short
GES__10-K__0000912463-23-000014__Part_III__chunk_0000,GES,Part_III,0,2,too_short
GES__10-K__0000912463-24-000029__Item_3__chunk_0000,GES,Item_3,0,42,too_short
GES__10-K__0000912463-24-000029__Item_4__chunk_0000,GES,Item_4,0,12,too_short
GES__10-K__0000912463-24-000029__Item_6__chunk_0000,GES,Item_6,0,6,too_short
GES__10-K__0000912463-24-000029__Item_9C__chunk_0000,GES,Item_9C,0,20,too_short
GES__10-K__0000912463-24-000029__Part_II__chunk_0000,GES,Part_II,0,2,too_short
GES__10-K__0000912463-24-000029__Part_III__chunk_0000,GES,Part_III,0,2,too_short
GES__10-K__0000912463-25-000028__Item_4__chunk_0000,GES,Item_4,0,12,too_short
GES__10-K__0000912463-25-000028__Item_6__chunk_0000,GES,Item_6,0,7,too_short
GES__10-K__0000912463-25-000028__Item_9C__chunk_0000,GES,Item_9C,0,20,too_short
GES__10-K__0000912463-25-000028__Part_II__chunk_0000,GES,Part_II,0,2,too_short
GES__10-K__0000912463-25-000028__Part_III__chunk_0000,GES,Part_III,0,2,too_short
GIII__10-K__0001104659-26-033891__Item_4__chunk_0000,GIII,Item_4,0,21,too_short
GIII__10-K__0001104659-26-033891__Item_6__chunk_0000,GIII,Item_6,0,8,too_short
GIII__10-K__0001104659-26-033891__Item_8__chunk_0000,GIII,Item_8,0,38,too_short
GIII__10-K__0001104659-26-033891__Item_9C__chunk_0000,GIII,Item_9C,0,32,too_short
GIII__10-K__0001558370-24-003856__Item_4__chunk_0000,GIII,Item_4,0,21,too_short
GIII__10-K__0001558370-24-003856__Item_6__chunk_0000,GIII,Item_6,0,12,too_short
GIII__10-K__0001558370-24-003856__Item_8__chunk_0000,GIII,Item_8,0,38,too_short
GIII__10-K__0001558370-24-003856__Item_9C__chunk_0000,GIII,Item_9C,0,38,too_short
GIII__10-K__0001558370-25-003540__Item_4__chunk_0000,GIII,Item_4,0,27,too_short
GIII__10-K__0001558370-25-003540__Item_6__chunk_0000,GIII,Item_6,0,8,too_short
GIII__10-K__0001558370-25-003540__Item_8__chunk_0000,GIII,Item_8,0,38,too_short
GIII__10-K__0001558370-25-003540__Item_9C__chunk_0000,GIII,Item_9C,0,38,too_short
GME__10-K__0001326380-24-000012__Item_11__chunk_0000,GME,Item_11,0,11,too_short
GME__10-K__0001326380-24-000012__Item_12__chunk_0000,GME,Item_12,0,25,too_short
GME__10-K__0001326380-24-000012__Item_4__chunk_0000,GME,Item_4,0,17,too_short
GME__10-K__0001326380-24-000012__Item_9C__chunk_0000,GME,Item_9C,0,27,too_short
GME__10-K__0001326380-24-000012__Part_I__chunk_0000,GME,Part_I,0,2,too_short
GME__10-K__0001326380-26-000013__Item_11__chunk_0000,GME,Item_11,0,11,too_short
GME__10-K__0001326380-26-000013__Item_12__chunk_0000,GME,Item_12,0,25,too_short
GME__10-K__0001326380-26-000013__Item_4__chunk_0000,GME,Item_4,0,17,too_short
GME__10-K__0001326380-26-000013__Item_9C__chunk_0000,GME,Item_9C,0,27,too_short
GME__10-K__0001628280-25-014731__Item_11__chunk_0000,GME,Item_11,0,11,too_short
GME__10-K__0001628280-25-014731__Item_12__chunk_0000,GME,Item_12,0,25,too_short
GME__10-K__0001628280-25-014731__Item_4__chunk_0000,GME,Item_4,0,17,too_short
GME__10-K__0001628280-25-014731__Item_9C__chunk_0000,GME,Item_9C,0,27,too_short
GME__10-K__0001628280-25-014731__Part_I__chunk_0000,GME,Part_I,0,2,too_short
GO__10-K__0001771515-24-000016__Item_4__chunk_0000,GO,Item_4,0,20,too_short
GO__10-K__0001771515-24-000016__Item_9C__chunk_0000,GO,Item_9C,0,30,too_short
GO__10-K__0001771515-24-000016__Part_I__chunk_0000,GO,Part_I,0,2,too_short
GO__10-K__0001771515-24-000016__Part_IV__chunk_0000,GO,Part_IV,0,2,too_short
GO__10-K__0001771515-25-000017__Item_4__chunk_0000,GO,Item_4,0,20,too_short
GO__10-K__0001771515-25-000017__Item_9C__chunk_0000,GO,Item_9C,0,30,too_short
GO__10-K__0001771515-25-000017__Part_IV__chunk_0000,GO,Part_IV,0,2,too_short
GO__10-K__0001771515-26-000015__Item_4__chunk_0000,GO,Item_4,0,20,too_short
GO__10-K__0001771515-26-000015__Item_9C__chunk_0000,GO,Item_9C,0,30,too_short
GO__10-K__0001771515-26-000015__Part_IV__chunk_0000,GO,Part_IV,0,2,too_short
GPI__10-K__0001031203-24-000013__Item_3__chunk_0000,GPI,Item_3,0,34,too_short
GPI__10-K__0001031203-24-000013__Item_4__chunk_0000,GPI,Item_4,0,14,too_short
GPI__10-K__0001031203-24-000013__Item_9C__chunk_0000,GPI,Item_9C,0,17,too_short
GPI__10-K__0001031203-24-000013__Part_IV__chunk_0000,GPI,Part_IV,0,2,too_short
GPI__10-K__0001031203-25-000013__Item_3__chunk_0000,GPI,Item_3,0,34,too_short
GPI__10-K__0001031203-25-000013__Item_4__chunk_0000,GPI,Item_4,0,14,too_short
GPI__10-K__0001031203-25-000013__Item_9C__chunk_0000,GPI,Item_9C,0,17,too_short
GPI__10-K__0001031203-25-000013__Part_IV__chunk_0000,GPI,Part_IV,0,2,too_short
GPI__10-K__0001031203-26-000064__Item_3__chunk_0000,GPI,Item_3,0,34,too_short
GPI__10-K__0001031203-26-000064__Item_4__chunk_0000,GPI,Item_4,0,14,too_short
GPI__10-K__0001031203-26-000064__Item_9C__chunk_0000,GPI,Item_9C,0,17,too_short
GPI__10-K__0001031203-26-000064__Part_IV__chunk_0000,GPI,Part_IV,0,2,too_short
GPRO__10-K__0001500435-24-000021__Item_1B__chunk_0000,GPRO,Item_1B,0,12,too_short
GPRO__10-K__0001500435-24-000021__Item_4__chunk_0000,GPRO,Item_4,0,11,too_short
GPRO__10-K__0001500435-24-000021__Item_9C__chunk_0000,GPRO,Item_9C,0,20,too_short
GPRO__10-K__0001500435-24-000021__Part_II__chunk_0000,GPRO,Part_II,0,2,too_short
GPRO__10-K__0001500435-26-000006__Item_1B__chunk_0000,GPRO,Item_1B,0,14,too_short
GPRO__10-K__0001500435-26-000006__Item_4__chunk_0000,GPRO,Item_4,0,13,too_short
GPRO__10-K__0001500435-26-000006__Item_9C__chunk_0000,GPRO,Item_9C,0,18,too_short
GPRO__10-K__0001500435-26-000006__Part_II__chunk_0000,GPRO,Part_II,0,2,too_short
GPRO__10-K__0001628280-25-013046__Item_1B__chunk_0000,GPRO,Item_1B,0,12,too_short
GPRO__10-K__0001628280-25-013046__Item_4__chunk_0000,GPRO,Item_4,0,11,too_short
GPRO__10-K__0001628280-25-013046__Item_9C__chunk_0000,GPRO,Item_9C,0,20,too_short
GPRO__10-K__0001628280-25-013046__Part_II__chunk_0000,GPRO,Part_II,0,2,too_short
GROV__10-K__0001628280-24-012257__Item_4__chunk_0000,GROV,Item_4,0,13,too_short
GROV__10-K__0001628280-24-012257__Item_9C__chunk_0000,GROV,Item_9C,0,21,too_short
GROV__10-K__0001628280-24-012257__Part_IV__chunk_0000,GROV,Part_IV,0,2,too_short
GROV__10-K__0001628280-25-013839__Item_4__chunk_0000,GROV,Item_4,0,14,too_short
GROV__10-K__0001628280-25-013839__Item_9C__chunk_0000,GROV,Item_9C,0,21,too_short
GROV__10-K__0001628280-25-013839__Part_IV__chunk_0000,GROV,Part_IV,0,2,too_short
GROV__10-K__0001841761-26-000010__Item_4__chunk_0000,GROV,Item_4,0,14,too_short
GROV__10-K__0001841761-26-000010__Item_9C__chunk_0000,GROV,Item_9C,0,22,too_short
GROV__10-K__0001841761-26-000010__Part_IV__chunk_0000,GROV,Part_IV,0,2,too_short
GRPN__10-K__0001490281-24-000024__Item_4__chunk_0000,GRPN,Item_4,0,17,too_short
GRPN__10-K__0001490281-24-000024__Item_9C__chunk_0000,GRPN,Item_9C,0,27,too_short
GRPN__10-K__0001490281-24-000024__Part_IV__chunk_0000,GRPN,Part_IV,0,2,too_short
GRPN__10-K__0001490281-25-000005__Item_4__chunk_0000,GRPN,Item_4,0,17,too_short
GRPN__10-K__0001490281-25-000005__Item_9C__chunk_0000,GRPN,Item_9C,0,27,too_short
GRPN__10-K__0001490281-25-000005__Part_IV__chunk_0000,GRPN,Part_IV,0,2,too_short
GRPN__10-K__0001628280-26-016429__Item_4__chunk_0000,GRPN,Item_4,0,17,too_short
GRPN__10-K__0001628280-26-016429__Item_9C__chunk_0000,GRPN,Item_9C,0,27,too_short
GRPN__10-K__0001628280-26-016429__Part_IV__chunk_0000,GRPN,Part_IV,0,2,too_short
GRWG__10-K__0001604868-26-000004__Item_4__chunk_0000,GRWG,Item_4,0,20,too_short
GRWG__10-K__0001604868-26-000004__Item_9B__chunk_0000,GRWG,Item_9B,0,10,too_short
GRWG__10-K__0001604868-26-000004__Item_9C__chunk_0000,GRWG,Item_9C,0,21,too_short
GRWG__10-K__0001604868-26-000004__Part_II__chunk_0000,GRWG,Part_II,0,2,too_short
GRWG__10-K__0001604868-26-000004__Part_IV__chunk_0000,GRWG,Part_IV,0,2,too_short
GRWG__10-K__0001628280-24-010996__Item_4__chunk_0000,GRWG,Item_4,0,20,too_short
GRWG__10-K__0001628280-24-010996__Item_9B__chunk_0000,GRWG,Item_9B,0,10,too_short
GRWG__10-K__0001628280-24-010996__Item_9C__chunk_0000,GRWG,Item_9C,0,21,too_short
GRWG__10-K__0001628280-24-010996__Part_II__chunk_0000,GRWG,Part_II,0,2,too_short
GRWG__10-K__0001628280-24-010996__Part_IV__chunk_0000,GRWG,Part_IV,0,2,too_short
GRWG__10-K__0001628280-25-012661__Item_4__chunk_0000,GRWG,Item_4,0,20,too_short
GRWG__10-K__0001628280-25-012661__Item_9B__chunk_0000,GRWG,Item_9B,0,10,too_short
GRWG__10-K__0001628280-25-012661__Item_9C__chunk_0000,GRWG,Item_9C,0,21,too_short
GRWG__10-K__0001628280-25-012661__Part_II__chunk_0000,GRWG,Part_II,0,2,too_short
GRWG__10-K__0001628280-25-012661__Part_IV__chunk_0000,GRWG,Part_IV,0,2,too_short
HBB__10-K__0001709164-24-000011__Item_4__chunk_0000,HBB,Item_4,0,15,too_short
HBB__10-K__0001709164-24-000011__Item_9C__chunk_0000,HBB,Item_9C,0,26,too_short
HBB__10-K__0001709164-24-000011__Part_IV__chunk_0000,HBB,Part_IV,0,2,too_short
HBB__10-K__0001709164-25-000008__Item_1B__chunk_0000,HBB,Item_1B,0,20,too_short
HBB__10-K__0001709164-25-000008__Item_4__chunk_0000,HBB,Item_4,0,15,too_short
HBB__10-K__0001709164-25-000008__Item_9C__chunk_0000,HBB,Item_9C,0,26,too_short
HBB__10-K__0001709164-25-000008__Part_IV__chunk_0000,HBB,Part_IV,0,2,too_short
HBB__10-K__0001709164-26-000037__Item_1B__chunk_0000,HBB,Item_1B,0,15,too_short
HBB__10-K__0001709164-26-000037__Item_9C__chunk_0000,HBB,Item_9C,0,26,too_short
HBB__10-K__0001709164-26-000037__Part_IV__chunk_0000,HBB,Part_IV,0,2,too_short
HD__10-K__0000354950-24-000062__Item_4__chunk_0000,HD,Item_4,0,22,too_short
HD__10-K__0000354950-24-000062__Item_6__chunk_0000,HD,Item_6,0,6,too_short
HD__10-K__0000354950-24-000062__Item_9C__chunk_0000,HD,Item_9C,0,19,too_short
HD__10-K__0000354950-24-000062__Part_II__chunk_0000,HD,Part_II,0,2,too_short
HD__10-K__0000354950-24-000062__Part_III__chunk_0000,HD,Part_III,0,2,too_short
HD__10-K__0000354950-24-000062__Part_IV__chunk_0000,HD,Part_IV,0,2,too_short
HD__10-K__0000354950-25-000085__Item_4__chunk_0000,HD,Item_4,0,22,too_short
HD__10-K__0000354950-25-000085__Item_6__chunk_0000,HD,Item_6,0,6,too_short
HD__10-K__0000354950-25-000085__Item_9C__chunk_0000,HD,Item_9C,0,19,too_short
HD__10-K__0000354950-25-000085__Part_II__chunk_0000,HD,Part_II,0,2,too_short
HD__10-K__0000354950-25-000085__Part_III__chunk_0000,HD,Part_III,0,2,too_short
HD__10-K__0000354950-25-000085__Part_IV__chunk_0000,HD,Part_IV,0,2,too_short
HD__10-K__0001628280-26-019436__Item_4__chunk_0000,HD,Item_4,0,22,too_short
HD__10-K__0001628280-26-019436__Item_6__chunk_0000,HD,Item_6,0,6,too_short
HD__10-K__0001628280-26-019436__Item_9C__chunk_0000,HD,Item_9C,0,19,too_short
HD__10-K__0001628280-26-019436__Part_II__chunk_0000,HD,Part_II,0,2,too_short
HD__10-K__0001628280-26-019436__Part_III__chunk_0000,HD,Part_III,0,2,too_short
HD__10-K__0001628280-26-019436__Part_IV__chunk_0000,HD,Part_IV,0,2,too_short
HOFT__10-K__0001185185-24-000378__Item_16__chunk_0000,HOFT,Item_16,0,17,too_short
HOFT__10-K__0001185185-24-000378__Item_1B__chunk_0000,HOFT,Item_1B,0,15,too_short
HOFT__10-K__0001185185-24-000378__Item_3__chunk_0000,HOFT,Item_3,0,11,too_short
HOFT__10-K__0001185185-24-000378__Item_9__chunk_0000,HOFT,Item_9,0,35,too_short
HOFT__10-K__0001185185-24-000378__Item_9C__chunk_0000,HOFT,Item_9C,0,40,too_short
HOFT__10-K__0001185185-24-000378__Part_II__chunk_0000,HOFT,Part_II,0,2,too_short
HOFT__10-K__0001185185-24-000378__Part_IV__chunk_0000,HOFT,Part_IV,0,2,too_short
HOFT__10-K__0001185185-25-000321__Item_16__chunk_0000,HOFT,Item_16,0,17,too_short
HOFT__10-K__0001185185-25-000321__Item_1B__chunk_0000,HOFT,Item_1B,0,20,too_short
HOFT__10-K__0001185185-25-000321__Item_3__chunk_0000,HOFT,Item_3,0,12,too_short
HOFT__10-K__0001185185-25-000321__Item_6__chunk_0000,HOFT,Item_6,0,13,too_short
HOFT__10-K__0001185185-25-000321__Item_9__chunk_0000,HOFT,Item_9,0,35,too_short
HOFT__10-K__0001185185-25-000321__Item_9C__chunk_0000,HOFT,Item_9C,0,40,too_short
HOFT__10-K__0001185185-25-000321__Part_I__chunk_0000,HOFT,Part_I,0,2,too_short
HOFT__10-K__0001185185-25-000321__Part_II__chunk_0000,HOFT,Part_II,0,2,too_short
HOFT__10-K__0001185185-25-000321__Part_IV__chunk_0000,HOFT,Part_IV,0,2,too_short
HOFT__10-K__0001185185-26-001420__Item_16__chunk_0000,HOFT,Item_16,0,17,too_short
HOFT__10-K__0001185185-26-001420__Item_1B__chunk_0000,HOFT,Item_1B,0,15,too_short
HOFT__10-K__0001185185-26-001420__Item_3__chunk_0000,HOFT,Item_3,0,12,too_short
HOFT__10-K__0001185185-26-001420__Item_6__chunk_0000,HOFT,Item_6,0,8,too_short
HOFT__10-K__0001185185-26-001420__Item_8__chunk_0000,HOFT,Item_8,0,21,too_short
HOFT__10-K__0001185185-26-001420__Item_9__chunk_0000,HOFT,Item_9,0,30,too_short
HOFT__10-K__0001185185-26-001420__Item_9C__chunk_0000,HOFT,Item_9C,0,40,too_short
HOFT__10-K__0001185185-26-001420__Part_I__chunk_0000,HOFT,Part_I,0,2,too_short
HOFT__10-K__0001185185-26-001420__Part_IV__chunk_0000,HOFT,Part_IV,0,2,too_short
HOUR__10-K__0001641172-25-000930__Item_1B__chunk_0000,HOUR,Item_1B,0,15,too_short
HOUR__10-K__0001641172-25-000930__Item_4__chunk_0000,HOUR,Item_4,0,16,too_short
HOUR__10-K__0001641172-25-000930__Item_6__chunk_0000,HOUR,Item_6,0,5,too_short
HOUR__10-K__0001641172-25-000930__Item_7A__chunk_0000,HOUR,Item_7A,0,26,too_short
HOUR__10-K__0001641172-25-000930__Item_8__chunk_0000,HOUR,Item_8,0,40,too_short
HOUR__10-K__0001641172-25-000930__Item_9__chunk_0000,HOUR,Item_9,0,31,too_short
HOUR__10-K__0001641172-25-000930__Item_9B__chunk_0000,HOUR,Item_9B,0,10,too_short
HOUR__10-K__0001641172-25-000930__Item_9C__chunk_0000,HOUR,Item_9C,0,27,too_short
HOUR__10-K__0001641172-25-000930__Part_I__chunk_0000,HOUR,Part_I,0,2,too_short
HOUR__10-K__0001641172-25-000930__Part_II__chunk_0000,HOUR,Part_II,0,2,too_short
HOUR__10-K__0001641172-25-000930__Part_III__chunk_0000,HOUR,Part_III,0,2,too_short
HOUR__10-K__0001641172-25-000930__Part_IV__chunk_0000,HOUR,Part_IV,0,2,too_short
HVT__10-K__0001628280-24-009586__Item_14__chunk_0000,HVT,Item_14,0,39,too_short
HVT__10-K__0001628280-24-009586__Item_9__chunk_0000,HVT,Item_9,0,29,too_short
HVT__10-K__0001628280-24-009586__Item_9B__chunk_0000,HVT,Item_9B,0,8,too_short
HVT__10-K__0001628280-24-009586__Item_9C__chunk_0000,HVT,Item_9C,0,26,too_short
HVT__10-K__0001628280-24-009586__Part_I__chunk_0000,HVT,Part_I,0,2,too_short
HVT__10-K__0001628280-24-009586__Part_III__chunk_0000,HVT,Part_III,0,2,too_short
HVT__10-K__0001628280-24-009586__Part_IV__chunk_0000,HVT,Part_IV,0,2,too_short
HVT__10-K__0001628280-25-010869__Item_14__chunk_0000,HVT,Item_14,0,39,too_short
HVT__10-K__0001628280-25-010869__Item_9__chunk_0000,HVT,Item_9,0,29,too_short
HVT__10-K__0001628280-25-010869__Item_9B__chunk_0000,HVT,Item_9B,0,8,too_short
HVT__10-K__0001628280-25-010869__Item_9C__chunk_0000,HVT,Item_9C,0,26,too_short
HVT__10-K__0001628280-25-010869__Part_I__chunk_0000,HVT,Part_I,0,2,too_short
HVT__10-K__0001628280-25-010869__Part_III__chunk_0000,HVT,Part_III,0,2,too_short
HVT__10-K__0001628280-25-010869__Part_IV__chunk_0000,HVT,Part_IV,0,2,too_short
HVT__10-K__0001628280-26-012199__Item_14__chunk_0000,HVT,Item_14,0,39,too_short
HVT__10-K__0001628280-26-012199__Item_9__chunk_0000,HVT,Item_9,0,33,too_short
HVT__10-K__0001628280-26-012199__Item_9B__chunk_0000,HVT,Item_9B,0,8,too_short
HVT__10-K__0001628280-26-012199__Item_9C__chunk_0000,HVT,Item_9C,0,26,too_short
HVT__10-K__0001628280-26-012199__Part_I__chunk_0000,HVT,Part_I,0,2,too_short
HVT__10-K__0001628280-26-012199__Part_III__chunk_0000,HVT,Part_III,0,2,too_short
HVT__10-K__0001628280-26-012199__Part_IV__chunk_0000,HVT,Part_IV,0,2,too_short
HZO__10-K__0000950170-23-064785__Item_11__chunk_0000,HZO,Item_11,0,36,too_short
HZO__10-K__0000950170-23-064785__Item_13__chunk_0000,HZO,Item_13,0,44,too_short
HZO__10-K__0000950170-23-064785__Item_14__chunk_0000,HZO,Item_14,0,48,too_short
HZO__10-K__0000950170-23-064785__Item_16__chunk_0000,HZO,Item_16,0,13,too_short
HZO__10-K__0000950170-23-064785__Item_1B__chunk_0000,HZO,Item_1B,0,14,too_short
HZO__10-K__0000950170-23-064785__Item_1C__chunk_0000,HZO,Item_1C,0,11,too_short
HZO__10-K__0000950170-23-064785__Item_4__chunk_0000,HZO,Item_4,0,15,too_short
HZO__10-K__0000950170-23-064785__Item_6__chunk_0000,HZO,Item_6,0,8,too_short
HZO__10-K__0000950170-23-064785__Item_9__chunk_0000,HZO,Item_9,0,23,too_short
HZO__10-K__0000950170-23-064785__Item_9C__chunk_0000,HZO,Item_9C,0,20,too_short
HZO__10-K__0000950170-24-127036__Item_11__chunk_0000,HZO,Item_11,0,36,too_short
HZO__10-K__0000950170-24-127036__Item_13__chunk_0000,HZO,Item_13,0,44,too_short
HZO__10-K__0000950170-24-127036__Item_14__chunk_0000,HZO,Item_14,0,48,too_short
HZO__10-K__0000950170-24-127036__Item_16__chunk_0000,HZO,Item_16,0,13,too_short
HZO__10-K__0000950170-24-127036__Item_1B__chunk_0000,HZO,Item_1B,0,15,too_short
HZO__10-K__0000950170-24-127036__Item_4__chunk_0000,HZO,Item_4,0,14,too_short
HZO__10-K__0000950170-24-127036__Item_6__chunk_0000,HZO,Item_6,0,8,too_short
HZO__10-K__0000950170-24-127036__Item_9__chunk_0000,HZO,Item_9,0,23,too_short
HZO__10-K__0000950170-24-127036__Item_9C__chunk_0000,HZO,Item_9C,0,19,too_short
HZO__10-K__0001193125-25-284680__Item_9C__chunk_0000,HZO,Item_9C,0,19,too_short
IMKTA__10-K__0000050493-23-000021__Item_1B__chunk_0000,IMKTA,Item_1B,0,15,too_short
IMKTA__10-K__0000050493-23-000021__Item_1C__chunk_0000,IMKTA,Item_1C,0,14,too_short
IMKTA__10-K__0000050493-23-000021__Item_4__chunk_0000,IMKTA,Item_4,0,16,too_short
IMKTA__10-K__0000050493-23-000021__Item_6__chunk_0000,IMKTA,Item_6,0,7,too_short
IMKTA__10-K__0000050493-23-000021__Item_9__chunk_0000,IMKTA,Item_9,0,30,too_short
IMKTA__10-K__0000050493-23-000021__Item_9C__chunk_0000,IMKTA,Item_9C,0,27,too_short
IMKTA__10-K__0000050493-23-000021__Part_I__chunk_0000,IMKTA,Part_I,0,2,too_short
IMKTA__10-K__0000050493-23-000021__Part_II__chunk_0000,IMKTA,Part_II,0,2,too_short
IMKTA__10-K__0000050493-23-000021__Part_III__chunk_0000,IMKTA,Part_III,0,2,too_short
IMKTA__10-K__0000050493-23-000021__Part_IV__chunk_0000,IMKTA,Part_IV,0,2,too_short
IMKTA__10-K__0000050493-24-000018__Item_1B__chunk_0000,IMKTA,Item_1B,0,15,too_short
IMKTA__10-K__0000050493-24-000018__Item_4__chunk_0000,IMKTA,Item_4,0,16,too_short
IMKTA__10-K__0000050493-24-000018__Item_6__chunk_0000,IMKTA,Item_6,0,7,too_short
IMKTA__10-K__0000050493-24-000018__Item_9__chunk_0000,IMKTA,Item_9,0,30,too_short
IMKTA__10-K__0000050493-24-000018__Item_9C__chunk_0000,IMKTA,Item_9C,0,27,too_short
IMKTA__10-K__0000050493-24-000018__Part_I__chunk_0000,IMKTA,Part_I,0,2,too_short
IMKTA__10-K__0000050493-24-000018__Part_II__chunk_0000,IMKTA,Part_II,0,2,too_short
IMKTA__10-K__0000050493-24-000018__Part_III__chunk_0000,IMKTA,Part_III,0,2,too_short
IMKTA__10-K__0000050493-24-000018__Part_IV__chunk_0000,IMKTA,Part_IV,0,2,too_short
IMKTA__10-K__0000050493-25-000019__Item_1B__chunk_0000,IMKTA,Item_1B,0,15,too_short
IMKTA__10-K__0000050493-25-000019__Item_4__chunk_0000,IMKTA,Item_4,0,16,too_short
IMKTA__10-K__0000050493-25-000019__Item_6__chunk_0000,IMKTA,Item_6,0,7,too_short
IMKTA__10-K__0000050493-25-000019__Item_9__chunk_0000,IMKTA,Item_9,0,30,too_short
IMKTA__10-K__0000050493-25-000019__Item_9C__chunk_0000,IMKTA,Item_9C,0,27,too_short
IMKTA__10-K__0000050493-25-000019__Part_I__chunk_0000,IMKTA,Part_I,0,2,too_short
IMKTA__10-K__0000050493-25-000019__Part_II__chunk_0000,IMKTA,Part_II,0,2,too_short
IMKTA__10-K__0000050493-25-000019__Part_III__chunk_0000,IMKTA,Part_III,0,2,too_short
IMKTA__10-K__0000050493-25-000019__Part_IV__chunk_0000,IMKTA,Part_IV,0,2,too_short
JILL__10-K__0000950170-24-041871__Item_11__chunk_0000,JILL,Item_11,0,30,too_short
JILL__10-K__0000950170-24-041871__Item_12__chunk_0000,JILL,Item_12,0,42,too_short
JILL__10-K__0000950170-24-041871__Item_13__chunk_0000,JILL,Item_13,0,35,too_short
JILL__10-K__0000950170-24-041871__Item_14__chunk_0000,JILL,Item_14,0,35,too_short
JILL__10-K__0000950170-24-041871__Item_16__chunk_0000,JILL,Item_16,0,13,too_short
JILL__10-K__0000950170-24-041871__Item_1B__chunk_0000,JILL,Item_1B,0,13,too_short
JILL__10-K__0000950170-24-041871__Item_4__chunk_0000,JILL,Item_4,0,15,too_short
JILL__10-K__0000950170-24-041871__Item_6__chunk_0000,JILL,Item_6,0,8,too_short
JILL__10-K__0000950170-24-041871__Item_8__chunk_0000,JILL,Item_8,0,44,too_short
JILL__10-K__0000950170-24-041871__Item_9__chunk_0000,JILL,Item_9,0,23,too_short
JILL__10-K__0000950170-24-041871__Item_9B__chunk_0000,JILL,Item_9B,0,11,too_short
JILL__10-K__0000950170-24-041871__Item_9C__chunk_0000,JILL,Item_9C,0,20,too_short
JILL__10-K__0000950170-25-048494__Item_11__chunk_0000,JILL,Item_11,0,30,too_short
JILL__10-K__0000950170-25-048494__Item_12__chunk_0000,JILL,Item_12,0,42,too_short
JILL__10-K__0000950170-25-048494__Item_13__chunk_0000,JILL,Item_13,0,35,too_short
JILL__10-K__0000950170-25-048494__Item_14__chunk_0000,JILL,Item_14,0,35,too_short
JILL__10-K__0000950170-25-048494__Item_16__chunk_0000,JILL,Item_16,0,13,too_short
JILL__10-K__0000950170-25-048494__Item_4__chunk_0000,JILL,Item_4,0,15,too_short
JILL__10-K__0000950170-25-048494__Item_6__chunk_0000,JILL,Item_6,0,8,too_short
JILL__10-K__0000950170-25-048494__Item_8__chunk_0000,JILL,Item_8,0,44,too_short
JILL__10-K__0000950170-25-048494__Item_9__chunk_0000,JILL,Item_9,0,23,too_short
JILL__10-K__0000950170-25-048494__Item_9C__chunk_0000,JILL,Item_9C,0,20,too_short
JILL__10-K__0001193125-26-134566__Item_14__chunk_0000,JILL,Item_14,0,34,too_short
JILL__10-K__0001193125-26-134566__Item_3__chunk_0000,JILL,Item_3,0,8,too_short
JILL__10-K__0001193125-26-134566__Item_4__chunk_0000,JILL,Item_4,0,14,too_short
JILL__10-K__0001193125-26-134566__Item_9C__chunk_0000,JILL,Item_9C,0,19,too_short
JRSH__10-K__0001213900-24-057324__Item_11__chunk_0000,JRSH,Item_11,0,45,too_short
JRSH__10-K__0001213900-24-057324__Item_16__chunk_0000,JRSH,Item_16,0,13,too_short
JRSH__10-K__0001213900-24-057324__Item_1B__chunk_0000,JRSH,Item_1B,0,12,too_short
JRSH__10-K__0001213900-24-057324__Item_30__chunk_0000,JRSH,Item_30,0,13,too_short
JRSH__10-K__0001213900-24-057324__Item_4__chunk_0000,JRSH,Item_4,0,13,too_short
JRSH__10-K__0001213900-24-057324__Item_6__chunk_0000,JRSH,Item_6,0,7,too_short
JRSH__10-K__0001213900-24-057324__Item_7A__chunk_0000,JRSH,Item_7A,0,20,too_short
JRSH__10-K__0001213900-24-057324__Item_9C__chunk_0000,JRSH,Item_9C,0,21,too_short
JRSH__10-K__0001213900-24-057324__Part_I__chunk_0000,JRSH,Part_I,0,2,too_short
JRSH__10-K__0001213900-24-057324__Part_II__chunk_0000,JRSH,Part_II,0,2,too_short
JRSH__10-K__0001213900-24-057324__Part_III__chunk_0000,JRSH,Part_III,0,2,too_short
JRSH__10-K__0001213900-24-057324__Part_IV__chunk_0000,JRSH,Part_IV,0,2,too_short
JRSH__10-K__0001213900-25-057935__Item_11__chunk_0000,JRSH,Item_11,0,45,too_short
JRSH__10-K__0001213900-25-057935__Item_16__chunk_0000,JRSH,Item_16,0,13,too_short
JRSH__10-K__0001213900-25-057935__Item_1B__chunk_0000,JRSH,Item_1B,0,12,too_short
JRSH__10-K__0001213900-25-057935__Item_4__chunk_0000,JRSH,Item_4,0,13,too_short
JRSH__10-K__0001213900-25-057935__Item_6__chunk_0000,JRSH,Item_6,0,7,too_short
JRSH__10-K__0001213900-25-057935__Item_7A__chunk_0000,JRSH,Item_7A,0,20,too_short
JRSH__10-K__0001213900-25-057935__Item_9C__chunk_0000,JRSH,Item_9C,0,21,too_short
JRSH__10-K__0001213900-25-057935__Part_I__chunk_0000,JRSH,Part_I,0,2,too_short
JRSH__10-K__0001213900-25-057935__Part_II__chunk_0000,JRSH,Part_II,0,2,too_short
JRSH__10-K__0001213900-25-057935__Part_III__chunk_0000,JRSH,Part_III,0,2,too_short
JRSH__10-K__0001213900-25-057935__Part_IV__chunk_0000,JRSH,Part_IV,0,2,too_short
JRSH__10-K__0001213900-26-070227__Item_11__chunk_0000,JRSH,Item_11,0,45,too_short
JRSH__10-K__0001213900-26-070227__Item_16__chunk_0000,JRSH,Item_16,0,13,too_short
JRSH__10-K__0001213900-26-070227__Item_1B__chunk_0000,JRSH,Item_1B,0,12,too_short
JRSH__10-K__0001213900-26-070227__Item_4__chunk_0000,JRSH,Item_4,0,13,too_short
JRSH__10-K__0001213900-26-070227__Item_6__chunk_0000,JRSH,Item_6,0,7,too_short
JRSH__10-K__0001213900-26-070227__Item_7A__chunk_0000,JRSH,Item_7A,0,20,too_short
JRSH__10-K__0001213900-26-070227__Item_9C__chunk_0000,JRSH,Item_9C,0,21,too_short
JRSH__10-K__0001213900-26-070227__Part_I__chunk_0000,JRSH,Part_I,0,2,too_short
JRSH__10-K__0001213900-26-070227__Part_II__chunk_0000,JRSH,Part_II,0,2,too_short
JRSH__10-K__0001213900-26-070227__Part_III__chunk_0000,JRSH,Part_III,0,2,too_short
JRSH__10-K__0001213900-26-070227__Part_IV__chunk_0000,JRSH,Part_IV,0,2,too_short
JWN__10-K__0000072333-23-000037__Item_4__chunk_0000,JWN,Item_4,0,16,too_short
JWN__10-K__0000072333-23-000037__Item_6__chunk_0000,JWN,Item_6,0,7,too_short
JWN__10-K__0000072333-23-000037__Item_9B__chunk_0000,JWN,Item_9B,0,10,too_short
JWN__10-K__0000072333-23-000037__Item_9C__chunk_0000,JWN,Item_9C,0,18,too_short
JWN__10-K__0000072333-23-000037__Part_II__chunk_0000,JWN,Part_II,0,2,too_short
JWN__10-K__0000072333-23-000037__Part_III__chunk_0000,JWN,Part_III,0,2,too_short
JWN__10-K__0000072333-23-000037__Part_IV__chunk_0000,JWN,Part_IV,0,2,too_short
JWN__10-K__0000072333-24-000031__Item_4__chunk_0000,JWN,Item_4,0,16,too_short
JWN__10-K__0000072333-24-000031__Item_6__chunk_0000,JWN,Item_6,0,7,too_short
JWN__10-K__0000072333-24-000031__Item_9B__chunk_0000,JWN,Item_9B,0,10,too_short
JWN__10-K__0000072333-24-000031__Item_9C__chunk_0000,JWN,Item_9C,0,18,too_short
JWN__10-K__0000072333-24-000031__Part_II__chunk_0000,JWN,Part_II,0,2,too_short
JWN__10-K__0000072333-24-000031__Part_III__chunk_0000,JWN,Part_III,0,2,too_short
JWN__10-K__0000072333-24-000031__Part_IV__chunk_0000,JWN,Part_IV,0,2,too_short
JWN__10-K__0000072333-25-000039__Item_4__chunk_0000,JWN,Item_4,0,23,too_short
JWN__10-K__0000072333-25-000039__Item_6__chunk_0000,JWN,Item_6,0,7,too_short
JWN__10-K__0000072333-25-000039__Item_9C__chunk_0000,JWN,Item_9C,0,18,too_short
JWN__10-K__0000072333-25-000039__Part_II__chunk_0000,JWN,Part_II,0,2,too_short
JWN__10-K__0000072333-25-000039__Part_III__chunk_0000,JWN,Part_III,0,2,too_short
JWN__10-K__0000072333-25-000039__Part_IV__chunk_0000,JWN,Part_IV,0,2,too_short
KMX__10-K__0001170010-24-000034__Item_6__chunk_0000,KMX,Item_6,0,9,too_short
KMX__10-K__0001170010-24-000034__Item_9B__chunk_0000,KMX,Item_9B,0,10,too_short
KMX__10-K__0001170010-24-000034__Part_II__chunk_0000,KMX,Part_II,0,2,too_short
KMX__10-K__0001170010-24-000034__Part_IV__chunk_0000,KMX,Part_IV,0,2,too_short
KMX__10-K__0001170010-25-000024__Item_6__chunk_0000,KMX,Item_6,0,9,too_short
KMX__10-K__0001170010-25-000024__Item_9B__chunk_0000,KMX,Item_9B,0,10,too_short
KMX__10-K__0001170010-25-000024__Part_II__chunk_0000,KMX,Part_II,0,2,too_short
KMX__10-K__0001170010-25-000024__Part_IV__chunk_0000,KMX,Part_IV,0,2,too_short
KMX__10-K__0001170010-26-000021__Item_6__chunk_0000,KMX,Item_6,0,9,too_short
KMX__10-K__0001170010-26-000021__Item_9B__chunk_0000,KMX,Item_9B,0,10,too_short
KMX__10-K__0001170010-26-000021__Part_II__chunk_0000,KMX,Part_II,0,2,too_short
KMX__10-K__0001170010-26-000021__Part_IV__chunk_0000,KMX,Part_IV,0,2,too_short
KOSS__10-K__0000056701-23-000026__Item_1B__chunk_0000,KOSS,Item_1B,0,18,too_short
KOSS__10-K__0000056701-23-000026__Item_4__chunk_0000,KOSS,Item_4,0,23,too_short
KOSS__10-K__0000056701-23-000026__Item_7A__chunk_0000,KOSS,Item_7A,0,27,too_short
KOSS__10-K__0000056701-23-000026__Item_8__chunk_0000,KOSS,Item_8,0,25,too_short
KOSS__10-K__0000056701-23-000026__Item_9__chunk_0000,KOSS,Item_9,0,30,too_short
KOSS__10-K__0000056701-23-000026__Item_9B__chunk_0000,KOSS,Item_9B,0,11,too_short
KOSS__10-K__0000056701-23-000026__Item_9C__chunk_0000,KOSS,Item_9C,0,32,too_short
KOSS__10-K__0000056701-23-000026__Part_I__chunk_0000,KOSS,Part_I,0,2,too_short
KOSS__10-K__0000056701-23-000026__Part_II__chunk_0000,KOSS,Part_II,0,2,too_short
KOSS__10-K__0000056701-23-000026__Part_III__chunk_0000,KOSS,Part_III,0,2,too_short
KOSS__10-K__0000056701-23-000026__Part_IV__chunk_0000,KOSS,Part_IV,0,2,too_short
KOSS__10-K__0000056701-24-000028__Item_1B__chunk_0000,KOSS,Item_1B,0,18,too_short
KOSS__10-K__0000056701-24-000028__Item_4__chunk_0000,KOSS,Item_4,0,23,too_short
KOSS__10-K__0000056701-24-000028__Item_7A__chunk_0000,KOSS,Item_7A,0,27,too_short
KOSS__10-K__0000056701-24-000028__Item_8__chunk_0000,KOSS,Item_8,0,25,too_short
KOSS__10-K__0000056701-24-000028__Item_9__chunk_0000,KOSS,Item_9,0,30,too_short
KOSS__10-K__0000056701-24-000028__Item_9B__chunk_0000,KOSS,Item_9B,0,11,too_short
KOSS__10-K__0000056701-24-000028__Item_9C__chunk_0000,KOSS,Item_9C,0,32,too_short
KOSS__10-K__0000056701-24-000028__Part_I__chunk_0000,KOSS,Part_I,0,2,too_short
KOSS__10-K__0000056701-24-000028__Part_II__chunk_0000,KOSS,Part_II,0,2,too_short
KOSS__10-K__0000056701-24-000028__Part_III__chunk_0000,KOSS,Part_III,0,2,too_short
KOSS__10-K__0000056701-24-000028__Part_IV__chunk_0000,KOSS,Part_IV,0,2,too_short
KOSS__10-K__0000056701-25-000044__Item_1B__chunk_0000,KOSS,Item_1B,0,18,too_short
KOSS__10-K__0000056701-25-000044__Item_4__chunk_0000,KOSS,Item_4,0,23,too_short
KOSS__10-K__0000056701-25-000044__Item_7A__chunk_0000,KOSS,Item_7A,0,27,too_short
KOSS__10-K__0000056701-25-000044__Item_8__chunk_0000,KOSS,Item_8,0,25,too_short
KOSS__10-K__0000056701-25-000044__Item_9__chunk_0000,KOSS,Item_9,0,30,too_short
KOSS__10-K__0000056701-25-000044__Item_9B__chunk_0000,KOSS,Item_9B,0,11,too_short
KOSS__10-K__0000056701-25-000044__Item_9C__chunk_0000,KOSS,Item_9C,0,32,too_short
KOSS__10-K__0000056701-25-000044__Part_I__chunk_0000,KOSS,Part_I,0,2,too_short
KOSS__10-K__0000056701-25-000044__Part_II__chunk_0000,KOSS,Part_II,0,2,too_short
KOSS__10-K__0000056701-25-000044__Part_III__chunk_0000,KOSS,Part_III,0,2,too_short
KOSS__10-K__0000056701-25-000044__Part_IV__chunk_0000,KOSS,Part_IV,0,2,too_short
KSS__10-K__0000950170-24-034691__Item_13__chunk_0000,KSS,Item_13,0,46,too_short
KSS__10-K__0000950170-24-034691__Item_1B__chunk_0000,KSS,Item_1B,0,14,too_short
KSS__10-K__0000950170-24-034691__Item_4__chunk_0000,KSS,Item_4,0,14,too_short
KSS__10-K__0000950170-24-034691__Item_6__chunk_0000,KSS,Item_6,0,13,too_short
KSS__10-K__0000950170-24-034691__Item_9__chunk_0000,KSS,Item_9,0,21,too_short
KSS__10-K__0000950170-24-034691__Item_9C__chunk_0000,KSS,Item_9C,0,30,too_short
KSS__10-K__0000950170-25-042662__Item_13__chunk_0000,KSS,Item_13,0,46,too_short
KSS__10-K__0000950170-25-042662__Item_6__chunk_0000,KSS,Item_6,0,13,too_short
KSS__10-K__0000950170-25-042662__Item_9__chunk_0000,KSS,Item_9,0,21,too_short
KSS__10-K__0000950170-25-042662__Item_9C__chunk_0000,KSS,Item_9C,0,30,too_short
KTB__10-K__0001760965-25-000011__Item_8__chunk_0000,KTB,Item_8,0,10,too_short
KTB__10-K__0001760965-26-000014__Item_8__chunk_0000,KTB,Item_8,0,12,too_short
LAKE__10-K__0001654954-24-004465__Item_1B__chunk_0000,LAKE,Item_1B,0,15,too_short
LAKE__10-K__0001654954-24-004465__Item_4__chunk_0000,LAKE,Item_4,0,22,too_short
LAKE__10-K__0001654954-24-004465__Item_6__chunk_0000,LAKE,Item_6,0,8,too_short
LAKE__10-K__0001654954-24-004465__Item_9__chunk_0000,LAKE,Item_9,0,29,too_short
LAKE__10-K__0001654954-24-004465__Item_9B__chunk_0000,LAKE,Item_9B,0,9,too_short
LAKE__10-K__0001654954-24-004465__Item_9C__chunk_0000,LAKE,Item_9C,0,32,too_short
LAKE__10-K__0001654954-24-004465__Part_II__chunk_0000,LAKE,Part_II,0,2,too_short
LAKE__10-K__0001654954-24-004465__Part_III__chunk_0000,LAKE,Part_III,0,2,too_short
LAKE__10-K__0001654954-24-004465__Part_IV__chunk_0000,LAKE,Part_IV,0,2,too_short
LAKE__10-K__0001654954-25-004352__Item_16__chunk_0000,LAKE,Item_16,0,19,too_short
LAKE__10-K__0001654954-25-004352__Item_1B__chunk_0000,LAKE,Item_1B,0,15,too_short
LAKE__10-K__0001654954-25-004352__Item_4__chunk_0000,LAKE,Item_4,0,23,too_short
LAKE__10-K__0001654954-25-004352__Item_6__chunk_0000,LAKE,Item_6,0,15,too_short
LAKE__10-K__0001654954-25-004352__Item_9__chunk_0000,LAKE,Item_9,0,30,too_short
LAKE__10-K__0001654954-25-004352__Item_9C__chunk_0000,LAKE,Item_9C,0,33,too_short
LAKE__10-K__0001654954-25-004352__Part_II__chunk_0000,LAKE,Part_II,0,2,too_short
LAKE__10-K__0001654954-25-004352__Part_III__chunk_0000,LAKE,Part_III,0,2,too_short
LAKE__10-K__0001654954-25-004352__Part_IV__chunk_0000,LAKE,Part_IV,0,2,too_short
LCUT__10-K__0000874396-26-000008__Item_3__chunk_0000,LCUT,Item_3,0,46,too_short
LCUT__10-K__0000874396-26-000008__Item_4__chunk_0000,LCUT,Item_4,0,15,too_short
LCUT__10-K__0000874396-26-000008__Part_I__chunk_0000,LCUT,Part_I,0,2,too_short
LCUT__10-K__0000874396-26-000008__Part_IV__chunk_0000,LCUT,Part_IV,0,2,too_short
LCUT__10-K__0001628280-24-010568__Item_3__chunk_0000,LCUT,Item_3,0,46,too_short
LCUT__10-K__0001628280-24-010568__Item_4__chunk_0000,LCUT,Item_4,0,15,too_short
LCUT__10-K__0001628280-24-010568__Part_IV__chunk_0000,LCUT,Part_IV,0,2,too_short
LCUT__10-K__0001628280-25-012650__Item_3__chunk_0000,LCUT,Item_3,0,46,too_short
LCUT__10-K__0001628280-25-012650__Item_4__chunk_0000,LCUT,Item_4,0,15,too_short
LCUT__10-K__0001628280-25-012650__Part_IV__chunk_0000,LCUT,Part_IV,0,2,too_short
LEG__10-K__0000058492-24-000174__Item_6__chunk_0000,LEG,Item_6,0,11,too_short
LEG__10-K__0000058492-24-000174__Item_8__chunk_0000,LEG,Item_8,0,30,too_short
LEG__10-K__0000058492-24-000174__Item_9C__chunk_0000,LEG,Item_9C,0,25,too_short
LEG__10-K__0000058492-24-000174__Part_II__chunk_0000,LEG,Part_II,0,2,too_short
LEG__10-K__0000058492-24-000174__Part_III__chunk_0000,LEG,Part_III,0,2,too_short
LEG__10-K__0000058492-24-000174__Part_IV__chunk_0000,LEG,Part_IV,0,2,too_short
LEG__10-K__0000058492-25-000136__Item_1A__chunk_0000,LEG,Item_1A,0,24,too_short
LEG__10-K__0000058492-25-000136__Item_6__chunk_0000,LEG,Item_6,0,6,too_short
LEG__10-K__0000058492-25-000136__Item_8__chunk_0000,LEG,Item_8,0,30,too_short
LEG__10-K__0000058492-25-000136__Item_9C__chunk_0000,LEG,Item_9C,0,25,too_short
LEG__10-K__0000058492-26-000107__Item_6__chunk_0000,LEG,Item_6,0,11,too_short
LEG__10-K__0000058492-26-000107__Item_8__chunk_0000,LEG,Item_8,0,30,too_short
LEG__10-K__0000058492-26-000107__Item_9C__chunk_0000,LEG,Item_9C,0,25,too_short
LEG__10-K__0000058492-26-000107__Part_I__chunk_0000,LEG,Part_I,0,2,too_short
LEG__10-K__0000058492-26-000107__Part_II__chunk_0000,LEG,Part_II,0,2,too_short
LEG__10-K__0000058492-26-000107__Part_III__chunk_0000,LEG,Part_III,0,2,too_short
LEG__10-K__0000058492-26-000107__Part_IV__chunk_0000,LEG,Part_IV,0,2,too_short
LESL__10-K__0000950170-23-066773__Item_1B__chunk_0000,LESL,Item_1B,0,13,too_short
LESL__10-K__0000950170-23-066773__Item_4__chunk_0000,LESL,Item_4,0,19,too_short
LESL__10-K__0000950170-23-066773__Item_6__chunk_0000,LESL,Item_6,0,13,too_short
LESL__10-K__0000950170-23-066773__Item_9__chunk_0000,LESL,Item_9,0,23,too_short
LESL__10-K__0000950170-23-066773__Item_9C__chunk_0000,LESL,Item_9C,0,25,too_short
LESL__10-K__0000950170-24-131476__Item_1B__chunk_0000,LESL,Item_1B,0,12,too_short
LESL__10-K__0000950170-24-131476__Item_4__chunk_0000,LESL,Item_4,0,17,too_short
LESL__10-K__0000950170-24-131476__Item_6__chunk_0000,LESL,Item_6,0,13,too_short
LESL__10-K__0000950170-24-131476__Item_9__chunk_0000,LESL,Item_9,0,23,too_short
LESL__10-K__0000950170-24-131476__Item_9C__chunk_0000,LESL,Item_9C,0,25,too_short
LESL__10-K__0001193125-25-323811__Item_4__chunk_0000,LESL,Item_4,0,17,too_short
LESL__10-K__0001193125-25-323811__Item_6__chunk_0000,LESL,Item_6,0,13,too_short
LESL__10-K__0001193125-25-323811__Item_9__chunk_0000,LESL,Item_9,0,23,too_short
LESL__10-K__0001193125-25-323811__Item_9C__chunk_0000,LESL,Item_9C,0,25,too_short
LE__10-K__0000950170-24-041066__Item_1B__chunk_0000,LE,Item_1B,0,17,too_short
LE__10-K__0000950170-24-041066__Item_4__chunk_0000,LE,Item_4,0,22,too_short
LE__10-K__0000950170-24-041066__Item_6__chunk_0000,LE,Item_6,0,12,too_short
LE__10-K__0000950170-24-041066__Item_9__chunk_0000,LE,Item_9,0,33,too_short
LE__10-K__0000950170-25-046044__Item_4__chunk_0000,LE,Item_4,0,22,too_short
LE__10-K__0000950170-25-046044__Item_6__chunk_0000,LE,Item_6,0,12,too_short
LE__10-K__0000950170-25-046044__Item_9__chunk_0000,LE,Item_9,0,33,too_short
LE__10-K__0001193125-26-126210__Item_4__chunk_0000,LE,Item_4,0,21,too_short
LIVE__10-K__0001628280-23-042586__Item_1B__chunk_0000,LIVE,Item_1B,0,11,too_short
LIVE__10-K__0001628280-23-042586__Item_4__chunk_0000,LIVE,Item_4,0,16,too_short
LIVE__10-K__0001628280-23-042586__Item_9B__chunk_0000,LIVE,Item_9B,0,9,too_short
LIVE__10-K__0001628280-23-042586__Item_9C__chunk_0000,LIVE,Item_9C,0,29,too_short
LIVE__10-K__0001628280-23-042586__Part_III__chunk_0000,LIVE,Part_III,0,2,too_short
LIVE__10-K__0001628280-23-042586__Part_IV__chunk_0000,LIVE,Part_IV,0,2,too_short
LIVE__10-K__0001628280-24-052099__Item_4__chunk_0000,LIVE,Item_4,0,16,too_short
LIVE__10-K__0001628280-24-052099__Item_9B__chunk_0000,LIVE,Item_9B,0,9,too_short
LIVE__10-K__0001628280-24-052099__Item_9C__chunk_0000,LIVE,Item_9C,0,29,too_short
LIVE__10-K__0001628280-24-052099__Part_III__chunk_0000,LIVE,Part_III,0,2,too_short
LIVE__10-K__0001628280-24-052099__Part_IV__chunk_0000,LIVE,Part_IV,0,2,too_short
LIVE__10-K__0001628280-25-057711__Item_4__chunk_0000,LIVE,Item_4,0,16,too_short
LIVE__10-K__0001628280-25-057711__Item_9B__chunk_0000,LIVE,Item_9B,0,9,too_short
LIVE__10-K__0001628280-25-057711__Item_9C__chunk_0000,LIVE,Item_9C,0,29,too_short
LIVE__10-K__0001628280-25-057711__Part_III__chunk_0000,LIVE,Part_III,0,2,too_short
LOVE__10-K__0001628280-24-015804__Item_11__chunk_0000,LOVE,Item_11,0,29,too_short
LOVE__10-K__0001628280-24-015804__Item_13__chunk_0000,LOVE,Item_13,0,36,too_short
LOVE__10-K__0001628280-24-015804__Item_14__chunk_0000,LOVE,Item_14,0,40,too_short
LOVE__10-K__0001628280-24-015804__Item_15__chunk_0000,LOVE,Item_15,0,35,too_short
LOVE__10-K__0001628280-24-015804__Item_3__chunk_0000,LOVE,Item_3,0,46,too_short
LOVE__10-K__0001628280-24-015804__Item_4__chunk_0000,LOVE,Item_4,0,21,too_short
LOVE__10-K__0001628280-24-015804__Item_9C__chunk_0000,LOVE,Item_9C,0,28,too_short
LOVE__10-K__0001628280-25-017241__Item_11__chunk_0000,LOVE,Item_11,0,29,too_short
LOVE__10-K__0001628280-25-017241__Item_12__chunk_0000,LOVE,Item_12,0,41,too_short
LOVE__10-K__0001628280-25-017241__Item_13__chunk_0000,LOVE,Item_13,0,36,too_short
LOVE__10-K__0001628280-25-017241__Item_14__chunk_0000,LOVE,Item_14,0,41,too_short
LOVE__10-K__0001628280-25-017241__Item_15__chunk_0000,LOVE,Item_15,0,35,too_short
LOVE__10-K__0001628280-25-017241__Item_4__chunk_0000,LOVE,Item_4,0,21,too_short
LOVE__10-K__0001628280-25-017241__Item_9C__chunk_0000,LOVE,Item_9C,0,28,too_short
LOVE__10-K__0001628280-26-022929__Item_11__chunk_0000,LOVE,Item_11,0,33,too_short
LOVE__10-K__0001628280-26-022929__Item_12__chunk_0000,LOVE,Item_12,0,49,too_short
LOVE__10-K__0001628280-26-022929__Item_15__chunk_0000,LOVE,Item_15,0,35,too_short
LOVE__10-K__0001628280-26-022929__Item_4__chunk_0000,LOVE,Item_4,0,21,too_short
LOVE__10-K__0001628280-26-022929__Item_9C__chunk_0000,LOVE,Item_9C,0,28,too_short
LOW__10-K__0000060667-24-000033__Item_15__chunk_0000,LOW,Item_15,0,25,too_short
LOW__10-K__0000060667-24-000033__Item_9C__chunk_0000,LOW,Item_9C,0,29,too_short
LOW__10-K__0000060667-24-000033__Part_I__chunk_0000,LOW,Part_I,0,2,too_short
LOW__10-K__0000060667-24-000033__Part_IV__chunk_0000,LOW,Part_IV,0,2,too_short
LOW__10-K__0000060667-25-000049__Item_15__chunk_0000,LOW,Item_15,0,25,too_short
LOW__10-K__0000060667-25-000049__Item_9C__chunk_0000,LOW,Item_9C,0,28,too_short
LOW__10-K__0000060667-25-000049__Part_I__chunk_0000,LOW,Part_I,0,2,too_short
LOW__10-K__0000060667-25-000049__Part_IV__chunk_0000,LOW,Part_IV,0,2,too_short
LOW__10-K__0000060667-26-000029__Item_15__chunk_0000,LOW,Item_15,0,25,too_short
LOW__10-K__0000060667-26-000029__Item_9C__chunk_0000,LOW,Item_9C,0,28,too_short
LOW__10-K__0000060667-26-000029__Part_I__chunk_0000,LOW,Part_I,0,2,too_short
LOW__10-K__0000060667-26-000029__Part_IV__chunk_0000,LOW,Part_IV,0,2,too_short
LULU__10-K__0001397187-24-000010__Item_14__chunk_0000,LULU,Item_14,0,46,too_short
LULU__10-K__0001397187-24-000010__Item_3__chunk_0000,LULU,Item_3,0,38,too_short
LULU__10-K__0001397187-24-000010__Item_4__chunk_0000,LULU,Item_4,0,21,too_short
LULU__10-K__0001397187-24-000010__Item_9C__chunk_0000,LULU,Item_9C,0,31,too_short
LULU__10-K__0001397187-24-000010__Part_IV__chunk_0000,LULU,Part_IV,0,2,too_short
LULU__10-K__0001397187-25-000013__Item_14__chunk_0000,LULU,Item_14,0,45,too_short
LULU__10-K__0001397187-25-000013__Item_3__chunk_0000,LULU,Item_3,0,38,too_short
LULU__10-K__0001397187-25-000013__Item_4__chunk_0000,LULU,Item_4,0,20,too_short
LULU__10-K__0001397187-25-000013__Item_9C__chunk_0000,LULU,Item_9C,0,30,too_short
LULU__10-K__0001397187-25-000013__Part_IV__chunk_0000,LULU,Part_IV,0,2,too_short
LULU__10-K__0001397187-26-000020__Item_14__chunk_0000,LULU,Item_14,0,45,too_short
LULU__10-K__0001397187-26-000020__Item_3__chunk_0000,LULU,Item_3,0,38,too_short
LULU__10-K__0001397187-26-000020__Item_4__chunk_0000,LULU,Item_4,0,20,too_short
LULU__10-K__0001397187-26-000020__Item_9C__chunk_0000,LULU,Item_9C,0,30,too_short
LULU__10-K__0001397187-26-000020__Part_IV__chunk_0000,LULU,Part_IV,0,2,too_short
LVLU__10-K__0001104659-26-036884__Item_1B__chunk_0000,LVLU,Item_1B,0,14,too_short
LVLU__10-K__0001104659-26-036884__Item_9C__chunk_0000,LVLU,Item_9C,0,25,too_short
LVLU__10-K__0001104659-26-036884__Part_IV__chunk_0000,LVLU,Part_IV,0,2,too_short
LVLU__10-K__0001558370-24-002599__Item_9C__chunk_0000,LVLU,Item_9C,0,25,too_short
LVLU__10-K__0001558370-24-002599__Part_IV__chunk_0000,LVLU,Part_IV,0,2,too_short
LVLU__10-K__0001558370-25-003845__Item_9C__chunk_0000,LVLU,Item_9C,0,25,too_short
LVLU__10-K__0001558370-25-003845__Part_IV__chunk_0000,LVLU,Part_IV,0,2,too_short
LZB__10-K__0000057131-24-000028__Item_6__chunk_0000,LZB,Item_6,0,6,too_short
LZB__10-K__0000057131-24-000028__Item_9__chunk_0000,LZB,Item_9,0,30,too_short
LZB__10-K__0000057131-24-000028__Item_9C__chunk_0000,LZB,Item_9C,0,32,too_short
LZB__10-K__0000057131-24-000028__Part_II__chunk_0000,LZB,Part_II,0,2,too_short
LZB__10-K__0000057131-24-000028__Part_III__chunk_0000,LZB,Part_III,0,2,too_short
LZB__10-K__0000057131-24-000028__Part_IV__chunk_0000,LZB,Part_IV,0,2,too_short
LZB__10-K__0000057131-25-000029__Item_1B__chunk_0000,LZB,Item_1B,0,20,too_short
LZB__10-K__0000057131-25-000029__Item_6__chunk_0000,LZB,Item_6,0,6,too_short
LZB__10-K__0000057131-25-000029__Item_9__chunk_0000,LZB,Item_9,0,30,too_short
LZB__10-K__0000057131-25-000029__Item_9C__chunk_0000,LZB,Item_9C,0,27,too_short
LZB__10-K__0000057131-25-000029__Part_II__chunk_0000,LZB,Part_II,0,2,too_short
LZB__10-K__0000057131-25-000029__Part_III__chunk_0000,LZB,Part_III,0,2,too_short
LZB__10-K__0000057131-25-000029__Part_IV__chunk_0000,LZB,Part_IV,0,2,too_short
LZB__10-K__0000057131-26-000019__Item_1B__chunk_0000,LZB,Item_1B,0,15,too_short
LZB__10-K__0000057131-26-000019__Item_6__chunk_0000,LZB,Item_6,0,6,too_short
LZB__10-K__0000057131-26-000019__Item_9__chunk_0000,LZB,Item_9,0,30,too_short
LZB__10-K__0000057131-26-000019__Item_9C__chunk_0000,LZB,Item_9C,0,32,too_short
LZB__10-K__0000057131-26-000019__Part_II__chunk_0000,LZB,Part_II,0,2,too_short
LZB__10-K__0000057131-26-000019__Part_III__chunk_0000,LZB,Part_III,0,2,too_short
LZB__10-K__0000057131-26-000019__Part_IV__chunk_0000,LZB,Part_IV,0,2,too_short
MELI__10-K__0001099590-24-000008__Item_3__chunk_0000,MELI,Item_3,0,43,too_short
MELI__10-K__0001099590-24-000008__Item_4__chunk_0000,MELI,Item_4,0,15,too_short
MELI__10-K__0001099590-24-000008__Item_9C__chunk_0000,MELI,Item_9C,0,26,too_short
MELI__10-K__0001099590-24-000008__Part_IV__chunk_0000,MELI,Part_IV,0,2,too_short
MELI__10-K__0001099590-25-000007__Item_3__chunk_0000,MELI,Item_3,0,43,too_short
MELI__10-K__0001099590-25-000007__Item_4__chunk_0000,MELI,Item_4,0,28,too_short
MELI__10-K__0001099590-25-000007__Item_9C__chunk_0000,MELI,Item_9C,0,26,too_short
MELI__10-K__0001099590-25-000007__Part_IV__chunk_0000,MELI,Part_IV,0,2,too_short
MELI__10-K__0001099590-26-000006__Item_3__chunk_0000,MELI,Item_3,0,43,too_short
MELI__10-K__0001099590-26-000006__Item_4__chunk_0000,MELI,Item_4,0,15,too_short
MELI__10-K__0001099590-26-000006__Item_9C__chunk_0000,MELI,Item_9C,0,26,too_short
MELI__10-K__0001099590-26-000006__Part_IV__chunk_0000,MELI,Part_IV,0,2,too_short
MGRX__10-K__0001493152-24-012508__Item_3__chunk_0000,MGRX,Item_3,0,9,too_short
MGRX__10-K__0001493152-26-014478__Part_I__chunk_0000,MGRX,Part_I,0,2,too_short
MGRX__10-K__0001641172-25-000085__Item_13__chunk_0000,MGRX,Item_13,0,24,too_short
MHK__10-K__0000851968-24-000027__Item_9B__chunk_0000,MHK,Item_9B,0,9,too_short
MHK__10-K__0000851968-24-000027__Item_9C__chunk_0000,MHK,Item_9C,0,26,too_short
MHK__10-K__0000851968-25-000023__Item_9C__chunk_0000,MHK,Item_9C,0,26,too_short
MHK__10-K__0000851968-26-000011__Item_9C__chunk_0000,MHK,Item_9C,0,26,too_short
MNRO__10-K__0000876427-26-000007__Item_11__chunk_0000,MNRO,Item_11,0,39,too_short
MNRO__10-K__0000876427-26-000007__Item_13__chunk_0000,MNRO,Item_13,0,49,too_short
MNRO__10-K__0000876427-26-000007__Item_16__chunk_0000,MNRO,Item_16,0,28,too_short
MNRO__10-K__0000876427-26-000007__Item_4__chunk_0000,MNRO,Item_4,0,24,too_short
MNRO__10-K__0000876427-26-000007__Item_6__chunk_0000,MNRO,Item_6,0,25,too_short
MNRO__10-K__0000876427-26-000007__Item_9__chunk_0000,MNRO,Item_9,0,21,too_short
MNRO__10-K__0000876427-26-000007__Item_9C__chunk_0000,MNRO,Item_9C,0,36,too_short
MNRO__10-K__0000876427-26-000007__Part_II__chunk_0000,MNRO,Part_II,0,2,too_short
MNRO__10-K__0000876427-26-000007__Part_III__chunk_0000,MNRO,Part_III,0,48,too_short
MNRO__10-K__0000876427-26-000007__Part_IV__chunk_0000,MNRO,Part_IV,0,2,too_short
MNRO__10-K__0001562762-24-000155__Item_11__chunk_0000,MNRO,Item_11,0,39,too_short
MNRO__10-K__0001562762-24-000155__Item_13__chunk_0000,MNRO,Item_13,0,49,too_short
MNRO__10-K__0001562762-24-000155__Item_16__chunk_0000,MNRO,Item_16,0,28,too_short
MNRO__10-K__0001562762-24-000155__Item_4__chunk_0000,MNRO,Item_4,0,24,too_short
MNRO__10-K__0001562762-24-000155__Item_6__chunk_0000,MNRO,Item_6,0,25,too_short
MNRO__10-K__0001562762-24-000155__Item_9__chunk_0000,MNRO,Item_9,0,21,too_short
MNRO__10-K__0001562762-24-000155__Item_9C__chunk_0000,MNRO,Item_9C,0,36,too_short
MNRO__10-K__0001562762-24-000155__Part_II__chunk_0000,MNRO,Part_II,0,2,too_short
MNRO__10-K__0001562762-24-000155__Part_III__chunk_0000,MNRO,Part_III,0,48,too_short
MNRO__10-K__0001562762-24-000155__Part_IV__chunk_0000,MNRO,Part_IV,0,2,too_short
MNRO__10-K__0001562762-25-000146__Item_11__chunk_0000,MNRO,Item_11,0,39,too_short
MNRO__10-K__0001562762-25-000146__Item_13__chunk_0000,MNRO,Item_13,0,49,too_short
MNRO__10-K__0001562762-25-000146__Item_16__chunk_0000,MNRO,Item_16,0,28,too_short
MNRO__10-K__0001562762-25-000146__Item_4__chunk_0000,MNRO,Item_4,0,24,too_short
MNRO__10-K__0001562762-25-000146__Item_6__chunk_0000,MNRO,Item_6,0,25,too_short
MNRO__10-K__0001562762-25-000146__Item_9__chunk_0000,MNRO,Item_9,0,21,too_short
MNRO__10-K__0001562762-25-000146__Item_9C__chunk_0000,MNRO,Item_9C,0,36,too_short
MNRO__10-K__0001562762-25-000146__Part_II__chunk_0000,MNRO,Part_II,0,2,too_short
MNRO__10-K__0001562762-25-000146__Part_III__chunk_0000,MNRO,Part_III,0,48,too_short
MNRO__10-K__0001562762-25-000146__Part_IV__chunk_0000,MNRO,Part_IV,0,2,too_short
MOV__10-K__0000950170-24-036181__Item_16__chunk_0000,MOV,Item_16,0,13,too_short
MOV__10-K__0000950170-24-036181__Item_1B__chunk_0000,MOV,Item_1B,0,12,too_short
MOV__10-K__0000950170-24-036181__Item_4__chunk_0000,MOV,Item_4,0,13,too_short
MOV__10-K__0000950170-24-036181__Item_6__chunk_0000,MOV,Item_6,0,9,too_short
MOV__10-K__0000950170-24-036181__Item_8__chunk_0000,MOV,Item_8,0,29,too_short
MOV__10-K__0000950170-24-036181__Item_9__chunk_0000,MOV,Item_9,0,21,too_short
MOV__10-K__0000950170-24-036181__Item_9C__chunk_0000,MOV,Item_9C,0,21,too_short
MOV__10-K__0000950170-24-036181__Part_II__chunk_0000,MOV,Part_II,0,2,too_short
MOV__10-K__0000950170-24-036181__Part_III__chunk_0000,MOV,Part_III,0,2,too_short
MOV__10-K__0000950170-24-036181__Part_IV__chunk_0000,MOV,Part_IV,0,2,too_short
MOV__10-K__0000950170-25-054522__Item_16__chunk_0000,MOV,Item_16,0,13,too_short
MOV__10-K__0000950170-25-054522__Item_1B__chunk_0000,MOV,Item_1B,0,12,too_short
MOV__10-K__0000950170-25-054522__Item_4__chunk_0000,MOV,Item_4,0,13,too_short
MOV__10-K__0000950170-25-054522__Item_6__chunk_0000,MOV,Item_6,0,9,too_short
MOV__10-K__0000950170-25-054522__Item_8__chunk_0000,MOV,Item_8,0,29,too_short
MOV__10-K__0000950170-25-054522__Item_9__chunk_0000,MOV,Item_9,0,21,too_short
MOV__10-K__0000950170-25-054522__Item_9C__chunk_0000,MOV,Item_9C,0,21,too_short
MOV__10-K__0000950170-25-054522__Part_II__chunk_0000,MOV,Part_II,0,2,too_short
MOV__10-K__0000950170-25-054522__Part_III__chunk_0000,MOV,Part_III,0,2,too_short
MOV__10-K__0000950170-25-054522__Part_IV__chunk_0000,MOV,Part_IV,0,2,too_short
MOV__10-K__0001193125-26-115298__Item_16__chunk_0000,MOV,Item_16,0,13,too_short
MOV__10-K__0001193125-26-115298__Item_1B__chunk_0000,MOV,Item_1B,0,12,too_short
MOV__10-K__0001193125-26-115298__Item_4__chunk_0000,MOV,Item_4,0,13,too_short
MOV__10-K__0001193125-26-115298__Item_6__chunk_0000,MOV,Item_6,0,9,too_short
MOV__10-K__0001193125-26-115298__Item_8__chunk_0000,MOV,Item_8,0,29,too_short
MOV__10-K__0001193125-26-115298__Item_9__chunk_0000,MOV,Item_9,0,21,too_short
MOV__10-K__0001193125-26-115298__Item_9C__chunk_0000,MOV,Item_9C,0,21,too_short
MOV__10-K__0001193125-26-115298__Part_II__chunk_0000,MOV,Part_II,0,2,too_short
MOV__10-K__0001193125-26-115298__Part_III__chunk_0000,MOV,Part_III,0,2,too_short
MOV__10-K__0001193125-26-115298__Part_IV__chunk_0000,MOV,Part_IV,0,2,too_short
MSS__10-K__0001213900-24-068336__Item_16__chunk_0000,MSS,Item_16,0,13,too_short
MSS__10-K__0001213900-24-068336__Item_1B__chunk_0000,MSS,Item_1B,0,16,too_short
MSS__10-K__0001213900-24-068336__Item_4__chunk_0000,MSS,Item_4,0,17,too_short
MSS__10-K__0001213900-24-068336__Item_6__chunk_0000,MSS,Item_6,0,9,too_short
MSS__10-K__0001213900-24-068336__Item_9B__chunk_0000,MSS,Item_9B,0,10,too_short
MSS__10-K__0001213900-24-068336__Item_9C__chunk_0000,MSS,Item_9C,0,28,too_short
MSS__10-K__0001213900-24-068336__Part_II__chunk_0000,MSS,Part_II,0,2,too_short
MSS__10-K__0001213900-24-068336__Part_III__chunk_0000,MSS,Part_III,0,2,too_short
MSS__10-K__0001213900-24-068336__Part_IV__chunk_0000,MSS,Part_IV,0,2,too_short
MSS__10-K__0001213900-25-075991__Item_16__chunk_0000,MSS,Item_16,0,13,too_short
MSS__10-K__0001213900-25-075991__Item_1B__chunk_0000,MSS,Item_1B,0,16,too_short
MSS__10-K__0001213900-25-075991__Item_4__chunk_0000,MSS,Item_4,0,17,too_short
MSS__10-K__0001213900-25-075991__Item_6__chunk_0000,MSS,Item_6,0,9,too_short
MSS__10-K__0001213900-25-075991__Item_9__chunk_0000,MSS,Item_9,0,30,too_short
MSS__10-K__0001213900-25-075991__Item_9B__chunk_0000,MSS,Item_9B,0,10,too_short
MSS__10-K__0001213900-25-075991__Item_9C__chunk_0000,MSS,Item_9C,0,28,too_short
MSS__10-K__0001213900-25-075991__Part_II__chunk_0000,MSS,Part_II,0,2,too_short
MSS__10-K__0001213900-25-075991__Part_III__chunk_0000,MSS,Part_III,0,2,too_short
MSS__10-K__0001213900-25-075991__Part_IV__chunk_0000,MSS,Part_IV,0,2,too_short
MUSA__10-K__0001573516-24-000007__Item_1B__chunk_0000,MUSA,Item_1B,0,43,too_short
MUSA__10-K__0001573516-24-000007__Item_2__chunk_0000,MUSA,Item_2,0,39,too_short
MUSA__10-K__0001573516-24-000007__Item_4__chunk_0000,MUSA,Item_4,0,22,too_short
MUSA__10-K__0001573516-24-000007__Item_6__chunk_0000,MUSA,Item_6,0,8,too_short
MUSA__10-K__0001573516-24-000007__Item_8__chunk_0000,MUSA,Item_8,0,47,too_short
MUSA__10-K__0001573516-24-000007__Item_9__chunk_0000,MUSA,Item_9,0,29,too_short
MUSA__10-K__0001573516-24-000007__Item_9B__chunk_0000,MUSA,Item_9B,0,10,too_short
MUSA__10-K__0001573516-24-000007__Item_9C__chunk_0000,MUSA,Item_9C,0,26,too_short
MUSA__10-K__0001573516-24-000007__Part_III__chunk_0000,MUSA,Part_III,0,2,too_short
MUSA__10-K__0001573516-25-000010__Item_1B__chunk_0000,MUSA,Item_1B,0,41,too_short
MUSA__10-K__0001573516-25-000010__Item_2__chunk_0000,MUSA,Item_2,0,40,too_short
MUSA__10-K__0001573516-25-000010__Item_4__chunk_0000,MUSA,Item_4,0,22,too_short
MUSA__10-K__0001573516-25-000010__Item_6__chunk_0000,MUSA,Item_6,0,8,too_short
MUSA__10-K__0001573516-25-000010__Item_9__chunk_0000,MUSA,Item_9,0,29,too_short
MUSA__10-K__0001573516-25-000010__Item_9B__chunk_0000,MUSA,Item_9B,0,10,too_short
MUSA__10-K__0001573516-25-000010__Item_9C__chunk_0000,MUSA,Item_9C,0,26,too_short
MUSA__10-K__0001573516-25-000010__Part_III__chunk_0000,MUSA,Part_III,0,2,too_short
MUSA__10-K__0001573516-26-000090__Item_1B__chunk_0000,MUSA,Item_1B,0,41,too_short
MUSA__10-K__0001573516-26-000090__Item_2__chunk_0000,MUSA,Item_2,0,39,too_short
MUSA__10-K__0001573516-26-000090__Item_4__chunk_0000,MUSA,Item_4,0,22,too_short
MUSA__10-K__0001573516-26-000090__Item_6__chunk_0000,MUSA,Item_6,0,8,too_short
MUSA__10-K__0001573516-26-000090__Item_8__chunk_0000,MUSA,Item_8,0,48,too_short
MUSA__10-K__0001573516-26-000090__Item_9__chunk_0000,MUSA,Item_9,0,29,too_short
MUSA__10-K__0001573516-26-000090__Item_9C__chunk_0000,MUSA,Item_9C,0,26,too_short
MUSA__10-K__0001573516-26-000090__Part_III__chunk_0000,MUSA,Part_III,0,2,too_short
M__10-K__0001628280-24-012734__Item_1B__chunk_0000,M,Item_1B,0,12,too_short
M__10-K__0001628280-24-012734__Item_4__chunk_0000,M,Item_4,0,12,too_short
M__10-K__0001628280-24-012734__Item_6__chunk_0000,M,Item_6,0,7,too_short
M__10-K__0001628280-24-012734__Item_9C__chunk_0000,M,Item_9C,0,24,too_short
M__10-K__0001628280-24-012734__Part_II__chunk_0000,M,Part_II,0,2,too_short
M__10-K__0001628280-24-012734__Part_III__chunk_0000,M,Part_III,0,2,too_short
M__10-K__0001628280-24-012734__Part_IV__chunk_0000,M,Part_IV,0,2,too_short
M__10-K__0001628280-25-014315__Item_1B__chunk_0000,M,Item_1B,0,12,too_short
M__10-K__0001628280-25-014315__Item_4__chunk_0000,M,Item_4,0,17,too_short
M__10-K__0001628280-25-014315__Item_6__chunk_0000,M,Item_6,0,12,too_short
M__10-K__0001628280-25-014315__Item_9C__chunk_0000,M,Item_9C,0,24,too_short
M__10-K__0001628280-25-014315__Part_II__chunk_0000,M,Part_II,0,2,too_short
M__10-K__0001628280-25-014315__Part_III__chunk_0000,M,Part_III,0,2,too_short
M__10-K__0001628280-25-014315__Part_IV__chunk_0000,M,Part_IV,0,2,too_short
M__10-K__0001628280-26-021721__Item_1B__chunk_0000,M,Item_1B,0,12,too_short
M__10-K__0001628280-26-021721__Item_4__chunk_0000,M,Item_4,0,17,too_short
M__10-K__0001628280-26-021721__Item_6__chunk_0000,M,Item_6,0,12,too_short
M__10-K__0001628280-26-021721__Item_9C__chunk_0000,M,Item_9C,0,24,too_short
M__10-K__0001628280-26-021721__Part_II__chunk_0000,M,Part_II,0,2,too_short
M__10-K__0001628280-26-021721__Part_III__chunk_0000,M,Part_III,0,2,too_short
M__10-K__0001628280-26-021721__Part_IV__chunk_0000,M,Part_IV,0,2,too_short
NGVC__10-K__0001437749-23-033880__Item_11__chunk_0000,NGVC,Item_11,0,40,too_short
NGVC__10-K__0001437749-23-033880__Item_16__chunk_0000,NGVC,Item_16,0,18,too_short
NGVC__10-K__0001437749-23-033880__Item_1B__chunk_0000,NGVC,Item_1B,0,17,too_short
NGVC__10-K__0001437749-23-033880__Item_4__chunk_0000,NGVC,Item_4,0,17,too_short
NGVC__10-K__0001437749-23-033880__Item_6__chunk_0000,NGVC,Item_6,0,11,too_short
NGVC__10-K__0001437749-23-033880__Item_9__chunk_0000,NGVC,Item_9,0,21,too_short
NGVC__10-K__0001437749-23-033880__Item_9B__chunk_0000,NGVC,Item_9B,0,10,too_short
NGVC__10-K__0001437749-23-033880__Item_9C__chunk_0000,NGVC,Item_9C,0,23,too_short
NGVC__10-K__0001437749-23-033880__Part_I__chunk_0000,NGVC,Part_I,0,2,too_short
NGVC__10-K__0001437749-23-033880__Part_II__chunk_0000,NGVC,Part_II,0,2,too_short
NGVC__10-K__0001437749-23-033880__Part_III__chunk_0000,NGVC,Part_III,0,2,too_short
NGVC__10-K__0001437749-23-033880__Part_IV__chunk_0000,NGVC,Part_IV,0,2,too_short
NGVC__10-K__0001437749-24-037351__Item_11__chunk_0000,NGVC,Item_11,0,40,too_short
NGVC__10-K__0001437749-24-037351__Item_16__chunk_0000,NGVC,Item_16,0,18,too_short
NGVC__10-K__0001437749-24-037351__Item_1B__chunk_0000,NGVC,Item_1B,0,12,too_short
NGVC__10-K__0001437749-24-037351__Item_4__chunk_0000,NGVC,Item_4,0,17,too_short
NGVC__10-K__0001437749-24-037351__Item_6__chunk_0000,NGVC,Item_6,0,11,too_short
NGVC__10-K__0001437749-24-037351__Item_9__chunk_0000,NGVC,Item_9,0,21,too_short
NGVC__10-K__0001437749-24-037351__Item_9B__chunk_0000,NGVC,Item_9B,0,10,too_short
NGVC__10-K__0001437749-24-037351__Item_9C__chunk_0000,NGVC,Item_9C,0,24,too_short
NGVC__10-K__0001437749-24-037351__Part_I__chunk_0000,NGVC,Part_I,0,2,too_short
NGVC__10-K__0001437749-24-037351__Part_II__chunk_0000,NGVC,Part_II,0,2,too_short
NGVC__10-K__0001437749-24-037351__Part_III__chunk_0000,NGVC,Part_III,0,2,too_short
NGVC__10-K__0001437749-24-037351__Part_IV__chunk_0000,NGVC,Part_IV,0,2,too_short
NGVC__10-K__0001437749-25-037556__Item_11__chunk_0000,NGVC,Item_11,0,40,too_short
NGVC__10-K__0001437749-25-037556__Item_16__chunk_0000,NGVC,Item_16,0,18,too_short
NGVC__10-K__0001437749-25-037556__Item_1B__chunk_0000,NGVC,Item_1B,0,12,too_short
NGVC__10-K__0001437749-25-037556__Item_4__chunk_0000,NGVC,Item_4,0,17,too_short
NGVC__10-K__0001437749-25-037556__Item_6__chunk_0000,NGVC,Item_6,0,11,too_short
NGVC__10-K__0001437749-25-037556__Item_9__chunk_0000,NGVC,Item_9,0,21,too_short
NGVC__10-K__0001437749-25-037556__Item_9B__chunk_0000,NGVC,Item_9B,0,10,too_short
NGVC__10-K__0001437749-25-037556__Item_9C__chunk_0000,NGVC,Item_9C,0,23,too_short
NGVC__10-K__0001437749-25-037556__Part_I__chunk_0000,NGVC,Part_I,0,2,too_short
NGVC__10-K__0001437749-25-037556__Part_II__chunk_0000,NGVC,Part_II,0,2,too_short
NGVC__10-K__0001437749-25-037556__Part_III__chunk_0000,NGVC,Part_III,0,2,too_short
NGVC__10-K__0001437749-25-037556__Part_IV__chunk_0000,NGVC,Part_IV,0,2,too_short
NKE__10-K__0000320187-23-000039__Item_1B__chunk_0000,NKE,Item_1B,0,14,too_short
NKE__10-K__0000320187-23-000039__Item_4__chunk_0000,NKE,Item_4,0,27,too_short
NKE__10-K__0000320187-23-000039__Item_9B__chunk_0000,NKE,Item_9B,0,15,too_short
NKE__10-K__0000320187-23-000039__Item_9C__chunk_0000,NKE,Item_9C,0,38,too_short
NKE__10-K__0000320187-23-000039__Part_IV__chunk_0000,NKE,Part_IV,0,2,too_short
NKE__10-K__0000320187-24-000044__Item_4__chunk_0000,NKE,Item_4,0,27,too_short
NKE__10-K__0000320187-24-000044__Item_9C__chunk_0000,NKE,Item_9C,0,37,too_short
NKE__10-K__0000320187-24-000044__Part_IV__chunk_0000,NKE,Part_IV,0,2,too_short
NKE__10-K__0000320187-25-000047__Item_1B__chunk_0000,NKE,Item_1B,0,14,too_short
NKE__10-K__0000320187-25-000047__Item_4__chunk_0000,NKE,Item_4,0,28,too_short
NKE__10-K__0000320187-25-000047__Item_9C__chunk_0000,NKE,Item_9C,0,38,too_short
NKE__10-K__0000320187-25-000047__Part_IV__chunk_0000,NKE,Part_IV,0,2,too_short
NWL__10-K__0000814453-24-000017__Item_3__chunk_0000,NWL,Item_3,0,35,too_short
NWL__10-K__0000814453-24-000017__Item_9C__chunk_0000,NWL,Item_9C,0,25,too_short
NWL__10-K__0000814453-25-000008__Item_3__chunk_0000,NWL,Item_3,0,35,too_short
NWL__10-K__0000814453-25-000008__Item_9C__chunk_0000,NWL,Item_9C,0,25,too_short
NWL__10-K__0000814453-26-000008__Item_3__chunk_0000,NWL,Item_3,0,35,too_short
NWL__10-K__0000814453-26-000008__Item_9C__chunk_0000,NWL,Item_9C,0,25,too_short
NWL__10-K__0000814453-26-000008__Part_II__chunk_0000,NWL,Part_II,0,2,too_short
OLLI__10-K__0001140361-24-015681__Item_40__chunk_0000,OLLI,Item_40,0,22,too_short
ONEW__10-K__0001772921-23-000087__Item_4__chunk_0000,ONEW,Item_4,0,17,too_short
ONEW__10-K__0001772921-23-000087__Item_6__chunk_0000,ONEW,Item_6,0,31,too_short
ONEW__10-K__0001772921-23-000087__Item_9B__chunk_0000,ONEW,Item_9B,0,10,too_short
ONEW__10-K__0001772921-23-000087__Item_9C__chunk_0000,ONEW,Item_9C,0,23,too_short
ONEW__10-K__0001772921-23-000087__Part_II__chunk_0000,ONEW,Part_II,0,2,too_short
ONEW__10-K__0001772921-23-000087__Part_III__chunk_0000,ONEW,Part_III,0,2,too_short
ONEW__10-K__0001772921-23-000087__Part_IV__chunk_0000,ONEW,Part_IV,0,2,too_short
ONEW__10-K__0001772921-24-000101__Item_4__chunk_0000,ONEW,Item_4,0,17,too_short
ONEW__10-K__0001772921-24-000101__Item_6__chunk_0000,ONEW,Item_6,0,8,too_short
ONEW__10-K__0001772921-24-000101__Item_9C__chunk_0000,ONEW,Item_9C,0,23,too_short
ONEW__10-K__0001772921-24-000101__Part_II__chunk_0000,ONEW,Part_II,0,2,too_short
ONEW__10-K__0001772921-24-000101__Part_III__chunk_0000,ONEW,Part_III,0,2,too_short
ONEW__10-K__0001772921-24-000101__Part_IV__chunk_0000,ONEW,Part_IV,0,2,too_short
ONEW__10-K__0001772921-25-000085__Item_4__chunk_0000,ONEW,Item_4,0,17,too_short
ONEW__10-K__0001772921-25-000085__Item_6__chunk_0000,ONEW,Item_6,0,8,too_short
ONEW__10-K__0001772921-25-000085__Item_9C__chunk_0000,ONEW,Item_9C,0,23,too_short
ONEW__10-K__0001772921-25-000085__Part_II__chunk_0000,ONEW,Part_II,0,2,too_short
ONEW__10-K__0001772921-25-000085__Part_III__chunk_0000,ONEW,Part_III,0,2,too_short
ONEW__10-K__0001772921-25-000085__Part_IV__chunk_0000,ONEW,Part_IV,0,2,too_short
ORBS__10-K__0001493152-24-012608__Item_16__chunk_0000,ORBS,Item_16,0,19,too_short
ORLY__10-K__0000898173-24-000009__Item_4__chunk_0000,ORLY,Item_4,0,21,too_short
ORLY__10-K__0000898173-25-000008__Item_4__chunk_0000,ORLY,Item_4,0,21,too_short
ORLY__10-K__0000898173-26-000009__Item_4__chunk_0000,ORLY,Item_4,0,21,too_short
OXM__10-K__0000075288-24-000003__Item_4__chunk_0000,OXM,Item_4,0,11,too_short
OXM__10-K__0000075288-24-000003__Item_9C__chunk_0000,OXM,Item_9C,0,18,too_short
OXM__10-K__0000075288-24-000003__Part_IV__chunk_0000,OXM,Part_IV,0,2,too_short
OXM__10-K__0000075288-25-000033__Item_1B__chunk_0000,OXM,Item_1B,0,11,too_short
OXM__10-K__0000075288-25-000033__Item_4__chunk_0000,OXM,Item_4,0,11,too_short
OXM__10-K__0000075288-25-000033__Item_9C__chunk_0000,OXM,Item_9C,0,18,too_short
OXM__10-K__0000075288-25-000033__Part_III__chunk_0000,OXM,Part_III,0,39,too_short
OXM__10-K__0000075288-25-000033__Part_IV__chunk_0000,OXM,Part_IV,0,2,too_short
OXM__10-K__0000075288-26-000026__Item_1B__chunk_0000,OXM,Item_1B,0,11,too_short
OXM__10-K__0000075288-26-000026__Item_4__chunk_0000,OXM,Item_4,0,11,too_short
OXM__10-K__0000075288-26-000026__Item_9C__chunk_0000,OXM,Item_9C,0,18,too_short
OXM__10-K__0000075288-26-000026__Part_III__chunk_0000,OXM,Part_III,0,39,too_short
OXM__10-K__0000075288-26-000026__Part_IV__chunk_0000,OXM,Part_IV,0,2,too_short
PAG__10-K__0001019849-24-000033__Item_4__chunk_0000,PAG,Item_4,0,11,too_short
PAG__10-K__0001019849-24-000033__Item_6__chunk_0000,PAG,Item_6,0,7,too_short
PAG__10-K__0001019849-24-000033__Part_II__chunk_0000,PAG,Part_II,0,2,too_short
PAG__10-K__0001019849-25-000022__Item_4__chunk_0000,PAG,Item_4,0,11,too_short
PAG__10-K__0001019849-25-000022__Item_6__chunk_0000,PAG,Item_6,0,7,too_short
PAG__10-K__0001019849-25-000022__Part_II__chunk_0000,PAG,Part_II,0,2,too_short
PAG__10-K__0001628280-26-012830__Item_4__chunk_0000,PAG,Item_4,0,11,too_short
PAG__10-K__0001628280-26-012830__Item_6__chunk_0000,PAG,Item_6,0,7,too_short
PAG__10-K__0001628280-26-012830__Part_II__chunk_0000,PAG,Part_II,0,2,too_short
PETS__10-K__0001040130-24-000046__Item_9__chunk_0000,PETS,Item_9,0,30,too_short
PETS__10-K__0001040130-24-000046__Item_9C__chunk_0000,PETS,Item_9C,0,29,too_short
PETS__10-K__0001040130-24-000046__Part_III__chunk_0000,PETS,Part_III,0,2,too_short
PETS__10-K__0001040130-24-000046__Part_IV__chunk_0000,PETS,Part_IV,0,2,too_short
PETS__10-K__0001040130-25-000072__Item_9__chunk_0000,PETS,Item_9,0,30,too_short
PETS__10-K__0001040130-25-000072__Item_9C__chunk_0000,PETS,Item_9C,0,29,too_short
PETS__10-K__0001040130-25-000072__Part_III__chunk_0000,PETS,Part_III,0,2,too_short
PETS__10-K__0001040130-25-000072__Part_IV__chunk_0000,PETS,Part_IV,0,2,too_short
PETS__10-K__0001040130-26-000019__Item_3__chunk_0000,PETS,Item_3,0,42,too_short
PETS__10-K__0001040130-26-000019__Item_9C__chunk_0000,PETS,Item_9C,0,29,too_short
PETS__10-K__0001040130-26-000019__Part_III__chunk_0000,PETS,Part_III,0,2,too_short
PETS__10-K__0001040130-26-000019__Part_IV__chunk_0000,PETS,Part_IV,0,2,too_short
PEW__10-K__0001193125-26-104172__Item_7A__chunk_0000,PEW,Item_7A,0,18,too_short
PEW__10-K__0001193125-26-104172__Item_8__chunk_0000,PEW,Item_8,0,37,too_short
PLBY__10-K__0001628280-26-018238__Item_4__chunk_0000,PLBY,Item_4,0,13,too_short
PLBY__10-K__0001628280-26-018238__Item_9C__chunk_0000,PLBY,Item_9C,0,19,too_short
PLBY__10-K__0001628280-26-018238__Part_IV__chunk_0000,PLBY,Part_IV,0,2,too_short
PLBY__10-K__0001803914-24-000022__Item_4__chunk_0000,PLBY,Item_4,0,13,too_short
PLBY__10-K__0001803914-24-000022__Item_7A__chunk_0000,PLBY,Item_7A,0,19,too_short
PLBY__10-K__0001803914-24-000022__Item_9C__chunk_0000,PLBY,Item_9C,0,19,too_short
PLBY__10-K__0001803914-24-000022__Part_IV__chunk_0000,PLBY,Part_IV,0,2,too_short
PLBY__10-K__0001803914-25-000030__Item_4__chunk_0000,PLBY,Item_4,0,13,too_short
PLBY__10-K__0001803914-25-000030__Item_7A__chunk_0000,PLBY,Item_7A,0,19,too_short
PLBY__10-K__0001803914-25-000030__Item_9C__chunk_0000,PLBY,Item_9C,0,19,too_short
PLBY__10-K__0001803914-25-000030__Part_IV__chunk_0000,PLBY,Part_IV,0,2,too_short
PLCE__10-K__0001628280-24-020436__Item_11__chunk_0000,PLCE,Item_11,0,41,too_short
PLCE__10-K__0001628280-24-020436__Item_14__chunk_0000,PLCE,Item_14,0,49,too_short
PLCE__10-K__0001628280-24-020436__Item_4__chunk_0000,PLCE,Item_4,0,21,too_short
PLCE__10-K__0001628280-24-020436__Item_6__chunk_0000,PLCE,Item_6,0,13,too_short
PLCE__10-K__0001628280-24-020436__Item_9C__chunk_0000,PLCE,Item_9C,0,32,too_short
PLCE__10-K__0001628280-24-020436__Part_II__chunk_0000,PLCE,Part_II,0,2,too_short
PLCE__10-K__0001628280-24-020436__Part_III__chunk_0000,PLCE,Part_III,0,2,too_short
PLCE__10-K__0001628280-24-020436__Part_IV__chunk_0000,PLCE,Part_IV,0,2,too_short
PLCE__10-K__0001628280-25-018195__Item_11__chunk_0000,PLCE,Item_11,0,41,too_short
PLCE__10-K__0001628280-25-018195__Item_14__chunk_0000,PLCE,Item_14,0,49,too_short
PLCE__10-K__0001628280-25-018195__Item_4__chunk_0000,PLCE,Item_4,0,21,too_short
PLCE__10-K__0001628280-25-018195__Item_6__chunk_0000,PLCE,Item_6,0,13,too_short
PLCE__10-K__0001628280-25-018195__Item_9B__chunk_0000,PLCE,Item_9B,0,11,too_short
PLCE__10-K__0001628280-25-018195__Item_9C__chunk_0000,PLCE,Item_9C,0,32,too_short
PLCE__10-K__0001628280-25-018195__Part_II__chunk_0000,PLCE,Part_II,0,2,too_short
PLCE__10-K__0001628280-25-018195__Part_III__chunk_0000,PLCE,Part_III,0,2,too_short
PLCE__10-K__0001628280-25-018195__Part_IV__chunk_0000,PLCE,Part_IV,0,2,too_short
PLCE__10-K__0001628280-26-024672__Item_11__chunk_0000,PLCE,Item_11,0,41,too_short
PLCE__10-K__0001628280-26-024672__Item_14__chunk_0000,PLCE,Item_14,0,49,too_short
PLCE__10-K__0001628280-26-024672__Item_4__chunk_0000,PLCE,Item_4,0,21,too_short
PLCE__10-K__0001628280-26-024672__Item_6__chunk_0000,PLCE,Item_6,0,13,too_short
PLCE__10-K__0001628280-26-024672__Item_9B__chunk_0000,PLCE,Item_9B,0,11,too_short
PLCE__10-K__0001628280-26-024672__Item_9C__chunk_0000,PLCE,Item_9C,0,32,too_short
PLCE__10-K__0001628280-26-024672__Part_II__chunk_0000,PLCE,Part_II,0,2,too_short
PLCE__10-K__0001628280-26-024672__Part_III__chunk_0000,PLCE,Part_III,0,2,too_short
PLCE__10-K__0001628280-26-024672__Part_IV__chunk_0000,PLCE,Part_IV,0,2,too_short
POWW__10-K__0000950170-25-086893__Item_6__chunk_0000,POWW,Item_6,0,9,too_short
POWW__10-K__0000950170-25-086893__Item_8__chunk_0000,POWW,Item_8,0,41,too_short
POWW__10-K__0000950170-25-086893__Item_9B__chunk_0000,POWW,Item_9B,0,9,too_short
POWW__10-K__0000950170-25-086893__Part_I__chunk_0000,POWW,Part_I,0,2,too_short
POWW__10-K__0001193125-26-276653__Item_8__chunk_0000,POWW,Item_8,0,38,too_short
POWW__10-K__0001193125-26-276653__Item_9B__chunk_0000,POWW,Item_9B,0,9,too_short
POWW__10-K__0001193125-26-276653__Part_I__chunk_0000,POWW,Part_I,0,2,too_short
PRPL__10-K__0001213900-24-021861__Item_1B__chunk_0000,PRPL,Item_1B,0,12,too_short
PRPL__10-K__0001213900-24-021861__Item_4__chunk_0000,PRPL,Item_4,0,13,too_short
PRPL__10-K__0001213900-24-021861__Item_6__chunk_0000,PRPL,Item_6,0,7,too_short
PRPL__10-K__0001213900-24-021861__Item_8__chunk_0000,PRPL,Item_8,0,42,too_short
PRPL__10-K__0001213900-24-021861__Item_9__chunk_0000,PRPL,Item_9,0,21,too_short
PRPL__10-K__0001213900-24-021861__Item_9C__chunk_0000,PRPL,Item_9C,0,20,too_short
PRPL__10-K__0001213900-25-023815__Item_1B__chunk_0000,PRPL,Item_1B,0,12,too_short
PRPL__10-K__0001213900-25-023815__Item_8__chunk_0000,PRPL,Item_8,0,42,too_short
PRPL__10-K__0001213900-25-023815__Item_9__chunk_0000,PRPL,Item_9,0,21,too_short
PRPL__10-K__0001213900-25-023815__Item_9C__chunk_0000,PRPL,Item_9C,0,20,too_short
PRPL__10-K__0001213900-25-023815__Part_I__chunk_0000,PRPL,Part_I,0,2,too_short
PRPL__10-K__0001213900-25-023815__Part_III__chunk_0000,PRPL,Part_III,0,2,too_short
PRPL__10-K__0001213900-25-023815__Part_IV__chunk_0000,PRPL,Part_IV,0,2,too_short
PRPL__10-K__0001213900-26-036974__Item_1B__chunk_0000,PRPL,Item_1B,0,12,too_short
PRPL__10-K__0001213900-26-036974__Item_4__chunk_0000,PRPL,Item_4,0,13,too_short
PRPL__10-K__0001213900-26-036974__Item_6__chunk_0000,PRPL,Item_6,0,7,too_short
PRPL__10-K__0001213900-26-036974__Item_8__chunk_0000,PRPL,Item_8,0,42,too_short
PRPL__10-K__0001213900-26-036974__Item_9__chunk_0000,PRPL,Item_9,0,21,too_short
PRPL__10-K__0001213900-26-036974__Item_9C__chunk_0000,PRPL,Item_9C,0,20,too_short
PRPL__10-K__0001213900-26-036974__Part_I__chunk_0000,PRPL,Part_I,0,2,too_short
PRPL__10-K__0001213900-26-036974__Part_II__chunk_0000,PRPL,Part_II,0,2,too_short
PRPL__10-K__0001213900-26-036974__Part_III__chunk_0000,PRPL,Part_III,0,2,too_short
PRPL__10-K__0001213900-26-036974__Part_IV__chunk_0000,PRPL,Part_IV,0,2,too_short
PRTS__10-K__0001378950-24-000034__Item_4__chunk_0000,PRTS,Item_4,0,22,too_short
PRTS__10-K__0001378950-24-000034__Item_9C__chunk_0000,PRTS,Item_9C,0,36,too_short
PRTS__10-K__0001378950-24-000034__Part_III__chunk_0000,PRTS,Part_III,0,2,too_short
PRTS__10-K__0001378950-24-000034__Part_IV__chunk_0000,PRTS,Part_IV,0,2,too_short
PRTS__10-K__0001378950-25-000036__Item_4__chunk_0000,PRTS,Item_4,0,22,too_short
PRTS__10-K__0001378950-25-000036__Item_9C__chunk_0000,PRTS,Item_9C,0,36,too_short
PRTS__10-K__0001378950-25-000036__Part_III__chunk_0000,PRTS,Part_III,0,2,too_short
PRTS__10-K__0001378950-25-000036__Part_IV__chunk_0000,PRTS,Part_IV,0,2,too_short
PRTS__10-K__0001378950-26-000035__Item_4__chunk_0000,PRTS,Item_4,0,22,too_short
PRTS__10-K__0001378950-26-000035__Item_9C__chunk_0000,PRTS,Item_9C,0,36,too_short
PRTS__10-K__0001378950-26-000035__Part_III__chunk_0000,PRTS,Part_III,0,2,too_short
PRTS__10-K__0001378950-26-000035__Part_IV__chunk_0000,PRTS,Part_IV,0,2,too_short
PSMT__10-K__0001041803-23-000054__Item_1B__chunk_0000,PSMT,Item_1B,0,16,too_short
PSMT__10-K__0001041803-23-000054__Item_4__chunk_0000,PSMT,Item_4,0,16,too_short
PSMT__10-K__0001041803-23-000054__Item_8__chunk_0000,PSMT,Item_8,0,28,too_short
PSMT__10-K__0001041803-23-000054__Item_9__chunk_0000,PSMT,Item_9,0,20,too_short
PSMT__10-K__0001041803-23-000054__Item_9B__chunk_0000,PSMT,Item_9B,0,14,too_short
PSMT__10-K__0001041803-23-000054__Item_9C__chunk_0000,PSMT,Item_9C,0,18,too_short
PSMT__10-K__0001041803-23-000054__Part_IV__chunk_0000,PSMT,Part_IV,0,2,too_short
PSMT__10-K__0001041803-24-000044__Item_4__chunk_0000,PSMT,Item_4,0,16,too_short
PSMT__10-K__0001041803-24-000044__Item_8__chunk_0000,PSMT,Item_8,0,28,too_short
PSMT__10-K__0001041803-24-000044__Item_9__chunk_0000,PSMT,Item_9,0,20,too_short
PSMT__10-K__0001041803-24-000044__Item_9C__chunk_0000,PSMT,Item_9C,0,18,too_short
PSMT__10-K__0001041803-24-000044__Part_IV__chunk_0000,PSMT,Part_IV,0,2,too_short
PSMT__10-K__0001041803-25-000060__Item_4__chunk_0000,PSMT,Item_4,0,16,too_short
PSMT__10-K__0001041803-25-000060__Item_8__chunk_0000,PSMT,Item_8,0,28,too_short
PSMT__10-K__0001041803-25-000060__Item_9__chunk_0000,PSMT,Item_9,0,20,too_short
PSMT__10-K__0001041803-25-000060__Item_9C__chunk_0000,PSMT,Item_9C,0,18,too_short
PSMT__10-K__0001041803-25-000060__Part_IV__chunk_0000,PSMT,Part_IV,0,2,too_short
PTRN__10-K__0001811935-26-000013__Item_11__chunk_0000,PTRN,Item_11,0,21,too_short
PTRN__10-K__0001811935-26-000013__Item_12__chunk_0000,PTRN,Item_12,0,33,too_short
PTRN__10-K__0001811935-26-000013__Item_13__chunk_0000,PTRN,Item_13,0,28,too_short
PTRN__10-K__0001811935-26-000013__Item_14__chunk_0000,PTRN,Item_14,0,28,too_short
PTRN__10-K__0001811935-26-000013__Item_4__chunk_0000,PTRN,Item_4,0,16,too_short
PTRN__10-K__0001811935-26-000013__Item_9C__chunk_0000,PTRN,Item_9C,0,23,too_short
PTRN__10-K__0001811935-26-000013__Part_IV__chunk_0000,PTRN,Part_IV,0,2,too_short
PVH__10-K__0000078239-24-000013__Item_4__chunk_0000,PVH,Item_4,0,13,too_short
PVH__10-K__0000078239-24-000013__Item_8__chunk_0000,PVH,Item_8,0,33,too_short
PVH__10-K__0000078239-24-000013__Item_9C__chunk_0000,PVH,Item_9C,0,19,too_short
PVH__10-K__0000078239-24-000013__Part_I__chunk_0000,PVH,Part_I,0,2,too_short
PVH__10-K__0000078239-24-000013__Part_IV__chunk_0000,PVH,Part_IV,0,2,too_short
PVH__10-K__0000078239-25-000018__Item_1B__chunk_0000,PVH,Item_1B,0,11,too_short
PVH__10-K__0000078239-25-000018__Item_4__chunk_0000,PVH,Item_4,0,13,too_short
PVH__10-K__0000078239-25-000018__Item_8__chunk_0000,PVH,Item_8,0,33,too_short
PVH__10-K__0000078239-25-000018__Item_9C__chunk_0000,PVH,Item_9C,0,19,too_short
PVH__10-K__0000078239-25-000018__Part_I__chunk_0000,PVH,Part_I,0,2,too_short
PVH__10-K__0000078239-25-000018__Part_IV__chunk_0000,PVH,Part_IV,0,2,too_short
PVH__10-K__0000078239-26-000021__Item_1B__chunk_0000,PVH,Item_1B,0,13,too_short
PVH__10-K__0000078239-26-000021__Item_4__chunk_0000,PVH,Item_4,0,13,too_short
PVH__10-K__0000078239-26-000021__Item_8__chunk_0000,PVH,Item_8,0,33,too_short
PVH__10-K__0000078239-26-000021__Item_9C__chunk_0000,PVH,Item_9C,0,19,too_short
PVH__10-K__0000078239-26-000021__Part_I__chunk_0000,PVH,Part_I,0,2,too_short
PVH__10-K__0000078239-26-000021__Part_IV__chunk_0000,PVH,Part_IV,0,2,too_short
RCKY__10-K__0001437749-24-007987__Item_1B__chunk_0000,RCKY,Item_1B,0,15,too_short
RCKY__10-K__0001437749-24-007987__Item_4__chunk_0000,RCKY,Item_4,0,21,too_short
RCKY__10-K__0001437749-24-007987__Item_6__chunk_0000,RCKY,Item_6,0,8,too_short
RCKY__10-K__0001437749-24-007987__Item_9__chunk_0000,RCKY,Item_9,0,31,too_short
RCKY__10-K__0001437749-24-007987__Item_9C__chunk_0000,RCKY,Item_9C,0,27,too_short
RCKY__10-K__0001437749-24-007987__Part_I__chunk_0000,RCKY,Part_I,0,2,too_short
RCKY__10-K__0001437749-24-007987__Part_II__chunk_0000,RCKY,Part_II,0,2,too_short
RCKY__10-K__0001437749-24-007987__Part_III__chunk_0000,RCKY,Part_III,0,2,too_short
RCKY__10-K__0001437749-24-007987__Part_IV__chunk_0000,RCKY,Part_IV,0,2,too_short
RCKY__10-K__0001437749-25-008025__Item_1B__chunk_0000,RCKY,Item_1B,0,15,too_short
RCKY__10-K__0001437749-25-008025__Item_4__chunk_0000,RCKY,Item_4,0,21,too_short
RCKY__10-K__0001437749-25-008025__Item_6__chunk_0000,RCKY,Item_6,0,8,too_short
RCKY__10-K__0001437749-25-008025__Item_9__chunk_0000,RCKY,Item_9,0,31,too_short
RCKY__10-K__0001437749-25-008025__Item_9C__chunk_0000,RCKY,Item_9C,0,27,too_short
RCKY__10-K__0001437749-25-008025__Part_I__chunk_0000,RCKY,Part_I,0,2,too_short
RCKY__10-K__0001437749-25-008025__Part_II__chunk_0000,RCKY,Part_II,0,2,too_short
RCKY__10-K__0001437749-25-008025__Part_III__chunk_0000,RCKY,Part_III,0,2,too_short
RCKY__10-K__0001437749-25-008025__Part_IV__chunk_0000,RCKY,Part_IV,0,2,too_short
RCKY__10-K__0001437749-26-007634__Item_1B__chunk_0000,RCKY,Item_1B,0,15,too_short
RCKY__10-K__0001437749-26-007634__Item_4__chunk_0000,RCKY,Item_4,0,21,too_short
RCKY__10-K__0001437749-26-007634__Item_6__chunk_0000,RCKY,Item_6,0,8,too_short
RCKY__10-K__0001437749-26-007634__Item_7A__chunk_0000,RCKY,Item_7A,0,35,too_short
RCKY__10-K__0001437749-26-007634__Item_9__chunk_0000,RCKY,Item_9,0,31,too_short
RCKY__10-K__0001437749-26-007634__Item_9C__chunk_0000,RCKY,Item_9C,0,27,too_short
RCKY__10-K__0001437749-26-007634__Part_I__chunk_0000,RCKY,Part_I,0,2,too_short
RCKY__10-K__0001437749-26-007634__Part_II__chunk_0000,RCKY,Part_II,0,2,too_short
RCKY__10-K__0001437749-26-007634__Part_III__chunk_0000,RCKY,Part_III,0,2,too_short
RCKY__10-K__0001437749-26-007634__Part_IV__chunk_0000,RCKY,Part_IV,0,2,too_short
RDNW__10-K__0001596961-24-000021__Item_2__chunk_0000,RDNW,Item_2,0,47,too_short
RDNW__10-K__0001596961-24-000021__Item_4__chunk_0000,RDNW,Item_4,0,18,too_short
RDNW__10-K__0001596961-24-000021__Item_6__chunk_0000,RDNW,Item_6,0,10,too_short
RDNW__10-K__0001596961-24-000021__Item_8__chunk_0000,RDNW,Item_8,0,41,too_short
RDNW__10-K__0001596961-24-000021__Item_9B__chunk_0000,RDNW,Item_9B,0,10,too_short
RDNW__10-K__0001596961-24-000021__Item_9C__chunk_0000,RDNW,Item_9C,0,27,too_short
RDNW__10-K__0001596961-24-000021__Part_II__chunk_0000,RDNW,Part_II,0,2,too_short
RDNW__10-K__0001596961-24-000021__Part_III__chunk_0000,RDNW,Part_III,0,2,too_short
RDNW__10-K__0001596961-24-000021__Part_IV__chunk_0000,RDNW,Part_IV,0,2,too_short
RDNW__10-K__0001596961-25-000024__Item_4__chunk_0000,RDNW,Item_4,0,21,too_short
RDNW__10-K__0001596961-25-000024__Item_6__chunk_0000,RDNW,Item_6,0,9,too_short
RDNW__10-K__0001596961-25-000024__Item_8__chunk_0000,RDNW,Item_8,0,41,too_short
RDNW__10-K__0001596961-25-000024__Item_9B__chunk_0000,RDNW,Item_9B,0,10,too_short
RDNW__10-K__0001596961-25-000024__Part_II__chunk_0000,RDNW,Part_II,0,2,too_short
RDNW__10-K__0001596961-25-000024__Part_III__chunk_0000,RDNW,Part_III,0,2,too_short
RDNW__10-K__0001596961-25-000024__Part_IV__chunk_0000,RDNW,Part_IV,0,2,too_short
RDNW__10-K__0001596961-26-000015__Item_4__chunk_0000,RDNW,Item_4,0,22,too_short
RDNW__10-K__0001596961-26-000015__Item_6__chunk_0000,RDNW,Item_6,0,9,too_short
RDNW__10-K__0001596961-26-000015__Item_7A__chunk_0000,RDNW,Item_7A,0,30,too_short
RDNW__10-K__0001596961-26-000015__Item_8__chunk_0000,RDNW,Item_8,0,40,too_short
RDNW__10-K__0001596961-26-000015__Item_9C__chunk_0000,RDNW,Item_9C,0,33,too_short
RDNW__10-K__0001596961-26-000015__Part_II__chunk_0000,RDNW,Part_II,0,2,too_short
RDNW__10-K__0001596961-26-000015__Part_III__chunk_0000,RDNW,Part_III,0,2,too_short
RDNW__10-K__0001596961-26-000015__Part_IV__chunk_0000,RDNW,Part_IV,0,2,too_short
REAL__10-K__0001573221-24-000030__Item_11__chunk_0000,REAL,Item_11,0,23,too_short
REAL__10-K__0001573221-24-000030__Item_12__chunk_0000,REAL,Item_12,0,35,too_short
REAL__10-K__0001573221-24-000030__Item_13__chunk_0000,REAL,Item_13,0,30,too_short
REAL__10-K__0001573221-24-000030__Item_4__chunk_0000,REAL,Item_4,0,18,too_short
REAL__10-K__0001573221-24-000030__Item_6__chunk_0000,REAL,Item_6,0,12,too_short
REAL__10-K__0001573221-24-000030__Item_7A__chunk_0000,REAL,Item_7A,0,49,too_short
REAL__10-K__0001573221-24-000030__Item_8__chunk_0000,REAL,Item_8,0,34,too_short
REAL__10-K__0001573221-24-000030__Item_9C__chunk_0000,REAL,Item_9C,0,26,too_short
REAL__10-K__0001573221-24-000030__Part_II__chunk_0000,REAL,Part_II,0,2,too_short
REAL__10-K__0001573221-24-000030__Part_III__chunk_0000,REAL,Part_III,0,2,too_short
REAL__10-K__0001573221-25-000013__Item_11__chunk_0000,REAL,Item_11,0,23,too_short
REAL__10-K__0001573221-25-000013__Item_12__chunk_0000,REAL,Item_12,0,35,too_short
REAL__10-K__0001573221-25-000013__Item_13__chunk_0000,REAL,Item_13,0,30,too_short
REAL__10-K__0001573221-25-000013__Item_1B__chunk_0000,REAL,Item_1B,0,12,too_short
REAL__10-K__0001573221-25-000013__Item_4__chunk_0000,REAL,Item_4,0,16,too_short
REAL__10-K__0001573221-25-000013__Item_6__chunk_0000,REAL,Item_6,0,10,too_short
REAL__10-K__0001573221-25-000013__Item_7A__chunk_0000,REAL,Item_7A,0,49,too_short
REAL__10-K__0001573221-25-000013__Item_8__chunk_0000,REAL,Item_8,0,34,too_short
REAL__10-K__0001573221-25-000013__Item_9C__chunk_0000,REAL,Item_9C,0,24,too_short
REAL__10-K__0001573221-25-000013__Part_II__chunk_0000,REAL,Part_II,0,2,too_short
REAL__10-K__0001573221-25-000013__Part_III__chunk_0000,REAL,Part_III,0,2,too_short
REAL__10-K__0001573221-26-000010__Item_11__chunk_0000,REAL,Item_11,0,23,too_short
REAL__10-K__0001573221-26-000010__Item_12__chunk_0000,REAL,Item_12,0,35,too_short
REAL__10-K__0001573221-26-000010__Item_13__chunk_0000,REAL,Item_13,0,30,too_short
REAL__10-K__0001573221-26-000010__Item_1B__chunk_0000,REAL,Item_1B,0,12,too_short
REAL__10-K__0001573221-26-000010__Item_4__chunk_0000,REAL,Item_4,0,16,too_short
REAL__10-K__0001573221-26-000010__Item_6__chunk_0000,REAL,Item_6,0,10,too_short
REAL__10-K__0001573221-26-000010__Item_8__chunk_0000,REAL,Item_8,0,34,too_short
REAL__10-K__0001573221-26-000010__Item_9C__chunk_0000,REAL,Item_9C,0,24,too_short
REAL__10-K__0001573221-26-000010__Part_II__chunk_0000,REAL,Part_II,0,2,too_short
REAL__10-K__0001573221-26-000010__Part_III__chunk_0000,REAL,Part_III,0,2,too_short
REBN__10-K__0001213900-24-026917__Item_1B__chunk_0000,REBN,Item_1B,0,12,too_short
REBN__10-K__0001213900-24-026917__Item_4__chunk_0000,REBN,Item_4,0,12,too_short
REBN__10-K__0001213900-24-026917__Item_6__chunk_0000,REBN,Item_6,0,7,too_short
REBN__10-K__0001213900-24-026917__Item_8__chunk_0000,REBN,Item_8,0,41,too_short
REBN__10-K__0001213900-24-026917__Item_9__chunk_0000,REBN,Item_9,0,22,too_short
REBN__10-K__0001213900-24-026917__Item_9C__chunk_0000,REBN,Item_9C,0,20,too_short
REBN__10-K__0001213900-24-026917__Part_I__chunk_0000,REBN,Part_I,0,2,too_short
REBN__10-K__0001213900-24-026917__Part_II__chunk_0000,REBN,Part_II,0,2,too_short
REBN__10-K__0001213900-24-026917__Part_III__chunk_0000,REBN,Part_III,0,2,too_short
REBN__10-K__0001213900-24-026917__Part_IV__chunk_0000,REBN,Part_IV,0,2,too_short
REBN__10-K__0001213900-25-026307__Item_1B__chunk_0000,REBN,Item_1B,0,12,too_short
REBN__10-K__0001213900-25-026307__Item_4__chunk_0000,REBN,Item_4,0,13,too_short
REBN__10-K__0001213900-25-026307__Item_6__chunk_0000,REBN,Item_6,0,7,too_short
REBN__10-K__0001213900-25-026307__Item_8__chunk_0000,REBN,Item_8,0,41,too_short
REBN__10-K__0001213900-25-026307__Item_9__chunk_0000,REBN,Item_9,0,22,too_short
REBN__10-K__0001213900-25-026307__Item_9C__chunk_0000,REBN,Item_9C,0,20,too_short
REBN__10-K__0001213900-25-026307__Part_I__chunk_0000,REBN,Part_I,0,2,too_short
REBN__10-K__0001213900-25-026307__Part_II__chunk_0000,REBN,Part_II,0,2,too_short
REBN__10-K__0001213900-25-026307__Part_III__chunk_0000,REBN,Part_III,0,2,too_short
REBN__10-K__0001213900-25-026307__Part_IV__chunk_0000,REBN,Part_IV,0,2,too_short
REBN__10-K__0001213900-26-046490__Item_1B__chunk_0000,REBN,Item_1B,0,12,too_short
REBN__10-K__0001213900-26-046490__Item_4__chunk_0000,REBN,Item_4,0,13,too_short
REBN__10-K__0001213900-26-046490__Item_6__chunk_0000,REBN,Item_6,0,7,too_short
REBN__10-K__0001213900-26-046490__Item_8__chunk_0000,REBN,Item_8,0,41,too_short
REBN__10-K__0001213900-26-046490__Item_9__chunk_0000,REBN,Item_9,0,22,too_short
REBN__10-K__0001213900-26-046490__Item_9C__chunk_0000,REBN,Item_9C,0,20,too_short
REBN__10-K__0001213900-26-046490__Part_I__chunk_0000,REBN,Part_I,0,2,too_short
REBN__10-K__0001213900-26-046490__Part_II__chunk_0000,REBN,Part_II,0,2,too_short
REBN__10-K__0001213900-26-046490__Part_III__chunk_0000,REBN,Part_III,0,2,too_short
REBN__10-K__0001213900-26-046490__Part_IV__chunk_0000,REBN,Part_IV,0,2,too_short
RENT__10-K__0001468327-24-000114__Item_11__chunk_0000,RENT,Item_11,0,21,too_short
RENT__10-K__0001468327-24-000114__Item_12__chunk_0000,RENT,Item_12,0,28,too_short
RENT__10-K__0001468327-24-000114__Item_13__chunk_0000,RENT,Item_13,0,27,too_short
RENT__10-K__0001468327-24-000114__Item_14__chunk_0000,RENT,Item_14,0,29,too_short
RENT__10-K__0001468327-24-000114__Item_3__chunk_0000,RENT,Item_3,0,39,too_short
RENT__10-K__0001468327-24-000114__Item_4__chunk_0000,RENT,Item_4,0,16,too_short
RENT__10-K__0001468327-24-000114__Item_9C__chunk_0000,RENT,Item_9C,0,21,too_short
RENT__10-K__0001468327-24-000114__Part_I__chunk_0000,RENT,Part_I,0,2,too_short
RENT__10-K__0001468327-25-000056__Item_11__chunk_0000,RENT,Item_11,0,21,too_short
RENT__10-K__0001468327-25-000056__Item_12__chunk_0000,RENT,Item_12,0,28,too_short
RENT__10-K__0001468327-25-000056__Item_13__chunk_0000,RENT,Item_13,0,27,too_short
RENT__10-K__0001468327-25-000056__Item_14__chunk_0000,RENT,Item_14,0,29,too_short
RENT__10-K__0001468327-25-000056__Item_3__chunk_0000,RENT,Item_3,0,39,too_short
RENT__10-K__0001468327-25-000056__Item_4__chunk_0000,RENT,Item_4,0,16,too_short
RENT__10-K__0001468327-25-000056__Item_9C__chunk_0000,RENT,Item_9C,0,19,too_short
RENT__10-K__0001468327-25-000056__Part_I__chunk_0000,RENT,Part_I,0,2,too_short
RENT__10-K__0001468327-26-000020__Item_11__chunk_0000,RENT,Item_11,0,21,too_short
RENT__10-K__0001468327-26-000020__Item_12__chunk_0000,RENT,Item_12,0,28,too_short
RENT__10-K__0001468327-26-000020__Item_13__chunk_0000,RENT,Item_13,0,27,too_short
RENT__10-K__0001468327-26-000020__Item_14__chunk_0000,RENT,Item_14,0,29,too_short
RENT__10-K__0001468327-26-000020__Item_3__chunk_0000,RENT,Item_3,0,39,too_short
RENT__10-K__0001468327-26-000020__Item_4__chunk_0000,RENT,Item_4,0,16,too_short
RENT__10-K__0001468327-26-000020__Item_9B__chunk_0000,RENT,Item_9B,0,45,too_short
RENT__10-K__0001468327-26-000020__Item_9C__chunk_0000,RENT,Item_9C,0,19,too_short
RENT__10-K__0001468327-26-000020__Part_I__chunk_0000,RENT,Part_I,0,2,too_short
RH__10-K__0001104659-26-037992__Item_1B__chunk_0000,RH,Item_1B,0,14,too_short
RH__10-K__0001104659-26-037992__Item_4__chunk_0000,RH,Item_4,0,31,too_short
RH__10-K__0001104659-26-037992__Item_9C__chunk_0000,RH,Item_9C,0,40,too_short
RH__10-K__0001104659-26-037992__Part_IV__chunk_0000,RH,Part_IV,0,2,too_short
RH__10-K__0001558370-24-004248__Item_4__chunk_0000,RH,Item_4,0,31,too_short
RH__10-K__0001558370-24-004248__Item_9C__chunk_0000,RH,Item_9C,0,40,too_short
RH__10-K__0001558370-24-004248__Part_IV__chunk_0000,RH,Part_IV,0,2,too_short
RH__10-K__0001558370-25-004329__Item_1B__chunk_0000,RH,Item_1B,0,14,too_short
RH__10-K__0001558370-25-004329__Item_4__chunk_0000,RH,Item_4,0,31,too_short
RH__10-K__0001558370-25-004329__Item_9C__chunk_0000,RH,Item_9C,0,40,too_short
RH__10-K__0001558370-25-004329__Part_IV__chunk_0000,RH,Part_IV,0,2,too_short
RL__10-K__0001037038-24-000014__Item_11__chunk_0000,RL,Item_11,0,31,too_short
RL__10-K__0001037038-24-000014__Item_4__chunk_0000,RL,Item_4,0,12,too_short
RL__10-K__0001037038-24-000014__Item_6__chunk_0000,RL,Item_6,0,13,too_short
RL__10-K__0001037038-24-000014__Item_7A__chunk_0000,RL,Item_7A,0,48,too_short
RL__10-K__0001037038-24-000014__Item_8__chunk_0000,RL,Item_8,0,34,too_short
RL__10-K__0001037038-24-000014__Item_9C__chunk_0000,RL,Item_9C,0,25,too_short
RL__10-K__0001037038-24-000014__Part_II__chunk_0000,RL,Part_II,0,2,too_short
RL__10-K__0001037038-24-000014__Part_III__chunk_0000,RL,Part_III,0,2,too_short
RL__10-K__0001037038-24-000014__Part_IV__chunk_0000,RL,Part_IV,0,2,too_short
RL__10-K__0001037038-25-000011__Item_11__chunk_0000,RL,Item_11,0,31,too_short
RL__10-K__0001037038-25-000011__Item_4__chunk_0000,RL,Item_4,0,12,too_short
RL__10-K__0001037038-25-000011__Item_6__chunk_0000,RL,Item_6,0,13,too_short
RL__10-K__0001037038-25-000011__Item_7A__chunk_0000,RL,Item_7A,0,48,too_short
RL__10-K__0001037038-25-000011__Item_8__chunk_0000,RL,Item_8,0,34,too_short
RL__10-K__0001037038-25-000011__Item_9C__chunk_0000,RL,Item_9C,0,18,too_short
RL__10-K__0001037038-25-000011__Part_II__chunk_0000,RL,Part_II,0,2,too_short
RL__10-K__0001037038-25-000011__Part_III__chunk_0000,RL,Part_III,0,2,too_short
RL__10-K__0001037038-25-000011__Part_IV__chunk_0000,RL,Part_IV,0,2,too_short
RL__10-K__0001628280-26-037074__Item_11__chunk_0000,RL,Item_11,0,31,too_short
RL__10-K__0001628280-26-037074__Item_4__chunk_0000,RL,Item_4,0,12,too_short
RL__10-K__0001628280-26-037074__Item_6__chunk_0000,RL,Item_6,0,13,too_short
RL__10-K__0001628280-26-037074__Item_7A__chunk_0000,RL,Item_7A,0,48,too_short
RL__10-K__0001628280-26-037074__Item_8__chunk_0000,RL,Item_8,0,34,too_short
RL__10-K__0001628280-26-037074__Item_9C__chunk_0000,RL,Item_9C,0,19,too_short
RL__10-K__0001628280-26-037074__Part_II__chunk_0000,RL,Part_II,0,2,too_short
RL__10-K__0001628280-26-037074__Part_III__chunk_0000,RL,Part_III,0,2,too_short
RL__10-K__0001628280-26-037074__Part_IV__chunk_0000,RL,Part_IV,0,2,too_short
ROST__10-K__0000745732-24-000009__Item_4__chunk_0000,ROST,Item_4,0,17,too_short
ROST__10-K__0000745732-24-000009__Item_9B__chunk_0000,ROST,Item_9B,0,10,too_short
ROST__10-K__0000745732-24-000009__Item_9C__chunk_0000,ROST,Item_9C,0,24,too_short
ROST__10-K__0000745732-24-000009__Part_I__chunk_0000,ROST,Part_I,0,2,too_short
ROST__10-K__0000745732-24-000009__Part_II__chunk_0000,ROST,Part_II,0,2,too_short
ROST__10-K__0000745732-25-000010__Item_4__chunk_0000,ROST,Item_4,0,17,too_short
ROST__10-K__0000745732-25-000010__Item_9B__chunk_0000,ROST,Item_9B,0,8,too_short
ROST__10-K__0000745732-25-000010__Item_9C__chunk_0000,ROST,Item_9C,0,24,too_short
ROST__10-K__0000745732-25-000010__Part_I__chunk_0000,ROST,Part_I,0,2,too_short
ROST__10-K__0000745732-25-000010__Part_II__chunk_0000,ROST,Part_II,0,2,too_short
ROST__10-K__0000745732-26-000006__Item_4__chunk_0000,ROST,Item_4,0,17,too_short
ROST__10-K__0000745732-26-000006__Item_9B__chunk_0000,ROST,Item_9B,0,8,too_short
ROST__10-K__0000745732-26-000006__Item_9C__chunk_0000,ROST,Item_9C,0,24,too_short
ROST__10-K__0000745732-26-000006__Part_I__chunk_0000,ROST,Part_I,0,2,too_short
ROST__10-K__0000745732-26-000006__Part_II__chunk_0000,ROST,Part_II,0,2,too_short
RVLV__10-K__0000950170-24-021244__Item_11__chunk_0000,RVLV,Item_11,0,33,too_short
RVLV__10-K__0000950170-24-021244__Item_12__chunk_0000,RVLV,Item_12,0,47,too_short
RVLV__10-K__0000950170-24-021244__Item_13__chunk_0000,RVLV,Item_13,0,44,too_short
RVLV__10-K__0000950170-24-021244__Item_14__chunk_0000,RVLV,Item_14,0,39,too_short
RVLV__10-K__0000950170-24-021244__Item_1B__chunk_0000,RVLV,Item_1B,0,16,too_short
RVLV__10-K__0000950170-24-021244__Item_4__chunk_0000,RVLV,Item_4,0,22,too_short
RVLV__10-K__0000950170-24-021244__Item_6__chunk_0000,RVLV,Item_6,0,8,too_short
RVLV__10-K__0000950170-24-021244__Item_9__chunk_0000,RVLV,Item_9,0,33,too_short
RVLV__10-K__0000950170-24-021244__Item_9C__chunk_0000,RVLV,Item_9C,0,28,too_short
RVLV__10-K__0000950170-25-026748__Item_11__chunk_0000,RVLV,Item_11,0,33,too_short
RVLV__10-K__0000950170-25-026748__Item_12__chunk_0000,RVLV,Item_12,0,47,too_short
RVLV__10-K__0000950170-25-026748__Item_13__chunk_0000,RVLV,Item_13,0,44,too_short
RVLV__10-K__0000950170-25-026748__Item_14__chunk_0000,RVLV,Item_14,0,39,too_short
RVLV__10-K__0000950170-25-026748__Item_4__chunk_0000,RVLV,Item_4,0,22,too_short
RVLV__10-K__0000950170-25-026748__Item_6__chunk_0000,RVLV,Item_6,0,8,too_short
RVLV__10-K__0000950170-25-026748__Item_9__chunk_0000,RVLV,Item_9,0,33,too_short
RVLV__10-K__0000950170-25-026748__Item_9C__chunk_0000,RVLV,Item_9C,0,28,too_short
RVLV__10-K__0001193125-26-071307__Item_14__chunk_0000,RVLV,Item_14,0,38,too_short
RVLV__10-K__0001193125-26-071307__Item_6__chunk_0000,RVLV,Item_6,0,8,too_short
RVLV__10-K__0001193125-26-071307__Item_9C__chunk_0000,RVLV,Item_9C,0,27,too_short
SAH__10-K__0001043509-24-000022__Item_4__chunk_0000,SAH,Item_4,0,23,too_short
SAH__10-K__0001043509-24-000022__Item_6__chunk_0000,SAH,Item_6,0,36,too_short
SAH__10-K__0001043509-24-000022__Item_8__chunk_0000,SAH,Item_8,0,28,too_short
SAH__10-K__0001043509-24-000022__Item_9C__chunk_0000,SAH,Item_9C,0,29,too_short
SAH__10-K__0001043509-24-000022__Part_II__chunk_0000,SAH,Part_II,0,2,too_short
SAH__10-K__0001043509-24-000022__Part_III__chunk_0000,SAH,Part_III,0,2,too_short
SAH__10-K__0001043509-25-000003__Item_4__chunk_0000,SAH,Item_4,0,23,too_short
SAH__10-K__0001043509-25-000003__Item_6__chunk_0000,SAH,Item_6,0,36,too_short
SAH__10-K__0001043509-25-000003__Item_8__chunk_0000,SAH,Item_8,0,28,too_short
SAH__10-K__0001043509-25-000003__Item_9C__chunk_0000,SAH,Item_9C,0,29,too_short
SAH__10-K__0001043509-25-000003__Part_II__chunk_0000,SAH,Part_II,0,2,too_short
SAH__10-K__0001043509-25-000003__Part_III__chunk_0000,SAH,Part_III,0,2,too_short
SAH__10-K__0001628280-26-010570__Item_4__chunk_0000,SAH,Item_4,0,23,too_short
SAH__10-K__0001628280-26-010570__Item_6__chunk_0000,SAH,Item_6,0,36,too_short
SAH__10-K__0001628280-26-010570__Item_8__chunk_0000,SAH,Item_8,0,28,too_short
SAH__10-K__0001628280-26-010570__Item_9C__chunk_0000,SAH,Item_9C,0,29,too_short
SAH__10-K__0001628280-26-010570__Part_II__chunk_0000,SAH,Part_II,0,2,too_short
SAH__10-K__0001628280-26-010570__Part_III__chunk_0000,SAH,Part_III,0,2,too_short
SBH__10-K__0000950170-23-064558__Item_1B__chunk_0000,SBH,Item_1B,0,21,too_short
SBH__10-K__0000950170-23-064558__Item_4__chunk_0000,SBH,Item_4,0,21,too_short
SBH__10-K__0000950170-23-064558__Item_6__chunk_0000,SBH,Item_6,0,12,too_short
SBH__10-K__0000950170-23-064558__Item_8__chunk_0000,SBH,Item_8,0,36,too_short
SBH__10-K__0000950170-23-064558__Item_9__chunk_0000,SBH,Item_9,0,37,too_short
SBH__10-K__0000950170-23-064558__Item_9B__chunk_0000,SBH,Item_9B,0,16,too_short
SBH__10-K__0000950170-24-127217__Item_1B__chunk_0000,SBH,Item_1B,0,17,too_short
SBH__10-K__0000950170-24-127217__Item_4__chunk_0000,SBH,Item_4,0,21,too_short
SBH__10-K__0000950170-24-127217__Item_6__chunk_0000,SBH,Item_6,0,12,too_short
SBH__10-K__0000950170-24-127217__Item_8__chunk_0000,SBH,Item_8,0,36,too_short
SBH__10-K__0000950170-24-127217__Item_9__chunk_0000,SBH,Item_9,0,37,too_short
SBH__10-K__0000950170-24-127217__Item_9C__chunk_0000,SBH,Item_9C,0,32,too_short
SBH__10-K__0001193125-25-280122__Item_4__chunk_0000,SBH,Item_4,0,20,too_short
SBH__10-K__0001193125-25-280122__Item_6__chunk_0000,SBH,Item_6,0,12,too_short
SBH__10-K__0001193125-25-280122__Item_8__chunk_0000,SBH,Item_8,0,35,too_short
SBH__10-K__0001193125-25-280122__Item_9__chunk_0000,SBH,Item_9,0,32,too_short
SBH__10-K__0001193125-25-280122__Item_9C__chunk_0000,SBH,Item_9C,0,31,too_short
SFIX__10-K__0001576942-23-000114__Item_4__chunk_0000,SFIX,Item_4,0,11,too_short
SFIX__10-K__0001576942-23-000114__Item_6__chunk_0000,SFIX,Item_6,0,31,too_short
SFIX__10-K__0001576942-23-000114__Item_9B__chunk_0000,SFIX,Item_9B,0,12,too_short
SFIX__10-K__0001576942-23-000114__Part_II__chunk_0000,SFIX,Part_II,0,2,too_short
SFIX__10-K__0001576942-23-000114__Part_III__chunk_0000,SFIX,Part_III,0,2,too_short
SFIX__10-K__0001576942-23-000114__Part_IV__chunk_0000,SFIX,Part_IV,0,2,too_short
SFIX__10-K__0001576942-24-000099__Item_4__chunk_0000,SFIX,Item_4,0,14,too_short
SFIX__10-K__0001576942-24-000099__Item_6__chunk_0000,SFIX,Item_6,0,12,too_short
SFIX__10-K__0001576942-24-000099__Item_9C__chunk_0000,SFIX,Item_9C,0,21,too_short
SFIX__10-K__0001576942-24-000099__Part_II__chunk_0000,SFIX,Part_II,0,2,too_short
SFIX__10-K__0001576942-24-000099__Part_III__chunk_0000,SFIX,Part_III,0,2,too_short
SFIX__10-K__0001576942-24-000099__Part_IV__chunk_0000,SFIX,Part_IV,0,2,too_short
SFM__10-K__0000950170-24-018768__Item_11__chunk_0000,SFM,Item_11,0,30,too_short
SFM__10-K__0000950170-24-018768__Item_12__chunk_0000,SFM,Item_12,0,42,too_short
SFM__10-K__0000950170-24-018768__Item_13__chunk_0000,SFM,Item_13,0,35,too_short
SFM__10-K__0000950170-24-018768__Item_14__chunk_0000,SFM,Item_14,0,34,too_short
SFM__10-K__0000950170-24-018768__Item_4__chunk_0000,SFM,Item_4,0,18,too_short
SFM__10-K__0000950170-24-018768__Item_6__chunk_0000,SFM,Item_6,0,14,too_short
SFM__10-K__0000950170-24-018768__Item_9__chunk_0000,SFM,Item_9,0,23,too_short
SFM__10-K__0000950170-24-018768__Item_9C__chunk_0000,SFM,Item_9C,0,24,too_short
SFM__10-K__0001575515-25-000011__Item_11__chunk_0000,SFM,Item_11,0,28,too_short
SFM__10-K__0001575515-25-000011__Item_12__chunk_0000,SFM,Item_12,0,40,too_short
SFM__10-K__0001575515-25-000011__Item_13__chunk_0000,SFM,Item_13,0,35,too_short
SFM__10-K__0001575515-25-000011__Item_14__chunk_0000,SFM,Item_14,0,32,too_short
SFM__10-K__0001575515-25-000011__Item_4__chunk_0000,SFM,Item_4,0,17,too_short
SFM__10-K__0001575515-25-000011__Item_9__chunk_0000,SFM,Item_9,0,21,too_short
SFM__10-K__0001575515-25-000011__Item_9C__chunk_0000,SFM,Item_9C,0,22,too_short
SFM__10-K__0001575515-25-000011__Part_I__chunk_0000,SFM,Part_I,0,2,too_short
SFM__10-K__0001575515-25-000011__Part_II__chunk_0000,SFM,Part_II,0,2,too_short
SFM__10-K__0001575515-25-000011__Part_III__chunk_0000,SFM,Part_III,0,2,too_short
SFM__10-K__0001575515-25-000011__Part_IV__chunk_0000,SFM,Part_IV,0,2,too_short
SFM__10-K__0001575515-26-000008__Item_11__chunk_0000,SFM,Item_11,0,28,too_short
SFM__10-K__0001575515-26-000008__Item_12__chunk_0000,SFM,Item_12,0,40,too_short
SFM__10-K__0001575515-26-000008__Item_13__chunk_0000,SFM,Item_13,0,35,too_short
SFM__10-K__0001575515-26-000008__Item_14__chunk_0000,SFM,Item_14,0,32,too_short
SFM__10-K__0001575515-26-000008__Item_4__chunk_0000,SFM,Item_4,0,17,too_short
SFM__10-K__0001575515-26-000008__Item_9__chunk_0000,SFM,Item_9,0,21,too_short
SFM__10-K__0001575515-26-000008__Item_9C__chunk_0000,SFM,Item_9C,0,22,too_short
SFM__10-K__0001575515-26-000008__Part_I__chunk_0000,SFM,Part_I,0,2,too_short
SFM__10-K__0001575515-26-000008__Part_II__chunk_0000,SFM,Part_II,0,2,too_short
SFM__10-K__0001575515-26-000008__Part_III__chunk_0000,SFM,Part_III,0,2,too_short
SFM__10-K__0001575515-26-000008__Part_IV__chunk_0000,SFM,Part_IV,0,2,too_short
SGC__10-K__0001437749-24-007685__Item_1B__chunk_0000,SGC,Item_1B,0,17,too_short
SGC__10-K__0001437749-24-007685__Item_4__chunk_0000,SGC,Item_4,0,17,too_short
SGC__10-K__0001437749-24-007685__Item_6__chunk_0000,SGC,Item_6,0,11,too_short
SGC__10-K__0001437749-24-007685__Item_9__chunk_0000,SGC,Item_9,0,21,too_short
SGC__10-K__0001437749-24-007685__Item_9C__chunk_0000,SGC,Item_9C,0,23,too_short
SGC__10-K__0001437749-24-007685__Part_II__chunk_0000,SGC,Part_II,0,2,too_short
SGC__10-K__0001437749-25-007055__Item_1B__chunk_0000,SGC,Item_1B,0,12,too_short
SGC__10-K__0001437749-25-007055__Item_4__chunk_0000,SGC,Item_4,0,17,too_short
SGC__10-K__0001437749-25-007055__Item_6__chunk_0000,SGC,Item_6,0,11,too_short
SGC__10-K__0001437749-25-007055__Item_9__chunk_0000,SGC,Item_9,0,21,too_short
SGC__10-K__0001437749-25-007055__Item_9C__chunk_0000,SGC,Item_9C,0,23,too_short
SGC__10-K__0001437749-25-007055__Part_II__chunk_0000,SGC,Part_II,0,2,too_short
SGC__10-K__0001437749-26-006653__Item_1B__chunk_0000,SGC,Item_1B,0,12,too_short
SGC__10-K__0001437749-26-006653__Item_4__chunk_0000,SGC,Item_4,0,17,too_short
SGC__10-K__0001437749-26-006653__Item_6__chunk_0000,SGC,Item_6,0,11,too_short
SGC__10-K__0001437749-26-006653__Item_9__chunk_0000,SGC,Item_9,0,21,too_short
SGC__10-K__0001437749-26-006653__Item_9C__chunk_0000,SGC,Item_9C,0,23,too_short
SGC__10-K__0001437749-26-006653__Part_II__chunk_0000,SGC,Part_II,0,2,too_short
SGI__10-K__0001206264-24-000050__Item_1B__chunk_0000,SGI,Item_1B,0,20,too_short
SGI__10-K__0001206264-24-000050__Item_4__chunk_0000,SGI,Item_4,0,15,too_short
SGI__10-K__0001206264-24-000050__Item_9__chunk_0000,SGI,Item_9,0,29,too_short
SGI__10-K__0001206264-24-000050__Item_9C__chunk_0000,SGI,Item_9C,0,25,too_short
SGI__10-K__0001206264-24-000050__Part_I__chunk_0000,SGI,Part_I,0,2,too_short
SGI__10-K__0001206264-24-000050__Part_III__chunk_0000,SGI,Part_III,0,2,too_short
SGI__10-K__0001206264-24-000050__Part_IV__chunk_0000,SGI,Part_IV,0,2,too_short
SGI__10-K__0001206264-25-000058__Item_1B__chunk_0000,SGI,Item_1B,0,15,too_short
SGI__10-K__0001206264-25-000058__Item_4__chunk_0000,SGI,Item_4,0,15,too_short
SGI__10-K__0001206264-25-000058__Item_9__chunk_0000,SGI,Item_9,0,29,too_short
SGI__10-K__0001206264-25-000058__Item_9C__chunk_0000,SGI,Item_9C,0,25,too_short
SGI__10-K__0001206264-25-000058__Part_I__chunk_0000,SGI,Part_I,0,2,too_short
SGI__10-K__0001206264-25-000058__Part_III__chunk_0000,SGI,Part_III,0,2,too_short
SGI__10-K__0001206264-25-000058__Part_IV__chunk_0000,SGI,Part_IV,0,2,too_short
SGI__10-K__0001206264-26-000015__Item_1B__chunk_0000,SGI,Item_1B,0,20,too_short
SGI__10-K__0001206264-26-000015__Item_4__chunk_0000,SGI,Item_4,0,20,too_short
SGI__10-K__0001206264-26-000015__Item_9__chunk_0000,SGI,Item_9,0,29,too_short
SGI__10-K__0001206264-26-000015__Item_9C__chunk_0000,SGI,Item_9C,0,25,too_short
SGI__10-K__0001206264-26-000015__Part_I__chunk_0000,SGI,Part_I,0,2,too_short
SGI__10-K__0001206264-26-000015__Part_III__chunk_0000,SGI,Part_III,0,2,too_short
SGI__10-K__0001206264-26-000015__Part_IV__chunk_0000,SGI,Part_IV,0,2,too_short
SHOE__10-K__0000950170-24-035337__Item_1B__chunk_0000,SHOE,Item_1B,0,14,too_short
SHOE__10-K__0000950170-24-035337__Item_4__chunk_0000,SHOE,Item_4,0,18,too_short
SHOE__10-K__0000950170-24-035337__Item_6__chunk_0000,SHOE,Item_6,0,9,too_short
SHOE__10-K__0000950170-24-035337__Item_9__chunk_0000,SHOE,Item_9,0,33,too_short
SHOE__10-K__0000950170-24-035337__Item_9C__chunk_0000,SHOE,Item_9C,0,28,too_short
SHOE__10-K__0000950170-24-035337__Part_I__chunk_0000,SHOE,Part_I,0,10,too_short
SHOE__10-K__0000950170-24-035337__Part_II__chunk_0000,SHOE,Part_II,0,2,too_short
SHOE__10-K__0000950170-24-035337__Part_III__chunk_0000,SHOE,Part_III,0,2,too_short
SHOE__10-K__0000950170-24-035337__Part_IV__chunk_0000,SHOE,Part_IV,0,2,too_short
SHOE__10-K__0000950170-25-043195__Item_4__chunk_0000,SHOE,Item_4,0,18,too_short
SHOE__10-K__0000950170-25-043195__Item_6__chunk_0000,SHOE,Item_6,0,9,too_short
SHOE__10-K__0000950170-25-043195__Item_9__chunk_0000,SHOE,Item_9,0,33,too_short
SHOE__10-K__0000950170-25-043195__Item_9C__chunk_0000,SHOE,Item_9C,0,28,too_short
SHOE__10-K__0000950170-25-043195__Part_I__chunk_0000,SHOE,Part_I,0,10,too_short
SHOE__10-K__0000950170-25-043195__Part_II__chunk_0000,SHOE,Part_II,0,2,too_short
SHOE__10-K__0000950170-25-043195__Part_III__chunk_0000,SHOE,Part_III,0,2,too_short
SHOE__10-K__0000950170-25-043195__Part_IV__chunk_0000,SHOE,Part_IV,0,2,too_short
SHOE__10-K__0001193125-26-126279__Item_4__chunk_0000,SHOE,Item_4,0,17,too_short
SHOE__10-K__0001193125-26-126279__Item_6__chunk_0000,SHOE,Item_6,0,9,too_short
SHOE__10-K__0001193125-26-126279__Item_9C__chunk_0000,SHOE,Item_9C,0,27,too_short
SHOE__10-K__0001193125-26-126279__Part_I__chunk_0000,SHOE,Part_I,0,10,too_short
SHOE__10-K__0001193125-26-126279__Part_II__chunk_0000,SHOE,Part_II,0,2,too_short
SHOE__10-K__0001193125-26-126279__Part_IV__chunk_0000,SHOE,Part_IV,0,2,too_short
SHOO__10-K__0001628280-24-008331__Item_4__chunk_0000,SHOO,Item_4,0,17,too_short
SHOO__10-K__0001628280-24-008331__Item_9C__chunk_0000,SHOO,Item_9C,0,26,too_short
SHOO__10-K__0001628280-24-008331__Part_IV__chunk_0000,SHOO,Part_IV,0,2,too_short
SHOO__10-K__0001628280-25-009503__Item_4__chunk_0000,SHOO,Item_4,0,17,too_short
SHOO__10-K__0001628280-25-009503__Item_9C__chunk_0000,SHOO,Item_9C,0,27,too_short
SHOO__10-K__0001628280-25-009503__Part_IV__chunk_0000,SHOO,Part_IV,0,2,too_short
SHOO__10-K__0001628280-26-012995__Item_4__chunk_0000,SHOO,Item_4,0,17,too_short
SHOO__10-K__0001628280-26-012995__Item_9C__chunk_0000,SHOO,Item_9C,0,26,too_short
SHOO__10-K__0001628280-26-012995__Part_IV__chunk_0000,SHOO,Part_IV,0,2,too_short
SNBR__10-K__0000827187-24-000011__Item_3__chunk_0000,SNBR,Item_3,0,49,too_short
SNBR__10-K__0000827187-24-000011__Item_4__chunk_0000,SNBR,Item_4,0,22,too_short
SNBR__10-K__0000827187-24-000011__Item_9C__chunk_0000,SNBR,Item_9C,0,26,too_short
SNBR__10-K__0000827187-24-000011__Part_IV__chunk_0000,SNBR,Part_IV,0,2,too_short
SNBR__10-K__0000827187-25-000018__Item_4__chunk_0000,SNBR,Item_4,0,22,too_short
SNBR__10-K__0000827187-25-000018__Item_40__chunk_0000,SNBR,Item_40,0,12,too_short
SNBR__10-K__0000827187-25-000018__Item_9C__chunk_0000,SNBR,Item_9C,0,26,too_short
SNBR__10-K__0000827187-25-000018__Part_III__chunk_0000,SNBR,Part_III,0,2,too_short
SNBR__10-K__0000827187-25-000018__Part_IV__chunk_0000,SNBR,Part_IV,0,2,too_short
SNBR__10-K__0000827187-26-000014__Item_4__chunk_0000,SNBR,Item_4,0,22,too_short
SNBR__10-K__0000827187-26-000014__Part_IV__chunk_0000,SNBR,Part_IV,0,2,too_short
SONO__10-K__0000950170-23-065135__Item_1B__chunk_0000,SONO,Item_1B,0,14,too_short
SONO__10-K__0000950170-23-065135__Item_1C__chunk_0000,SONO,Item_1C,0,11,too_short
SONO__10-K__0000950170-23-065135__Item_4__chunk_0000,SONO,Item_4,0,21,too_short
SONO__10-K__0001314727-24-000026__Item_4__chunk_0000,SONO,Item_4,0,16,too_short
SONO__10-K__0001314727-24-000026__Item_9C__chunk_0000,SONO,Item_9C,0,22,too_short
SONO__10-K__0001314727-24-000026__Part_I__chunk_0000,SONO,Part_I,0,2,too_short
SONO__10-K__0001314727-25-000090__Item_4__chunk_0000,SONO,Item_4,0,15,too_short
SONO__10-K__0001314727-25-000090__Item_9C__chunk_0000,SONO,Item_9C,0,22,too_short
SONO__10-K__0001314727-25-000090__Part_I__chunk_0000,SONO,Part_I,0,2,too_short
SPWH__10-K__0000950170-24-041618__Item_11__chunk_0000,SPWH,Item_11,0,33,too_short
SPWH__10-K__0000950170-24-041618__Item_12__chunk_0000,SPWH,Item_12,0,46,too_short
SPWH__10-K__0000950170-24-041618__Item_13__chunk_0000,SPWH,Item_13,0,44,too_short
SPWH__10-K__0000950170-24-041618__Item_14__chunk_0000,SPWH,Item_14,0,42,too_short
SPWH__10-K__0000950170-24-041618__Item_16__chunk_0000,SPWH,Item_16,0,13,too_short
SPWH__10-K__0000950170-24-041618__Item_1B__chunk_0000,SPWH,Item_1B,0,15,too_short
SPWH__10-K__0000950170-24-041618__Item_4__chunk_0000,SPWH,Item_4,0,18,too_short
SPWH__10-K__0000950170-24-041618__Item_6__chunk_0000,SPWH,Item_6,0,9,too_short
SPWH__10-K__0000950170-24-041618__Item_9__chunk_0000,SPWH,Item_9,0,30,too_short
SPWH__10-K__0000950170-24-041618__Item_9C__chunk_0000,SPWH,Item_9C,0,28,too_short
SPWH__10-K__0000950170-24-041618__Part_I__chunk_0000,SPWH,Part_I,0,2,too_short
SPWH__10-K__0000950170-24-041618__Part_II__chunk_0000,SPWH,Part_II,0,2,too_short
SPWH__10-K__0000950170-24-041618__Part_III__chunk_0000,SPWH,Part_III,0,2,too_short
SPWH__10-K__0000950170-25-048890__Item_11__chunk_0000,SPWH,Item_11,0,33,too_short
SPWH__10-K__0000950170-25-048890__Item_12__chunk_0000,SPWH,Item_12,0,46,too_short
SPWH__10-K__0000950170-25-048890__Item_13__chunk_0000,SPWH,Item_13,0,44,too_short
SPWH__10-K__0000950170-25-048890__Item_14__chunk_0000,SPWH,Item_14,0,42,too_short
SPWH__10-K__0000950170-25-048890__Item_16__chunk_0000,SPWH,Item_16,0,13,too_short
SPWH__10-K__0000950170-25-048890__Item_4__chunk_0000,SPWH,Item_4,0,18,too_short
SPWH__10-K__0000950170-25-048890__Item_6__chunk_0000,SPWH,Item_6,0,9,too_short
SPWH__10-K__0000950170-25-048890__Item_7A__chunk_0000,SPWH,Item_7A,0,48,too_short
SPWH__10-K__0000950170-25-048890__Item_9__chunk_0000,SPWH,Item_9,0,30,too_short
SPWH__10-K__0000950170-25-048890__Item_9C__chunk_0000,SPWH,Item_9C,0,28,too_short
SPWH__10-K__0000950170-25-048890__Part_I__chunk_0000,SPWH,Part_I,0,2,too_short
SPWH__10-K__0000950170-25-048890__Part_II__chunk_0000,SPWH,Part_II,0,2,too_short
SPWH__10-K__0000950170-25-048890__Part_III__chunk_0000,SPWH,Part_III,0,2,too_short
SPWH__10-K__0001193125-26-134702__Item_11__chunk_0000,SPWH,Item_11,0,33,too_short
SPWH__10-K__0001193125-26-134702__Item_12__chunk_0000,SPWH,Item_12,0,46,too_short
SPWH__10-K__0001193125-26-134702__Item_13__chunk_0000,SPWH,Item_13,0,44,too_short
SPWH__10-K__0001193125-26-134702__Item_14__chunk_0000,SPWH,Item_14,0,42,too_short
SPWH__10-K__0001193125-26-134702__Item_1B__chunk_0000,SPWH,Item_1B,0,16,too_short
SPWH__10-K__0001193125-26-134702__Item_4__chunk_0000,SPWH,Item_4,0,17,too_short
SPWH__10-K__0001193125-26-134702__Item_6__chunk_0000,SPWH,Item_6,0,9,too_short
SPWH__10-K__0001193125-26-134702__Item_7A__chunk_0000,SPWH,Item_7A,0,47,too_short
SPWH__10-K__0001193125-26-134702__Item_9__chunk_0000,SPWH,Item_9,0,29,too_short
SPWH__10-K__0001193125-26-134702__Item_9C__chunk_0000,SPWH,Item_9C,0,27,too_short
SPWH__10-K__0001193125-26-134702__Part_I__chunk_0000,SPWH,Part_I,0,2,too_short
SPWH__10-K__0001193125-26-134702__Part_II__chunk_0000,SPWH,Part_II,0,2,too_short
SPWH__10-K__0001193125-26-134702__Part_III__chunk_0000,SPWH,Part_III,0,2,too_short
SVV__10-K__0001883313-24-000013__Item_3__chunk_0000,SVV,Item_3,0,31,too_short
SVV__10-K__0001883313-24-000013__Item_4__chunk_0000,SVV,Item_4,0,16,too_short
SVV__10-K__0001883313-24-000013__Item_9C__chunk_0000,SVV,Item_9C,0,22,too_short
SVV__10-K__0001883313-24-000013__Part_I__chunk_0000,SVV,Part_I,0,2,too_short
SVV__10-K__0001883313-24-000013__Part_IV__chunk_0000,SVV,Part_IV,0,2,too_short
SVV__10-K__0001883313-25-000013__Item_3__chunk_0000,SVV,Item_3,0,31,too_short
SVV__10-K__0001883313-25-000013__Item_4__chunk_0000,SVV,Item_4,0,16,too_short
SVV__10-K__0001883313-25-000013__Item_9C__chunk_0000,SVV,Item_9C,0,22,too_short
SVV__10-K__0001883313-25-000013__Part_IV__chunk_0000,SVV,Part_IV,0,2,too_short
SVV__10-K__0001883313-26-000014__Item_3__chunk_0000,SVV,Item_3,0,31,too_short
SVV__10-K__0001883313-26-000014__Item_4__chunk_0000,SVV,Item_4,0,11,too_short
SVV__10-K__0001883313-26-000014__Item_9C__chunk_0000,SVV,Item_9C,0,23,too_short
SVV__10-K__0001883313-26-000014__Part_IV__chunk_0000,SVV,Part_IV,0,2,too_short
TDUP__10-K__0001484778-24-000035__Item_4__chunk_0000,TDUP,Item_4,0,16,too_short
TDUP__10-K__0001484778-24-000035__Item_9C__chunk_0000,TDUP,Item_9C,0,21,too_short
TDUP__10-K__0001484778-24-000035__Part_IV__chunk_0000,TDUP,Part_IV,0,2,too_short
TDUP__10-K__0001484778-25-000023__Item_4__chunk_0000,TDUP,Item_4,0,16,too_short
TDUP__10-K__0001484778-25-000023__Item_9C__chunk_0000,TDUP,Item_9C,0,21,too_short
TDUP__10-K__0001484778-25-000023__Part_IV__chunk_0000,TDUP,Part_IV,0,2,too_short
TDUP__10-K__0001484778-26-000007__Item_4__chunk_0000,TDUP,Item_4,0,16,too_short
TDUP__10-K__0001484778-26-000007__Item_9C__chunk_0000,TDUP,Item_9C,0,23,too_short
TDUP__10-K__0001484778-26-000007__Part_IV__chunk_0000,TDUP,Part_IV,0,2,too_short
TGT__10-K__0000027419-24-000032__Item_4__chunk_0000,TGT,Item_4,0,25,too_short
TGT__10-K__0000027419-24-000032__Part_IV__chunk_0000,TGT,Part_IV,0,2,too_short
TGT__10-K__0000027419-25-000018__Item_4__chunk_0000,TGT,Item_4,0,25,too_short
TGT__10-K__0000027419-25-000018__Part_IV__chunk_0000,TGT,Part_IV,0,2,too_short
TGT__10-K__0000027419-26-000016__Item_4__chunk_0000,TGT,Item_4,0,25,too_short
TGT__10-K__0000027419-26-000016__Item_9B__chunk_0000,TGT,Item_9B,0,10,too_short
TGT__10-K__0000027419-26-000016__Part_IV__chunk_0000,TGT,Part_IV,0,2,too_short
TJX__10-K__0000109198-24-000014__Item_3__chunk_0000,TJX,Item_3,0,42,too_short
TJX__10-K__0000109198-24-000014__Item_4__chunk_0000,TJX,Item_4,0,11,too_short
TJX__10-K__0000109198-24-000014__Item_8__chunk_0000,TJX,Item_8,0,39,too_short
TJX__10-K__0000109198-24-000014__Item_9C__chunk_0000,TJX,Item_9C,0,18,too_short
TJX__10-K__0000109198-24-000014__Part_II__chunk_0000,TJX,Part_II,0,2,too_short
TJX__10-K__0000109198-25-000010__Item_3__chunk_0000,TJX,Item_3,0,42,too_short
TJX__10-K__0000109198-25-000010__Item_4__chunk_0000,TJX,Item_4,0,11,too_short
TJX__10-K__0000109198-25-000010__Item_8__chunk_0000,TJX,Item_8,0,39,too_short
TJX__10-K__0000109198-25-000010__Item_9C__chunk_0000,TJX,Item_9C,0,18,too_short
TJX__10-K__0000109198-25-000010__Part_II__chunk_0000,TJX,Part_II,0,2,too_short
TJX__10-K__0000109198-26-000008__Item_3__chunk_0000,TJX,Item_3,0,42,too_short
TJX__10-K__0000109198-26-000008__Item_4__chunk_0000,TJX,Item_4,0,11,too_short
TJX__10-K__0000109198-26-000008__Item_8__chunk_0000,TJX,Item_8,0,39,too_short
TJX__10-K__0000109198-26-000008__Item_9C__chunk_0000,TJX,Item_9C,0,18,too_short
TJX__10-K__0000109198-26-000008__Part_II__chunk_0000,TJX,Part_II,0,2,too_short
TLF__10-K__0001140361-24-014799__Item_9B__chunk_0000,TLF,Item_9B,0,15,too_short
TLYS__10-K__0001628280-24-015839__Item_13__chunk_0000,TLYS,Item_13,0,34,too_short
TLYS__10-K__0001628280-24-015839__Item_14__chunk_0000,TLYS,Item_14,0,30,too_short
TLYS__10-K__0001628280-24-015839__Item_4__chunk_0000,TLYS,Item_4,0,13,too_short
TLYS__10-K__0001628280-24-015839__Item_9C__chunk_0000,TLYS,Item_9C,0,18,too_short
TLYS__10-K__0001628280-25-017352__Item_13__chunk_0000,TLYS,Item_13,0,34,too_short
TLYS__10-K__0001628280-25-017352__Item_14__chunk_0000,TLYS,Item_14,0,30,too_short
TLYS__10-K__0001628280-25-017352__Item_4__chunk_0000,TLYS,Item_4,0,13,too_short
TLYS__10-K__0001628280-25-017352__Item_9C__chunk_0000,TLYS,Item_9C,0,18,too_short
TLYS__10-K__0001628280-26-024440__Item_13__chunk_0000,TLYS,Item_13,0,34,too_short
TLYS__10-K__0001628280-26-024440__Item_14__chunk_0000,TLYS,Item_14,0,30,too_short
TLYS__10-K__0001628280-26-024440__Item_4__chunk_0000,TLYS,Item_4,0,13,too_short
TLYS__10-K__0001628280-26-024440__Item_9C__chunk_0000,TLYS,Item_9C,0,18,too_short
TPR__10-K__0001116132-23-000020__Item_14__chunk_0000,TPR,Item_14,0,39,too_short
TPR__10-K__0001116132-23-000020__Item_4__chunk_0000,TPR,Item_4,0,17,too_short
TPR__10-K__0001116132-23-000020__Item_8__chunk_0000,TPR,Item_8,0,36,too_short
TPR__10-K__0001116132-23-000020__Item_9C__chunk_0000,TPR,Item_9C,0,26,too_short
TPR__10-K__0001116132-23-000020__Part_IV__chunk_0000,TPR,Part_IV,0,2,too_short
TPR__10-K__0001116132-24-000018__Item_14__chunk_0000,TPR,Item_14,0,38,too_short
TPR__10-K__0001116132-24-000018__Item_4__chunk_0000,TPR,Item_4,0,17,too_short
TPR__10-K__0001116132-24-000018__Item_8__chunk_0000,TPR,Item_8,0,36,too_short
TPR__10-K__0001116132-24-000018__Item_9C__chunk_0000,TPR,Item_9C,0,26,too_short
TPR__10-K__0001116132-24-000018__Part_IV__chunk_0000,TPR,Part_IV,0,2,too_short
TPR__10-K__0001116132-25-000019__Item_14__chunk_0000,TPR,Item_14,0,38,too_short
TPR__10-K__0001116132-25-000019__Item_3__chunk_0000,TPR,Item_3,0,34,too_short
TPR__10-K__0001116132-25-000019__Item_4__chunk_0000,TPR,Item_4,0,17,too_short
TPR__10-K__0001116132-25-000019__Item_8__chunk_0000,TPR,Item_8,0,37,too_short
TPR__10-K__0001116132-25-000019__Item_9C__chunk_0000,TPR,Item_9C,0,26,too_short
TPR__10-K__0001116132-25-000019__Part_IV__chunk_0000,TPR,Part_IV,0,2,too_short
TSCO__10-K__0000916365-24-000046__Item_4__chunk_0000,TSCO,Item_4,0,22,too_short
TSCO__10-K__0000916365-24-000046__Item_9C__chunk_0000,TSCO,Item_9C,0,18,too_short
TSCO__10-K__0000916365-24-000046__Part_IV__chunk_0000,TSCO,Part_IV,0,2,too_short
TSCO__10-K__0000916365-25-000076__Item_4__chunk_0000,TSCO,Item_4,0,21,too_short
TSCO__10-K__0000916365-25-000076__Item_9C__chunk_0000,TSCO,Item_9C,0,18,too_short
TSCO__10-K__0000916365-25-000076__Part_IV__chunk_0000,TSCO,Part_IV,0,2,too_short
TSCO__10-K__0000916365-26-000014__Item_15__chunk_0000,TSCO,Item_15,0,19,too_short
TSCO__10-K__0000916365-26-000014__Item_4__chunk_0000,TSCO,Item_4,0,21,too_short
TSCO__10-K__0000916365-26-000014__Item_9C__chunk_0000,TSCO,Item_9C,0,18,too_short
TSCO__10-K__0000916365-26-000014__Part_IV__chunk_0000,TSCO,Part_IV,0,13,too_short
T__10-K__0000732717-24-000009__Part_IV__chunk_0000,T,Part_IV,0,2,too_short
T__10-K__0000732717-25-000013__Item_1B__chunk_0000,T,Item_1B,0,15,too_short
T__10-K__0000732717-25-000013__Item_9C__chunk_0000,T,Item_9C,0,35,too_short
T__10-K__0000732717-25-000013__Part_I__chunk_0000,T,Part_I,0,2,too_short
T__10-K__0000732717-25-000013__Part_III__chunk_0000,T,Part_III,0,2,too_short
T__10-K__0000732717-25-000013__Part_IV__chunk_0000,T,Part_IV,0,2,too_short
T__10-K__0000732717-26-000120__Item_1B__chunk_0000,T,Item_1B,0,15,too_short
T__10-K__0000732717-26-000120__Item_9C__chunk_0000,T,Item_9C,0,35,too_short
T__10-K__0000732717-26-000120__Part_I__chunk_0000,T,Part_I,0,2,too_short
T__10-K__0000732717-26-000120__Part_III__chunk_0000,T,Part_III,0,2,too_short
T__10-K__0000732717-26-000120__Part_IV__chunk_0000,T,Part_IV,0,2,too_short
UAA__10-K__0001336917-24-000073__Item_14__chunk_0000,UAA,Item_14,0,48,too_short
UAA__10-K__0001336917-25-000078__Item_14__chunk_0000,UAA,Item_14,0,43,too_short
UAA__10-K__0001336917-25-000078__Item_1B__chunk_0000,UAA,Item_1B,0,20,too_short
UAA__10-K__0001336917-26-000073__Item_14__chunk_0000,UAA,Item_14,0,48,too_short
UAA__10-K__0001336917-26-000073__Item_1B__chunk_0000,UAA,Item_1B,0,15,too_short
UEIC__10-K__0000101984-24-000048__Item_4__chunk_0000,UEIC,Item_4,0,15,too_short
UEIC__10-K__0000101984-24-000048__Item_9C__chunk_0000,UEIC,Item_9C,0,26,too_short
UEIC__10-K__0000101984-24-000048__Part_IV__chunk_0000,UEIC,Part_IV,0,2,too_short
UEIC__10-K__0000101984-25-000038__Item_4__chunk_0000,UEIC,Item_4,0,20,too_short
UEIC__10-K__0000101984-25-000038__Item_9C__chunk_0000,UEIC,Item_9C,0,26,too_short
UEIC__10-K__0000101984-25-000038__Part_IV__chunk_0000,UEIC,Part_IV,0,2,too_short
UEIC__10-K__0000101984-26-000039__Item_4__chunk_0000,UEIC,Item_4,0,20,too_short
UEIC__10-K__0000101984-26-000039__Item_7A__chunk_0000,UEIC,Item_7A,0,29,too_short
UEIC__10-K__0000101984-26-000039__Item_9C__chunk_0000,UEIC,Item_9C,0,26,too_short
UEIC__10-K__0000101984-26-000039__Part_IV__chunk_0000,UEIC,Part_IV,0,2,too_short
ULTA__10-K__0001558370-24-003941__Item_3__chunk_0000,ULTA,Item_3,0,32,too_short
ULTA__10-K__0001558370-24-003941__Item_4__chunk_0000,ULTA,Item_4,0,10,too_short
ULTA__10-K__0001558370-24-003941__Item_9C__chunk_0000,ULTA,Item_9C,0,18,too_short
ULTA__10-K__0001558370-24-003941__Part_IV__chunk_0000,ULTA,Part_IV,0,2,too_short
ULTA__10-K__0001558370-25-003810__Item_3__chunk_0000,ULTA,Item_3,0,32,too_short
ULTA__10-K__0001558370-25-003810__Item_4__chunk_0000,ULTA,Item_4,0,10,too_short
ULTA__10-K__0001558370-25-003810__Item_9C__chunk_0000,ULTA,Item_9C,0,18,too_short
ULTA__10-K__0001558370-25-003810__Part_IV__chunk_0000,ULTA,Part_IV,0,2,too_short
UPBD__10-K__0000933036-24-000048__Item_10__chunk_0000,UPBD,Item_10,0,13,too_short
UPBD__10-K__0000933036-24-000048__Item_11__chunk_0000,UPBD,Item_11,0,8,too_short
UPBD__10-K__0000933036-24-000048__Item_12__chunk_0000,UPBD,Item_12,0,20,too_short
UPBD__10-K__0000933036-24-000048__Item_13__chunk_0000,UPBD,Item_13,0,15,too_short
UPBD__10-K__0000933036-24-000048__Item_14__chunk_0000,UPBD,Item_14,0,43,too_short
UPBD__10-K__0000933036-24-000048__Item_4__chunk_0000,UPBD,Item_4,0,13,too_short
UPBD__10-K__0000933036-24-000048__Item_6__chunk_0000,UPBD,Item_6,0,8,too_short
UPBD__10-K__0000933036-24-000048__Item_9C__chunk_0000,UPBD,Item_9C,0,18,too_short
UPBD__10-K__0000933036-24-000048__Part_II__chunk_0000,UPBD,Part_II,0,2,too_short
UPBD__10-K__0000933036-24-000048__Part_III__chunk_0000,UPBD,Part_III,0,2,too_short
UPBD__10-K__0000933036-25-000042__Item_10__chunk_0000,UPBD,Item_10,0,13,too_short
UPBD__10-K__0000933036-25-000042__Item_11__chunk_0000,UPBD,Item_11,0,8,too_short
UPBD__10-K__0000933036-25-000042__Item_12__chunk_0000,UPBD,Item_12,0,20,too_short
UPBD__10-K__0000933036-25-000042__Item_13__chunk_0000,UPBD,Item_13,0,15,too_short
UPBD__10-K__0000933036-25-000042__Item_14__chunk_0000,UPBD,Item_14,0,43,too_short
UPBD__10-K__0000933036-25-000042__Item_4__chunk_0000,UPBD,Item_4,0,13,too_short
UPBD__10-K__0000933036-25-000042__Item_6__chunk_0000,UPBD,Item_6,0,8,too_short
UPBD__10-K__0000933036-25-000042__Item_9C__chunk_0000,UPBD,Item_9C,0,18,too_short
UPBD__10-K__0000933036-25-000042__Part_II__chunk_0000,UPBD,Part_II,0,2,too_short
UPBD__10-K__0000933036-25-000042__Part_III__chunk_0000,UPBD,Part_III,0,2,too_short
UPBD__10-K__0000933036-26-000008__Item_10__chunk_0000,UPBD,Item_10,0,13,too_short
UPBD__10-K__0000933036-26-000008__Item_11__chunk_0000,UPBD,Item_11,0,8,too_short
UPBD__10-K__0000933036-26-000008__Item_12__chunk_0000,UPBD,Item_12,0,20,too_short
UPBD__10-K__0000933036-26-000008__Item_13__chunk_0000,UPBD,Item_13,0,17,too_short
UPBD__10-K__0000933036-26-000008__Item_14__chunk_0000,UPBD,Item_14,0,45,too_short
UPBD__10-K__0000933036-26-000008__Item_4__chunk_0000,UPBD,Item_4,0,13,too_short
UPBD__10-K__0000933036-26-000008__Item_6__chunk_0000,UPBD,Item_6,0,8,too_short
UPBD__10-K__0000933036-26-000008__Item_9C__chunk_0000,UPBD,Item_9C,0,18,too_short
UPBD__10-K__0000933036-26-000008__Part_II__chunk_0000,UPBD,Part_II,0,2,too_short
UPBD__10-K__0000933036-26-000008__Part_III__chunk_0000,UPBD,Part_III,0,2,too_short
URBN__10-K__0000950170-24-039320__Item_11__chunk_0000,URBN,Item_11,0,36,too_short
URBN__10-K__0000950170-24-039320__Item_12__chunk_0000,URBN,Item_12,0,48,too_short
URBN__10-K__0000950170-24-039320__Item_13__chunk_0000,URBN,Item_13,0,42,too_short
URBN__10-K__0000950170-24-039320__Item_1B__chunk_0000,URBN,Item_1B,0,23,too_short
URBN__10-K__0000950170-24-039320__Item_3__chunk_0000,URBN,Item_3,0,48,too_short
URBN__10-K__0000950170-24-039320__Item_4__chunk_0000,URBN,Item_4,0,15,too_short
URBN__10-K__0000950170-24-039320__Item_6__chunk_0000,URBN,Item_6,0,11,too_short
URBN__10-K__0000950170-24-039320__Item_9__chunk_0000,URBN,Item_9,0,23,too_short
URBN__10-K__0000950170-25-048506__Item_11__chunk_0000,URBN,Item_11,0,46,too_short
URBN__10-K__0000950170-25-048506__Item_3__chunk_0000,URBN,Item_3,0,48,too_short
URBN__10-K__0000950170-25-048506__Item_4__chunk_0000,URBN,Item_4,0,15,too_short
URBN__10-K__0000950170-25-048506__Item_6__chunk_0000,URBN,Item_6,0,11,too_short
URBN__10-K__0000950170-25-048506__Item_9__chunk_0000,URBN,Item_9,0,23,too_short
URBN__10-K__0001193125-26-137916__Item_4__chunk_0000,URBN,Item_4,0,14,too_short
VLGEA__10-K__0000103595-23-000014__Item_1A__chunk_0000,VLGEA,Item_1A,0,13,too_short
VLGEA__10-K__0000103595-23-000014__Item_4__chunk_0000,VLGEA,Item_4,0,18,too_short
VLGEA__10-K__0000103595-23-000014__Item_9__chunk_0000,VLGEA,Item_9,0,31,too_short
VLGEA__10-K__0000103595-23-000014__Part_II__chunk_0000,VLGEA,Part_II,0,2,too_short
VLGEA__10-K__0000103595-23-000014__Part_III__chunk_0000,VLGEA,Part_III,0,2,too_short
VLGEA__10-K__0000103595-23-000014__Part_IV__chunk_0000,VLGEA,Part_IV,0,2,too_short
VLGEA__10-K__0000103595-24-000019__Item_1A__chunk_0000,VLGEA,Item_1A,0,13,too_short
VLGEA__10-K__0000103595-24-000019__Item_4__chunk_0000,VLGEA,Item_4,0,18,too_short
VLGEA__10-K__0000103595-24-000019__Item_9__chunk_0000,VLGEA,Item_9,0,31,too_short
VLGEA__10-K__0000103595-24-000019__Part_II__chunk_0000,VLGEA,Part_II,0,2,too_short
VLGEA__10-K__0000103595-24-000019__Part_III__chunk_0000,VLGEA,Part_III,0,2,too_short
VLGEA__10-K__0000103595-24-000019__Part_IV__chunk_0000,VLGEA,Part_IV,0,2,too_short
VLGEA__10-K__0000103595-25-000015__Item_1A__chunk_0000,VLGEA,Item_1A,0,13,too_short
VLGEA__10-K__0000103595-25-000015__Item_4__chunk_0000,VLGEA,Item_4,0,18,too_short
VLGEA__10-K__0000103595-25-000015__Item_9__chunk_0000,VLGEA,Item_9,0,31,too_short
VLGEA__10-K__0000103595-25-000015__Part_II__chunk_0000,VLGEA,Part_II,0,2,too_short
VLGEA__10-K__0000103595-25-000015__Part_III__chunk_0000,VLGEA,Part_III,0,2,too_short
VLGEA__10-K__0000103595-25-000015__Part_IV__chunk_0000,VLGEA,Part_IV,0,2,too_short
VNCE__10-K__0000950170-24-052254__Item_1B__chunk_0000,VNCE,Item_1B,0,15,too_short
VNCE__10-K__0000950170-24-052254__Item_4__chunk_0000,VNCE,Item_4,0,20,too_short
VNCE__10-K__0000950170-24-052254__Item_6__chunk_0000,VNCE,Item_6,0,10,too_short
VNCE__10-K__0000950170-24-052254__Item_8__chunk_0000,VNCE,Item_8,0,45,too_short
VNCE__10-K__0000950170-24-052254__Item_9__chunk_0000,VNCE,Item_9,0,32,too_short
VNCE__10-K__0000950170-24-052254__Item_9C__chunk_0000,VNCE,Item_9C,0,29,too_short
VNCE__10-K__0000950170-25-062847__Item_4__chunk_0000,VNCE,Item_4,0,20,too_short
VNCE__10-K__0000950170-25-062847__Item_6__chunk_0000,VNCE,Item_6,0,10,too_short
VNCE__10-K__0000950170-25-062847__Item_8__chunk_0000,VNCE,Item_8,0,45,too_short
VNCE__10-K__0000950170-25-062847__Item_9C__chunk_0000,VNCE,Item_9C,0,30,too_short
VNCE__10-K__0001193125-26-158986__Item_4__chunk_0000,VNCE,Item_4,0,20,too_short
VNCE__10-K__0001193125-26-158986__Item_6__chunk_0000,VNCE,Item_6,0,10,too_short
VNCE__10-K__0001193125-26-158986__Item_8__chunk_0000,VNCE,Item_8,0,45,too_short
VNCE__10-K__0001193125-26-158986__Item_9C__chunk_0000,VNCE,Item_9C,0,31,too_short
VRA__10-K__0001495320-24-000026__Item_4__chunk_0000,VRA,Item_4,0,15,too_short
VRA__10-K__0001495320-24-000026__Item_9B__chunk_0000,VRA,Item_9B,0,9,too_short
VRA__10-K__0001495320-24-000026__Item_9C__chunk_0000,VRA,Item_9C,0,22,too_short
VRA__10-K__0001495320-24-000026__Part_III__chunk_0000,VRA,Part_III,0,2,too_short
VRA__10-K__0001495320-25-000019__Item_1B__chunk_0000,VRA,Item_1B,0,11,too_short
VRA__10-K__0001495320-25-000019__Item_4__chunk_0000,VRA,Item_4,0,15,too_short
VRA__10-K__0001495320-25-000019__Item_9B__chunk_0000,VRA,Item_9B,0,9,too_short
VRA__10-K__0001495320-25-000019__Item_9C__chunk_0000,VRA,Item_9C,0,22,too_short
VRA__10-K__0001495320-25-000019__Part_III__chunk_0000,VRA,Part_III,0,2,too_short
VRA__10-K__0001628280-26-021640__Item_1B__chunk_0000,VRA,Item_1B,0,11,too_short
VRA__10-K__0001628280-26-021640__Item_4__chunk_0000,VRA,Item_4,0,15,too_short
VRA__10-K__0001628280-26-021640__Item_9B__chunk_0000,VRA,Item_9B,0,9,too_short
VRA__10-K__0001628280-26-021640__Item_9C__chunk_0000,VRA,Item_9C,0,22,too_short
VRA__10-K__0001628280-26-021640__Part_III__chunk_0000,VRA,Part_III,0,2,too_short
VSXY__10-K__0001856437-24-000005__Item_4__chunk_0000,VSXY,Item_4,0,21,too_short
VSXY__10-K__0001856437-24-000005__Item_6__chunk_0000,VSXY,Item_6,0,6,too_short
VSXY__10-K__0001856437-24-000005__Item_9__chunk_0000,VSXY,Item_9,0,30,too_short
VSXY__10-K__0001856437-24-000005__Item_9B__chunk_0000,VSXY,Item_9B,0,10,too_short
VSXY__10-K__0001856437-24-000005__Item_9C__chunk_0000,VSXY,Item_9C,0,32,too_short
VSXY__10-K__0001856437-24-000005__Part_II__chunk_0000,VSXY,Part_II,0,2,too_short
VSXY__10-K__0001856437-24-000005__Part_III__chunk_0000,VSXY,Part_III,0,2,too_short
VSXY__10-K__0001856437-24-000005__Part_IV__chunk_0000,VSXY,Part_IV,0,2,too_short
VSXY__10-K__0001856437-25-000006__Item_4__chunk_0000,VSXY,Item_4,0,21,too_short
VSXY__10-K__0001856437-25-000006__Item_6__chunk_0000,VSXY,Item_6,0,6,too_short
VSXY__10-K__0001856437-25-000006__Item_9__chunk_0000,VSXY,Item_9,0,30,too_short
VSXY__10-K__0001856437-25-000006__Item_9B__chunk_0000,VSXY,Item_9B,0,10,too_short
VSXY__10-K__0001856437-25-000006__Item_9C__chunk_0000,VSXY,Item_9C,0,32,too_short
VSXY__10-K__0001856437-25-000006__Part_II__chunk_0000,VSXY,Part_II,0,2,too_short
VSXY__10-K__0001856437-25-000006__Part_III__chunk_0000,VSXY,Part_III,0,2,too_short
VSXY__10-K__0001856437-25-000006__Part_IV__chunk_0000,VSXY,Part_IV,0,2,too_short
VSXY__10-K__0001856437-26-000004__Item_4__chunk_0000,VSXY,Item_4,0,21,too_short
VSXY__10-K__0001856437-26-000004__Item_6__chunk_0000,VSXY,Item_6,0,6,too_short
VSXY__10-K__0001856437-26-000004__Item_9__chunk_0000,VSXY,Item_9,0,30,too_short
VSXY__10-K__0001856437-26-000004__Item_9B__chunk_0000,VSXY,Item_9B,0,10,too_short
VSXY__10-K__0001856437-26-000004__Item_9C__chunk_0000,VSXY,Item_9C,0,32,too_short
VSXY__10-K__0001856437-26-000004__Part_II__chunk_0000,VSXY,Part_II,0,2,too_short
VSXY__10-K__0001856437-26-000004__Part_III__chunk_0000,VSXY,Part_III,0,2,too_short
VSXY__10-K__0001856437-26-000004__Part_IV__chunk_0000,VSXY,Part_IV,0,2,too_short
VVV__10-K__0001674910-23-000125__Item_4__chunk_0000,VVV,Item_4,0,17,too_short
VVV__10-K__0001674910-24-000152__Item_4__chunk_0000,VVV,Item_4,0,17,too_short
VVV__10-K__0001674910-25-000135__Item_4__chunk_0000,VVV,Item_4,0,17,too_short
WINA__10-K__0000908315-24-000010__Item_3__chunk_0000,WINA,Item_3,0,39,too_short
WINA__10-K__0000908315-24-000010__Item_4__chunk_0000,WINA,Item_4,0,27,too_short
WINA__10-K__0000908315-24-000010__Item_6__chunk_0000,WINA,Item_6,0,13,too_short
WINA__10-K__0000908315-24-000010__Item_9__chunk_0000,WINA,Item_9,0,31,too_short
WINA__10-K__0000908315-24-000010__Item_9C__chunk_0000,WINA,Item_9C,0,41,too_short
WINA__10-K__0000908315-25-000010__Item_3__chunk_0000,WINA,Item_3,0,41,too_short
WINA__10-K__0000908315-25-000010__Item_4__chunk_0000,WINA,Item_4,0,27,too_short
WINA__10-K__0000908315-25-000010__Item_6__chunk_0000,WINA,Item_6,0,13,too_short
WINA__10-K__0000908315-25-000010__Item_9__chunk_0000,WINA,Item_9,0,31,too_short
WINA__10-K__0000908315-25-000010__Item_9C__chunk_0000,WINA,Item_9C,0,41,too_short
WINA__10-K__0000908315-26-000007__Item_3__chunk_0000,WINA,Item_3,0,41,too_short
WINA__10-K__0000908315-26-000007__Item_4__chunk_0000,WINA,Item_4,0,27,too_short
WINA__10-K__0000908315-26-000007__Item_6__chunk_0000,WINA,Item_6,0,13,too_short
WINA__10-K__0000908315-26-000007__Item_9__chunk_0000,WINA,Item_9,0,31,too_short
WINA__10-K__0000908315-26-000007__Item_9C__chunk_0000,WINA,Item_9C,0,41,too_short
WMK__10-K__0000105418-24-000015__Item_12__chunk_0000,WMK,Item_12,0,44,too_short
WMK__10-K__0000105418-24-000015__Item_6__chunk_0000,WMK,Item_6,0,26,too_short
WMK__10-K__0000105418-24-000015__Item_9B__chunk_0000,WMK,Item_9B,0,27,too_short
WMK__10-K__0000105418-24-000015__Item_9C__chunk_0000,WMK,Item_9C,0,34,too_short
WMK__10-K__0000105418-24-000015__Part_II__chunk_0000,WMK,Part_II,0,2,too_short
WMK__10-K__0000105418-24-000015__Part_III__chunk_0000,WMK,Part_III,0,2,too_short
WMK__10-K__0000105418-24-000015__Part_IV__chunk_0000,WMK,Part_IV,0,2,too_short
WMK__10-K__0000105418-25-000014__Item_12__chunk_0000,WMK,Item_12,0,44,too_short
WMK__10-K__0000105418-25-000014__Item_6__chunk_0000,WMK,Item_6,0,26,too_short
WMK__10-K__0000105418-25-000014__Item_9C__chunk_0000,WMK,Item_9C,0,34,too_short
WMK__10-K__0000105418-25-000014__Part_II__chunk_0000,WMK,Part_II,0,2,too_short
WMK__10-K__0000105418-25-000014__Part_III__chunk_0000,WMK,Part_III,0,2,too_short
WMK__10-K__0000105418-26-000024__Item_12__chunk_0000,WMK,Item_12,0,44,too_short
WMK__10-K__0000105418-26-000024__Item_6__chunk_0000,WMK,Item_6,0,22,too_short
WMK__10-K__0000105418-26-000024__Part_II__chunk_0000,WMK,Part_II,0,2,too_short
WMK__10-K__0000105418-26-000024__Part_III__chunk_0000,WMK,Part_III,0,2,too_short
WMT__10-K__0000104169-24-000056__Part_III__chunk_0000,WMT,Part_III,0,21,too_short
WMT__10-K__0000104169-25-000021__Part_III__chunk_0000,WMT,Part_III,0,21,too_short
WMT__10-K__0000104169-26-000055__Part_III__chunk_0000,WMT,Part_III,0,21,too_short
WOOF__10-K__0000950170-24-040516__Item_1B__chunk_0000,WOOF,Item_1B,0,12,too_short
WOOF__10-K__0000950170-24-040516__Item_4__chunk_0000,WOOF,Item_4,0,15,too_short
WOOF__10-K__0000950170-24-040516__Item_6__chunk_0000,WOOF,Item_6,0,10,too_short
WOOF__10-K__0000950170-24-040516__Item_9__chunk_0000,WOOF,Item_9,0,23,too_short
WOOF__10-K__0000950170-24-040516__Item_9C__chunk_0000,WOOF,Item_9C,0,20,too_short
WOOF__10-K__0000950170-24-040516__Part_I__chunk_0000,WOOF,Part_I,0,2,too_short
WOOF__10-K__0000950170-24-040516__Part_II__chunk_0000,WOOF,Part_II,0,2,too_short
WOOF__10-K__0000950170-24-040516__Part_IV__chunk_0000,WOOF,Part_IV,0,2,too_short
WOOF__10-K__0000950170-25-047693__Item_11__chunk_0000,WOOF,Item_11,0,27,too_short
WOOF__10-K__0000950170-25-047693__Item_12__chunk_0000,WOOF,Item_12,0,38,too_short
WOOF__10-K__0000950170-25-047693__Item_13__chunk_0000,WOOF,Item_13,0,35,too_short
WOOF__10-K__0000950170-25-047693__Item_14__chunk_0000,WOOF,Item_14,0,31,too_short
WOOF__10-K__0000950170-25-047693__Item_1B__chunk_0000,WOOF,Item_1B,0,12,too_short
WOOF__10-K__0000950170-25-047693__Item_4__chunk_0000,WOOF,Item_4,0,15,too_short
WOOF__10-K__0000950170-25-047693__Item_6__chunk_0000,WOOF,Item_6,0,10,too_short
WOOF__10-K__0000950170-25-047693__Item_9__chunk_0000,WOOF,Item_9,0,23,too_short
WOOF__10-K__0000950170-25-047693__Item_9C__chunk_0000,WOOF,Item_9C,0,20,too_short
WOOF__10-K__0000950170-25-047693__Part_I__chunk_0000,WOOF,Part_I,0,2,too_short
WOOF__10-K__0000950170-25-047693__Part_II__chunk_0000,WOOF,Part_II,0,2,too_short
WOOF__10-K__0000950170-25-047693__Part_IV__chunk_0000,WOOF,Part_IV,0,2,too_short
WOOF__10-K__0001193125-26-106114__Item_11__chunk_0000,WOOF,Item_11,0,27,too_short
WOOF__10-K__0001193125-26-106114__Item_12__chunk_0000,WOOF,Item_12,0,38,too_short
WOOF__10-K__0001193125-26-106114__Item_13__chunk_0000,WOOF,Item_13,0,34,too_short
WOOF__10-K__0001193125-26-106114__Item_14__chunk_0000,WOOF,Item_14,0,31,too_short
WOOF__10-K__0001193125-26-106114__Item_1B__chunk_0000,WOOF,Item_1B,0,12,too_short
WOOF__10-K__0001193125-26-106114__Item_4__chunk_0000,WOOF,Item_4,0,15,too_short
WOOF__10-K__0001193125-26-106114__Item_6__chunk_0000,WOOF,Item_6,0,10,too_short
WOOF__10-K__0001193125-26-106114__Item_9__chunk_0000,WOOF,Item_9,0,23,too_short
WOOF__10-K__0001193125-26-106114__Part_I__chunk_0000,WOOF,Part_I,0,2,too_short
WOOF__10-K__0001193125-26-106114__Part_II__chunk_0000,WOOF,Part_II,0,2,too_short
WOOF__10-K__0001193125-26-106114__Part_IV__chunk_0000,WOOF,Part_IV,0,2,too_short
WSM__10-K__0000719955-26-000059__Item_4__chunk_0000,WSM,Item_4,0,20,too_short
WSM__10-K__0000719955-26-000059__Item_9C__chunk_0000,WSM,Item_9C,0,30,too_short
WSM__10-K__0000719955-26-000059__Part_I__chunk_0000,WSM,Part_I,0,2,too_short
WSM__10-K__0000719955-26-000059__Part_IV__chunk_0000,WSM,Part_IV,0,2,too_short
WSM__10-K__0001628280-24-012221__Item_4__chunk_0000,WSM,Item_4,0,20,too_short
WSM__10-K__0001628280-24-012221__Item_9C__chunk_0000,WSM,Item_9C,0,30,too_short
WSM__10-K__0001628280-24-012221__Part_I__chunk_0000,WSM,Part_I,0,2,too_short
WSM__10-K__0001628280-24-012221__Part_IV__chunk_0000,WSM,Part_IV,0,2,too_short
WSM__10-K__0001628280-25-015037__Item_4__chunk_0000,WSM,Item_4,0,20,too_short
WSM__10-K__0001628280-25-015037__Item_9C__chunk_0000,WSM,Item_9C,0,30,too_short
WSM__10-K__0001628280-25-015037__Part_I__chunk_0000,WSM,Part_I,0,2,too_short
WSM__10-K__0001628280-25-015037__Part_IV__chunk_0000,WSM,Part_IV,0,2,too_short
WWW__10-K__0000110471-24-000057__Item_9C__chunk_0000,WWW,Item_9C,0,18,too_short
WWW__10-K__0000110471-24-000057__Part_IV__chunk_0000,WWW,Part_IV,0,2,too_short
WWW__10-K__0000110471-25-000046__Item_9C__chunk_0000,WWW,Item_9C,0,18,too_short
WWW__10-K__0000110471-25-000046__Part_IV__chunk_0000,WWW,Part_IV,0,2,too_short
WWW__10-K__0001628280-26-012614__Item_9C__chunk_0000,WWW,Item_9C,0,18,too_short
WWW__10-K__0001628280-26-012614__Part_IV__chunk_0000,WWW,Part_IV,0,2,too_short
W__10-K__0001616707-24-000014__Item_4__chunk_0000,W,Item_4,0,11,too_short
W__10-K__0001616707-24-000014__Item_9C__chunk_0000,W,Item_9C,0,18,too_short
W__10-K__0001616707-24-000014__Part_IV__chunk_0000,W,Part_IV,0,2,too_short
W__10-K__0001616707-25-000022__Item_4__chunk_0000,W,Item_4,0,11,too_short
W__10-K__0001616707-25-000022__Item_9C__chunk_0000,W,Item_9C,0,18,too_short
W__10-K__0001616707-25-000022__Part_IV__chunk_0000,W,Part_IV,0,2,too_short
W__10-K__0001616707-26-000027__Item_4__chunk_0000,W,Item_4,0,11,too_short
W__10-K__0001616707-26-000027__Item_9C__chunk_0000,W,Item_9C,0,18,too_short
W__10-K__0001616707-26-000027__Part_I__chunk_0000,W,Part_I,0,2,too_short
W__10-K__0001616707-26-000027__Part_IV__chunk_0000,W,Part_IV,0,2,too_short
XELB__10-K__0001104659-26-043348__Item_4__chunk_0000,XELB,Item_4,0,17,too_short
XELB__10-K__0001104659-26-043348__Item_7A__chunk_0000,XELB,Item_7A,0,19,too_short
XELB__10-K__0001104659-26-043348__Item_9B__chunk_0000,XELB,Item_9B,0,19,too_short
XELB__10-K__0001104659-26-043348__Item_9C__chunk_0000,XELB,Item_9C,0,20,too_short
XELB__10-K__0001104659-26-043348__Part_IV__chunk_0000,XELB,Part_IV,0,2,too_short
XELB__10-K__0001558370-24-005326__Item_4__chunk_0000,XELB,Item_4,0,11,too_short
XELB__10-K__0001558370-24-005326__Item_7A__chunk_0000,XELB,Item_7A,0,26,too_short
XELB__10-K__0001558370-24-005326__Item_9B__chunk_0000,XELB,Item_9B,0,13,too_short
XELB__10-K__0001558370-24-005326__Item_9C__chunk_0000,XELB,Item_9C,0,20,too_short
XELB__10-K__0001558370-24-005326__Part_IV__chunk_0000,XELB,Part_IV,0,2,too_short
XELB__10-K__0001558370-25-008172__Item_4__chunk_0000,XELB,Item_4,0,11,too_short
XELB__10-K__0001558370-25-008172__Item_7A__chunk_0000,XELB,Item_7A,0,19,too_short
XELB__10-K__0001558370-25-008172__Item_9B__chunk_0000,XELB,Item_9B,0,13,too_short
XELB__10-K__0001558370-25-008172__Item_9C__chunk_0000,XELB,Item_9C,0,20,too_short
XELB__10-K__0001558370-25-008172__Part_IV__chunk_0000,XELB,Part_IV,0,2,too_short
ZUMZ__10-K__0000950170-24-031449__Item_1B__chunk_0000,ZUMZ,Item_1B,0,16,too_short
ZUMZ__10-K__0000950170-24-031449__Item_4__chunk_0000,ZUMZ,Item_4,0,17,too_short
ZUMZ__10-K__0000950170-24-031449__Item_6__chunk_0000,ZUMZ,Item_6,0,8,too_short
ZUMZ__10-K__0000950170-24-031449__Item_9C__chunk_0000,ZUMZ,Item_9C,0,27,too_short
ZUMZ__10-K__0000950170-25-038692__Item_1B__chunk_0000,ZUMZ,Item_1B,0,15,too_short
ZUMZ__10-K__0000950170-25-038692__Item_4__chunk_0000,ZUMZ,Item_4,0,17,too_short
ZUMZ__10-K__0000950170-25-038692__Item_6__chunk_0000,ZUMZ,Item_6,0,8,too_short
ZUMZ__10-K__0000950170-25-038692__Item_9C__chunk_0000,ZUMZ,Item_9C,0,27,too_short
ZUMZ__10-K__0001193125-26-104063__Item_1B__chunk_0000,ZUMZ,Item_1B,0,14,too_short
ZUMZ__10-K__0001193125-26-104063__Item_4__chunk_0000,ZUMZ,Item_4,0,16,too_short
ZUMZ__10-K__0001193125-26-104063__Item_6__chunk_0000,ZUMZ,Item_6,0,8,too_short
ZUMZ__10-K__0001193125-26-104063__Item_9C__chunk_0000,ZUMZ,Item_9C,0,27,too_short
