logical_source_id,source_version_id,file_alias_id,extraction_artifact_id,observed_ticker,canonical_ticker,pdf_file,file_path,drive_id,artifact_role,sha256,size_bytes,mtime_utc,registry_source_id,duplicate_of_source_version_id,canonical_alias,ownership_review_required,near_duplicate_review_required,review_reason,processing_state,active,cataloged_at
ls_f1c73f6e7eb8c108e35b348c,sv_dd95d86032758cb41cbb24ac,fa_b0426e7a797e2c118622ceb6,ea_4149e820a5955ee2ed375f20,AAP,AAP,AAP-ADVANCE AUTO PARTS INC-2017-2018.pdf,data/01_raw/sustainability/AAP/AAP-ADVANCE AUTO PARTS INC-2017-2018.pdf,,original,fa4c4a3ecba74df8409d92dc1a9c698030731abf45d972fd28699429c5104f3a,30395251,2026-07-24T22:41:10.320421+00:00,,,true,false,false,,eligible_candidate,true,2026-07-29T20:13:36.122843+00:00
ls_44cb391864bbc73c42439d16,sv_e8cffe6a38914db481476784,fa_dafca550f97d3535af690311,ea_4df814ff8e330dad2df22612,AAP,AAP,AAP-ADVANCE AUTO PARTS INC-2019.pdf,data/01_raw/sustainability/AAP/AAP-ADVANCE AUTO PARTS INC-2019.pdf,,original,b2b6eb76261fd6ca5965b49157e72d16a960b95aadf8d8026179ad24e7369ab2,10480350,2026-07-24T22:41:14.716985+00:00,,,true,false,false,,eligible_candidate,true,2026-07-29T20:13:36.122843+00:00
ls_3abd6197ce909bd806bd6f9b,sv_d89681f7701488c5e4013783,fa_cc0f1d77ba5767274e8e3513,ea_88a3920c506d1d9b2d1286b9,AAP,AAP,AAP-ADVANCE AUTO PARTS INC-2020.pdf,data/01_raw/sustainability/AAP/AAP-ADVANCE AUTO PARTS INC-2020.pdf,,original,0d771a38b0bd9c9d2f7756779ccf0166d62abe115e49d53a83b182f5d6e14106,27366893,2026-07-24T22:41:19.654434+00:00,,,true,false,false,,eligible_candidate,true,2026-07-29T20:13:36.122843+00:00
ls_d9ba5e37cdefc76d53727862,sv_fdc0fa4300be6a6472dc4e2e,fa_d80ebc65e3e04c5859af0fcf,ea_8dd31fb3687c6d6ca6fb0184,AAP,AAP,AAP-ADVANCE AUTO PARTS INC-2021.pdf,data/01_raw/sustainability/AAP/AAP-ADVANCE AUTO PARTS INC-2021.pdf,,original,9e75b2d212c2afdf53f7de5a7ee389e4edadce4ab3b890034a456d63b28c1d98,34004941,2026-07-24T22:41:26.695336+00:00,,,true,false,false,,eligible_candidate,true,2026-07-29T20:13:36.122843+00:00
ls_fe1eda39bfeb38a51f42fa22,sv_924192c86f66e1c4119d8ad6,fa_97988bfdce5db6a1ec632e60,ea_98d54ee73b82aaebd00beca7,AAP,AAP,AAP-ADVANCE AUTO PARTS INC-2022.pdf,data/01_raw/sustainability/AAP/AAP-ADVANCE AUTO PARTS INC-2022.pdf,,original,1cb671bfb38482ecbe667cecfc4690fd9b25bb7ed817dc744619f669ccff7c63,39878419,2026-07-24T22:41:31.257324+00:00,,,true,false,false,,eligible_candidate,true,2026-07-29T20:13:36.122843+00:00
ls_5f175cab2639d456ba2babbd,sv_d713ef6a4a96986d41ac1cb6,fa_add79bd30b464be985b3cbe7,ea_e8ff59600974792ec12fb2c8,AAPL,AAPL,AAPL-APPLE INC-2015.pdf,data/01_raw/sustainability/AAPL/AAPL-APPLE INC-2015.pdf,,original,1d6a551096c9fc8af7323703f0b4eb5984f7f291d63fafd4adb323b0757e7ac7,19332770,2026-07-24T22:41:37.781132+00:00,,,true,false,false,,eligible_candidate,true,2026-07-29T20:13:36.122843+00:00
ls_f8772efd52ead956f3c5e6cd,sv_a68765b440420678eb259ec8,fa_bd5fa1df087486569f96dbf8,ea_424317dddc598d5dbf80c8dc,AAPL,AAPL,AAPL-APPLE INC-2016.pdf,data/01_raw/sustainability/AAPL/AAPL-APPLE INC-2016.pdf,,original,35fe66a3c3d67133f9955c2efea69b639034fc259ac9836eda587e915816bef2,6354313,2026-07-24T22:41:41.039760+00:00,,,true,false,false,,eligible_candidate,true,2026-07-29T20:13:36.122843+00:00
ls_2d7ee68314faf01b1650d4b3,sv_56aa51654c4909ac769a12cd,fa_93389f3e9edf454c33ace3a8,ea_2c3d27186b1bc55a2cde3067,AAPL,AAPL,AAPL-APPLE INC-2017.pdf,data/01_raw/sustainability/AAPL/AAPL-APPLE INC-2017.pdf,,original,ae67944e9c7b8398fcb5edeb35e756eff2b456e4a5f6a379721f65a9ef893db8,8962423,2026-07-24T22:41:43.448996+00:00,,,true,false,false,,eligible_candidate,true,2026-07-29T20:13:36.122843+00:00
ls_07adb44aa8b60252e35bdef2,sv_8262793cf520b72714dcdd5f,fa_d8b02064cd4b0106b0dd0b0e,ea_51bf7aacb455066e2ac9d3ba,AAPL,AAPL,AAPL-APPLE INC-2018.pdf,data/01_raw/sustainability/AAPL/AAPL-APPLE INC-2018.pdf,,original,db08930d58817ae1012a18597253a23d924744c1751c6f19ba0e1be25b91ba8c,18175302,2026-07-24T22:41:47.370071+00:00,,,true,false,false,,eligible_candidate,true,2026-07-29T20:13:36.122843+00:00
ls_157970f188c93ac32bfc5ab3,sv_7efed2de9249d21290063704,fa_aea54135e458d2d6fbc6a387,ea_9308bf60cf8b2421d5972157,AAPL,AAPL,AAPL-APPLE INC-2020.pdf,data/01_raw/sustainability/AAPL/AAPL-APPLE INC-2020.pdf,,original,3b17c8f0ba189c23430a947982a8dc7386ae8639fbbadf5ff21fa0b9310c1ed7,3131079,2026-07-24T22:41:51.106966+00:00,,,true,false,false,,eligible_candidate,true,2026-07-29T20:13:36.122843+00:00
ls_41ff27189ac54751f8f11bdb,sv_04db4d401cf4bfe0c0becf67,fa_62cb5eecda17f7e542d30504,ea_dce0a1a30984eac159a15a69,AAPL,AAPL,AAPL-APPLE INC-2021.pdf,data/01_raw/sustainability/AAPL/AAPL-APPLE INC-2021.pdf,,original,48243d269275742a9aa9af16d7cb8804e5343a72a03778eb4635e27963ce95d4,9324447,2026-07-24T22:41:57.751795+00:00,,,true,false,false,,eligible_candidate,true,2026-07-29T20:13:36.122843+00:00
ls_632538f4b6b98eb5a0383c3f,sv_56ffba1365c343e4d9ab92e8,fa_ed91faa9b260d18c87e29d8d,ea_5eb3c27e2356fdaa71710792,AAPL,AAPL,AAPL-APPLE INC-2022.pdf,data/01_raw/sustainability/AAPL/AAPL-APPLE INC-2022.pdf,,original,da75397bede881a2a58628328ea068d53b5c44f805f117a82d8f1f63be2b339d,15806770,2026-07-24T22:42:00.670063+00:00,,,true,false,false,,eligible_candidate,true,2026-07-29T20:13:36.122843+00:00
ls_6165df13801156806d851c95,sv_f47887346542a320c3278b68,fa_f886ea1232d37bb8c4148092,ea_5d9cb5d2d21a0eb868935b26,AAPL,AAPL,AAPL-APPLE INC-2024.pdf,data/01_raw/sustainability/AAPL/AAPL-APPLE INC-2024.pdf,,original,21113e2f53e286c048b6bcd784bfd9adaed518a642ab62fdf3f2a05d82c6a128,66120222,2026-07-24T22:42:06.305622+00:00,,,true,false,false,,eligible_candidate,true,2026-07-29T20:13:36.122843+00:00
ls_8d71f27078c1c3f83ff317e2,sv_d77cd5be7a80a8c7a5990de6,fa_e45b808153448587f631b04a,ea_0d1d728c5a20bf19a381aff2,AAPL,AAPL,AAPL-APPLE INC-2025.pdf,data/01_raw/sustainability/AAPL/AAPL-APPLE INC-2025.pdf,,original,dc23e8cb593f42969689c206dc7624156918d766efbbc9b20a9fb1d1c0b54518,23549534,2026-07-24T22:42:15.012179+00:00,,,true,false,false,,eligible_candidate,true,2026-07-29T20:13:36.122843+00:00
ls_b3bdffa5d51b16f68a658e4b,sv_cb34c23a757c3c833ca4bb1d,fa_551740aff37057550d9f9c0e,ea_878fb86dd906c2cb8c1083da,ABG,ABG,ABG-ASBURY AUTOMOTIVE GROUP INC-2021.pdf,data/01_raw/sustainability/ABG/ABG-ASBURY AUTOMOTIVE GROUP INC-2021.pdf,,original,5e1e954188a8e805c04906edc4cc6b959a4b237e451d11cc9bdb85cb0dea5da4,9896223,2026-07-24T22:42:20.556829+00:00,,,true,false,false,,eligible_candidate,true,2026-07-29T20:13:36.122843+00:00
ls_c43a4167382e28cf7a6177ed,sv_7038eda9b7d3357e89bf4278,fa_2e9b5236f96577f2a990fac3,ea_b7824cf72a6d80795124279e,ABG,ABG,ABG-ASBURY AUTOMOTIVE GROUP INC-2022.pdf,data/01_raw/sustainability/ABG/ABG-ASBURY AUTOMOTIVE GROUP INC-2022.pdf,,original,0e0bc52234444738dd473441aee85057db867ca198fc94b93497cb75a21effbf,20427846,2026-07-24T22:42:27.241434+00:00,,,true,false,false,,eligible_candidate,true,2026-07-29T20:13:36.122843+00:00
ls_82a75ecace349270801af773,sv_9d0c6209bc6477660fd82e22,fa_bc5fb6d1567da4a410a369de,ea_030da0876cb5af12fd80f772,ABG,ABG,ABG-ASBURY AUTOMOTIVE GROUP INC-2023.pdf,data/01_raw/sustainability/ABG/ABG-ASBURY AUTOMOTIVE GROUP INC-2023.pdf,,original,0ccdc0a52b7685964dd98881b97086a9fc3b448c747259450b7daa869d18726b,19147279,2026-07-24T22:42:33.277709+00:00,,,true,false,false,,eligible_candidate,true,2026-07-29T20:13:36.122843+00:00
ls_fc619b256680709853a96e17,sv_4ceb4af1fd003f781a1534f6,fa_f438fc29dae73136d2811962,ea_961bedf23675d27d885f10d0,ABG,ABG,ABG-ASBURY AUTOMOTIVE GROUP INC-2024.pdf,data/01_raw/sustainability/ABG/ABG-ASBURY AUTOMOTIVE GROUP INC-2024.pdf,,original,0394076c2fdc6212e6db4aa55d4c822a40b3c0b137ffc53dee9cbbb47b211fe5,13573723,2026-07-24T22:42:35.158991+00:00,,,true,false,false,,eligible_candidate,true,2026-07-29T20:13:36.122843+00:00
ls_2d9be684b328479bd5f5e1c6,sv_1b4ea56c1b3b982967f6c457,fa_db84d288544fb148f8447c64,ea_433a946394e36b5a3c15d5ef,ABG,ABG,ABG-ASBURY AUTOMOTIVE GROUP INC-2025.pdf,data/01_raw/sustainability/ABG/ABG-ASBURY AUTOMOTIVE GROUP INC-2025.pdf,,original,5c5373a30b4c21e5c414435d5f5636a7c833b49c5278a60bf3297a85d7d6ddb5,6146880,2026-07-24T22:42:37.209515+00:00,,,true,false,false,,eligible_candidate,true,2026-07-29T20:13:36.122843+00:00
ls_0f5071c470bd2aa57357e5bd,sv_ed931ca1f17c0bdd2c5614e5,fa_9ec0ced5e147a98fcd0b29c1,ea_aeac6d20a9e723a787419875,ACI,ACI,ACI-ALBERTSONS COS INC-2016.pdf,data/01_raw/sustainability/ACI/ACI-ALBERTSONS COS INC-2016.pdf,,original,29e877311eb45095586a2686322263155ef2e264972537bf98bffb6403a974b1,1902276,2026-07-24T22:42:39.203376+00:00,,,true,false,false,,eligible_candidate,true,2026-07-29T20:13:36.122843+00:00
ls_069a1f1ca5a11e12819720ed,sv_fbbf01f92585ec3fbbe4ed99,fa_b6d67d11680570a7c92972ba,ea_802a46535107c73b078e32e3,ACI,ACI,ACI-ALBERTSONS COS INC-2017.pdf,data/01_raw/sustainability/ACI/ACI-ALBERTSONS COS INC-2017.pdf,,original,9f17524f347e936d4cae04d61e52f797918ad1b3f89fa28b4e4571d2a6487bfd,2467137,2026-07-24T22:42:41.225874+00:00,,,true,false,false,,eligible_candidate,true,2026-07-29T20:13:36.122843+00:00
ls_714aca0dd0a693db88e14c9c,sv_cb777c3fa3a519b77981923f,fa_ff4969eb03766eab2ef9b071,ea_d1943dd2f00788070a08fd84,ACI,ACI,ACI-ALBERTSONS COS INC-2020.pdf,data/01_raw/sustainability/ACI/ACI-ALBERTSONS COS INC-2020.pdf,,original,87adf3bd4f7f0bea38a100f0d7f7f68f0bfcdd3564c7dcbae9f14ccedcd7dd4b,29106486,2026-07-24T22:42:49.935267+00:00,,,true,false,false,,eligible_candidate,true,2026-07-29T20:13:36.122843+00:00
ls_5d2d0b6447242b39114fa68a,sv_cd4a52d25894d8ed4aef647e,fa_14e146f961f239be0ea9378f,ea_087ebf3730abfe2fd1f6df48,ACI,ACI,ACI-ALBERTSONS COS INC-2021.pdf,data/01_raw/sustainability/ACI/ACI-ALBERTSONS COS INC-2021.pdf,,original,f7cc10373a02e299a2f4fdfd8eb2cfe0c537e888796d08a7ff6d32003cb88f27,9656950,2026-07-29T09:54:30.779702+00:00,,,true,false,false,,eligible_candidate,true,2026-07-29T20:13:36.122843+00:00
ls_7a80ea36d09d3888f7438da8,sv_208c8930dd32e3ec3bf0a9c7,fa_5d83718601016383cf50c66a,ea_f11d6921fbf087bfa061c3ce,ACI,ACI,ACI-ALBERTSONS COS INC-2022.pdf,data/01_raw/sustainability/ACI/ACI-ALBERTSONS COS INC-2022.pdf,,original,7cc8d605116cebdab74d8a7912d72867d8833aafcc8adaaae2dd99985055d8b6,6686701,2026-07-24T22:42:59.031873+00:00,,,true,false,false,,eligible_candidate,true,2026-07-29T20:13:36.122843+00:00
ls_d7e4f823b36883e1d88154e5,sv_b4ed133cab7d719a8420e78e,fa_7c81a3a5acc34edc6fb40934,ea_428f4d70e34c19550b1e4a13,ACI,ACI,ACI-ALBERTSONS COS INC-2023.pdf,data/01_raw/sustainability/ACI/ACI-ALBERTSONS COS INC-2023.pdf,,original,b9820caa4bd60d51c06a166ed78fe08ef2f3e964c08654244e1616c4e3f58c47,22920872,2026-07-24T22:43:06.330575+00:00,,,true,false,false,,eligible_candidate,true,2026-07-29T20:13:36.122843+00:00
ls_6bfcc84170927ea24d2e31bb,sv_f98ef06880fc8538ba8d23a1,fa_3b534b5c3c42830169266caf,ea_6ba38e68adb5aa5b7430c400,ACI,ACI,ACI-ALBERTSONS COS INC-2024.pdf,data/01_raw/sustainability/ACI/ACI-ALBERTSONS COS INC-2024.pdf,,original,a8d9753f08462519709ad2d2ce02efce2650fcb767d53c898ecd248d1094e369,7333800,2026-07-24T22:43:10.044494+00:00,,,true,false,false,,eligible_candidate,true,2026-07-29T20:13:36.122843+00:00
ls_50b2d73cde1067341ce96125,sv_715a40ea8a3c407c113389ff,fa_c06b5c64579e0ab3fd174890,ea_22a49f12fbdb86c3fc7e5291,AEO,AEO,AEO-AMERICAN EAGLE OUTFITTERS INC-2021.pdf,data/01_raw/sustainability/AEO/AEO-AMERICAN EAGLE OUTFITTERS INC-2021.pdf,,original,fa0b5b9246f018fc3daebdea5ad84a0c4c6877194f86f959474dfbb725e02099,35840855,2026-07-24T22:43:13.838928+00:00,,,true,false,false,,eligible_candidate,true,2026-07-29T20:13:36.122843+00:00
ls_0fac83db3b43cad31d65cba7,sv_f7188fa92061a3ba636caea6,fa_f5abe6e790c66b63302be653,ea_30f1dedd3d042da2c1632670,AEO,AEO,AEO-AMERICAN EAGLE OUTFITTERS INC-2022.pdf,data/01_raw/sustainability/AEO/AEO-AMERICAN EAGLE OUTFITTERS INC-2022.pdf,,original,405f1c1044603bea41f32fdc4b12d3a635550747aa241c5b5f35cde62436597c,51543926,2026-07-24T22:43:21.176243+00:00,,,true,false,false,,eligible_candidate,true,2026-07-29T20:13:36.122843+00:00
ls_b8c10fa11942efc8e3a37dc7,sv_d8829bf2daa8bc969343b45b,fa_752865917250ca5d1045201d,ea_babfc77fd0d09c85a47cea00,AEO,AEO,AEO-AMERICAN EAGLE OUTFITTERS INC-2023.pdf,data/01_raw/sustainability/AEO/AEO-AMERICAN EAGLE OUTFITTERS INC-2023.pdf,,original,1f6562a7cf63ed7f8d4027d7300426ae851a755a06e46210426a3631c150424a,4901540,2026-07-24T22:43:24.147450+00:00,,,true,false,false,,eligible_candidate,true,2026-07-29T20:13:36.122843+00:00
ls_376ecad7db4a44f748159671,sv_931402f21e3a3d19abfb36b4,fa_48f38adcc0187d7a13dd7e5b,ea_0e7bf23496e80301f557ba9f,AEO,AEO,AEO-AMERICAN EAGLE OUTFITTERS INC-2024.pdf,data/01_raw/sustainability/AEO/AEO-AMERICAN EAGLE OUTFITTERS INC-2024.pdf,,original,9b6383b244c3da4929194cabc1cc918c6bda94f6ec24d6c72b5d7b5987765f9f,5175036,2026-07-24T22:43:26.326739+00:00,,,true,false,false,,eligible_candidate,true,2026-07-29T20:13:36.122843+00:00
ls_74ba4c0c7034c4715ee87dd8,sv_5b82015991ac672d33decf87,fa_e75a954ba7c3a47d4443352a,ea_4218db5c73b530dcf1d6037e,AMZN,AMZN,AMZN-AMAZON.COM INC-2018.pdf,data/01_raw/sustainability/AMZN/AMZN-AMAZON.COM INC-2018.pdf,,original,44a6b5365557bfccd4b304da49ea4826a9608c7ca90a567bc85b12f2259fa152,13481684,2026-07-24T22:43:54.710113+00:00,,,true,false,false,,eligible_candidate,true,2026-07-29T20:13:36.122843+00:00
ls_ac7a75b700805aefa2b7807b,sv_74f459975521ce3826a3c4d1,fa_8ea37aeef91c4947f07b339f,ea_09c575f16c1181da86688398,AMZN,AMZN,AMZN-AMAZON.COM INC-2019.pdf,data/01_raw/sustainability/AMZN/AMZN-AMAZON.COM INC-2019.pdf,,original,88e360e6fac90138634dd255902b93e3167dc170dba98c38f0111df575d45290,10184566,2026-07-24T22:43:56.851675+00:00,,,true,false,false,,eligible_candidate,true,2026-07-29T20:13:36.122843+00:00
ls_b83370ce38dee478066fe671,sv_05b1089f2a15e62bc7fa6378,fa_f3d59cc713450a4f97ff8b97,ea_f0c126f0ee0d1131bcb57bf2,AMZN,AMZN,AMZN-AMAZON.COM INC-2020.pdf,data/01_raw/sustainability/AMZN/AMZN-AMAZON.COM INC-2020.pdf,,original,374855c1267af58d3ba257bc534d700f4b9817ecaa46815545fafb4267089283,22739384,2026-07-29T09:54:37.633300+00:00,,,true,false,false,,eligible_candidate,true,2026-07-29T20:13:36.122843+00:00
ls_6beb65785e68530b4ecde7a9,sv_87160287fd16533b2dc4d9e1,fa_00e26df6c19c1c65acce83bd,ea_81f9178d12cc62109543f826,AMZN,AMZN,AMZN-AMAZON.COM INC-2021.pdf,data/01_raw/sustainability/AMZN/AMZN-AMAZON.COM INC-2021.pdf,,original,ef2198933d0413be930b4416c5795fc86eb64e528b21b705b47dce62e09a93ab,15390742,2026-07-29T09:54:41.958429+00:00,,,true,false,false,,eligible_candidate,true,2026-07-29T20:13:36.122843+00:00
ls_95045ad44c95b1b9d3f97125,sv_3881f368b9d790d7da270ce6,fa_c38826d22f83e49482e224b7,ea_619b826d64c8473ced44b6b7,AMZN,AMZN,AMZN-AMAZON.COM INC-2022.pdf,data/01_raw/sustainability/AMZN/AMZN-AMAZON.COM INC-2022.pdf,,original,07ef245377a4e02ef49cf5a17cee03f93b79b20fb720482432216caa94047669,8330454,2026-07-29T09:54:46.423561+00:00,,,true,false,false,,eligible_candidate,true,2026-07-29T20:13:36.122843+00:00
ls_29e475112cbccbc9405d0106,sv_37cec27e1e0cc3c64d8e8776,fa_e9f0c300147d0d55f3993dc2,ea_7c9fced207ad771825283e29,AMZN,AMZN,AMZN-AMAZON.COM INC-2023.pdf,data/01_raw/sustainability/AMZN/AMZN-AMAZON.COM INC-2023.pdf,,original,f48d2859b1f6ab91277fd39553c6351c0cf1b5d2291bd3038958f08d2abab99f,15753155,2026-07-29T09:54:53.572878+00:00,,,true,false,false,,eligible_candidate,true,2026-07-29T20:13:36.122843+00:00
ls_9fdb2c0705d398b950baebf6,sv_9d348269d985f72e4890b4ee,fa_d4a30f4fa1b04cd941f11d7b,ea_045e546ae469d54b9e6402cb,AMZN,AMZN,AMZN-AMAZON.COM INC-2024.pdf,data/01_raw/sustainability/AMZN/AMZN-AMAZON.COM INC-2024.pdf,,original,654b1e1cd9e0d3b6709d4c1e2a83e6c0fc8553e91556dca74bfcc78a0a44af6a,7038949,2026-07-29T09:55:01.186328+00:00,,,true,false,false,,eligible_candidate,true,2026-07-29T20:13:36.122843+00:00
ls_b2ea16453fe3c5c4a7a1ea6c,sv_168ed110bb1f44ca0f1d9cbe,fa_54d963670e5f266c8848721f,ea_8c24c059328090d2396b6214,AMZN,AMZN,AMZN-AMAZON.COM INC-2025.pdf,data/01_raw/sustainability/AMZN/AMZN-AMAZON.COM INC-2025.pdf,,original,f5b2856c0415b84d080191a5925d009377519f0af07a29d379aaee075026a91e,8513830,2026-07-29T09:55:04.801855+00:00,,,true,false,false,,eligible_candidate,true,2026-07-29T20:13:36.122843+00:00
ls_8ab2ab0b9dc068af14772443,sv_5bf965439b29fb4fe60854d2,fa_5d8a2a95cfe336697d2b310e,ea_95903c3b63b1dae4ae424cb6,AN,AN,AN-AUTONATION INC-2021.pdf,data/01_raw/sustainability/AN/AN-AUTONATION INC-2021.pdf,,original,38822315241cccc5016473e81271c15d6f2cc128fe6e4b2eb24eaf7f16e91688,2667907,2026-07-24T22:43:59.316037+00:00,,,true,false,false,,eligible_candidate,true,2026-07-29T20:13:36.122843+00:00
ls_22b682ab1eabb3f0f94f69f1,sv_11b057a1aa3525ca343667dd,fa_97afaa7f835a80f31a807dcb,ea_bf92267dca0bb394156d5426,AN,AN,AN-AUTONATION INC-2022.pdf,data/01_raw/sustainability/AN/AN-AUTONATION INC-2022.pdf,,original,f301a12f94303d05f5f865a257bec567b5c12caf5453b8d7186eeb8c746b815e,20422649,2026-07-24T22:44:03.556271+00:00,,,true,false,false,,eligible_candidate,true,2026-07-29T20:13:36.122843+00:00
ls_51112fa65ecf140cb3bb78d0,sv_d982c469c29cc218a7135e48,fa_6875a42e85c79ae301da2948,ea_9aa568676ddaab5c4de2f565,AN,AN,AN-AUTONATION INC-2023.pdf,data/01_raw/sustainability/AN/AN-AUTONATION INC-2023.pdf,,original,85e8594617491dfc2038817dc09ac678caeea775b348a125c30be3f82a2947e6,15855566,2026-07-24T22:44:07.527423+00:00,,,true,false,false,,eligible_candidate,true,2026-07-29T20:13:36.122843+00:00
ls_9386c5bdc9480eca49915f25,sv_bd0dffbb5042eeced568ef66,fa_9f8920a4f9a9bd024bf698f9,ea_edf3e3a99481715cb76ad917,AN,AN,AN-AUTONATION INC-2024.pdf,data/01_raw/sustainability/AN/AN-AUTONATION INC-2024.pdf,,original,59beb67183abfa5bf8ca9fd3f28c2ee2b9b8d587d68e267b8194829ae9c7dcdf,24938717,2026-07-24T22:44:14.755648+00:00,,,true,false,false,,eligible_candidate,true,2026-07-29T20:13:36.122843+00:00
ls_ac94de9f3278b726b09c00e2,sv_6bea532ec6684c04434218b2,fa_6e985e69a4cf5dc883a1b547,ea_215d90cdfbf7b6ed79714301,ASO,ASO,ASO-ACADEMY SPO AND OU INC-2021.pdf,data/01_raw/sustainability/ASO/ASO-ACADEMY SPO AND OU INC-2021.pdf,,original,8ebdaaf40326375c1fa9439d66871bcd0f293d1baf75614d9b59117659ed919f,26072804,2026-07-24T22:44:44.487990+00:00,,,true,false,false,,eligible_candidate,true,2026-07-29T20:13:36.122843+00:00
ls_f3b3b22f321933e387296c4c,sv_286c22a93c826da2ad5a584f,fa_8d42ba6f75ba5f5cd97b7d9d,ea_c651c03fb682bbb41c200619,AZO,AZO,AZO-AUTOZONE INC-2019.pdf,data/01_raw/sustainability/AZO/AZO-AUTOZONE INC-2019.pdf,,original,5b6d885bf3f2287fc04287e3841afbe1383f138ae98c45cb0ea61a3a20b86800,3244298,2026-07-24T22:44:47.016237+00:00,,,true,false,false,,eligible_candidate,true,2026-07-29T20:13:36.122843+00:00
ls_398884d9570b2c73117e6be0,sv_c3d30529855f9ecafa2d667a,fa_d4b226a9c119fa06343a74a4,ea_8a035c1eb7018459f188a224,AZO,AZO,AZO-AUTOZONE INC-2020.pdf,data/01_raw/sustainability/AZO/AZO-AUTOZONE INC-2020.pdf,,original,d87bc4576d810e4556faab4fdaaf3b43501b76701e2c43737cec7b529b5b2ddf,23008803,2026-07-24T22:44:52.173920+00:00,,,true,false,false,,eligible_candidate,true,2026-07-29T20:13:36.122843+00:00
ls_1ea978ff7a245caac68fb4e7,sv_371390fd57747902b71f94d9,fa_ac12b274d1f518ba564338a9,ea_4bd64a9844129e93e40d702c,AZO,AZO,AZO-AUTOZONE INC-2021.pdf,data/01_raw/sustainability/AZO/AZO-AUTOZONE INC-2021.pdf,,original,24d9e350d4a51cd027c6da0e47be2eb780d75292c553798429540f231ccca553,69339167,2026-07-24T22:45:00.740081+00:00,,,true,false,false,,eligible_candidate,true,2026-07-29T20:13:36.122843+00:00
ls_7b8f91a0ac620b761a1c8755,sv_845a0caffd72761897f8dbd1,fa_77b13c9cf502055a90aa5acd,ea_b976bb9f6baf1d1ad10d710f,AZO,AZO,AZO-AUTOZONE INC-2022.pdf,data/01_raw/sustainability/AZO/AZO-AUTOZONE INC-2022.pdf,,original,11c9e3c1c16405bf399dd518fe05f1375c7bbf3ab18f1b4d7c8410ef7f72e902,20463624,2026-07-24T22:45:08.715977+00:00,,,true,false,false,,eligible_candidate,true,2026-07-29T20:13:36.122843+00:00
ls_1f5dc62e09d65a982b410b51,sv_20ef555f632b21c2bc0ac014,fa_8ab3130a6573f6ad0c99a3a9,ea_2a2fa9814e8c9da51d569a78,AZO,AZO,AZO-AUTOZONE INC-2023.pdf,data/01_raw/sustainability/AZO/AZO-AUTOZONE INC-2023.pdf,,original,f1a9de1471d4f28bc8660dc037df611327d081e1029673745bfb65d3648b719e,67164078,2026-07-24T22:45:14.004112+00:00,,,true,false,false,,eligible_candidate,true,2026-07-29T20:13:36.122843+00:00
ls_724d0bd46650128e2736e2f8,sv_0fa4b2b58940478ab665e0e0,fa_a492bd181945aea043ed284c,ea_900b55a5a81b02b4bf2d1610,AZO,AZO,AZO-AUTOZONE INC-2024.pdf,data/01_raw/sustainability/AZO/AZO-AUTOZONE INC-2024.pdf,,original,9bed99558d674fea537855a96fdf0f5e4144a39ba272990fc6afbf72db9c1719,9075396,2026-07-24T22:45:17.120973+00:00,,,true,false,false,,eligible_candidate,true,2026-07-29T20:13:36.122843+00:00
ls_feab419df08bd2af74f57a56,sv_15fece6bef51b1787f2f70e6,fa_0901da567692662d9da3fbd3,ea_839466eac8fe8d8088b802d9,AZO,AZO,AZO-AUTOZONE INC-2025.pdf,data/01_raw/sustainability/AZO/AZO-AUTOZONE INC-2025.pdf,,original,f40b37a04eeae6d95be24db20b3f7e58abfee0ecdc6e4535f6d0501c13d7040e,9074754,2026-07-24T22:45:20.852294+00:00,,,true,false,false,,eligible_candidate,true,2026-07-29T20:13:36.122843+00:00
ls_c0ff257f30d8908fc5c2ec24,sv_c6f92ec5f53511d39af86672,fa_938386e0df32cffc5d31a169,ea_bf5318c447fd7d2d680cba38,BBBY,BBBY,BBBY-BED BATH & BEYOND INC-2017.pdf,data/01_raw/sustainability/BBBY/BBBY-BED BATH & BEYOND INC-2017.pdf,,original,db0a451b59a00904eea16c405495c500a911055a493a07e812845bbde5ee6536,514688,2026-07-24T22:45:22.080491+00:00,,,true,false,false,,eligible_candidate,true,2026-07-29T20:13:36.122843+00:00
ls_e401980ce874321ef1d259b5,sv_a7379e2eb0ed4b19c81c9804,fa_ac0902a1a3198b9768f26c73,ea_e53d88a52ebb12ddfa35cdde,BBBY,BBBY,BBBY-BED BATH & BEYOND INC-2018.pdf,data/01_raw/sustainability/BBBY/BBBY-BED BATH & BEYOND INC-2018.pdf,,original,f11127e346dd13cb7631addf9a8e3061b47529e6fc05b253a0f1b1cafeba7a28,3062071,2026-07-24T22:45:23.254693+00:00,,,true,false,false,,eligible_candidate,true,2026-07-29T20:13:36.122843+00:00
ls_57add0a542c08ce95e074dd2,sv_359a46efd217f0ddc1a0a5ce,fa_0328922e228d879a4fd1b1e9,ea_2531deed06f06ad0da7bebbb,BBBY,BBBY,BBBY-BED BATH & BEYOND INC-2020.pdf,data/01_raw/sustainability/BBBY/BBBY-BED BATH & BEYOND INC-2020.pdf,,original,4c5264b20c7a51fed3dace8e5fa03c114435ae2f01addd3f185a06a3072c24d4,10031589,2026-07-24T22:45:29.121786+00:00,,,true,false,false,,eligible_candidate,true,2026-07-29T20:13:36.122843+00:00
ls_14e2bce8edff62cb30a474b7,sv_0a48a23c28a5eb9f36ddcbbc,fa_e676656350ed8bcdc0fcd1a7,ea_3c74424bb98e8f937629456c,BBBY,BBBY,BBBY-BED BATH & BEYOND INC-2021.pdf,data/01_raw/sustainability/BBBY/BBBY-BED BATH & BEYOND INC-2021.pdf,,original,ca2fd1013644150f341696ec2e30f193ed7aefb3b34a47ac0544095498feb41a,15918052,2026-07-24T22:45:33.228880+00:00,BBBY__2021__esg_report__01,,true,false,false,,eligible_candidate,true,2026-07-29T20:13:36.122843+00:00
ls_11133cfc3eb5ae3822b0fc80,sv_47ec8deace9e78a9ac53b14d,fa_c6d7caf4387bb1cdd7b3c4ad,ea_98d759e114fc1b9db1140aad,BBW,BBW,BBW-BUILD-A-BEAR WORKSHOP INC-2023.pdf,data/01_raw/sustainability/BBW/BBW-BUILD-A-BEAR WORKSHOP INC-2023.pdf,,original,a388b5f939473ceba2fabd4b2e0944f6cb14bb4cec74c83a4cd941c0e5711777,10886270,2026-07-24T22:45:37.450197+00:00,,,true,false,false,,eligible_candidate,true,2026-07-29T20:13:36.122843+00:00
ls_0f15aa473288b08a997e106a,sv_0c13d7f37547617fa99bbabb,fa_9280a9bad832f066b3f6e868,ea_1c745e50746c5a0b86c6c828,BBW,BBW,BBW-BUILD-A-BEAR WORKSHOP INC-2024.pdf,data/01_raw/sustainability/BBW/BBW-BUILD-A-BEAR WORKSHOP INC-2024.pdf,,original,22bb5ee131e2720cceef8afa688699b83651860f1c7aa846c1247b74ffec0f1d,10001293,2026-07-24T22:45:41.266733+00:00,,,true,false,false,,eligible_candidate,true,2026-07-29T20:13:36.122843+00:00
ls_1836a88ecd2b52b0d8283f1c,sv_82b30ca0da74a9bd6a867b70,fa_84442f8e9444195f36ebe929,ea_98c1e2194c67f10a7a0737df,BBWI,BBWI,BBWI-BATH & BODY WORKS INC-2022.pdf,data/01_raw/sustainability/BBWI/BBWI-BATH & BODY WORKS INC-2022.pdf,,original,73922a7098f791bd0ec8035ed865dec90b03a74e6106f5c7ba93f165a360abc7,4564088,2026-07-24T22:45:44.108499+00:00,,,true,false,false,,eligible_candidate,true,2026-07-29T20:13:36.122843+00:00
ls_aafd0b45ca85e805ff5ff129,sv_2e052fb2188fd9beecf82d3e,fa_7286628fb9c4be02e723df2c,ea_049e9eb7c403297add12b982,BBWI,BBWI,BBWI-BATH & BODY WORKS INC-2023.pdf,data/01_raw/sustainability/BBWI/BBWI-BATH & BODY WORKS INC-2023.pdf,,original,3d5869a2b79261ec76f9f878fb64bce89a1f9a054a5068276dd57478c911af2a,22523967,2026-07-24T22:45:51.778367+00:00,,,true,false,false,,eligible_candidate,true,2026-07-29T20:13:36.122843+00:00
ls_bf958cb7da84c2fa9d28d4e7,sv_be7a09ca4aaff8fffb2dd5ff,fa_ce88b264f77279fd03e0e769,ea_05492e66f2972261bc8dd3a2,BBWI,BBWI,BBWI-BATH & BODY WORKS INC-2024.pdf,data/01_raw/sustainability/BBWI/BBWI-BATH & BODY WORKS INC-2024.pdf,,original,b1479c1be7eb74f234be60c85a62585b7f6b980c02e97e70e61c09968fe84b5a,20207684,2026-07-24T22:45:59.601941+00:00,,,true,false,false,,eligible_candidate,true,2026-07-29T20:13:36.122843+00:00
ls_c9f61500ffaf24dfa0176656,sv_04bd1a85697c9a9351145cd1,fa_98c504cb5fbc5d54156384e0,ea_4fcbfe5dbf3479fa1499499b,BBWI,BBWI,BBWI-BATH & BODY WORKS INC-2025.pdf,data/01_raw/sustainability/BBWI/BBWI-BATH & BODY WORKS INC-2025.pdf,,original,3dcb44efe989e8570490fe1fd9793d6890b2f51c009da569a48c0bc8001a03de,7315995,2026-07-24T22:46:03.633167+00:00,,,true,false,false,,eligible_candidate,true,2026-07-29T20:13:36.122843+00:00
ls_c0488bd657cb8527d1dc3e01,sv_0318e4dfe940470577494c04,fa_80e750f5ccbb24a91f40042a,ea_38caea8766a1bf70761c8838,BBY,BBY,BBY-BEST BUY CO INC-2015.pdf,data/01_raw/sustainability/BBY/BBY-BEST BUY CO INC-2015.pdf,,original,d6826d3419bc469fb163e61b4d9e01f1af41419f7205f377fd8d257fc9a20158,2196806,2026-07-29T09:55:11.721780+00:00,,,true,false,false,,eligible_candidate,true,2026-07-29T20:13:36.122843+00:00
ls_d39334f3dff60b50f9ad97e2,sv_977a3239117cfdf53f665c8c,fa_b016526966952d106c3b5682,ea_9d2f2eb2a6237e9466cd8084,BBY,BBY,BBY-BEST BUY CO INC-2016.pdf,data/01_raw/sustainability/BBY/BBY-BEST BUY CO INC-2016.pdf,,original,a26f4b1d06375671a63f6f8c9d16d811603d1ef1e9b6156fecc4d0ba46ec285c,12089111,2026-07-29T09:55:14.827257+00:00,,,true,false,false,,eligible_candidate,true,2026-07-29T20:13:36.122843+00:00
ls_fc27b3fff164b05060b0fd69,sv_128800dbfbe20d36a42f4f81,fa_509a1c020be81af3e49cdac8,ea_680b0be5137a65dfefac2c7e,BBY,BBY,BBY-BEST BUY CO INC-2017.pdf,data/01_raw/sustainability/BBY/BBY-BEST BUY CO INC-2017.pdf,,original,ff543572542a248ab570282202398b61b174d59253c8e94af8c0275587aeb5e0,3307541,2026-07-29T09:55:17.522145+00:00,,,true,false,false,,eligible_candidate,true,2026-07-29T20:13:36.122843+00:00
ls_9f2e73ea01813e462f59a676,sv_125e83c2308ee07c20dad2c1,fa_51ba97481aab73869c3de9d6,ea_b45b22a1c5fae19dd85063f7,BBY,BBY,BBY-BEST BUY CO INC-2018.pdf,data/01_raw/sustainability/BBY/BBY-BEST BUY CO INC-2018.pdf,,original,fb41394deb2635883180cf74f1b9b14e3d3dad48040dcf6a2d8311ffcd324464,4118126,2026-07-29T09:55:22.234434+00:00,,,true,false,false,,eligible_candidate,true,2026-07-29T20:13:36.122843+00:00
ls_2083b988c68369cd5aa7c303,sv_e190110b68cd24e2d0964013,fa_bc4db888ce2bcb02972f89ba,ea_60717be71ed3b4323544d060,BBY,BBY,BBY-BEST BUY CO INC-2019.pdf,data/01_raw/sustainability/BBY/BBY-BEST BUY CO INC-2019.pdf,,original,db7350c1fb63bc2ae81cecd30b9bbf5cedc3d6fcb6a50f9f7a918c067908d816,21885489,2026-07-29T09:55:30.781831+00:00,,,true,false,false,,eligible_candidate,true,2026-07-29T20:13:36.122843+00:00
ls_8096008788e98638be134a17,sv_a3da58a6cd3cd04bdd37d635,fa_bd139b5db8e0abea2a8b0c84,ea_6d1f452c8f02ff7013df8b2f,BBY,BBY,BBY-BEST BUY CO INC-2020.pdf,data/01_raw/sustainability/BBY/BBY-BEST BUY CO INC-2020.pdf,,original,06156134ea493a1714b969ea0dc28eb040280a0015ced74a77cd8de355e940ef,14168382,2026-07-29T09:55:34.102968+00:00,,,true,false,false,,eligible_candidate,true,2026-07-29T20:13:36.122843+00:00
ls_60b86e075fe742d247b41903,sv_722f58454b84b5b947284105,fa_13d1186be0395ba120ff2e47,ea_68f392d85051771fc3b425c1,BBY,BBY,BBY-BEST BUY CO INC-2021.pdf,data/01_raw/sustainability/BBY/BBY-BEST BUY CO INC-2021.pdf,,original,fc10f7d3bfaf06fa73739876bb17e9589aa57807e4e1025a3fb240c2156c4bdb,5472665,2026-07-29T09:55:37.337834+00:00,,,true,false,false,,eligible_candidate,true,2026-07-29T20:13:36.122843+00:00
ls_1ad881044d548cf439910652,sv_42fb706008c14b0fb8871230,fa_832278f2156383d6bf6fb727,ea_81a40c1b274e0cb725f624c5,BBY,BBY,BBY-BEST BUY CO INC-2022.pdf,data/01_raw/sustainability/BBY/BBY-BEST BUY CO INC-2022.pdf,,original,297334e6dae375e84a735cd1f8a1d306deb79dd1cd13e37262753af3105a3972,14883698,2026-07-29T09:55:43.966847+00:00,,,true,false,false,,eligible_candidate,true,2026-07-29T20:13:36.122843+00:00
ls_45e252e70a8010d3e27b6ddb,sv_957fdd6ac5bafca8c2943eac,fa_bdadd0a67999e2116eb7f568,ea_a8d3404fbec376401da505c0,BBY,BBY,BBY-BEST BUY CO INC-2023.pdf,data/01_raw/sustainability/BBY/BBY-BEST BUY CO INC-2023.pdf,,original,72f2178ce7e691bbb7f40ba8344c0647676420dcd3a0fc633ea66375f9d91a24,23783732,2026-07-29T09:55:48.209985+00:00,,,true,false,false,,eligible_candidate,true,2026-07-29T20:13:36.122843+00:00
ls_465d856c4485e21643c05f4b,sv_1fced862f4c37d0947f624dd,fa_94022e93fe95610f06a6ac62,ea_5a313a2cfadf94aa0365a735,BBY,BBY,BBY-BEST BUY CO INC-2024.pdf,data/01_raw/sustainability/BBY/BBY-BEST BUY CO INC-2024.pdf,,original,f25b2224db8894d996a0497ea503e10ac05ab11c102f994d9a4c279b954b346d,3899848,2026-07-29T09:55:50.619724+00:00,,,true,false,false,,eligible_candidate,true,2026-07-29T20:13:36.122843+00:00
ls_4aae70f6d9b1be9da285f92d,sv_ed0c884dd9b9e60e00817d14,fa_65c3234cd715ca6edbdae9e5,ea_22ece94c61061efcabcf1aa8,BIRD,BIRD,BIRD-ALLBIRDS INC-2020.pdf,data/01_raw/sustainability/BIRD/BIRD-ALLBIRDS INC-2020.pdf,,original,447b304173829a29651d0fefaed0a89b861201fc3328889fe2e2ace5c103c14b,20985350,2026-07-24T22:46:50.557070+00:00,,,true,false,false,,eligible_candidate,true,2026-07-29T20:13:36.122843+00:00
ls_df00e5729500f702e1649247,sv_bd076c13228fa8576daf3d55,fa_badf3bdb07358abdb2197254,ea_a3b20fd38af4e7dec09dfee2,BIRD,BIRD,BIRD-ALLBIRDS INC-2021.pdf,data/01_raw/sustainability/BIRD/BIRD-ALLBIRDS INC-2021.pdf,,original,f444b23f3741ee13ee6c3e14a00e3def05d58cec651dc61c270113b19fc0991a,2142464,2026-07-24T22:46:52.658302+00:00,,,true,false,false,,eligible_candidate,true,2026-07-29T20:13:36.122843+00:00
ls_82869edb37a7a5464b47baeb,sv_feb9ed4152e7bceced611f08,fa_99f17ad152a07a926dbba088,ea_b49177a53418713c38e29f6f,BIRD,BIRD,BIRD-ALLBIRDS INC-2022.pdf,data/01_raw/sustainability/BIRD/BIRD-ALLBIRDS INC-2022.pdf,,original,e626a88d588e767e55054a6e454b0c1b7f05a482ff4a3e428a4dd652bea6c4a7,42960563,2026-07-24T22:47:00.016549+00:00,,,true,false,false,,eligible_candidate,true,2026-07-29T20:13:36.122843+00:00
ls_698a7d47f8563a9710bd04f7,sv_74c08054cfa8db5eb91defb9,fa_53eb1cefc9078ac60456e9b4,ea_59e0bfb1bfe130dfd6eb4195,BIRD,BIRD,BIRD-ALLBIRDS INC-2023.pdf,data/01_raw/sustainability/BIRD/BIRD-ALLBIRDS INC-2023.pdf,,original,827964da9d6b8ffcb2e16047425f020a659b577ce32c743ca05ba75e83fc2a1e,34013295,2026-07-24T22:47:07.503788+00:00,,,true,false,false,,eligible_candidate,true,2026-07-29T20:13:36.122843+00:00
ls_b256eab45a483f0c1edb5b6d,sv_e6a573a11f6e324c6faf7fe0,fa_b3fd0c7bf688afd42d893b83,ea_a3876d7bd3e77c1dab34ce26,BIRD,BIRD,BIRD-ALLBIRDS INC-2024.pdf,data/01_raw/sustainability/BIRD/BIRD-ALLBIRDS INC-2024.pdf,,original,861ba398d35cf5cf2fa2974734827bd151f4dc7792b331026f078e56183f3961,20162461,2026-07-29T09:55:57.037875+00:00,,,true,false,false,,eligible_candidate,true,2026-07-29T20:13:36.122843+00:00
ls_e022886d51c5d8fd9cd18751,sv_040a35f1d890fe40b97c4ae9,fa_77ac47440741f5a2312fbab5,ea_71cb3a3ff3e555968b918385,BJ,BJ,BJ-BJS WHSL CLUB HLDGS INC-2022.pdf,data/01_raw/sustainability/BJ/BJ-BJS WHSL CLUB HLDGS INC-2022.pdf,,original,2262923a9c2c83e4fbbceee0cb9de0d7f9a5fdcd2fe6aaf01fa8e738a97db01c,1308328,2026-07-24T22:47:17.604811+00:00,,,true,false,false,,eligible_candidate,true,2026-07-29T20:13:36.122843+00:00
ls_473381e36acd2e6ef99e3d56,sv_3d4a8bcfbf6ca02493e631f0,fa_cbc1afc62ccfc40b3fbb88ac,ea_360f2b8325c618cd597fa16c,BJ,BJ,BJ-BJS WHSL CLUB HLDGS INC-2023.pdf,data/01_raw/sustainability/BJ/BJ-BJS WHSL CLUB HLDGS INC-2023.pdf,,original,f2e04244bef7a39e4a5b2cdc4102f5c413b5ef0f52e44030ab393d6dfd866283,7280095,2026-07-24T22:47:20.776905+00:00,,,true,false,false,,eligible_candidate,true,2026-07-29T20:13:36.122843+00:00
ls_b8d324eb16d112b3342bad16,sv_e0c12974cb5185b6ab784e97,fa_40d2730fc9bee7171ae8ff7e,ea_4ce6e5967dbd4800906d90b1,BRLT,BRLT,BRLT-BRILLIANT EARTH GP INC-2021.pdf,data/01_raw/sustainability/BRLT/BRLT-BRILLIANT EARTH GP INC-2021.pdf,,original,7cc665de4523f17cb11aadc445b430a3dadee2d5f0189777c5c880693255a239,18421130,2026-07-24T22:47:24.082946+00:00,,,true,false,false,,eligible_candidate,true,2026-07-29T20:13:36.122843+00:00
ls_a03a6dd430ab3697db6ede57,sv_fa120a75a7451c99607f4365,fa_0c8219e4891df57ed83f71e8,ea_9e172c0a2415bb04aea3a155,BRLT,BRLT,BRLT-BRILLIANT EARTH GP INC-2022.pdf,data/01_raw/sustainability/BRLT/BRLT-BRILLIANT EARTH GP INC-2022.pdf,,original,0acb98c4599c441869acc724e66c03bea105607554f627deb04ccd7babe53cbe,13135817,2026-07-24T22:47:27.250609+00:00,,,true,false,false,,eligible_candidate,true,2026-07-29T20:13:36.122843+00:00
ls_c71e19cd9e029e8a5b275ea4,sv_1cc404f8492b005928cef1c5,fa_16517169d8c4ccfbc8307bbc,ea_bcfc244d48e424d32963d23f,BRLT,BRLT,BRLT-BRILLIANT EARTH GP INC-2023.pdf,data/01_raw/sustainability/BRLT/BRLT-BRILLIANT EARTH GP INC-2023.pdf,,original,f20604e4a07bd4a4d4f36fd862ecd320858c6d8c4feb41d25c4d26288a370efa,9524597,2026-07-24T22:47:29.914163+00:00,,,true,false,false,,eligible_candidate,true,2026-07-29T20:13:36.122843+00:00
ls_2bf1f69e50505514afc8abc1,sv_9a577210870006a2f44d1b6b,fa_4e88a1c4e9a2b16f25c09c5e,ea_28c3ed7c1bf4e3c27e408cc5,BRLT,BRLT,BRLT-BRILLIANT EARTH GP INC-2024.pdf,data/01_raw/sustainability/BRLT/BRLT-BRILLIANT EARTH GP INC-2024.pdf,,original,f95cf3abc2c93c472a5649403ed68d7bae117e5d7a1162688569f8901ca89e0d,888222,2026-07-24T22:47:31.206325+00:00,,,true,false,false,,eligible_candidate,true,2026-07-29T20:13:36.122843+00:00
ls_fb5564dc87007c853714e6ec,sv_4abb375c0b683dbb9b126105,fa_25b3e4ffd921d2cfa642f9d2,ea_3b7b00fd7b3be935e9338a35,BRLT,BRLT,BRLT-BRILLIANT EARTH GP INC-2025.pdf,data/01_raw/sustainability/BRLT/BRLT-BRILLIANT EARTH GP INC-2025.pdf,,original,d5cb0ebeeb0304875980f1c6f44121534378c7b2a616b3e760069aff99d072e2,754644,2026-07-24T22:47:32.491705+00:00,,,true,false,false,,eligible_candidate,true,2026-07-29T20:13:36.122843+00:00
ls_a46b480271f22a66e31d9404,sv_42f184edc988ab9884791dc5,fa_01765d177b70006b977d9837,ea_b6b44dbadee3b536e3ec9a34,BURL,BURL,BURL-BURLINGTON STORES INC-2018.pdf,data/01_raw/sustainability/BURL/BURL-BURLINGTON STORES INC-2018.pdf,,original,b3deb74eb405dc18de133b52180eee5da97c1e97662df0761ab1cb08925b48f3,9872720,2026-07-24T22:47:38.073478+00:00,,,true,false,false,,eligible_candidate,true,2026-07-29T20:13:36.122843+00:00
ls_01703595ef6feb353a6b21ce,sv_fa5087582ab3f48dc7638cba,fa_d6ca5ae7132db2d81313e8d3,ea_2e0b8a4ee3d93ade8c017301,BURL,BURL,BURL-BURLINGTON STORES INC-2019.pdf,data/01_raw/sustainability/BURL/BURL-BURLINGTON STORES INC-2019.pdf,,original,49926d9860eb76c73f0d073670987a35b54f76834bcfb59fa4668a4c933c1e5c,4761181,2026-07-24T22:47:39.958837+00:00,,,true,false,false,,eligible_candidate,true,2026-07-29T20:13:36.122843+00:00
ls_8f4fa6e2d8820ae3e831eea7,sv_0e5de34ce87392423fd50b7f,fa_860b32181f26057891451177,ea_cd3b9f7d3ab49ebaf11cfbb2,BURL,BURL,BURL-BURLINGTON STORES INC-2020.pdf,data/01_raw/sustainability/BURL/BURL-BURLINGTON STORES INC-2020.pdf,,original,2b86b7fa1cba0b8c90e2e60d0902cd49a4d7191e1e93b0c79ec11b5af89b5e53,6047625,2026-07-24T22:47:41.636640+00:00,,,true,false,false,,eligible_candidate,true,2026-07-29T20:13:36.122843+00:00
ls_8ab93420638a6905d7190c44,sv_267657efbee4b2a11ef7c5cf,fa_06cc26794557285c2ca03f0b,ea_6f32155be60ff64fc7dc3fcb,BURL,BURL,BURL-BURLINGTON STORES INC-2021.pdf,data/01_raw/sustainability/BURL/BURL-BURLINGTON STORES INC-2021.pdf,,original,b93492b86b7b0ba7b1101cf8deaed68865f1e74f3893969c1b653ff0c6dddf10,20205450,2026-07-24T22:47:48.714936+00:00,,,true,false,false,,eligible_candidate,true,2026-07-29T20:13:36.122843+00:00
ls_5dd2a77bb8876ebdf46ad908,sv_a0ba8213eda94e70adcdce6c,fa_8a43d5ad69c94c47d41d47bd,ea_0e2a716b46ce6b76d057663d,BURL,BURL,BURL-BURLINGTON STORES INC-2022.pdf,data/01_raw/sustainability/BURL/BURL-BURLINGTON STORES INC-2022.pdf,,original,0a7e4568624ba053ab8e5565afbce65aaeea5824dc267391497d1f813dc7e2f7,12106338,2026-07-29T09:56:01.818753+00:00,,,true,false,false,,eligible_candidate,true,2026-07-29T20:13:36.122843+00:00
ls_ab0e4b487d77c84d99d23270,sv_d015b014df8227d0a46cd400,fa_39f664587a8d42e4639867e9,ea_091342d586f7d30c198b4ce5,BURL,BURL,BURL-BURLINGTON STORES INC-2023.pdf,data/01_raw/sustainability/BURL/BURL-BURLINGTON STORES INC-2023.pdf,,original,8830319e6a580eae5d9b4dde63f77a415247847aeeed3a20512329619d9e1cc1,11771126,2026-07-29T09:56:08.132603+00:00,,,true,false,false,,eligible_candidate,true,2026-07-29T20:13:36.122843+00:00
ls_e0ee80eeb396f18783e38ad3,sv_aa1a2c14a29d7568f6372b62,fa_ea3567e446f71598ee24b59a,ea_a194807d83f5bdb6ed53e517,BURL,BURL,BURL-BURLINGTON STORES INC-2024.pdf,data/01_raw/sustainability/BURL/BURL-BURLINGTON STORES INC-2024.pdf,,original,163a33081cebb4a64e763decf472790c67920f0c597588ba7e5df7627ca41fce,10899018,2026-07-29T09:56:11.542666+00:00,,,true,false,false,,eligible_candidate,true,2026-07-29T20:13:36.122843+00:00
ls_6a426319205811e61271b324,sv_010767dbb8d7d75a9ef8ff98,fa_8386eeda09e8b7d582c18815,ea_87e0b5af79ee71192eef58b5,CAL,CAL,CAL-CALERES INC-2020.pdf,data/01_raw/sustainability/CAL/CAL-CALERES INC-2020.pdf,,original,0e74b3ff7a1361fc7b36f064362f0b9d11dcb04ea041449f3e4c11459c21533b,4296477,2026-07-24T22:48:01.968581+00:00,,,true,false,false,,eligible_candidate,true,2026-07-29T20:13:36.122843+00:00
ls_9bdf9d5ed65d761fa04ea4f9,sv_250c781ad9c3442ae985e820,fa_b2194ff7b69714dbbb232d2b,ea_1f65a4b937d8746bd7d5938d,CAL,CAL,CAL-CALERES INC-2021.pdf,data/01_raw/sustainability/CAL/CAL-CALERES INC-2021.pdf,,original,e90d9ad7c4b83b05883b80e3ac501a62589c1184b414e27d4f98d786d2b35189,4199864,2026-07-24T22:48:04.801225+00:00,,,true,false,false,,eligible_candidate,true,2026-07-29T20:13:36.122843+00:00
ls_beb06c93ac9f40a40dba90c1,sv_57488bb31fdea3ec7db90272,fa_73d4c030fb79bfdfb2d7be4b,ea_e2a32148719267226d0f9bb2,CAL,CAL,CAL-CALERES INC-2022.pdf,data/01_raw/sustainability/CAL/CAL-CALERES INC-2022.pdf,,original,a966bb6525991f9f82cb77f118e4f37f6e8896f6bc37f8f2bd5fb7f22ab819fa,3755226,2026-07-24T22:48:06.857786+00:00,,,true,false,false,,eligible_candidate,true,2026-07-29T20:13:36.122843+00:00
ls_79bd4965c524e3d72c42f683,sv_a4ae0455a7f0aaa705d12aba,fa_c9491705a88583a12e32435b,ea_8f7dcc97234b115faf2e495d,CAL,CAL,CAL-CALERES INC-2023.pdf,data/01_raw/sustainability/CAL/CAL-CALERES INC-2023.pdf,,original,ac5f4059db0d4f2353a4b2fa683e8da31ac1ba122ad16bf6c70afaa1114c3f88,5049340,2026-07-24T22:48:09.563955+00:00,,,true,false,false,,eligible_candidate,true,2026-07-29T20:13:36.122843+00:00
ls_7d3e8c449c18efda8c97c569,sv_87c42f26aa19fc53bb74f279,fa_a8abbfec11d3af16b2443567,ea_9cc024f48dce543c8ac42029,CAL,CAL,CAL-CALERES INC-2024.pdf,data/01_raw/sustainability/CAL/CAL-CALERES INC-2024.pdf,,original,becbd8eb40b64fc8bbd12e3611c1a79cd1a895d808f63bcdfed63ba233316c86,572220,2026-07-24T22:48:10.757361+00:00,,,true,false,false,,eligible_candidate,true,2026-07-29T20:13:36.122843+00:00
ls_282092ca301a13ce89fa5201,sv_16a277d51305327c2de7ed2b,fa_69e54bc77ecb81472b971c69,ea_869e798eff0dc6c8f85b6acb,CASY,CASY,CASY-CASEYS GENERAL STORES INC-2020.pdf,data/01_raw/sustainability/CASY/CASY-CASEYS GENERAL STORES INC-2020.pdf,,original,19574b63b0a083e443ee53954a136653700e0d63a427f6c401916262b54f7489,5640261,2026-07-24T22:48:14.934444+00:00,,,true,false,false,,eligible_candidate,true,2026-07-29T20:13:36.122843+00:00
ls_8f8a5aec586b6bcc68a3690b,sv_37a393111af47519203f0c2f,fa_7eb9bce128f280d28565d1ef,ea_3b2c808038af9744b296ae5a,CASY,CASY,CASY-CASEYS GENERAL STORES INC-2021.pdf,data/01_raw/sustainability/CASY/CASY-CASEYS GENERAL STORES INC-2021.pdf,,original,332b926bee0db3529799c7ed492579bf459401297a71be88fa233d72ebce20d4,5448757,2026-07-24T22:48:16.779932+00:00,,,true,false,false,,eligible_candidate,true,2026-07-29T20:13:36.122843+00:00
ls_45ae2f5755068295d17f519f,sv_1834c9247213b95b80d5f358,fa_78775e632e928a95eb62d2ba,ea_6138b9d15e7d38e0dc62c6e4,CASY,CASY,CASY-CASEYS GENERAL STORES INC-2022.pdf,data/01_raw/sustainability/CASY/CASY-CASEYS GENERAL STORES INC-2022.pdf,,original,fd0360a54bd254ebea02e7250ea5ad46c832a125662dcee07cda2bd4849ec206,5503608,2026-07-24T22:48:20.328735+00:00,,,true,false,false,,eligible_candidate,true,2026-07-29T20:13:36.122843+00:00
ls_69d318ffdb77a47658b34102,sv_c77d15b177f2fa437c6d3d23,fa_f2a0b311eadfb7a77a7418b3,ea_1dad94820bf40f1b14563e46,CASY,CASY,CASY-CASEYS GENERAL STORES INC-2023.pdf,data/01_raw/sustainability/CASY/CASY-CASEYS GENERAL STORES INC-2023.pdf,,original,20c05f5da9bd997b86463be8e8a7807fe1cb8d3679e1af295a7fd732d5419caa,6754355,2026-07-24T22:48:22.410870+00:00,,,true,false,false,,eligible_candidate,true,2026-07-29T20:13:36.122843+00:00
ls_14147f009ac197c6e734b2ad,sv_34c4b106cc4db19815a3c426,fa_2409fff99a1d729ac9f85360,ea_c09a33105c704db01476cd81,CASY,CASY,CASY-CASEYS GENERAL STORES INC-2024.pdf,data/01_raw/sustainability/CASY/CASY-CASEYS GENERAL STORES INC-2024.pdf,,original,66b278374789b1ee8d092fc666ea6eab5d031e052b812591f874df9c312c1b09,22797373,2026-07-24T22:48:26.175320+00:00,,,true,false,false,,eligible_candidate,true,2026-07-29T20:13:36.122843+00:00
ls_629f50ece7f9924457f92464,sv_4ea304022d555cc6ebfcfe8f,fa_422bf2621efa82b780a2781b,ea_cd1082393172fd5fcf0e7ff6,COLM,COLM,COLM-COLUMBIA SPORTSWEAR CO-2015.pdf,data/01_raw/sustainability/COLM/COLM-COLUMBIA SPORTSWEAR CO-2015.pdf,,original,c1b91fe38cd2f1e32be23926951807206630e485460eace5de3b116ca387b61d,14693399,2026-07-24T22:48:33.609139+00:00,,,true,false,false,,eligible_candidate,true,2026-07-29T20:13:36.122843+00:00
ls_0345bf5037fccf6c70804a6f,sv_41447e3b4d3b0d797b8cb133,fa_b674615d75b2bc79a81ea25b,ea_1edf75d9dab5a0cbf6a14a85,COLM,COLM,COLM-COLUMBIA SPORTSWEAR CO-2018.pdf,data/01_raw/sustainability/COLM/COLM-COLUMBIA SPORTSWEAR CO-2018.pdf,,original,3cd735175bc409d02517f5cc634f0ba7162f623e69f3fb749200e40a0856a379,11741894,2026-07-24T22:48:40.482469+00:00,,,true,false,false,,eligible_candidate,true,2026-07-29T20:13:36.122843+00:00
ls_ff78d30489422673f82ad6ca,sv_e0bbe475fb2146ffba0d8fc7,fa_2221916a46e4eda8c59f137c,ea_78a40e438de53fbd32550d72,COLM,COLM,COLM-COLUMBIA SPORTSWEAR CO-2019.pdf,data/01_raw/sustainability/COLM/COLM-COLUMBIA SPORTSWEAR CO-2019.pdf,,original,faa31736f4b6b129db0566f41cb26062bc4839506677ee0f4c97d9a51d9c434f,13125418,2026-07-24T22:48:42.918437+00:00,,,true,false,false,,eligible_candidate,true,2026-07-29T20:13:36.122843+00:00
ls_863518807647154a48a02bff,sv_b99ee259349516f163e7337d,fa_97ce1b6c1f7357f209637d4c,ea_d8e719d2b84907e5678edbab,COLM,COLM,COLM-COLUMBIA SPORTSWEAR CO-2020.pdf,data/01_raw/sustainability/COLM/COLM-COLUMBIA SPORTSWEAR CO-2020.pdf,,original,e3778e74d3e633256aef0e235d54ca36e4262d18692d9b932dbd6cdca567dd6e,11294508,2026-07-24T22:48:44.727489+00:00,,,true,false,false,,eligible_candidate,true,2026-07-29T20:13:36.122843+00:00
ls_282c0a28c4fe2034a25bda59,sv_90bcee7c71d604d6fe014b41,fa_f67f21bc4bab9d414a01c071,ea_a1b84309dd143570392dab7f,COLM,COLM,COLM-COLUMBIA SPORTSWEAR CO-2021.pdf,data/01_raw/sustainability/COLM/COLM-COLUMBIA SPORTSWEAR CO-2021.pdf,,original,86d229a334058f96b63333515494dde496114c5f89fe193bf5e68a97eea6c820,41982349,2026-07-24T22:48:51.690596+00:00,,,true,false,false,,eligible_candidate,true,2026-07-29T20:13:36.122843+00:00
ls_59f4a6a1e2480c4db00c474d,sv_bf0043a617e1ea4abda0645f,fa_2a3427876adb581a72ccfea8,ea_ba5600c3f997b0104bab15e7,COLM,COLM,COLM-COLUMBIA SPORTSWEAR CO-2022.pdf,data/01_raw/sustainability/COLM/COLM-COLUMBIA SPORTSWEAR CO-2022.pdf,,original,31ab95810ebd83d06bd6e956ba60bcf4ea770caa5343e497c658cf21445f2a58,11788833,2026-07-24T22:48:57.381699+00:00,,,true,false,false,,eligible_candidate,true,2026-07-29T20:13:36.122843+00:00
ls_b6163f8839d78de3cb04127f,sv_acf097e00b4ea67680ec2a5e,fa_125f50e6b36bf0e9c6784973,ea_f0afee02d0cace5601cf9be4,COLM,COLM,COLM-COLUMBIA SPORTSWEAR CO-2023.pdf,data/01_raw/sustainability/COLM/COLM-COLUMBIA SPORTSWEAR CO-2023.pdf,,original,747c7ce2175f36828dffba31bd9422c9f1fe761282f596d987f67b15afcdb619,21296496,2026-07-24T22:49:04.094969+00:00,,,true,false,false,,eligible_candidate,true,2026-07-29T20:13:36.122843+00:00
ls_35614e59f2327dd4c774c5e3,sv_f9ee8ca85dff639b2b40b1fa,fa_e3cf38aa32806d4b63aca1a6,ea_8b65f6ac030d7105322ebc2c,COLM,COLM,COLM-COLUMBIA SPORTSWEAR CO-2024.pdf,data/01_raw/sustainability/COLM/COLM-COLUMBIA SPORTSWEAR CO-2024.pdf,,original,49cdc9b8d77e760b7e8dddfe919c19d9b72f042df688d5a4530ff5ed6801c9fc,11569190,2026-07-24T22:49:11.431137+00:00,,,true,false,false,,eligible_candidate,true,2026-07-29T20:13:36.122843+00:00
ls_d4373d974c951e0e69dcd11e,sv_6f704fdec12f43756c37b3cf,fa_ac6544ee9670dc15e07ff405,ea_59c0988b0137cd93dd578381,COST,COST,COST-COSTCO WHOLESALE CORP-2018.pdf,data/01_raw/sustainability/COST/COST-COSTCO WHOLESALE CORP-2018.pdf,,original,ebbfea6de265435d50723c2ad135b1a89dcaa2dd91773b20e751df0da77423bc,8097169,2026-07-24T22:49:15.751529+00:00,,,true,false,false,,eligible_candidate,true,2026-07-29T20:13:36.122843+00:00
ls_cc2d627aeac8c65c7292cd40,sv_48ac4a7baa39f90d638bf638,fa_50a70925ed784b1061a2846a,ea_128a14bf9dc0c766e84d6ad2,COST,COST,COST-COSTCO WHOLESALE CORP-2019.pdf,data/01_raw/sustainability/COST/COST-COSTCO WHOLESALE CORP-2019.pdf,,original,bfcd592b99eaed1fc0645b84281c2dd434c0843d853a62aea1e279c33889ee5a,30251201,2026-07-24T22:49:25.021538+00:00,,,true,false,false,,eligible_candidate,true,2026-07-29T20:13:36.122843+00:00
ls_38752b2e1fe0759dd171f67b,sv_41dc05b90d777b254cfe9f59,fa_c2a2140a61db816ab7319834,ea_c402392ce720aeec92bc683e,COST,COST,COST-COSTCO WHOLESALE CORP-2020.pdf,data/01_raw/sustainability/COST/COST-COSTCO WHOLESALE CORP-2020.pdf,,original,e4c890457700fd7e3bd66a8492eb2b71357c2a172a3643db2d900bbc94d06022,34902506,2026-07-24T22:49:33.241918+00:00,,,true,false,false,,eligible_candidate,true,2026-07-29T20:13:36.122843+00:00
ls_b85a9f821a55ea1ea6de79aa,sv_bbc623fc062329a11de6397a,fa_0c67736e5f5b966d24c6dd1e,ea_5556054aa7ae87659d05c840,COST,COST,COST-COSTCO WHOLESALE CORP-2021.pdf,data/01_raw/sustainability/COST/COST-COSTCO WHOLESALE CORP-2021.pdf,,original,5bb182eaa1830126e95e1170f4be462abfdc597e6aa23f259c801f4cc7190b63,6622870,2026-07-29T09:56:16.377085+00:00,,,true,false,false,,eligible_candidate,true,2026-07-29T20:13:36.122843+00:00
ls_04e92f418c851b9611b8144b,sv_66bbf0d6b2c731f8209749c4,fa_8e064e5ad64111f3ee2b773e,ea_122fd2726a5bfd772431ada1,COST,COST,COST-COSTCO WHOLESALE CORP-2022.pdf,data/01_raw/sustainability/COST/COST-COSTCO WHOLESALE CORP-2022.pdf,,original,8ad1093dfaf69183f45ae83567cc87fcf34cc217c58b80cf43a77f541c6c9e7c,63414164,2026-07-29T09:56:22.782749+00:00,,,true,false,false,,eligible_candidate,true,2026-07-29T20:13:36.122843+00:00
ls_f28261490c22f72dd04d8e48,sv_7e70cbb6c64a727f0ed22bab,fa_0e4976ca8a674eb8b5ff8145,ea_2f9cf8418e66fb9c21a225f4,COST,COST,COST-COSTCO WHOLESALE CORP-2023.pdf,data/01_raw/sustainability/COST/COST-COSTCO WHOLESALE CORP-2023.pdf,,original,b405ecc7885e6de210c32bf7b19044d9c7eb74da2270f55ce45c07c59be4d96d,55177691,2026-07-29T09:56:30.206838+00:00,,,true,false,false,,eligible_candidate,true,2026-07-29T20:13:36.122843+00:00
ls_cd85623a48f2ae6a5d8c4e34,sv_1672f5d331b82bedcacfca29,fa_703f28b3ca4f3599e227c2f1,ea_137ba40dea1cbebc727675e3,COST,COST,COST-COSTCO WHOLESALE CORP-2024.pdf,data/01_raw/sustainability/COST/COST-COSTCO WHOLESALE CORP-2024.pdf,,original,2ab04c4cdbff3627678e341b0b58e37440e0b0b11e244b7199532e0fed9b89b4,42405972,2026-07-29T09:56:37.673410+00:00,,,true,false,false,,eligible_candidate,true,2026-07-29T20:13:36.122843+00:00
ls_9fbb1c691b85e30a17b2d23d,sv_381154ae0156b58ebfd99ea0,fa_f27001118b04c53181f1d71c,ea_4ee609675c8b8def210d983f,COST,COST,COST-COSTCO WHOLESALE CORP-2025.pdf,data/01_raw/sustainability/COST/COST-COSTCO WHOLESALE CORP-2025.pdf,,original,822f9a6be177a2fd8bc16fa919a04ff73136beaafa922cf6e3e8f71137c96574,11576743,2026-07-29T09:56:44.984733+00:00,,,true,false,false,,eligible_candidate,true,2026-07-29T20:13:36.122843+00:00
ls_2b663b7eeb3eede93f586013,sv_4595b5084bf3c1eee64b90ab,fa_4d75baa0db0008a027e4981e,ea_2cacec17c17676d870f10a42,CPNG,CPNG,CPNG-Coupang-2022.pdf,data/01_raw/sustainability/CPNG/CPNG-Coupang-2022.pdf,,original,299ad07c9b7d015d58d8c8af7a57ad935599cfed5da3665d71582ec4d25e1665,11853502,2026-07-24T22:49:57.899394+00:00,,,true,false,false,,eligible_candidate,true,2026-07-29T20:13:36.122843+00:00
ls_3173f3009b387ff42175b926,sv_7a68b30269079fd8f59f619d,fa_284b63c758566b86ca4d7407,ea_e6e6254602b69ba8af7620f9,CPNG,CPNG,CPNG-Coupang-2023.pdf,data/01_raw/sustainability/CPNG/CPNG-Coupang-2023.pdf,,original,cbfa56e463e0e4743621e427e1c9086d3c81fcaa4d90b4842f52f915c2e779d9,5174918,2026-07-24T22:49:59.933089+00:00,,,true,false,false,,eligible_candidate,true,2026-07-29T20:13:36.122843+00:00
ls_ffa59725c0f25f4ed2185b11,sv_e2d90b571d06d8a9b0e8fb5b,fa_1d9b003f3571a6c841e59d0d,ea_f0eb52aa5930ab473f8eec92,CPNG,CPNG,CPNG-Coupang-2024.pdf,data/01_raw/sustainability/CPNG/CPNG-Coupang-2024.pdf,,original,4af4bb11b389c328507678eb5899a3dde39660d6d01aa2f4675307ce8cf06f60,6809003,2026-07-24T22:50:02.432879+00:00,,,true,false,false,,eligible_candidate,true,2026-07-29T20:13:36.122843+00:00
ls_9bfd2496a0a50354fccd33ea,sv_4e4cd307ca0ca61388b38d0b,fa_6302f9b99050b7f1f47ae48f,ea_457743175e8000cc0ab85d91,CRI,CRI,CRI-CARTER'S INC-2021.pdf,data/01_raw/sustainability/CRI/CRI-CARTER'S INC-2021.pdf,,original,a91a4eb4f3639319f2bb1038f542bcf9cc378aa81c5edb1044e1944d574b2dff,58705844,2026-07-24T22:50:09.190977+00:00,,,true,false,false,,eligible_candidate,true,2026-07-29T20:13:36.122843+00:00
ls_7f2b75fc8ec277be5de8b46c,sv_36d0acdc5b00f49a769136a7,fa_b61c98516d2ce85934ede377,ea_643588f37111ccf6082c3921,CRI,CRI,CRI-CARTER'S INC-2022.pdf,data/01_raw/sustainability/CRI/CRI-CARTER'S INC-2022.pdf,,original,2368d14b6241ced5864746371cfa57fb170d6f0141670f4033b64c99e6d723c9,19180692,2026-07-24T22:50:12.910768+00:00,,,true,false,false,,eligible_candidate,true,2026-07-29T20:13:36.122843+00:00
ls_7a839fc447484db2aa07ba9b,sv_92a07641fc2269ae590200d2,fa_7ed8b20ca31f3d2a582bc3f4,ea_827eeb40b2af5b901c09c7a2,CRI,CRI,CRI-CARTER'S INC-2023.pdf,data/01_raw/sustainability/CRI/CRI-CARTER'S INC-2023.pdf,,original,5262a50317a13d1ecc9b2a96625d545a472649a40f5e44f931a0f8b33b7f2d52,35414744,2026-07-24T22:50:16.424337+00:00,,,true,false,false,,eligible_candidate,true,2026-07-29T20:13:36.122843+00:00
ls_824806b870d0d3984406f621,sv_8f9f430e352ee16a65bdc4ab,fa_e5616b2bdcf236b1e531ef4f,ea_e6f470f2bf4d644a286f6931,CRI,CRI,CRI-CARTER'S INC-2024.pdf,data/01_raw/sustainability/CRI/CRI-CARTER'S INC-2024.pdf,,original,8bcb97b39480e2d4fd6a44f6f0e179e68b89f63dcd438f6ce165945ac88c8027,23170458,2026-07-24T22:50:20.393552+00:00,,,true,false,false,,eligible_candidate,true,2026-07-29T20:13:36.122843+00:00
ls_836562ffc1e4e07eb9500641,sv_72b3bd9eecef9a32a088cb13,fa_ca66c81d05a78cc17955284b,ea_aa86057b18f59e9f7482f449,CRI,CRI,CRI-CARTER'S INC-2025.pdf,data/01_raw/sustainability/CRI/CRI-CARTER'S INC-2025.pdf,,original,d375008b6a059f6386343162dfe76f1d9c197534ca069fa6f14c9e021b5f9ecb,11191388,2026-07-24T22:50:23.405924+00:00,,,true,false,false,,eligible_candidate,true,2026-07-29T20:13:36.122843+00:00
ls_6e4c489b3b09a768bf6c647b,sv_f55b97f51c9c0900300e5268,fa_034cf13b1a37d5de5dbb629c,ea_37ba433d254fa2b4cb8727dd,CRI,CRI,CRI-CARTER'S INC-2020.pdf,data/01_raw/sustainability/CRI/CRI-CARTER'S INC-2020.pdf,,original,8ecfff6ca9eedb3e5ca736cc5163e6a83e94b902d9178aa6328d4b6a7f87eb22,11029097,2026-07-24T22:50:26.540892+00:00,,,true,false,false,,eligible_candidate,true,2026-07-29T20:13:36.122843+00:00
ls_fc54eae77a9272d221fbd13c,sv_4ff74b1b1141dedde1662482,fa_5abb4d3c308a795d1408fe93,ea_6b5e7d6bebfb769adcade984,CRMT,CRMT,CRMT-AMERICA'S CAR-MART INC-2020.pdf,data/01_raw/sustainability/CRMT/CRMT-AMERICA'S CAR-MART INC-2020.pdf,,original,ad5783d3603c8bbd3583a611e3d9801b82cb786eb6cee8ad56cf535387253e45,3809404,2026-07-29T09:56:49.031793+00:00,,,true,false,false,,eligible_candidate,true,2026-07-29T20:13:36.122843+00:00
ls_cb4e921990f8c9c37550b2e4,sv_8482ecb95acd65f8a9779491,fa_6b2b95cd49bb5d5a538833f1,ea_7ef0143e5603d86d433f871d,CRMT,CRMT,CRMT-AMERICA'S CAR-MART INC-2021.pdf,data/01_raw/sustainability/CRMT/CRMT-AMERICA'S CAR-MART INC-2021.pdf,,original,fcc6f2b267ee09e6b3229939fd7d0d3206f561e32c8765148ed0b5ad888b02d3,19242862,2026-07-29T09:56:55.449487+00:00,,,true,false,false,,eligible_candidate,true,2026-07-29T20:13:36.122843+00:00
ls_380cc57b2a1f71786f36db64,sv_56a099e1c82d6a75fddcb622,fa_e2f53f9968b6ff363ceb2929,ea_4b14ff0e51573c43ae5ea963,CRMT,CRMT,CRMT-AMERICA'S CAR-MART INC-2022.pdf,data/01_raw/sustainability/CRMT/CRMT-AMERICA'S CAR-MART INC-2022.pdf,,original,3c30b9e29ae62cf21ad87b14dd8d5a1bd4eb2342b68994a2207ed9dfb7126665,8080374,2026-07-29T09:56:58.686154+00:00,,,true,false,false,,eligible_candidate,true,2026-07-29T20:13:36.122843+00:00
ls_9d2c03d419a3e44a0e1a0aa9,sv_82c00f7183b2f510954170ec,fa_db2c7598a195013637bc256c,ea_656a7f0f8748a7228a3603b7,CRMT,CRMT,CRMT-AMERICA'S CAR-MART INC-2023.pdf,data/01_raw/sustainability/CRMT/CRMT-AMERICA'S CAR-MART INC-2023.pdf,,original,7a4f28dcf6c7175ec2c3d3a85f4f4500e6ba9d14913a5fe9394e72727b780ba8,2786263,2026-07-29T09:57:01.714336+00:00,,,true,false,false,,eligible_candidate,true,2026-07-29T20:13:36.122843+00:00
ls_c997df8f48827ff45cbc6b6d,sv_07d3eb268a2f443039fd94db,fa_15b4dc68e1086bf74d8c2e07,ea_6d774b36d98186f0901fdb85,CROX,CROX,CROX-CROCS INC-2021.pdf,data/01_raw/sustainability/CROX/CROX-CROCS INC-2021.pdf,,original,ac4484a6cdad1de4e0777be4d7a99d8bf05ff861cc511969dedef7623b62af2c,37489948,2026-07-24T22:50:43.505903+00:00,,,true,false,false,,eligible_candidate,true,2026-07-29T20:13:36.122843+00:00
ls_92c537d786c9fd2156ec98eb,sv_cce4e59fa5c4bc6dbf9ca839,fa_04252fb232ca62c21a2e714e,ea_d68752c9ea38e9dd9e306f24,CROX,CROX,CROX-CROCS INC-2022.pdf,data/01_raw/sustainability/CROX/CROX-CROCS INC-2022.pdf,,original,3d99a0f298fa4de8ad57fbd29e9fbcbd6aed5410b140c02f9c9ce96ec0bb3fa2,33050861,2026-07-24T22:50:51.433266+00:00,,,true,false,false,,eligible_candidate,true,2026-07-29T20:13:36.122843+00:00
ls_0f02fcc55162801e0c710894,sv_4e1462e2e2dd6a18d4849d4a,fa_65e125ee57c8e81b5cef09f9,ea_7880813c83ad13604084de78,CROX,CROX,CROX-CROCS INC-2023.pdf,data/01_raw/sustainability/CROX/CROX-CROCS INC-2023.pdf,,original,a86b533b720d64d827615aea00648ba9c716431ddd3b9349de1f9a70af382a52,48495806,2026-07-24T22:50:57.540109+00:00,,,true,false,false,,eligible_candidate,true,2026-07-29T20:13:36.122843+00:00
ls_52156513d85f4397153c5253,sv_bf3d7c1e3e6eaa26b268b42c,fa_4636992d1756e77f150209df,ea_7d60bdddc237097959805183,CROX,CROX,CROX-CROCS INC-2024.pdf,data/01_raw/sustainability/CROX/CROX-CROCS INC-2024.pdf,,original,3f19a7c41825d850de72392a1f34fad7f348788142f31b283262afcfb8527270,50701831,2026-07-24T22:51:04.555637+00:00,,,true,false,false,,eligible_candidate,true,2026-07-29T20:13:36.122843+00:00
ls_a1627c018e7d15ba60ad3ab0,sv_5c3a647b93b1583f207554d4,fa_1ea34045758fd3e095d15b57,ea_4b1b637da671448c14797397,CROX,CROX,CROX-CROCS INC-2025.pdf,data/01_raw/sustainability/CROX/CROX-CROCS INC-2025.pdf,,original,18d84098184cf280396b04a1c060e4ef5a01c05923f2e6732579a006f3ac5e8e,82659833,2026-07-24T22:51:18.954483+00:00,,,true,false,false,,eligible_candidate,true,2026-07-29T20:13:36.122843+00:00
ls_b6a57e80432252602d268d02,sv_4f828567de2c5df5d9a58211,fa_4306913e791f840f7646ffd1,ea_f2c8c87c26260e0d3a819a2e,CURV,CURV,CURV-TORRID HOLDINGS-2021.pdf,data/01_raw/sustainability/CURV/CURV-TORRID HOLDINGS-2021.pdf,,original,beb928007ec8d6e3663826d3e9fa860506f3e16712d321989a29955f26116353,43978379,2026-07-24T22:51:24.260730+00:00,,,true,false,false,,eligible_candidate,true,2026-07-29T20:13:36.122843+00:00
ls_649c9a94c6319f4565966e49,sv_631d3103e3b73c8b52d36eda,fa_9ad67c4df11da3dd3d45fbf1,ea_9b89baa8dd05a4735d57a954,CURV,CURV,CURV-TORRID HOLDINGS-2022.pdf,data/01_raw/sustainability/CURV/CURV-TORRID HOLDINGS-2022.pdf,,original,b41a1e3e22021cdd7a6ec7ae86aa218e5ca906bac75b44cac9bb79c4b3cf5ee0,24915256,2026-07-24T22:51:28.426124+00:00,,,true,false,false,,eligible_candidate,true,2026-07-29T20:13:36.122843+00:00
ls_71fcf7493ff5af130bd11363,sv_d51f4e3b520c891402468e52,fa_604348a908cabe4cc6c59ef0,ea_42da71d5bf5773add6da9732,CURV,CURV,CURV-TORRID HOLDINGS-2023.pdf,data/01_raw/sustainability/CURV/CURV-TORRID HOLDINGS-2023.pdf,,original,86fe37f1df529c1470e453d5381e57fd94ba5c4d2f326773a61a5ecfc14873d7,6739205,2026-07-24T22:51:30.929708+00:00,,,true,false,false,,eligible_candidate,true,2026-07-29T20:13:36.122843+00:00
ls_9a5f1d8d3bfffbafbba57b06,sv_a59892c43f9e594d4430dd0e,fa_9b82498794a59e3ff67138b0,ea_55bb39693e1c5574a02f6e23,CVS,CVS,CVS-CVS HEALTH CORP-2015.pdf,data/01_raw/sustainability/CVS/CVS-CVS HEALTH CORP-2015.pdf,,original,4c9fe2531fb332a32441dc20fc3f8beb4e050d13c095d9d2768896e790991953,13041211,2026-07-24T22:51:35.072008+00:00,,,true,false,false,,eligible_candidate,true,2026-07-29T20:13:36.122843+00:00
ls_dd051c5c88d615e5b2b4bc5e,sv_127e003b3ab54b5ffff8aa3e,fa_28026898be581828d2340e8a,ea_3a0bdb6809f314692ed1b38d,CVS,CVS,CVS-CVS HEALTH CORP-2016.pdf,data/01_raw/sustainability/CVS/CVS-CVS HEALTH CORP-2016.pdf,,original,d325d369a5a5d28f17edece094d0092390749fb0f8d07937b18c2a6510e901fc,13134803,2026-07-24T22:51:37.837609+00:00,,,true,false,false,,eligible_candidate,true,2026-07-29T20:13:36.122843+00:00
ls_f29ef121cdbe934e359f43e6,sv_2ad92eedfb83865379ae8fd0,fa_b6d6837b42fbbf223728c0c4,ea_b436595796fd688bccd5f7b4,CVS,CVS,CVS-CVS HEALTH CORP-2017.pdf,data/01_raw/sustainability/CVS/CVS-CVS HEALTH CORP-2017.pdf,,original,3af7bda0747de264f73ea29d2676c380b2fd7888fbca05bc59c035df869a1899,21985121,2026-07-24T22:51:47.287399+00:00,,,true,false,false,,eligible_candidate,true,2026-07-29T20:13:36.122843+00:00
ls_bcaafa92a99c30d7f7c82655,sv_f06dccfd4fc8d31b20993fe1,fa_8e5860c4c9fa6aeb3515631a,ea_2fb6d40b77569117f4403859,CVS,CVS,CVS-CVS HEALTH CORP-2018.pdf,data/01_raw/sustainability/CVS/CVS-CVS HEALTH CORP-2018.pdf,,original,c9a3e38e067bd84447a2ba992af5d3c32679a4edcba614352bcc33a078567b11,7668030,2026-07-24T22:51:51.850537+00:00,,,true,false,false,,eligible_candidate,true,2026-07-29T20:13:36.122843+00:00
ls_ddc39f7bde338ffb99e030e8,sv_bf1f917b53b5e8c8eed98fa9,fa_0140a1b181efb01632df603a,ea_5cf2e050f38dd3670d12805e,CVS,CVS,CVS-CVS HEALTH CORP-2019.pdf,data/01_raw/sustainability/CVS/CVS-CVS HEALTH CORP-2019.pdf,,original,099a4cfae2235dbaa978b0a9e0d48418713147bc089690971502e9a0d9147ee2,48745349,2026-07-29T09:57:10.047017+00:00,,,true,false,false,,eligible_candidate,true,2026-07-29T20:13:36.122843+00:00
ls_c05ef45c63ba2fb013ffc6ac,sv_780c78866f57d7a381b2570b,fa_c38d3d535858a67db9cf8b7e,ea_eb556039d0b1f06434ddf380,CVS,CVS,CVS-CVS HEALTH CORP-2020.pdf,data/01_raw/sustainability/CVS/CVS-CVS HEALTH CORP-2020.pdf,,original,e9ed59c667e62a3966898fb5be0047ab96b71be9c8cc6c3fb322dc06cfe4f5b0,57371862,2026-07-29T09:57:19.861963+00:00,,,true,false,false,,eligible_candidate,true,2026-07-29T20:13:36.122843+00:00
ls_0a3d8ac15d0b293f6e0008ef,sv_942ff0a1374b428af5b84681,fa_5ac36de5fd954a8be7f121be,ea_70510321e56cfcd32d853ea9,CVS,CVS,CVS-CVS HEALTH CORP-2021.pdf,data/01_raw/sustainability/CVS/CVS-CVS HEALTH CORP-2021.pdf,,original,c2b8e7e86e91d318ad40e68908f1ceaaf3f9e01d74fd0cd7101dd981c6e771ee,14831633,2026-07-24T22:52:09.014961+00:00,,,true,false,false,,eligible_candidate,true,2026-07-29T20:13:36.122843+00:00
ls_ad31b5ae4abcba742b45d03f,sv_515a622f32128f90c214895c,fa_df2dffbd69bc6dfea4ba31b3,ea_e265214f06e77accff6fbbf6,CVS,CVS,CVS-CVS HEALTH CORP-2022.pdf,data/01_raw/sustainability/CVS/CVS-CVS HEALTH CORP-2022.pdf,,original,fc77519f1a37ab4dec7c41e638939852e84078713f4c959198e36d5ed96898c1,14819147,2026-07-24T22:52:13.749056+00:00,,,true,false,false,,eligible_candidate,true,2026-07-29T20:13:36.122843+00:00
ls_c03a70e4775a705d82ac5547,sv_d690cb1d1fa3640a291bd1f1,fa_c739951b85ea1cc6ae09fc70,ea_6c28093f9e9d404bfb6a9ab6,CVS,CVS,CVS-CVS HEALTH CORP-2023.pdf,data/01_raw/sustainability/CVS/CVS-CVS HEALTH CORP-2023.pdf,,original,df0cd5aaf6639d65d5796516b7eedaedacfa438457b21a453064296b2cc505b4,21249620,2026-07-24T22:52:20.113619+00:00,,,true,false,false,,eligible_candidate,true,2026-07-29T20:13:36.122843+00:00
ls_4be53734cd271af8b199ef9a,sv_3e0d3b9e41f13566cb24828f,fa_5c33e3ed0e792e1f5da97393,ea_5f5def94450864e46189e1d1,CVS,CVS,CVS-CVS HEALTH CORP-2024.pdf,data/01_raw/sustainability/CVS/CVS-CVS HEALTH CORP-2024.pdf,,original,a94144b43e8215a6b0856bff737d2fbef2ff0871a93a4eea424d69ed2c17729d,6049392,2026-07-24T22:52:21.939987+00:00,,,true,false,false,,eligible_candidate,true,2026-07-29T20:13:36.122843+00:00
ls_26e0fea6dde142698f643790,sv_8df7b19721161aad04caa0b7,fa_62cd5947ab8d724c6ba27f0d,ea_af390944cece43a5dfae2b76,CVS,CVS,CVS-CVS HEALTH CORP-2025.pdf,data/01_raw/sustainability/CVS/CVS-CVS HEALTH CORP-2025.pdf,,original,40592725221afeea82ba1a11d39b801167a4f35548a9b832cbdd1e4b890567d4,3665668,2026-07-24T22:52:26.179918+00:00,,,true,false,false,,eligible_candidate,true,2026-07-29T20:13:36.122843+00:00
ls_67231a34946a940cd0c21a08,sv_005f59875c8d2547657c7f1e,fa_f609dff3bf501a3ecf750fc9,ea_3e4e6c185204598b10f21294,DECK,DECK,DECK-DECKERS OUTDOOR CORP-2015.pdf,data/01_raw/sustainability/DECK/DECK-DECKERS OUTDOOR CORP-2015.pdf,,original,4eafcd546010845fcfc531a8976cc9d4e3cbcd1cacc4048101b029168f2e4f51,3608091,2026-07-29T09:57:23.023578+00:00,,,true,false,false,,eligible_candidate,true,2026-07-29T20:13:36.122843+00:00
ls_a0720166e6b0411152ea6aa3,sv_e3fb9145cb5322ce3462f50e,fa_57d8acb3fa7464ba796d3b63,ea_445d3de09f6489985d1c900d,DECK,DECK,DECK-DECKERS OUTDOOR CORP-2016.pdf,data/01_raw/sustainability/DECK/DECK-DECKERS OUTDOOR CORP-2016.pdf,,original,bc97b5b4101e780f3d0cbd644a1a2a1150f240d0c5c4b631a6cf8801279bfbac,2144640,2026-07-29T09:57:25.975513+00:00,,,true,false,false,,eligible_candidate,true,2026-07-29T20:13:36.122843+00:00
ls_f942e2a7e74321b3e98786a2,sv_bb9b39883c5791e5be2cbbfa,fa_1d14be63da1fe31afb5cf426,ea_341b01b45d912fe13d5bc74a,DECK,DECK,DECK-DECKERS OUTDOOR CORP-2017.pdf,data/01_raw/sustainability/DECK/DECK-DECKERS OUTDOOR CORP-2017.pdf,,original,e80f64393227e70f94c4a31100be9f9979bd616e705a311af876b60fc23fc282,3328697,2026-07-29T09:57:28.596133+00:00,,,true,false,false,,eligible_candidate,true,2026-07-29T20:13:36.122843+00:00
ls_2b660d0540ac12342b723f23,sv_ec517ae223ab271133a65cbe,fa_085a627e89b7d6dc3ac77f04,ea_8afc6ff73eb309e163888233,DECK,DECK,DECK-DECKERS OUTDOOR CORP-2018.pdf,data/01_raw/sustainability/DECK/DECK-DECKERS OUTDOOR CORP-2018.pdf,,original,50381b402bc0e66478f00ca8fc51e61cd639c02f7dcdb4ec89c9b3ee1473d2ee,5306053,2026-07-29T09:57:30.931730+00:00,,,true,false,false,,eligible_candidate,true,2026-07-29T20:13:36.122843+00:00
ls_c409fc9c42d5974550d08f45,sv_b94ec56377e3635ffd85f338,fa_040ea2327cdbbfb30b156b76,ea_1332d5af3c7287892e621d38,DECK,DECK,DECK-DECKERS OUTDOOR CORP-2019.pdf,data/01_raw/sustainability/DECK/DECK-DECKERS OUTDOOR CORP-2019.pdf,,original,98fe3a84760cffd307c1f871f6ef08751d705bc849932a2b1bdb33f414c61d07,6725198,2026-07-29T09:57:33.308626+00:00,,,true,false,false,,eligible_candidate,true,2026-07-29T20:13:36.122843+00:00
ls_a4f999bc2dc993467cf63736,sv_17f37944eda913b1218e535c,fa_d791fcc73dee5a8bda49a765,ea_1c276841bbdfdc15b3838c1a,DECK,DECK,DECK-DECKERS OUTDOOR CORP-2020.pdf,data/01_raw/sustainability/DECK/DECK-DECKERS OUTDOOR CORP-2020.pdf,,original,8f6c67df74babae956d68d2f2c1ab50023370ef1f9970ec1d295128f4db59c0d,21507902,2026-07-29T09:57:37.183391+00:00,,,true,false,false,,eligible_candidate,true,2026-07-29T20:13:36.122843+00:00
ls_595364db88544aa272d92020,sv_9aaa56970628ec6fb50a4a40,fa_c59ba6cf345f9dd62d4c0379,ea_cc0f3245519b9c69f0ba2310,DECK,DECK,DECK-DECKERS OUTDOOR CORP-2021.pdf,data/01_raw/sustainability/DECK/DECK-DECKERS OUTDOOR CORP-2021.pdf,,original,1069db1f28d2c1e67b62c4971b878cf3bedd95ac25cb4f48d8f2d13dcb4c2e91,25068362,2026-07-29T09:57:44.262083+00:00,,,true,false,false,,eligible_candidate,true,2026-07-29T20:13:36.122843+00:00
ls_08e35fa63459610bd0c306d6,sv_206cd39d1ed6d30897732c32,fa_e626e25b74c7bfa9a6ada502,ea_9bffda5f3117446299829a6c,DECK,DECK,DECK-DECKERS OUTDOOR CORP-2022.pdf,data/01_raw/sustainability/DECK/DECK-DECKERS OUTDOOR CORP-2022.pdf,,original,2ad85c9ce8b67edaf554596f250424b1b84dc2e4b1cff4c4cd1e322bd27d832c,34287508,2026-07-29T09:57:52.461307+00:00,,,true,false,false,,eligible_candidate,true,2026-07-29T20:13:36.122843+00:00
ls_a1ae0ffbb2311070507e99ee,sv_5b00c19ec1ba3efb567e54fa,fa_b5ea257fa03ae1bed5ff1614,ea_5098f0c2d7eb18473ecfaf61,DECK,DECK,DECK-DECKERS OUTDOOR CORP-2023.pdf,data/01_raw/sustainability/DECK/DECK-DECKERS OUTDOOR CORP-2023.pdf,,original,41b1c6c9991ad91fa5c8ba0d775a271bfa738cb60b186a04fe28c47047034c50,34646579,2026-07-29T09:58:00.778353+00:00,,,true,false,false,,eligible_candidate,true,2026-07-29T20:13:36.122843+00:00
ls_62cc983b45c7cb4a66612d30,sv_adbfaa5d2e2e6603a02a46f7,fa_129a25047daa8a5b71700a54,ea_48db4cd141e3a97e72c2fb06,DECK,DECK,DECK-DECKERS OUTDOOR CORP-2024.pdf,data/01_raw/sustainability/DECK/DECK-DECKERS OUTDOOR CORP-2024.pdf,,original,cdf9208625d8be61065dfcefa050af66398a39e759930592bcaf6a5547068370,31929845,2026-07-29T09:58:05.895613+00:00,,,true,false,false,,eligible_candidate,true,2026-07-29T20:13:36.122843+00:00
ls_56941bb042e28e9ed51d622f,sv_b8831ff2edd7be248a3d97ce,fa_d3601337593b89c6d27b59bd,ea_e4b52f5c9f4290dabbb701ce,DELL,DELL,DELL-DELL TECHNOLOGIES INC-2016.pdf,data/01_raw/sustainability/DELL/DELL-DELL TECHNOLOGIES INC-2016.pdf,,original,ac9081b4d31f1b3fe3c4e16e9aed997174edb37383ae1f059b6729d8ba7474aa,20278869,2026-07-24T22:53:21.221606+00:00,,,true,false,false,,eligible_candidate,true,2026-07-29T20:13:36.122843+00:00
ls_c62941f1ae67f379e13d4241,sv_256b1ed6d831f61031ab4670,fa_82f245012e58d4f26dd001f5,ea_d1b912f2d7f6ad845072211a,DELL,DELL,DELL-DELL TECHNOLOGIES INC-2017.pdf,data/01_raw/sustainability/DELL/DELL-DELL TECHNOLOGIES INC-2017.pdf,,original,4d5c789b0881840d7dee5c1bba637e0d38bf4a6a46804d9d3a4db67caa46af88,48441776,2026-07-29T09:58:13.632438+00:00,,,true,false,false,,eligible_candidate,true,2026-07-29T20:13:36.122843+00:00
ls_c29427028a75b94d12bce0fe,sv_dafac7f09f147c5336b42a5f,fa_336e98bfe60e366ac91b7ce5,ea_e79ec6eea29b4ead1f9f7e82,DELL,DELL,DELL-DELL TECHNOLOGIES INC-2018.pdf,data/01_raw/sustainability/DELL/DELL-DELL TECHNOLOGIES INC-2018.pdf,,original,a91dcd36b87fd213f577cc24c5fb3eb6a8d0f8398250be4e9e1c2280f05e9dd2,3847942,2026-07-24T22:53:28.982050+00:00,,,true,false,false,,eligible_candidate,true,2026-07-29T20:13:36.122843+00:00
ls_e8462ae8040dc00510075591,sv_f3c93461062520316ad49530,fa_3ca0167b11753e291c49a6e4,ea_55c5e5e8f19c7fb664742d0b,DELL,DELL,DELL-DELL TECHNOLOGIES INC-2019.pdf,data/01_raw/sustainability/DELL/DELL-DELL TECHNOLOGIES INC-2019.pdf,,original,8b21a4be583b902671ddd3a1d30a43e1d78a76686ae99c34d8fd36a4b4594dac,5068588,2026-07-29T09:58:18.622575+00:00,,,true,false,false,,eligible_candidate,true,2026-07-29T20:13:36.122843+00:00
ls_e45f3a1060e9e9994bed43fe,sv_bc2558c76255baa7d5ec6963,fa_89536d20e20a7941ef5bb253,ea_4c636d47097ee244985d7299,DELL,DELL,DELL-DELL TECHNOLOGIES INC-2020.pdf,data/01_raw/sustainability/DELL/DELL-DELL TECHNOLOGIES INC-2020.pdf,,original,8e1a111c827538338b4058df3a0f0ffa5944a82f0f79dd3cb0339839e1b26b01,8269266,2026-07-29T09:58:23.742042+00:00,,,true,false,false,,eligible_candidate,true,2026-07-29T20:13:36.122843+00:00
ls_aac9ef1e723c14516a77b5e3,sv_69c244b441e9be1de76e2ede,fa_e57c93b827a8f8e44caaee3f,ea_795fe5057b75e4ecb4595458,DELL,DELL,DELL-DELL TECHNOLOGIES INC-2021.pdf,data/01_raw/sustainability/DELL/DELL-DELL TECHNOLOGIES INC-2021.pdf,,original,9dbe53fb0ab30e372f817017930247ee1e9c54d019293f49d7eebb8dc772a9f5,78068859,2026-07-29T09:58:37.039121+00:00,,,true,false,false,,eligible_candidate,true,2026-07-29T20:13:36.122843+00:00
ls_381abd2f58395a2c310a50ad,sv_986472ab5f763c66950c8c04,fa_df9fc3bb33e48cacb9d0f110,ea_58d86faa0890c5ba18fa7e3b,DELL,DELL,DELL-DELL TECHNOLOGIES INC-2022.pdf,data/01_raw/sustainability/DELL/DELL-DELL TECHNOLOGIES INC-2022.pdf,,original,357afbc6a87e1b9e8c3da44277f40b59e2adbcadc463f504983959b7356cd11f,34358050,2026-07-29T09:58:42.256122+00:00,,,true,false,false,,eligible_candidate,true,2026-07-29T20:13:36.122843+00:00
ls_ebfd890520e196d0947411fb,sv_87d3c4ca3503174a563d1000,fa_c4214dda9bad948fc7972293,ea_a6b37ee4a047d00af4869948,DELL,DELL,DELL-DELL TECHNOLOGIES INC-2023.pdf,data/01_raw/sustainability/DELL/DELL-DELL TECHNOLOGIES INC-2023.pdf,,original,c4a2ffa23e2121f11aca0414f0c336c80419f2652a9963a93cc289d8a82b028f,81027148,2026-07-29T09:58:51.804694+00:00,,,true,false,false,,eligible_candidate,true,2026-07-29T20:13:36.122843+00:00
ls_1bfa568e17247df92fe49a1a,sv_a9a01001ac2d1fe7ceeccc32,fa_79f567f4e98b159db5bb44e6,ea_5707e33b303bbb77abaaee64,DELL,DELL,DELL-DELL TECHNOLOGIES INC-2024.pdf,data/01_raw/sustainability/DELL/DELL-DELL TECHNOLOGIES INC-2024.pdf,,original,f106d79ba93cd474658c1375bce2b8a3548482e8d8288d394bf2710b254a3ddd,12049968,2026-07-29T09:58:56.612046+00:00,,,true,false,false,,eligible_candidate,true,2026-07-29T20:13:36.122843+00:00
ls_db94793d60384a9cded15814,sv_7371b4844c12826debbcc926,fa_a5f0b384cd36cd18a82da6df,ea_3fd744288cd5b58f3dbf9d3c,DELL,DELL,DELL-DELL TECHNOLOGIES INC-2025.pdf,data/01_raw/sustainability/DELL/DELL-DELL TECHNOLOGIES INC-2025.pdf,,original,783a920ef8b0f56e4f662013226cac02cee53a010aa812e47c3ae3943fd21585,879294,2026-07-29T09:58:58.142607+00:00,,,true,false,false,,eligible_candidate,true,2026-07-29T20:13:36.122843+00:00
ls_1887e4fd0b368af96e554ddf,sv_f5a25cf93dec6c0890d5d616,fa_097b088002e3e6942cc229ee,ea_1553ed8e234fcf49afd97bf3,DG,DG,DG-DOLLAR GENERAL CORP-2019.pdf,data/01_raw/sustainability/DG/DG-DOLLAR GENERAL CORP-2019.pdf,,original,9194f37ae858c118ade13e41780668c1cfc453b31fc261d21b83e4d7fc43bd53,4588099,2026-07-24T22:54:10.360752+00:00,,,true,false,false,,eligible_candidate,true,2026-07-29T20:13:36.122843+00:00
ls_feadb8e8edbabcd10c9123b7,sv_7d4f9ba85e1e3e3b10391e93,fa_4297b418d2de1dd518cd7e1b,ea_073dee591d4b9444f8fd9c07,DG,DG,DG-DOLLAR GENERAL CORP-2020.pdf,data/01_raw/sustainability/DG/DG-DOLLAR GENERAL CORP-2020.pdf,,original,98f2808170b5f5f7dd08ecade111edc2b926d255debfdb700b87234e4cd7e685,7542942,2026-07-24T22:54:14.888243+00:00,,,true,false,false,,eligible_candidate,true,2026-07-29T20:13:36.122843+00:00
ls_1e0c229fe27cdc5bdb52a13a,sv_8dacd29045b350d0fa12bc68,fa_4aa83ff9103e28a9f7bf20e0,ea_7b6be116cb5dd8380482e0fc,DG,DG,DG-DOLLAR GENERAL CORP-2022.pdf,data/01_raw/sustainability/DG/DG-DOLLAR GENERAL CORP-2022.pdf,,original,e7b37c1555615ee76f905d0858c897de770eca99bd4883c28467d5890b2c389c,5346855,2026-07-24T22:54:16.663087+00:00,,,true,false,false,,eligible_candidate,true,2026-07-29T20:13:36.122843+00:00
ls_c12e26c08722684a32730581,sv_af9f6033eb3b9b79a0430958,fa_6a5474a76d0aa95cf2e198d5,ea_9dfe1d8508711e28a9957266,DG,DG,DG-DOLLAR GENERAL CORP-2023.pdf,data/01_raw/sustainability/DG/DG-DOLLAR GENERAL CORP-2023.pdf,,original,8e6ba1b5fa793e28cfe5277b0cecd098b978a7356244e816c0a691986ec1802b,50172145,2026-07-24T22:54:21.023574+00:00,,,true,false,false,,eligible_candidate,true,2026-07-29T20:13:36.122843+00:00
ls_0b86ccd20959543bfa87f19f,sv_7e5ea416fd66824c1ac868c5,fa_8568e7945de8bb1e9074e485,ea_ebd2b83c712ff0f607f3c078,DG,DG,DG-DOLLAR GENERAL CORP-2024.pdf,data/01_raw/sustainability/DG/DG-DOLLAR GENERAL CORP-2024.pdf,,original,72377312b12dde42e3bd1189d8b990b1f30de3e6bc50d2f5cfe0b3373ac79970,9210611,2026-07-24T22:54:24.074192+00:00,,,true,false,false,,eligible_candidate,true,2026-07-29T20:13:36.122843+00:00
ls_512c490f029488769bed08d0,sv_06a581d41f0deeb3a3e1d111,fa_bd4a871ab829bbdaff1f8c2d,ea_47c466d7bfd53e742f64f1de,DG,DG,DG-DOLLAR GENERAL CORP-2025.pdf,data/01_raw/sustainability/DG/DG-DOLLAR GENERAL CORP-2025.pdf,,original,51a92f915f4428e4d1d0cad99986f06dc826979bc7b764eb525d1fe7f164ccac,10953701,2026-07-24T22:54:28.834637+00:00,,,true,false,false,,eligible_candidate,true,2026-07-29T20:13:36.122843+00:00
ls_0ff9a55c54b8cb23df777204,sv_da3200ea15023537e30aee58,fa_65058be7340df385bb194c02,ea_88c180ac59681f8704d713a7,DKS,DKS,DKS-DICKS SPORTING GOODS INC-2018.pdf,data/01_raw/sustainability/DKS/DKS-DICKS SPORTING GOODS INC-2018.pdf,,original,513f0f12b76e10935c1306e0cfe319af5dec1bcffed8638b14913b5a8bb9a617,7768319,2026-07-29T09:59:02.101177+00:00,,,true,false,false,,eligible_candidate,true,2026-07-29T20:13:36.122843+00:00
ls_612d5389fbfffca823628871,sv_75ae4fc7520cff3d4dda05af,fa_9c0d8aecb052608a1200e1db,ea_4278b2d4b4e43f356ea88612,DKS,DKS,DKS-DICKS SPORTING GOODS INC-2019.pdf,data/01_raw/sustainability/DKS/DKS-DICKS SPORTING GOODS INC-2019.pdf,,original,30d8cb08003edbf62d06a98f3b718ebca23a05a31a76e5d5cb91b3b80a714be5,31037903,2026-07-24T22:54:36.272564+00:00,,,true,false,false,,eligible_candidate,true,2026-07-29T20:13:36.122843+00:00
ls_23b5d6b7b754ca4fce8a8759,sv_6a4c2358a3290f79cdbc7989,fa_549cde6c7dfdffbc05d41cb4,ea_ff39ff923dc93b8f3d63a564,DKS,DKS,DKS-DICKS SPORTING GOODS INC-2020.pdf,data/01_raw/sustainability/DKS/DKS-DICKS SPORTING GOODS INC-2020.pdf,,original,71d93f3d2456d08cbd854efb54f1511d1c7a2fdfa9e2c10e18bd3dee20b55aa8,22346317,2026-07-24T22:54:43.812800+00:00,,,true,false,false,,eligible_candidate,true,2026-07-29T20:13:36.122843+00:00
ls_b35d5347983c2d2caccfa4fb,sv_f5a2a2cafd6b435166d8dfbb,fa_d2afc78a448c815ae5e0139d,ea_ae8741d599460121da863ea4,DKS,DKS,DKS-DICKS SPORTING GOODS INC-2021.pdf,data/01_raw/sustainability/DKS/DKS-DICKS SPORTING GOODS INC-2021.pdf,,original,a6192cbd2b2e51d66ef3f3393fcddad8cc13199cbe6c19dfa486ecb59013bccf,16581286,2026-07-24T22:54:47.858058+00:00,,,true,false,false,,eligible_candidate,true,2026-07-29T20:13:36.122843+00:00
ls_49d11ac6bb268f8d9b1e5247,sv_509d68b05bb9b650eb84771d,fa_c4ea84b375236909b8c2dab7,ea_5bfbc4ea0109bcb948405603,DKS,DKS,DKS-DICKS SPORTING GOODS INC-2022.pdf,data/01_raw/sustainability/DKS/DKS-DICKS SPORTING GOODS INC-2022.pdf,,original,318290ba9e87b332403046aa266199daa056e411598df5549946b4921d31e693,16289226,2026-07-24T22:54:50.910788+00:00,,,true,false,false,,eligible_candidate,true,2026-07-29T20:13:36.122843+00:00
ls_a81c4c1c9b6e86de93ec2cc7,sv_663ce53f90ae42e7332b620b,fa_8fb78cc80f6429c28c98bdbd,ea_43769347039efd6289937f49,DLTR,DLTR,DLTR-DOLLAR TREE INC-2015.pdf,data/01_raw/sustainability/DLTR/DLTR-DOLLAR TREE INC-2015.pdf,,original,1226b6c1a7b68ad9617d6bc6457a0af9186522dbb5a13a69ca9492e4c1f9bace,696689,2026-07-29T09:59:04.101956+00:00,,,true,false,false,,eligible_candidate,true,2026-07-29T20:13:36.122843+00:00
ls_797019f5357c30c5ce0839fe,sv_260260b546242dcd76b3272f,fa_7fa191ad01bd0dca2136cba2,ea_3b1968174b536df053a05d5b,DLTR,DLTR,DLTR-DOLLAR TREE INC-2017.pdf,data/01_raw/sustainability/DLTR/DLTR-DOLLAR TREE INC-2017.pdf,,original,396490d5d3f1c1d7eb209baa09c2b6b5d1a70258e1287f2c255751b4922fb0c5,560906,2026-07-29T09:59:05.290390+00:00,,,true,false,false,,eligible_candidate,true,2026-07-29T20:13:36.122843+00:00
ls_d93844185cc1f5cc6b247cf2,sv_37774bcf84dd6e7d03139608,fa_107f936d057c22facf332524,ea_66171e4b8d5559638abf28e0,DLTR,DLTR,DLTR-DOLLAR TREE INC-2020.pdf,data/01_raw/sustainability/DLTR/DLTR-DOLLAR TREE INC-2020.pdf,,original,7ac5a99987266403d62c560d62b8199519bfd4abf733d1efcb4d9edbb3a45e0e,6561260,2026-07-24T22:54:55.587277+00:00,,,true,false,false,,eligible_candidate,true,2026-07-29T20:13:36.122843+00:00
ls_22140570a78f67df1bdc1a12,sv_d0f87717ffc55dd81f85f045,fa_61e7eb5b4a59cf88636c0812,ea_a5821ea47f048a6016ada990,DLTR,DLTR,DLTR-DOLLAR TREE INC-2021.pdf,data/01_raw/sustainability/DLTR/DLTR-DOLLAR TREE INC-2021.pdf,,original,ffe23f69cde7c591d681c323a4dfccd40b4e63ab4ebcec2621d8fe9e16010a40,2405035,2026-07-24T22:54:57.572097+00:00,,,true,false,false,,eligible_candidate,true,2026-07-29T20:13:36.122843+00:00
ls_2c33c8d7045c6ae31fc7d00e,sv_f3c8e5151eb436ea6035871c,fa_d72d29f8a0ed12bb843094f5,ea_3d039a6c113230e519e2e4a8,DLTR,DLTR,DLTR-DOLLAR TREE INC-2022.pdf,data/01_raw/sustainability/DLTR/DLTR-DOLLAR TREE INC-2022.pdf,,original,6e8e31ba4e0736d6c2984a91dd96900e50475467e567373e84337402eec3bef1,3739702,2026-07-24T22:55:01.111315+00:00,,,true,false,false,,eligible_candidate,true,2026-07-29T20:13:36.122843+00:00
ls_a87d98f43cd27f7e3de04fe2,sv_ff431dc97b83da32482a4949,fa_48b118c8ba48bd332274ca1f,ea_d7d318fcd65a6b38a33c44f1,DLTR,DLTR,DLTR-DOLLAR TREE INC-2023.pdf,data/01_raw/sustainability/DLTR/DLTR-DOLLAR TREE INC-2023.pdf,,original,8e76b7b8b950643d290d0fcd33814fc8adbf4d7ae5ca475c63bf165938410da9,3814204,2026-07-24T22:55:03.220384+00:00,,,true,false,false,,eligible_candidate,true,2026-07-29T20:13:36.122843+00:00
ls_8d88144eddd8df09707cd607,sv_23d4891c1787d3d3107d4401,fa_473643ca9d485f5f1e16a568,ea_2995dc07b9c074f23533778c,DLTR,DLTR,DLTR-DOLLAR TREE INC-2024.pdf,data/01_raw/sustainability/DLTR/DLTR-DOLLAR TREE INC-2024.pdf,,original,3e3b1072042217ea9d9d8665e815ff501b8ab96e600045509bf29c61edf52297,9788156,2026-07-24T22:55:07.260581+00:00,,,true,false,false,,eligible_candidate,true,2026-07-29T20:13:36.122843+00:00
ls_d27106d5dc7fc94847b7a424,sv_02e36951600aac5f99f2f350,fa_399a871164eecd5a3e9d42f5,ea_8cad75ccc6c0fbfd79aa6570,DXLG,DXLG,DXLG-DESTINATION XL GROUP INC-2022.pdf,data/01_raw/sustainability/DXLG/DXLG-DESTINATION XL GROUP INC-2022.pdf,,original,ec8cca5f65ba747b2f147532621767bff5284b05509eef9e1b40fd76673004db,544032,2026-07-24T22:55:09.236788+00:00,,,true,false,false,,eligible_candidate,true,2026-07-29T20:13:36.122843+00:00
ls_5657a157c85e88d9e46d9046,sv_4c9c1acdeaf3380996b5889a,fa_d5253d129fea6fad8b038d54,ea_7fb9da0fc23ec569f06f27f1,DXLG,DXLG,DXLG-DESTINATION XL GROUP INC-2024.pdf,data/01_raw/sustainability/DXLG/DXLG-DESTINATION XL GROUP INC-2024.pdf,,original,8bb25b46d75e95b4ee88aa5e89853b71a25df639cd144ed7fa5d66dc57b95d46,726014,2026-07-29T09:59:07.928613+00:00,,,true,false,false,,eligible_candidate,true,2026-07-29T20:13:36.122843+00:00
ls_3812e3288d89af14d6ba461f,sv_1d536b23a010729e71fa5087,fa_76804fd5730a728eacdb4c09,ea_80555ab798fdef6cebd7f6c6,EBAY,EBAY,EBAY-EBAY INC-2016.pdf,data/01_raw/sustainability/EBAY/EBAY-EBAY INC-2016.pdf,,original,48479ca624822211f0945dd2ffd9c3d4644990f9963fb7ca73f48b33bc34f8c1,2718405,2026-07-24T22:55:13.783924+00:00,,,true,false,false,,eligible_candidate,true,2026-07-29T20:13:36.122843+00:00
ls_83401b144ec385f650c91ac9,sv_7d93f9cceb8151743811640c,fa_58fb17b6e22eb5e36840e073,ea_f8dffda38d6c15b3d12409e2,EBAY,EBAY,EBAY-EBAY INC-2017.pdf,data/01_raw/sustainability/EBAY/EBAY-EBAY INC-2017.pdf,,original,4f057d2a14c330a105fd1a073d220630977bdd82f7afb5881f9096db4df7d689,8850114,2026-07-24T22:55:16.922558+00:00,,,true,false,false,,eligible_candidate,true,2026-07-29T20:13:36.122843+00:00
ls_bbd78ab58aa8029b78c79474,sv_2c3eb600dbaa554ab919e0db,fa_0eb64c00854280fb3b40f579,ea_2e7b8c763df98ee2cbca1abe,EBAY,EBAY,EBAY-EBAY INC-2018.pdf,data/01_raw/sustainability/EBAY/EBAY-EBAY INC-2018.pdf,,original,38b97bf3ac54268bb2e3e063f62c7a147a1c51356aa754fe62ecfb36aa3ca99a,2361003,2026-07-24T22:55:18.780017+00:00,,,true,false,false,,eligible_candidate,true,2026-07-29T20:13:36.122843+00:00
ls_0d10a0b4b1253e6edad6ee21,sv_676d5c6d8d105c10a3a6a37e,fa_3e5b448b994ac31db3b059df,ea_6610a5b71b7618939bbc9494,EBAY,EBAY,EBAY-EBAY INC-2019.pdf,data/01_raw/sustainability/EBAY/EBAY-EBAY INC-2019.pdf,,original,94bed36dc63d4d152e4c375fd58fd0469a76a7fff7c992557dbd72ee33f3dc30,16140531,2026-07-24T22:55:22.444644+00:00,,,true,false,false,,eligible_candidate,true,2026-07-29T20:13:36.122843+00:00
ls_fb78b636e8e8ae10cfbf13c1,sv_8004b3a49ea74df8131b72dc,fa_c9285e7be8998158a56afa55,ea_8d83c043a01639d706de0b52,EBAY,EBAY,EBAY-EBAY INC-2020.pdf,data/01_raw/sustainability/EBAY/EBAY-EBAY INC-2020.pdf,,original,787099fc99dddeb30a978d0b44c5794ed09fd9b8a653479f489920d960933610,13084784,2026-07-24T22:55:25.791281+00:00,,,true,false,false,,eligible_candidate,true,2026-07-29T20:13:36.122843+00:00
ls_8a71b2dc467fa72a10e69559,sv_a08c38e093dcf928968c6625,fa_43c587be12b82ec6223763ca,ea_2af848acca9a316e530d21d3,EBAY,EBAY,EBAY-EBAY INC-2021.pdf,data/01_raw/sustainability/EBAY/EBAY-EBAY INC-2021.pdf,,original,8ecbae2dc17aa630a3a0c1ef71ab2eb4eceee7a91f3f7be69ba91004d57f5647,13082098,2026-07-29T09:59:15.352893+00:00,,,true,false,false,,eligible_candidate,true,2026-07-29T20:13:36.122843+00:00
ls_4b5f297f5411237623167d16,sv_4bd433e07bcef430a85da8fc,fa_472287848eebe8282583acbb,ea_b937ed98af65f6b807c95ff9,EBAY,EBAY,EBAY-EBAY INC-2022.pdf,data/01_raw/sustainability/EBAY/EBAY-EBAY INC-2022.pdf,,original,e4c61a3f504c3a7235cd50c4561cfa2923f8d3da1bb8deef238d2fd969a1504b,494993,2026-07-29T09:59:20.059339+00:00,,,true,false,false,,eligible_candidate,true,2026-07-29T20:13:36.122843+00:00
ls_cfaaf0c27435d074c17ed740,sv_42a6224f3f697089607368c6,fa_9fb048e7427d7a68adc375f2,ea_0b2060196af8acc03be62b2a,EBAY,EBAY,EBAY-EBAY INC-2023.pdf,data/01_raw/sustainability/EBAY/EBAY-EBAY INC-2023.pdf,,original,1ee8051d84ec8d09785f48eda600b97e0b28b65598daffba779177c8b360f780,4343653,2026-07-29T09:59:24.151117+00:00,,,true,false,false,,eligible_candidate,true,2026-07-29T20:13:36.122843+00:00
ls_e484984d478a1ad6901ff60f,sv_98ae0e7b86869690d0e881cc,fa_a48a87b0d7a106f5b447a843,ea_01818f51a2662ca477fc14c6,EBAY,EBAY,EBAY-EBAY INC-2024.pdf,data/01_raw/sustainability/EBAY/EBAY-EBAY INC-2024.pdf,,original,132d5e446cce1bb27cbe3b2621351241dd9d42db0093669d290caefc7fc5ef88,9084199,2026-07-29T09:59:26.538034+00:00,,,true,false,false,,eligible_candidate,true,2026-07-29T20:13:36.122843+00:00
ls_eeb43e1d80b67ad16d379864,sv_555a6eb8fcee9fba62db3473,fa_5da2cce0bc1029fdab4b5f0a,ea_e0a9560937da3fb3205bffdd,EBAY,EBAY,EBAY-EBAY INC-2025.pdf,data/01_raw/sustainability/EBAY/EBAY-EBAY INC-2025.pdf,,original,35ad857d59cde6b8f032eaa0d67eeb5648c84d2e96b6eb61635ac51bc23ac0b0,55372114,2026-07-29T09:59:33.285223+00:00,,,true,false,false,,eligible_candidate,true,2026-07-29T20:13:36.122843+00:00
ls_5fab451325828534228e068d,sv_4589e8c8b4f6edfca4809a97,fa_8348078b2e2aa5ff1207d2df,ea_6f13aeef81a4633d9467ef24,ETSY,ETSY,ETSY-ETSY INC-2016.pdf,data/01_raw/sustainability/ETSY/ETSY-ETSY INC-2016.pdf,,original,d1a42ab60fce0a95f1c6845b1965b059be22b395ce644e2f28a34949fb13eead,291581,2026-07-24T22:55:43.009665+00:00,,,true,false,false,,eligible_candidate,true,2026-07-29T20:13:36.122843+00:00
ls_316c6d77c97eb80ecf5b936a,sv_f99fe315e78f399a5b27a800,fa_460e48d9ab72eefc6db2392c,ea_5d862a26864dc8f75c8003e0,ETSY,ETSY,ETSY-ETSY INC-2017.pdf,data/01_raw/sustainability/ETSY/ETSY-ETSY INC-2017.pdf,,original,7298c1dddf587575472de7919ef9fbcda4c619d8ccf483a6d5bf24dded2241aa,7830703,2026-07-24T22:55:46.069138+00:00,,,true,false,false,,eligible_candidate,true,2026-07-29T20:13:36.122843+00:00
ls_8f501a19ce9dedeeaf98ac01,sv_63b58dcaa9a06567bce1dfbb,fa_a6b2c0d60b84b8282f040853,ea_292915c29b7f74e8afd739b1,ETSY,ETSY,ETSY-ETSY INC-2018.pdf,data/01_raw/sustainability/ETSY/ETSY-ETSY INC-2018.pdf,,original,615bc1b6cfd2ff65ce36d7a62a9a31622af9171d24c4e9d51cc307a9a707efe1,13214238,2026-07-24T22:55:49.111331+00:00,,,true,false,false,,eligible_candidate,true,2026-07-29T20:13:36.122843+00:00
ls_5a2cfbaeee92a9c382fb1484,sv_814dc563e5e95478b0dc6251,fa_8077379c8318bc9369d1603f,ea_37d3396347feea0e4b162a2e,ETSY,ETSY,ETSY-ETSY INC-2019.pdf,data/01_raw/sustainability/ETSY/ETSY-ETSY INC-2019.pdf,,original,0b649f427d609a0e96bdb816184f7af1659f8757388e16410944ced98704d8dd,30556782,2026-07-24T22:55:58.622998+00:00,,,true,false,false,,eligible_candidate,true,2026-07-29T20:13:36.122843+00:00
ls_599a77466d026cd14ecdbfb0,sv_ec6c4303596a84be7c8461a8,fa_072c94f605dd7fd492c40160,ea_91335f14960254f32fb2a18a,ETSY,ETSY,ETSY-ETSY INC-2020.pdf,data/01_raw/sustainability/ETSY/ETSY-ETSY INC-2020.pdf,,original,df57296eb1a3564fbe3bab1e9ced9f4ea0c148375736753066e66048408d842f,11645248,2026-07-24T22:56:02.760939+00:00,,,true,false,false,,eligible_candidate,true,2026-07-29T20:13:36.122843+00:00
ls_2a6f930eeb254d8cb33a08a1,sv_75ad82282480888cbd6efa31,fa_f821d2aff10a7ed1eed83f7d,ea_8bb1321062ee9323b4021c6c,ETSY,ETSY,ETSY-ETSY INC-2021.pdf,data/01_raw/sustainability/ETSY/ETSY-ETSY INC-2021.pdf,,original,4d4c1b9ca5c8102ba97cefc89652725da6e733d8adea73e21f488c0906649542,372346,2026-07-29T09:59:34.980112+00:00,,,true,false,false,,eligible_candidate,true,2026-07-29T20:13:36.122843+00:00
ls_26b8ee897ff9f44ee193d40c,sv_810a8c571eba5941e64e0cc5,fa_0b5db6dd46f705bc0f270982,ea_6223a9d277d76cc02fb77344,ETSY,ETSY,ETSY-ETSY INC-2022.pdf,data/01_raw/sustainability/ETSY/ETSY-ETSY INC-2022.pdf,,original,8d8ae83d2ec02d4d02d8cdd40e107ccba245ca1284d91b596a62e53a61569272,356509,2026-07-29T09:59:36.077192+00:00,,,true,false,false,,eligible_candidate,true,2026-07-29T20:13:36.122843+00:00
ls_7820c5bfdb39834b4e02d60f,sv_b9feac6b99b60f65c96415ca,fa_2e2abb09a064d99ceff161ae,ea_b052c228b360ffa19f07d7d9,ETSY,ETSY,ETSY-ETSY INC-2023.pdf,data/01_raw/sustainability/ETSY/ETSY-ETSY INC-2023.pdf,,original,19c20af40fec2ee5a8ae23e6ca2d6e362ca662282c5690fb78a9a0547bb7ef43,1938563,2026-07-29T09:59:37.618865+00:00,,,true,false,false,,eligible_candidate,true,2026-07-29T20:13:36.122843+00:00
ls_253840be5942adb07f21c8e0,sv_2280b7ef5521f90dcc8e1902,fa_aee11052595f17a6e46ad72c,ea_86adedbd2e75a0ba45ce4e3c,ETSY,ETSY,ETSY-ETSY INC-2024.pdf,data/01_raw/sustainability/ETSY/ETSY-ETSY INC-2024.pdf,,original,1c227df19a173e1ce6b2038738530a6b12cbf1581b18eddd29e2f77366192d2c,11289687,2026-07-29T09:59:40.813994+00:00,ETSY__2024__annual_report_with_esg__01,,true,false,false,,eligible_candidate,true,2026-07-29T20:13:36.122843+00:00
ls_5efbf6c4787c70b35b13a0db,sv_073408dc0d2dc323d508eb22,fa_782bc4f92336dfb953856be9,ea_166e5a29ab70000abbc0b205,EYE,EYE,EYE-NATIONAL VISION HOLDINGS INC-2020.pdf,data/01_raw/sustainability/EYE/EYE-NATIONAL VISION HOLDINGS INC-2020.pdf,,original,a9969a65b3194bd73a831029e98580ba00c10809ccff39315032303b9186b2f9,5973208,2026-07-24T22:56:13.615015+00:00,,,true,false,false,,eligible_candidate,true,2026-07-29T20:13:36.122843+00:00
ls_98262f14ca7871b5e794b9fb,sv_f810754b0349e92b402cb0bc,fa_6fc4d7eaa60ed2721de465cd,ea_d73b330695d4565ca4a5e97e,EYE,EYE,EYE-NATIONAL VISION HOLDINGS INC-2021.pdf,data/01_raw/sustainability/EYE/EYE-NATIONAL VISION HOLDINGS INC-2021.pdf,,original,76a5da6a8e04c3c2a3f2597d5873730b1a2df169306df4e8b04a19ddc7afec8e,4741584,2026-07-24T22:56:16.046732+00:00,,,true,false,false,,eligible_candidate,true,2026-07-29T20:13:36.122843+00:00
ls_6cff4e072e4108df28dd25fb,sv_faf0be47123015997bc1b691,fa_7cfab78c62196a22a3f11da6,ea_8b3ab0ac44123d483281b053,EYE,EYE,EYE-NATIONAL VISION HOLDINGS INC-2022.pdf,data/01_raw/sustainability/EYE/EYE-NATIONAL VISION HOLDINGS INC-2022.pdf,,original,17550a03237b11f46a0e244ce7e9cb9c144d2f2eca398075f792a99d97d7d537,12397567,2026-07-24T22:56:21.594904+00:00,,,true,false,false,,eligible_candidate,true,2026-07-29T20:13:36.122843+00:00
ls_41a90a301e9c72c6b1a50653,sv_e36d0d0b11e770dcd65be7c9,fa_7171db7d181e6db26ad22078,ea_df09090fa98ed111bdeaecb6,EYE,EYE,EYE-NATIONAL VISION HOLDINGS INC-2023.pdf,data/01_raw/sustainability/EYE/EYE-NATIONAL VISION HOLDINGS INC-2023.pdf,,original,7d6f8bb44960f333a640bf3d4cfafd9cfbd1db309b12c5881bd1b43694e0481f,19402067,2026-07-24T22:56:29.477939+00:00,,,true,false,false,,eligible_candidate,true,2026-07-29T20:13:36.122843+00:00
ls_8d08ed79ac2b68bfdd20d0da,sv_3dafe985fb5d2488a3063548,fa_332d20fae4ddf7a89d1b02f5,ea_f6651c2c80fd538499e4b487,EYE,EYE,EYE-NATIONAL VISION HOLDINGS INC-2024.pdf,data/01_raw/sustainability/EYE/EYE-NATIONAL VISION HOLDINGS INC-2024.pdf,,original,9b3dd1980a3ea9515026f865435b84684c23beb26ce1a46e846a6323f6a60d20,17546224,2026-07-24T22:56:37.193349+00:00,,,true,false,false,,eligible_candidate,true,2026-07-29T20:13:36.122843+00:00
ls_ea22ded8e40f344c22252623,sv_1eae250e0a4e27899428f51e,fa_9a994493e625082943fc8411,ea_b33eaff5f2764ec3116211b2,FIGS,FIGS,FIGS-FIGS INC-2021.pdf,data/01_raw/sustainability/FIGS/FIGS-FIGS INC-2021.pdf,,original,dfbafab008123ca885ec93ee0b3046b1ab01f5670ca03b51209fe272b229e8e3,2413898,2026-07-24T22:56:39.177864+00:00,,,true,false,false,,eligible_candidate,true,2026-07-29T20:13:36.122843+00:00
ls_61b6653300c57bd1e2c10789,sv_53866e9dc7ae7e28850eeeb7,fa_54e6e07f1b43b8e302e0490e,ea_af74c22c57caa2e71fa64a7d,FIGS,FIGS,FIGS-FIGS INC-2022.pdf,data/01_raw/sustainability/FIGS/FIGS-FIGS INC-2022.pdf,,original,cfbc4e99a442a652c02a0a4565a83a1b4eb4f64b96527e922c06e16a781d8f76,6455041,2026-07-24T22:56:42.515419+00:00,,,true,false,false,,eligible_candidate,true,2026-07-29T20:13:36.122843+00:00
ls_7e83dd3a92b2eae05a310949,sv_a695a4abb3e3a23df55011a4,fa_03efe830b63b25afc535b60e,ea_133786bc8b9d494a513319a9,FIGS,FIGS,FIGS-FIGS INC-2023.pdf,data/01_raw/sustainability/FIGS/FIGS-FIGS INC-2023.pdf,,original,c20f751641f56c4969ff01be367e8047e9d89f18f6b3b763ba5280457d9c3c95,34382821,2026-07-24T22:56:50.054948+00:00,,,true,false,false,,eligible_candidate,true,2026-07-29T20:13:36.122843+00:00
ls_a26c7972631933a5e0afd840,sv_ceebf5821931d8cc8ded49a7,fa_a15153eb5b5aa5c8635dd227,ea_8c64972e629f09669c14c471,FIGS,FIGS,FIGS-FIGS INC-2024.pdf,data/01_raw/sustainability/FIGS/FIGS-FIGS INC-2024.pdf,,original,0cadfe4cfe61e30536e48953955c77949c411d8ba43f640b625130362932ce96,33505523,2026-07-24T22:56:55.734193+00:00,,,true,false,false,,eligible_candidate,true,2026-07-29T20:13:36.122843+00:00
ls_4b811aecda0973bb15e13c23,sv_36ab76d7b6bdada6a3abc32b,fa_621a3c169d7f684d59b9fcf4,ea_d2e833818a90802e57735e6f,FIGS,FIGS,FIGS-FIGS INC-2025.pdf,data/01_raw/sustainability/FIGS/FIGS-FIGS INC-2025.pdf,,original,223522bac131c70a12f3ee266690ce963a55c1fe7dff9064f84f156d45034ba2,4816645,2026-07-24T22:56:58.506508+00:00,,,true,false,false,,eligible_candidate,true,2026-07-29T20:13:36.122843+00:00
ls_f8fabb230db3976c2a46726b,sv_74f4f1971233e55aab6cfb51,fa_597a9dc5025f6f2625260419,ea_780910e6dd63e3453b805aac,FIVE,FIVE,FIVE-FIVE BELOW INC-2020.pdf,data/01_raw/sustainability/FIVE/FIVE-FIVE BELOW INC-2020.pdf,,original,c743cf193e29920900b1f23b40c89e1e406ee5fb6e120ae0d73bda2af4b0c02f,1525373,2026-07-24T22:57:00.993944+00:00,,,true,false,false,,eligible_candidate,true,2026-07-29T20:13:36.122843+00:00
ls_25e65557a9c56dd112642697,sv_46187dd5f057e60a34444d44,fa_694b82e2b388ce02fbbf78cc,ea_9d916c0d549292789c0846a9,FIVE,FIVE,FIVE-FIVE BELOW INC-2021.pdf,data/01_raw/sustainability/FIVE/FIVE-FIVE BELOW INC-2021.pdf,,original,98cc022a578fe81ab62521e0ff773917e34956e034e590768f1c00b5c2702575,1579342,2026-07-24T22:57:03.957914+00:00,,,true,false,false,,eligible_candidate,true,2026-07-29T20:13:36.122843+00:00
ls_a44f2614cbf2f4379680c639,sv_f95cae6b90c75084c4ce4f54,fa_9ee7faccf0d9f43dd349f17f,ea_ba3817f23757e72d81f953e2,FIVE,FIVE,FIVE-FIVE BELOW INC-2022.pdf,data/01_raw/sustainability/FIVE/FIVE-FIVE BELOW INC-2022.pdf,,original,169516acd5bb3c93783b4ebcbc73f9de29fe2a1711ee99ce528a2a06ec2f6a83,2603281,2026-07-24T22:57:06.607868+00:00,,,true,false,false,,eligible_candidate,true,2026-07-29T20:13:36.122843+00:00
ls_39b0d3e680cf80c1c31ad902,sv_a8a93380f2fccbdf8051b58e,fa_dbdb1ef1df16d7ccf65cb839,ea_7196ce6c6f6bfb675f18cab2,FIVE,FIVE,FIVE-FIVE BELOW INC-2023.pdf,data/01_raw/sustainability/FIVE/FIVE-FIVE BELOW INC-2023.pdf,,original,a6a3770818d017f79d9abf9ca742176a3fd61ea0a2d40e3870f8c6cf60ce0696,3454627,2026-07-24T22:57:09.963942+00:00,,,true,false,false,,eligible_candidate,true,2026-07-29T20:13:36.122843+00:00
ls_3949789d92988ca92ff2c809,sv_e55f838a851b762df08094a9,fa_d664523cffbd8c9fafe3c3f3,ea_4614cb4fb8439f01099257b8,FIVE,FIVE,FIVE-FIVE BELOW INC-2024.pdf,data/01_raw/sustainability/FIVE/FIVE-FIVE BELOW INC-2024.pdf,,original,7f1be9621fc9789cefb885d6d338f9d8f311cfee9409cd9f847d66f9b5612121,3179525,2026-07-24T22:57:12.716147+00:00,,,true,false,false,,eligible_candidate,true,2026-07-29T20:13:36.122843+00:00
ls_e32b5f0ebadefc84ab34d292,sv_96cecfd440a78e187127f77b,fa_4db0409bda174bba5a8d13be,ea_323e1c5e6784ea06ad4c1ee0,FIVE,FIVE,FIVE-FIVE BELOW INC-2025.pdf,data/01_raw/sustainability/FIVE/FIVE-FIVE BELOW INC-2025.pdf,,original,1ef0dbf40b3af41f26e54e9be673395ae946d9b4b71e277cf2a3b963d044799d,2720855,2026-07-24T22:57:14.753046+00:00,,,true,false,false,,eligible_candidate,true,2026-07-29T20:13:36.122843+00:00
ls_b3ef1b721c5d8664f03381ba,sv_7e248cd661bec408841f9601,fa_36198ac1614808e4f82ec186,ea_299a3306e6cbc9f35d71b358,FL,FL,FL-FOOT LOCKER INC-2021.pdf,data/01_raw/sustainability/FL/FL-FOOT LOCKER INC-2021.pdf,,original,3c4d8146b8abb7770c8e193ea86e8d8a33071a3340f33949812ef4090bfd1633,113839622,2026-07-24T22:57:21.649291+00:00,,,true,false,false,,eligible_candidate,true,2026-07-29T20:13:36.122843+00:00
ls_ce90067d729ef0a5d43d7064,sv_a14fa41a10fc00695955a1a2,fa_b3d858891547649e76af5877,ea_b69534cc27256685c0501afd,FL,FL,FL-FOOT LOCKER INC-2022.pdf,data/01_raw/sustainability/FL/FL-FOOT LOCKER INC-2022.pdf,,original,a3f021310fcbb1518ae3b0964c0e3489a6ba6479263b8cf71d73a795adbf1877,14064023,2026-07-24T22:57:29.627322+00:00,,,true,false,false,,eligible_candidate,true,2026-07-29T20:13:36.122843+00:00
ls_d5d2114a0ea88ae642cac7d0,sv_bd6adb6e4adea733ad3abaa6,fa_0319a6bd4f64538592d2d969,ea_86193e19b7f4bf5917b815b2,FL,FL,FL-FOOT LOCKER INC-2023.pdf,data/01_raw/sustainability/FL/FL-FOOT LOCKER INC-2023.pdf,,original,7234adaa6fc1e8b6e5728749c247d5999420e3292cd9a7ee65f81d6c31073e37,6097805,2026-07-24T22:57:35.774348+00:00,,,true,false,false,,eligible_candidate,true,2026-07-29T20:13:36.122843+00:00
ls_6420b60d20a165592161f5c7,sv_74ee33088c30d4050a22c1c6,fa_e6f965d489f61babca901cf1,ea_dd76324d949859fadee19a52,FLXS,FLXS,FLXS-FLEXSTEEL INDUSTRIES INC-2022.pdf,data/01_raw/sustainability/FLXS/FLXS-FLEXSTEEL INDUSTRIES INC-2022.pdf,,original,60f1c3b0cefc52fd7fac2e74489e339afd4e1f36a278a3208770a4113c7e0255,7993989,2026-07-24T22:57:39.849838+00:00,,,true,false,false,,eligible_candidate,true,2026-07-29T20:13:36.122843+00:00
ls_ebf7a4da1e8e47916720241e,sv_918c8de46ddbede4d5e39daf,fa_c55f8a9c784b8a8e0a74d939,ea_b376368654dba0421b36e87c,FLXS,FLXS,FLXS-FLEXSTEEL INDUSTRIES INC-2024.pdf,data/01_raw/sustainability/FLXS/FLXS-FLEXSTEEL INDUSTRIES INC-2024.pdf,,original,537fb1421b11d528bc2df05726635673b47e349581549645496e46d7c383a3a7,6302053,2026-07-24T22:57:41.735518+00:00,,,true,false,false,,eligible_candidate,true,2026-07-29T20:13:36.122843+00:00
ls_2572756c5b1efc94a5c5a261,sv_660b440ea48d1d5b7894bdaa,fa_8add2a0ed9464cd1eb1d08b7,ea_60ffab160a08cc86a8fdb209,FND,FND,FND-FLOOR & DECOR HLDGS-2022.pdf,data/01_raw/sustainability/FND/FND-FLOOR & DECOR HLDGS-2022.pdf,,original,565d76d95340d94b89f43e0a51c6c6f1376985724a2e2bee1e264ae6e862f0f6,724393,2026-07-24T22:57:43.474275+00:00,,,true,false,false,,eligible_candidate,true,2026-07-29T20:13:36.122843+00:00
ls_a1d4aa8107236ccaea382ef1,sv_f9587e6ca533385864d49dab,fa_e37348c24300dd584ba36d93,ea_dcbd35c1a06e979ad8d1278d,FND,FND,FND-FLOOR & DECOR HLDGS-2023.pdf,data/01_raw/sustainability/FND/FND-FLOOR & DECOR HLDGS-2023.pdf,,original,59f0f082624562f00e466d5751e28da3522273a60702564f99e357523840ce5b,654690,2026-07-24T22:57:45.092254+00:00,,,true,false,false,,eligible_candidate,true,2026-07-29T20:13:36.122843+00:00
ls_d9b95d33ad3bb18c16dd3605,sv_a5472436c8b1df79d60ec548,fa_1368024fdfb7ccd057c88c80,ea_4ac378a9aac601ae8aedd2d5,FOSL,FOSL,FOSL-FOSSIL GROUP INC-2021.pdf,data/01_raw/sustainability/FOSL/FOSL-FOSSIL GROUP INC-2021.pdf,,original,27915f46509008517ef4657dfc24f125dd0febe0e40f62dc7311502cd2e3da51,19364971,2026-07-24T22:57:49.139743+00:00,,,true,false,false,,eligible_candidate,true,2026-07-29T20:13:36.122843+00:00
ls_523bcedb88fe7674202cffcb,sv_e6eb36d7e21a5111954da38c,fa_0e482d3929664055af8cfe8d,ea_aead4c65db147b2108c7f446,FOSL,FOSL,FOSL-FOSSIL GROUP INC-2022.pdf,data/01_raw/sustainability/FOSL/FOSL-FOSSIL GROUP INC-2022.pdf,,original,9ddc61f5c22c6662cbb7f4b8862fcb939570046f25f29664c206d329fa4a86b2,15451970,2026-07-24T22:57:54.049894+00:00,,,true,false,false,,eligible_candidate,true,2026-07-29T20:13:36.122843+00:00
ls_6f2b521b8dca3565a4e136e6,sv_fe5a09ef30de2f4cff4e4bf5,fa_b83905c5547cf7a0e6431ee7,ea_c50e696dfc891b3909a45a50,FOSL,FOSL,FOSL-FOSSIL GROUP INC-2023.pdf,data/01_raw/sustainability/FOSL/FOSL-FOSSIL GROUP INC-2023.pdf,,original,d184e9b929c73cb406a99f2793e50f8b36c029a2db0f846af54e67de3a2a7264,16929519,2026-07-24T22:57:58.996915+00:00,,,true,false,false,,eligible_candidate,true,2026-07-29T20:13:36.122843+00:00
ls_a891138949bdb0c5e7092d53,sv_de83935c5fdd5b958ddc5d5f,fa_d303f4b1ab5e831f7b4a3277,ea_002610a6335b5575841d690c,FOSL,FOSL,FOSL-FOSSIL GROUP INC-2024.pdf,data/01_raw/sustainability/FOSL/FOSL-FOSSIL GROUP INC-2024.pdf,,original,6c65a43826262c4706f085ede2d38963df4ee7f5782e23d84bf03045907a4c68,15289428,2026-07-24T22:58:03.698365+00:00,,,true,false,false,,eligible_candidate,true,2026-07-29T20:13:36.122843+00:00
ls_594b61064ed4a9b65983623f,sv_cfed1251a0df9330bb14b069,fa_9cb5f243235f00ce9579ea31,ea_acb9668096b90c088e920d96,GAP,GAP,GAP-GAP INC-2015-2016.pdf,data/01_raw/sustainability/GAP/GAP-GAP INC-2015-2016.pdf,,original,f02f881b6ee4d2f12cedd03183654e662f02138cf6c5d76b4d37e19d3430cd49,4609980,2026-07-24T22:58:05.840018+00:00,,,true,false,false,,eligible_candidate,true,2026-07-29T20:13:36.122843+00:00
ls_d958e7c0292a638372b8beef,sv_767d2322bace18ee22839194,fa_cf017fa1d5510cfd14a25688,ea_c809296b4f6b167707d188ea,GAP,GAP,GAP-GAP INC-2017.pdf,data/01_raw/sustainability/GAP/GAP-GAP INC-2017.pdf,,original,9cd9d8074ca28f6242de39f2108eebe8e07e30c7e216ad84558e747d19dcfb4b,9672437,2026-07-24T22:58:09.175994+00:00,,,true,false,false,,eligible_candidate,true,2026-07-29T20:13:36.122843+00:00
ls_8117a64fd3d990d7c42c49f0,sv_ab9160c8ddfe239e3600717d,fa_0ccf49073b1a67fa2bb3da1f,ea_adb88c811253199812b08767,GAP,GAP,GAP-GAP INC-2018.pdf,data/01_raw/sustainability/GAP/GAP-GAP INC-2018.pdf,,original,47a595b973849e1d9a604364893d89a3cb04d666bc79fd9b4991cf1841b2db64,6624846,2026-07-24T22:58:11.258821+00:00,,,true,false,false,,eligible_candidate,true,2026-07-29T20:13:36.122843+00:00
ls_d29c52956647e1e737898099,sv_bc339c325d1678c76021e9fc,fa_edaf9b87e2491f690fdf043c,ea_9e98b87dd8d325bc6642fbb4,GAP,GAP,GAP-GAP INC-2019.pdf,data/01_raw/sustainability/GAP/GAP-GAP INC-2019.pdf,,original,b019c1485b76eb129aba27a3020c03a8979fe1711239c2a10440b3ff8cf39947,7131980,2026-07-24T22:58:17.155539+00:00,,,true,false,false,,eligible_candidate,true,2026-07-29T20:13:36.122843+00:00
ls_5d3822936b4b43e1419b5c1a,sv_cf12814fc921f3f54b40850a,fa_6a6be7fcab97fd5bb9aad78d,ea_cd7b90bf31661d26e8d67ce6,GAP,GAP,GAP-GAP INC-2020.pdf,data/01_raw/sustainability/GAP/GAP-GAP INC-2020.pdf,,original,ecb3097ea661ed839dda1ac2920fc673b48c26cb4da936d2514d4e87742cfbec,7321249,2026-07-24T22:58:19.641845+00:00,,,true,false,false,,eligible_candidate,true,2026-07-29T20:13:36.122843+00:00
ls_6dab1e5c4271a61ab2f601d7,sv_5927b96142d17b2c4a4c9ce9,fa_f00eee8f9f6fb3abd2632423,ea_06b1abd644369d97f4e36321,GAP,GAP,GAP-GAP INC-2021.pdf,data/01_raw/sustainability/GAP/GAP-GAP INC-2021.pdf,,original,0e428fbe8492ef8dd3f29f83ca952ec3ada81da86135a8bdfa45b9bde3f06bfb,9361510,2026-07-24T22:58:22.276259+00:00,,,true,false,false,,eligible_candidate,true,2026-07-29T20:13:36.122843+00:00
ls_614051fd5f81262c376607ce,sv_e6292c4bf1a1edea5e8d744b,fa_f10acf0eecd086589ffa8b6a,ea_e6cc6aedc1a00f16887ed9c5,GAP,GAP,GAP-GAP INC-2022.pdf,data/01_raw/sustainability/GAP/GAP-GAP INC-2022.pdf,,original,e22db32b859558685e560eee5dd72930391dd3689e9a73f1c52937ab17dfe505,16488173,2026-07-24T22:58:32.183125+00:00,,,true,false,false,,eligible_candidate,true,2026-07-29T20:13:36.122843+00:00
ls_d0fa4e3965a65a920c9ef541,sv_07108300b2288a0d242d70c3,fa_f3bd6375e4b9b03021dab517,ea_1c086d21fb0252117ce03f92,GAP,GAP,GAP-GAP INC-2023.pdf,data/01_raw/sustainability/GAP/GAP-GAP INC-2023.pdf,,original,dd5e168e92fdbec3bf4cbaccf1942f143d9c595ce40aa6d3361b0d851611e553,7259056,2026-07-24T22:58:34.283110+00:00,,,true,false,false,,eligible_candidate,true,2026-07-29T20:13:36.122843+00:00
ls_00a80647d1b217a9151f7aac,sv_174de582c6e1bb76f3080b29,fa_e28e0aeb69dc6d96fc743bb6,ea_ee4da66fdf81ca1796bc18c4,GAP,GAP,GAP-GAP INC-2024.pdf,data/01_raw/sustainability/GAP/GAP-GAP INC-2024.pdf,,original,85623b286d9b12775608de248fd25879b2537bf1bb15f1a5a5a876ead8f957a7,17569956,2026-07-24T22:58:38.047058+00:00,,,true,false,false,,eligible_candidate,true,2026-07-29T20:13:36.122843+00:00
ls_0b5931de15ced2f1b357ecd9,sv_f1fa56f4926412933b26f839,fa_73951b907e7a4f16f06207d3,ea_870a20eab68b2e2f14a8e363,GAP,GAP,GAP-GAP INC-2025.pdf,data/01_raw/sustainability/GAP/GAP-GAP INC-2025.pdf,,original,debeaba012b4364285987931c8dfe5b2ce72a0c8b8ed0181a062ce369a369366,120503222,2026-07-24T22:58:45.915819+00:00,,,true,false,false,,eligible_candidate,true,2026-07-29T20:13:36.122843+00:00
ls_f290522e2f15031116f65e6f,sv_ac4659e2ded017307d7594d4,fa_edb5b6583005507fd422452c,ea_4cc1a7790c127cf7ff38c7fc,GCO,GCO,GCO-GENESCO INC-2021.pdf,data/01_raw/sustainability/GCO/GCO-GENESCO INC-2021.pdf,,original,cc5affa5b58737ba27754742232c517c360b5db92af39e399d854317552b3ac5,17674385,2026-07-24T22:58:54.767725+00:00,,,true,false,false,,eligible_candidate,true,2026-07-29T20:13:36.122843+00:00
ls_41d5ea23698efc92c8e44f5e,sv_556db7f8a3becd4a3cc8cfdd,fa_8735b67e17efc3dbd644eed5,ea_594ddce66b8c0f1e0bc713f3,GCO,GCO,GCO-GENESCO INC-2024.pdf,data/01_raw/sustainability/GCO/GCO-GENESCO INC-2024.pdf,,original,e4ef802348c45f8f5e86dde4885425e56fe2b8ae4a7470cf2e7850a329b84f42,2194751,2026-07-24T22:58:56.857021+00:00,,,true,false,false,,eligible_candidate,true,2026-07-29T20:13:36.122843+00:00
ls_bfec52f5976d8102e9d279cd,sv_125bdb0460e69d85ebe1734e,fa_98b4ea78aa4413db1abcbc0a,ea_79b5955573e8aad22834f2e6,GES,GES,GES-GUESS INC-2016-2017.pdf,data/01_raw/sustainability/GES/GES-GUESS INC-2016-2017.pdf,,original,e1525bc1b681951888b53a8cd0753250d8439680c1232aae504992564c7896b8,7801039,2026-07-24T22:58:59.509877+00:00,,,true,false,false,,eligible_candidate,true,2026-07-29T20:13:36.122843+00:00
ls_aec3bb03f48b89cd773de392,sv_54f859318529cc573722aa6a,fa_5868da558b65a00b9fbc2766,ea_c7e90f697c984d98c537cb3a,GES,GES,GES-GUESS INC-2018-2019.pdf,data/01_raw/sustainability/GES/GES-GUESS INC-2018-2019.pdf,,original,7752364f005c5416ac90a360d39773d063e9703db1c57470f354e458a54b285f,67336510,2026-07-24T22:59:08.224752+00:00,,,true,false,false,,eligible_candidate,true,2026-07-29T20:13:36.122843+00:00
ls_199108d2ad0d75ec066ffbee,sv_0b8eae14f71187aed044b0d4,fa_c75de63826d2f2541912f2c5,ea_b8f079115d5fb4d3e26840cb,GES,GES,GES-GUESS INC-2020-2021.pdf,data/01_raw/sustainability/GES/GES-GUESS INC-2020-2021.pdf,,original,733bdefc530b54b589ca1a0e35fef93c583490ab636b96e1401aa5be86eaf204,18601652,2026-07-24T22:59:15.160634+00:00,,,true,false,false,,eligible_candidate,true,2026-07-29T20:13:36.122843+00:00
ls_199108d2ad0d75ec066ffbee,sv_0b8eae14f71187aed044b0d4,fa_b084cd653eb5e6b6b38397cc,ea_b8f079115d5fb4d3e26840cb,GES,GES,GES-GUESS-2021-2020.pdf,data/01_raw/sustainability/GES/GES-GUESS-2021-2020.pdf,,original,733bdefc530b54b589ca1a0e35fef93c583490ab636b96e1401aa5be86eaf204,18601652,2026-07-24T22:59:20.616712+00:00,,sv_0b8eae14f71187aed044b0d4,false,false,false,,excluded_duplicate,true,2026-07-29T20:13:36.122843+00:00
ls_fdb03d03e50ca881352b295c,sv_984c725da784feea75010392,fa_894a982a247805b4bf6507e9,ea_39b318601e28624e38143488,GES,GES,GES-GUESS INC-2022-2023.pdf,data/01_raw/sustainability/GES/GES-GUESS INC-2022-2023.pdf,,original,dba71c7d82e2bb6129636def3bcd134a75accd6d4f75ca9d39d692fd16a36d9b,10557620,2026-07-24T22:59:26.521183+00:00,,,true,false,false,,eligible_candidate,true,2026-07-29T20:13:36.122843+00:00
ls_5d530ddff0d18dcdb23ef62c,sv_2f5cc2a250669abfe7de10e8,fa_fe4600c8a7c927778c8638bd,ea_55fa7d18ddf05402f825a84d,GES,GES,GES-GUESS INC-2024.pdf,data/01_raw/sustainability/GES/GES-GUESS INC-2024.pdf,,original,e7187b0b09f346279a62e33fe0443e5be6f4dadefd6d6fc1099fa261b5cd3723,1407383,2026-07-24T22:59:28.298774+00:00,,,true,false,false,,eligible_candidate,true,2026-07-29T20:13:36.122843+00:00
ls_27927566be65dc0abd2e2aae,sv_21a063e8c1a31bd38b43121a,fa_ba9d0080f32c7f0150d0b82f,ea_7e7bd49c158d2846e8539035,GES,GES,GES-GUESS INC-2025.pdf,data/01_raw/sustainability/GES/GES-GUESS INC-2025.pdf,,original,7c8e1bc3f7a1159118b4ae0e51ae087dbde11a68ea0264e6f0897c00e4f1f630,15929963,2026-07-24T22:59:32.431706+00:00,,,true,false,false,,eligible_candidate,true,2026-07-29T20:13:36.122843+00:00
ls_358a60c85d8635cd98a1625c,sv_80bc185da0f5b3d76dede19c,fa_c3c50512786da1766e0de623,ea_bc3dfbc26bb2c1da25f104db,GIII,GIII,GIII-G-III APPAREL GROUP LTD-2023.pdf,data/01_raw/sustainability/GIII/GIII-G-III APPAREL GROUP LTD-2023.pdf,,original,ed989c3f66aad6af6c1e2650f0fde600776d25c44a62ab726432bb815faaf6e2,1515592,2026-07-24T22:59:34.380535+00:00,,,true,false,false,,eligible_candidate,true,2026-07-29T20:13:36.122843+00:00
ls_3b262fa6ea59ce535b4ee8a7,sv_9c812d161fbd099179977f67,fa_81d14fec348e5d80452251e7,ea_08f43cb46ba1ef1c8494b28f,GIII,GIII,GIII-G-III APPAREL GROUP LTD-2024.pdf,data/01_raw/sustainability/GIII/GIII-G-III APPAREL GROUP LTD-2024.pdf,,original,c7b750ac7cef1c3e806febd6632255115fbd64e5f74b11b4c68283a114c7c29e,4822941,2026-07-24T22:59:37.300015+00:00,,,true,false,false,,eligible_candidate,true,2026-07-29T20:13:36.122843+00:00
ls_e552a0a0622c5e8a1c123d87,sv_7b8b1157d41c146b4948e856,fa_a8dec2f5c48ebdc917453364,ea_3cd6fb11b3b84d5a3fd66acc,GIII,GIII,GIII-G-III APPAREL GROUP LTD-2025.pdf,data/01_raw/sustainability/GIII/GIII-G-III APPAREL GROUP LTD-2025.pdf,,original,baa85975744c01d7b0958a890ef7fead70b14a0b74e28a6188b2c04a4ba42fdf,13342015,2026-07-24T22:59:40.893598+00:00,,,true,false,false,,eligible_candidate,true,2026-07-29T20:13:36.122843+00:00
ls_e2f6ec07b5566f0164316614,sv_d6c75d04927d89b69b97fde7,fa_8385a81e3ceca598d8b2fc77,ea_5270d28f76d444eba7804d0e,GO,GO,GO-GROCERY OUTLET HLDNG CORP-2022.pdf,data/01_raw/sustainability/GO/GO-GROCERY OUTLET HLDNG CORP-2022.pdf,,original,2943918cb89bf42273e886272656f504b4c36305ab6f074511634d8296c941d2,15074513,2026-07-24T22:59:46.721968+00:00,,,true,false,false,,eligible_candidate,true,2026-07-29T20:13:36.122843+00:00
ls_94ffed71aa60dde96a07973a,sv_e5e18ce73d3eea68346811e1,fa_f4838c94c7fa76db124e6697,ea_251231f1db62b9343918da5c,GO,GO,GO-GROCERY OUTLET HLDNG CORP-2023.pdf,data/01_raw/sustainability/GO/GO-GROCERY OUTLET HLDNG CORP-2023.pdf,,original,66355c24ad94b584f3032dee7f6a322991764b5231237e5c5d020c4372e1f33a,25468087,2026-07-24T22:59:53.355864+00:00,,,true,false,false,,eligible_candidate,true,2026-07-29T20:13:36.122843+00:00
ls_0f59535c01e678fd3f48c02c,sv_c6c664b40cfbf3ec33c8b9c0,fa_544b434cd3bf7f9711df448f,ea_a90f0a7aa10c9225c76c1590,GO,GO,GO-GROCERY OUTLET HLDNG CORP-2024.pdf,data/01_raw/sustainability/GO/GO-GROCERY OUTLET HLDNG CORP-2024.pdf,,original,0c0fc047f33b3b768c8c650a05e82f984f4a79cd6423a535d7f7c065d9dbdc55,12646148,2026-07-24T22:59:56.925799+00:00,,,true,false,false,,eligible_candidate,true,2026-07-29T20:13:36.122843+00:00
ls_3f272313d572716ccc5a142b,sv_1537a5f89733eda392e978c9,fa_cb390d20025de20d27642e31,ea_3e0a3154c9e552557a2c0a8e,GPI,GPI,GPI-GROUP 1 AUTOMOTIVE INC-2021.pdf,data/01_raw/sustainability/GPI/GPI-GROUP 1 AUTOMOTIVE INC-2021.pdf,,original,f42610a357c80f7d74a4e1c29c8c5c0f12458847b5581b4345489207fa53859a,13450008,2026-07-24T23:00:00.127060+00:00,,,true,false,false,,eligible_candidate,true,2026-07-29T20:13:36.122843+00:00
ls_3465ca9ce89b3bb354926308,sv_3d347aac535a40a4bdb9f240,fa_62f6dced5f696dd83cfc8115,ea_ed71f2c2241833f44318695d,GPI,GPI,GPI-GROUP 1 AUTOMOTIVE INC-2022.pdf,data/01_raw/sustainability/GPI/GPI-GROUP 1 AUTOMOTIVE INC-2022.pdf,,original,0dc050620112c2c9eda31b160a3692a3a384ce940f8a7c0bca59c08730fa0a3a,23156121,2026-07-24T23:00:04.169491+00:00,,,true,false,false,,eligible_candidate,true,2026-07-29T20:13:36.122843+00:00
ls_2f9d6eac3ea555d6d1338656,sv_52f3e45d2439b2914ce05d33,fa_b05d795e1720860cbb4010ce,ea_021fdffc3efab50d8273a888,GPI,GPI,GPI-GROUP 1 AUTOMOTIVE INC-2023.pdf,data/01_raw/sustainability/GPI/GPI-GROUP 1 AUTOMOTIVE INC-2023.pdf,,original,6d1e56f8785ace1e508445447f44edb866a2cd39d783c823501205aab2b97686,12532134,2026-07-24T23:00:06.363974+00:00,,,true,false,false,,eligible_candidate,true,2026-07-29T20:13:36.122843+00:00
ls_597721333fbcf19e714ac54e,sv_546c41a905db3a8dec9c3125,fa_7bdfa8b9d9771461e32642f4,ea_18c029a140b17ab884be86ce,GPI,GPI,GPI-GROUP 1 AUTOMOTIVE INC-2024.pdf,data/01_raw/sustainability/GPI/GPI-GROUP 1 AUTOMOTIVE INC-2024.pdf,,original,25725716e64fb0b3cebd499112d5bb6512ef4ee0000be4a765c07dfa6cbf0323,10322495,2026-07-24T23:00:11.445386+00:00,,,true,false,false,,eligible_candidate,true,2026-07-29T20:13:36.122843+00:00
ls_4bf7081117c6ea80d3b8c1ce,sv_c7bc627d16eba28c5fed0fbc,fa_c38f2e7cfc8e8e4f4efbb8a2,ea_4621aba08fc4b8b22b2b7040,GPRO,GPRO,GPRO-GOPRO INC-2022.pdf,data/01_raw/sustainability/GPRO/GPRO-GOPRO INC-2022.pdf,,original,a633d155dba5ae782918cf813afa150808502f6063282c1f2d05608ee9c6643e,10849559,2026-07-24T23:00:14.087906+00:00,,,true,false,false,,eligible_candidate,true,2026-07-29T20:13:36.122843+00:00
ls_515c00245dd6759863b3ba69,sv_91e503d1000824f3a1683783,fa_294fd23a0b9d5f3f627c6430,ea_dd4a6ae3132e60c8c568fcdf,GPRO,GPRO,GPRO-GOPRO INC-2023.pdf,data/01_raw/sustainability/GPRO/GPRO-GOPRO INC-2023.pdf,,original,99cfa1f0275c06c75fc0f0b5d6e0d6bb4fbebf4641410180089ecc19a40a1512,47139927,2026-07-24T23:00:18.616259+00:00,,,true,false,false,,eligible_candidate,true,2026-07-29T20:13:36.122843+00:00
ls_b98e608a20f35e904d65d8d7,sv_1fdc9ffb8feb1146282c1ea3,fa_9afda0d5be31287fe90c1429,ea_c5e2109bf9a47d61d914d694,GPRO,GPRO,GPRO-GOPRO INC-2024.pdf,data/01_raw/sustainability/GPRO/GPRO-GOPRO INC-2024.pdf,,original,631ae49a95ed0f6c17171b633cd67a20c0f439db25206e1f6ca7a4f7e8d35b00,34241061,2026-07-24T23:00:26.483271+00:00,,,true,false,false,,eligible_candidate,true,2026-07-29T20:13:36.122843+00:00
ls_6ed27a72e67963d0dfc6095d,sv_974a506f53e1c0ea89f5ae30,fa_7469efcdf445774cfa924508,ea_4b68d2e427ef469104c36b3b,GROV,GROV,GROV-GROVE COLLABORATIVE HLDG INC-2018.pdf,data/01_raw/sustainability/GROV/GROV-GROVE COLLABORATIVE HLDG INC-2018.pdf,,original,1e3f0bf95a9c29047b7ad161506a9c5811ade6e7c3bc265c101b4eeab817cc64,760423,2026-07-24T23:00:28.334687+00:00,,,true,false,false,,eligible_candidate,true,2026-07-29T20:13:36.122843+00:00
ls_9100209d0a3fc19a6e591745,sv_62782f4744960ee84a83fed7,fa_d7ff12ba10f260f5ab3fe33a,ea_96eff9cfb141e40552e2a58c,GROV,GROV,GROV-GROVE COLLABORATIVE HLDG INC-2019.pdf,data/01_raw/sustainability/GROV/GROV-GROVE COLLABORATIVE HLDG INC-2019.pdf,,original,d9159e460587b2f5141733f2e0fbd2c42152e521d6f7ca99d0ba3219b3ddc419,5377310,2026-07-24T23:00:31.155840+00:00,,,true,false,false,,eligible_candidate,true,2026-07-29T20:13:36.122843+00:00
ls_9a16dcf86db1ef98f18c0ebc,sv_048de80f50958b0b4cf05a85,fa_3d79dc5ea818a3fd6f1de396,ea_2b76a9cc8716a1b351474e23,GROV,GROV,GROV-GROVE COLLABORATIVE HLDG INC-2020.pdf,data/01_raw/sustainability/GROV/GROV-GROVE COLLABORATIVE HLDG INC-2020.pdf,,original,7175c762d96cfbb98f3c45fcc4fc9a63f4dd975e4e53d93bb19b7a7201c320fa,10991497,2026-07-24T23:00:34.909464+00:00,,,true,false,false,,eligible_candidate,true,2026-07-29T20:13:36.122843+00:00
ls_5ede665735903b00089f71cd,sv_a12a00395ca75b0748a1e707,fa_1552c11e719dd84d6ccb6cef,ea_e020b4c6369112f37967ddfa,GROV,GROV,GROV-GROVE COLLABORATIVE HLDG INC-2021.pdf,data/01_raw/sustainability/GROV/GROV-GROVE COLLABORATIVE HLDG INC-2021.pdf,,original,310e98c06db65b4e556147ae9902a26c870168c53f8a620a725dd3fff810b88d,3376496,2026-07-24T23:00:36.912499+00:00,,,true,false,false,,eligible_candidate,true,2026-07-29T20:13:36.122843+00:00
ls_65bc01a756394f3d91ed8a6a,sv_20478126226c4e3c7fb73249,fa_c349ca6b4e67b7bea4fb6922,ea_1e45f6c392b59553dd41a2db,GROV,GROV,GROV-GROVE COLLABORATIVE HLDG INC-2022.pdf,data/01_raw/sustainability/GROV/GROV-GROVE COLLABORATIVE HLDG INC-2022.pdf,,original,9548e28a0acbe15b24b24c722aab95aba356ab874e3b8ea6c92e3e728ee2e335,5152752,2026-07-24T23:00:39.093745+00:00,,,true,false,false,,eligible_candidate,true,2026-07-29T20:13:36.122843+00:00
ls_01053eed7999cffa3bf2b0b8,sv_5a014a7f0097fd7eda69439f,fa_624428295af414a4892ce974,ea_26a3125348f72e15ceba5f85,GROV,GROV,GROV-GROVE COLLABORATIVE HLDG INC-2023.pdf,data/01_raw/sustainability/GROV/GROV-GROVE COLLABORATIVE HLDG INC-2023.pdf,,original,2c4d87e1cf83d9c56e3202a1e0b9077146869f1b87f76d772265cec2ed072c4f,3301535,2026-07-24T23:00:42.410267+00:00,,,true,false,false,,eligible_candidate,true,2026-07-29T20:13:36.122843+00:00
ls_4483ef3d71d4f118551d9fd0,sv_debb196521eac9c99e61af1e,fa_ddbb1feef9c2b190ccc605ae,ea_6921a3cea6f8300daf6e9ecd,GROV,GROV,GROV-GROVE COLLABORATIVE HLDG INC-2024.pdf,data/01_raw/sustainability/GROV/GROV-GROVE COLLABORATIVE HLDG INC-2024.pdf,,original,b3744eba4265e4d595bdad5c5f96073d15e78c24c5a7334da512266d2dd6d612,3864101,2026-07-24T23:00:46.047352+00:00,,,true,false,false,,eligible_candidate,true,2026-07-29T20:13:36.122843+00:00
ls_cf5a7a4cf864e48caba281af,sv_03655d88ff3ea6d1450bf202,fa_7ff3b2a13e14e1386b2fcd81,ea_55b0c948419742ff96e36499,GROV,GROV,GROV-GROVE COLLABORATIVE HLDG INC-2025.pdf,data/01_raw/sustainability/GROV/GROV-GROVE COLLABORATIVE HLDG INC-2025.pdf,,original,85eaa2980e81545745bc52b0efbe733eeccfd71d31dfebce668a7f30891b687d,7373804,2026-07-24T23:00:48.681969+00:00,,,true,false,false,,eligible_candidate,true,2026-07-29T20:13:36.122843+00:00
ls_680acc78f5085f7cbc1436eb,sv_be5808aa9a4b367a0e2554be,fa_9388e29d588a4bea3adf8e13,ea_a3c966784cb12db7ca3883d6,GRPN,GRPN,GRPN-Groupon Inc-2021.pdf,data/01_raw/sustainability/GRPN/GRPN-Groupon Inc-2021.pdf,,original,15daee036e746e50a48bf522ab6ddbf0cdfaa95d0d8eca8d223738506111bfb1,13060996,2026-07-24T23:00:54.062338+00:00,,,true,false,false,,eligible_candidate,true,2026-07-29T20:13:36.122843+00:00
ls_b505bf4662de47936e81a1b2,sv_1fc97e528b8f431a47cf6e19,fa_63a5fe94bcb2a9e65c6d631c,ea_bd59047aa8023dc4791ef5fb,HD,HD,HD-HOME DEPOT INC-2015.pdf,data/01_raw/sustainability/HD/HD-HOME DEPOT INC-2015.pdf,,original,606045e1768f2dc05302fe40fa5adcea1809740251849982c5d1d3eb50aa091b,13673662,2026-07-24T23:01:08.308863+00:00,,,true,false,false,,eligible_candidate,true,2026-07-29T20:13:36.122843+00:00
ls_b25b27e98fd5016aa8ec2439,sv_5f0a01df6081d92b83aa3558,fa_80df20a578050ea7a3d4577c,ea_82694867ac763dff9a079d96,HD,HD,HD-HOME DEPOT INC-2016.pdf,data/01_raw/sustainability/HD/HD-HOME DEPOT INC-2016.pdf,,original,bb527c12813a32219cdf32e77f2a13dd38f0280a80889c5fdf955e2facbedcc5,24613176,2026-07-24T23:01:17.654152+00:00,,,true,false,false,,eligible_candidate,true,2026-07-29T20:13:36.122843+00:00
ls_338ef55699fd4b64baad8182,sv_e8a9ee3a3a3f6d94cd38d7f9,fa_14bc0e5a48294f7d4a76959a,ea_81a8605b47638d097acaa43c,HD,HD,HD-HOME DEPOT INC-2017.pdf,data/01_raw/sustainability/HD/HD-HOME DEPOT INC-2017.pdf,,original,ebd13a62debb3f1d78052a4b148dfe3ba06f84087ba75af28cbdcdcf60d0cda1,7144980,2026-07-24T23:01:20.850671+00:00,,,true,false,false,,eligible_candidate,true,2026-07-29T20:13:36.122843+00:00
ls_0e1b6e710e98d90082d79b34,sv_c220c248965479713537614a,fa_547a555c30685562608e7e4f,ea_7e25daaf666b928d7419c4ac,HD,HD,HD-HOME DEPOT INC-2018.pdf,data/01_raw/sustainability/HD/HD-HOME DEPOT INC-2018.pdf,,original,1962ef981f008871358da26a677f62f48d375c0cb7afecd21474dd97fb369bf1,12922576,2026-07-24T23:01:23.895959+00:00,,,true,false,false,,eligible_candidate,true,2026-07-29T20:13:36.122843+00:00
ls_67a66ffab3a22048914d462d,sv_d2426997350f80402a042e1b,fa_db9e79c1b0c3bbb985ae72db,ea_0ff8de1dbdaf68c2933a4aed,HD,HD,HD-HOME DEPOT INC-2019.pdf,data/01_raw/sustainability/HD/HD-HOME DEPOT INC-2019.pdf,,original,efdc762d3a13939d2be9727fbce4b868bc490b2c7ad1367c94e95e9793da1a2b,31231964,2026-07-24T23:01:32.544507+00:00,,,true,false,false,,eligible_candidate,true,2026-07-29T20:13:36.122843+00:00
ls_aa072f8e3d93709707d7dba5,sv_c1761227d6a5187c68d7981f,fa_fa8e9f229829dcb65ea0a446,ea_67a2c0d9c1ec7b07ee702839,HD,HD,HD-HOME DEPOT INC-2020.pdf,data/01_raw/sustainability/HD/HD-HOME DEPOT INC-2020.pdf,,original,fcc1ba3295d49ec8ccf7b4f4713ce4b7be176297bfa43ec751f84a3219a1ebf3,26759817,2026-07-24T23:01:39.062992+00:00,,,true,false,false,,eligible_candidate,true,2026-07-29T20:13:36.122843+00:00
ls_1b6cbaa4154fb2996825490f,sv_ffd3e46abe96af14228bf7a9,fa_9c9d54133e04a6b9d0ecf48f,ea_21c4966f486e853e3bbbf499,HD,HD,HD-HOME DEPOT INC-2021.pdf,data/01_raw/sustainability/HD/HD-HOME DEPOT INC-2021.pdf,,original,68171a299fa15fc8570aa198e52772a8ae28f40a20edd9482ee1d3b3cf758e23,14771760,2026-07-24T23:01:42.522376+00:00,,,true,false,false,,eligible_candidate,true,2026-07-29T20:13:36.122843+00:00
ls_7f8c5760ccc73554ccdf432f,sv_81f7266c30e5b6fe6dd84065,fa_e79bc7fbd8106cb4aeae2996,ea_c713b44d2366f946a0a9280a,HD,HD,HD-HOME DEPOT INC-2022.pdf,data/01_raw/sustainability/HD/HD-HOME DEPOT INC-2022.pdf,,original,bab50ba1938fbb3de56601e3891ff7e89db0ce783f0a0baaf4724c8b0e402488,52886418,2026-07-24T23:01:47.779198+00:00,,,true,false,false,,eligible_candidate,true,2026-07-29T20:13:36.122843+00:00
ls_eeac96bb008844908b4a5015,sv_15890e09554bc8f4a173f088,fa_d5180f6ee223a30ac72fbaaa,ea_ba936c71d2a312fad7fdd620,HD,HD,HD-HOME DEPOT INC-2023.pdf,data/01_raw/sustainability/HD/HD-HOME DEPOT INC-2023.pdf,,original,2b4e6685136cf0bd804aedcdf7ee3a04182dacb6e04faa6218348b46bf21a519,36803885,2026-07-24T23:01:57.158087+00:00,,,true,false,false,,eligible_candidate,true,2026-07-29T20:13:36.122843+00:00
ls_81ce0235e2cb7b1c54a2ce8a,sv_d01215d26afe02da3d7ffe6c,fa_97ca1fcaeedf1d7f3bf60507,ea_746c31710d65f2d5ce05ddd9,HD,HD,HD-HOME DEPOT INC-2024.pdf,data/01_raw/sustainability/HD/HD-HOME DEPOT INC-2024.pdf,,original,4d90e46c8823fd3f7b603a546eea8973c849c0078dd363ec213935fb1cfbb322,11744930,2026-07-24T23:02:01.938644+00:00,,,true,false,false,,eligible_candidate,true,2026-07-29T20:13:36.122843+00:00
ls_39d8f816618bf458000864b4,sv_4c5c34bbd4a4c08216bf3e53,fa_264e38f753b254d61eb9f73e,ea_3956cde8ddc627e4292f16bf,HOFT,HOFT,HOFT-HOOKER FURNISHINGS CORP-2021.pdf,data/01_raw/sustainability/HOFT/HOFT-HOOKER FURNISHINGS CORP-2021.pdf,,original,610c4559f45301c779c84aa7d697084fe5cbd82d15668860b663da9c988f6393,6920294,2026-07-24T23:02:05.850440+00:00,,,true,false,false,,eligible_candidate,true,2026-07-29T20:13:36.122843+00:00
ls_d9e3ce90595153d3d346bacf,sv_63361130d6019bba3a952f31,fa_59191d446222a121a734688d,ea_a483bf0639072f480edd42a7,HOFT,HOFT,HOFT-HOOKER FURNISHINGS CORP-2022.pdf,data/01_raw/sustainability/HOFT/HOFT-HOOKER FURNISHINGS CORP-2022.pdf,,original,23d60999823b083ae1008c718af816040eb791950b51589356fa62018ec0a260,38053798,2026-07-24T23:02:09.282487+00:00,,,true,false,false,,eligible_candidate,true,2026-07-29T20:13:36.122843+00:00
ls_ba61d262cb92d906a9d54e0d,sv_b8db50d6e1cf673af0a5fbdb,fa_2a266cf559b86adaddbf14c8,ea_a886c0d481b1d7605677e390,HOFT,HOFT,HOFT-HOOKER FURNISHINGS CORP-2023.pdf,data/01_raw/sustainability/HOFT/HOFT-HOOKER FURNISHINGS CORP-2023.pdf,,original,90f240ef4e3ea34a4210be7162efc22e63e18fc7b4121d4974245e00121b97ee,4309884,2026-07-24T23:02:10.853891+00:00,,,true,false,false,,eligible_candidate,true,2026-07-29T20:13:36.122843+00:00
ls_893fec9c1a4a50a7dd39bf06,sv_afb8bd0b240a99bb91c0936d,fa_6d1b728aa604eff56f92d32c,ea_96e197fcc91d059d1ee1d6fd,HOFT,HOFT,HOFT-HOOKER FURNISHINGS CORP-2024.pdf,data/01_raw/sustainability/HOFT/HOFT-HOOKER FURNISHINGS CORP-2024.pdf,,original,d4f3f33d7c313829444cb79db60fca055dbc3588a09e47fd9e301f52e3e2cc44,6956473,2026-07-24T23:02:13.182144+00:00,,,true,false,false,,eligible_candidate,true,2026-07-29T20:13:36.122843+00:00
ls_09528d6ea5f6c5ecb7503283,sv_7f739500b7eee65954255488,fa_0654a973ac57285add707299,ea_a8182892e1efa44bcae2258b,HVT,HVT,HVT-HAVERTY FURNITURE-2024.pdf,data/01_raw/sustainability/HVT/HVT-HAVERTY FURNITURE-2024.pdf,,original,11c1dc9b0052d04edd257daac600c2a34a38a0c21e907d3b317ce7d1455fd745,2377127,2026-07-24T23:02:15.465798+00:00,,,true,false,false,,eligible_candidate,true,2026-07-29T20:13:36.122843+00:00
ls_2b340452a8eaacdf958ec301,sv_ff5be5f807a7fc59fd2d5756,fa_2cb22e5bf8d66970dc02f401,ea_e3ea669ad3ff0b9684a588f3,JILL,JILL,JILL-J.Jill-2024.pdf,data/01_raw/sustainability/JILL/JILL-J.Jill-2024.pdf,,original,b06e4a79c9dafafda6d46753ee329c5693cf07e8e9e98cfe4abb7e5f3ceb3927,8752646,2026-07-24T23:02:19.272897+00:00,,,true,false,false,,eligible_candidate,true,2026-07-29T20:13:36.122843+00:00
ls_721158e07d168183d278c19d,sv_3465eb36ba5b7965cfcfee7d,fa_5b03a4ca62b3946a6e206d55,ea_2cd9884845cffd474ea7fea9,JWN,JWN,JWN-NORDSTROM INC-2020.pdf,data/01_raw/sustainability/JWN/JWN-NORDSTROM INC-2020.pdf,,original,3911fa41343462db7c53febe4195de6caf90b9d65819d62366b4e8c962e31acd,21714881,2026-07-24T23:02:25.657163+00:00,,,true,false,false,,eligible_candidate,true,2026-07-29T20:13:36.122843+00:00
ls_3488a9efe263345f360df66a,sv_6a1ee06cb868d018785a8366,fa_bd4315143fc2c7c431ffdae7,ea_ec65006ab29e155eeed48e93,JWN,JWN,JWN-NORDSTROM INC-2021.pdf,data/01_raw/sustainability/JWN/JWN-NORDSTROM INC-2021.pdf,,original,f2d0fc69b6ddaabec56408ff0a54ad40c2a1eeedaebaf476e9f2d92d8a608a7d,32064537,2026-07-24T23:02:31.362816+00:00,,,true,false,false,,eligible_candidate,true,2026-07-29T20:13:36.122843+00:00
ls_bd8842cb375668caffcab179,sv_6989b1c94af8caaf413c2bde,fa_21f405c878706a1174b79ec3,ea_71b986803bfb86fa2432e92b,JWN,JWN,JWN-NORDSTROM INC-2022.pdf,data/01_raw/sustainability/JWN/JWN-NORDSTROM INC-2022.pdf,,original,285f0ba0abdea392ac579b2ff72a0b5467665af3e724a1621447c42581557290,27976801,2026-07-24T23:02:39.237637+00:00,,,true,false,false,,eligible_candidate,true,2026-07-29T20:13:36.122843+00:00
ls_1b5f9d3cd22ba053e1f51683,sv_423fdd2880fdbe00731753b3,fa_de104ff86cf2761ee23be456,ea_e3761b73ad56580ade49b828,JWN,JWN,JWN-NORDSTROM INC-2023.pdf,data/01_raw/sustainability/JWN/JWN-NORDSTROM INC-2023.pdf,,original,7f7401cba5a8294d608996f925253b950603b3405f27ebaa96f3ceacc9dca502,25160413,2026-07-24T23:02:42.880136+00:00,,,true,false,false,,eligible_candidate,true,2026-07-29T20:13:36.122843+00:00
ls_e564c4139ffdbf182699da8b,sv_bcfb7591cd5eb14af6048cda,fa_e265b73681beac245e86a16e,ea_bbe133afd63096f743b657da,JWN,JWN,JWN-NORDSTROM INC-2024.pdf,data/01_raw/sustainability/JWN/JWN-NORDSTROM INC-2024.pdf,,original,431e8cc3ec8a0b61be24ad8b73c220349178ed1b98fd3d62e055f83b25b51b02,5144084,2026-07-24T23:02:45.305670+00:00,,,true,false,false,,eligible_candidate,true,2026-07-29T20:13:36.122843+00:00
ls_8bd98c92876762d8f7b767d0,sv_304aa482c71836c951307815,fa_ca67b7343747c1981f538de8,ea_5f230f7bde86548131636856,KMX,KMX,KMX-CARMAX INC-2019.pdf,data/01_raw/sustainability/KMX/KMX-CARMAX INC-2019.pdf,,original,108b5cc016653683db20e668d97191b25da52256ccb9494c860b7513312c11dc,10297073,2026-07-24T23:02:49.416033+00:00,,,true,false,false,,eligible_candidate,true,2026-07-29T20:13:36.122843+00:00
ls_5eab1d43769735f134e5404c,sv_bbb335b24d2fcec2bfcea91e,fa_14fa725c6f3c41233cd4b40c,ea_bbbb063065d26f3a47e848ec,KMX,KMX,KMX-CARMAX INC-2021.pdf,data/01_raw/sustainability/KMX/KMX-CARMAX INC-2021.pdf,,original,cb4e6e1847396d9930c7f8412eddf0a70f4e60398efc64e55284d5b4b047c4b4,3873936,2026-07-24T23:02:51.847691+00:00,,,true,false,false,,eligible_candidate,true,2026-07-29T20:13:36.122843+00:00
ls_036675dcbed79d80cb514df7,sv_dbee173a7e9526ae9e5ce284,fa_a2b8da6800dd2ca84f3591dd,ea_4c641f679f1e89aecb2a5b81,KMX,KMX,KMX-CARMAX INC-2022.pdf,data/01_raw/sustainability/KMX/KMX-CARMAX INC-2022.pdf,,original,14038f4254b3b6603a1b8375443608622f7319cb0dd9474faf21fcf8897f7fcb,2940232,2026-07-24T23:02:53.698694+00:00,,,true,false,false,,eligible_candidate,true,2026-07-29T20:13:36.122843+00:00
ls_d354f2621d0178919976006b,sv_4be72184acaaabd2b299cc8d,fa_e5ffea831dc8234768c1ab9d,ea_8752b0d432cb913c04b5169c,KMX,KMX,KMX-CARMAX INC-2023.pdf,data/01_raw/sustainability/KMX/KMX-CARMAX INC-2023.pdf,,original,23587d106c62420d80e363291f59bb4a566e96fc21ad78d74f12a991a7945e8b,3509167,2026-07-24T23:02:55.685215+00:00,,,true,false,false,,eligible_candidate,true,2026-07-29T20:13:36.122843+00:00
ls_7f7565562e5a2233283e37fd,sv_76aa0f2d4978d536d9123d01,fa_0c25508920a8804c83935bcd,ea_1e9395c9b9b20763044708fe,KMX,KMX,KMX-CARMAX INC-2024.pdf,data/01_raw/sustainability/KMX/KMX-CARMAX INC-2024.pdf,,original,102f1e7c895e179f4d86b4b8e1ccce60e638cfa32de83392c062ad3112f92952,3084362,2026-07-24T23:02:59.305878+00:00,,,true,false,false,,eligible_candidate,true,2026-07-29T20:13:36.122843+00:00
ls_06876299aaa1fa887216a815,sv_0dec0b8405611ef5ea274a6b,fa_684f4c5b0dcd068f3b32617c,ea_a5a867e5091b44f8035ec4b0,KMX,KMX,KMX-CARMAX INC-2025.pdf,data/01_raw/sustainability/KMX/KMX-CARMAX INC-2025.pdf,,original,9fe4e5937b32d2331ebbb6e11f20911f088065d036b9b146082715213e0f6d8d,8661475,2026-07-24T23:03:02.891177+00:00,,,true,false,false,,eligible_candidate,true,2026-07-29T20:13:36.122843+00:00
ls_1729ad09b1bf11e9b70e3648,sv_5d6b534442bbda789531cdae,fa_8ef7993599d679ceeed6870f,ea_f4d478b182d589e681af6939,KMX,KMX,KMX-CARMAX INC-2026.pdf,data/01_raw/sustainability/KMX/KMX-CARMAX INC-2026.pdf,,original,f2585f103ef3ff96db037f248b35ca80ddaf4b7e6a99ca0f15d6de3a24a23e5f,4730282,2026-07-24T23:03:05.643469+00:00,,,true,false,false,,eligible_candidate,true,2026-07-29T20:13:36.122843+00:00
ls_70a23d72778458c9228d250c,sv_02bd9c0a7f6b30c015778d6a,fa_718ae0ba78c3213b7753b8d0,ea_6985dd2cc8e1369d5a0e42d8,KR,KR,KR-KROGER CO-2015.pdf,data/01_raw/sustainability/KR/KR-KROGER CO-2015.pdf,,original,ee1460686a3897ca5b01961edece4933005dd8e7e45c0a979c018e6fd7cbe72a,9719939,2026-07-24T23:03:08.945740+00:00,,,true,false,false,,eligible_candidate,true,2026-07-29T20:13:36.122843+00:00
ls_62c88cb688bf901e60d4b1da,sv_a240ed084acdf3b7d4a57253,fa_a0ef2391bf69157e9af1bfcd,ea_521d66fe0ddeb730151b64de,KR,KR,KR-KROGER CO-2016.pdf,data/01_raw/sustainability/KR/KR-KROGER CO-2016.pdf,,original,b72a7b01c795e52785ce20f8eb5ce5f0ef6f25b3433475382df1fdf7f6924f40,11135207,2026-07-24T23:03:11.721058+00:00,,,true,false,false,,eligible_candidate,true,2026-07-29T20:13:36.122843+00:00
ls_9aa82efba8873752a5d562b4,sv_68a421f31d298f81f3cd7035,fa_a8f7b28d2090fe6142013fa2,ea_13dc97e5320727aa454c9726,KR,KR,KR-KROGER CO-2017.pdf,data/01_raw/sustainability/KR/KR-KROGER CO-2017.pdf,,original,c5b2514bcde50f3c46a21331eacbf5351992c1648fbdf145f8d439cb9074b7cd,12194656,2026-07-24T23:03:16.045326+00:00,,,true,false,false,,eligible_candidate,true,2026-07-29T20:13:36.122843+00:00
ls_bb11d02636dba50440afe681,sv_49509b51f7e7ed58ecf866eb,fa_4557ed06e8c05b46040f38d2,ea_de5cec05fa2a2290a91a83ba,KR,KR,KR-KROGER CO-2018.pdf,data/01_raw/sustainability/KR/KR-KROGER CO-2018.pdf,,original,fc389005f6fa9e23f7e1ba73e5c1898ea460555e5362de1e7ddcd6843476666c,14009111,2026-07-24T23:03:19.335000+00:00,,,true,false,false,,eligible_candidate,true,2026-07-29T20:13:36.122843+00:00
ls_d046152b64ae2680d611a656,sv_d0587138e797aa3683fdd493,fa_07e42b6556725c8bc7d5c43e,ea_030dd61285c1d6b486f6954f,KR,KR,KR-KROGER CO-2019.pdf,data/01_raw/sustainability/KR/KR-KROGER CO-2019.pdf,,original,6b5f8f99d057e1f33ded4cf222c9c84b32e2a3c9316d2996ec8c7cbb95171c28,19197306,2026-07-24T23:03:26.647631+00:00,,,true,false,false,,eligible_candidate,true,2026-07-29T20:13:36.122843+00:00
ls_9de82c0724a3562ad66f62d1,sv_1648bde1cf0fd4067d40cd02,fa_84b3a12667512e40b6a2f747,ea_aaed3c79107c4d72bfc5f622,KR,KR,KR-KROGER CO-2020.pdf,data/01_raw/sustainability/KR/KR-KROGER CO-2020.pdf,,original,0379d35ff65020d8c91bde151c5d8bae7ef985b11bca5cd4c9a929de107ee833,15574378,2026-07-24T23:03:29.859216+00:00,,,true,false,false,,eligible_candidate,true,2026-07-29T20:13:36.122843+00:00
ls_fca054e4499edf9c25a2bac1,sv_1431e29393af1b10cf38fe99,fa_d4804a0f992e91a7b70fbf08,ea_ee5b009932b34e396599b1af,KR,KR,KR-KROGER CO-2021.pdf,data/01_raw/sustainability/KR/KR-KROGER CO-2021.pdf,,original,2fdffe32a0bce1f5dd4bed3a5154a2342d8155cbf8e1f446f6a572dc2aa23c1d,19056845,2026-07-24T23:03:33.649608+00:00,,,true,false,false,,eligible_candidate,true,2026-07-29T20:13:36.122843+00:00
ls_626464baf61f46ab65de17cd,sv_533e8badd271c9c3b2caaa73,fa_56d510400c8bd6cfcd7f3000,ea_49de19c5f3837fa4268455c3,KR,KR,KR-KROGER CO-2022.pdf,data/01_raw/sustainability/KR/KR-KROGER CO-2022.pdf,,original,7cbc26e717a73bd7560d4e35e72aad5d5ce57d09c243230777e3c1386a871b47,9134485,2026-07-24T23:03:36.192942+00:00,,,true,false,false,,eligible_candidate,true,2026-07-29T20:13:36.122843+00:00
ls_806cf1d1920afbfb0660e29e,sv_e024f6f80cd7f815ed4ba40c,fa_2c6b0b0063842191cf6a2a2c,ea_52998a9ccb32df55e647932e,KR,KR,KR-KROGER CO-2023.pdf,data/01_raw/sustainability/KR/KR-KROGER CO-2023.pdf,,original,70426a05e5c9b1c5b8fbb486da4fb6d7da29b32284b91cc9904194f209e15227,7322123,2026-07-24T23:03:41.087528+00:00,,,true,false,false,,eligible_candidate,true,2026-07-29T20:13:36.122843+00:00
ls_869f7fe1ba76659a381e4932,sv_87a38fe46a32f60f010daeec,fa_21da9d1a8039e6e6a3a118c2,ea_cf378c01dfc6a202e35b9d52,KR,KR,KR-KROGER CO-2024.pdf,data/01_raw/sustainability/KR/KR-KROGER CO-2024.pdf,,original,28316204fcf00247594cde913b37ffae8a2042315305bc02db2dab246dadb1ec,8761950,2026-07-24T23:03:43.815839+00:00,,,true,false,false,,eligible_candidate,true,2026-07-29T20:13:36.122843+00:00
ls_4a2851ef26bb4afa03c8f456,sv_319f067dca8474e6c9ee7cb7,fa_584f6a0bf5582c9e06889ddc,ea_c3ad8e25ff0718332d13af7b,KSS,KSS,KSS-KOHL'S CORP-2021.pdf,data/01_raw/sustainability/KSS/KSS-KOHL'S CORP-2021.pdf,,original,eb2fb11e2c1c4778739e079d89cce703c9b5d54534feb44789a99953f75ab85e,11498336,2026-07-24T23:03:46.620030+00:00,,,true,false,false,,eligible_candidate,true,2026-07-29T20:13:36.122843+00:00
ls_f7e5e4132a4c0a3631dd4bce,sv_2d0ab0f256c6cdfae3a211b5,fa_014a5bfb23f40bd1b6f9b4a3,ea_81a7bd5265072129f4d0b620,KSS,KSS,KSS-KOHL'S CORP-2022.pdf,data/01_raw/sustainability/KSS/KSS-KOHL'S CORP-2022.pdf,,original,a7fbdfd63080b7e367fcb7a2403548b5692ce0be11323fd6628f4f5a09b51989,60597663,2026-07-24T23:03:53.785669+00:00,,,true,false,false,,eligible_candidate,true,2026-07-29T20:13:36.122843+00:00
ls_7f6dacb682b6df807d2b173d,sv_50bfca943bf2ff751189f8ae,fa_ddc7374a5a557c664a5220d6,ea_70d21c4020c27641c83ea8ee,KSS,KSS,KSS-KOHL'S CORP-2023.pdf,data/01_raw/sustainability/KSS/KSS-KOHL'S CORP-2023.pdf,,original,9e6ca79b0630fff9fafda173914c3cd7d568608caf3dbc474888b48680e83713,22338103,2026-07-24T23:04:02.346084+00:00,,,true,false,false,,eligible_candidate,true,2026-07-29T20:13:36.122843+00:00
ls_e6ea7ec488ab1d4e8582d17c,sv_2f298396d628e35f692a1ae7,fa_ba9ab53124ece226dbafd68e,ea_8ea392a362cfc5ea6e974bf7,KSS,KSS,KSS-KOHL'S CORP-2024.pdf,data/01_raw/sustainability/KSS/KSS-KOHL'S CORP-2024.pdf,,original,98e8da3b247fdda232eb3f089e085437cfdf9ae9451d9b82429a2be525bde315,4765059,2026-07-24T23:04:04.030734+00:00,,,true,false,false,,eligible_candidate,true,2026-07-29T20:13:36.122843+00:00
ls_a080fcb803736523eca4d192,sv_180aa4ee252bd3ff9e794b70,fa_416f365835806b5a967aefaf,ea_476a34eb35a70fccc98b1f5d,KTB,KTB,KTB-KONTOOR BRANDS INC-2019.pdf,data/01_raw/sustainability/KTB/KTB-KONTOOR BRANDS INC-2019.pdf,,original,5be6200d47d42f12a2602ac95c3d67f2cfb672efe68fa8c2bf89b084151b2a0b,9574873,2026-07-24T23:04:08.100708+00:00,,,true,false,false,,eligible_candidate,true,2026-07-29T20:13:36.122843+00:00
ls_d180f39d2cff8c77d290e070,sv_afb473b9d449e08a3debb267,fa_306b9ed426d928b14579ad12,ea_072c80c4d9d79e409b6eacdd,KTB,KTB,KTB-KONTOOR BRANDS INC-2020.pdf,data/01_raw/sustainability/KTB/KTB-KONTOOR BRANDS INC-2020.pdf,,original,9a554f147a9ce1a372d394a49e11f8739c3e7d53834c18d64b56607daf6720c1,20768143,2026-07-24T23:04:15.086070+00:00,,,true,false,false,,eligible_candidate,true,2026-07-29T20:13:36.122843+00:00
ls_ccd2f821af9541576ca39865,sv_b061132c4507d384ad8a3413,fa_26ba93c2bd67b1f80360dce8,ea_3a1a7e8e84e91e015217d747,KTB,KTB,KTB-KONTOOR BRANDS INC-2021-2022.pdf,data/01_raw/sustainability/KTB/KTB-KONTOOR BRANDS INC-2021-2022.pdf,,original,2bd3884484b3c092d6c1312ff95a3e74cb74646e8e5983311fae841be12c8969,18907189,2026-07-24T23:04:21.634067+00:00,,,true,false,false,,eligible_candidate,true,2026-07-29T20:13:36.122843+00:00
ls_c74e85b576ba53952336a309,sv_4c2f1a805cdd636d7e29d1d3,fa_015923b8ab8923ab0ce21a62,ea_69f5ab607a5876154915cfc3,KTB,KTB,KTB-KONTOOR BRANDS INC-2023.pdf,data/01_raw/sustainability/KTB/KTB-KONTOOR BRANDS INC-2023.pdf,,original,833d99e8649ded87eb9db3417b78fa0b6560f6a5884046f2df895a3c136d91e1,8626698,2026-07-24T23:04:25.620563+00:00,,,true,false,false,,eligible_candidate,true,2026-07-29T20:13:36.122843+00:00
ls_2f32e6fc1f4c9d9ba177d954,sv_916a7b714313da654164c979,fa_815dde34f6edf7c40177f54c,ea_2a67ec82b3cebf18de5fb13b,KTB,KTB,KTB-KONTOOR BRANDS INC-2024.pdf,data/01_raw/sustainability/KTB/KTB-KONTOOR BRANDS INC-2024.pdf,,original,0b31448dc1cd1ebc316579733eafc80a69e50a6e92743b6b04f4b1ab992e310e,16473189,2026-07-24T23:04:31.888793+00:00,,,true,false,false,,eligible_candidate,true,2026-07-29T20:13:36.122843+00:00
ls_155f81dff29a3483f9d33f7d,sv_1d29157c18164a7ab12210d4,fa_6121a5c3407fd7f5b29ad751,ea_343c1cb0d1f33494a3f11ef3,LAD,LAD,LAD-LITHIA MOTORS INC -CL A-2020.pdf,data/01_raw/sustainability/LAD/LAD-LITHIA MOTORS INC -CL A-2020.pdf,,original,15e0d6c37bae106108d3796c0d2ce6f30e139dd3917d9e850697c040a213466f,2509105,2026-07-24T23:04:33.796843+00:00,,,true,false,false,,eligible_candidate,true,2026-07-29T20:13:36.122843+00:00
ls_0571d29fcb8c7040c7bd2f36,sv_3c05afa5408c7e03fd0777b1,fa_0b57c80957bd20a76532dd36,ea_4329b6b531553e56dc42b7c3,LAD,LAD,LAD-LITHIA MOTORS INC -CL A-2021.pdf,data/01_raw/sustainability/LAD/LAD-LITHIA MOTORS INC -CL A-2021.pdf,,original,5a086af27401576225bae19bb95e3056fc0853cc291d6609501237e4ea7724ad,6304308,2026-07-24T23:04:37.748296+00:00,,,true,false,false,,eligible_candidate,true,2026-07-29T20:13:36.122843+00:00
ls_b1f0e99073e11bf2416562ca,sv_e877a763a3887ba3e5799f66,fa_591c9b0400cc1272200dd633,ea_04795e219b889b743f99c137,LAD,LAD,LAD-LITHIA MOTORS INC -CL A-2022.pdf,data/01_raw/sustainability/LAD/LAD-LITHIA MOTORS INC -CL A-2022.pdf,,original,afded6d5d5ca47300ad8085cad41c2420360bb36718e1bcad747efcef3f60940,9411438,2026-07-24T23:04:42.006444+00:00,,,true,false,false,,eligible_candidate,true,2026-07-29T20:13:36.122843+00:00
ls_c3cd9bc67845bd13a32d7a74,sv_45388dc3878df1378d5d40d4,fa_2d3cdcabb8381532db7b03cb,ea_eef38ce4540c5dff0613b4ac,LAD,LAD,LAD-LITHIA MOTORS INC -CL A-2023.pdf,data/01_raw/sustainability/LAD/LAD-LITHIA MOTORS INC -CL A-2023.pdf,,original,5d188bd49595ba34bf30bdec588a8f4dce38c44c1ca067cc1f48f036cdc427b1,6966010,2026-07-24T23:04:44.969363+00:00,,,true,false,false,,eligible_candidate,true,2026-07-29T20:13:36.122843+00:00
ls_aa1dd21fa8a87b3b2db291c6,sv_dde90347245a444951a55dbf,fa_8187afb38a776ef82bf14dc6,ea_db510c7f213f8122b86351eb,LAD,LAD,LAD-LITHIA MOTORS INC -CL A-2024.pdf,data/01_raw/sustainability/LAD/LAD-LITHIA MOTORS INC -CL A-2024.pdf,,original,a7873f9375f48f4f60766d564ddcc1e27cda0647f829cfa9333d43fc64a50aab,6956113,2026-07-24T23:04:46.729639+00:00,,,true,false,false,,eligible_candidate,true,2026-07-29T20:13:36.122843+00:00
ls_67f79ebf05c1ea6c590552ad,sv_dcd6b28bdf0775a4a381bf28,fa_8062a1b4b1006887f15a1ca2,ea_449121361cb95682d3da885d,LAD,LAD,LAD-LITHIA MOTORS INC -CL A-2025.pdf,data/01_raw/sustainability/LAD/LAD-LITHIA MOTORS INC -CL A-2025.pdf,,original,44d17a9c4b851e3b2f37cc2c4b307394f6515a9b441c8ddf192c63e072dd768e,8600984,2026-07-24T23:04:51.229230+00:00,,,true,false,false,,eligible_candidate,true,2026-07-29T20:13:36.122843+00:00
ls_b7a31f2c8d3c289f89b493f1,sv_703ed884f78b2d6c009a36d4,fa_b8018cbec668fa59409462e4,ea_bc4e6045f3a2c51c0e1ca342,LE,LE,LE-Lands End-2024.pdf,data/01_raw/sustainability/LE/LE-Lands End-2024.pdf,,original,b3bc27493dda6422c6d3139a195a2d417af93ae878929ce6cf3a00adf9806e31,4818589,2026-07-24T23:04:55.812896+00:00,,,true,false,false,,eligible_candidate,true,2026-07-29T20:13:36.122843+00:00
ls_889bad3f9233eb6c9eec7b21,sv_369ea084066d2b9b793e6ca1,fa_1e2cde97858ff1862c3ac218,ea_94cb95e9f9c99b69d456fd5f,LEG,LEG,LEG-LEGGETT & PLATT INC-2021.pdf,data/01_raw/sustainability/LEG/LEG-LEGGETT & PLATT INC-2021.pdf,,original,b61d0327dd60f99738e3c942ff5ff6411e4992e6de5a05d653e58d900597b07c,2219791,2026-07-24T23:04:58.856743+00:00,,,true,false,false,,eligible_candidate,true,2026-07-29T20:13:36.122843+00:00
ls_d7d7ee811ad89c73d40e8644,sv_ed4b988a76913c4a053dbb3a,fa_8b0b2f8274b0fee24d6016b1,ea_eee0bb4ba83a18a7135fc9b9,LEG,LEG,LEG-LEGGETT & PLATT INC-2022.pdf,data/01_raw/sustainability/LEG/LEG-LEGGETT & PLATT INC-2022.pdf,,original,986cd3437caeb9c5061562f8ed8463d85154b5b95ce0b2f8a45f14983ed1414e,3350412,2026-07-24T23:05:02.964563+00:00,,,true,false,false,,eligible_candidate,true,2026-07-29T20:13:36.122843+00:00
ls_0007693346ad07f2bbb508e4,sv_4f8dce1259a4455ee30aaad0,fa_3e0bbcd472ef026cc04b7368,ea_94d7b1fe5d7ea7b24f5883da,LEG,LEG,LEG-LEGGETT & PLATT INC-2023.pdf,data/01_raw/sustainability/LEG/LEG-LEGGETT & PLATT INC-2023.pdf,,original,ac21acf44f02e8b30f53e42674f97e4302c3f71a377d08fabd5d1e650ee92010,2533155,2026-07-24T23:05:05.802926+00:00,,,true,false,false,,eligible_candidate,true,2026-07-29T20:13:36.122843+00:00
ls_6f9e597be68061dcae803303,sv_523bb63a1aa69b8cf8272adc,fa_caaaaa1ddc1da5c0ddbe6991,ea_759452ff7ba62371e88f162d,LEG,LEG,LEG-LEGGETT & PLATT INC-2024.pdf,data/01_raw/sustainability/LEG/LEG-LEGGETT & PLATT INC-2024.pdf,,original,356b20898d3a01c034a3ca399b9c36b3524bcbc1f123f5aa20fcb662889a128b,8051958,2026-07-24T23:05:08.355033+00:00,,,true,false,false,,eligible_candidate,true,2026-07-29T20:13:36.122843+00:00
ls_7a15aa76b4ad2ec08cee091c,sv_686cec351edb89acdbe8cfaf,fa_b8aa711751452e86f3fb0e28,ea_e3d057c3c3b6d7e2768d98a0,LEG,LEG,LEG-LEGGETT & PLATT INC-2025.pdf,data/01_raw/sustainability/LEG/LEG-LEGGETT & PLATT INC-2025.pdf,,original,937485f91b6cc266fbb5530e465c3217b9f21a98c251da812f98847a1e6252cc,1340423,2026-07-24T23:05:10.419188+00:00,,,true,false,false,,eligible_candidate,true,2026-07-29T20:13:36.122843+00:00
ls_c54eb4c6c2181efcabdf8883,sv_c7b089d691a194950f95a534,fa_1dae39a9b064892bb3e91405,ea_306c6cfbe1025aee504689e3,LESL,LESL,LESL-LESLIE'S INC-2021.pdf,data/01_raw/sustainability/LESL/LESL-LESLIE'S INC-2021.pdf,,original,3ae94a2f390b7fafbec7be488f08e3070a30b6be6d23f542db1e52f94b86d23f,11920143,2026-07-24T23:05:15.397395+00:00,,,true,false,false,,eligible_candidate,true,2026-07-29T20:13:36.122843+00:00
ls_b2ccd390ae8ea058ef11dd8a,sv_c2edf9883f1c774108eeb8ab,fa_39133e2e1ff6ddf9ce7b9c79,ea_abd5df928c08c6c9a65e7aa1,LESL,LESL,LESL-LESLIE'S INC-2022.pdf,data/01_raw/sustainability/LESL/LESL-LESLIE'S INC-2022.pdf,,original,46a1f8fd5cb735ad8e8f1be5ea5614a6fcc2d7604e1cf22fc9209e26fa35aa9f,3339333,2026-07-24T23:05:17.520991+00:00,,,true,false,false,,eligible_candidate,true,2026-07-29T20:13:36.122843+00:00
ls_d4e63e5307a1ba7007c5becf,sv_d45032367e4980659412ebfe,fa_082ebff52bce84e5d19be92c,ea_4c320c77a029b47a4890f662,LESL,LESL,LESL-LESLIE'S INC-2023.pdf,data/01_raw/sustainability/LESL/LESL-LESLIE'S INC-2023.pdf,,original,e0ccd332183ee11433d6d74e82bb3f04a4c2e64e55ae909a7bd842985146b41f,3301061,2026-07-24T23:05:19.510348+00:00,,,true,false,false,,eligible_candidate,true,2026-07-29T20:13:36.122843+00:00
ls_37cd731835027eda7e6bdaf6,sv_30c021bc91e07b32108363a6,fa_b4e05a725c49f981662ff4fc,ea_a4f4dd00c2eb048c58ba2a2a,LESL,LESL,LESL-LESLIE'S INC-2024.pdf,data/01_raw/sustainability/LESL/LESL-LESLIE'S INC-2024.pdf,,original,0a679616150650edb915bfdeca74dfa082fd14e4a7b49ec4d8e5a063feefc9dc,10936421,2026-07-24T23:05:23.902060+00:00,,,true,false,false,,eligible_candidate,true,2026-07-29T20:13:36.122843+00:00
ls_f5cd57ef895bedc480a30223,sv_d0ed2aea5b4de54aa4ff3f73,fa_ec7f1ebeccfbfe6100faafaf,ea_6bb9546e2fed5094796dd6f1,LESL,LESL,LESL-LESLIE'S INC-2020.pdf,data/01_raw/sustainability/LESL/LESL-LESLIE'S INC-2020.pdf,,original,1ee0c8bcdc28e597915f0261942e308f9ce481333a001986dd154a43326be3ac,26669765,2026-07-24T23:05:33.126934+00:00,,,true,false,false,,eligible_candidate,true,2026-07-29T20:13:36.122843+00:00
ls_913add6a078c7fee1d2ed551,sv_c92863dfbe790e4f224728c4,fa_5a105f352653ddf744f8e16d,ea_fae0ee904a958a397dd175e1,LEVI,LEVI,LEVI-LEVI STRAUSS & CO-2019.pdf,data/01_raw/sustainability/LEVI/LEVI-LEVI STRAUSS & CO-2019.pdf,,original,eade3a7a19d9b9970adabc83e33f4cfd26658c1d642d92888f61275c678640fc,4309285,2026-07-24T23:05:35.932550+00:00,,,true,false,false,,eligible_candidate,true,2026-07-29T20:13:36.122843+00:00
ls_fb093fce5f881771fb1e557d,sv_91b27461bd25e2dc171f475e,fa_ae89bb3b78bd3e0d5f4417ea,ea_3fbfe30a13ef83c557109605,LEVI,LEVI,LEVI-LEVI STRAUSS & CO-2020.pdf,data/01_raw/sustainability/LEVI/LEVI-LEVI STRAUSS & CO-2020.pdf,,original,84d1ad80b2732eb6bf04482180368ef14a996bd2b2ace041882a26ef613b9653,54125447,2026-07-24T23:05:47.002565+00:00,,,true,false,false,,eligible_candidate,true,2026-07-29T20:13:36.122843+00:00
ls_6a593c1e934fcad000921c52,sv_3ebede2bd1d9327fa49ccf62,fa_a4d91abee4857e7e83485bcb,ea_7a31daee82b55780cd5c8ea3,LEVI,LEVI,LEVI-LEVI STRAUSS & CO-2021.pdf,data/01_raw/sustainability/LEVI/LEVI-LEVI STRAUSS & CO-2021.pdf,,original,b682055eff20d0138d40d2c168d18b9d234e3788ef8b85bbae70a30ba455c4a4,72837070,2026-07-24T23:05:56.203787+00:00,,,true,false,false,,eligible_candidate,true,2026-07-29T20:13:36.122843+00:00
ls_6d0a362cce807039758f7a5d,sv_5de65599d04839fa9da9b152,fa_a0fb5d9d8cf22d31987a4c2b,ea_f75647943b8ef29cd047e3f4,LEVI,LEVI,LEVI-LEVI STRAUSS & CO-2022.pdf,data/01_raw/sustainability/LEVI/LEVI-LEVI STRAUSS & CO-2022.pdf,,original,c4da833b88544f4b5e4dd8a8412afd9f9ac38754ec7c28efded13f6737beade3,1904951,2026-07-24T23:05:58.880042+00:00,,,true,false,false,,eligible_candidate,true,2026-07-29T20:13:36.122843+00:00
ls_d810ec813b7beec16aa57dc5,sv_e4508d331400fb92408bc1ba,fa_994e547919d6bcc70e0c119b,ea_645d87e666da727ec8696c85,LOVE,LOVE,LOVE-LOVESAC CO (THE)-2021.pdf,data/01_raw/sustainability/LOVE/LOVE-LOVESAC CO (THE)-2021.pdf,,original,7e8147e05b832b7de19ba43a9d6ae6f5f9e0ece745ddc3489376183ae4e646e9,1664092,2026-07-24T23:06:00.856482+00:00,,,true,false,false,,eligible_candidate,true,2026-07-29T20:13:36.122843+00:00
ls_7483ffffd14c5d2f92691693,sv_cb9d367818a12ae8bb0aa73f,fa_d9392eb53a7b348ea8319ab1,ea_412552478a4ba8450c54afc1,LOVE,LOVE,LOVE-LOVESAC CO (THE)-2022.pdf,data/01_raw/sustainability/LOVE/LOVE-LOVESAC CO (THE)-2022.pdf,,original,88ed8062a626d4724f9d3cf9a44dca93d05bfcee9524a4dcc128733894478c86,7212939,2026-07-24T23:06:03.046032+00:00,,,true,false,false,,eligible_candidate,true,2026-07-29T20:13:36.122843+00:00
ls_ec695b72837e4ce314e260d5,sv_8f86e79128483fe06826fb4f,fa_5096533c92895d79f227941f,ea_29cf37e6fb6d6b6a2ee272cc,LOVE,LOVE,LOVE-LOVESAC CO (THE)-2023.pdf,data/01_raw/sustainability/LOVE/LOVE-LOVESAC CO (THE)-2023.pdf,,original,5e537a0a1bb2af0df9e3e45b9a298d227663d7cf7ef2c53f21b994fa68d45cc8,12422491,2026-07-24T23:06:05.665243+00:00,,,true,false,false,,eligible_candidate,true,2026-07-29T20:13:36.122843+00:00
ls_a642e633d8a05ab0a56e2ba9,sv_7d6bb270c4924662b8f611b7,fa_d70a30a689b09658de5b9f90,ea_11492201a3e24d66793f38e5,LOVE,LOVE,LOVE-LOVESAC CO (THE)-2024.pdf,data/01_raw/sustainability/LOVE/LOVE-LOVESAC CO (THE)-2024.pdf,,original,e7cf6fbd0dd18f87846cb419211fb771ebcbb5d66ebdae52424543afcd61995e,10903336,2026-07-24T23:06:08.462475+00:00,,,true,false,false,,eligible_candidate,true,2026-07-29T20:13:36.122843+00:00
ls_07e80431ba1d1dd32e530465,sv_2e06fe49f30e00483c413a2e,fa_726a61f415a6242c67c8806a,ea_44da9b3010804bd22d1ed44e,LOVE,LOVE,LOVE-LOVESAC CO (THE)-2025.pdf,data/01_raw/sustainability/LOVE/LOVE-LOVESAC CO (THE)-2025.pdf,,original,ea0e83ad87bb3b3b639edd209e94ad46716eb9b170455160fdf5b5e2da356aff,8165524,2026-07-24T23:06:13.962665+00:00,,,true,false,false,,eligible_candidate,true,2026-07-29T20:13:36.122843+00:00
ls_23d066de6697e15f28db145d,sv_66c7ef304540c65875dad0c0,fa_b48dc5bee74d56e3454c4796,ea_8d6845cf6cbee0a76f5bcbd2,LOW,LOW,LOW-LOWE'S COS INC-2021.pdf,data/01_raw/sustainability/LOW/LOW-LOWE'S COS INC-2021.pdf,,original,c5d637090c64138668dd54970c5adde683effdf88c0dcc958705f84c3ffef8b8,6250222,2026-07-24T23:06:16.545735+00:00,,,true,false,false,,eligible_candidate,true,2026-07-29T20:13:36.122843+00:00
ls_51a41cb70bf824a6722ff3db,sv_2af0ebc47e520c2854588d7f,fa_9d5be5130a1dd2b8a4393e30,ea_866cc07ecf361fb1c2321cec,LOW,LOW,LOW-LOWE'S COS INC-2022.pdf,data/01_raw/sustainability/LOW/LOW-LOWE'S COS INC-2022.pdf,,original,63b4444c5a6eead24ebf21e7040626a4b5c8d5d0e634e169f123920ca43eb5f5,7447821,2026-07-24T23:06:18.472678+00:00,,,true,false,false,,eligible_candidate,true,2026-07-29T20:13:36.122843+00:00
ls_db1426efafd788226f104727,sv_ad2e38ba2bc588046add9f7c,fa_fdf72f077e2a8904488cd7a0,ea_a11f5803c1b42c6d2ed9540b,LOW,LOW,LOW-LOWE'S COS INC-2023.pdf,data/01_raw/sustainability/LOW/LOW-LOWE'S COS INC-2023.pdf,,original,3b3f691c328c02e07666fdb28117b0ac967fd1c141e7cd5a68237b4466486e2d,13177869,2026-07-24T23:06:24.099782+00:00,,,true,false,false,,eligible_candidate,true,2026-07-29T20:13:36.122843+00:00
ls_a39f1db2f24276a2e0acc129,sv_648d732e0dfd57394a03f756,fa_d84f215bfb5b5f49c9829d56,ea_109f208fd82733bdbb9742d6,LOW,LOW,LOW-LOWE'S COS INC-2024.pdf,data/01_raw/sustainability/LOW/LOW-LOWE'S COS INC-2024.pdf,,original,52611589578ef621ca413aa44e39bf049e153db588ecc71272673a6f9d108f8d,15078961,2026-07-24T23:06:31.530869+00:00,,,true,false,false,,eligible_candidate,true,2026-07-29T20:13:36.122843+00:00
ls_33e6e6278007b210b860a0f6,sv_61089ae5627bcc8bd144279b,fa_4cd0adf27397ad163ad24ea5,ea_1e232c988c5babb78533e459,LOW,LOW,LOW-LOWE'S COS INC-2015.pdf,data/01_raw/sustainability/LOW/LOW-LOWE'S COS INC-2015.pdf,,original,a7e496c38f55e654216d787e0b756bba1ca6481b3aa0d0bd40577149d437df46,3150077,2026-07-24T23:06:33.925120+00:00,,,true,false,false,,eligible_candidate,true,2026-07-29T20:13:36.122843+00:00
ls_10aa9a94b5c97c38702abae8,sv_5ac2ca98225484ca3e75aa7c,fa_a2d6222baf2e9b816f6e52ee,ea_7a2b663ecfa02a015aa28923,LOW,LOW,LOW-LOWE'S COS INC-2016.pdf,data/01_raw/sustainability/LOW/LOW-LOWE'S COS INC-2016.pdf,,original,1fbe5b34e806ef75e356bb786b022cf685cb09b6c58f7a6985bf99bee2664137,3617043,2026-07-24T23:06:36.508919+00:00,,,true,false,false,,eligible_candidate,true,2026-07-29T20:13:36.122843+00:00
ls_1fff332395b2af0d84704989,sv_b813dcb2c9b4e052073db20f,fa_93a9a5d3d91091f18534c56d,ea_291ad026c5183fc43622dd86,LOW,LOW,LOW-LOWE'S COS INC-2017.pdf,data/01_raw/sustainability/LOW/LOW-LOWE'S COS INC-2017.pdf,,original,3284b2827c921d64e51592a1e587c1c0b0de0ddad11687a7515ac34569285643,25143646,2026-07-24T23:06:42.504863+00:00,,,true,false,false,,eligible_candidate,true,2026-07-29T20:13:36.122843+00:00
ls_73ef606d2adfe4c4f7dca87c,sv_d0e3f7c62423afa261f82a81,fa_634e3cc83eb00415bd44deaf,ea_dab6d09c674e30f2778a5f3d,LOW,LOW,LOW-LOWE'S COS INC-2018.pdf,data/01_raw/sustainability/LOW/LOW-LOWE'S COS INC-2018.pdf,,original,f15428f96d51afb34a9c69d9e28f401c57a3709948e150d4d8ed2a35181f89c4,31580597,2026-07-24T23:06:47.713854+00:00,,,true,false,false,,eligible_candidate,true,2026-07-29T20:13:36.122843+00:00
ls_4e37773c64d7c63bebda5f47,sv_480a2ffb73ebad9221dc5ffe,fa_beacd5234ee146ea60fac984,ea_2d737fac962b9e2c28218a5f,LOW,LOW,LOW-LOWE'S COS INC-2019.pdf,data/01_raw/sustainability/LOW/LOW-LOWE'S COS INC-2019.pdf,,original,0e3fbf5b94aafb14605d97fec54116f45dfc9496def5aae4cc73eadb1472162c,13722944,2026-07-24T23:06:52.074511+00:00,,,true,false,false,,eligible_candidate,true,2026-07-29T20:13:36.122843+00:00
ls_c0a1203a561b3fdc3ce3abf9,sv_345e6abffd771f80384aeea2,fa_9c3606b2a887afcc2dc5da76,ea_19a0c65ca20c08088ccde831,LOW,LOW,LOW-LOWE'S COS INC-2020.pdf,data/01_raw/sustainability/LOW/LOW-LOWE'S COS INC-2020.pdf,,original,122bf96b77f3201981c36930565038b83f25e8b238eba887de5b5cba7902b76b,7520130,2026-07-24T23:06:57.556470+00:00,,,true,false,false,,eligible_candidate,true,2026-07-29T20:13:36.122843+00:00
ls_901d4747fcb64ddfbc7c9287,sv_31710d20bb171ee03ba47705,fa_6733fda4e6783ff5095aa8b4,ea_5680a8d137df6756f5f324dd,LULU,LULU,LULU-LULULEMON ATHLETICA INC-2020.pdf,data/01_raw/sustainability/LULU/LULU-LULULEMON ATHLETICA INC-2020.pdf,,original,efccb5b7c6d8ce78c228af9bfd70ea4dacad937cb14311e2fbc38a4ff4d4bd1e,3833658,2026-07-24T23:07:00.427128+00:00,,,true,false,false,,eligible_candidate,true,2026-07-29T20:13:36.122843+00:00
ls_59d20f3dcf28a5ed85f0004f,sv_06367ae93656c4d1d24a8e9f,fa_38fa32e53f797148b28dfb6d,ea_3b9463379950f317bda301c5,LULU,LULU,LULU-LULULEMON ATHLETICA INC-2021.pdf,data/01_raw/sustainability/LULU/LULU-LULULEMON ATHLETICA INC-2021.pdf,,original,f7ee81a1bede76e8308b0fa3907769e58fe1f342c44e345178560c80fa2dab3f,7422604,2026-07-24T23:07:02.563304+00:00,,,true,false,false,,eligible_candidate,true,2026-07-29T20:13:36.122843+00:00
ls_6c0ad16ac5fa133a45f0050c,sv_986a8f32586d0475d1727af7,fa_935d8baf88a9bc4b120caeb0,ea_3986ec35833b795f855d09a8,LULU,LULU,LULU-LULULEMON ATHLETICA INC-2022.pdf,data/01_raw/sustainability/LULU/LULU-LULULEMON ATHLETICA INC-2022.pdf,,original,8bde5ff8a8ce8fe15fdb437a9b4490921ea778f2f0ba048feb5e1339b3cda6a2,9434749,2026-07-24T23:07:08.080380+00:00,,,true,false,false,,eligible_candidate,true,2026-07-29T20:13:36.122843+00:00
ls_71258fb4ddc487d2342592d5,sv_4bb16ad8f9191cb64993b09c,fa_0f8c5e697656feae085d503f,ea_30fe21d40da203af2f32de4a,LULU,LULU,LULU-LULULEMON ATHLETICA INC-2023.pdf,data/01_raw/sustainability/LULU/LULU-LULULEMON ATHLETICA INC-2023.pdf,,original,d6afe441d102b37c231c82b4a25aad1de81a83a6d0c9b339b03b2d9ba5b45b09,7473603,2026-07-24T23:07:10.125198+00:00,,,true,false,false,,eligible_candidate,true,2026-07-29T20:13:36.122843+00:00
ls_f70e5245c858e0934173d3a1,sv_87fc1c551a894bd0097b07b4,fa_340b1ff635faa2a823885c94,ea_1615678ddb418d9d57a926bf,LULU,LULU,LULU-LULULEMON ATHLETICA INC-2024.pdf,data/01_raw/sustainability/LULU/LULU-LULULEMON ATHLETICA INC-2024.pdf,,original,ac200ad08b3a53e4cbfbe1dadbb4daa00e7b5077806c5f254634e77d9a6222fa,18550040,2026-07-24T23:07:13.452117+00:00,,,true,false,false,,eligible_candidate,true,2026-07-29T20:13:36.122843+00:00
ls_ba2feea009dc0471ddede982,sv_397d140d1e5930ba3db1d274,fa_14e57c3bb053381bdece37c3,ea_b355b2b2e05c4330202df666,LZB,LZB,LZB-LA-Z-BOY INC-2021.pdf,data/01_raw/sustainability/LZB/LZB-LA-Z-BOY INC-2021.pdf,,original,b6af49b7dbc05adb229903768c459eab3a707f75771564ba42b41b526e0bc8a5,7305185,2026-07-24T23:07:17.877413+00:00,,,true,false,false,,eligible_candidate,true,2026-07-29T20:13:36.122843+00:00
ls_4d9f63af8e9e42495b403c91,sv_04d5d86a33b9fd0ef49609c7,fa_e8e6e320dc041166bdda3799,ea_01783860de61a5b0a44dbb8a,LZB,LZB,LZB-LA-Z-BOY INC-2022.pdf,data/01_raw/sustainability/LZB/LZB-LA-Z-BOY INC-2022.pdf,,original,3f554ef04a7461755d02d319f4d4caee2756bf368900f9dcbc81f0825481f585,8081017,2026-07-24T23:07:21.270539+00:00,,,true,false,false,,eligible_candidate,true,2026-07-29T20:13:36.122843+00:00
ls_884b1e27ec6e8284ab271190,sv_d412f130cd0827a7f614f3ca,fa_a8bf9a86b50b370437d9a058,ea_bc1fa5b877813938ef79f4e6,LZB,LZB,LZB-LA-Z-BOY INC-2023.pdf,data/01_raw/sustainability/LZB/LZB-LA-Z-BOY INC-2023.pdf,,original,1b7139c408c2833d3738d8eac7ac7ba671bf67e90c00cd5461ee29da4f09f794,21157574,2026-07-24T23:07:27.710006+00:00,,,true,false,false,,eligible_candidate,true,2026-07-29T20:13:36.122843+00:00
ls_614808aa6385c85cf3d530fc,sv_4e0ed68c0472fcbee919fc0c,fa_01e05ee5a3652fd1e8993d46,ea_4f5a7e3e5ad320bb3a5dab06,LZB,LZB,LZB-LA-Z-BOY INC-2024.pdf,data/01_raw/sustainability/LZB/LZB-LA-Z-BOY INC-2024.pdf,,original,427f2394c948725976b01cde22d0a10ae9aba8a436e79983e4455be8239f5ace,10089475,2026-07-24T23:07:30.507617+00:00,,,true,false,false,,eligible_candidate,true,2026-07-29T20:13:36.122843+00:00
ls_6b1babbcdf7341a2083c4c82,sv_4077ed7d98c6d43d8aa83389,fa_920703459d8fa63b27408f26,ea_52e23ccf7c2e942d4aac80e0,LZB,LZB,LZB-LA-Z-BOY INC-2025.pdf,data/01_raw/sustainability/LZB/LZB-LA-Z-BOY INC-2025.pdf,,original,ddd05d46a8469db117418815e46a001ce4da5b4d57556a52309e5af484b4dff7,26437642,2026-07-24T23:07:39.451370+00:00,,,true,false,false,,eligible_candidate,true,2026-07-29T20:13:36.122843+00:00
ls_186566240995bd5e7824552f,sv_c68df6bbf0abfdf587b16c95,fa_dbb41110059d04019162dc88,ea_6c18b861d4423910eafec5ad,M,M,M-MACY'S INC-2021.pdf,data/01_raw/sustainability/M/M-MACY'S INC-2021.pdf,,original,b26c471fb0d3b1e5098b8458de8d97a0e9ec6afc189ef91392cd71355344a75d,1976075,2026-07-24T23:07:41.226658+00:00,,,true,false,false,,eligible_candidate,true,2026-07-29T20:13:36.122843+00:00
ls_a6ff238b1037581effd3b98d,sv_fec7bbcc1af914595f4e6318,fa_ebd29221934f21a1aa425f2f,ea_04c9cfa3a1c983051fc288bd,M,M,M-MACY'S INC-2022.pdf,data/01_raw/sustainability/M/M-MACY'S INC-2022.pdf,,original,f73a2f10e4edac979686a83508433de4c786849dc7983e8afd1c45c2bc06d076,11911330,2026-07-24T23:07:45.684716+00:00,,,true,false,false,,eligible_candidate,true,2026-07-29T20:13:36.122843+00:00
ls_c79c32914cb7920a89dbedbf,sv_44d107a2cfc3c9d268be9df0,fa_5d55d75f4cb09ca6bea3ec05,ea_d8694e75750bfd1900a64ab6,M,M,M-MACY'S INC-2023.pdf,data/01_raw/sustainability/M/M-MACY'S INC-2023.pdf,,original,dd3f2cc3ecda065b59105e9e9c9ca2ff1f57ac4d06264ba62eb4d0179ac84b6e,16912496,2026-07-24T23:07:49.662151+00:00,,,true,false,false,,eligible_candidate,true,2026-07-29T20:13:36.122843+00:00
ls_a3e9a66f9d3f1ddcce124ca3,sv_25a1e881977b489b706531f5,fa_9442f81b9c635eaff909cb97,ea_c13e08a231860cd033cd0cf0,M,M,M-MACY'S INC-2024.pdf,data/01_raw/sustainability/M/M-MACY'S INC-2024.pdf,,original,88a1ed624d24352f33e2aac23622ab7291d11c5e5edddeeb9f6bff86ada91ffb,5924157,2026-07-24T23:07:53.130674+00:00,,,true,false,false,,eligible_candidate,true,2026-07-29T20:13:36.122843+00:00
ls_5b30c6796efc3e3126093d32,sv_607609c05fd300c2f167adc7,fa_d181666119eae4bce1312a2f,ea_bd526bea9ea7955e2db42966,M,M,M-MACY'S INC-2025.pdf,data/01_raw/sustainability/M/M-MACY'S INC-2025.pdf,,original,0ac09a499b55da5fa61cc2a9dc75fc4f3c0cafdfe7c842af3c5b148e085c253e,5961662,2026-07-24T23:07:56.624874+00:00,,,true,false,false,,eligible_candidate,true,2026-07-29T20:13:36.122843+00:00
ls_d59acaf0aa8f7f1d7b4992e0,sv_f2b190a1776256d0a720f221,fa_be6c7f53cfacf94c77da7163,ea_1e6f49e5cf3ae4c9bce1da4c,M,M,M-MACY'S INC-2018.pdf,data/01_raw/sustainability/M/M-MACY'S INC-2018.pdf,,original,d488a35ef80530b42dcc3c44548aedc4446c3ca9e86087c0c8af98e9f5439f7b,5481408,2026-07-24T23:07:58.497880+00:00,,,true,false,false,,eligible_candidate,true,2026-07-29T20:13:36.122843+00:00
ls_17bb3c8a1e6540611ae9a741,sv_fc736b2d9b80d03597aa19b0,fa_3696f805cb8fe1e712f6a49c,ea_a2591025f31cef908d9ffe8b,M,M,M-MACY'S INC-2020.pdf,data/01_raw/sustainability/M/M-MACY'S INC-2020.pdf,,original,0d7fd248e83e46e07633b45af7da61979804316cc67a3a87ba0f4e45b43ccce9,13686424,2026-07-24T23:08:02.016748+00:00,,,true,false,false,,eligible_candidate,true,2026-07-29T20:13:36.122843+00:00
ls_d6745747b738efa2d856b6f0,sv_25e1e0aae49ea29a35aabc12,fa_3357389cc17516a64c77f217,ea_907860bbed389f9475ad9ca1,MELI,MELI,MELI-MERCADOLIBRE-2021.pdf,data/01_raw/sustainability/MELI/MELI-MERCADOLIBRE-2021.pdf,,original,12f182819a8e69e2768d0372598487f625d880b49e2c380b0fe5538cca4a5aa1,24455195,2026-07-24T23:08:07.222120+00:00,,,true,false,false,,eligible_candidate,true,2026-07-29T20:13:36.122843+00:00
ls_4520475c11ec8857d6d9ca21,sv_b822a4a32359a2203abbb48c,fa_9ad132e7ecfb27f216448dfb,ea_a69c998abb7b52e96c3f5e1a,MELI,MELI,MELI-MERCADOLIBRE-2022.pdf,data/01_raw/sustainability/MELI/MELI-MERCADOLIBRE-2022.pdf,,original,7551f897204e0d2d04fd4aec59cd6682a0b4e8e226181a4c03b5c1f827237608,3545068,2026-07-24T23:08:08.954375+00:00,,,true,false,false,,eligible_candidate,true,2026-07-29T20:13:36.122843+00:00
ls_15a9589291f7986ca0a6e07c,sv_9e6f8a702a9532535c3c6f46,fa_db2f3b87560a2bb74bd6e181,ea_a7a6572fb6c4a2342b86da2f,MELI,MELI,MELI-MERCADOLIBRE-2023.pdf,data/01_raw/sustainability/MELI/MELI-MERCADOLIBRE-2023.pdf,,original,8abfbf510b2fc8d7a8d3797eab1af7f2a41e50c086070db47b671e507695444e,3774438,2026-07-24T23:08:11.271221+00:00,,,true,false,false,,eligible_candidate,true,2026-07-29T20:13:36.122843+00:00
ls_023ecfd06d7df3c8af8e17d0,sv_2fb31ae3419d11f447eae1c2,fa_211824479242958c56888e00,ea_7a7a31b3eecf2793b27b958c,MELI,MELI,MELI-MERCADOLIBRE-2024.pdf,data/01_raw/sustainability/MELI/MELI-MERCADOLIBRE-2024.pdf,,original,002a4da0e00614249cf71ff5eedac1694766652a78074728c318bd20d86408ba,9947644,2026-07-24T23:08:14.679228+00:00,,,true,false,false,,eligible_candidate,true,2026-07-29T20:13:36.122843+00:00
ls_44a836a4feb7d6f6d8fa4fc9,sv_9f4d1af50c5e75fa2122c796,fa_143c0b6959979c4d8ab1899d,ea_a84c78ec8e584ff9fe29a03e,MELI,MELI,MELI-MERCADOLIBRE-2025.pdf,data/01_raw/sustainability/MELI/MELI-MERCADOLIBRE-2025.pdf,,original,522f078c6635288fb9bb06e8bb3d3b02f75d2ad712fb0d2ea5c64b616ea9e5ef,24759564,2026-07-24T23:08:18.885205+00:00,,,true,false,false,,eligible_candidate,true,2026-07-29T20:13:36.122843+00:00
ls_730f8faa1ab2349dcc12b34b,sv_aff2cf9c1917116c9ef66ed5,fa_eeee51456c92416fa6666984,ea_d270186a50134ae086b5bfbe,MHK,MHK,MHK-MOHAWK INDUSTRIES INC-2016.pdf,data/01_raw/sustainability/MHK/MHK-MOHAWK INDUSTRIES INC-2016.pdf,,original,63b1c82e09bcdba7f17c24debf2463470f259b768dcca38b80fe1a1f70bfb9f4,6636810,2026-07-24T23:08:22.328888+00:00,,,true,false,false,,eligible_candidate,true,2026-07-29T20:13:36.122843+00:00
ls_e6731e06f5d7fec998d76475,sv_dc643acedda592b73487f08d,fa_63867358ab583cf0a95b1d23,ea_5a5a8d09e16a441feb19529f,MHK,MHK,MHK-MOHAWK INDUSTRIES INC-2017.pdf,data/01_raw/sustainability/MHK/MHK-MOHAWK INDUSTRIES INC-2017.pdf,,original,146394c93bf3344ea71e3b8d4753d7389f2e46a9d4142c07fd4677de019e89ec,5875758,2026-07-24T23:08:25.834723+00:00,,,true,false,false,,eligible_candidate,true,2026-07-29T20:13:36.122843+00:00
ls_0aea9a8295acf9654eed05a7,sv_c877c0c813a5c3b6b528a570,fa_1f1fbf78dcb1e799a64efaa5,ea_e33a90c4eb9f3e42e3c8feb7,MHK,MHK,MHK-MOHAWK INDUSTRIES INC-2018.pdf,data/01_raw/sustainability/MHK/MHK-MOHAWK INDUSTRIES INC-2018.pdf,,original,3ed53b797a040c36116dc3c6dec4e20ed4f6abf47ff198be72b94af91b86dfe2,18027892,2026-07-24T23:08:31.777523+00:00,,,true,false,false,,eligible_candidate,true,2026-07-29T20:13:36.122843+00:00
ls_3f4c44c3d57c8e66f74769d3,sv_a75040aa012087fbaf02cea6,fa_35bc4a66aab74f3882e0a365,ea_c9646ea613777434fc86a70b,MHK,MHK,MHK-MOHAWK INDUSTRIES INC-2019.pdf,data/01_raw/sustainability/MHK/MHK-MOHAWK INDUSTRIES INC-2019.pdf,,original,de2c49b7c79b435fea3f3218924047b6dbabc5a1d125e064033042fce416bb43,5386106,2026-07-24T23:08:34.621351+00:00,,,true,false,false,,eligible_candidate,true,2026-07-29T20:13:36.122843+00:00
ls_c97772ae10a5867dc520d43b,sv_bc17f5ba995cfcfc639e268d,fa_f0d1aab1ae7566c1a2cd79a1,ea_4b9581ace0fbd87ed59c3ee9,MHK,MHK,MHK-MOHAWK INDUSTRIES INC-2020.pdf,data/01_raw/sustainability/MHK/MHK-MOHAWK INDUSTRIES INC-2020.pdf,,original,31ecfb5b12634aeb64f35754e7b78ed65d2697c3d25b0652ad8902ac83aa1feb,12620929,2026-07-24T23:08:39.258531+00:00,,,true,false,false,,eligible_candidate,true,2026-07-29T20:13:36.122843+00:00
ls_a38e5891d88beaba79d0c8b2,sv_c26e33737be34eae57a55542,fa_48823478093b12acfcf1ecc8,ea_c58e34777812782945d0e89b,MHK,MHK,MHK-MOHAWK INDUSTRIES INC-2021.pdf,data/01_raw/sustainability/MHK/MHK-MOHAWK INDUSTRIES INC-2021.pdf,,original,5b33863b6c07226c3173954c989d112c07a7fd0d45f50c7fcd9d72614497c705,14024310,2026-07-24T23:08:43.931713+00:00,,,true,false,false,,eligible_candidate,true,2026-07-29T20:13:36.122843+00:00
ls_32f98b67f28bfecc855398de,sv_ae00c874a5822e2bf954c665,fa_b1a4f4609b40f86e0acd58f1,ea_2359e5c8e183c75fb96f6801,MHK,MHK,MHK-MOHAWK INDUSTRIES INC-2022.pdf,data/01_raw/sustainability/MHK/MHK-MOHAWK INDUSTRIES INC-2022.pdf,,original,7fa482dcbeb98e6234c727fdc18b6850cdaa5f16c10a654dfac872deaee29d6c,14780015,2026-07-24T23:08:49.488168+00:00,,,true,false,false,,eligible_candidate,true,2026-07-29T20:13:36.122843+00:00
ls_ca8ab22a9538a67bc07bf033,sv_28ebc7c15309df0bee80b80a,fa_2495e1f7a61e0e0797c80964,ea_16a6ec4b43e5653093a3b891,MHK,MHK,MHK-MOHAWK INDUSTRIES INC-2023.pdf,data/01_raw/sustainability/MHK/MHK-MOHAWK INDUSTRIES INC-2023.pdf,,original,9157c2dfcaf0845c084b9e03b8830127549c5980d044eb6e33c5d1001baa7db3,32197628,2026-07-24T23:08:52.962125+00:00,,,true,false,false,,eligible_candidate,true,2026-07-29T20:13:36.122843+00:00
ls_d9a4b25ad6576f4621d87e1b,sv_683965dc3f2adee38bd7386e,fa_fee7fbacd520b8de2d9ebb3b,ea_f3cf72eb78ca708d2022b015,MHK,MHK,MHK-MOHAWK INDUSTRIES INC-2024.pdf,data/01_raw/sustainability/MHK/MHK-MOHAWK INDUSTRIES INC-2024.pdf,,original,f332c05b9ed8484089618bd88aed560a0c310f233167b92b49a0f5b63a1e2513,22167116,2026-07-24T23:08:57.555275+00:00,,,true,false,false,,eligible_candidate,true,2026-07-29T20:13:36.122843+00:00
ls_9eb121cfd67714cf44b98a95,sv_9d5020ada83e4e9348ddbd63,fa_5143e6ab2022c9a30762d6be,ea_c0de7d074ccfcc12f28ddca9,MHK,MHK,MHK-MOHAWK INDUSTRIES INC-2025.pdf,data/01_raw/sustainability/MHK/MHK-MOHAWK INDUSTRIES INC-2025.pdf,,original,82c89dd0bbfb09f4f293781c1112dfee5ad53c9b32c5137efcb2b43caaad3823,8346648,2026-07-24T23:09:00.016649+00:00,,,true,false,false,,eligible_candidate,true,2026-07-29T20:13:36.122843+00:00
ls_507d0492c13f2013a075e241,sv_e33ffc3096d95bbce7a937ba,fa_4e0306887b5b22bafe146a33,ea_ee587147e58ba979710643ea,MNRO,MNRO,MNRO-MONRO INC-2021.pdf,data/01_raw/sustainability/MNRO/MNRO-MONRO INC-2021.pdf,,original,ea0ec144e367b341b47bbf6e7c6645f7965bd68bb39026b3568c8e9a488c33af,14982541,2026-07-24T23:09:03.104797+00:00,,,true,false,false,,eligible_candidate,true,2026-07-29T20:13:36.122843+00:00
ls_1936a9555190d697456e1a12,sv_952e6c2cc231f3caa5b9318f,fa_bacf26e955a94fc47076bd74,ea_2a213a0d38a13c0d4a90a363,MNRO,MNRO,MNRO-MONRO INC-2022.pdf,data/01_raw/sustainability/MNRO/MNRO-MONRO INC-2022.pdf,,original,ec75f5de283b34a7a0f066f96658064259eaff50ec1b30705cab3da1b12df97b,16229145,2026-07-24T23:09:08.870954+00:00,,,true,false,false,,eligible_candidate,true,2026-07-29T20:13:36.122843+00:00
ls_bce84bd40d515d68fc79b8df,sv_1aecef32f38fc72cb8f47a29,fa_9f6bdb73991a93c918fff2e4,ea_3e0e4e90f67a22aa6ad0507f,MNRO,MNRO,MNRO-MONRO INC-2023.pdf,data/01_raw/sustainability/MNRO/MNRO-MONRO INC-2023.pdf,,original,f019dcfece25943811c76c5d81ab426bf0fb00bea92d58f9f25f7271210227ff,16259260,2026-07-24T23:09:11.954010+00:00,,,true,false,false,,eligible_candidate,true,2026-07-29T20:13:36.122843+00:00
ls_0db7488fea95ababff0bd6f6,sv_e12b47c9a9d8015edd20451a,fa_47491c578c918f23f4e9f0d7,ea_a554b15eac9162c27d85e528,MNRO,MNRO,MNRO-MONRO INC-2024.pdf,data/01_raw/sustainability/MNRO/MNRO-MONRO INC-2024.pdf,,original,b2cd07c22ef452b93d442acc8c312d5fe15d72fde08d617706b92ad494c4c079,14905778,2026-07-24T23:09:14.632628+00:00,,,true,false,false,,eligible_candidate,true,2026-07-29T20:13:36.122843+00:00
ls_3a55532a45b616c734586342,sv_624db563ff5b5a0bb498829f,fa_5050af5146762628e6ba2e12,ea_cb8f87c5ef8c38d910169b77,MNRO,MNRO,MNRO-MONRO INC-2025.pdf,data/01_raw/sustainability/MNRO/MNRO-MONRO INC-2025.pdf,,original,ea7615bc918e3423b839fb0c69ea6e9197ea21e9545fc837b9a9457bdb2ffc4c,29758901,2026-07-24T23:09:20.510457+00:00,,,true,false,false,,eligible_candidate,true,2026-07-29T20:13:36.122843+00:00
ls_153f9b5760e173742726dd53,sv_ce6d0813835219f4ffe45023,fa_b0745ef5888a063814df58a7,ea_13b9b5be931b3eef652aa65a,MOV,MOV,MOV-MOVADO GROUP INC-2021.pdf,data/01_raw/sustainability/MOV/MOV-MOVADO GROUP INC-2021.pdf,,original,d4cf266b5ed30d22d6f660d223712082b62eceef4f42ffbad217052acb701f28,2956652,2026-07-24T23:09:22.360960+00:00,,,true,false,false,,eligible_candidate,true,2026-07-29T20:13:36.122843+00:00
ls_3ffe64b9a10b964b4b97e93c,sv_60bc4d41831e7ded89f01b5e,fa_66c93d0c6d698a3a49a3bbf2,ea_a7823936131ea84cd8aeaa8f,MOV,MOV,MOV-MOVADO GROUP INC-2022.pdf,data/01_raw/sustainability/MOV/MOV-MOVADO GROUP INC-2022.pdf,,original,f97cccb47eef086297e466fa847d7126202d1c9fd0ccef13c7b921761feb6870,27774745,2026-07-24T23:09:27.640137+00:00,,,true,false,false,,eligible_candidate,true,2026-07-29T20:13:36.122843+00:00
ls_d80751b65a3f47fbaa9c2786,sv_d60d649fdec85be3809cc08c,fa_3ff710c8f309e601d58255ed,ea_0200438dce2d04e7cb390c6d,MOV,MOV,MOV-MOVADO GROUP INC-2023.pdf,data/01_raw/sustainability/MOV/MOV-MOVADO GROUP INC-2023.pdf,,original,e221a4f6c2e5c00bd60361e571b1682a349439d43ad3f645a8373cdc7d80876a,9326446,2026-07-24T23:09:30.609827+00:00,,,true,false,false,,eligible_candidate,true,2026-07-29T20:13:36.122843+00:00
ls_a1dc20fdcd86e1b02da6dfa2,sv_df5aeda96301256b2e77b447,fa_cf237e1ec1fe00dc1b448584,ea_ba75bda94bc4766e968d5dcf,MOV,MOV,MOV-MOVADO GROUP INC-2024.pdf,data/01_raw/sustainability/MOV/MOV-MOVADO GROUP INC-2024.pdf,,original,85ac0ef1db28196f1b61e647043d19431d32a493328bd130aa323b26fafceaf8,21742674,2026-07-24T23:09:34.841458+00:00,,,true,false,false,,eligible_candidate,true,2026-07-29T20:13:36.122843+00:00
ls_fdf658c136b973df9aeeb9d6,sv_e82daecdf870bf2268382883,fa_093a86420aa5f87d0cbc571a,ea_45aac255520c9ce1ccd88093,MOV,MOV,MOV-MOVADO GROUP INC-2025.pdf,data/01_raw/sustainability/MOV/MOV-MOVADO GROUP INC-2025.pdf,,original,5a8a47d39c0337ba70c9d56fb1873e43275d66c3cfbc7bf987364c3ea96bcdc9,28076458,2026-07-24T23:09:40.660425+00:00,,,true,false,false,,eligible_candidate,true,2026-07-29T20:13:36.122843+00:00
ls_5e6f12f750710da55c9202bb,sv_6481eac75a0e9b3e36380439,fa_8c41f1c3d1beb6dd6c7f7cea,ea_7f180c3e2730d9a82043e041,MUSA,MUSA,MUSA-MURPHY USA INC-2021.pdf,data/01_raw/sustainability/MUSA/MUSA-MURPHY USA INC-2021.pdf,,original,f4b0d8c6b2f747a46fe9e0f860b1468f0595689cd5cdfe9a4820f328ea1496dd,4208913,2026-07-24T23:09:44.139272+00:00,,,true,false,false,,eligible_candidate,true,2026-07-29T20:13:36.122843+00:00
ls_481cc424ce4ce1b238816cf4,sv_46523fef0a3b36ac4e00381b,fa_73d03ba883c9e15de97aafb1,ea_0c08b1340b4897f0c00a3ec1,MUSA,MUSA,MUSA-MURPHY USA INC-2022.pdf,data/01_raw/sustainability/MUSA/MUSA-MURPHY USA INC-2022.pdf,,original,ee5e4de079253a665412528030edc041a50772360958738e47d4ba82425ae0af,17163498,2026-07-24T23:09:47.498505+00:00,,,true,false,false,,eligible_candidate,true,2026-07-29T20:13:36.122843+00:00
ls_7c50673d5ce56de1dd2f53ab,sv_c654ba57d1665249cba1c579,fa_8105e8c4f68485cc7652dd1e,ea_3d41345f5236a5c862c49db4,MUSA,MUSA,MUSA-MURPHY USA INC-2023.pdf,data/01_raw/sustainability/MUSA/MUSA-MURPHY USA INC-2023.pdf,,original,ee8c27ea6534db16d1974d876ac667b42c3575c053d4a83d3e7e066efc09db93,7737054,2026-07-24T23:09:49.812192+00:00,,,true,false,false,,eligible_candidate,true,2026-07-29T20:13:36.122843+00:00
ls_e51c2703a285640c7adcb390,sv_c8c1148c9ae9e30604b29a64,fa_7ef9237f34219671cf294049,ea_8af8af37d73575e1ccd73959,MUSA,MUSA,MUSA-MURPHY USA INC-2024.pdf,data/01_raw/sustainability/MUSA/MUSA-MURPHY USA INC-2024.pdf,,original,4852fcda5152862ae54f95eff6ec02ef9f11eb632a4ff2e2ed719010d26bf8d2,100918589,2026-07-24T23:10:00.555530+00:00,,,true,false,false,,eligible_candidate,true,2026-07-29T20:13:36.122843+00:00
ls_0beaad21eebf9dbe899a021b,sv_1cb0f0f7587c3428e6829834,fa_2ce0e404f16ac1b113f83269,ea_68d75da2b0ab287a9a1dcaf3,NGVC,NGVC,NGVC-NATURAL GROCERS VITAMIN CTGE-2021.pdf,data/01_raw/sustainability/NGVC/NGVC-NATURAL GROCERS VITAMIN CTGE-2021.pdf,,original,779228818f79bfd984f80f95bd20ce4e5f64694dd45b44121b2b02ce09cb2771,17109447,2026-07-29T10:00:10.808721+00:00,NGVC__2021__sustainability_report__01,,true,false,false,,eligible_candidate,true,2026-07-29T20:13:36.122843+00:00
ls_4177e762e7271e7a665d4f75,sv_445662244e90fa094fc6bd34,fa_fd9bc915e62fd91da684419b,ea_80240c4c514c62f0831ea58b,NGVC,NGVC,NGVC-NATURAL GROCERS VITAMIN CTGE-2022.pdf,data/01_raw/sustainability/NGVC/NGVC-NATURAL GROCERS VITAMIN CTGE-2022.pdf,,original,f4f12524dc7f384be57e23bc8c1fda1c1b84814f5575603c6762c95a9caf3fdd,19051322,2026-07-29T10:00:15.027849+00:00,NGVC__2022__sustainability_report__01,,true,false,false,,eligible_candidate,true,2026-07-29T20:13:36.122843+00:00
ls_05351f8a936a534042926cd7,sv_a6f651f4230e6966c192612c,fa_00f1bde7fa056747ba5001c7,ea_bb6d1ee3878d09f71ce5cc6f,NGVC,NGVC,NGVC-NATURAL GROCERS VITAMIN CTGE-2023.pdf,data/01_raw/sustainability/NGVC/NGVC-NATURAL GROCERS VITAMIN CTGE-2023.pdf,,original,de08aa36eb53799d5e83ba31e6526bbe3d12a2279e6d09f357b5f5046bf4c187,28372782,2026-07-24T23:10:21.928360+00:00,,,true,false,false,,eligible_candidate,true,2026-07-29T20:13:36.122843+00:00
ls_9bee244e288ef20111a473e1,sv_a71c483b90ad4d6d8190be54,fa_0c7773ccbd5716d606999846,ea_c6a4c65464c6bd4694acebf5,NGVC,NGVC,NGVC-NATURAL GROCERS VITAMIN CTGE-2024.pdf,data/01_raw/sustainability/NGVC/NGVC-NATURAL GROCERS VITAMIN CTGE-2024.pdf,,original,aa1797fb657a1a973f8d952762c8c989d5a27666500f192e411a4b4f5a168752,57089142,2026-07-24T23:10:30.641197+00:00,,,true,false,false,,eligible_candidate,true,2026-07-29T20:13:36.122843+00:00
ls_301beab60817b4aebc2fd923,sv_81e191ff81c3f4a78f2553d1,fa_cda917fe5355a77bf2e419cc,ea_690d862aafda110af3e41708,NGVC,NGVC,NGVC-NATURAL GROCERS VITAMIN CTGE-2025.pdf,data/01_raw/sustainability/NGVC/NGVC-NATURAL GROCERS VITAMIN CTGE-2025.pdf,,original,6bd1ee8ccd245f025d834937d27f73057d58411f1dc152165e39d4902e1a7ba8,42242328,2026-07-24T23:10:35.715758+00:00,,,true,false,false,,eligible_candidate,true,2026-07-29T20:13:36.122843+00:00
ls_30bae743a658effd3cf9dbd2,sv_da6c8a27f862a30dfc500d55,fa_973ab1450b8064b00cbd5fa9,ea_ac9488f2e5f71fc1c7d0b7ab,NKE,NKE,NKE-NIKE INC -CL B-2014-2015.pdf,data/01_raw/sustainability/NKE/NKE-NIKE INC -CL B-2014-2015.pdf,,original,b22227ad615b61c104bbbef0bf332802af40b60cd38bef2f7dd83edcd3809c10,6240087,2026-07-24T23:10:39.686551+00:00,,,true,false,false,,eligible_candidate,true,2026-07-29T20:13:36.122843+00:00
ls_5e2282bdd6ef60d0d9c04ac2,sv_297851fde2d441e5252548ef,fa_85337a7da940582886e0a3e3,ea_eeab66189b75da542241b931,NKE,NKE,NKE-NIKE INC -CL B-2016-2017.pdf,data/01_raw/sustainability/NKE/NKE-NIKE INC -CL B-2016-2017.pdf,,original,54a17ceed6698332b1de71f3eebda7ab565e7997db943395d497ccb5f24c517a,6525924,2026-07-24T23:10:44.692940+00:00,,,true,false,false,,eligible_candidate,true,2026-07-29T20:13:36.122843+00:00
ls_c26a84c1f8b5e8ba7b4ff621,sv_f88381aeac9681172f9b9de2,fa_6b86d16199d9b77dfa667c6e,ea_496808fe11a1c489154927ed,NKE,NKE,NKE-NIKE INC -CL B-2018.pdf,data/01_raw/sustainability/NKE/NKE-NIKE INC -CL B-2018.pdf,,original,53aad83c8d5f9f09ed79a751cc29e508bd737f8d28748c56d680c27f145ebff8,7415762,2026-07-24T23:10:48.125159+00:00,,,true,false,false,,eligible_candidate,true,2026-07-29T20:13:36.122843+00:00
ls_dcd11a8fa799068dd02f3364,sv_ba41e93439fd5294e9c7ef13,fa_aa93889164195bdc092d30d3,ea_9c8a50aa38098dbae55a0f90,NKE,NKE,NKE-NIKE INC -CL B-2019.pdf,data/01_raw/sustainability/NKE/NKE-NIKE INC -CL B-2019.pdf,,original,7db5c0439c7112040ea750505171ec561f014215f49219fb14eee9a524dabf7f,11701953,2026-07-24T23:10:53.925667+00:00,,,true,false,false,,eligible_candidate,true,2026-07-29T20:13:36.122843+00:00
ls_8b824cbdebb50270d1801b5a,sv_1f973d9bee9a422f40b2a0be,fa_65151af17e3dbc41aa434865,ea_644ac53fc4bcfd602930d98c,NKE,NKE,NKE-NIKE INC -CL B-2020.pdf,data/01_raw/sustainability/NKE/NKE-NIKE INC -CL B-2020.pdf,,original,36f0843df42d331267bf93b2df440e682699d4c48b200e53fca2d22abf51c495,5256322,2026-07-24T23:10:56.182636+00:00,,,true,false,false,,eligible_candidate,true,2026-07-29T20:13:36.122843+00:00
ls_0d0be89190ac94c20018da4a,sv_fcadc244febc03604571e49d,fa_df5f12c9e982413f7ab2cea4,ea_3250dfb835f85adb5d148b16,NKE,NKE,NKE-NIKE INC -CL B-2021.pdf,data/01_raw/sustainability/NKE/NKE-NIKE INC -CL B-2021.pdf,,original,66c3f41c5bc8cd55439b44d5e2c42b9891d53459a10f0c3ec3dfea761215acb6,10462766,2026-07-24T23:10:59.360098+00:00,,,true,false,false,,eligible_candidate,true,2026-07-29T20:13:36.122843+00:00
ls_c7cf35f4ca6ba1b02ee0a238,sv_b20a8c3c629a1819da30a5fc,fa_edb3b69fdd534790efb3f1e4,ea_cad25cddaac00bef7d541528,NKE,NKE,NKE-NIKE INC -CL B-2022.pdf,data/01_raw/sustainability/NKE/NKE-NIKE INC -CL B-2022.pdf,,original,b6ac4f5e4835a4351d186bc1b790009507c7f8eacdc36172f008a1c15b076241,25406264,2026-07-24T23:11:05.644731+00:00,,,true,false,false,,eligible_candidate,true,2026-07-29T20:13:36.122843+00:00
ls_eea811a200af8e99ee39c499,sv_2882cdcf5347149bcac04195,fa_c23acc5bde694788c4fab796,ea_97a507aa1d54756897cb107c,NKE,NKE,NKE-NIKE INC -CL B-2023.pdf,data/01_raw/sustainability/NKE/NKE-NIKE INC -CL B-2023.pdf,,original,cf68e0a2fcf537037b354186fb5f4e2abbf2a7c55bf85caf09553a25b0e32d71,23075168,2026-07-24T23:11:10.583567+00:00,,,true,false,false,,eligible_candidate,true,2026-07-29T20:13:36.122843+00:00
ls_c5d2214ff1233aa0a65b71cb,sv_36495917afb88efa324f939a,fa_aca5f3b4b1b2f85f4d6f426e,ea_1fe2e82a76f03e033f0f9047,NKE,NKE,NKE-NIKE INC -CL B-2024.pdf,data/01_raw/sustainability/NKE/NKE-NIKE INC -CL B-2024.pdf,,original,0327eaa5b5bc9140d1d890c504bdfe95c60054edbda7a2fad8dc1b26c420f690,1386026,2026-07-24T23:11:12.838113+00:00,,,true,false,false,,eligible_candidate,true,2026-07-29T20:13:36.122843+00:00
ls_24b1b7cb95e3784a2d16fa9e,sv_7a2de10925c49988d3349272,fa_7b2b99e861b3c8e3fde2ba8a,ea_a91031a4d7ecd5b6ae3f7bf1,NWL,NWL,NWL-NEWELL BRANDS INC-2019.pdf,data/01_raw/sustainability/NWL/NWL-NEWELL BRANDS INC-2019.pdf,,original,cd9348f28b0f4bc3028d08097f5e7aa3f2234a336d3b8b61fe0e228816b14c39,20809961,2026-07-24T23:11:17.719232+00:00,,,true,false,false,,eligible_candidate,true,2026-07-29T20:13:36.122843+00:00
ls_d10bb7ea2322d5c9e8fa47c0,sv_d8fab0b483ca20676a541511,fa_77b789e8cc098afd487dbaf6,ea_4a04f3e9922d76fd64ccc0da,NWL,NWL,NWL-NEWELL BRANDS INC-2020.pdf,data/01_raw/sustainability/NWL/NWL-NEWELL BRANDS INC-2020.pdf,,original,6a2660476ac56a307592d28a0a6f838b9ca8399e189727797fca6eadb3272129,9694305,2026-07-24T23:11:19.520196+00:00,,,true,false,false,,eligible_candidate,true,2026-07-29T20:13:36.122843+00:00
ls_63abb1e58b02f6d38751bbcc,sv_530c6866c6708e8b080fc78f,fa_659e3bf2e71b8814925e1785,ea_d4573e80b03534099cae4200,NWL,NWL,NWL-NEWELL BRANDS INC-2021.pdf,data/01_raw/sustainability/NWL/NWL-NEWELL BRANDS INC-2021.pdf,,original,0f12624ac2369dad1249f762e8a2612db74a7b4dec38f5acca8140a973792453,12326074,2026-07-24T23:11:21.943772+00:00,,,true,false,false,,eligible_candidate,true,2026-07-29T20:13:36.122843+00:00
ls_922ffa5c6cf700751b84fa84,sv_f10e3e710720cda3c79ec78e,fa_2ac01532f2a38e76887309ea,ea_790ae14a24c63d2e083715e0,NWL,NWL,NWL-NEWELL BRANDS INC-2022.pdf,data/01_raw/sustainability/NWL/NWL-NEWELL BRANDS INC-2022.pdf,,original,1d5d41b75f434a16a00ad0c3cd2dc1e5475e87383c7896b483ba7643b31cb390,9868702,2026-07-24T23:11:24.281334+00:00,,,true,false,false,,eligible_candidate,true,2026-07-29T20:13:36.122843+00:00
ls_5d80e3bff2330f0d702ca49e,sv_09d6095283d04409537d9af9,fa_111e0fc6223465721768928f,ea_3c5c17abeb7921c2aed12189,NWL,NWL,NWL-NEWELL BRANDS INC-2023.pdf,data/01_raw/sustainability/NWL/NWL-NEWELL BRANDS INC-2023.pdf,,original,08348eddc845d16d9ba9003f39c6bf987b98cf967dcf8be5a03223a4efdca0aa,11911499,2026-07-24T23:11:27.529082+00:00,,,true,false,false,,eligible_candidate,true,2026-07-29T20:13:36.122843+00:00
ls_989c5fbc014eab6ae7a07ce3,sv_679c295e4f6f3d2ab2380f0d,fa_b7630ece5cb256339655397f,ea_48f4e8dc3d5f39d726b6760f,NWL,NWL,NWL-NEWELL BRANDS INC-2024.pdf,data/01_raw/sustainability/NWL/NWL-NEWELL BRANDS INC-2024.pdf,,original,23da49d58c6abb5594ce0c47f5e3a3b05f22fc7cbe33235d12c0dba421badcfe,5928379,2026-07-24T23:11:30.295328+00:00,,,true,false,false,,eligible_candidate,true,2026-07-29T20:13:36.122843+00:00
ls_219c2be42e0bac3a68f7906a,sv_52fc3ecfbac6fc452cc62ea8,fa_1cf86b9bdc145ad1c436d5b1,ea_70bee475574791605214fd16,NWL,NWL,NWL-NEWELL BRANDS INC-2025.pdf,data/01_raw/sustainability/NWL/NWL-NEWELL BRANDS INC-2025.pdf,,original,5875c83463126c04d80f84e3cfc9f2ad6ac6dff6b84b4a67ae5762104332685e,8012163,2026-07-24T23:11:32.466872+00:00,,,true,false,false,,eligible_candidate,true,2026-07-29T20:13:36.122843+00:00
ls_3494e0c1a5d687044f27d3e4,sv_d46089cd1a5d132109d2bb3a,fa_5fbcdbd0ee941c085dca57a2,ea_e1d717d195764afb01eb83e1,ORLY,ORLY,ORLY-O'REILLY AUTOMOTIVE INC-2021.pdf,data/01_raw/sustainability/ORLY/ORLY-O'REILLY AUTOMOTIVE INC-2021.pdf,,original,fec65e3b71731aeee655e422cbc88dbb0dc3a0e4fd4c2d1906ba3ca624654f6e,4797848,2026-07-24T23:11:37.350691+00:00,,,true,false,false,,eligible_candidate,true,2026-07-29T20:13:36.122843+00:00
ls_15876b2feedef43f3af58139,sv_6273b180b3610a8a41724b18,fa_7192f7c63c6f1891f91ef43a,ea_924275809d22024abf3e5153,ORLY,ORLY,ORLY-O'REILLY AUTOMOTIVE INC-2022.pdf,data/01_raw/sustainability/ORLY/ORLY-O'REILLY AUTOMOTIVE INC-2022.pdf,,original,06c1eb9432d46a17c76eaebd8e3e1dc36dafefe8e55421e5af378147403b4286,5479761,2026-07-24T23:11:42.423770+00:00,,,true,false,false,,eligible_candidate,true,2026-07-29T20:13:36.122843+00:00
ls_53364e56e4cf311031c1bcfa,sv_1261bc586aa6499813a6511e,fa_3e7ecccf2bb21da0df402fd3,ea_09694a05e8857ca10118973a,ORLY,ORLY,ORLY-O'REILLY AUTOMOTIVE INC-2023.pdf,data/01_raw/sustainability/ORLY/ORLY-O'REILLY AUTOMOTIVE INC-2023.pdf,,original,bb419cc0759ed8fbca4223ad247a403a195abe83ce97976437cbdf2145f727b0,8483531,2026-07-24T23:11:45.365293+00:00,,,true,false,false,,eligible_candidate,true,2026-07-29T20:13:36.122843+00:00
ls_8ad23a8859861eb88d7ae110,sv_ad7110e05eec31359511f6ab,fa_1774533d08dc7d70fcb4c45d,ea_5cfdaf811fc3d8c4b39f62a1,ORLY,ORLY,ORLY-O'REILLY AUTOMOTIVE INC-2024.pdf,data/01_raw/sustainability/ORLY/ORLY-O'REILLY AUTOMOTIVE INC-2024.pdf,,original,10d54604db8b5fe51e894342cf2d1d3db4a76f51350e20cfc4a899f5c25ddd57,40162793,2026-07-24T23:11:50.211235+00:00,,,true,false,false,,eligible_candidate,true,2026-07-29T20:13:36.122843+00:00
ls_57aeac2d36cc15dab67d34d8,sv_58cebc847954db114b1e7bb7,fa_45abc4316844ccd17fc79689,ea_88d161ac4e2e088642635f0e,ORLY,ORLY,ORLY-O'REILLY AUTOMOTIVE INC-2018.pdf,data/01_raw/sustainability/ORLY/ORLY-O'REILLY AUTOMOTIVE INC-2018.pdf,,original,255a806a749bb47fe954c3459f79c1a87a68d7b9def533964360cf64422d3a43,4823802,2026-07-24T23:11:53.808071+00:00,,,true,false,false,,eligible_candidate,true,2026-07-29T20:13:36.122843+00:00
ls_1b8400bac5b4987da970b69e,sv_6ca2c85b200afee8b06564aa,fa_34189a8a45a0802347d1d8aa,ea_ca699904825cc8bd88b19647,ORLY,ORLY,ORLY-O'REILLY AUTOMOTIVE INC-2019.pdf,data/01_raw/sustainability/ORLY/ORLY-O'REILLY AUTOMOTIVE INC-2019.pdf,,original,106dd349397ea14e17e46066aa6e9814e718ba73236a19a8f9dd644f6026d9db,1563255,2026-07-24T23:11:55.711090+00:00,,,true,false,false,,eligible_candidate,true,2026-07-29T20:13:36.122843+00:00
ls_c52cb2b757e69a92e5834991,sv_77f6e9cb3c6f647423b83cfa,fa_6354a74f8876eb192ee62e33,ea_ac4adc45fe0d971ea1916d32,ORLY,ORLY,ORLY-O'REILLY AUTOMOTIVE INC-2020.pdf,data/01_raw/sustainability/ORLY/ORLY-O'REILLY AUTOMOTIVE INC-2020.pdf,,original,eb2c5874ee487a288bb32aac4d24c61eb4329c83b7f30fa386772c1ca4426a55,2512069,2026-07-24T23:11:58.233712+00:00,,,true,false,false,,eligible_candidate,true,2026-07-29T20:13:36.122843+00:00
ls_ede4024a4658a4ac6700a671,sv_f0ab01e69cb79737cc1a20c5,fa_72bca9e144cee2c89b197d6e,ea_b495caf7181d49f6f1e4bae3,OXM,OXM,OXM-OXFORD INDUSTRIES INC-2021.pdf,data/01_raw/sustainability/OXM/OXM-OXFORD INDUSTRIES INC-2021.pdf,,original,d1209854f0bdc27a76a2e7302fe68b414791884e602fe846828544ca5c1e40bc,4516749,2026-07-24T23:12:00.864547+00:00,,,true,false,false,,eligible_candidate,true,2026-07-29T20:13:36.122843+00:00
ls_a2bccd1fc46b1f6a9ce65a8b,sv_c0e691e42db475110b22f514,fa_75471a6aeeef68d38cbe7db1,ea_81e8d0463fca943ae4eb7921,PAG,PAG,PAG-PENSKE AUTOMOTIVE GROUP INC-2020.pdf,data/01_raw/sustainability/PAG/PAG-PENSKE AUTOMOTIVE GROUP INC-2020.pdf,,original,d32beff06da3db6aac2bd2ef10410e6c65847f597beb9a2e11068626411964d0,14518707,2026-07-24T23:12:06.610969+00:00,,,true,false,false,,eligible_candidate,true,2026-07-29T20:13:36.122843+00:00
ls_129d3f548cbd7e8484e4db74,sv_e845e45cb717fd83f08bc582,fa_76a205341072c1691764a472,ea_b63d5e917342cff8eb8c2afc,PAG,PAG,PAG-PENSKE AUTOMOTIVE GROUP INC-2021.pdf,data/01_raw/sustainability/PAG/PAG-PENSKE AUTOMOTIVE GROUP INC-2021.pdf,,original,057d6b441491465c53645179fc28ddc5d5a9a0ea603de7cdd5f0bb072dc34ba3,21437193,2026-07-24T23:12:11.011795+00:00,PAG__2021__esg_report_archive__01,,true,false,false,,eligible_candidate,true,2026-07-29T20:13:36.122843+00:00
ls_01399190f7e16fa64bcab070,sv_33a8371bcf8768d5c430e0dc,fa_97abd65b920a338c168ef65a,ea_78fe6eccdd65eefb63ba8072,PAG,PAG,PAG-PENSKE AUTOMOTIVE GROUP INC-2022.pdf,data/01_raw/sustainability/PAG/PAG-PENSKE AUTOMOTIVE GROUP INC-2022.pdf,,original,f2acd393eaa477f5d280a0183b644513c629f911e6a12ae971fd74dc3d1fd3d1,68391419,2026-07-24T23:12:17.214103+00:00,PAG__2022__esg_report_archive__01,,true,false,false,,eligible_candidate,true,2026-07-29T20:13:36.122843+00:00
ls_749315c51664254d70576cb8,sv_ca33fe1a9448ac39e8dee0e0,fa_da1bf3afb1a8586b016edf05,ea_95d822d99ae28f7bcdc7b3cc,PLCE,PLCE,PLCE-CHILDRENS PLACE INC-2019.pdf,data/01_raw/sustainability/PLCE/PLCE-CHILDRENS PLACE INC-2019.pdf,,original,7d3114985d0752f4c1b23565548df9ab47d330dce15a7cb2b8870803ace1d886,5359066,2026-07-24T23:12:21.289577+00:00,,,true,false,false,,eligible_candidate,true,2026-07-29T20:13:36.122843+00:00
ls_5cfc60a877956752eedae9db,sv_10bcbfdca81e099ac34a1743,fa_5ebe71a2e0e8b7804bd26c9e,ea_ed3fa5c5ffe9189c1b69da1e,PLCE,PLCE,PLCE-CHILDRENS PLACE INC-2020.pdf,data/01_raw/sustainability/PLCE/PLCE-CHILDRENS PLACE INC-2020.pdf,,original,4019d98b4c292ff79cfd2eb2d41f82d13a56ddbbceae591e28f1f222256971c4,8885456,2026-07-24T23:12:26.310668+00:00,,,true,false,false,,eligible_candidate,true,2026-07-29T20:13:36.122843+00:00
ls_1b9ac1083279fc7f2b60c85d,sv_0f77032ccc43b8fc26359d28,fa_3bfe01148ab3a6dff04db9d8,ea_d77058a4a02d6b473e718c0e,PLCE,PLCE,PLCE-CHILDRENS PLACE INC-2021.pdf,data/01_raw/sustainability/PLCE/PLCE-CHILDRENS PLACE INC-2021.pdf,,original,fac9f894c193dbdef414d1ca48e03f5fe8337a1adde1f9f9219912972f7179dc,34409808,2026-07-24T23:12:31.968930+00:00,,,true,false,false,,eligible_candidate,true,2026-07-29T20:13:36.122843+00:00
ls_0e75d4105cbcd4dda6624b4d,sv_1a5683d0c4912b2acca7d419,fa_97335b362ce62417c5b1fb43,ea_9acad8a10efc96265835898b,PLCE,PLCE,PLCE-CHILDRENS PLACE INC-2022.pdf,data/01_raw/sustainability/PLCE/PLCE-CHILDRENS PLACE INC-2022.pdf,,original,dcba5fa8d29361c87bff828c3dc792b9aab9b301c0b8be6dc4c73fa7c59e0bb4,20144081,2026-07-24T23:12:35.865700+00:00,,,true,false,false,,eligible_candidate,true,2026-07-29T20:13:36.122843+00:00
ls_3faea2b7503957e6d01f8ae6,sv_705e6a30c283283ad28ef002,fa_cc00cef72abf26bf6250a245,ea_ea1e29e8b69d6ae1b3f82cce,PLCE,PLCE,PLCE-CHILDRENS PLACE INC-2023.pdf,data/01_raw/sustainability/PLCE/PLCE-CHILDRENS PLACE INC-2023.pdf,,original,e3ee400b66df898f29cef5ecf6e51b67268848a95528668935109e2331bda630,25972972,2026-07-24T23:12:41.783795+00:00,,,true,false,false,,eligible_candidate,true,2026-07-29T20:13:36.122843+00:00
ls_43655a445a557ba4f18b9cce,sv_2cc962d3251a17995c7d39b9,fa_62303a521ee7f19a98153758,ea_34b90b091e1a1899f36d8053,PRTS,PRTS,PRTS-CARPARTS COM INC-2022.pdf,data/01_raw/sustainability/PRTS/PRTS-CARPARTS COM INC-2022.pdf,,original,5211a541a1d8b5f4428900fa548945b082edd87cf2ed80ae899d57c8a6895802,57482036,2026-07-24T23:12:47.737297+00:00,,,true,false,false,,eligible_candidate,true,2026-07-29T20:13:36.122843+00:00
ls_84e2324de0c493abe3b353ae,sv_d8f54edbc4f500cf32d8baa1,fa_0259b7424a551203113c8ca2,ea_1b067e3f87f0921ab30e81d6,PSMT,PSMT,PSMT-PRICESMART INC-2021.pdf,data/01_raw/sustainability/PSMT/PSMT-PRICESMART INC-2021.pdf,,original,cba8eaa54c43d4cadfd64a364d531b17d3f3ee72b7524baeaacdc5ff25cc6a3c,11574637,2026-07-24T23:12:51.560703+00:00,,,true,false,false,,eligible_candidate,true,2026-07-29T20:13:36.122843+00:00
ls_fea53fb860c6dec777bc4333,sv_ed890772ae0bf3602aca4590,fa_0bde89b390f5aeab41174b71,ea_1ba853e3308e9a6991bef695,PSMT,PSMT,PSMT-PRICESMART INC-2022.pdf,data/01_raw/sustainability/PSMT/PSMT-PRICESMART INC-2022.pdf,,original,1f51781541667511714f46392a8e60bfb9976e904c7bfe7d2bbd3219a59a4dd1,20709244,2026-07-24T23:12:55.817081+00:00,,,true,false,false,,eligible_candidate,true,2026-07-29T20:13:36.122843+00:00
ls_31cc2d48dded2c51d0c6214c,sv_7c6757555b5a730bf7ba75a3,fa_a8c27e888170e72b44d1f169,ea_ba2c3b9a574d2ea39e6281fa,PSMT,PSMT,PSMT-PRICESMART INC-2023.pdf,data/01_raw/sustainability/PSMT/PSMT-PRICESMART INC-2023.pdf,,original,116163afb8b615f7a9002a903bf45d8095664087b7fa0bdb6128d4b5eca6dde9,130936664,2026-07-24T23:13:06.654260+00:00,,,true,false,false,,eligible_candidate,true,2026-07-29T20:13:36.122843+00:00
ls_22412e45a7516731ae410757,sv_cc549ee0dfdda56c6f86bab9,fa_4c3e06f65160443147b723fb,ea_3cbf82be8ff69de80f7d168e,PSMT,PSMT,PSMT-PRICESMART INC-2024.pdf,data/01_raw/sustainability/PSMT/PSMT-PRICESMART INC-2024.pdf,,original,7a7d23adf102c5f66273a069f7e987b60ae4708da89ec734f26beabb75242610,93367190,2026-07-24T23:13:17.098890+00:00,,,true,false,false,,eligible_candidate,true,2026-07-29T20:13:36.122843+00:00
ls_c32fa12f014fc97e2db4af5a,sv_9bb144da3c93682377fc726c,fa_9d89349351bcf62c861d0c73,ea_a2a2862db8098eb1ca1dda9e,PSMT,PSMT,PSMT-PRICESMART INC-2025.pdf,data/01_raw/sustainability/PSMT/PSMT-PRICESMART INC-2025.pdf,,original,7b7631e15083554a64fd1c97d886b026f0cd14ffc2bd3db7d9147ab95b175e88,62177993,2026-07-24T23:13:25.948440+00:00,,,true,false,false,,eligible_candidate,true,2026-07-29T20:13:36.122843+00:00
ls_fa2abfc0883d88f0286942e3,sv_42765de6f34ae2b0bd1cdf14,fa_6874a72cf296a559da02c239,ea_e775aa945597febd74061aaa,PTRN,PTRN,PTRN-PATTERN GROUP INC-2015.pdf,data/01_raw/sustainability/PTRN/PTRN-PATTERN GROUP INC-2015.pdf,,original,edda6a479c05844749f72084d902e714c851142a968c5fdc61a07eaf94b9ae94,5861965,2026-07-24T23:13:29.459959+00:00,,,true,false,false,,eligible_candidate,true,2026-07-29T20:13:36.122843+00:00
ls_76fe5ea447d7685bd6947861,sv_111ed5d47af58b3719e770e6,fa_04c05ce9e6ddf8b36386ddd6,ea_f54c8a9f7ade21f597fa4085,PTRN,PTRN,PTRN-PATTERN GROUP INC-2016.pdf,data/01_raw/sustainability/PTRN/PTRN-PATTERN GROUP INC-2016.pdf,,original,c5c2d91038f50db9463f150e52a3c2b3fbf738ef963db06a1a6bde3c99784d1a,2784839,2026-07-24T23:13:31.638938+00:00,,,true,false,false,,eligible_candidate,true,2026-07-29T20:13:36.122843+00:00
ls_cb8e6c806daea69f417db4fd,sv_bc2aaebc59be3d2ce83584eb,fa_350cc2d72ab5d31d41c2239f,ea_99b54747226b42b4ef6efc0c,PTRN,PTRN,PTRN-PATTERN GROUP INC-2017.pdf,data/01_raw/sustainability/PTRN/PTRN-PATTERN GROUP INC-2017.pdf,,original,243901898f2f632f01a0ea54612ba864ddc3fa5ab742227a26d081c7df8a6d58,5510333,2026-07-24T23:13:34.498783+00:00,,,true,false,false,,eligible_candidate,true,2026-07-29T20:13:36.122843+00:00
ls_4f277c9dc18085e24707b75b,sv_04b84d0c30862584447e4eaa,fa_c76d4fbda9bf9abc28be1fa7,ea_9bc9ca0ee69ebb53d3a2d362,PTRN,PTRN,PTRN-PATTERN GROUP INC-2018.pdf,data/01_raw/sustainability/PTRN/PTRN-PATTERN GROUP INC-2018.pdf,,original,c17e34404f5a9e7449967fe1ca55f5b23d8c46188d0fa0843afb5a6d6b200e27,3982440,2026-07-24T23:13:38.438615+00:00,,,true,false,false,,eligible_candidate,true,2026-07-29T20:13:36.122843+00:00
ls_766b0de45055c432a0f5a3cb,sv_0d69be404d1b0b78560e155b,fa_030ec61e9934036166c84632,ea_2740c518cb7eb4b2a8568abd,PTRN,PTRN,PTRN-PATTERN GROUP INC-2019.pdf,data/01_raw/sustainability/PTRN/PTRN-PATTERN GROUP INC-2019.pdf,,original,e8066177e1cddbdc03f12d3a6914e306da6808e00b36e787200cd73c464a14c9,2952440,2026-07-24T23:13:40.773901+00:00,,,true,false,false,,eligible_candidate,true,2026-07-29T20:13:36.122843+00:00
ls_3c594d6e53b57830466d5dfa,sv_1fb6ac4958d25c6a53bd14f4,fa_eb55838c201db7a540f6bbe5,ea_cc607da154e95eddf98b702d,PTRN,PTRN,PTRN-PATTERN GROUP INC-2020.pdf,data/01_raw/sustainability/PTRN/PTRN-PATTERN GROUP INC-2020.pdf,,original,f4de7152684f920de34fe08686cf5a8aef0150cd760e7e48ede0bdd930ecc4de,6650171,2026-07-24T23:13:45.753463+00:00,,,true,false,false,,eligible_candidate,true,2026-07-29T20:13:36.122843+00:00
ls_5598a7e150e19db241fdecca,sv_42381971a90e5cd3d8de377a,fa_9879fd88fd1721bf98ecdf86,ea_d50526424ba248d2111de756,PTRN,PTRN,PTRN-PATTERN GROUP INC-2021.pdf,data/01_raw/sustainability/PTRN/PTRN-PATTERN GROUP INC-2021.pdf,,original,5c111da9d3eb5cd2ae3c86c14e06e0d61d2bc87d2ec37c60669d8ec0857c13f1,6215942,2026-07-29T10:00:23.157480+00:00,,,true,false,false,,eligible_candidate,true,2026-07-29T20:13:36.122843+00:00
ls_0d85f267efc19d09a83f3729,sv_a3b3a10718a7e5d44719e4a3,fa_1b40028d0c2da08da45a1276,ea_ac37e37d757129917a3e5118,PTRN,PTRN,PTRN-PATTERN GROUP INC-2022.pdf,data/01_raw/sustainability/PTRN/PTRN-PATTERN GROUP INC-2022.pdf,,original,cd1d5c94fb3b4e21563ade6e52998f13fc9fd2d3ff55c0abe0f64bde2a9017ca,5586805,2026-07-29T10:00:25.120037+00:00,,,true,false,false,,eligible_candidate,true,2026-07-29T20:13:36.122843+00:00
ls_d856593c7316b34b5f7b69da,sv_72aed390d7257cd3726f5f99,fa_d0be482e1f3702d4d777681f,ea_3d3eb2a99c992c2a79d7b8ce,PTRN,PTRN,PTRN-PATTERN GROUP INC-2023.pdf,data/01_raw/sustainability/PTRN/PTRN-PATTERN GROUP INC-2023.pdf,,original,d04b6f1f1717085498143461feda4476ba056aa7b64030e25cb4c282731cc847,41768495,2026-07-29T10:00:30.518043+00:00,,,true,false,false,,eligible_candidate,true,2026-07-29T20:13:36.122843+00:00
ls_ac8caa3ccd8ffd407375ef80,sv_55a2b70eb0dd7b7d85d426fd,fa_f8d746566252109f52d5d28b,ea_0c3b8686222ff6c70ec9efbf,PVH,PVH,PVH-PVH CORP-2015.pdf,data/01_raw/sustainability/PVH/PVH-PVH CORP-2015.pdf,,original,bef546a9ff7e4642474390ab1444dd957eea967eafd9907d7c23a9860c3ffcf9,3427791,2026-07-24T23:14:00.293899+00:00,,,true,false,false,,eligible_candidate,true,2026-07-29T20:13:36.122843+00:00
ls_7fe04b160be6b7e2e4a44f9e,sv_f15a2d37d414e1e17ec471bf,fa_c5e57395a9315ce1aaf95a8c,ea_8a1658c811baeb175e9b8085,PVH,PVH,PVH-PVH CORP-2016.pdf,data/01_raw/sustainability/PVH/PVH-PVH CORP-2016.pdf,,original,ea186d954e923de7e58469852c7354feb023ff7c18d7a84ed9d309ecf3a13ca4,11893979,2026-07-24T23:14:04.834167+00:00,,,true,false,false,,eligible_candidate,true,2026-07-29T20:13:36.122843+00:00
ls_4cba9e91d67bab7fecb04cb4,sv_bf95e0152446cd114c7f4013,fa_be0f60280928663368b0b775,ea_15e33496bc2908f56e931b28,PVH,PVH,PVH-PVH CORP-2017.pdf,data/01_raw/sustainability/PVH/PVH-PVH CORP-2017.pdf,,original,3141fd8227d0313d756841ba7dd1c7ca1145a50bc9ac49651837551a3e43e22d,4917970,2026-07-24T23:14:08.340285+00:00,,,true,false,false,,eligible_candidate,true,2026-07-29T20:13:36.122843+00:00
ls_713fd3c10f0bd81eca3b0e54,sv_a838b757e138558d303bd06b,fa_a1a84faf134ae52421aa17c9,ea_4d000f32d2782c0c3846e089,PVH,PVH,PVH-PVH CORP-2018.pdf,data/01_raw/sustainability/PVH/PVH-PVH CORP-2018.pdf,,original,2e2eff96973689b1b7ffd21a14195d7c686e03d00f3a8b680cc9b8de9ad4f8f7,4273466,2026-07-24T23:14:11.613689+00:00,,,true,false,false,,eligible_candidate,true,2026-07-29T20:13:36.122843+00:00
ls_8c348f4811bd0d1131f67e3b,sv_2a4703a33140711d29bea9c0,fa_fce35491cad52ad88184d150,ea_f27465a0023f5bd94b4d45f6,PVH,PVH,PVH-PVH CORP-2019.pdf,data/01_raw/sustainability/PVH/PVH-PVH CORP-2019.pdf,,original,31d73f87ad80ca466a7369392d5a4337e0f06e4ef52e2ee6e7c3a8744777f519,4202647,2026-07-24T23:14:16.023988+00:00,,,true,false,false,,eligible_candidate,true,2026-07-29T20:13:36.122843+00:00
ls_9a8cffa8cf1881e1b859d710,sv_74cbe4792f5b8300dedb4036,fa_43ca498ccb677a266c2a2d4b,ea_082b686c20bf09a23390937e,PVH,PVH,PVH-PVH CORP-2020.pdf,data/01_raw/sustainability/PVH/PVH-PVH CORP-2020.pdf,,original,ee145a28ce303bce02309394b4d028db6e7ea31eab168b5a5be7b11ce0424fbf,8144221,2026-07-24T23:14:18.459426+00:00,,,true,false,false,,eligible_candidate,true,2026-07-29T20:13:36.122843+00:00
ls_4ace733c0aab541589764161,sv_1a6428dc34784088b688caec,fa_ace776ba6f95216ea045e36d,ea_8dd263a9e741a75d5e93b289,PVH,PVH,PVH-PVH CORP-2021.pdf,data/01_raw/sustainability/PVH/PVH-PVH CORP-2021.pdf,,original,141fed063b7f135fb103ad9af6c04fdb122cf389746769411eeae66141388136,9793138,2026-07-24T23:14:23.495363+00:00,,,true,false,false,,eligible_candidate,true,2026-07-29T20:13:36.122843+00:00
ls_59a2d4ab0b18b3faf61a761e,sv_57482c91ed5655751199264e,fa_76f9ffce4575c2ce016b47aa,ea_4354547fc73b4fe402ff7175,PVH,PVH,PVH-PVH CORP-2022.pdf,data/01_raw/sustainability/PVH/PVH-PVH CORP-2022.pdf,,original,0d98f0d798df9f2a4d221d208842c4a3f0d3fa7d0087724046489d01e38d88eb,19446900,2026-07-24T23:14:26.967421+00:00,,,true,false,false,,eligible_candidate,true,2026-07-29T20:13:36.122843+00:00
ls_68077f574d81e3cc44ed963a,sv_db61fb2ea0464bb10b14add8,fa_764bca81e40715352922667a,ea_a9b067e690d2604288bf979a,PVH,PVH,PVH-PVH CORP-2023.pdf,data/01_raw/sustainability/PVH/PVH-PVH CORP-2023.pdf,,original,454df8aa6e604e7d2ab7f62dc47af918a3090faec863263ebe40be294811a92c,24691041,2026-07-24T23:14:33.376107+00:00,,,true,false,false,,eligible_candidate,true,2026-07-29T20:13:36.122843+00:00
ls_e3a73bd319cc405a52b36e36,sv_9fb6f05805239d1e6750e32d,fa_ad45b9c351b1ace5418d44d2,ea_3469c93375f978df3af51d3a,PVH,PVH,PVH-PVH CORP-2024.pdf,data/01_raw/sustainability/PVH/PVH-PVH CORP-2024.pdf,,original,a5cdb10ff02c6fea33d99af1c46e981c0ae2c9fb513ed403481fa17484d6fe0b,6519735,2026-07-24T23:14:35.327996+00:00,,,true,false,false,,eligible_candidate,true,2026-07-29T20:13:36.122843+00:00
ls_a2906c9128e972a44ccb9459,sv_039a75885a3b498ecce1642e,fa_3569eb7a9a502829967c18e0,ea_29a72c998182522ad518312c,RCKY,RCKY,RCKY-ROCKY BRANDS INC-2023.pdf,data/01_raw/sustainability/RCKY/RCKY-ROCKY BRANDS INC-2023.pdf,,original,ec01fa31989baf20138cf63520976d5989f6da15641a880f7ba2b1351c9573e6,4595672,2026-07-24T23:14:37.479399+00:00,,,true,false,false,,eligible_candidate,true,2026-07-29T20:13:36.122843+00:00
ls_e154e91f7ec6da3e21e55879,sv_09c7919de83e384e90f6545f,fa_66240960e0062640fd6e13f1,ea_b892baa75383806732fa9857,RL,RL,RL-RALPH LAUREN CORP-2019.pdf,data/01_raw/sustainability/RL/RL-RALPH LAUREN CORP-2019.pdf,,original,b445eb84feca5e4dde535149bf03b387f912bed7018519c0183df90a63a64fd4,5427748,2026-07-29T10:00:33.849070+00:00,,,true,false,false,,eligible_candidate,true,2026-07-29T20:13:36.122843+00:00
ls_ce7cf63826aefe38c2ebd67c,sv_3721bdc8884ad707088f73b1,fa_662777910d8576420d045a6a,ea_e0407478094c0ffa4e1019e7,RL,RL,RL-RALPH LAUREN CORP-2020.pdf,data/01_raw/sustainability/RL/RL-RALPH LAUREN CORP-2020.pdf,,original,a9e5c16838b069b5c43d57b29355b38711edf3317700480f08752b68b2c08c90,4878841,2026-07-29T10:00:37.379732+00:00,,,true,false,false,,eligible_candidate,true,2026-07-29T20:13:36.122843+00:00
ls_87c6389edd23c9ddbfe132e6,sv_72faa7ec896eeea8ac075e98,fa_e936e6d58dd975994c274eb3,ea_1c944e346ce048f27dd3d9ac,RL,RL,RL-RALPH LAUREN CORP-2021.pdf,data/01_raw/sustainability/RL/RL-RALPH LAUREN CORP-2021.pdf,,original,d8aa8d72ba7adfcc25c1658ce74ad19ace80595eb6c7a6ec7aaa2962603e2169,17017793,2026-07-29T10:00:42.512031+00:00,,,true,false,false,,eligible_candidate,true,2026-07-29T20:13:36.122843+00:00
ls_ca926eb1ceab78c13a377eeb,sv_742398c7c5da6eb6f2ac5b98,fa_e01d434de279e591a1e920e3,ea_3ee737c3ef301386d5b9fcf7,RL,RL,RL-RALPH LAUREN CORP-2022.pdf,data/01_raw/sustainability/RL/RL-RALPH LAUREN CORP-2022.pdf,,original,c25e7d0f456028a3d99dbac24926fe124620b06441be09a25e1db780d135c058,7557257,2026-07-29T10:00:45.290232+00:00,,,true,false,false,,eligible_candidate,true,2026-07-29T20:13:36.122843+00:00
ls_8cfbd8b45bc58c964139188f,sv_7fadf141c7ec2528af4467f5,fa_4ce32b3e991fc1683409c072,ea_bd1600bbbcbe711dc93d849e,RL,RL,RL-RALPH LAUREN CORP-2023.pdf,data/01_raw/sustainability/RL/RL-RALPH LAUREN CORP-2023.pdf,,original,286e7de82f5678eb90b2d9eb75deadbc72af8cb0e13e6865f450c276a60ed712,17488051,2026-07-29T10:00:49.361273+00:00,,,true,false,false,,eligible_candidate,true,2026-07-29T20:13:36.122843+00:00
ls_43b9172e119054ba63aac5d2,sv_f3ac3e43da78abbc2ac784ea,fa_c28ecc73b1e86cf7d586ebb3,ea_0262c9ebd5cc01af15ec884a,RL,RL,RL-RALPH LAUREN CORP-2024.pdf,data/01_raw/sustainability/RL/RL-RALPH LAUREN CORP-2024.pdf,,original,e87ec87e3ff8f70046ef75a03ff8524b114133828ed36c0daa0b467229e064b9,11345167,2026-07-29T10:00:52.204342+00:00,,,true,false,false,,eligible_candidate,true,2026-07-29T20:13:36.122843+00:00
ls_e0f100a1b066f1feb561f4ec,sv_6c3ab9363c27fe677c54f904,fa_d6bce43210d22edef84e3363,ea_fd5d366ad3ca6182e53ad11a,ROST,ROST,ROST-ROSS STORES INC-2020.pdf,data/01_raw/sustainability/ROST/ROST-ROSS STORES INC-2020.pdf,,original,a587a476a39c8aeb7567f84265e553e060093a7e4e5da6e73ed6eb3b99fbb04d,26084923,2026-07-24T23:15:01.860878+00:00,,,true,false,false,,eligible_candidate,true,2026-07-29T20:13:36.122843+00:00
ls_3a73636822ddc5e07430b662,sv_ef3035fa42f1daa0367dbd7f,fa_32aaca24b0809fea692d99a1,ea_c88b3cb287db648c64a249d5,ROST,ROST,ROST-ROSS STORES INC-2021.pdf,data/01_raw/sustainability/ROST/ROST-ROSS STORES INC-2021.pdf,,original,9de983f4c5524acab37af52a0468b33bff75e9d787877f9df78fe535098fa19f,15322018,2026-07-24T23:15:06.368924+00:00,,,true,false,false,,eligible_candidate,true,2026-07-29T20:13:36.122843+00:00
ls_49cb1a0d76950f4f93d6b895,sv_63a6b7ed6699087a761a728e,fa_bbc6c9227ad87c50da8b7de2,ea_542658ab6cb16763b768a77d,ROST,ROST,ROST-ROSS STORES INC-2022.pdf,data/01_raw/sustainability/ROST/ROST-ROSS STORES INC-2022.pdf,,original,a12ee554c1df0c4ad3ccc4e1cdb0ba900ecd0adbd220f9bc32d1a66d1c0d06e8,11416038,2026-07-24T23:15:09.797646+00:00,,,true,false,false,,eligible_candidate,true,2026-07-29T20:13:36.122843+00:00
ls_c1224dd39a6393f1c83ddc88,sv_3ec2db0a023c4f1a6897fa6d,fa_4039581cb3b62cb7dcac266c,ea_d3b6baf3ebe36206acdba13e,ROST,ROST,ROST-ROSS STORES INC-2023.pdf,data/01_raw/sustainability/ROST/ROST-ROSS STORES INC-2023.pdf,,original,f63bccac848a6ffd6778eb2d00d70fbe1719938d1f2ce19abbc8265d9ad242dc,9158343,2026-07-24T23:15:12.774322+00:00,,,true,false,false,,eligible_candidate,true,2026-07-29T20:13:36.122843+00:00
ls_681a1514936a273f7c6898d2,sv_a39af5aaf6d169a414a1d0ec,fa_90d76786f5ff34f573e5f845,ea_94c6154e1231c8c5dfcef55e,ROST,ROST,ROST-ROSS STORES INC-2024.pdf,data/01_raw/sustainability/ROST/ROST-ROSS STORES INC-2024.pdf,,original,70ce615a1f0d087a0b43b3e9f02e345dfa5af11106330b9801dadf18852e8d1e,9075575,2026-07-24T23:15:16.955343+00:00,,,true,false,false,,eligible_candidate,true,2026-07-29T20:13:36.122843+00:00
ls_a9150903976ee423a8195347,sv_22b6d65d38447a895af695c3,fa_ee8514a00ede1711a2da44e6,ea_bd42334e9b5ddb2a12e5913d,SFM,SFM,SFM-SPROUTS FARMERS MARKET-2018.pdf,data/01_raw/sustainability/SFM/SFM-SPROUTS FARMERS MARKET-2018.pdf,,original,88863513a7607028a84429c693ca96f4dc7a789bb96efee76e1696e9da28ae97,14135061,2026-07-24T23:15:31.691638+00:00,,,true,false,false,,eligible_candidate,true,2026-07-29T20:13:36.122843+00:00
ls_20cb7fbf4e2672f53cf4b649,sv_2ec9e708fc56b2e04773f9bb,fa_5a2385a92d78831762296970,ea_f746df281c158d801c3020bf,SFM,SFM,SFM-SPROUTS FARMERS MARKET-2019.pdf,data/01_raw/sustainability/SFM/SFM-SPROUTS FARMERS MARKET-2019.pdf,,original,494caa99867a30893310465f668d5892b1b48781ef9ea0b7e7e9856a61ee61c1,30989067,2026-07-24T23:15:38.997725+00:00,,,true,false,false,,eligible_candidate,true,2026-07-29T20:13:36.122843+00:00
ls_83bcd22bd1b84af082a15e6f,sv_d45970207ab331cf09517f36,fa_d7afa76ddb7eb0057ccd002f,ea_dfc164f9aff5281c74f73201,SFM,SFM,SFM-SPROUTS FARMERS MARKET-2020.pdf,data/01_raw/sustainability/SFM/SFM-SPROUTS FARMERS MARKET-2020.pdf,,original,42b75064d2473dae930a0cb3c9854d3da9046bae0a1206d1a570bfe52ad0b8de,12494104,2026-07-24T23:15:43.621173+00:00,,,true,false,false,,eligible_candidate,true,2026-07-29T20:13:36.122843+00:00
ls_a2888b7d5fa0adfb3b29df74,sv_e53cbc6f515793fb1bee7c5f,fa_756246e55cc0c519c5c674e7,ea_42d97b6e11d53464db364251,SFM,SFM,SFM-SPROUTS FARMERS MARKET-2021.pdf,data/01_raw/sustainability/SFM/SFM-SPROUTS FARMERS MARKET-2021.pdf,,original,cd4ead28b8e7014b4b3cbab62ea8216d6818f9689e84a3dcb9f749c26cd20059,12787015,2026-07-24T23:15:49.754424+00:00,,,true,false,false,,eligible_candidate,true,2026-07-29T20:13:36.122843+00:00
ls_3ab6c815343ceebbf30ff873,sv_22ee93fcd2d49b809035bf58,fa_c083e997576244c9cab5b6cf,ea_2be9dec9d9f8530a2353e167,SFM,SFM,SFM-SPROUTS FARMERS MARKET-2022.pdf,data/01_raw/sustainability/SFM/SFM-SPROUTS FARMERS MARKET-2022.pdf,,original,3aaa8399d768fa5c3d6e48e8a10d00c348d605489aad6545031949d977db1683,15370137,2026-07-24T23:15:56.406714+00:00,,,true,false,false,,eligible_candidate,true,2026-07-29T20:13:36.122843+00:00
ls_e81031f9f5eb03d422d8d57a,sv_abc66c257b1e82571ff258a3,fa_6b4d56be165317b3fc115f98,ea_ffded1ddc485100685d8b15c,SFM,SFM,SFM-SPROUTS FARMERS MARKET-2023.pdf,data/01_raw/sustainability/SFM/SFM-SPROUTS FARMERS MARKET-2023.pdf,,original,bb4159ede83dd330edf88afb5117522cd1c120786cc033c934fa7f408d26c000,13988343,2026-07-24T23:16:02.674762+00:00,,,true,false,false,,eligible_candidate,true,2026-07-29T20:13:36.122843+00:00
ls_c5a53dcd22af530281a359a5,sv_c1f9ee4db8c24fc79e58614a,fa_6e0b286c7f01fd292d37900e,ea_1250304d8e0c8cbff6b25dcd,SFM,SFM,SFM-SPROUTS FARMERS MARKET-2024.pdf,data/01_raw/sustainability/SFM/SFM-SPROUTS FARMERS MARKET-2024.pdf,,original,6c544d62dd4e468d6166e4d56d1e07a2a3503f344d33951c210a645f7cedfdd7,56747851,2026-07-24T23:16:14.247846+00:00,,,true,false,false,,eligible_candidate,true,2026-07-29T20:13:36.122843+00:00
ls_73804bc955d69866dfe2a1d2,sv_8c7be715b181dcfa43a81338,fa_ab8e85456c990920af9dc0d5,ea_7406d0698945bd01a4214a32,SGC,SGC,SGC-SUPERIOR GROUP OF COS INC-2019.pdf,data/01_raw/sustainability/SGC/SGC-SUPERIOR GROUP OF COS INC-2019.pdf,,original,c45d0054999ed02720d4e65b3cf90db85c916331566d9e982447b9c8a7fe6469,25707296,2026-07-24T23:16:19.941645+00:00,,,true,false,false,,eligible_candidate,true,2026-07-29T20:13:36.122843+00:00
ls_74a4e1018a7cbf6759b3667b,sv_26fd553b4c26eb09a78dac91,fa_ae774d5daf554e3e255ca053,ea_18b08037e60fb6cfee2fd743,SGC,SGC,SGC-SUPERIOR GROUP OF COS INC-2020.pdf,data/01_raw/sustainability/SGC/SGC-SUPERIOR GROUP OF COS INC-2020.pdf,,original,f6a58fa1a73a41eb36fff6633dcfff7d8577c5d95fa7d03acd8895d6cc499724,17003750,2026-07-24T23:16:25.125379+00:00,,,true,false,false,,eligible_candidate,true,2026-07-29T20:13:36.122843+00:00
ls_37665860b036050237033b44,sv_7c7c16484224f60fc52f7dd4,fa_49d9fae294d4d3ba34bb7641,ea_bc53feae65c588a22f4ddaac,SGC,SGC,SGC-SUPERIOR GROUP OF COS INC-2021.pdf,data/01_raw/sustainability/SGC/SGC-SUPERIOR GROUP OF COS INC-2021.pdf,,original,a73b809760ed319d7047d4cd97916c1098a5c7965ebff998ef32676f4848db36,24721410,2026-07-24T23:16:30.394798+00:00,,,true,false,false,,eligible_candidate,true,2026-07-29T20:13:36.122843+00:00
ls_53ea176d9bd14ae6818c60d1,sv_7d97bd0ddb82d72947f6f4ae,fa_4189e2f7bace194c953320c8,ea_81ad037b3b72297a86814540,SGC,SGC,SGC-SUPERIOR GROUP OF COS INC-2022.pdf,data/01_raw/sustainability/SGC/SGC-SUPERIOR GROUP OF COS INC-2022.pdf,,original,595ccba3322f89bf73f0ec2a37a11b328ad7797d64c5ad00c2c3c017181bc5c3,9058583,2026-07-24T23:16:33.946023+00:00,,,true,false,false,,eligible_candidate,true,2026-07-29T20:13:36.122843+00:00
ls_9be6ee8d8b7d471a1c90434f,sv_cb08fbd7d10f01e8cf52f2fc,fa_f21974a75d18ede3e57fe989,ea_69da20d7209302b1ba162502,SGC,SGC,SGC-SUPERIOR GROUP OF COS INC-2023.pdf,data/01_raw/sustainability/SGC/SGC-SUPERIOR GROUP OF COS INC-2023.pdf,,original,c49a0a87e9cb56a55b734e993aeb0dcfc4115e07a37c4978d29f1e1a23fa968e,5106327,2026-07-24T23:16:36.952045+00:00,,,true,false,false,,eligible_candidate,true,2026-07-29T20:13:36.122843+00:00
ls_84cacf0aff5825b5d2965c88,sv_dfe3beeac2f740f1c517048a,fa_702063b68630f018220f4690,ea_1a179f8c38b8a2616ee9d437,SGC,SGC,SGC-SUPERIOR GROUP OF COS INC-2024.pdf,data/01_raw/sustainability/SGC/SGC-SUPERIOR GROUP OF COS INC-2024.pdf,,original,b1aa85bb17ce49316b0cf5da11ecb67b8d1f9a2543200933d03899e7a6daac21,23094270,2026-07-24T23:16:44.952333+00:00,,,true,false,false,,eligible_candidate,true,2026-07-29T20:13:36.122843+00:00
ls_84b5410a62fa44476a97458b,sv_73f26263cab2872a38cfa679,fa_9c77b03bd0ccb968b94de48a,ea_8aa0b735b9b0ca15e6ac615b,SGC,SGC,SGC-SUPERIOR GROUP OF COS INC-2025.pdf,data/01_raw/sustainability/SGC/SGC-SUPERIOR GROUP OF COS INC-2025.pdf,,original,fe76dd6ce422c1485d86b60eccc078c7815161df92d2ad238dd4f94edea37e74,82900867,2026-07-24T23:16:54.155211+00:00,,,true,false,false,,eligible_candidate,true,2026-07-29T20:13:36.122843+00:00
ls_81e77f04a9bd3e66a356fc23,sv_3c0d3003481f45adbb8d3568,fa_b97624b5e24cc4cf49a0820c,ea_e7d79265464641e226e8d37c,SGI,SGI,SGI-SOMNIGROUP INTERNATIONAL INC-2019.pdf,data/01_raw/sustainability/SGI/SGI-SOMNIGROUP INTERNATIONAL INC-2019.pdf,,original,1e341ad819b8671b8e002086bedc54368e2147d6d677849de0503f4886ea444e,1345317,2026-07-29T10:00:57.004641+00:00,,,true,false,false,,eligible_candidate,true,2026-07-29T20:13:36.122843+00:00
ls_1c9beb227872b1d3551c59e3,sv_0aeb3352ef241676c9863a92,fa_de3e34b8ffc2212c0c23885d,ea_b323dc787b0b9eb255228dad,SGI,SGI,SGI-SOMNIGROUP INTERNATIONAL INC-2020.pdf,data/01_raw/sustainability/SGI/SGI-SOMNIGROUP INTERNATIONAL INC-2020.pdf,,original,966fb852c221c4f71cc92c568d0d6929b45ed00622af0a92a9b267329371d479,6803563,2026-07-24T23:17:02.733336+00:00,,,true,false,false,,eligible_candidate,true,2026-07-29T20:13:36.122843+00:00
ls_e7acd94b5102ad9c0ff8b3d4,sv_89cdf5d6ab9edc1d4a052e46,fa_55110c8f4990a60f7dc9aefa,ea_650e8072655111d142512e88,SGI,SGI,SGI-SOMNIGROUP INTERNATIONAL INC-2021.pdf,data/01_raw/sustainability/SGI/SGI-SOMNIGROUP INTERNATIONAL INC-2021.pdf,,original,269bf401b3b242ebfaf0966b12cf790dab864bf8817570aaf1b30499be8a3258,4312072,2026-07-24T23:17:05.153305+00:00,,,true,false,false,,eligible_candidate,true,2026-07-29T20:13:36.122843+00:00
ls_110a7376fa420983d4bb62d9,sv_7789821fcd4325edb5257481,fa_aa9767c0c8a3648bcdc4712b,ea_ed60693879e90df57ea73cf3,SGI,SGI,SGI-SOMNIGROUP INTERNATIONAL INC-2022.pdf,data/01_raw/sustainability/SGI/SGI-SOMNIGROUP INTERNATIONAL INC-2022.pdf,,original,7e39fc2d572bf34731d420ca7527b8b8d3b9edb193239d3747f70f3638fb4d47,23792569,2026-07-24T23:17:12.604030+00:00,,,true,false,false,,eligible_candidate,true,2026-07-29T20:13:36.122843+00:00
ls_81a15eb85153e33a137a74b2,sv_5968ee179f14e84c0e334e42,fa_7a9aba8e544ca5ad75058410,ea_f05cf4bf1343e80bdabdf339,SGI,SGI,SGI-SOMNIGROUP INTERNATIONAL INC-2023.pdf,data/01_raw/sustainability/SGI/SGI-SOMNIGROUP INTERNATIONAL INC-2023.pdf,,original,8688418a48b4ccb3fc2bc157876399038e09d4dc7b5dd7d50a86d57ef8be6f08,23109171,2026-07-24T23:17:19.599055+00:00,,,true,false,false,,eligible_candidate,true,2026-07-29T20:13:36.122843+00:00
ls_0fc7a081c4c5ed49f963fe52,sv_fc823ad8cbe0249a404e8e86,fa_c2e249e0faa139f9b7878b7f,ea_2c33d8e37a059b8de8735aec,SGI,SGI,SGI-SOMNIGROUP INTERNATIONAL INC-2024.pdf,data/01_raw/sustainability/SGI/SGI-SOMNIGROUP INTERNATIONAL INC-2024.pdf,,original,7385cff6713040c27d923c4935da12ec2a7bca0981214e5eed054ba19db2034f,13526677,2026-07-24T23:17:24.356257+00:00,,,true,false,false,,eligible_candidate,true,2026-07-29T20:13:36.122843+00:00
ls_fbd2083b6090ff8c980be97a,sv_f5f61f3f59dfa562b65f4f68,fa_0a58a063caf68d400a934b94,ea_3541ec6da4e98feb93369bc2,SHOO,SHOO,SHOO-MADDEN STEVEN LTD-2019.pdf,data/01_raw/sustainability/SHOO/SHOO-MADDEN STEVEN LTD-2019.pdf,,original,272aad256f231b56e3ec7b121865ba1f97f9c8a4a295b90273cf83b5ae9b2ee1,29392527,2026-07-24T23:17:32.586881+00:00,,,true,false,false,,eligible_candidate,true,2026-07-29T20:13:36.122843+00:00
ls_f133369a20984a98e47a83a9,sv_92d8880659ba8b3b92d312ad,fa_90c46dd736d19b4cfabc8006,ea_8440d0968cc519d750fd62a9,SHOO,SHOO,SHOO-MADDEN STEVEN LTD-2020.pdf,data/01_raw/sustainability/SHOO/SHOO-MADDEN STEVEN LTD-2020.pdf,,original,7a3c4d7c7fed09d761732b11dfd10a7cf9c93a6f7d39e1f88403f91989f1e8ac,9551191,2026-07-24T23:17:36.316136+00:00,,,true,false,false,,eligible_candidate,true,2026-07-29T20:13:36.122843+00:00
ls_82abc5eb011ca91e4b86a538,sv_b8b7b368b32c643aa1649724,fa_549e3cd634e8e5668f517767,ea_91a0fe7ecd71642e0ee6b921,SHOO,SHOO,SHOO-MADDEN STEVEN LTD-2021.pdf,data/01_raw/sustainability/SHOO/SHOO-MADDEN STEVEN LTD-2021.pdf,,original,279bd938d432944ea8a681d350e5087e0ae7095143007a9831f37c617231d16c,41303998,2026-07-29T10:01:02.314177+00:00,SHOO__2021__sustainability_report__01,,true,false,false,,eligible_candidate,true,2026-07-29T20:13:36.122843+00:00
ls_9c3f892283788c513f10e32b,sv_2bbc4dfa98c84ee87579526f,fa_a11c405f3182eb74a990ab85,ea_d04af7f99526d8b39b2a9959,SHOO,SHOO,SHOO-MADDEN STEVEN LTD-2022.pdf,data/01_raw/sustainability/SHOO/SHOO-MADDEN STEVEN LTD-2022.pdf,,original,1d7b5eccdd4dfab827671c8f249277abc3f78bce725a4dbe7fd140b39d23f48a,25819270,2026-07-24T23:17:44.446953+00:00,,,true,false,false,,eligible_candidate,true,2026-07-29T20:13:36.122843+00:00
ls_b835486df30a60f01945b75f,sv_3163a506af23d9aacbd80444,fa_c71de2bd4095f57deee9e7a2,ea_9cb75a1f2e9566da3ef3bc6d,SHOO,SHOO,SHOO-MADDEN STEVEN LTD-2023.pdf,data/01_raw/sustainability/SHOO/SHOO-MADDEN STEVEN LTD-2023.pdf,,original,b9035e75f019538b1d37ccb3eb4f2356ad48a1cc4c8d7e37e6b6ab9f6dcd6bb5,8841538,2026-07-24T23:17:46.332293+00:00,,,true,false,false,,eligible_candidate,true,2026-07-29T20:13:36.122843+00:00
ls_1bcce317cd9f2cb3e8b02191,sv_66bb6ebb9c6d772413541206,fa_21768f11bd811e07d1bfe8f8,ea_e97ceaf7888d0faff6837a17,SHOO,SHOO,SHOO-MADDEN STEVEN LTD-2024.pdf,data/01_raw/sustainability/SHOO/SHOO-MADDEN STEVEN LTD-2024.pdf,,original,3e2cc2aefa3ce23c3a6b2b26676a27b3d9882afe9a73c909f9705eef1f435434,27396415,2026-07-24T23:17:53.375574+00:00,,,true,false,false,,eligible_candidate,true,2026-07-29T20:13:36.122843+00:00
ls_8f99574ad5f1806f04703229,sv_605b2ec7897f2eb0b343b467,fa_9e76b85684359ce920cc87a6,ea_b24dc4f08884be0025e17ec2,SNBR,SNBR,SNBR-SLEEP NUMBER CORP-2019.pdf,data/01_raw/sustainability/SNBR/SNBR-SLEEP NUMBER CORP-2019.pdf,,original,032a48672bbaf2fc3dc347c841a05d56c9af9868cf876af7904e85f5e1766239,3949494,2026-07-24T23:18:05.537066+00:00,,,true,false,false,,eligible_candidate,true,2026-07-29T20:13:36.122843+00:00
ls_92b4e99127894dc59b5d4399,sv_40085975c843cd31dd130b80,fa_28c73cc5cc1f1553159c7e87,ea_7d2e8c1b3a7c9589b87d704e,SNBR,SNBR,SNBR-SLEEP NUMBER CORP-2020.pdf,data/01_raw/sustainability/SNBR/SNBR-SLEEP NUMBER CORP-2020.pdf,,original,61af5399bc4c0f2cbcb809024c35e5bc2ba390b683d22f8ac849e9265818a1a5,3158481,2026-07-29T10:01:05.069962+00:00,,,true,false,false,,eligible_candidate,true,2026-07-29T20:13:36.122843+00:00
ls_631b1652c55a2c77e30f1586,sv_489c0a2fd11b6e48f46b712a,fa_9d732a3f7edff37626642a3f,ea_b20088a9673929296f0a8aac,SNBR,SNBR,SNBR-SLEEP NUMBER CORP-2021.pdf,data/01_raw/sustainability/SNBR/SNBR-SLEEP NUMBER CORP-2021.pdf,,original,6c25970d99299a3fc137a9019b8535a81dd2f5d425e8091a94ce449b5b58705e,5909213,2026-07-29T10:01:08.992811+00:00,,,true,false,false,,eligible_candidate,true,2026-07-29T20:13:36.122843+00:00
ls_003dc830cbe3b5d66b6bd3fc,sv_525a2db6bebbdbf0f953b8df,fa_2e8ac7f19f588333008c8fb2,ea_c8dbc4966c41b4612975900f,SNBR,SNBR,SNBR-SLEEP NUMBER CORP-2022.pdf,data/01_raw/sustainability/SNBR/SNBR-SLEEP NUMBER CORP-2022.pdf,,original,7ba2cf4be59891bb127b81bb9453ea909fbcf41f7d8d33b18fd75ab130e710ba,4514144,2026-07-29T10:01:13.376327+00:00,,,true,false,false,,eligible_candidate,true,2026-07-29T20:13:36.122843+00:00
ls_669b681771cd0805e95e3b03,sv_595e24b4d59f5660061fff46,fa_2231d567d66480e424d19c05,ea_acb7a057760dd0d6e43a724e,SNBR,SNBR,SNBR-SLEEP NUMBER CORP-2023.pdf,data/01_raw/sustainability/SNBR/SNBR-SLEEP NUMBER CORP-2023.pdf,,original,54497451cd66ec5fea8413fa096462fd5c81ab9d2efe7c718fc977c15ab729e7,4336252,2026-07-29T10:01:17.335195+00:00,,,true,false,false,,eligible_candidate,true,2026-07-29T20:13:36.122843+00:00
ls_26e8d8f68f9842c128be03d3,sv_d4ac8411eca04a9c52d6a19e,fa_241734823cfcaf704a5d12ea,ea_73401558ba37855d5c058652,SNBR,SNBR,SNBR-SLEEP NUMBER CORP-2024.pdf,data/01_raw/sustainability/SNBR/SNBR-SLEEP NUMBER CORP-2024.pdf,,original,c7338a335adc9b5dffcc587716b1065de20b3f29901ee9364bb24ea85cb3cf07,4466052,2026-07-29T10:01:22.083180+00:00,,,true,false,false,,eligible_candidate,true,2026-07-29T20:13:36.122843+00:00
ls_8cf1322184c74d10d4b68b26,sv_c042fcbea99be089d8fd1acf,fa_c5b53292533497b5366b5248,ea_e4db03ab1f20c5983659f005,SONO,SONO,SONO-SONOS INC-2018.pdf,data/01_raw/sustainability/SONO/SONO-SONOS INC-2018.pdf,,original,10fe3503f92c7307cc1b15a07347a55fce24997d856adcafea2db78e68961cdf,1642280,2026-07-24T23:18:22.524630+00:00,,,true,false,false,,eligible_candidate,true,2026-07-29T20:13:36.122843+00:00
ls_9c225c763b8cba8114d64488,sv_078bc092e8a85fe4929f0f1f,fa_bc6d5450b5d03d07e193117a,ea_39978cb03c893080b7f05fca,SONO,SONO,SONO-SONOS INC-2019.pdf,data/01_raw/sustainability/SONO/SONO-SONOS INC-2019.pdf,,original,bb9a059be2a12617fb9b7edf29fabff61601bf8612fd6fbf858475b366cc82f1,10451473,2026-07-24T23:18:26.688365+00:00,,,true,false,false,,eligible_candidate,true,2026-07-29T20:13:36.122843+00:00
ls_13e8f061919c57a0e6e938b6,sv_0c7961bb5e7834bb24572dd2,fa_6cec8f05f1e15f7a2e257ade,ea_9045a3cbdd79997b56027b47,SONO,SONO,SONO-SONOS INC-2020.pdf,data/01_raw/sustainability/SONO/SONO-SONOS INC-2020.pdf,,original,0ec1843a0108c3db992e66adf516aff6f470f5aa021d522bab000af8d2c4681e,6797489,2026-07-24T23:18:28.774002+00:00,,,true,false,false,,eligible_candidate,true,2026-07-29T20:13:36.122843+00:00
ls_620cfc18cb78bcc494823578,sv_e411b35e67377a0e4871707e,fa_01f8b270c8c4c51954d3dc4f,ea_68ef673643ebc608c345eda9,SONO,SONO,SONO-SONOS INC-2021.pdf,data/01_raw/sustainability/SONO/SONO-SONOS INC-2021.pdf,,original,bcf47358dfd3b6d11c2298d28bebbcbe7fbab724b8497ddc3caac4aff9eb9847,4900989,2026-07-24T23:18:30.302315+00:00,,,true,false,false,,eligible_candidate,true,2026-07-29T20:13:36.122843+00:00
ls_7e055281a875de5f292f90b7,sv_aeb30706bf684d0722612186,fa_d58b8b29ff4c4e10fdc1ed50,ea_c9781b749f67077c43493a95,SONO,SONO,SONO-SONOS INC-2022.pdf,data/01_raw/sustainability/SONO/SONO-SONOS INC-2022.pdf,,original,5fe1cab548c0fb34f44aa576a09a64fc02897fa2504ffe65acbf86b0d1e835a4,6923257,2026-07-24T23:18:32.729239+00:00,,,true,false,false,,eligible_candidate,true,2026-07-29T20:13:36.122843+00:00
ls_2c912ddd65103d90c2e8428c,sv_b036a16c79000c18ea88201a,fa_d334d9b26e27e4276780db55,ea_b9f1f5336dbc6c7215d9030d,SONO,SONO,SONO-SONOS INC-2023.pdf,data/01_raw/sustainability/SONO/SONO-SONOS INC-2023.pdf,,original,c2ac462209b9cd7a1f2ac6b120d3b60d7597d708995ff48a8d73ea4685a2627d,14207686,2026-07-24T23:18:39.102830+00:00,,,true,false,false,,eligible_candidate,true,2026-07-29T20:13:36.122843+00:00
ls_bfcce45d3f3631e659c9342b,sv_dbe43272d5370b256076e992,fa_5eeae0f05383ce4b664efc64,ea_583214fc8c35bac45082d67a,SONO,SONO,SONO-SONOS INC-2024.pdf,data/01_raw/sustainability/SONO/SONO-SONOS INC-2024.pdf,,original,42dfaf41621ade508806cff078d0f52ecbad7721f90fc07f5b02ec5583fae323,5162718,2026-07-24T23:18:42.438809+00:00,,,true,false,false,,eligible_candidate,true,2026-07-29T20:13:36.122843+00:00
ls_552ded94f32f118a73deb3ce,sv_bdeec2c7fad9ceb49b05b5d2,fa_233032124e57fdaa81baf832,ea_2eb53cb183eaf4721c9a7bc8,SONO,SONO,SONO-SONOS INC-2025.pdf,data/01_raw/sustainability/SONO/SONO-SONOS INC-2025.pdf,,original,0f3cf8c8125483348a70f039330ff931664dd79bc871bee82ceec9330022c508,7467464,2026-07-24T23:18:45.909808+00:00,,,true,false,false,,eligible_candidate,true,2026-07-29T20:13:36.122843+00:00
ls_a5dfd03f78018cce74943322,sv_80b727bfa6d2dba7f8120891,fa_2f862980b3bbf66429501a8c,ea_4f108160050e24397f3e8672,SVV,SVV,SVV-Savers Value Village-2021.pdf,data/01_raw/sustainability/SVV/SVV-Savers Value Village-2021.pdf,,original,65fb56b5fac3ecd11fab066f5c1b6de2d011ae2a492f9df9f7224a025163f754,12357072,2026-07-29T10:01:26.906400+00:00,,,true,false,false,,eligible_candidate,true,2026-07-29T20:13:36.122843+00:00
ls_5f88ba1bd30bf766f8973aff,sv_111fa7af347a7e898ae186c3,fa_9b2531e1987890bdd690b433,ea_d6d5ce4b2f58b455f32941b6,SVV,SVV,SVV-Savers Value Village-2022.pdf,data/01_raw/sustainability/SVV/SVV-Savers Value Village-2022.pdf,,original,fcb11cc470c2434ca99a32144e030c8f70ebd4bf2b732da7d1037b9030bca82c,66346468,2026-07-29T10:01:34.631391+00:00,,,true,false,false,,eligible_candidate,true,2026-07-29T20:13:36.122843+00:00
ls_232ee961b227ff9c028964fb,sv_e46ef9ee9a873b95c2140cb9,fa_1e9321f9717579534d2ea055,ea_79e7fbae9edb62f8e388db10,SVV,SVV,SVV-Savers Value Village-2023.pdf,data/01_raw/sustainability/SVV/SVV-Savers Value Village-2023.pdf,,original,a0ecc46d654833e1ff14a907b25e250a018c7bb7eb6f2c543fcea4bcb84a14e8,27688453,2026-07-29T10:01:41.684410+00:00,,,true,false,false,,eligible_candidate,true,2026-07-29T20:13:36.122843+00:00
ls_2fa0b5b069b8990931a84cff,sv_1ce96b3638aae2d5f59defe3,fa_65c5c7dbcfc576212583708a,ea_63bd6da85941495922ebed7d,SVV,SVV,SVV-Savers Value Village-2024.pdf,data/01_raw/sustainability/SVV/SVV-Savers Value Village-2024.pdf,,original,0908a156cf6e251f2b91cc2eeedba554cfe09c30cfe410fcf72f5206c996b4b9,2333068,2026-07-29T10:01:43.792243+00:00,,,true,false,false,,eligible_candidate,true,2026-07-29T20:13:36.122843+00:00
ls_57ac364fa2a63fc283d93255,sv_b18c28e2beb340c419f493af,fa_d5c2d1e6064f536a465856f6,ea_2aefd028d54d3d335aa14b9a,T,T,T-AT&T INC-2015.pdf,data/01_raw/sustainability/T/T-AT&T INC-2015.pdf,,original,ae3fab0069091c73a2f81345860c0e9a1a5f338924c7ea8696e617f8bd34ccdd,3719222,2026-07-24T23:19:05.432730+00:00,,,true,false,false,,eligible_candidate,true,2026-07-29T20:13:36.122843+00:00
ls_093b1412954ce5102afbcdc3,sv_03759c30802a8ce662abca4b,fa_bf80378a66acc7287692cbb5,ea_d34ebd28e875cc3ef2f31130,T,T,T-AT&T INC-2016.pdf,data/01_raw/sustainability/T/T-AT&T INC-2016.pdf,,original,ae76a3df8d8d6eb4caf4a88ceceb16a998434c982bec288bcab00002de4f61d9,3378000,2026-07-24T23:19:08.170011+00:00,,,true,false,false,,eligible_candidate,true,2026-07-29T20:13:36.122843+00:00
ls_63228dd95d7f994d233e9341,sv_d6f0660be9396d65dd8168b6,fa_be42d3fab3e87a9f38c536b4,ea_9ceff228c25eb43863015a2f,T,T,T-AT&T INC-2017.pdf,data/01_raw/sustainability/T/T-AT&T INC-2017.pdf,,original,80966539fe4ec6cf2110152f9fe1ee10415939d9422d96675c29e25ccc7f8686,8901609,2026-07-24T23:19:11.309705+00:00,,,true,false,false,,eligible_candidate,true,2026-07-29T20:13:36.122843+00:00
ls_24de1d769417f7ad1ba1f486,sv_cf00f735ed296dc8e4f95a6e,fa_bf18ca73035db6078ea78007,ea_23e446f60c49cd3a69bc937c,T,T,T-AT&T INC-2018.pdf,data/01_raw/sustainability/T/T-AT&T INC-2018.pdf,,original,6276a8df92f51cb2d2b7dda1c88450693178a64cd5f476b5464342f4c7c2db47,9818299,2026-07-24T23:19:14.383536+00:00,,,true,false,false,,eligible_candidate,true,2026-07-29T20:13:36.122843+00:00
ls_50d4402f206f67650f8fdcd5,sv_370d3f4018db51ffde2f6d71,fa_1148d2402ba4a6d441c69adb,ea_dfb6f52080f29ef7dbd0e202,T,T,T-AT&T INC-2019.pdf,data/01_raw/sustainability/T/T-AT&T INC-2019.pdf,,original,f566cabea791e7932d8c76812b5f312e44ea6c50b9a828fcaaddc0a4a8c87101,10255993,2026-07-24T23:19:21.135618+00:00,,,true,false,false,,eligible_candidate,true,2026-07-29T20:13:36.122843+00:00
ls_610a1bba537b99ac77ddee08,sv_840160330c1193855243eaeb,fa_d999a1157b4a9a1ef4cf0314,ea_0a7f528ddf9037dc9f768dbc,T,T,T-AT&T INC-2020.pdf,data/01_raw/sustainability/T/T-AT&T INC-2020.pdf,,original,d37f0fcf1c6681d1de262a4fa7f9c741f6e98227fdd4390f9b175a3018f35d53,6176080,2026-07-24T23:19:24.794851+00:00,,,true,false,false,,eligible_candidate,true,2026-07-29T20:13:36.122843+00:00
ls_a4fd934236447b8b27a9dbd7,sv_3ed5b23f8f792bec9142e05b,fa_894ba6285c11dff8f11d2ab8,ea_7f56166cc9628cfb0fdb1db5,T,T,T-AT&T INC-2021.pdf,data/01_raw/sustainability/T/T-AT&T INC-2021.pdf,,original,d47bd41d7a7383ca65e0c23b6c7628d4ab94e4788049200cd1c411d58f9d6383,9867176,2026-07-24T23:19:27.751084+00:00,,,true,false,false,,eligible_candidate,true,2026-07-29T20:13:36.122843+00:00
ls_26571a2eac6c28564ebfd330,sv_334c6acf2e0a05aeec5309a7,fa_2531704465f44ca2b32126d3,ea_f0c1bb35985f519d1cf91a1c,T,T,T-AT&T INC-2022.pdf,data/01_raw/sustainability/T/T-AT&T INC-2022.pdf,,original,2157e5d13b6e4c6c22fd769a56f32c48778905a4acf7344d9ffd0644b8c962a1,7527268,2026-07-24T23:19:34.040082+00:00,,,true,false,false,,eligible_candidate,true,2026-07-29T20:13:36.122843+00:00
ls_f24205d2ecf853f7bcc83692,sv_926869cfe55906b4ea483140,fa_f1030413852468a17fa7de87,ea_1720aa115b28f5edffb23735,T,T,T-AT&T INC-2023.pdf,data/01_raw/sustainability/T/T-AT&T INC-2023.pdf,,original,2ba7da303823587083b55d830b122dede90501f2962c734782a4af4459f8f839,24368616,2026-07-24T23:19:38.570747+00:00,,,true,false,false,,eligible_candidate,true,2026-07-29T20:13:36.122843+00:00
ls_f76314d69a8c2e5b0f47c9c7,sv_a30b0b07d1d7b30ba25866af,fa_7383769683e09dca8db2249c,ea_9e4a35dd40261924c5efb6e3,T,T,T-AT&T INC-2024.pdf,data/01_raw/sustainability/T/T-AT&T INC-2024.pdf,,original,d91eda17d29eecbdddeb3242e23ecde36fd29f51a8c2b28b0b00410e22f937fa,3578232,2026-07-24T23:19:41.358744+00:00,,,true,false,false,,eligible_candidate,true,2026-07-29T20:13:36.122843+00:00
ls_51c42bf4be2dd74becf24ec5,sv_337863403516e1093acfc1f5,fa_bcbf80f88459cacf45f00fc8,ea_156b01feb957d1accf5cc35a,T,T,T-AT&T INC-2025.pdf,data/01_raw/sustainability/T/T-AT&T INC-2025.pdf,,original,e26dade0e7e1f7658b6dbdbba11d7b06e33f162363558cbe5da1b1f7516e8337,8484849,2026-07-24T23:19:45.261478+00:00,,,true,false,false,,eligible_candidate,true,2026-07-29T20:13:36.122843+00:00
ls_d13549450ac71100d22ad123,sv_4de738e12fd59a3f19a18e94,fa_c08043e5ac9638d83ec71cb3,ea_0255a2ab1399b016fffae4e9,TDUP,TDUP,TDUP-THREDUP INC-2021.pdf,data/01_raw/sustainability/TDUP/TDUP-THREDUP INC-2021.pdf,,original,aea4581c4ac46e65b23ce0adc7c87aa5d3b8c0650902b528a7cd5df51c89ae35,10071559,2026-07-24T23:19:47.919477+00:00,,,true,false,false,,eligible_candidate,true,2026-07-29T20:13:36.122843+00:00
ls_3667469f47d461383eb72ae8,sv_f185223c9327b9b33f6a234b,fa_c86700ed12df7796189fbe9d,ea_43389c0c77c35e7f14ac073b,TDUP,TDUP,TDUP-THREDUP INC-2022.pdf,data/01_raw/sustainability/TDUP/TDUP-THREDUP INC-2022.pdf,,original,b68af0e3ea7b07c16cad7b34583369409c24fa173306392e1a4f0c6a02a6e027,28216306,2026-07-24T23:19:52.633737+00:00,,,true,false,false,,eligible_candidate,true,2026-07-29T20:13:36.122843+00:00
ls_94092b87fab2a691b41576ad,sv_fb00325c6d759a81a221d9a7,fa_ac4f1a09f1689c2d9e8b2e55,ea_c3d0aaab5d6c40a060fa5f69,TDUP,TDUP,TDUP-THREDUP INC-2023.pdf,data/01_raw/sustainability/TDUP/TDUP-THREDUP INC-2023.pdf,,original,277b1d1701d1e42344da80d064cdd4d901d10587feb5af9e64a4b703d011cbe0,6498505,2026-07-24T23:19:55.030086+00:00,,,true,false,false,,eligible_candidate,true,2026-07-29T20:13:36.122843+00:00
ls_10a4a2c45eeb39eece5c3aa3,sv_a05372ee9abbdc020fe8620e,fa_291a847b777c95641e541ed3,ea_75b116f9ae2e95f6943f2256,TDUP,TDUP,TDUP-THREDUP INC-2024.pdf,data/01_raw/sustainability/TDUP/TDUP-THREDUP INC-2024.pdf,,original,ac85cc90d47471a4a394fa30b99915e25360bfe2e9d74184bc215770c16a2b7f,13309190,2026-07-24T23:20:00.060378+00:00,,,true,false,false,,eligible_candidate,true,2026-07-29T20:13:36.122843+00:00
ls_696c5c68425231bc10aa4a53,sv_74ef17e07f02bb9b9d13b10a,fa_87f1eb1fe375ff66e8f4a5ea,ea_3f588e19a84988f7e2365e19,TGT,TGT,TGT-TARGET CORP-2015.pdf,data/01_raw/sustainability/TGT/TGT-TARGET CORP-2015.pdf,,original,e3d89c20eb70965e5229c3f270a20200ec04945bb764b514efa4506601bedd54,7092622,2026-07-24T23:20:05.723508+00:00,,,true,false,false,,eligible_candidate,true,2026-07-29T20:13:36.122843+00:00
ls_94a0aa9c723b0050c856acca,sv_5bc86d12fbf64f80e8fe3566,fa_f9fb273e891b6a10bc5173af,ea_3943def4baa43f2baa9f2210,TGT,TGT,TGT-TARGET CORP-2016.pdf,data/01_raw/sustainability/TGT/TGT-TARGET CORP-2016.pdf,,original,d78b2b34ebfb5bdd6bb41d4d0b3f56cf5482933cfb25f9ffbfddb34a0a244cee,9552789,2026-07-24T23:20:08.535953+00:00,,,true,false,false,,eligible_candidate,true,2026-07-29T20:13:36.122843+00:00
ls_033ab1e3a1153d6ba48720c1,sv_042b37fbfbb7fd36ebdd4296,fa_3af7a4595c30795b291c0a3e,ea_0a647499df042c3ac13af5d4,TGT,TGT,TGT-TARGET CORP-2017.pdf,data/01_raw/sustainability/TGT/TGT-TARGET CORP-2017.pdf,,original,1c3092f082e51d30a61b1e33aab49b10e7d5d57b05cc28d52ae2273c72fee784,5210378,2026-07-24T23:20:12.766885+00:00,,,true,false,false,,eligible_candidate,true,2026-07-29T20:13:36.122843+00:00
ls_9001510210419537f694de90,sv_478d6e8721b301b04613af2b,fa_4411048a686e6788ffd8f38f,ea_3fc1cb5fe677e4a5ea345a7a,TGT,TGT,TGT-TARGET CORP-2018.pdf,data/01_raw/sustainability/TGT/TGT-TARGET CORP-2018.pdf,,original,3b490ae531a8af363252bca4c0b6eaf5471ddd93548cff2cc1204f207326c8c3,12510470,2026-07-24T23:20:15.273289+00:00,,,true,false,false,,eligible_candidate,true,2026-07-29T20:13:36.122843+00:00
ls_c8eb08130b245f94c92e4604,sv_b6339b86d3fc16387734d020,fa_df782042bef60bf33598e8de,ea_4fc1d1500f6847da060f43d7,TGT,TGT,TGT-TARGET CORP-2019.pdf,data/01_raw/sustainability/TGT/TGT-TARGET CORP-2019.pdf,,original,20f108e2055c9f1b4b30e4ca03ca7fc918054697aadf51f2aed30bba18fae5fd,7468767,2026-07-24T23:20:27.195675+00:00,,,true,false,false,,eligible_candidate,true,2026-07-29T20:13:36.122843+00:00
ls_ad6838340b3bf4cf3bbc4bc3,sv_8bb322a869da5bcdbcb1df53,fa_cadafe9882bb64c670c536ee,ea_b60acb852ca0758b3c5f9919,TGT,TGT,TGT-TARGET CORP-2020.pdf,data/01_raw/sustainability/TGT/TGT-TARGET CORP-2020.pdf,,original,ba6df6adab1b88f581361af7790fceb73eb197462e7c91be3075dfa422a15bbe,5545572,2026-07-24T23:20:33.465342+00:00,,,true,false,false,,eligible_candidate,true,2026-07-29T20:13:36.122843+00:00
ls_c69f309143b2506445ad7e20,sv_093c1164cbdd7a08cba76930,fa_08cc7a89cc0b4c290b3d81f1,ea_91f6e8d2e945db4f1dfc5082,TGT,TGT,TGT-TARGET CORP-2021.pdf,data/01_raw/sustainability/TGT/TGT-TARGET CORP-2021.pdf,,original,9e7d5aa9a025ee6ef4d4da5aa42463a64ee6361bb9f08e1149a4e5082ad21e5c,5097233,2026-07-24T23:20:36.026004+00:00,,,true,false,false,,eligible_candidate,true,2026-07-29T20:13:36.122843+00:00
ls_a0b82655a21342adfb3a860b,sv_6a7cfef69c5ccc586eacc24e,fa_b9d8a65372187dbfd963d90f,ea_64724666651f2a903adb0dc9,TGT,TGT,TGT-TARGET CORP-2022.pdf,data/01_raw/sustainability/TGT/TGT-TARGET CORP-2022.pdf,,original,da1cd4a969fc01b2468e1cb9ae3042332550c92f80c0056c2cf6052415467b7b,10277649,2026-07-24T23:20:39.370924+00:00,,,true,false,false,,eligible_candidate,true,2026-07-29T20:13:36.122843+00:00
ls_5dca500caa20072278e414d2,sv_7b8cbfafde0c0145563528da,fa_0ead9e4e75aa4cf13006a920,ea_035accaf61aba64122b03b0b,TGT,TGT,TGT-TARGET CORP-2023.pdf,data/01_raw/sustainability/TGT/TGT-TARGET CORP-2023.pdf,,original,f28d2b6655427ec60ee38a8ddd6abdbeb763b71867ef6f0e3a0d131ba14eb26b,21278411,2026-07-24T23:20:49.981181+00:00,,,true,false,false,,eligible_candidate,true,2026-07-29T20:13:36.122843+00:00
ls_4359ab7a0ed45adfc4eb0ed6,sv_92dab8b806073ba09d342931,fa_e0ca179b008dd0974d6e3609,ea_abd62745303d96ac772f2d9e,TGT,TGT,TGT-TARGET CORP-2024.pdf,data/01_raw/sustainability/TGT/TGT-TARGET CORP-2024.pdf,,original,0170723d21f9e04a50cbdffaf63376d52d6e0ce0f3f1c38ed2d1cabedb03c0cd,31411235,2026-07-29T10:01:56.918200+00:00,,,true,false,false,,eligible_candidate,true,2026-07-29T20:13:36.122843+00:00
ls_83f4bdb68bb1571d144d2820,sv_945d170a5d72dd793320f819,fa_c21b5bd3de2698497e519edf,ea_020e0f95a4adcd93cf5e03e0,TJX,TJX,TJX-Tjx Cos Inc-2015.pdf,data/01_raw/sustainability/TJX/TJX-Tjx Cos Inc-2015.pdf,,original,5fcbd45ddc763bc12264c9a0d1dd167a870d12cfe6331118ba90dd608c31fff2,6598139,2026-07-29T10:02:02.313573+00:00,,,true,false,false,,eligible_candidate,true,2026-07-29T20:13:36.122843+00:00
ls_d45ada219fc410afca57f1a3,sv_ab17d98634824ccd09b40bd5,fa_251b767a3215fc114f1ebad1,ea_04fa43400f8249bf0638a143,TJX,TJX,TJX-Tjx Cos Inc-2016.pdf,data/01_raw/sustainability/TJX/TJX-Tjx Cos Inc-2016.pdf,,original,18f6d0c50b7477cc75303cd8948a9222392e507245202ae2a5cd06fb1c1c1672,8748631,2026-07-29T10:02:07.960990+00:00,,,true,false,false,,eligible_candidate,true,2026-07-29T20:13:36.122843+00:00
ls_ee62bb790aab82141b9ca51b,sv_e8910f7092ad6a793c5b61ba,fa_4a5ea5e7ec717a63690f638f,ea_8753330b65f0b710d0765aa3,TJX,TJX,TJX-Tjx Cos Inc-2017.pdf,data/01_raw/sustainability/TJX/TJX-Tjx Cos Inc-2017.pdf,,original,420772bc2fb54aa9665e196206fe7225833e6fefb3a27814b4a9b9fb1f847dfa,5908378,2026-07-29T10:02:10.198050+00:00,,,true,false,false,,eligible_candidate,true,2026-07-29T20:13:36.122843+00:00
ls_44504988d11087893d7b8a62,sv_9f1b349106537ddd1b379d2f,fa_1040d6b146b56b8568ae57bc,ea_8ee8f37f0fbc0c040ff1d782,TJX,TJX,TJX-Tjx Cos Inc-2018.pdf,data/01_raw/sustainability/TJX/TJX-Tjx Cos Inc-2018.pdf,,original,92395b3d832334d763952586f7439562a66ad255363d009b0656d59ea404bd15,6411733,2026-07-29T10:02:14.043325+00:00,,,true,false,false,,eligible_candidate,true,2026-07-29T20:13:36.122843+00:00
ls_231ffea5388b7e234cf944ee,sv_098aed05246f804090d925a2,fa_d30b4138a470239b0d4c4b26,ea_0f22fcf14d7fe76713348a73,TJX,TJX,TJX-Tjx Cos Inc-2019.pdf,data/01_raw/sustainability/TJX/TJX-Tjx Cos Inc-2019.pdf,,original,f439829e9087f1757d188897a67eecd3d6e5cb9d9872e91bb8ca2a4f1d81b168,7048168,2026-07-29T10:02:19.961757+00:00,,,true,false,false,,eligible_candidate,true,2026-07-29T20:13:36.122843+00:00
ls_88132e36761dda13b628e6f9,sv_1ddc92b4473997067d9e8bdd,fa_350b497753e112a0fc93e39d,ea_b6f748f5c38117d35901631c,TJX,TJX,TJX-Tjx Cos Inc-2020.pdf,data/01_raw/sustainability/TJX/TJX-Tjx Cos Inc-2020.pdf,,original,17e4244a55348ccda6c5b9b4094518b79a1384813dc66904fd1baf1f84becad5,11181039,2026-07-29T10:02:22.737122+00:00,,,true,false,false,,eligible_candidate,true,2026-07-29T20:13:36.122843+00:00
ls_2ed7db45c54875aca18968e7,sv_0421ee886f93920d3e8fa87d,fa_455ac49a58fcf99810fae16b,ea_65759972bc945b104caff4ad,TJX,TJX,TJX-Tjx Cos Inc-2021.pdf,data/01_raw/sustainability/TJX/TJX-Tjx Cos Inc-2021.pdf,,original,2329425c57a7cfe6e2a88e68dc54066d84e5fd1b5be20a90f8fadcb8ae5dd4e3,18137185,2026-07-29T10:02:27.284457+00:00,,,true,false,false,,eligible_candidate,true,2026-07-29T20:13:36.122843+00:00
ls_5596989e2cf02bda7b835e45,sv_ddad8eaef39d60f7056a78bf,fa_6565d3301afa4b1449f74bf3,ea_c3a48fc857b0dc87e35e1833,TJX,TJX,TJX-Tjx Cos Inc-2022.pdf,data/01_raw/sustainability/TJX/TJX-Tjx Cos Inc-2022.pdf,,original,dcc7989d6043ef44f73e954bd84e44b7fee12a3fa3b7e2d8e498179c66d298fb,20642095,2026-07-29T10:02:35.258420+00:00,,,true,false,false,,eligible_candidate,true,2026-07-29T20:13:36.122843+00:00
ls_a8df8509198001c0ff65edae,sv_4abb0c70b881750270b8287c,fa_3c59946ff91d73f5a8c93c30,ea_d847afd4446ce14d0684b4c3,TJX,TJX,TJX-Tjx Cos Inc-2023.pdf,data/01_raw/sustainability/TJX/TJX-Tjx Cos Inc-2023.pdf,,original,fd75f8941b10308a6ef33bb18119b1eb9b87a2c43a3d68af086f31d71781311f,13313478,2026-07-29T10:02:39.066108+00:00,,,true,false,false,,eligible_candidate,true,2026-07-29T20:13:36.122843+00:00
ls_2438034cb1516125b8e5d696,sv_76fb0ec2fd898bd85356545e,fa_8b806572701c275fba7aff97,ea_504a673cb71b34dcbd983dc0,TJX,TJX,TJX-Tjx Cos Inc-2024.pdf,data/01_raw/sustainability/TJX/TJX-Tjx Cos Inc-2024.pdf,,original,d13e6316923a4561afa053e13e84077147f482a5495261d4492d689c1a25835e,24120310,2026-07-29T10:02:46.310658+00:00,,,true,false,false,,eligible_candidate,true,2026-07-29T20:13:36.122843+00:00
ls_b0f4765d66661fecc51c48cd,sv_195622aea2dd370b7f9c567a,fa_374d935d689383378fdf3ac9,ea_10b1767de54773324035c08f,TPR,TPR,TPR-TAPESTRY INC-2015.pdf,data/01_raw/sustainability/TPR/TPR-TAPESTRY INC-2015.pdf,,original,99d2029069ce0b6587c4c4e595d3f57502a2b53716a4de548ee4d447b29b3f23,15374186,2026-07-24T23:21:45.577778+00:00,,,true,false,false,,eligible_candidate,true,2026-07-29T20:13:36.122843+00:00
ls_fd2ca1fc6dc186f15b555eb4,sv_9f83731884e14c1fcf1e859c,fa_f5c0623968e589051ac43fd2,ea_8ece5f3d75defd5c188b1e70,TPR,TPR,TPR-TAPESTRY INC-2016.pdf,data/01_raw/sustainability/TPR/TPR-TAPESTRY INC-2016.pdf,,original,815256a84d6f1d443c5853db2de9b3b6b06ca10e4c9984bed3f2d372fb410c85,9646509,2026-07-24T23:21:49.267549+00:00,,,true,false,false,,eligible_candidate,true,2026-07-29T20:13:36.122843+00:00
ls_d91ebbccee74430f55744407,sv_b10f56de730205579daa1b88,fa_5a4e6bb0694790114d493f70,ea_d08c295985c5793f7b497275,TPR,TPR,TPR-TAPESTRY INC-2017.pdf,data/01_raw/sustainability/TPR/TPR-TAPESTRY INC-2017.pdf,,original,00a4a3c2d42cc35ba7d53b6af0818cda2badd68dcbc5d46373dd82a53ffc4c29,8115760,2026-07-24T23:21:53.617450+00:00,,,true,false,false,,eligible_candidate,true,2026-07-29T20:13:36.122843+00:00
ls_3938780708b55f90a14ea3f4,sv_29f65d0ddc0499c8c0b9af15,fa_526fcb299bf6a5d661e28114,ea_c854bbf1c342d16243553e1f,TPR,TPR,TPR-TAPESTRY INC-2018.pdf,data/01_raw/sustainability/TPR/TPR-TAPESTRY INC-2018.pdf,,original,122a232f013d9edc8ab4f645784d32dd8e5c99acd0e4e0f148e6c731542604a3,6540419,2026-07-24T23:21:58.577272+00:00,,,true,false,false,,eligible_candidate,true,2026-07-29T20:13:36.122843+00:00
ls_d68d4a4ace5e4993459f6743,sv_f21f6448fccbd2628a8f4e20,fa_a229987bf5de382def43c08d,ea_ece3627e7934d3c397edc08c,TPR,TPR,TPR-TAPESTRY INC-2019.pdf,data/01_raw/sustainability/TPR/TPR-TAPESTRY INC-2019.pdf,,original,bfdea1652af9bcbe87ee0b34f1bc972aaf4d35ec63003fd22ecf2d455ae9901f,6863892,2026-07-24T23:22:02.249654+00:00,,,true,false,false,,eligible_candidate,true,2026-07-29T20:13:36.122843+00:00
ls_19a8461b4a34f1007bca34f4,sv_43a2ebf78b4a2659504f0cfd,fa_09bec8bbfdaf7579ebd413a7,ea_2e4b2bb9c618183a62b94913,TPR,TPR,TPR-TAPESTRY INC-2020.pdf,data/01_raw/sustainability/TPR/TPR-TAPESTRY INC-2020.pdf,,original,0ddeabe5f7129c1d93c0443c93efb836d59ab9d156e9a81a61b5c60ff622db34,5321285,2026-07-24T23:22:04.528287+00:00,,,true,false,false,,eligible_candidate,true,2026-07-29T20:13:36.122843+00:00
ls_a760aa056242c14b96d7589f,sv_dff6809be9b9ddd891dd8b27,fa_ae11ea2bf1439dbb884a806b,ea_0ac13ebade0169ff7b23a3ba,TPR,TPR,TPR-TAPESTRY INC-2021.pdf,data/01_raw/sustainability/TPR/TPR-TAPESTRY INC-2021.pdf,,original,eb5bfeeef6c16843a595fa24e4abe65fe9e75fe7aaabbc0feea9523036af0da1,4236177,2026-07-24T23:22:12.539365+00:00,,,true,false,false,,eligible_candidate,true,2026-07-29T20:13:36.122843+00:00
ls_865bbcee198e0e141afe0666,sv_963ae15830e1fe46205bacaf,fa_207e9f9e506d5bae54d49ffc,ea_c1770919cd8d396351fb80ba,TPR,TPR,TPR-TAPESTRY INC-2022.pdf,data/01_raw/sustainability/TPR/TPR-TAPESTRY INC-2022.pdf,,original,143f20598c5bc96e9f79c5c1f062efdfac1d2e6a3c2ebdf19e8c43ead3fdc0fe,11947541,2026-07-24T23:22:15.143812+00:00,,,true,false,false,,eligible_candidate,true,2026-07-29T20:13:36.122843+00:00
ls_237a965330f6fe01905d8943,sv_2e68d24928e836b5537326f6,fa_33400e4c1dec4fc5ed8ccb55,ea_30d967e0f7471837dc49842a,TPR,TPR,TPR-TAPESTRY INC-2023.pdf,data/01_raw/sustainability/TPR/TPR-TAPESTRY INC-2023.pdf,,original,15b8ce4d39b19df8349a5defa3f40f2092a9088987916a6b3a30ea007ef1b0b0,14468810,2026-07-24T23:22:18.181469+00:00,,,true,false,false,,eligible_candidate,true,2026-07-29T20:13:36.122843+00:00
ls_3a53e9474b0b664d17428ed0,sv_033479cf3ec8a4d63094ff1e,fa_616dbf365ec79bd5a418e6d5,ea_4ba9829581d517b710982ee7,TPR,TPR,TPR-TAPESTRY INC-2024.pdf,data/01_raw/sustainability/TPR/TPR-TAPESTRY INC-2024.pdf,,original,4b5186c600bf0927103c4ffca242988e2db7103b1aaae0a241a3bcd7f46238a8,14732306,2026-07-24T23:22:24.616176+00:00,,,true,false,false,,eligible_candidate,true,2026-07-29T20:13:36.122843+00:00
ls_061d1d3ac99c52bac8adebfa,sv_b9455b6a5768088005da9fde,fa_65dad22d0a2ea2d78eb4fbec,ea_fae0a9c2e64f9724f99b57a3,TPR,TPR,TPR-TAPESTRY INC-2025.pdf,data/01_raw/sustainability/TPR/TPR-TAPESTRY INC-2025.pdf,,original,c3acaabdee07c495d7e39ed847d81b4b762dbc73b13c18c8de5dc2a207597231,35723691,2026-07-24T23:22:32.285743+00:00,,,true,false,false,,eligible_candidate,true,2026-07-29T20:13:36.122843+00:00
ls_2c57d1951d1bf0ac555a9745,sv_7da87a232b6271b6c6c1eb6c,fa_9561dc1b88aef7e05d7387f3,ea_03b4781c0a7bee02d10e9fca,TSCO,TSCO,TSCO-TRACTOR SUPPLY CO-2020.pdf,data/01_raw/sustainability/TSCO/TSCO-TRACTOR SUPPLY CO-2020.pdf,,original,e660600eb0627db2e1f6bc79159573d69efe0d48bd9a9322c940e38c4a8eeace,3872285,2026-07-24T23:22:36.748040+00:00,,,true,false,false,,eligible_candidate,true,2026-07-29T20:13:36.122843+00:00
ls_ce1cdede0a96dce736a1e02a,sv_d90a8361fbdb7894beecfb9c,fa_4b238fc64397f4aae80e9feb,ea_521dbd5b5d78c5d07c170ec9,TSCO,TSCO,TSCO-TRACTOR SUPPLY CO-2021.pdf,data/01_raw/sustainability/TSCO/TSCO-TRACTOR SUPPLY CO-2021.pdf,,original,e21f4a0d39d6e87b3ddbb14b4a3f0cc67c496920dad2c0e21312bf0d1932debd,5654488,2026-07-24T23:22:38.854686+00:00,,,true,false,false,,eligible_candidate,true,2026-07-29T20:13:36.122843+00:00
ls_986ce7b4e5e666759ed90234,sv_9ddc7d1d3f7c04771610f991,fa_cc59a48f1d39244b918588af,ea_bfd21787d272e4fe852613cb,TSCO,TSCO,TSCO-TRACTOR SUPPLY CO-2023.pdf,data/01_raw/sustainability/TSCO/TSCO-TRACTOR SUPPLY CO-2023.pdf,,original,3a5864cfc22c739799ba7099a3c21642a8aa4eb011589b69178a5500f526d0dd,6139149,2026-07-24T23:22:41.488646+00:00,,,true,false,false,,eligible_candidate,true,2026-07-29T20:13:36.122843+00:00
ls_bffb9fb6389f6cc65100c046,sv_95bd51e33fb9770614be7d53,fa_cbe55478d2e9e02bdd30940a,ea_9403f5d058af7f680a179ee5,TSCO,TSCO,TSCO-TRACTOR SUPPLY CO-2024.pdf,data/01_raw/sustainability/TSCO/TSCO-TRACTOR SUPPLY CO-2024.pdf,,original,a239b416fca2c7f14fb86f819f203a64f1cfd345583ed9b05dd716c85901b38b,3525454,2026-07-24T23:22:43.224340+00:00,,,true,false,false,,eligible_candidate,true,2026-07-29T20:13:36.122843+00:00
ls_ad44a1a10ee9a4f0258514a7,sv_8f671b12ae8145a33ffbcabb,fa_5de4cfd2ef82534ed191d776,ea_4e505911989eb818d151e258,TSCO,TSCO,TSCO-TRACTOR SUPPLY CO-2025.pdf,data/01_raw/sustainability/TSCO/TSCO-TRACTOR SUPPLY CO-2025.pdf,,original,2533a345b7d4b938a7b3a9658eb029f7c317c4a74aceb323ebd1f517c83cc985,24602598,2026-07-24T23:22:50.232380+00:00,,,true,false,false,,eligible_candidate,true,2026-07-29T20:13:36.122843+00:00
ls_5462961a94bd05b181790292,sv_91e9fd0a44a65edd5f3453b2,fa_f07cffb67e6aa0c814370652,ea_a4a21ac9bb01ba9ddacf4d5e,UAA,UAA,UAA-UNDER ARMOUR INC-2021.pdf,data/01_raw/sustainability/UAA/UAA-UNDER ARMOUR INC-2021.pdf,,original,efcb567ac8d56cd7cd176dac45191e40c4ba43b659a98b7333c97868f46ee00a,12936710,2026-07-24T23:22:55.576439+00:00,,,true,false,false,,eligible_candidate,true,2026-07-29T20:13:36.122843+00:00
ls_1ad8a19446ad9f68bbc70836,sv_ca7fde79bd884c1ba95aa399,fa_43c7cec60c2383a66a1d5919,ea_24be68e3098707b82c429ffc,UAA,UAA,UAA-UNDER ARMOUR INC-2022.pdf,data/01_raw/sustainability/UAA/UAA-UNDER ARMOUR INC-2022.pdf,,original,edc8526d89c7b97466c3f2d9c572e254ff1012653ec09cd759ae560705da9066,17297496,2026-07-29T10:02:55.715144+00:00,,,true,false,false,,eligible_candidate,true,2026-07-29T20:13:36.122843+00:00
ls_6358d348d344af98741d2c1f,sv_6636f5936437fe05898a751e,fa_3a63c481579c81cbaaa4de27,ea_b320e89c55c6d6445569ba81,UEIC,UEIC,UEIC-UNIVERSAL ELECTRONICS INC-2023.pdf,data/01_raw/sustainability/UEIC/UEIC-UNIVERSAL ELECTRONICS INC-2023.pdf,,original,26e2dcc505ab53db2b06781ce09b47053cb9e10688bee9fa0a7439d9182c457f,2935566,2026-07-24T23:23:03.258790+00:00,,,true,false,false,,eligible_candidate,true,2026-07-29T20:13:36.122843+00:00
ls_4535ed1f5c63bda6a4cd702c,sv_3086660c4add27ad9a694337,fa_3196070a7a83c74254a821d8,ea_c7319a0e8092ee734b6a9137,UEIC,UEIC,UEIC-UNIVERSAL ELECTRONICS INC-2024.pdf,data/01_raw/sustainability/UEIC/UEIC-UNIVERSAL ELECTRONICS INC-2024.pdf,,original,9ee60ae77918685665589a2522d0b8c86acfb7394b65a997498cfa77572c9f2b,3681267,2026-07-24T23:23:05.677268+00:00,,,true,false,false,,eligible_candidate,true,2026-07-29T20:13:36.122843+00:00
ls_94e896cb185536b70b855cc5,sv_c64509d55399ba74fb22ae67,fa_0555ca45f958e2b2bbdf9086,ea_de97b272090d95cc333352ab,UEIC,UEIC,UEIC-UNIVERSAL ELECTRONICS INC-2025.pdf,data/01_raw/sustainability/UEIC/UEIC-UNIVERSAL ELECTRONICS INC-2025.pdf,,original,7d47d9fc0d84d01f5a001735b5cb2527421a1f08a6d8a8c12f02a749db6daac8,3952764,2026-07-24T23:23:08.836037+00:00,,,true,false,false,,eligible_candidate,true,2026-07-29T20:13:36.122843+00:00
ls_4ecb909c0e054935695f96fe,sv_bb4a83a7b61d6730dc0b808c,fa_86edd3df16831235096d8c5b,ea_d7caca03d4d5dde091b1d140,ULTA,ULTA,ULTA-ULTA BEAUTY INC-2020.pdf,data/01_raw/sustainability/ULTA/ULTA-ULTA BEAUTY INC-2020.pdf,,original,a114e05f3f055b56995f985acf1b6e92f82e70073e1123dbd9efc62c952df837,3651145,2026-07-24T23:23:12.025242+00:00,,,true,false,false,,eligible_candidate,true,2026-07-29T20:13:36.122843+00:00
ls_f6d74805d1a491e5c1f21cad,sv_3d414dfb942c038a43001d09,fa_42d3ac1fcf6419689c5f0dc5,ea_0df6eb13605a6cc9a3de061d,ULTA,ULTA,ULTA-ULTA BEAUTY INC-2021.pdf,data/01_raw/sustainability/ULTA/ULTA-ULTA BEAUTY INC-2021.pdf,,original,d77846a9b7dc3d8de36f73c73609f61325bfebf44d9d370dcb167816c9fa30b1,17765718,2026-07-24T23:23:15.558151+00:00,,,true,false,false,,eligible_candidate,true,2026-07-29T20:13:36.122843+00:00
ls_d79abcd26a17c3e601e1ae53,sv_14d7abd0733e54e283654ee1,fa_2b3452bde1270a72764722f2,ea_1cf7c7f56568aae84b41fe1a,ULTA,ULTA,ULTA-ULTA BEAUTY INC-2022.pdf,data/01_raw/sustainability/ULTA/ULTA-ULTA BEAUTY INC-2022.pdf,,original,a553f3c311ef282560f64dded8ee754838a00922cfea72ea0a5f64defd5c9f56,7756768,2026-07-24T23:23:17.654063+00:00,,,true,false,false,,eligible_candidate,true,2026-07-29T20:13:36.122843+00:00
ls_e9583a6ff2ae80b1f4d09034,sv_c35e9fbc3a518035f699da36,fa_57620aca2a72673dd56e7156,ea_30cc2fa3292ee748268554df,ULTA,ULTA,ULTA-ULTA BEAUTY INC-2023.pdf,data/01_raw/sustainability/ULTA/ULTA-ULTA BEAUTY INC-2023.pdf,,original,94da1624f46848e5840463658ae390fb9af4d24e97943b8b43311f56444921b5,7084793,2026-07-24T23:23:22.845648+00:00,,,true,false,false,,eligible_candidate,true,2026-07-29T20:13:36.122843+00:00
ls_7c9c56675736f6131fb60bb8,sv_530e73b3a25cd056e90ebe37,fa_83a45c94d85b4c4c401998e8,ea_17553912b31824f69de30ccb,ULTA,ULTA,ULTA-ULTA BEAUTY INC-2024.pdf,data/01_raw/sustainability/ULTA/ULTA-ULTA BEAUTY INC-2024.pdf,,original,f49310521f284e74d0daaafaa113046b53f5bb436784cba0a190e9115248f0d0,8144642,2026-07-24T23:23:24.949469+00:00,,,true,false,false,,eligible_candidate,true,2026-07-29T20:13:36.122843+00:00
ls_f8068ad8e0f72fe5713349c5,sv_13937c16da6ba56b96bead38,fa_322f76e237866e05ccb3470b,ea_44f9058253052677d13ab5c3,ULTA,ULTA,ULTA-ULTA BEAUTY INC-2025.pdf,data/01_raw/sustainability/ULTA/ULTA-ULTA BEAUTY INC-2025.pdf,,original,60babfd015a9f14a9f7fe9f2225fcf4a192ad32fe2e4b0d7ba46be3efbbca639,17006858,2026-07-24T23:23:30.822903+00:00,,,true,false,false,,eligible_candidate,true,2026-07-29T20:13:36.122843+00:00
ls_07c5fdebc5666fffd50ac5b7,sv_d3da554bd4b0bba10ed9739b,fa_5a58a5da143d9ebd2dafb6da,ea_e946cb9d62ac3c38fcb979a3,UPBD,UPBD,UPBD-UPBOUND GROUP INC-2021.pdf,data/01_raw/sustainability/UPBD/UPBD-UPBOUND GROUP INC-2021.pdf,,original,1d137b81b8fd5c85dcb72bed5c4f99f3f99dc858bb87f0f46d6d3c28a1719fc7,3692826,2026-07-24T23:23:36.039974+00:00,,,true,false,false,,eligible_candidate,true,2026-07-29T20:13:36.122843+00:00
ls_98f6515530ee254a760b4177,sv_bd37fba7ce38dfeb4ff1b7e0,fa_93a2edffe77b3ecd1e64f617,ea_0861cf7ab68368aac341264a,UPBD,UPBD,UPBD-UPBOUND GROUP INC-2022.pdf,data/01_raw/sustainability/UPBD/UPBD-UPBOUND GROUP INC-2022.pdf,,original,d3e2a107271601761dc1f5c5d0bee7e60245a0c35c73a8087651ded8b6504af7,2795537,2026-07-24T23:23:38.273931+00:00,,,true,false,false,,eligible_candidate,true,2026-07-29T20:13:36.122843+00:00
ls_7f0493781acaf69bd580840d,sv_0b1f0a5e15bf0939f1bb159d,fa_27b8c0239c982892465ad74a,ea_6e8fbd26c0861bf326324a84,UPBD,UPBD,UPBD-UPBOUND GROUP INC-2023.pdf,data/01_raw/sustainability/UPBD/UPBD-UPBOUND GROUP INC-2023.pdf,,original,c11c55e5a203fb203240c774e5a59db7d23c76e9405f1ca8ecf9eb42898fbc76,5076334,2026-07-24T23:23:41.560625+00:00,,,true,false,false,,eligible_candidate,true,2026-07-29T20:13:36.122843+00:00
ls_7f23e2346462876c9722067e,sv_06e508189f10e74cab2de109,fa_8f6ef3c6d45721ee8ab0777d,ea_eb63bed2d0d28d43d302607c,URBN,URBN,URBN-URBAN OUTFITTERS INC-2022.pdf,data/01_raw/sustainability/URBN/URBN-URBAN OUTFITTERS INC-2022.pdf,,original,69da3cff444e3f482c6d62aa0f13139b51642bb6697677e678570ccff5da5297,43970957,2026-07-29T10:03:11.055277+00:00,,,true,false,false,,eligible_candidate,true,2026-07-29T20:13:36.122843+00:00
ls_d5054e27514aa542cd10a5d6,sv_57de135807f386ef6fea4b78,fa_ff0fd428b1414d7cd6d8e39d,ea_cf80adf4fa9036daa5fe535d,URBN,URBN,URBN-URBAN OUTFITTERS INC-2024.pdf,data/01_raw/sustainability/URBN/URBN-URBAN OUTFITTERS INC-2024.pdf,,original,2347428e6d60400e19c396c6610074fc8896a723390047858939b1c16523fbef,50637267,2026-07-29T10:03:19.465116+00:00,,,true,false,false,,eligible_candidate,true,2026-07-29T20:13:36.122843+00:00
ls_fa077efec21f23b9cc37d00f,sv_115e0582c5450341496bedb8,fa_acd1a78017429614a38bf0b8,ea_e8db981b352e0276cfffdbaa,URBN,URBN,URBN-URBAN OUTFITTERS INC-2025.pdf,data/01_raw/sustainability/URBN/URBN-URBAN OUTFITTERS INC-2025.pdf,,original,df4ae0f4c5f8cdc3b57b652f950e2df8625e95a70d15889b0257c408de269341,2558829,2026-07-29T10:03:21.423776+00:00,,,true,false,false,,eligible_candidate,true,2026-07-29T20:13:36.122843+00:00
ls_bdb6958791519b9bb170a5d7,sv_7d998567de6a2142380a97f0,fa_70623a2e5d3fc8a997515c40,ea_407edf45ef49e4eb88506292,VFC,VFC,VFC-VF CORP-2016.pdf,data/01_raw/sustainability/VFC/VFC-VF CORP-2016.pdf,,original,0f2270aa4da374a06486a4bc423db85548467335752bc0baf54b0e064796a3ec,5744233,2026-07-29T10:03:24.026903+00:00,,,true,false,false,,eligible_candidate,true,2026-07-29T20:13:36.122843+00:00
ls_0638bb5e5e1c12bce574afa8,sv_302ad594c319598892513bf4,fa_39d85491f3874d5c191833db,ea_0a5e44caf9e0c2c8a69a903c,VFC,VFC,VFC-VF CORP-2018.pdf,data/01_raw/sustainability/VFC/VFC-VF CORP-2018.pdf,,original,ec0d50c205472949571eb1110c9087e0a0e9324e638c901ff42861c178a24d14,3563325,2026-07-29T10:03:26.514763+00:00,,,true,false,false,,eligible_candidate,true,2026-07-29T20:13:36.122843+00:00
ls_099aa3401a998e079b16ec8c,sv_b53d18bf61356488eeb070a7,fa_aa3e81142fe3f9147edf432a,ea_d5b33c989a72a0a5a81bc472,VFC,VFC,VFC-VF CORP-2019.pdf,data/01_raw/sustainability/VFC/VFC-VF CORP-2019.pdf,,original,f1f07e2a9006a5b542c5961ea13248df00219e8a515e1866fa8af758b9a936b7,13461208,2026-07-24T23:24:02.776671+00:00,,,true,false,false,,eligible_candidate,true,2026-07-29T20:13:36.122843+00:00
ls_1dfb2e2ffdc5251e74a4c23e,sv_2881cce7f480b3c8ec07f93c,fa_8bfe0f3bff40f2832cf85f04,ea_b34801cb9f3ac6ef5d75999e,VFC,VFC,VFC-VF CORP-2021.pdf,data/01_raw/sustainability/VFC/VFC-VF CORP-2021.pdf,,original,c51791e7d00a98a2552ff6d04be42d40c638483050565cb28a24c8df99efd8ee,19332761,2026-07-29T10:03:31.871058+00:00,,,true,false,false,,eligible_candidate,true,2026-07-29T20:13:36.122843+00:00
ls_2d8b1c99a61c9e62bf439b26,sv_1428fa4d0fb0cbe485b8132a,fa_b8cc7294fe884ab5d3803265,ea_b30ab25c4c3a2fa6a1763057,VFC,VFC,VFC-VF CORP-2022.pdf,data/01_raw/sustainability/VFC/VFC-VF CORP-2022.pdf,,original,20a4aae3d148b1059be9d35129912309064a21bd88c81521b17adb97d26a85f6,18233188,2026-07-29T10:03:41.005019+00:00,,,true,false,false,,eligible_candidate,true,2026-07-29T20:13:36.122843+00:00
ls_8c739aecaf7944393ed77734,sv_a0ce6d09f77e848a8640cac1,fa_69bfdadc4b89751ede661382,ea_8c659dd4d7ad432f596bacd8,VFC,VFC,VFC-VF CORP-2023-2024.pdf,data/01_raw/sustainability/VFC/VFC-VF CORP-2023-2024.pdf,,original,85decea25d3bd9a3219c2372aefc68c3b96cbc3fdf65bddce8b49f2fbe1185bb,23802890,2026-07-24T23:24:18.835432+00:00,,,true,false,false,,eligible_candidate,true,2026-07-29T20:13:36.122843+00:00
ls_87da66e40218054cb4b36a4a,sv_a87dd7dc844c8d38fe0dc506,fa_51aa220d22f4b49b2763568d,ea_4b20f5935454ebe8571640f9,VFC,VFC,VFC-VF CORP-2024-2025.pdf,data/01_raw/sustainability/VFC/VFC-VF CORP-2024-2025.pdf,,original,3bab1b67a43be7582155057585d161742a0002b0618b0ebfb40ea242abb38e6b,16555174,2026-07-24T23:24:22.088518+00:00,,,true,false,false,,eligible_candidate,true,2026-07-29T20:13:36.122843+00:00
ls_6c557202d176d2d16eed561f,sv_65ea1989b2b647bf37051a1c,fa_574494a6b9c85c02fd116cf9,ea_9650b2e9838f6f4e4cc12e8b,VRA,VRA,VRA-VERA BRADLEY INC-2022.pdf,data/01_raw/sustainability/VRA/VRA-VERA BRADLEY INC-2022.pdf,,original,2eeafb54b51cfa57cc754dafd39d38cd6e2514f75824f55093e25703478986b1,16159543,2026-07-24T23:24:34.237284+00:00,,,true,false,false,,eligible_candidate,true,2026-07-29T20:13:36.122843+00:00
ls_6acac97efe24f251fbb562a7,sv_8c9157a019fd9342a7b1d3f2,fa_cb548a0724d6626b6ac001f9,ea_383722813a4d569beae9e225,VRA,VRA,VRA-VERA BRADLEY INC-2023.pdf,data/01_raw/sustainability/VRA/VRA-VERA BRADLEY INC-2023.pdf,,original,c0139099119b0bbb6e7640864fde3ee63bb0b07cda6d3d98962383d24d080aab,16477964,2026-07-24T23:24:39.327398+00:00,,,true,false,false,,eligible_candidate,true,2026-07-29T20:13:36.122843+00:00
ls_d12c24b0a7532e2505a7f6b7,sv_00cf7e65a432c35d174c42a6,fa_b96b75095f62be3657e71252,ea_49dd15488b4b789012262bba,VRA,VRA,VRA-VERA BRADLEY INC-2024.pdf,data/01_raw/sustainability/VRA/VRA-VERA BRADLEY INC-2024.pdf,,original,900c85113f4115aead4c78753707d4139ceff05014ee8f852aa8382a37403739,3169782,2026-07-24T23:24:41.096845+00:00,,,true,false,false,,eligible_candidate,true,2026-07-29T20:13:36.122843+00:00
ls_3c188de7c72e036fef5e6235,sv_8c71ef7bb844c4b2a29eab48,fa_f9d222cd6b07fd73dc25dbc9,ea_a60b9978839f00ea59034bb5,VRA,VRA,VRA-VERA BRADLEY INC-2025.pdf,data/01_raw/sustainability/VRA/VRA-VERA BRADLEY INC-2025.pdf,,original,016651d92e94b15ecc3d8fc3329f2bfa9f425d64176277e128d740789dadf6e7,9079234,2026-07-24T23:24:44.380477+00:00,,,true,false,false,,eligible_candidate,true,2026-07-29T20:13:36.122843+00:00
ls_5f3f6f5134e5ee91158b7109,sv_d4ef9fa644a3728ef85d416b,fa_d92c7a5e22a68a17abafa5f5,ea_70ec3040292a08b04f06f405,VSXY,VSXY,VSXY-Victorias Secret-2021.pdf,data/01_raw/sustainability/VSXY/VSXY-Victorias Secret-2021.pdf,,original,73766c4620b2b4547e44a798e8c99dd6535d8095ceca0e9d9ee762f85bba8419,1454400,2026-07-24T23:24:48.021551+00:00,,,true,false,false,,eligible_candidate,true,2026-07-29T20:13:36.122843+00:00
ls_64aad51ef2243b0fe632358d,sv_6312f31df97a4b0caa56419f,fa_0b37c725235907d57c81a72a,ea_6e209226f054e31e613b65de,VSXY,VSXY,VSXY-Victorias Secret-2022.pdf,data/01_raw/sustainability/VSXY/VSXY-Victorias Secret-2022.pdf,,original,1d4e02b3aea0d956b8df894fd1da385200bedf0df73e7e0786afc0948a7a5795,2736556,2026-07-24T23:24:50.367277+00:00,,,true,false,false,,eligible_candidate,true,2026-07-29T20:13:36.122843+00:00
ls_f78ea2f0d1a1936dedc0fad3,sv_7951635525f0f59eeae925f8,fa_973cf49349bb364a3c57296f,ea_714b9be039aa571f76be5b45,VSXY,VSXY,VSXY-Victorias Secret-2023.pdf,data/01_raw/sustainability/VSXY/VSXY-Victorias Secret-2023.pdf,,original,b7bf152307626af3ad58a61e651c4f2185dbfbbc4dcce6d10ed8ac116c44b531,6124331,2026-07-24T23:24:52.447093+00:00,,,true,false,false,,eligible_candidate,true,2026-07-29T20:13:36.122843+00:00
ls_a151638e80ef3f3854b02818,sv_e3711b00a2d43654310881ef,fa_252ebddfd3c47ad48954802a,ea_bc9106af6bbdd7d7f3f9c7e3,VSXY,VSXY,VSXY-Victorias Secret-2025.pdf,data/01_raw/sustainability/VSXY/VSXY-Victorias Secret-2025.pdf,,original,d4a12b2578290cc5e454f18c23d851f4f09cee919bc74fb97c1365d1da49db72,19840411,2026-07-24T23:25:01.817587+00:00,,,true,false,false,,eligible_candidate,true,2026-07-29T20:13:36.122843+00:00
ls_41d82241fe93cd3bde0ddb8a,sv_bedd231c2614d20dd0254f13,fa_c9b3e0a88b914a5294cec4b7,ea_2869137752bbe3b48aa2e286,VVV,VVV,VVV-VALVOLINE INC-2016.pdf,data/01_raw/sustainability/VVV/VVV-VALVOLINE INC-2016.pdf,,original,6f081c341d50ed4bd7b8a1dfad2f9cfda46d6a97774b936f7b1c101cf3f5ce4e,12237448,2026-07-24T23:25:10.664654+00:00,,,true,false,false,,eligible_candidate,true,2026-07-29T20:13:36.122843+00:00
ls_6739ed4a73e915e5674e909c,sv_83c41958b2e7b0d314d2de81,fa_7c591c1694a8768d53407dfc,ea_6e372cf0c32d0b4a9e83ce83,VVV,VVV,VVV-VALVOLINE INC-2017.pdf,data/01_raw/sustainability/VVV/VVV-VALVOLINE INC-2017.pdf,,original,b7275523252e7c9b4cce996898a5fd887eb42b4136eccf81c566667cecd1ddea,20264459,2026-07-24T23:25:15.045565+00:00,,,true,false,false,,eligible_candidate,true,2026-07-29T20:13:36.122843+00:00
ls_c2df223b5882eb4cea78a770,sv_ec5add6491a582f613c24908,fa_9b493ab83203be388101d16e,ea_02b0ef630d2056e05ebc1858,VVV,VVV,VVV-VALVOLINE INC-2018.pdf,data/01_raw/sustainability/VVV/VVV-VALVOLINE INC-2018.pdf,,original,9f1f1e50d91b1ad9f5b1d7bf6bbef4dac8a2a163df853d31497a712e74285a47,22499964,2026-07-24T23:25:21.825104+00:00,,,true,false,false,,eligible_candidate,true,2026-07-29T20:13:36.122843+00:00
ls_be90d17264feef0f5df479f6,sv_c4d7d1d02f44e29155d4ddd1,fa_547c5a8766987e9713cc2969,ea_5872311dffd24dbbc0bf46b0,VVV,VVV,VVV-VALVOLINE INC-2019.pdf,data/01_raw/sustainability/VVV/VVV-VALVOLINE INC-2019.pdf,,original,6a26b3c384f1031401ee513297cecdbd3c1e4cf0855d8a47b447d2c6b81b4811,17729993,2026-07-24T23:25:25.375446+00:00,,,true,false,false,,eligible_candidate,true,2026-07-29T20:13:36.122843+00:00
ls_dc81798e47729bd79876ed89,sv_5b8b9548ad391d4edd22fff4,fa_6eef9569a3138aefd2e0d844,ea_312642f2057078cb55da03a3,VVV,VVV,VVV-VALVOLINE INC-2020.pdf,data/01_raw/sustainability/VVV/VVV-VALVOLINE INC-2020.pdf,,original,1c6280b2697b035432ffffe2c2bdba5a91b181a4adadf0ac8fa2cc8e47530027,5113528,2026-07-24T23:25:26.933532+00:00,,,true,false,false,,eligible_candidate,true,2026-07-29T20:13:36.122843+00:00
ls_87bb59153fc0d02d083556d3,sv_28b7f8c88533ca03815ab8d4,fa_0b6c2c3e136c951985dc1b78,ea_bebaf3137a704361b8af17fd,VVV,VVV,VVV-VALVOLINE INC-2021.pdf,data/01_raw/sustainability/VVV/VVV-VALVOLINE INC-2021.pdf,,original,bdf037f9cad9ce8fbd55cd3204a187dfd7d279edc349485f13a01cc574a68f42,9483391,2026-07-24T23:25:29.062395+00:00,,,true,false,false,,eligible_candidate,true,2026-07-29T20:13:36.122843+00:00
ls_8f9fd94bfc4aec6c7c98bc3d,sv_8755a3082d0ab4d71ed2d0a3,fa_2d05c563ea006c77bcd85418,ea_0c5e23c77eb47b051a8616c1,VVV,VVV,VVV-VALVOLINE INC-2022.pdf,data/01_raw/sustainability/VVV/VVV-VALVOLINE INC-2022.pdf,,original,14a221e67c82cf49a8bf9285fda6eea3affba76cd32d1eae29bb165e3dd9c85c,11252443,2026-07-24T23:25:31.223454+00:00,,,true,false,false,,eligible_candidate,true,2026-07-29T20:13:36.122843+00:00
ls_b64b976fd8eb4b5863f683a4,sv_8a09c3081dac80e27169ace9,fa_38aad8e0e02708a49b355a67,ea_c76b39b983af70d791abafc0,VVV,VVV,VVV-VALVOLINE INC-2023.pdf,data/01_raw/sustainability/VVV/VVV-VALVOLINE INC-2023.pdf,,original,58e6bf5bc4a14a936c382321cf8daa6488783d765c1b073e407a17d8dcaab7cd,14119693,2026-07-24T23:25:34.013359+00:00,,,true,false,false,,eligible_candidate,true,2026-07-29T20:13:36.122843+00:00
ls_1b7bc8879ace278588a0f4ba,sv_a97f27d5ed6a2157d8e99db6,fa_e35c9d76f455370574bdc0b8,ea_0f356a4587c6c7a5e3be4c49,VVV,VVV,VVV-VALVOLINE INC-2024.pdf,data/01_raw/sustainability/VVV/VVV-VALVOLINE INC-2024.pdf,,original,8d2821efad2e8d69181617e83650b0d761c02f605df13cb4199dd1aededbceaa,12516734,2026-07-24T23:25:36.200412+00:00,,,true,false,false,,eligible_candidate,true,2026-07-29T20:13:36.122843+00:00
ls_ad13803e807e2938bf9a3750,sv_4941e83f3d21cadc6d459bb7,fa_9ec1731757dd2236e5862fb2,ea_ca60ef41edf3e37b8c424d24,VZ,VZ,VZ-VERIZON COMMUNICATIONS INC-2015.pdf,data/01_raw/sustainability/VZ/VZ-VERIZON COMMUNICATIONS INC-2015.pdf,,original,a0b3e6de0f36848360f1eee5859b959072f163f519d7ecc507825b99a061dd37,29556526,2026-07-24T23:25:45.886449+00:00,,,true,false,false,,eligible_candidate,true,2026-07-29T20:13:36.122843+00:00
ls_8a25032cbc02238ba509445a,sv_0e83a38580cad28e84b7e6d8,fa_fb42922486114b30f2f67ea3,ea_999b79f9065e698ee7dc3799,VZ,VZ,VZ-VERIZON COMMUNICATIONS INC-2016.pdf,data/01_raw/sustainability/VZ/VZ-VERIZON COMMUNICATIONS INC-2016.pdf,,original,245d5b0e423d5fe586d0c336075beb75093ebf56740c02b58982fe62f09721df,4912995,2026-07-24T23:25:47.565167+00:00,,,true,false,false,,eligible_candidate,true,2026-07-29T20:13:36.122843+00:00
ls_55dd17319ae038410e1b5f78,sv_714d4db2aa6af57c13b1b8a8,fa_a7673df8ab45b7c36ff35b4e,ea_756b2e1f17776f724b49d913,VZ,VZ,VZ-VERIZON COMMUNICATIONS INC-2017.pdf,data/01_raw/sustainability/VZ/VZ-VERIZON COMMUNICATIONS INC-2017.pdf,,original,92ce29fe61bee63cb5e7e0a29c426e64fbcdf96383c5504eb984b0ddbab0a285,8802399,2026-07-24T23:25:49.714708+00:00,,,true,false,false,,eligible_candidate,true,2026-07-29T20:13:36.122843+00:00
ls_bf6c26e85735ddf9f0fef5a0,sv_7dab84941aaec8a630df30e6,fa_db0abd9aa5058ceecfa60802,ea_4a078b966fe42d5d54e4fd1d,VZ,VZ,VZ-VERIZON COMMUNICATIONS INC-2018.pdf,data/01_raw/sustainability/VZ/VZ-VERIZON COMMUNICATIONS INC-2018.pdf,,original,6e850e319d436c36fa8fadaf0d055c16732e92e98148b2884960af7745e9821c,7169576,2026-07-24T23:25:55.330486+00:00,,,true,false,false,,eligible_candidate,true,2026-07-29T20:13:36.122843+00:00
ls_2aaa9c40af4636061de37cb8,sv_d5bd2c3308e33721981b98f6,fa_676ebcaab91029de575a9d31,ea_f1832d5f1708c4b5dd0ea7e4,VZ,VZ,VZ-VERIZON COMMUNICATIONS INC-2019.pdf,data/01_raw/sustainability/VZ/VZ-VERIZON COMMUNICATIONS INC-2019.pdf,,original,409432ef93589ae1b5f23a75c3fddf62d1cb68342de9f06555e4f5ff51975915,8990200,2026-07-24T23:26:01.243101+00:00,,,true,false,false,,eligible_candidate,true,2026-07-29T20:13:36.122843+00:00
ls_85c2a155fa7d1a3f9f1d2787,sv_a1e22f3adeeedd6daa088912,fa_fd0aa1d04fede0a9157d6e98,ea_7e0cedef7ff7c3d2c54ff108,VZ,VZ,VZ-VERIZON COMMUNICATIONS INC-2020.pdf,data/01_raw/sustainability/VZ/VZ-VERIZON COMMUNICATIONS INC-2020.pdf,,original,95a009bc6e64b1d6351f0459666964f170f56806a4edf68a55eeafe65ddacb07,2544735,2026-07-24T23:26:05.142164+00:00,,,true,false,false,,eligible_candidate,true,2026-07-29T20:13:36.122843+00:00
ls_cd5d88d960fc7dc77eb92e7c,sv_ad7ef236ee09f7da8d2ce55a,fa_12857534946cf72dfc40a53d,ea_c59c3c8a9f79ca67bc3a473e,VZ,VZ,VZ-VERIZON COMMUNICATIONS INC-2021.pdf,data/01_raw/sustainability/VZ/VZ-VERIZON COMMUNICATIONS INC-2021.pdf,,original,cdb15541ef13014700eb5c22771adb2b480a3d3c54d6347825c02c8375505ee3,2587848,2026-07-24T23:26:08.012510+00:00,,,true,false,false,,eligible_candidate,true,2026-07-29T20:13:36.122843+00:00
ls_a4e9f05f04a1756428d09b75,sv_9bb8122c468f283fab0186d7,fa_09b324314a68308c9be3d2b6,ea_d486c419a0c917ddcb02a552,VZ,VZ,VZ-VERIZON COMMUNICATIONS INC-2022.pdf,data/01_raw/sustainability/VZ/VZ-VERIZON COMMUNICATIONS INC-2022.pdf,,original,ffe62bc0af5c62488aa7449036750d3c0f281a597b522861238647e41898c648,1738137,2026-07-24T23:26:10.970010+00:00,,,true,false,false,,eligible_candidate,true,2026-07-29T20:13:36.122843+00:00
ls_6eb9b607faebf974a3a49dc8,sv_d1a81c7162ac6fd3f7ee09c1,fa_12d97ce41a789af26ff6ed0a,ea_9d77149a56b7c021c0645148,VZ,VZ,VZ-VERIZON COMMUNICATIONS INC-2023.pdf,data/01_raw/sustainability/VZ/VZ-VERIZON COMMUNICATIONS INC-2023.pdf,,original,ad3c6c0bfd88fbc053c967e01e4e924c29a6b5fa1327997cd9308197703489f0,941780,2026-07-24T23:26:12.452023+00:00,,,true,false,false,,eligible_candidate,true,2026-07-29T20:13:36.122843+00:00
ls_cd4ccbc9a78ad77e8c1a089c,sv_6e005a617e6043f652e99819,fa_72728ac6af4ef9be7c044798,ea_c82bad7c84021704a7298d8b,VZ,VZ,VZ-VERIZON COMMUNICATIONS INC-2024.pdf,data/01_raw/sustainability/VZ/VZ-VERIZON COMMUNICATIONS INC-2024.pdf,,original,2c915f3c7b19ea0ed488d52cbaa901289b040ee490a82c4733c5f0901c59a3bd,2268388,2026-07-24T23:26:14.059546+00:00,,,true,false,false,,eligible_candidate,true,2026-07-29T20:13:36.122843+00:00
ls_ab78954f9f31e423a585f837,sv_6c654d8487052eef07863470,fa_1f4686b8e29bae74e557aeaf,ea_6a030424c6c0cc2dd2cd3695,W,W,W-WAYFAIR INC-2021.pdf,data/01_raw/sustainability/W/W-WAYFAIR INC-2021.pdf,,original,9df15a049517de268b9b281cb5a79684f8ebf24056bc8e1a7c342ca8ce1748b1,3634908,2026-07-24T23:26:16.596418+00:00,,,true,false,false,,eligible_candidate,true,2026-07-29T20:13:36.122843+00:00
ls_cf57c1322af45cdc6ac6aec1,sv_9a2002cafa303a9f5b1ab735,fa_a4556bbee9f27e42362fd774,ea_014f9ee09813ce67a2518c48,W,W,W-WAYFAIR INC-2022.pdf,data/01_raw/sustainability/W/W-WAYFAIR INC-2022.pdf,,original,22c041475ff0eaed9f7346f51e8efed97d702721dd7efa25880659029dd5b42b,49496088,2026-07-24T23:26:22.441994+00:00,,,true,false,false,,eligible_candidate,true,2026-07-29T20:13:36.122843+00:00
ls_2e9f00d4584481fc8b242fce,sv_66d9598ebf11751c5f76ce8d,fa_a74cf965ed04cca29c43cec7,ea_d9aa5354fbb7d85d9fb17575,W,W,W-WAYFAIR INC-2023.pdf,data/01_raw/sustainability/W/W-WAYFAIR INC-2023.pdf,,original,f61c21bfc8635deb51239bd87881c64f4057af96ed9bcd3a8155970a95cd764c,48475978,2026-07-24T23:26:26.712248+00:00,,,true,false,false,,eligible_candidate,true,2026-07-29T20:13:36.122843+00:00
ls_9e97ae5c80ef7d65561e6448,sv_1f5a177baecc966c86878032,fa_a94775e607ebfe2d760b4100,ea_fea0b4eac083d8a79b91913c,W,W,W-WAYFAIR INC-2024.pdf,data/01_raw/sustainability/W/W-WAYFAIR INC-2024.pdf,,original,60eeee7a94b7bc85cd0748257732947617d642a91a057a262deec2757ae95983,35655596,2026-07-24T23:26:30.075792+00:00,,,true,false,false,,eligible_candidate,true,2026-07-29T20:13:36.122843+00:00
ls_373bbe003cc59d957fbcdee1,sv_14928619bcf19f713ed3b33f,fa_6b1ddeb0608a88cf59c4ef27,ea_f700192eee67f89201497b86,W,W,W-WAYFAIR INC-2025.pdf,data/01_raw/sustainability/W/W-WAYFAIR INC-2025.pdf,,original,7d269f1f48ce711e155779442876af40ab1cf383f44be630973a2c4ae3367bb3,40019002,2026-07-24T23:26:36.050326+00:00,,,true,false,false,,eligible_candidate,true,2026-07-29T20:13:36.122843+00:00
ls_4b4f4636357fd82d766e2f8f,sv_8eefee79986811cabee18aef,fa_243f53028854bf947271134d,ea_94ee4ccb4dca4ea868d7b710,WHR,WHR,WHR-WHIRLPOOL CORP-2015.pdf,data/01_raw/sustainability/WHR/WHR-WHIRLPOOL CORP-2015.pdf,,original,ee3a14a87be5d7733f07f8cc5ebe00c1b59f8763a0f72a0bd29626002794a227,2791769,2026-07-24T23:26:38.903645+00:00,,,true,false,false,,eligible_candidate,true,2026-07-29T20:13:36.122843+00:00
ls_9f371ad56e2eac5797e87c33,sv_d56724b7f7c3b1972e1f5a33,fa_8ec26a74fb13d7d3aaf70ed1,ea_c0e62b627022ec619826d76a,WHR,WHR,WHR-WHIRLPOOL CORP-2016.pdf,data/01_raw/sustainability/WHR/WHR-WHIRLPOOL CORP-2016.pdf,,original,118ad6a6ba71d8a8dc4dd5696e67307b03a8661c7a77414b2cd543c53c2b3683,5009882,2026-07-24T23:26:40.507389+00:00,,,true,false,false,,eligible_candidate,true,2026-07-29T20:13:36.122843+00:00
ls_b16f8cd7046b0860883a6b70,sv_f00ac56ed6d3d59dfdd9403e,fa_74f8808be0b2841dc0504521,ea_f47179d4207b39d71e476f45,WHR,WHR,WHR-WHIRLPOOL CORP-2017.pdf,data/01_raw/sustainability/WHR/WHR-WHIRLPOOL CORP-2017.pdf,,original,a3e0b13b7365e4a455f4f3aa8c827555bbd81a57795820f65ef259ab4902e0f2,73016384,2026-07-24T23:26:47.578942+00:00,,,true,false,false,,eligible_candidate,true,2026-07-29T20:13:36.122843+00:00
ls_cc9e2174e577b8ec3d6920fe,sv_2c264ee172ab99f8833d0cac,fa_4172cf624411c5bb6eb72949,ea_ee5c9d6d156642bb695c5b30,WHR,WHR,WHR-WHIRLPOOL CORP-2018.pdf,data/01_raw/sustainability/WHR/WHR-WHIRLPOOL CORP-2018.pdf,,original,198dea9b112ebb28ae3083f7d56b02edbc11f1b2d4852f31062763d8897ca123,9209250,2026-07-24T23:26:50.947900+00:00,,,true,false,false,,eligible_candidate,true,2026-07-29T20:13:36.122843+00:00
ls_a33293aed71af35e5fdcacda,sv_3d03d28bc829c1fe13f0ac27,fa_1e6959cd9c7c144392fe368a,ea_64b9b945daf90422e5402f06,WHR,WHR,WHR-WHIRLPOOL CORP-2019.pdf,data/01_raw/sustainability/WHR/WHR-WHIRLPOOL CORP-2019.pdf,,original,ee5aa81bb106ac89604e9aa7711bd44000677dec0611ad601dc9c5b0898a0d7c,12671274,2026-07-24T23:26:53.708233+00:00,,,true,false,false,,eligible_candidate,true,2026-07-29T20:13:36.122843+00:00
ls_ad4e8efef52eca9ccec348da,sv_1c9f5dae3e3578881b6f10fd,fa_54fb592ea2126a0fabb4d1c0,ea_a5bd6c98d22bdfb16855b4ce,WHR,WHR,WHR-WHIRLPOOL CORP-2020.pdf,data/01_raw/sustainability/WHR/WHR-WHIRLPOOL CORP-2020.pdf,,original,c4cef649ebff2915aa556ff31f6297165e05579fc04234af446f3126d55611c6,8811851,2026-07-24T23:26:56.475696+00:00,,,true,false,false,,eligible_candidate,true,2026-07-29T20:13:36.122843+00:00
ls_7c0da9cf6657e121fe7c162d,sv_e4b4584dccbd99b348fa5e38,fa_114b5f0bbe9003c8d85487a5,ea_cae019ee671b48646fd8dd00,WHR,WHR,WHR-WHIRLPOOL CORP-2021.pdf,data/01_raw/sustainability/WHR/WHR-WHIRLPOOL CORP-2021.pdf,,original,fc6997e031f26d6d530dddf2467a76792133c949014d99839ac6bfb13323c965,16082072,2026-07-24T23:26:59.519101+00:00,,,true,false,false,,eligible_candidate,true,2026-07-29T20:13:36.122843+00:00
ls_df6ebca63955738557d88c51,sv_7157265cc7bc0e82cd06e3d6,fa_5ec9c53fc726f7928dc6caef,ea_611ece362a694a214f7eb93d,WHR,WHR,WHR-WHIRLPOOL CORP-2022.pdf,data/01_raw/sustainability/WHR/WHR-WHIRLPOOL CORP-2022.pdf,,original,29422dcc77d0146f8a5d5849d5c023cae0fb4c809b2f62e9baf7a7f1acc7392f,9976093,2026-07-24T23:27:02.452982+00:00,,,true,false,false,,eligible_candidate,true,2026-07-29T20:13:36.122843+00:00
ls_f0332e9b1ecddbc877635ce9,sv_2758d7a65be651763d49d031,fa_cba333dda4d40dc6304c4593,ea_538045845c9ee40b9fb27bfe,WHR,WHR,WHR-WHIRLPOOL CORP-2023.pdf,data/01_raw/sustainability/WHR/WHR-WHIRLPOOL CORP-2023.pdf,,original,98a4be09a280802e2e5574ae8bd8535037e2b78c5489391eeede27b9eca7561d,15646824,2026-07-24T23:27:05.430103+00:00,,,true,false,false,,eligible_candidate,true,2026-07-29T20:13:36.122843+00:00
ls_855b64689afa24b600e15dc0,sv_d29e9fdbdfb1f0b1ab133ebe,fa_e6bb31ceef5b35faa665325b,ea_3c2d3646124c5e1ef3f86767,WHR,WHR,WHR-WHIRLPOOL CORP-2024.pdf,data/01_raw/sustainability/WHR/WHR-WHIRLPOOL CORP-2024.pdf,,original,dd7d808fda8315c8a2524394257f17aaa4824924350030fa9c333e34547c25fa,9879430,2026-07-24T23:27:11.597278+00:00,,,true,false,false,,eligible_candidate,true,2026-07-29T20:13:36.122843+00:00
ls_8d14e31e8410ba90784e7bfa,sv_c630eb4b0d4b229515bf46cb,fa_c07c5221ce488e022558e658,ea_83142a0c166ea3e38aa42780,WHR,WHR,WHR-WHIRLPOOL CORP-2025.pdf,data/01_raw/sustainability/WHR/WHR-WHIRLPOOL CORP-2025.pdf,,original,838b54b0212df3198471cc9dff281fbe8f53798122f255a81f9783f1f7626afa,26330269,2026-07-24T23:27:21.179181+00:00,,,true,false,false,,eligible_candidate,true,2026-07-29T20:13:36.122843+00:00
ls_81b7328d9f340b946546fa6c,sv_dc3af1a551f7b849d13c8d19,fa_9254471dac112fed1d07be17,ea_967db4085c7b9df97518fcc8,WMK,WMK,WMK-WEIS MARKETS INC-2015.pdf,data/01_raw/sustainability/WMK/WMK-WEIS MARKETS INC-2015.pdf,,original,1c99d0d98159b36ea40116664f3f175b5a426d567e0c6d484100bc6a243db0ed,7830491,2026-07-24T23:27:25.551944+00:00,,,true,false,false,,eligible_candidate,true,2026-07-29T20:13:36.122843+00:00
ls_c124138f314eb7ae0d9c005b,sv_8bc614ae3a151db14e83ac38,fa_e89360a17d421a0c801b85cb,ea_073e256dbaf6a96eca097b33,WMK,WMK,WMK-WEIS MARKETS INC-2016.pdf,data/01_raw/sustainability/WMK/WMK-WEIS MARKETS INC-2016.pdf,,original,54718acaadb9469d329e22b380b2bb903926fc52315d1c025d99826eb1f92327,3113159,2026-07-24T23:27:27.902939+00:00,,,true,false,false,,eligible_candidate,true,2026-07-29T20:13:36.122843+00:00
ls_af7da7689b7478c161a95445,sv_6c1fccc063bb4e86c0ac16dd,fa_1941148c275fbf011951e3c7,ea_da3d03aa64b4885d79e9bcaa,WMK,WMK,WMK-WEIS MARKETS INC-2017.pdf,data/01_raw/sustainability/WMK/WMK-WEIS MARKETS INC-2017.pdf,,original,08f0b2b399b1372d752dc6b7132810321f4da304bc075dc2045957172a4a158c,2445660,2026-07-24T23:27:30.545936+00:00,,,true,false,false,,eligible_candidate,true,2026-07-29T20:13:36.122843+00:00
ls_909c3bd1801b17b5c3537cbb,sv_3858272787eef11a65a0d2f4,fa_91ab297f121f67a518b1adc5,ea_be20ccc752c3680dceccc96b,WMK,WMK,WMK-WEIS MARKETS INC-2018.pdf,data/01_raw/sustainability/WMK/WMK-WEIS MARKETS INC-2018.pdf,,original,fe5410f573c34101b27525c44b409d3aeb8392309ec46fe7800ec2245c729e9b,8417913,2026-07-24T23:27:33.124175+00:00,,,true,false,false,,eligible_candidate,true,2026-07-29T20:13:36.122843+00:00
ls_4bfa10f99f44cc48afd7d006,sv_52c5c541a091360d6d089124,fa_4d42801dac8a58ee561d9e3b,ea_67f23febfc6be49ebaf85226,WMK,WMK,WMK-WEIS MARKETS INC-2019.pdf,data/01_raw/sustainability/WMK/WMK-WEIS MARKETS INC-2019.pdf,,original,87572122b56ff3969b550f025476cfef3ac1c8616f5422bb0a164962a58863c6,5021570,2026-07-24T23:27:36.248534+00:00,,,true,false,false,,eligible_candidate,true,2026-07-29T20:13:36.122843+00:00
ls_65c8de92c4328f65b07a2e28,sv_708eced23c7e0aa8a10829d0,fa_ecdfd7074a6b07ec2d26902f,ea_48558c4054c03f2cd654f813,WMK,WMK,WMK-WEIS MARKETS INC-2020.pdf,data/01_raw/sustainability/WMK/WMK-WEIS MARKETS INC-2020.pdf,,original,2071d9095ecc365a7dd03465f5117cc5f195e054f6eaee6ed40fea57c967f84d,3346363,2026-07-24T23:27:38.680774+00:00,,,true,false,false,,eligible_candidate,true,2026-07-29T20:13:36.122843+00:00
ls_1a913c9ae014712cfb272cfc,sv_935123fe71f5b9a53a2ebde9,fa_6e57aa27718b95b2f7a5029b,ea_23dba38d76b48d172c460442,WMK,WMK,WMK-WEIS MARKETS INC-2021.pdf,data/01_raw/sustainability/WMK/WMK-WEIS MARKETS INC-2021.pdf,,original,7d370f9be3fb6e6e5606ee67486d1b47fdccf351ec93b6ddab9a1d8b7ea93986,10544316,2026-07-24T23:27:41.361237+00:00,,,true,false,false,,eligible_candidate,true,2026-07-29T20:13:36.122843+00:00
ls_d16c63cb33070c42308ab94f,sv_fd4b64c4ad7e0e535b140d31,fa_195ac4e5b9accb0d57fac97f,ea_c302e48bcd46c20c5e258f46,WMK,WMK,WMK-WEIS MARKETS INC-2022.pdf,data/01_raw/sustainability/WMK/WMK-WEIS MARKETS INC-2022.pdf,,original,e0cc8deda32c1a432e5f04820dae437ee6a314bebc8d205f5c7cde169038bb1f,8119625,2026-07-24T23:27:43.287130+00:00,,,true,false,false,,eligible_candidate,true,2026-07-29T20:13:36.122843+00:00
ls_88419f3189f125fa997b5133,sv_88b4a5b6a1f03afd30a88379,fa_abffe20544502faf3b8c7ecd,ea_53ffcc94b6536bdd809c549f,WMK,WMK,WMK-WEIS MARKETS INC-2023.pdf,data/01_raw/sustainability/WMK/WMK-WEIS MARKETS INC-2023.pdf,,original,d0590bb126d92cdd87c18a6b037e4c2f22dc35d1af2b0517ca9de8d3b4df0b0a,6717491,2026-07-24T23:27:45.103724+00:00,,,true,false,false,,eligible_candidate,true,2026-07-29T20:13:36.122843+00:00
ls_481e2d493a9a25e8fe1a28c1,sv_30929ed2d152c32dd7f78138,fa_28081369ed5587d9c8d7abdf,ea_9dc82831ba21d9e5ab6c7135,WMK,WMK,WMK-WEIS MARKETS INC-2024-2025.pdf,data/01_raw/sustainability/WMK/WMK-WEIS MARKETS INC-2024-2025.pdf,,original,43c13c70cc15d3c95e145dee56e1b3df756ca7c8835996d24a596e1ff851d9d2,7882107,2026-07-24T23:27:48.549642+00:00,,,true,false,false,,eligible_candidate,true,2026-07-29T20:13:36.122843+00:00
ls_169d4de8b51bc1d03cb94d63,sv_2fa85984ef3523ca4d3ec787,fa_d5905c6b8452b384afdde0a3,ea_68ea148d3974fd9f71d87cc1,WMT,WMT,WMT-WALMART INC-2015.pdf,data/01_raw/sustainability/WMT/WMT-WALMART INC-2015.pdf,,original,80295e1999ea2ff817d93fc420aeb5392ec6f7da142830dc7813f172f23b46cc,10079561,2026-07-24T23:27:59.008296+00:00,,,true,false,false,,eligible_candidate,true,2026-07-29T20:13:36.122843+00:00
ls_666a292856e357fbc1c69ef8,sv_752bc0cec21daba4efb9d1f0,fa_e1cba50c7a86c7c03b81dd41,ea_6f73335dab3a546b92c8d5b2,WMT,WMT,WMT-WALMART INC-2016.pdf,data/01_raw/sustainability/WMT/WMT-WALMART INC-2016.pdf,,original,f9592734f2d55ec853c845968014b232a79121834d4f51eecec1e561cdc850ea,12011557,2026-07-24T23:28:05.062735+00:00,,,true,false,false,,eligible_candidate,true,2026-07-29T20:13:36.122843+00:00
ls_3fc6d7fa459d1edb1ca5d1ae,sv_4f48204132d44bd96ab2989f,fa_08a0e8b2ea1de3268d91c942,ea_25430b25a2d60cd1f148118a,WMT,WMT,WMT-WALMART INC-2017.pdf,data/01_raw/sustainability/WMT/WMT-WALMART INC-2017.pdf,,original,64849c65859f07054570eb399a5032b19ee3133fe2185d8d133ea9d3b90faa26,9197160,2026-07-24T23:28:11.113519+00:00,,,true,false,false,,eligible_candidate,true,2026-07-29T20:13:36.122843+00:00
ls_9b83edde804f0aa268ba3ea8,sv_0bbe746c5378d14c074493be,fa_f1bb3517e269e187e2d665a2,ea_68c4f6dcc55da4b3f60eab5f,WMT,WMT,WMT-WALMART INC-2018.pdf,data/01_raw/sustainability/WMT/WMT-WALMART INC-2018.pdf,,original,d7eddc7471a770ed8acbdadca64c8aaf02e1cd5c51234da42a96c0c8cd1996c6,9896421,2026-07-24T23:28:13.431538+00:00,,,true,false,false,,eligible_candidate,true,2026-07-29T20:13:36.122843+00:00
ls_078cbfa7ee8036e17014ce4f,sv_24981102350b58049e77c324,fa_15479f6680243ce54c9330ff,ea_4ed19f23e183a6ed6bb59887,WMT,WMT,WMT-WALMART INC-2019.pdf,data/01_raw/sustainability/WMT/WMT-WALMART INC-2019.pdf,,original,f824fa813ef3c33701343ef91098b9ad87044abc2cabab22fbbcefdd0791d737,15772303,2026-07-24T23:28:16.751454+00:00,,,true,false,false,,eligible_candidate,true,2026-07-29T20:13:36.122843+00:00
ls_b73c194c587001a2f0e28383,sv_c7aed32e807f4aed702038a4,fa_341483f716f6289a440586c4,ea_a86a959d52c78b8899d576cc,WMT,WMT,WMT-WALMART INC-2020.pdf,data/01_raw/sustainability/WMT/WMT-WALMART INC-2020.pdf,,original,040f48744776345f33b5ca91a11ab9497494287351a4185ba7cae3062700b0bc,15361349,2026-07-24T23:28:19.629298+00:00,,,true,false,false,,eligible_candidate,true,2026-07-29T20:13:36.122843+00:00
ls_d7a8d139f5fa7c5c9c46fe45,sv_e29732e73fc2b8bee7c17607,fa_0cd1d45d0e7d5e1dc347fda8,ea_98bd948e3395a548a83e7718,WMT,WMT,WMT-WALMART INC-2021.pdf,data/01_raw/sustainability/WMT/WMT-WALMART INC-2021.pdf,,original,f88d006ef62510b1bb75efe42fbdc1872dd31eb812b03cb093c32f1cb29894c3,10711338,2026-07-24T23:28:24.961278+00:00,,,true,false,false,,eligible_candidate,true,2026-07-29T20:13:36.122843+00:00
ls_9730da1561f853bee3746ac1,sv_fac28ccf2427bd50a8dcde9e,fa_c3bb427f3db973770dff2c0d,ea_0b0f36d5c5436493266d9540,WMT,WMT,WMT-WALMART INC-2022.pdf,data/01_raw/sustainability/WMT/WMT-WALMART INC-2022.pdf,,original,8dd814e83427b50786113ebc49981027bd3eb3051c0e9ce4166ddfdb92d225c0,4700060,2026-07-24T23:28:26.506130+00:00,,,true,false,false,,eligible_candidate,true,2026-07-29T20:13:36.122843+00:00
ls_ad49a8f4ed5e28ba34d278d8,sv_98f507921d5c09ae0853e898,fa_61b59edf1dd8ad738b491fc5,ea_eb85d1b241f6487a55b904a2,WMT,WMT,WMT-WALMART INC-2023.pdf,data/01_raw/sustainability/WMT/WMT-WALMART INC-2023.pdf,,original,fd927036ea0a4c4e5da7daceb73ac3d82c4c094a80d11439c56709e59e88d67b,103068798,2026-07-24T23:28:37.822552+00:00,,,true,false,false,,eligible_candidate,true,2026-07-29T20:13:36.122843+00:00
ls_b8dc2e4db52b3ac0187d49bc,sv_f60c28d0a90a4f805076f09a,fa_84705645f8d5329df1dd5070,ea_3bde9dac01d1d52d92c142bc,WMT,WMT,WMT-WALMART INC-2024.pdf,data/01_raw/sustainability/WMT/WMT-WALMART INC-2024.pdf,,original,d8541a5b72e8376f708871aaac504a310600d818ff1b4e369feb96f6b49b8c1a,21725562,2026-07-24T23:28:42.756067+00:00,,,true,false,false,,eligible_candidate,true,2026-07-29T20:13:36.122843+00:00
ls_f3f80f834df1567ee83b9e7a,sv_60273b0dff66a7a728b700c9,fa_8ab41cb48d9bc38c76ef71fc,ea_2397d0d092fc500df1459d59,WOOF,WOOF,WOOf-PETCO HEALTH AND WELLNESS CO-2020.pdf,data/01_raw/sustainability/WOOF/WOOf-PETCO HEALTH AND WELLNESS CO-2020.pdf,,original,962a0c3fb6ff89751f21c3ee8b63460288f5eff61c85e15c110b242e1ccb4d86,15538924,2026-07-24T23:28:48.116692+00:00,,,true,false,false,,eligible_candidate,true,2026-07-29T20:13:36.122843+00:00
ls_bbc560bcb336f1c187e9bcf6,sv_387e8194c1e0aca634d8d26e,fa_19d7368e6b959e5dbdb884ca,ea_9b3819b2da4de671041831e3,WOOF,WOOF,WOOF-PETCO HEALTH AND WELLNESS CO-2021.pdf,data/01_raw/sustainability/WOOF/WOOF-PETCO HEALTH AND WELLNESS CO-2021.pdf,,original,da910fd344971716416fdc361f7c87a0e4d476eb79101377b19b4fe868e342cc,5848959,2026-07-24T23:28:51.372497+00:00,,,true,false,false,,eligible_candidate,true,2026-07-29T20:13:36.122843+00:00
ls_3d99451741b5745c8d92a2e4,sv_de387e24b842b6a11ddf69bd,fa_47d826498cef5e05d619dbce,ea_4367270fb1db2b532331e8e7,WOOF,WOOF,WOOF-PETCO HEALTH AND WELLNESS CO-2022.pdf,data/01_raw/sustainability/WOOF/WOOF-PETCO HEALTH AND WELLNESS CO-2022.pdf,,original,7cf230e4d7668e9005393053802024f60423dee5f20a2b415cdb1a1e5f2a0a87,13572628,2026-07-24T23:28:53.829381+00:00,,,true,false,false,,eligible_candidate,true,2026-07-29T20:13:36.122843+00:00
ls_cebc2d0a1d8493954c381b82,sv_fb0a939cdb7bdf89d7b039ec,fa_d16b1c3d4900caa8a6bf34f0,ea_58398e9dc3c353107cda8631,WOOF,WOOF,WOOF-PETCO HEALTH AND WELLNESS CO-2023.pdf,data/01_raw/sustainability/WOOF/WOOF-PETCO HEALTH AND WELLNESS CO-2023.pdf,,original,bda52717f016886e007ab2aca8a570b88e8a419a18ab76ada8b06efb809ca824,56248714,2026-07-24T23:28:59.319457+00:00,,,true,false,false,,eligible_candidate,true,2026-07-29T20:13:36.122843+00:00
ls_650dc8d8eacb5a7e98b6bd8d,sv_05ae674786961c16c0711ed7,fa_43fa9bbe245b812280f16fe2,ea_0b0255029788d10b359ea17e,WOOF,WOOF,WOOF-PETCO HEALTH AND WELLNESS CO-2024.pdf,data/01_raw/sustainability/WOOF/WOOF-PETCO HEALTH AND WELLNESS CO-2024.pdf,,original,5ccd40f127cfbccb4cf50d8cc46659d63428434ff6491ca5f104f3485a2330d8,42387875,2026-07-24T23:29:04.480574+00:00,,,true,false,false,,eligible_candidate,true,2026-07-29T20:13:36.122843+00:00
ls_55ae1a7d656b4bb8b9bdb282,sv_d6788ff93c8d42d790787c0f,fa_17a30d59ac7235b2685cedb8,ea_36c1c4861f9ca9fae7c99cc5,WRBY,WRBY,WRBY-WARBY PARKER INC-2018.pdf,data/01_raw/sustainability/WRBY/WRBY-WARBY PARKER INC-2018.pdf,,original,17f742f904d1cf19e54f1b4c6a98534ebb44cd0a9e96cbea9e3d1b3cbad3b88a,16443108,2026-07-24T23:29:10.998326+00:00,,,true,false,false,,eligible_candidate,true,2026-07-29T20:13:36.122843+00:00
ls_36cc43aebe36741f5cd6a8a5,sv_3fdf4af4b4c85d6ad38295e6,fa_08c751366feb86efac3b978d,ea_9e5b288218f418a57555cef5,WRBY,WRBY,WRBY-WARBY PARKER INC-2019.pdf,data/01_raw/sustainability/WRBY/WRBY-WARBY PARKER INC-2019.pdf,,original,6a3750689d6e66a09a8a1a42dbd547ad8375a236bd094cf99eadd3381dc273cd,4940999,2026-07-24T23:29:14.395540+00:00,,,true,false,false,,eligible_candidate,true,2026-07-29T20:13:36.122843+00:00
ls_e81d27d102bdf32a7fd300c9,sv_a5001d1f3de5802a793f5000,fa_a5e1fa0b86dec3ed99bb77c6,ea_f9753a27148b22c541f818be,WRBY,WRBY,WRBY-WARBY PARKER INC-2020.pdf,data/01_raw/sustainability/WRBY/WRBY-WARBY PARKER INC-2020.pdf,,original,7e77a01e3ab3c71dc55c9d1f92ae3db57432832ba7667deee46c2bcf4c742c52,45607935,2026-07-24T23:29:22.651177+00:00,,,true,false,false,,eligible_candidate,true,2026-07-29T20:13:36.122843+00:00
ls_f6c4d7985ec681d064d6e4b7,sv_357a090f5c362143a607ac57,fa_c0366b45c9ad03b3c8af6431,ea_42bdb226d1a58778de1cdf3f,WRBY,WRBY,WRBY-WARBY PARKER INC-2021.pdf,data/01_raw/sustainability/WRBY/WRBY-WARBY PARKER INC-2021.pdf,,original,cbec4f0a438d5ccd9dbadc7fb6320d2d1de196384275317ba1e21b866034214f,31469479,2026-07-24T23:29:32.762429+00:00,,,true,false,false,,eligible_candidate,true,2026-07-29T20:13:36.122843+00:00
ls_41a24bb5910fe623ee8019a3,sv_1d1bf4edd363be339748eeb6,fa_269c199525ef9190897b3784,ea_52d004d754cb546c94dff21f,WRBY,WRBY,WRBY-WARBY PARKER INC-2022.pdf,data/01_raw/sustainability/WRBY/WRBY-WARBY PARKER INC-2022.pdf,,original,3739db6bb172f869becb203b9fa37b4f872d5d2dcc260f195cf782402f2ce323,15210299,2026-07-24T23:29:37.370050+00:00,,,true,false,false,,eligible_candidate,true,2026-07-29T20:13:36.122843+00:00
ls_d0c826163604d259c251c8c1,sv_120dfe4edb591bbacc9ffed9,fa_c8bdaeb6a2f8168dcec54ed2,ea_e7cc68dd0292a06bdfb8eec1,WRBY,WRBY,WRBY-WARBY PARKER INC-2023.pdf,data/01_raw/sustainability/WRBY/WRBY-WARBY PARKER INC-2023.pdf,,original,0ca6071fcfcd9f3c36219e7cf0a1ef50120ef1ebed630b44aadaf51d4cf9290c,9371164,2026-07-24T23:29:41.380061+00:00,,,true,false,false,,eligible_candidate,true,2026-07-29T20:13:36.122843+00:00
ls_d3095a8839df146b14009c56,sv_9d987c82f673153d9a881260,fa_a89be41e9c493f17b1cd5e66,ea_e1c3ea3767d79c135154f81b,WRBY,WRBY,WRBY-WARBY PARKER INC-2024.pdf,data/01_raw/sustainability/WRBY/WRBY-WARBY PARKER INC-2024.pdf,,original,f25f6e591495f7128b74d742e5dbf7ce754c221a563d93963d5c223ab77f0e1f,9754571,2026-07-24T23:29:46.074411+00:00,,,true,false,false,,eligible_candidate,true,2026-07-29T20:13:36.122843+00:00
ls_c35e8a6dcf38b732a580be61,sv_afc47c31cb1764430be8ec45,fa_dfed43c696fdce4fac8f3f90,ea_d6beb30c1d53ef5e90b194ad,WRBY,WRBY,WRBY-WARBY PARKER INC-2025.pdf,data/01_raw/sustainability/WRBY/WRBY-WARBY PARKER INC-2025.pdf,,original,7eef6ee7124997a48609b84e2d3f18344bb1fe9558e1ff4444bda5d9cc744d1f,9657937,2026-07-24T23:29:50.241601+00:00,,,true,false,false,,eligible_candidate,true,2026-07-29T20:13:36.122843+00:00
ls_bf74908c917c7c61dc2abf80,sv_e9d8719ada7b6eedf5f1486f,fa_69e5b73e4a83ba66157505ce,ea_2d61f9e29bdec16cdda3652e,WSM,WSM,WSM-WILLIAMS-SONOMA INC-2018.pdf,data/01_raw/sustainability/WSM/WSM-WILLIAMS-SONOMA INC-2018.pdf,,original,b77f6251450ce20bcb5ee57bff4268da24845af3a73a384f8b6b469cdd676654,4921043,2026-07-24T23:29:58.201584+00:00,,,true,false,false,,eligible_candidate,true,2026-07-29T20:13:36.122843+00:00
ls_4b0fe65d4545990c01d21a9e,sv_c6bc7b73a79e5a332485c620,fa_7e86725f1c86b67dc82016bd,ea_874abe1b43bb4cf6b98fcf8a,WSM,WSM,WSM-WILLIAMS-SONOMA INC-2019.pdf,data/01_raw/sustainability/WSM/WSM-WILLIAMS-SONOMA INC-2019.pdf,,original,baa19c7f7b70d3096bc5adf9d1c973ff513f803553d3bc54b5df88e94336fed1,5488253,2026-07-24T23:30:03.058391+00:00,,,true,false,false,,eligible_candidate,true,2026-07-29T20:13:36.122843+00:00
ls_18b8c28f178897861c3c19f5,sv_8c61e7ef2b2bd8e507a9765f,fa_fb48410c8c64eda0436e863f,ea_593b279f6671e1921ee5fe81,WSM,WSM,WSM-WILLIAMS-SONOMA INC-2020.pdf,data/01_raw/sustainability/WSM/WSM-WILLIAMS-SONOMA INC-2020.pdf,,original,b0c4a087af986381d3d51fb815c4d5799a663296397f12c7b2739278d11086a4,8221566,2026-07-24T23:30:05.779221+00:00,,,true,false,false,,eligible_candidate,true,2026-07-29T20:13:36.122843+00:00
ls_dbf1e1e5780227da8292501b,sv_8fc0a4371bbc82bf3a51b826,fa_3fc5ba0a8a349faeaba8bd88,ea_693be151fb1a6b1a840534dd,WSM,WSM,WSM-WILLIAMS-SONOMA INC-2021.pdf,data/01_raw/sustainability/WSM/WSM-WILLIAMS-SONOMA INC-2021.pdf,,original,48f49757e304f41dccfa0a7634b023d6171b553af263060b7538cd7f83337c8e,2975347,2026-07-24T23:30:07.545412+00:00,,,true,false,false,,eligible_candidate,true,2026-07-29T20:13:36.122843+00:00
ls_a944f4aae3f8972c15ffd35e,sv_d75f9a6715c8fb477cfdd975,fa_df8a4d39eeff89aa46fcee19,ea_0e61686b2055fb317ec42c26,WSM,WSM,WSM-WILLIAMS-SONOMA INC-2022.pdf,data/01_raw/sustainability/WSM/WSM-WILLIAMS-SONOMA INC-2022.pdf,,original,5a6701fd9a7bf197c10cb9e36f730c61d76e66ae14f27a61db7cf84e6ddad629,3026642,2026-07-24T23:30:09.524501+00:00,,,true,false,false,,eligible_candidate,true,2026-07-29T20:13:36.122843+00:00
ls_da94f46e69097ba57ae05adb,sv_3d699ed9cde6d1f8d9338a78,fa_2c93ff5b707d020ca8e60220,ea_f1247f379a16c68d50271653,WSM,WSM,WSM-WILLIAMS-SONOMA INC-2023.pdf,data/01_raw/sustainability/WSM/WSM-WILLIAMS-SONOMA INC-2023.pdf,,original,097914efb82a14f60c77fa254775b61b73013223fd5a27cbf00bd8e826e93a6e,6348346,2026-07-24T23:30:13.253335+00:00,,,true,false,false,,eligible_candidate,true,2026-07-29T20:13:36.122843+00:00
ls_7f5aba761b487fa87ddcb5c2,sv_47bb1f168026afdf70eb6df3,fa_b6fedeafec2ffe60a55cca61,ea_c0770af03cee4da930eee03a,WSM,WSM,WSM-WILLIAMS-SONOMA INC-2024.pdf,data/01_raw/sustainability/WSM/WSM-WILLIAMS-SONOMA INC-2024.pdf,,original,943b5840f0c474cd6e2a82388a882fa41d305e94f8f76adbbb43be903c0718a2,5179761,2026-07-24T23:30:15.591112+00:00,,,true,false,false,,eligible_candidate,true,2026-07-29T20:13:36.122843+00:00
ls_ee0f4de251e343c793fa39bb,sv_65fd7e6bed89a36760a6ee37,fa_c5347cbad827ef0573163114,ea_e63ce62328d1c629c2bbea8a,WWW,WWW,WWW-WOLVERINE WORLD WIDE-2017.pdf,data/01_raw/sustainability/WWW/WWW-WOLVERINE WORLD WIDE-2017.pdf,,original,a19ef601f13fa906b67608b41876109e14bd8e43a8016ff454bad4de878569ba,3181358,2026-07-24T23:30:22.700776+00:00,,,true,false,false,,eligible_candidate,true,2026-07-29T20:13:36.122843+00:00
ls_c58898f34bdb72c0b6e41bd6,sv_2b17a00d7b1e0e5233ff6443,fa_29a2793b392b2b7dfa795cd8,ea_e528234df55cd29133d8b009,WWW,WWW,WWW-WOLVERINE WORLD WIDE-2019.pdf,data/01_raw/sustainability/WWW/WWW-WOLVERINE WORLD WIDE-2019.pdf,,original,d59762178b2fa74c6aeebf0b539b956baa6f242ee58a3d8bb90971cca5227a91,18201607,2026-07-24T23:30:26.724873+00:00,,,true,false,false,,eligible_candidate,true,2026-07-29T20:13:36.122843+00:00
ls_5af34e3cc63bd1d34c4b1195,sv_c213565f4609026ccb583416,fa_aa9e215de416e246714a7e8f,ea_55f9befb7d882ae739d11c8a,WWW,WWW,WWW-WOLVERINE WORLD WIDE-2020.pdf,data/01_raw/sustainability/WWW/WWW-WOLVERINE WORLD WIDE-2020.pdf,,original,7bc83d2dc3802c31b2fc760f2c3e0494e5717d11c704047808f18dc30539b2fe,23587409,2026-07-24T23:30:35.106554+00:00,,,true,false,false,,eligible_candidate,true,2026-07-29T20:13:36.122843+00:00
ls_a6589db72cc1f6c85f78ab8e,sv_ac834ea89e2a851585e57ba7,fa_4ca7cc405e132b2c863daf65,ea_e95e3fbcca982e315bdb338d,WWW,WWW,WWW-WOLVERINE WORLD WIDE-2021.pdf,data/01_raw/sustainability/WWW/WWW-WOLVERINE WORLD WIDE-2021.pdf,,original,20e10fecae7f4ce5127274607c298760e7876a0db9c02b6fe0114c7ab3a9fe99,8554802,2026-07-24T23:30:38.217531+00:00,,,true,false,false,,eligible_candidate,true,2026-07-29T20:13:36.122843+00:00
ls_986548be3adb9b44b43fc5d8,sv_e3fa01350b08aeba866d874e,fa_64c16f16531fd815f7ed21aa,ea_b7d40871ad7de9fa1d7bdf44,WWW,WWW,WWW-WOLVERINE WORLD WIDE-2022.pdf,data/01_raw/sustainability/WWW/WWW-WOLVERINE WORLD WIDE-2022.pdf,,original,615040813c7b9db8fa1fcb77d79d9b12aefd6eca82dae900f4b78d2f88947c10,31301914,2026-07-24T23:30:43.825655+00:00,,,true,false,false,,eligible_candidate,true,2026-07-29T20:13:36.122843+00:00
ls_41aaecc648e240000d71c9d3,sv_8ab664d066292297c2e55d8c,fa_8ce986794063810df435733a,ea_6124c5360e3a5906517c15e6,WWW,WWW,WWW-WOLVERINE WORLD WIDE-2023.pdf,data/01_raw/sustainability/WWW/WWW-WOLVERINE WORLD WIDE-2023.pdf,,original,026f0564ba8fb2c9a1c3eaffb1a44ba35afbbed9518878dbbf960946ff034ad3,19761071,2026-07-24T23:30:50.866254+00:00,,,true,false,false,,eligible_candidate,true,2026-07-29T20:13:36.122843+00:00
ls_a446f307f767bee00fef477f,sv_cc44d698f23cc7025501b435,fa_17acbbf5578984a4bafa3397,ea_71e1313d6fb90e4a13e4f915,WWW,WWW,WWW-WOLVERINE WORLD WIDE-2024.pdf,data/01_raw/sustainability/WWW/WWW-WOLVERINE WORLD WIDE-2024.pdf,,original,93ccf3fa6727f1047007681b771a146898b392bcabddfa7a7bb79a94d1cbf938,26132127,2026-07-24T23:30:59.604692+00:00,,,true,false,false,,eligible_candidate,true,2026-07-29T20:13:36.122843+00:00
