ticker,pdf_file,page,lines_table_area_share,lines_table_count,share_excl_frames_090,share_excl_frames_080,share_excl_frames_095,largest_table_share,largest_table_cells,n_frames_excluded_090,error
ACI,ACI-ALBERTSONS COS INC-2021-2022.pdf,3,0.0,0,0.0,0.0,0.0,0.0,0,0,
ACI,ACI-ALBERTSONS COS INC-2021-2022.pdf,10,1.1584224598930482,2,0.1584224598930481,0.1584224598930481,0.1584224598930481,1.0,4,1,
ACI,ACI-ALBERTSONS COS INC-2021-2022.pdf,12,1.0,1,1.0,1.0,1.0,1.0,5,0,
ACI,ACI-ALBERTSONS COS INC-2021-2022.pdf,14,1.0010141511149402,2,0.0010141511149402,0.0010141511149402,0.0010141511149402,1.0,3,1,
ACI,ACI-ALBERTSONS COS INC-2021-2022.pdf,15,0.9978810606060604,1,0.0,0.0,0.0,0.9978810606060604,3,1,
ACI,ACI-ALBERTSONS COS INC-2021-2022.pdf,19,1.0870636363636363,2,1.0870636363636363,1.0870636363636363,1.0870636363636363,1.0,5,0,
ACI,ACI-ALBERTSONS COS INC-2021-2022.pdf,22,0.9997975589225592,1,0.9997975589225592,0.9997975589225592,0.9997975589225592,0.9997975589225592,5,0,
ACI,ACI-ALBERTSONS COS INC-2021-2022.pdf,23,0.9978810606060604,1,0.0,0.0,0.0,0.9978810606060604,3,1,
ACI,ACI-ALBERTSONS COS INC-2021-2022.pdf,26,0.318947340351235,1,0.318947340351235,0.318947340351235,0.318947340351235,0.318947340351235,30,0,
ACI,ACI-ALBERTSONS COS INC-2021-2022.pdf,27,0.0042555937675364,2,0.0042555937675364,0.0042555937675364,0.0042555937675364,0.0022882081517792,6,0,
AMZN,AMZN-Amazon-2025.pdf,3,0.0,0,0.0,0.0,0.0,0.0,0,0,
AMZN,AMZN-Amazon-2025.pdf,8,0.0,0,0.0,0.0,0.0,0.0,0,0,
AMZN,AMZN-Amazon-2025.pdf,9,0.0,0,0.0,0.0,0.0,0.0,0,0,
AMZN,AMZN-Amazon-2025.pdf,10,0.0,0,0.0,0.0,0.0,0.0,0,0,
AMZN,AMZN-Amazon-2025.pdf,11,0.0,0,0.0,0.0,0.0,0.0,0,0,
AMZN,AMZN-Amazon-2025.pdf,12,0.0,0,0.0,0.0,0.0,0.0,0,0,
AMZN,AMZN-Amazon-2025.pdf,13,0.0,0,0.0,0.0,0.0,0.0,0,0,
AMZN,AMZN-Amazon-2025.pdf,15,0.0,0,0.0,0.0,0.0,0.0,0,0,
AMZN,AMZN-Amazon-2025.pdf,16,0.0,0,0.0,0.0,0.0,0.0,0,0,
AMZN,AMZN-Amazon-2025.pdf,18,0.0,0,0.0,0.0,0.0,0.0,0,0,
AMZN,AMZN-Amazon-2025.pdf,19,0.0,0,0.0,0.0,0.0,0.0,0,0,
AMZN,AMZN-Amazon-2025.pdf,20,0.0049003136200716,1,0.0049003136200716,0.0049003136200716,0.0049003136200716,0.0049003136200716,3,0,
AMZN,AMZN-Amazon-2025.pdf,23,0.0,0,0.0,0.0,0.0,0.0,0,0,
AMZN,AMZN-Amazon-2025.pdf,24,0.0,0,0.0,0.0,0.0,0.0,0,0,
AMZN,AMZN-Amazon-2025.pdf,25,0.0,0,0.0,0.0,0.0,0.0,0,0,
AMZN,AMZN-Amazon-2025.pdf,27,0.0,0,0.0,0.0,0.0,0.0,0,0,
AMZN,AMZN-Amazon-2025.pdf,28,0.0,0,0.0,0.0,0.0,0.0,0,0,
AMZN,AMZN-Amazon-2025.pdf,29,0.0,0,0.0,0.0,0.0,0.0,0,0,
AMZN,AMZN-Amazon-2025.pdf,30,0.0076581645411352,1,0.0076581645411352,0.0076581645411352,0.0076581645411352,0.0076581645411352,6,0,
AMZN,AMZN-Amazon-2025.pdf,31,0.0,0,0.0,0.0,0.0,0.0,0,0,
AMZN,AMZN-Amazon-2025.pdf,32,0.0,0,0.0,0.0,0.0,0.0,0,0,
AMZN,AMZN-Amazon-2025.pdf,33,0.0,0,0.0,0.0,0.0,0.0,0,0,
AMZN,AMZN-Amazon-2025.pdf,36,0.1223288590746419,5,0.1223288590746419,0.1223288590746419,0.1223288590746419,0.0629063515878969,45,0,
AMZN,AMZN-Amazon-2025.pdf,37,0.0,0,0.0,0.0,0.0,0.0,0,0,
AMZN,AMZN-Amazon-2025.pdf,38,0.0,0,0.0,0.0,0.0,0.0,0,0,
AMZN,AMZN-Amazon-2025.pdf,40,0.0,0,0.0,0.0,0.0,0.0,0,0,
AMZN,AMZN-Amazon-2025.pdf,41,0.0084868028625322,3,0.0084868028625322,0.0084868028625322,0.0084868028625322,0.0029641731696151,2,0,
AMZN,AMZN-Amazon-2025.pdf,42,0.3484909855936207,1,0.3484909855936207,0.3484909855936207,0.3484909855936207,0.3484909855936207,10,0,
AMZN,AMZN-Amazon-2025.pdf,43,0.0,0,0.0,0.0,0.0,0.0,0,0,
AMZN,AMZN-Amazon-2025.pdf,44,0.0019790390412932,1,0.0019790390412932,0.0019790390412932,0.0019790390412932,0.0019790390412932,2,0,
AMZN,AMZN-Amazon-2025.pdf,45,0.0,0,0.0,0.0,0.0,0.0,0,0,
AMZN,AMZN-Amazon-2025.pdf,47,0.4208311192381428,1,0.4208311192381428,0.4208311192381428,0.4208311192381428,0.4208311192381428,34,0,
AMZN,AMZN-Amazon-2025.pdf,48,0.4298275089605735,1,0.4298275089605735,0.4298275089605735,0.4298275089605735,0.4298275089605735,21,0,
AMZN,AMZN-Amazon-2025.pdf,50,0.0,0,0.0,0.0,0.0,0.0,0,0,
AN,AN-AUTONATION INC-2022.pdf,6,0.0,0,0.0,0.0,0.0,0.0,0,0,
AN,AN-AUTONATION INC-2022.pdf,10,0.0,0,0.0,0.0,0.0,0.0,0,0,
AN,AN-AUTONATION INC-2022.pdf,17,0.0,0,0.0,0.0,0.0,0.0,0,0,
AN,AN-AUTONATION INC-2022.pdf,20,0.0,0,0.0,0.0,0.0,0.0,0,0,
AN,AN-AUTONATION INC-2022.pdf,25,0.0,0,0.0,0.0,0.0,0.0,0,0,
AN,AN-AUTONATION INC-2022.pdf,26,0.0,0,0.0,0.0,0.0,0.0,0,0,
AN,AN-AUTONATION INC-2022.pdf,28,0.413303846768337,1,0.413303846768337,0.413303846768337,0.413303846768337,0.413303846768337,4,0,
AN,AN-AUTONATION INC-2022.pdf,29,0.3160038247397724,1,0.3160038247397724,0.3160038247397724,0.3160038247397724,0.3160038247397724,12,0,
BBWI,BBWI-BATH & BODY WORKS INC-2024.pdf,15,0.6772474004753417,1,0.6772474004753417,0.6772474004753417,0.6772474004753417,0.6772474004753417,17,0,
BBWI,BBWI-BATH & BODY WORKS INC-2024.pdf,35,0.0,0,0.0,0.0,0.0,0.0,0,0,
BBWI,BBWI-BATH & BODY WORKS INC-2024.pdf,60,0.0,0,0.0,0.0,0.0,0.0,0,0,
BBWI,BBWI-BATH & BODY WORKS INC-2024.pdf,85,0.7450748340224137,1,0.7450748340224137,0.7450748340224137,0.7450748340224137,0.7450748340224137,25,0,
BBWI,BBWI-BATH & BODY WORKS INC-2024.pdf,89,0.5027347666823464,1,0.5027347666823464,0.5027347666823464,0.5027347666823464,0.5027347666823464,26,0,
BBWI,BBWI-BATH & BODY WORKS INC-2024.pdf,96,0.0,0,0.0,0.0,0.0,0.0,0,0,
BBWI,BBWI-BATH & BODY WORKS INC-2025.pdf,3,0.0,0,0.0,0.0,0.0,0.0,0,0,
BBWI,BBWI-BATH & BODY WORKS INC-2025.pdf,5,0.3323005211428006,3,0.3323005211428006,0.3323005211428006,0.3323005211428006,0.234880960338681,2,0,
BBWI,BBWI-BATH & BODY WORKS INC-2025.pdf,7,0.0,0,0.0,0.0,0.0,0.0,0,0,
BBWI,BBWI-BATH & BODY WORKS INC-2025.pdf,8,0.4237799632412256,8,0.4237799632412256,0.4237799632412256,0.4237799632412256,0.3570409982174688,3,0,
BBWI,BBWI-BATH & BODY WORKS INC-2025.pdf,9,0.0,0,0.0,0.0,0.0,0.0,0,0,
BBWI,BBWI-BATH & BODY WORKS INC-2025.pdf,11,0.0,0,0.0,0.0,0.0,0.0,0,0,
BBWI,BBWI-BATH & BODY WORKS INC-2025.pdf,12,0.5082811349988858,1,0.5082811349988858,0.5082811349988858,0.5082811349988858,0.5082811349988858,7,0,
BBWI,BBWI-BATH & BODY WORKS INC-2025.pdf,13,0.5459394568128176,1,0.5459394568128176,0.5459394568128176,0.5459394568128176,0.5459394568128176,12,0,
BBWI,BBWI-BATH & BODY WORKS INC-2025.pdf,14,0.2615314740349265,1,0.2615314740349265,0.2615314740349265,0.2615314740349265,0.2615314740349265,9,0,
BBWI,BBWI-BATH & BODY WORKS INC-2025.pdf,17,0.0,0,0.0,0.0,0.0,0.0,0,0,
BBWI,BBWI-BATH & BODY WORKS INC-2025.pdf,18,0.0,0,0.0,0.0,0.0,0.0,0,0,
BBWI,BBWI-BATH & BODY WORKS INC-2025.pdf,19,0.0,0,0.0,0.0,0.0,0.0,0,0,
BBWI,BBWI-BATH & BODY WORKS INC-2025.pdf,23,0.0,0,0.0,0.0,0.0,0.0,0,0,
BBWI,BBWI-BATH & BODY WORKS INC-2025.pdf,24,0.0417568924539512,4,0.0417568924539512,0.0417568924539512,0.0417568924539512,0.0104392231134878,2,0,
BBWI,BBWI-BATH & BODY WORKS INC-2025.pdf,25,0.0,0,0.0,0.0,0.0,0.0,0,0,
BBWI,BBWI-BATH & BODY WORKS INC-2025.pdf,26,0.0,0,0.0,0.0,0.0,0.0,0,0,
BBWI,BBWI-BATH & BODY WORKS INC-2025.pdf,27,0.0169866970357166,1,0.0169866970357166,0.0169866970357166,0.0169866970357166,0.0169866970357166,2,0,
BBWI,BBWI-BATH & BODY WORKS INC-2025.pdf,28,0.0,0,0.0,0.0,0.0,0.0,0,0,
BBWI,BBWI-BATH & BODY WORKS INC-2025.pdf,29,0.0,0,0.0,0.0,0.0,0.0,0,0,
BBWI,BBWI-BATH & BODY WORKS INC-2025.pdf,34,0.0,0,0.0,0.0,0.0,0.0,0,0,
BBWI,BBWI-BATH & BODY WORKS INC-2025.pdf,35,0.0,0,0.0,0.0,0.0,0.0,0,0,
BBWI,BBWI-BATH & BODY WORKS INC-2025.pdf,37,0.0315489463260051,1,0.0315489463260051,0.0315489463260051,0.0315489463260051,0.0315489463260051,2,0,
BBWI,BBWI-BATH & BODY WORKS INC-2025.pdf,38,0.0131487512399319,1,0.0131487512399319,0.0131487512399319,0.0131487512399319,0.0131487512399319,2,0,
BBWI,BBWI-BATH & BODY WORKS INC-2025.pdf,41,0.0125519135389846,1,0.0125519135389846,0.0125519135389846,0.0125519135389846,0.0125519135389846,2,0,
BBWI,BBWI-BATH & BODY WORKS INC-2025.pdf,47,0.0,0,0.0,0.0,0.0,0.0,0,0,
BBWI,BBWI-BATH & BODY WORKS INC-2025.pdf,48,0.0,0,0.0,0.0,0.0,0.0,0,0,
BBWI,BBWI-BATH & BODY WORKS INC-2025.pdf,49,0.0,0,0.0,0.0,0.0,0.0,0,0,
BBWI,BBWI-BATH & BODY WORKS INC-2025.pdf,51,0.0,0,0.0,0.0,0.0,0.0,0,0,
BBWI,BBWI-BATH & BODY WORKS INC-2025.pdf,54,0.0187727958336428,1,0.0187727958336428,0.0187727958336428,0.0187727958336428,0.0187727958336428,2,0,
BBWI,BBWI-BATH & BODY WORKS INC-2025.pdf,57,0.0164705631340639,1,0.0164705631340639,0.0164705631340639,0.0164705631340639,0.0164705631340639,2,0,
BBWI,BBWI-BATH & BODY WORKS INC-2025.pdf,58,0.0,0,0.0,0.0,0.0,0.0,0,0,
BBWI,BBWI-BATH & BODY WORKS INC-2025.pdf,60,0.4989160595607491,1,0.4989160595607491,0.4989160595607491,0.4989160595607491,0.4989160595607491,2,0,
BBWI,BBWI-BATH & BODY WORKS INC-2025.pdf,61,0.1623412270896258,1,0.1623412270896258,0.1623412270896258,0.1623412270896258,0.1623412270896258,6,0,
BBWI,BBWI-BATH & BODY WORKS INC-2025.pdf,62,0.0,0,0.0,0.0,0.0,0.0,0,0,
BBWI,BBWI-BATH & BODY WORKS INC-2025.pdf,66,0.9447550422525912,2,0.0182844540172971,0.0182844540172971,0.9447550422525912,0.9264705882352942,2,1,
BBWI,BBWI-BATH & BODY WORKS INC-2025.pdf,67,0.0109848193261592,1,0.0109848193261592,0.0109848193261592,0.0109848193261592,0.0109848193261592,2,0,
BBWI,BBWI-BATH & BODY WORKS INC-2025.pdf,68,0.0,0,0.0,0.0,0.0,0.0,0,0,
BBWI,BBWI-BATH & BODY WORKS INC-2025.pdf,70,0.0,0,0.0,0.0,0.0,0.0,0,0,
BBWI,BBWI-BATH & BODY WORKS INC-2025.pdf,71,0.0,0,0.0,0.0,0.0,0.0,0,0,
BBWI,BBWI-BATH & BODY WORKS INC-2025.pdf,74,0.5206468457037697,1,0.5206468457037697,0.5206468457037697,0.5206468457037697,0.5206468457037697,59,0,
BBWI,BBWI-BATH & BODY WORKS INC-2025.pdf,76,0.4915252021336733,1,0.4915252021336733,0.4915252021336733,0.4915252021336733,0.4915252021336733,75,0,
BBWI,BBWI-BATH & BODY WORKS INC-2025.pdf,78,0.5177435166617151,1,0.5177435166617151,0.5177435166617151,0.5177435166617151,0.5177435166617151,24,0,
BBWI,BBWI-BATH & BODY WORKS INC-2025.pdf,81,0.7134344574730145,1,0.7134344574730145,0.7134344574730145,0.7134344574730145,0.7134344574730145,22,0,
BBWI,BBWI-BATH & BODY WORKS INC-2025.pdf,82,0.7363988517218756,1,0.7363988517218756,0.7363988517218756,0.7363988517218756,0.7363988517218756,30,0,
BBWI,BBWI-BATH & BODY WORKS INC-2025.pdf,83,0.6979618163353305,1,0.6979618163353305,0.6979618163353305,0.6979618163353305,0.6979618163353305,27,0,
BBWI,BBWI-BATH & BODY WORKS INC-2025.pdf,84,0.5637276929321813,1,0.5637276929321813,0.5637276929321813,0.5637276929321813,0.5637276929321813,25,0,
BBWI,BBWI-BATH & BODY WORKS INC-2025.pdf,87,0.6578126602524426,1,0.6578126602524426,0.6578126602524426,0.6578126602524426,0.6578126602524426,25,0,
BBWI,BBWI-BATH & BODY WORKS INC-2025.pdf,89,0.5069550773771209,1,0.5069550773771209,0.5069550773771209,0.5069550773771209,0.5069550773771209,20,0,
BBWI,BBWI-BATH & BODY WORKS INC-2025.pdf,92,0.7315636328047633,1,0.7315636328047633,0.7315636328047633,0.7315636328047633,0.7315636328047633,30,0,
BBWI,BBWI-BATH & BODY WORKS INC-2025.pdf,93,0.4499978854104773,1,0.4499978854104773,0.4499978854104773,0.4499978854104773,0.4499978854104773,22,0,
BBWI,BBWI-BATH & BODY WORKS INC-2025.pdf,94,0.6142373737373736,1,0.6142373737373736,0.6142373737373736,0.6142373737373736,0.6142373737373736,35,0,
BBWI,BBWI-BATH & BODY WORKS INC-2025.pdf,95,0.6180479281513391,2,0.6180479281513391,0.6180479281513391,0.6180479281513391,0.319703606634152,16,0,
BBWI,BBWI-BATH & BODY WORKS INC-2025.pdf,99,0.6348557470779415,1,0.6348557470779415,0.6348557470779415,0.6348557470779415,0.6348557470779415,14,0,
BBWI,BBWI-BATH & BODY WORKS INC-2025.pdf,100,0.7173069785924329,1,0.7173069785924329,0.7173069785924329,0.7173069785924329,0.7173069785924329,13,0,
BBWI,BBWI-BATH & BODY WORKS INC-2025.pdf,101,0.4614884859316201,1,0.4614884859316201,0.4614884859316201,0.4614884859316201,0.4614884859316201,13,0,
BBWI,BBWI-BATH & BODY WORKS INC-2025.pdf,103,0.0,0,0.0,0.0,0.0,0.0,0,0,
BBY,BBY-BEST BUY CO INC-2024.pdf,3,0.0,0,0.0,0.0,0.0,0.0,0,0,
BBY,BBY-BEST BUY CO INC-2024.pdf,8,0.0,0,0.0,0.0,0.0,0.0,0,0,
BBY,BBY-BEST BUY CO INC-2024.pdf,16,0.0,0,0.0,0.0,0.0,0.0,0,0,
BBY,BBY-BEST BUY CO INC-2024.pdf,19,0.020149346580731,1,0.020149346580731,0.020149346580731,0.020149346580731,0.020149346580731,5,0,
BBY,BBY-BEST BUY CO INC-2024.pdf,22,0.0,0,0.0,0.0,0.0,0.0,0,0,
BBY,BBY-BEST BUY CO INC-2024.pdf,29,0.0,0,0.0,0.0,0.0,0.0,0,0,
BBY,BBY-BEST BUY CO INC-2024.pdf,30,0.0,0,0.0,0.0,0.0,0.0,0,0,
BBY,BBY-BEST BUY CO INC-2024.pdf,39,0.024537612824074,1,0.024537612824074,0.024537612824074,0.024537612824074,0.024537612824074,2,0,
BBY,BBY-BEST BUY CO INC-2024.pdf,40,0.0,0,0.0,0.0,0.0,0.0,0,0,
BBY,BBY-BEST BUY CO INC-2024.pdf,48,0.0,0,0.0,0.0,0.0,0.0,0,0,
BBY,BBY-BEST BUY CO INC-2024.pdf,53,0.0,0,0.0,0.0,0.0,0.0,0,0,
BBY,BBY-BEST BUY CO INC-2024.pdf,55,0.0,0,0.0,0.0,0.0,0.0,0,0,
BBY,BBY-BEST BUY CO INC-2024.pdf,57,0.0,0,0.0,0.0,0.0,0.0,0,0,
BBY,BBY-BEST BUY CO INC-2024.pdf,59,0.0,0,0.0,0.0,0.0,0.0,0,0,
BBY,BBY-BEST BUY CO INC-2024.pdf,61,0.0,0,0.0,0.0,0.0,0.0,0,0,
BBY,BBY-BEST BUY CO INC-2024.pdf,63,0.0,0,0.0,0.0,0.0,0.0,0,0,
BBY,BBY-BEST BUY CO INC-2024.pdf,64,0.0,0,0.0,0.0,0.0,0.0,0,0,
BBY,BBY-BEST BUY CO INC-2024.pdf,65,0.0,0,0.0,0.0,0.0,0.0,0,0,
BBY,BBY-BEST BUY CO INC-2024.pdf,69,0.2226923359778338,2,0.2226923359778338,0.2226923359778338,0.2226923359778338,0.2111832850564468,21,0,
BBY,BBY-BEST BUY CO INC-2024.pdf,73,0.35552928694626,1,0.35552928694626,0.35552928694626,0.35552928694626,0.35552928694626,72,0,
BIRD,BIRD-ALLBIRDS INC-2021.pdf,5,0.0,0,0.0,0.0,0.0,0.0,0,0,
BIRD,BIRD-ALLBIRDS INC-2021.pdf,9,0.0,0,0.0,0.0,0.0,0.0,0,0,
BIRD,BIRD-ALLBIRDS INC-2021.pdf,12,0.0,0,0.0,0.0,0.0,0.0,0,0,
BIRD,BIRD-ALLBIRDS INC-2021.pdf,15,0.0,0,0.0,0.0,0.0,0.0,0,0,
BIRD,BIRD-ALLBIRDS INC-2021.pdf,21,0.0,0,0.0,0.0,0.0,0.0,0,0,
BIRD,BIRD-ALLBIRDS INC-2021.pdf,23,0.0,0,0.0,0.0,0.0,0.0,0,0,
CAL,CAL-CALERES INC-2021.pdf,20,0.0,0,0.0,0.0,0.0,0.0,0,0,
CAL,CAL-CALERES INC-2021.pdf,34,0.0033880497685185,1,0.0033880497685185,0.0033880497685185,0.0033880497685185,0.0033880497685185,2,0,
CAL,CAL-CALERES INC-2021.pdf,35,0.0032359655671296,1,0.0032359655671296,0.0032359655671296,0.0032359655671296,0.0032359655671296,2,0,
CAL,CAL-CALERES INC-2021.pdf,36,0.0033925203993055,1,0.0033925203993055,0.0033925203993055,0.0033925203993055,0.0033925203993055,2,0,
CAL,CAL-CALERES INC-2021.pdf,37,0.0,0,0.0,0.0,0.0,0.0,0,0,
CAL,CAL-CALERES INC-2021.pdf,38,0.0435029513888888,1,0.0435029513888888,0.0435029513888888,0.0435029513888888,0.0435029513888888,4,0,
CAL,CAL-CALERES INC-2021.pdf,39,0.0032804762731481,1,0.0032804762731481,0.0032804762731481,0.0032804762731481,0.0032804762731481,2,0,
CAL,CAL-CALERES INC-2021.pdf,40,0.0420619791666666,1,0.0420619791666666,0.0420619791666666,0.0420619791666666,0.0420619791666666,4,0,
CAL,CAL-CALERES INC-2021.pdf,41,0.0033880497685185,1,0.0033880497685185,0.0033880497685185,0.0033880497685185,0.0033880497685185,2,0,
CAL,CAL-CALERES INC-2021.pdf,42,0.0033880497685185,1,0.0033880497685185,0.0033880497685185,0.0033880497685185,0.0033880497685185,2,0,
CAL,CAL-CALERES INC-2021.pdf,43,0.0033880497685185,1,0.0033880497685185,0.0033880497685185,0.0033880497685185,0.0033880497685185,2,0,
CAL,CAL-CALERES INC-2021.pdf,45,0.0302300347222222,1,0.0302300347222222,0.0302300347222222,0.0302300347222222,0.0302300347222222,4,0,
CAL,CAL-CALERES INC-2021.pdf,46,0.0303474271797839,1,0.0303474271797839,0.0303474271797839,0.0303474271797839,0.0303474271797839,5,0,
COLM,COLM-COLUMBIA SPORTSWEAR CO-2024.pdf,56,0.4984468423472293,1,0.4984468423472293,0.4984468423472293,0.4984468423472293,0.4984468423472293,30,0,
COLM,COLM-COLUMBIA SPORTSWEAR CO-2024.pdf,61,0.4581834980880084,2,0.4581834980880084,0.4581834980880084,0.4581834980880084,0.3507429046273603,36,0,
CPNG,CPNG-Coupang-2022.pdf,3,0.0,0,0.0,0.0,0.0,0.0,0,0,
CPNG,CPNG-Coupang-2022.pdf,4,0.0008211025270393,1,0.0008211025270393,0.0008211025270393,0.0008211025270393,0.0008211025270393,2,0,
CPNG,CPNG-Coupang-2022.pdf,6,0.0,0,0.0,0.0,0.0,0.0,0,0,
CPNG,CPNG-Coupang-2022.pdf,7,0.0,0,0.0,0.0,0.0,0.0,0,0,
CPNG,CPNG-Coupang-2022.pdf,8,0.0,0,0.0,0.0,0.0,0.0,0,0,
CPNG,CPNG-Coupang-2022.pdf,9,0.0,0,0.0,0.0,0.0,0.0,0,0,
CPNG,CPNG-Coupang-2022.pdf,13,0.0002825774527891,1,0.0002825774527891,0.0002825774527891,0.0002825774527891,0.0002825774527891,2,0,
CPNG,CPNG-Coupang-2022.pdf,15,0.0,0,0.0,0.0,0.0,0.0,0,0,
CPNG,CPNG-Coupang-2022.pdf,16,0.0,0,0.0,0.0,0.0,0.0,0,0,
CROX,CROX-CROCS INC-2022.pdf,4,0.9429411764705884,1,0.0,0.0,0.9429411764705884,0.9429411764705884,4,1,
CROX,CROX-CROCS INC-2022.pdf,6,0.6856803327391563,1,0.6856803327391563,0.6856803327391563,0.6856803327391563,0.6856803327391563,6,0,
CROX,CROX-CROCS INC-2022.pdf,9,0.4567366250671776,1,0.4567366250671776,0.4567366250671776,0.4567366250671776,0.4567366250671776,53,0,
CROX,CROX-CROCS INC-2022.pdf,25,0.9411764705882352,1,0.0,0.0,0.9411764705882352,0.9411764705882352,4,1,
CROX,CROX-CROCS INC-2022.pdf,30,0.4782351538258401,1,0.4782351538258401,0.4782351538258401,0.4782351538258401,0.4782351538258401,15,0,
CROX,CROX-CROCS INC-2022.pdf,40,0.5529188257163136,1,0.5529188257163136,0.5529188257163136,0.5529188257163136,0.5529188257163136,11,0,
CROX,CROX-CROCS INC-2022.pdf,41,0.6253969729463755,1,0.6253969729463755,0.6253969729463755,0.6253969729463755,0.6253969729463755,10,0,
CVS,CVS-CVS HEALTH CORP-2022.pdf,3,0.0,0,0.0,0.0,0.0,0.0,0,0,
CVS,CVS-CVS HEALTH CORP-2022.pdf,4,0.0,0,0.0,0.0,0.0,0.0,0,0,
CVS,CVS-CVS HEALTH CORP-2022.pdf,8,0.0,0,0.0,0.0,0.0,0.0,0,0,
CVS,CVS-CVS HEALTH CORP-2022.pdf,9,0.0,0,0.0,0.0,0.0,0.0,0,0,
CVS,CVS-CVS HEALTH CORP-2022.pdf,12,0.0,0,0.0,0.0,0.0,0.0,0,0,
CVS,CVS-CVS HEALTH CORP-2022.pdf,13,0.0,0,0.0,0.0,0.0,0.0,0,0,
CVS,CVS-CVS HEALTH CORP-2022.pdf,19,0.0,0,0.0,0.0,0.0,0.0,0,0,
CVS,CVS-CVS HEALTH CORP-2022.pdf,20,0.0,0,0.0,0.0,0.0,0.0,0,0,
CVS,CVS-CVS HEALTH CORP-2022.pdf,21,0.0,0,0.0,0.0,0.0,0.0,0,0,
CVS,CVS-CVS HEALTH CORP-2022.pdf,26,0.0,0,0.0,0.0,0.0,0.0,0,0,
CVS,CVS-CVS HEALTH CORP-2022.pdf,27,0.0,0,0.0,0.0,0.0,0.0,0,0,
CVS,CVS-CVS HEALTH CORP-2022.pdf,28,0.0,0,0.0,0.0,0.0,0.0,0,0,
CVS,CVS-CVS HEALTH CORP-2022.pdf,30,0.000383283945511,1,0.000383283945511,0.000383283945511,0.000383283945511,0.000383283945511,2,0,
CVS,CVS-CVS HEALTH CORP-2022.pdf,35,0.0,0,0.0,0.0,0.0,0.0,0,0,
CVS,CVS-CVS HEALTH CORP-2022.pdf,36,0.0,0,0.0,0.0,0.0,0.0,0,0,
CVS,CVS-CVS HEALTH CORP-2022.pdf,37,0.0038970493735466,1,0.0038970493735466,0.0038970493735466,0.0038970493735466,0.0038970493735466,6,0,
CVS,CVS-CVS HEALTH CORP-2022.pdf,38,0.0,0,0.0,0.0,0.0,0.0,0,0,
ETSY,ETSY-Etsy-2023.pdf,6,0.0,0,0.0,0.0,0.0,0.0,0,0,
ETSY,ETSY-Etsy-2023.pdf,30,0.0,0,0.0,0.0,0.0,0.0,0,0,
ETSY,ETSY-Etsy-2023.pdf,49,0.4356716896733524,2,0.4356716896733524,0.4356716896733524,0.4356716896733524,0.4244020466521658,4,0,
ETSY,ETSY-Etsy-2023.pdf,50,0.5683835504879602,5,0.5683835504879602,0.5683835504879602,0.5683835504879602,0.4959386005435201,2,0,
EYE,EYE-NATIONAL VISION HOLDINGS INC-2021.pdf,4,0.9998950766343996,1,0.0,0.0,0.0,0.9998950766343996,3,1,
EYE,EYE-NATIONAL VISION HOLDINGS INC-2021.pdf,5,0.9998950766343996,1,0.0,0.0,0.0,0.9998950766343996,3,1,
EYE,EYE-NATIONAL VISION HOLDINGS INC-2021.pdf,6,0.9998950766343996,1,0.0,0.0,0.0,0.9998950766343996,3,1,
EYE,EYE-NATIONAL VISION HOLDINGS INC-2021.pdf,7,0.9998950766343996,1,0.0,0.0,0.0,0.9998950766343996,3,1,
EYE,EYE-NATIONAL VISION HOLDINGS INC-2021.pdf,15,0.9998950766343996,1,0.0,0.0,0.0,0.9998950766343996,3,1,
EYE,EYE-NATIONAL VISION HOLDINGS INC-2021.pdf,19,0.9998950766343996,1,0.0,0.0,0.0,0.9998950766343996,3,1,
EYE,EYE-NATIONAL VISION HOLDINGS INC-2021.pdf,20,1.0330171192286437,7,0.0331220425942438,0.0331220425942438,0.0331220425942438,0.9998950766343996,3,1,
EYE,EYE-NATIONAL VISION HOLDINGS INC-2021.pdf,21,0.9998950766343996,1,0.0,0.0,0.0,0.9998950766343996,3,1,
EYE,EYE-NATIONAL VISION HOLDINGS INC-2021.pdf,22,0.9998950766343996,1,0.0,0.0,0.0,0.9998950766343996,3,1,
EYE,EYE-NATIONAL VISION HOLDINGS INC-2021.pdf,23,0.9998950766343996,1,0.0,0.0,0.0,0.9998950766343996,3,1,
EYE,EYE-NATIONAL VISION HOLDINGS INC-2021.pdf,25,0.9998950766343996,1,0.0,0.0,0.0,0.9998950766343996,3,1,
EYE,EYE-NATIONAL VISION HOLDINGS INC-2021.pdf,26,0.9998950766343996,1,0.0,0.0,0.0,0.9998950766343996,3,1,
EYE,EYE-NATIONAL VISION HOLDINGS INC-2021.pdf,27,0.9998950766343996,1,0.0,0.0,0.0,0.9998950766343996,3,1,
EYE,EYE-NATIONAL VISION HOLDINGS INC-2021.pdf,28,0.9998950766343996,1,0.0,0.0,0.0,0.9998950766343996,3,1,
EYE,EYE-NATIONAL VISION HOLDINGS INC-2021.pdf,30,0.9998950766343996,1,0.0,0.0,0.0,0.9998950766343996,3,1,
EYE,EYE-NATIONAL VISION HOLDINGS INC-2021.pdf,33,0.9998950766343996,1,0.0,0.0,0.0,0.9998950766343996,3,1,
EYE,EYE-NATIONAL VISION HOLDINGS INC-2021.pdf,34,0.9998950766343996,1,0.0,0.0,0.0,0.9998950766343996,3,1,
EYE,EYE-NATIONAL VISION HOLDINGS INC-2021.pdf,37,0.9998950766343996,1,0.0,0.0,0.0,0.9998950766343996,3,1,
EYE,EYE-NATIONAL VISION HOLDINGS INC-2021.pdf,39,0.9998950766343996,1,0.0,0.0,0.0,0.9998950766343996,3,1,
EYE,EYE-NATIONAL VISION HOLDINGS INC-2021.pdf,41,0.9998950766343996,1,0.0,0.0,0.0,0.9998950766343996,3,1,
EYE,EYE-NATIONAL VISION HOLDINGS INC-2021.pdf,42,0.9998950766343996,1,0.0,0.0,0.0,0.9998950766343996,3,1,
EYE,EYE-NATIONAL VISION HOLDINGS INC-2021.pdf,43,0.9998950766343996,1,0.0,0.0,0.0,0.9998950766343996,3,1,
EYE,EYE-NATIONAL VISION HOLDINGS INC-2021.pdf,45,0.9998950766343996,1,0.0,0.0,0.0,0.9998950766343996,3,1,
EYE,EYE-NATIONAL VISION HOLDINGS INC-2021.pdf,46,0.9998950766343996,1,0.0,0.0,0.0,0.9998950766343996,3,1,
EYE,EYE-NATIONAL VISION HOLDINGS INC-2021.pdf,47,0.9998950766343996,1,0.0,0.0,0.0,0.9998950766343996,3,1,
EYE,EYE-NATIONAL VISION HOLDINGS INC-2021.pdf,48,0.9998950766343996,1,0.0,0.0,0.0,0.9998950766343996,3,1,
EYE,EYE-NATIONAL VISION HOLDINGS INC-2021.pdf,50,0.9998950766343996,1,0.0,0.0,0.0,0.9998950766343996,3,1,
EYE,EYE-NATIONAL VISION HOLDINGS INC-2021.pdf,51,1.023619236799488,2,0.0244153814080738,0.0244153814080738,0.0244153814080738,0.999203855391414,3,1,
EYE,EYE-NATIONAL VISION HOLDINGS INC-2021.pdf,52,0.9998950766343996,1,0.0,0.0,0.0,0.9998950766343996,3,1,
EYE,EYE-NATIONAL VISION HOLDINGS INC-2021.pdf,54,0.9998950766343996,1,0.0,0.0,0.0,0.9998950766343996,3,1,
EYE,EYE-NATIONAL VISION HOLDINGS INC-2021.pdf,55,0.9998950766343996,1,0.0,0.0,0.0,0.9998950766343996,3,1,
EYE,EYE-NATIONAL VISION HOLDINGS INC-2021.pdf,58,1.197829338033934,2,0.1979342613995345,0.1979342613995345,0.1979342613995345,0.9998950766343994,4,1,
EYE,EYE-NATIONAL VISION HOLDINGS INC-2021.pdf,59,0.9998950766343994,1,0.0,0.0,0.0,0.9998950766343994,4,1,
EYE,EYE-NATIONAL VISION HOLDINGS INC-2021.pdf,60,0.9998950766343994,1,0.0,0.0,0.0,0.9998950766343994,4,1,
EYE,EYE-NATIONAL VISION HOLDINGS INC-2021.pdf,62,0.9998950766343994,1,0.0,0.0,0.0,0.9998950766343994,4,1,
EYE,EYE-NATIONAL VISION HOLDINGS INC-2021.pdf,63,0.9998950766343994,1,0.0,0.0,0.0,0.9998950766343994,4,1,
EYE,EYE-NATIONAL VISION HOLDINGS INC-2021.pdf,65,0.9998950766343996,1,0.0,0.0,0.0,0.9998950766343996,3,1,
EYE,EYE-NATIONAL VISION HOLDINGS INC-2021.pdf,67,0.9998950766343996,1,0.0,0.0,0.0,0.9998950766343996,3,1,
EYE,EYE-NATIONAL VISION HOLDINGS INC-2021.pdf,69,0.9998950766343996,1,0.0,0.0,0.0,0.9998950766343996,3,1,
EYE,EYE-NATIONAL VISION HOLDINGS INC-2021.pdf,70,1.685071795192358,2,0.6851767185579585,0.6851767185579585,0.6851767185579585,0.9998950766343996,3,1,
EYE,EYE-NATIONAL VISION HOLDINGS INC-2021.pdf,71,0.9998950766343996,1,0.0,0.0,0.0,0.9998950766343996,3,1,
EYE,EYE-NATIONAL VISION HOLDINGS INC-2021.pdf,72,1.075742059725317,2,0.0758469830909173,0.0758469830909173,0.0758469830909173,0.9998950766343996,3,1,
EYE,EYE-NATIONAL VISION HOLDINGS INC-2021.pdf,74,1.0455815132598645,1,1.0455815132598645,1.0455815132598645,1.0455815132598645,1.0455815132598645,20,0,
EYE,EYE-NATIONAL VISION HOLDINGS INC-2021.pdf,76,1.5543005090312851,2,0.5544054323968854,0.5544054323968854,0.5544054323968854,0.9998950766343996,3,1,
EYE,EYE-NATIONAL VISION HOLDINGS INC-2021.pdf,80,1.034939952934162,2,0.0350448762997623,0.0350448762997623,0.0350448762997623,0.9998950766343996,3,1,
EYE,EYE-NATIONAL VISION HOLDINGS INC-2021.pdf,81,1.0349399042673466,2,0.0350448276329471,0.0350448276329471,0.0350448276329471,0.9998950766343996,3,1,
EYE,EYE-NATIONAL VISION HOLDINGS INC-2021.pdf,84,1.0261588701248598,2,0.0262637934904601,0.0262637934904601,0.0262637934904601,0.9998950766343996,3,1,
EYE,EYE-NATIONAL VISION HOLDINGS INC-2021.pdf,92,1.0261588701248598,2,0.0262637934904601,0.0262637934904601,0.0262637934904601,0.9998950766343996,3,1,
EYE,EYE-NATIONAL VISION HOLDINGS INC-2021.pdf,94,1.0261647792157689,2,0.0262697025813693,0.0262697025813693,0.0262697025813693,0.9998950766343996,3,1,
EYE,EYE-NATIONAL VISION HOLDINGS INC-2021.pdf,95,1.0261647792157689,2,0.0262697025813692,0.0262697025813692,0.0262697025813692,0.9998950766343996,3,1,
EYE,EYE-NATIONAL VISION HOLDINGS INC-2021.pdf,96,0.9998950766343996,1,0.0,0.0,0.0,0.9998950766343996,3,1,
FIGS,FIGS-FIGS INC-2022.pdf,3,0.0,0,0.0,0.0,0.0,0.0,0,0,
FIGS,FIGS-FIGS INC-2022.pdf,11,1.001651277974137,1,0.0,0.0,0.0,1.001651277974137,2,1,
FIGS,FIGS-FIGS INC-2022.pdf,12,0.0,0,0.0,0.0,0.0,0.0,0,0,
FIGS,FIGS-FIGS INC-2022.pdf,27,0.9999982793827245,1,0.0,0.0,0.0,0.9999982793827245,3,1,
FIGS,FIGS-FIGS INC-2022.pdf,28,0.9999982793827245,1,0.0,0.0,0.0,0.9999982793827245,3,1,
FIGS,FIGS-FIGS INC-2022.pdf,31,0.0,0,0.0,0.0,0.0,0.0,0,0,
FIGS,FIGS-FIGS INC-2022.pdf,37,0.0,0,0.0,0.0,0.0,0.0,0,0,
FIGS,FIGS-FIGS INC-2022.pdf,43,0.0,0,0.0,0.0,0.0,0.0,0,0,
FIGS,FIGS-FIGS INC-2022.pdf,44,0.0,0,0.0,0.0,0.0,0.0,0,0,
FIGS,FIGS-FIGS INC-2022.pdf,45,0.0,0,0.0,0.0,0.0,0.0,0,0,
FIGS,FIGS-FIGS INC-2025.pdf,9,0.0002272433228166,1,0.0002272433228166,0.0002272433228166,0.0002272433228166,0.0002272433228166,2,0,
FIGS,FIGS-FIGS INC-2025.pdf,39,0.0,0,0.0,0.0,0.0,0.0,0,0,
FIVE,FIVE-FIVE BELOW INC-2022.pdf,6,0.0,0,0.0,0.0,0.0,0.0,0,0,
FLXS,FLXS-FLEXSTEEL INDUSTRIES INC-2022.pdf,3,0.0242245989304812,1,0.0242245989304812,0.0242245989304812,0.0242245989304812,0.0242245989304812,2,0,
FLXS,FLXS-FLEXSTEEL INDUSTRIES INC-2022.pdf,4,0.0,0,0.0,0.0,0.0,0.0,0,0,
FLXS,FLXS-FLEXSTEEL INDUSTRIES INC-2022.pdf,5,0.2565380180481283,1,0.2565380180481283,0.2565380180481283,0.2565380180481283,0.2565380180481283,6,0,
FLXS,FLXS-FLEXSTEEL INDUSTRIES INC-2022.pdf,6,0.0,0,0.0,0.0,0.0,0.0,0,0,
FLXS,FLXS-FLEXSTEEL INDUSTRIES INC-2022.pdf,7,0.0,0,0.0,0.0,0.0,0.0,0,0,
FLXS,FLXS-FLEXSTEEL INDUSTRIES INC-2022.pdf,8,0.0,0,0.0,0.0,0.0,0.0,0,0,
FLXS,FLXS-FLEXSTEEL INDUSTRIES INC-2022.pdf,9,0.0,0,0.0,0.0,0.0,0.0,0,0,
FLXS,FLXS-FLEXSTEEL INDUSTRIES INC-2022.pdf,11,0.0,0,0.0,0.0,0.0,0.0,0,0,
FLXS,FLXS-FLEXSTEEL INDUSTRIES INC-2022.pdf,12,0.1985602891661717,3,0.1985602891661717,0.1985602891661717,0.1985602891661717,0.0882486479170793,16,0,
FLXS,FLXS-FLEXSTEEL INDUSTRIES INC-2022.pdf,13,0.0,0,0.0,0.0,0.0,0.0,0,0,
FLXS,FLXS-FLEXSTEEL INDUSTRIES INC-2022.pdf,14,0.0,0,0.0,0.0,0.0,0.0,0,0,
FLXS,FLXS-FLEXSTEEL INDUSTRIES INC-2022.pdf,15,0.0,0,0.0,0.0,0.0,0.0,0,0,
FLXS,FLXS-FLEXSTEEL INDUSTRIES INC-2022.pdf,16,0.0,0,0.0,0.0,0.0,0.0,0,0,
FLXS,FLXS-FLEXSTEEL INDUSTRIES INC-2022.pdf,17,0.0,0,0.0,0.0,0.0,0.0,0,0,
FLXS,FLXS-FLEXSTEEL INDUSTRIES INC-2022.pdf,18,0.0,0,0.0,0.0,0.0,0.0,0,0,
FLXS,FLXS-FLEXSTEEL INDUSTRIES INC-2022.pdf,19,0.5908374461527035,1,0.5908374461527035,0.5908374461527035,0.5908374461527035,0.5908374461527035,20,0,
FLXS,FLXS-FLEXSTEEL INDUSTRIES INC-2024.pdf,4,1.0250308091572258,2,0.025051627120882,0.025051627120882,0.025051627120882,0.9999791820363438,4,1,
GES,GES-GUESS-2023-2022.pdf,4,0.0,0,0.0,0.0,0.0,0.0,0,0,
GES,GES-GUESS-2023-2022.pdf,5,0.0,0,0.0,0.0,0.0,0.0,0,0,
GES,GES-GUESS-2023-2022.pdf,6,0.0,0,0.0,0.0,0.0,0.0,0,0,
GES,GES-GUESS-2023-2022.pdf,7,0.1033217704964395,2,0.1033217704964395,0.1033217704964395,0.1033217704964395,0.0611616387127167,2,0,
GES,GES-GUESS-2023-2022.pdf,12,0.0,0,0.0,0.0,0.0,0.0,0,0,
GES,GES-GUESS-2023-2022.pdf,13,0.0,0,0.0,0.0,0.0,0.0,0,0,
GES,GES-GUESS-2023-2022.pdf,15,2.0736912460757595,1,2.0736912460757595,2.0736912460757595,2.0736912460757595,2.0736912460757595,5,0,
GES,GES-GUESS-2023-2022.pdf,16,1.0224448717867194,1,0.0,0.0,0.0,1.0224448717867194,3,1,
GES,GES-GUESS-2023-2022.pdf,19,0.6904425897342197,1,0.6904425897342197,0.6904425897342197,0.6904425897342197,0.6904425897342197,2,0,
GES,GES-GUESS-2023-2022.pdf,21,0.0,0,0.0,0.0,0.0,0.0,0,0,
GES,GES-GUESS-2023-2022.pdf,23,0.0,0,0.0,0.0,0.0,0.0,0,0,
GES,GES-GUESS-2023-2022.pdf,25,1.0224448717867194,1,0.0,0.0,0.0,1.0224448717867194,2,1,
GES,GES-GUESS-2023-2022.pdf,26,1.0224448717867194,1,0.0,0.0,0.0,1.0224448717867194,2,1,
GES,GES-GUESS-2023-2022.pdf,27,0.6905324108926867,1,0.6905324108926867,0.6905324108926867,0.6905324108926867,0.6905324108926867,7,0,
GES,GES-GUESS-2023-2022.pdf,28,0.0,0,0.0,0.0,0.0,0.0,0,0,
GES,GES-GUESS-2023-2022.pdf,29,0.6904425897342197,1,0.6904425897342197,0.6904425897342197,0.6904425897342197,0.6904425897342197,2,0,
GES,GES-GUESS-2023-2022.pdf,30,1.0224448717867194,1,0.0,0.0,0.0,1.0224448717867194,2,1,
GES,GES-GUESS-2023-2022.pdf,31,0.0,0,0.0,0.0,0.0,0.0,0,0,
GES,GES-GUESS-2023-2022.pdf,35,1.0224448717867194,1,0.0,0.0,0.0,1.0224448717867194,3,1,
GES,GES-GUESS-2023-2022.pdf,36,1.0224448717867194,1,0.0,0.0,0.0,1.0224448717867194,2,1,
GES,GES-GUESS-2023-2022.pdf,38,0.0,0,0.0,0.0,0.0,0.0,0,0,
GES,GES-GUESS-2023-2022.pdf,40,0.0,0,0.0,0.0,0.0,0.0,0,0,
GES,GES-GUESS-2023-2022.pdf,41,0.0,0,0.0,0.0,0.0,0.0,0,0,
GES,GES-GUESS-2023-2022.pdf,43,0.0,0,0.0,0.0,0.0,0.0,0,0,
GES,GES-GUESS-2023-2022.pdf,44,0.2573560662337308,2,0.2573560662337308,0.2573560662337308,0.2573560662337308,0.1782269735175624,2,0,
GES,GES-GUESS-2023-2022.pdf,46,1.0224448717867194,1,0.0,0.0,0.0,1.0224448717867194,2,1,
GES,GES-GUESS-2023-2022.pdf,47,0.0,0,0.0,0.0,0.0,0.0,0,0,
GES,GES-GUESS-2023-2022.pdf,49,0.0,0,0.0,0.0,0.0,0.0,0,0,
GES,GES-GUESS-2023-2022.pdf,50,0.0,0,0.0,0.0,0.0,0.0,0,0,
GES,GES-GUESS-2023-2022.pdf,51,0.0,0,0.0,0.0,0.0,0.0,0,0,
GES,GES-GUESS-2023-2022.pdf,52,0.0,0,0.0,0.0,0.0,0.0,0,0,
GES,GES-GUESS-2023-2022.pdf,54,0.0,0,0.0,0.0,0.0,0.0,0,0,
GES,GES-GUESS-2023-2022.pdf,55,0.0,0,0.0,0.0,0.0,0.0,0,0,
GES,GES-GUESS-2023-2022.pdf,57,0.0,0,0.0,0.0,0.0,0.0,0,0,
GES,GES-GUESS-2023-2022.pdf,59,1.0224448717867194,1,0.0,0.0,0.0,1.0224448717867194,3,1,
GES,GES-GUESS-2023-2022.pdf,60,1.0224448717867194,1,0.0,0.0,0.0,1.0224448717867194,2,1,
GES,GES-GUESS-2023-2022.pdf,61,0.0,0,0.0,0.0,0.0,0.0,0,0,
GES,GES-GUESS-2023-2022.pdf,62,0.0,0,0.0,0.0,0.0,0.0,0,0,
GES,GES-GUESS-2023-2022.pdf,63,0.0,0,0.0,0.0,0.0,0.0,0,0,
GES,GES-GUESS-2023-2022.pdf,64,1.0224448717867194,1,0.0,0.0,0.0,1.0224448717867194,2,1,
GES,GES-GUESS-2023-2022.pdf,65,0.0,0,0.0,0.0,0.0,0.0,0,0,
GES,GES-GUESS-2023-2022.pdf,66,0.0,0,0.0,0.0,0.0,0.0,0,0,
GES,GES-GUESS-2023-2022.pdf,68,0.1213299691982133,2,0.1213299691982133,0.1213299691982133,0.1213299691982133,0.1209397407273252,5,0,
GES,GES-GUESS-2023-2022.pdf,69,0.2318211294098457,1,0.2318211294098457,0.2318211294098457,0.2318211294098457,0.2318211294098457,36,0,
GES,GES-GUESS-2023-2022.pdf,70,0.0,0,0.0,0.0,0.0,0.0,0,0,
GES,GES-GUESS-2023-2022.pdf,71,0.0,0,0.0,0.0,0.0,0.0,0,0,
GES,GES-GUESS-2023-2022.pdf,72,0.0,0,0.0,0.0,0.0,0.0,0,0,
GES,GES-GUESS-2023-2022.pdf,73,0.0,0,0.0,0.0,0.0,0.0,0,0,
GES,GES-GUESS-2023-2022.pdf,74,0.0,0,0.0,0.0,0.0,0.0,0,0,
GES,GES-GUESS-2023-2022.pdf,75,0.0,0,0.0,0.0,0.0,0.0,0,0,
GES,GES-GUESS-2023-2022.pdf,76,0.0,0,0.0,0.0,0.0,0.0,0,0,
GES,GES-GUESS-2023-2022.pdf,77,0.0,0,0.0,0.0,0.0,0.0,0,0,
GES,GES-GUESS-2023-2022.pdf,78,0.0,0,0.0,0.0,0.0,0.0,0,0,
GES,GES-GUESS-2023-2022.pdf,80,0.050471355332407,2,0.050471355332407,0.050471355332407,0.050471355332407,0.0252356776662035,2,0,
GES,GES-GUESS-2023-2022.pdf,81,0.0,0,0.0,0.0,0.0,0.0,0,0,
GES,GES-GUESS-2023-2022.pdf,82,0.0,0,0.0,0.0,0.0,0.0,0,0,
GES,GES-GUESS-2023-2022.pdf,88,0.0755038960264582,2,0.0755038960264582,0.0755038960264582,0.0755038960264582,0.0510027099299663,15,0,
GES,GES-GUESS-2023-2022.pdf,93,0.1248759604033219,3,0.1248759604033219,0.1248759604033219,0.1248759604033219,0.0758822754109737,17,0,
GES,GES-GUESS-2023-2022.pdf,96,0.0999869779641701,3,0.0999869779641701,0.0999869779641701,0.0999869779641701,0.050993312727759,2,0,
GES,GES-GUESS-2023-2022.pdf,97,0.0760780009047717,2,0.0760780009047717,0.0760780009047717,0.0760780009047717,0.0515812130666904,4,0,
GES,GES-GUESS-2023-2022.pdf,99,0.1519603216226946,4,0.1519603216226946,0.1519603216226946,0.1519603216226946,0.0515812847148891,6,0,
GES,GES-GUESS-2023-2022.pdf,100,0.1250717377893815,4,0.1250717377893815,0.1250717377893815,0.1250717377893815,0.0515812847148891,6,0,
GES,GES-GUESS-2023-2022.pdf,101,0.1005750395115486,3,0.1005750395115486,0.1005750395115486,0.1005750395115486,0.0515812847148891,6,0,
GES,GES-GUESS-2023-2022.pdf,102,0.1391853134427401,5,0.1391853134427401,0.1391853134427401,0.1391853134427401,0.049034415149458,6,0,
GES,GES-GUESS-2023-2022.pdf,103,0.1188025203975507,4,0.1188025203975507,0.1188025203975507,0.1188025203975507,0.0500139803669314,6,0,
GES,GES-GUESS-2023-2022.pdf,106,0.0,0,0.0,0.0,0.0,0.0,0,0,
GES,GES-GUESS-2023-2022.pdf,108,0.0,0,0.0,0.0,0.0,0.0,0,0,
GES,GES-GUESS-2023-2022.pdf,109,0.0,0,0.0,0.0,0.0,0.0,0,0,
GES,GES-GUESS-2025.pdf,3,0.0,0,0.0,0.0,0.0,0.0,0,0,
GES,GES-GUESS-2025.pdf,4,0.0,0,0.0,0.0,0.0,0.0,0,0,
GES,GES-GUESS-2025.pdf,6,0.0,0,0.0,0.0,0.0,0.0,0,0,
GES,GES-GUESS-2025.pdf,11,0.0,0,0.0,0.0,0.0,0.0,0,0,
GES,GES-GUESS-2025.pdf,17,0.0,0,0.0,0.0,0.0,0.0,0,0,
GES,GES-GUESS-2025.pdf,19,0.0,0,0.0,0.0,0.0,0.0,0,0,
GES,GES-GUESS-2025.pdf,20,0.0,0,0.0,0.0,0.0,0.0,0,0,
GES,GES-GUESS-2025.pdf,22,0.0,0,0.0,0.0,0.0,0.0,0,0,
GES,GES-GUESS-2025.pdf,24,0.0,0,0.0,0.0,0.0,0.0,0,0,
GES,GES-GUESS-2025.pdf,28,0.0,0,0.0,0.0,0.0,0.0,0,0,
GES,GES-GUESS-2025.pdf,31,0.0,0,0.0,0.0,0.0,0.0,0,0,
GES,GES-GUESS-2025.pdf,32,0.0,0,0.0,0.0,0.0,0.0,0,0,
GES,GES-GUESS-2025.pdf,34,0.0,0,0.0,0.0,0.0,0.0,0,0,
GES,GES-GUESS-2025.pdf,35,0.0,0,0.0,0.0,0.0,0.0,0,0,
GES,GES-GUESS-2025.pdf,44,0.0,0,0.0,0.0,0.0,0.0,0,0,
GES,GES-GUESS-2025.pdf,45,0.0,0,0.0,0.0,0.0,0.0,0,0,
GES,GES-GUESS-2025.pdf,49,0.0,0,0.0,0.0,0.0,0.0,0,0,
GES,GES-GUESS-2025.pdf,50,0.0,0,0.0,0.0,0.0,0.0,0,0,
GES,GES-GUESS-2025.pdf,51,0.0,0,0.0,0.0,0.0,0.0,0,0,
GES,GES-GUESS-2025.pdf,52,0.0,0,0.0,0.0,0.0,0.0,0,0,
GES,GES-GUESS-2025.pdf,55,0.1564404389483066,1,0.1564404389483066,0.1564404389483066,0.1564404389483066,0.1564404389483066,20,0,
GES,GES-GUESS-2025.pdf,56,0.0,0,0.0,0.0,0.0,0.0,0,0,
GES,GES-GUESS-2025.pdf,57,0.0,0,0.0,0.0,0.0,0.0,0,0,
GES,GES-GUESS-2025.pdf,58,0.4362272269106624,5,0.4362272269106624,0.4362272269106624,0.4362272269106624,0.3409019109352305,27,0,
GES,GES-GUESS-2025.pdf,61,0.0002084135208079,1,0.0002084135208079,0.0002084135208079,0.0002084135208079,0.0002084135208079,2,0,
GES,GES-GUESS-2025.pdf,62,0.4246508085345334,4,0.4246508085345334,0.4246508085345334,0.4246508085345334,0.218407186284258,19,0,
GES,GES-GUESS-2025.pdf,63,0.6332801877840621,2,0.6332801877840621,0.6332801877840621,0.6332801877840621,0.3183699187264066,12,0,
GES,GES-GUESS-2025.pdf,64,0.7469779772179961,3,0.7469779772179961,0.7469779772179961,0.7469779772179961,0.3117015220470351,8,0,
GES,GES-GUESS-2025.pdf,66,0.7008143028738913,2,0.7008143028738913,0.7008143028738913,0.7008143028738913,0.3581345427658322,14,0,
GES,GES-GUESS-2025.pdf,67,0.7079439288312084,2,0.7079439288312084,0.7079439288312084,0.7079439288312084,0.3602068797488132,14,0,
GES,GES-GUESS-2025.pdf,68,0.7461682908261351,2,0.7461682908261351,0.7461682908261351,0.7461682908261351,0.378160147062537,12,0,
GES,GES-GUESS-2025.pdf,70,0.6657870632307656,2,0.6657870632307656,0.6657870632307656,0.6657870632307656,0.3444205270146935,8,0,
GES,GES-GUESS-2025.pdf,73,0.7262662275485244,2,0.7262662275485244,0.7262662275485244,0.7262662275485244,0.3679663590470265,7,0,
GES,GES-GUESS-2025.pdf,74,0.7336161190551089,2,0.7336161190551089,0.7336161190551089,0.7336161190551089,0.3690519875093613,6,0,
GES,GES-GUESS-2025.pdf,76,0.6886332934215315,2,0.6886332934215315,0.6886332934215315,0.6886332934215315,0.3443166467107657,7,0,
GES,GES-GUESS-2025.pdf,77,0.4678924091605392,2,0.4678924091605392,0.4678924091605392,0.4678924091605392,0.2947995864760967,7,0,
GES,GES-GUESS-2025.pdf,79,0.7258743513811419,2,0.7258743513811419,0.7258743513811419,0.7258743513811419,0.3721904545487968,8,0,
GES,GES-GUESS-2025.pdf,81,0.771554353252701,3,0.771554353252701,0.771554353252701,0.771554353252701,0.3640544746524913,8,0,
GES,GES-GUESS-2025.pdf,84,0.6605115522018851,2,0.6605115522018851,0.6605115522018851,0.6605115522018851,0.351260069798217,6,0,
GES,GES-GUESS-2025.pdf,87,0.6306018250620222,2,0.6306018250620222,0.6306018250620222,0.6306018250620222,0.3690840275597321,9,0,
GES,GES-GUESS-2025.pdf,88,0.5839610705183157,4,0.5839610705183157,0.5839610705183157,0.5839610705183157,0.3097702313647865,6,0,
GES,GES-GUESS-2025.pdf,90,0.598438801744312,3,0.598438801744312,0.598438801744312,0.598438801744312,0.3140514373328103,6,0,
GES,GES-GUESS-2025.pdf,91,1.0774565874489586,4,1.0774565874489586,1.0774565874489586,1.0774565874489586,0.3651198827394214,6,0,
GES,GES-GUESS-2025.pdf,93,0.6424961207593964,5,0.6424961207593964,0.6424961207593964,0.6424961207593964,0.3172565529435748,6,0,
GES,GES-GUESS-2025.pdf,94,0.9321254468912388,3,0.9321254468912388,0.9321254468912388,0.9321254468912388,0.3626260300889359,9,0,
GES,GES-GUESS-2025.pdf,96,0.6970769681621412,2,0.6970769681621412,0.6970769681621412,0.6970769681621412,0.3523602040754254,6,0,
GES,GES-GUESS-2025.pdf,97,0.6040093433857378,5,0.6040093433857378,0.6040093433857378,0.6040093433857378,0.3255049600553378,11,0,
GES,GES-GUESS-2025.pdf,103,0.0,0,0.0,0.0,0.0,0.0,0,0,
GES,GES-GUESS-2025.pdf,104,0.2427933590115078,2,0.2427933590115078,0.2427933590115078,0.2427933590115078,0.1746020123816575,48,0,
GES,GES-GUESS-2025.pdf,105,0.1355749923437588,1,0.1355749923437588,0.1355749923437588,0.1355749923437588,0.1355749923437588,36,0,
GES,GES-GUESS-2025.pdf,107,0.7087754921938255,2,0.7087754921938255,0.7087754921938255,0.7087754921938255,0.3590750934188957,9,0,
GES,GES-GUESS-2025.pdf,108,0.6895160437970906,2,0.6895160437970906,0.6895160437970906,0.6895160437970906,0.3609529346726559,9,0,
GES,GES-GUESS-2025.pdf,109,0.5635554588125802,3,0.5635554588125802,0.5635554588125802,0.5635554588125802,0.2965968568036574,11,0,
GIII,GII-G-III APPAREL GROUP LTD-2023.pdf,21,1.0,1,0.0,0.0,0.0,1.0,4,1,
GIII,GII-G-III APPAREL GROUP LTD-2023.pdf,22,0.999609375,1,0.0,0.0,0.0,0.999609375,4,1,
GIII,GII-G-III APPAREL GROUP LTD-2024.pdf,3,0.0,0,0.0,0.0,0.0,0.0,0,0,
GIII,GII-G-III APPAREL GROUP LTD-2024.pdf,17,0.5697372067693743,1,0.5697372067693743,0.5697372067693743,0.5697372067693743,0.5697372067693743,4,0,
GIII,GII-G-III APPAREL GROUP LTD-2024.pdf,33,0.0,0,0.0,0.0,0.0,0.0,0,0,
GIII,GII-G-III APPAREL GROUP LTD-2025.pdf,12,0.0178962695013678,2,0.0178962695013678,0.0178962695013678,0.0178962695013678,0.0098643407466639,2,0,
GIII,GII-G-III APPAREL GROUP LTD-2025.pdf,15,0.2908171257997968,1,0.2908171257997968,0.2908171257997968,0.2908171257997968,0.2908171257997968,4,0,
GIII,GII-G-III APPAREL GROUP LTD-2025.pdf,19,0.0,0,0.0,0.0,0.0,0.0,0,0,
GIII,GII-G-III APPAREL GROUP LTD-2025.pdf,24,0.0,0,0.0,0.0,0.0,0.0,0,0,
GO,GO-GROCERY OUTLET HLDNG CORP-2022.pdf,3,1.0,1,0.0,0.0,0.0,1.0,2,1,
GO,GO-GROCERY OUTLET HLDNG CORP-2022.pdf,8,0.0,0,0.0,0.0,0.0,0.0,0,0,
GO,GO-GROCERY OUTLET HLDNG CORP-2022.pdf,9,0.0,0,0.0,0.0,0.0,0.0,0,0,
GO,GO-GROCERY OUTLET HLDNG CORP-2022.pdf,11,1.0028253703703702,1,0.0,0.0,0.0,1.0028253703703702,3,1,
GO,GO-GROCERY OUTLET HLDNG CORP-2022.pdf,13,1.0,1,0.0,0.0,0.0,1.0,3,1,
GO,GO-GROCERY OUTLET HLDNG CORP-2022.pdf,14,0.6112095679012345,1,0.6112095679012345,0.6112095679012345,0.6112095679012345,0.6112095679012345,5,0,
GO,GO-GROCERY OUTLET HLDNG CORP-2022.pdf,16,1.0,1,1.0,1.0,1.0,1.0,5,0,
GO,GO-GROCERY OUTLET HLDNG CORP-2022.pdf,17,0.0,0,0.0,0.0,0.0,0.0,0,0,
GO,GO-GROCERY OUTLET HLDNG CORP-2022.pdf,18,0.0,0,0.0,0.0,0.0,0.0,0,0,
GO,GO-GROCERY OUTLET HLDNG CORP-2022.pdf,19,0.0,0,0.0,0.0,0.0,0.0,0,0,
GO,GO-GROCERY OUTLET HLDNG CORP-2022.pdf,20,1.0003345216049382,1,0.0,0.0,0.0,1.0003345216049382,3,1,
GO,GO-GROCERY OUTLET HLDNG CORP-2022.pdf,21,0.0,0,0.0,0.0,0.0,0.0,0,0,
GO,GO-GROCERY OUTLET HLDNG CORP-2022.pdf,22,1.4592598387135365,4,0.4592598387135362,0.4592598387135362,0.4592598387135362,1.0,2,1,
GO,GO-GROCERY OUTLET HLDNG CORP-2022.pdf,25,0.5498239466440543,1,0.5498239466440543,0.5498239466440543,0.5498239466440543,0.5498239466440543,41,0,
GO,GO-GROCERY OUTLET HLDNG CORP-2023.pdf,3,0.0153269515669515,1,0.0153269515669515,0.0153269515669515,0.0153269515669515,0.0153269515669515,2,0,
GO,GO-GROCERY OUTLET HLDNG CORP-2023.pdf,15,1.0153269515669516,2,0.0153269515669515,0.0153269515669515,0.0153269515669515,1.0,2,1,
GO,GO-GROCERY OUTLET HLDNG CORP-2023.pdf,16,1.0025437242798354,2,1.0025437242798354,1.0025437242798354,1.0025437242798354,0.9998770576131688,9,0,
GO,GO-GROCERY OUTLET HLDNG CORP-2023.pdf,25,0.5948910541310541,2,0.5948910541310541,0.5948910541310541,0.5948910541310541,0.5795641025641025,3,0,
GO,GO-GROCERY OUTLET HLDNG CORP-2023.pdf,27,1.0179934124723014,3,0.0179936182336182,0.0179936182336182,0.0179936182336182,0.9999997942386832,2,1,
GO,GO-GROCERY OUTLET HLDNG CORP-2023.pdf,30,0.471836923076923,2,0.471836923076923,0.471836923076923,0.471836923076923,0.4565099715099714,26,0,
GO,GO-GROCERY OUTLET HLDNG CORP-2023.pdf,31,0.6957990331196582,2,0.6957990331196582,0.6957990331196582,0.6957990331196582,0.6804720815527066,38,0,
GO,GO-GROCERY OUTLET HLDNG CORP-2023.pdf,32,0.58189781747916,3,0.58189781747916,0.58189781747916,0.58189781747916,0.2903995933576025,12,0,
GO,GO-GROCERY OUTLET HLDNG CORP-2023.pdf,34,0.4580600967254054,2,0.4580600967254054,0.4580600967254054,0.4580600967254054,0.4427331451584538,33,0,
GPI,GPI-GROUP 1 AUTOMOTIVE INC-2023.pdf,5,0.0,0,0.0,0.0,0.0,0.0,0,0,
GPI,GPI-GROUP 1 AUTOMOTIVE INC-2023.pdf,6,0.0,0,0.0,0.0,0.0,0.0,0,0,
GPI,GPI-GROUP 1 AUTOMOTIVE INC-2023.pdf,9,0.0,0,0.0,0.0,0.0,0.0,0,0,
GPI,GPI-GROUP 1 AUTOMOTIVE INC-2023.pdf,11,0.2194890521315586,1,0.2194890521315586,0.2194890521315586,0.2194890521315586,0.2194890521315586,6,0,
GPI,GPI-GROUP 1 AUTOMOTIVE INC-2023.pdf,13,0.0,0,0.0,0.0,0.0,0.0,0,0,
GPI,GPI-GROUP 1 AUTOMOTIVE INC-2023.pdf,14,0.0,0,0.0,0.0,0.0,0.0,0,0,
GPI,GPI-GROUP 1 AUTOMOTIVE INC-2023.pdf,17,0.0,0,0.0,0.0,0.0,0.0,0,0,
GPI,GPI-GROUP 1 AUTOMOTIVE INC-2023.pdf,18,0.2742526041666667,1,0.2742526041666667,0.2742526041666667,0.2742526041666667,0.2742526041666667,3,0,
GPI,GPI-GROUP 1 AUTOMOTIVE INC-2023.pdf,20,0.0985036241319444,1,0.0985036241319444,0.0985036241319444,0.0985036241319444,0.0985036241319444,48,0,
GPI,GPI-GROUP 1 AUTOMOTIVE INC-2023.pdf,22,0.0,0,0.0,0.0,0.0,0.0,0,0,
GPI,GPI-GROUP 1 AUTOMOTIVE INC-2023.pdf,26,0.0,0,0.0,0.0,0.0,0.0,0,0,
GPI,GPI-GROUP 1 AUTOMOTIVE INC-2023.pdf,29,0.1602834375,1,0.1602834375,0.1602834375,0.1602834375,0.1602834375,4,0,
GPI,GPI-GROUP 1 AUTOMOTIVE INC-2023.pdf,30,0.290389771412037,1,0.290389771412037,0.290389771412037,0.290389771412037,0.290389771412037,26,0,
GPI,GPI-GROUP 1 AUTOMOTIVE INC-2023.pdf,32,0.0,0,0.0,0.0,0.0,0.0,0,0,
GPI,GPI-GROUP 1 AUTOMOTIVE INC-2023.pdf,33,0.2197005626286008,2,0.2197005626286008,0.2197005626286008,0.2197005626286008,0.1939777662037037,4,0,
GPI,GPI-GROUP 1 AUTOMOTIVE INC-2023.pdf,35,0.0739233960262346,1,0.0739233960262346,0.0739233960262346,0.0739233960262346,0.0739233960262346,6,0,
GPI,GPI-GROUP 1 AUTOMOTIVE INC-2023.pdf,36,0.0,0,0.0,0.0,0.0,0.0,0,0,
GPI,GPI-GROUP 1 AUTOMOTIVE INC-2023.pdf,38,0.5324691203703703,1,0.5324691203703703,0.5324691203703703,0.5324691203703703,0.5324691203703703,25,0,
GPI,GPI-GROUP 1 AUTOMOTIVE INC-2023.pdf,39,0.5860262037037038,1,0.5860262037037038,0.5860262037037038,0.5860262037037038,0.5860262037037038,21,0,
GPI,GPI-GROUP 1 AUTOMOTIVE INC-2023.pdf,41,0.0642222222222221,1,0.0642222222222221,0.0642222222222221,0.0642222222222221,0.0642222222222221,6,0,
GPI,GPI-GROUP 1 AUTOMOTIVE INC-2023.pdf,44,0.0,0,0.0,0.0,0.0,0.0,0,0,
GROV,GROV-GROVE COLLABORATIVE HLDG INC-2022.pdf,3,0.999577586987301,1,0.0,0.0,0.0,0.999577586987301,2,1,
GROV,GROV-GROVE COLLABORATIVE HLDG INC-2022.pdf,4,0.9996469767294563,1,0.0,0.0,0.0,0.9996469767294563,2,1,
GROV,GROV-GROVE COLLABORATIVE HLDG INC-2022.pdf,5,0.9996469767294563,1,0.0,0.0,0.0,0.9996469767294563,2,1,
GROV,GROV-GROVE COLLABORATIVE HLDG INC-2022.pdf,7,0.9994283841978446,1,0.9994283841978446,0.9994283841978446,0.9994283841978446,0.9994283841978446,6,0,
GROV,GROV-GROVE COLLABORATIVE HLDG INC-2022.pdf,8,0.999577586987301,1,0.0,0.0,0.0,0.999577586987301,2,1,
GROV,GROV-GROVE COLLABORATIVE HLDG INC-2022.pdf,14,0.999577586987301,1,0.0,0.0,0.0,0.999577586987301,2,1,
GROV,GROV-GROVE COLLABORATIVE HLDG INC-2022.pdf,15,0.999577586987301,1,0.0,0.0,0.0,0.999577586987301,2,1,
GROV,GROV-GROVE COLLABORATIVE HLDG INC-2022.pdf,16,0.9992831992513316,1,0.0,0.0,0.0,0.9992831992513316,3,1,
GROV,GROV-GROVE COLLABORATIVE HLDG INC-2022.pdf,18,0.0,0,0.0,0.0,0.0,0.0,0,0,
GROV,GROV-GROVE COLLABORATIVE HLDG INC-2022.pdf,20,0.9994782393703816,1,0.0,0.0,0.0,0.9994782393703816,2,1,
GROV,GROV-GROVE COLLABORATIVE HLDG INC-2022.pdf,22,0.9992235393203744,1,0.0,0.0,0.0,0.9992235393203744,2,1,
GROV,GROV-GROVE COLLABORATIVE HLDG INC-2022.pdf,23,0.0,0,0.0,0.0,0.0,0.0,0,0,
GROV,GROV-GROVE COLLABORATIVE HLDG INC-2022.pdf,24,0.9997872001390192,1,0.0,0.0,0.0,0.9997872001390192,2,1,
GROV,GROV-GROVE COLLABORATIVE HLDG INC-2022.pdf,27,0.999605742765204,1,0.0,0.0,0.0,0.999605742765204,3,1,
GROV,GROV-GROVE COLLABORATIVE HLDG INC-2022.pdf,29,1.0056548449105267,1,1.0056548449105267,1.0056548449105267,1.0056548449105267,1.0056548449105267,6,0,
GROV,GROV-GROVE COLLABORATIVE HLDG INC-2022.pdf,31,0.99974682146789,1,0.0,0.0,0.0,0.99974682146789,2,1,
GROV,GROV-GROVE COLLABORATIVE HLDG INC-2022.pdf,35,0.9996865219003036,1,0.0,0.0,0.0,0.9996865219003036,3,1,
GROV,GROV-GROVE COLLABORATIVE HLDG INC-2022.pdf,38,0.9996441454734756,1,0.0,0.0,0.0,0.9996441454734756,2,1,
GROV,GROV-GROVE COLLABORATIVE HLDG INC-2022.pdf,39,1.2491987280207435,2,1.2491987280207435,1.2491987280207435,1.2491987280207435,0.9994394240411,5,0,
GROV,GROV-GROVE COLLABORATIVE HLDG INC-2022.pdf,44,0.999609952712781,1,0.0,0.0,0.0,0.999609952712781,3,1,
GROV,GROV-GROVE COLLABORATIVE HLDG INC-2022.pdf,50,0.999609952712781,1,0.0,0.0,0.0,0.999609952712781,3,1,
GROV,GROV-GROVE COLLABORATIVE HLDG INC-2022.pdf,56,0.999609952712781,1,0.0,0.0,0.0,0.999609952712781,3,1,
GROV,GROV-GROVE COLLABORATIVE HLDG INC-2022.pdf,65,0.999609952712781,1,0.0,0.0,0.0,0.999609952712781,3,1,
GROV,GROV-GROVE COLLABORATIVE HLDG INC-2025.pdf,4,0.0,0,0.0,0.0,0.0,0.0,0,0,
GROV,GROV-GROVE COLLABORATIVE HLDG INC-2025.pdf,5,0.0,0,0.0,0.0,0.0,0.0,0,0,
GROV,GROV-GROVE COLLABORATIVE HLDG INC-2025.pdf,8,0.0,0,0.0,0.0,0.0,0.0,0,0,
GROV,GROV-GROVE COLLABORATIVE HLDG INC-2025.pdf,10,0.050782974537037,3,0.050782974537037,0.050782974537037,0.050782974537037,0.0169276581790123,2,0,
GROV,GROV-GROVE COLLABORATIVE HLDG INC-2025.pdf,15,0.0,0,0.0,0.0,0.0,0.0,0,0,
GROV,GROV-GROVE COLLABORATIVE HLDG INC-2025.pdf,18,0.0,0,0.0,0.0,0.0,0.0,0,0,
GROV,GROV-GROVE COLLABORATIVE HLDG INC-2025.pdf,20,0.0,0,0.0,0.0,0.0,0.0,0,0,
GROV,GROV-GROVE COLLABORATIVE HLDG INC-2025.pdf,22,0.0,0,0.0,0.0,0.0,0.0,0,0,
GROV,GROV-GROVE COLLABORATIVE HLDG INC-2025.pdf,23,0.0,0,0.0,0.0,0.0,0.0,0,0,
GROV,GROV-GROVE COLLABORATIVE HLDG INC-2025.pdf,25,0.0,0,0.0,0.0,0.0,0.0,0,0,
GROV,GROV-GROVE COLLABORATIVE HLDG INC-2025.pdf,26,0.0,0,0.0,0.0,0.0,0.0,0,0,
GROV,GROV-GROVE COLLABORATIVE HLDG INC-2025.pdf,28,0.0,0,0.0,0.0,0.0,0.0,0,0,
GROV,GROV-GROVE COLLABORATIVE HLDG INC-2025.pdf,29,0.0,0,0.0,0.0,0.0,0.0,0,0,
GROV,GROV-GROVE COLLABORATIVE HLDG INC-2025.pdf,31,0.0,0,0.0,0.0,0.0,0.0,0,0,
GROV,GROV-GROVE COLLABORATIVE HLDG INC-2025.pdf,32,0.0,0,0.0,0.0,0.0,0.0,0,0,
GROV,GROV-GROVE COLLABORATIVE HLDG INC-2025.pdf,35,0.0,0,0.0,0.0,0.0,0.0,0,0,
GROV,GROV-GROVE COLLABORATIVE HLDG INC-2025.pdf,39,0.1850260416666666,1,0.1850260416666666,0.1850260416666666,0.1850260416666666,0.1850260416666666,42,0,
GROV,GROV-GROVE COLLABORATIVE HLDG INC-2025.pdf,40,0.0,0,0.0,0.0,0.0,0.0,0,0,
GROV,GROV-GROVE COLLABORATIVE HLDG INC-2025.pdf,43,0.0656876929012345,3,0.0656876929012345,0.0656876929012345,0.0656876929012345,0.0331766010802469,4,0,
GROV,GROV-GROVE COLLABORATIVE HLDG INC-2025.pdf,48,0.0331887152777777,1,0.0331887152777777,0.0331887152777777,0.0331887152777777,0.0331887152777777,8,0,
GROV,GROV-GROVE COLLABORATIVE HLDG INC-2025.pdf,49,0.0331983024691358,1,0.0331983024691358,0.0331983024691358,0.0331983024691358,0.0331983024691358,8,0,
GROV,GROV-GROVE COLLABORATIVE HLDG INC-2025.pdf,53,0.0497121141975308,1,0.0497121141975308,0.0497121141975308,0.0497121141975308,0.0497121141975308,2,0,
GROV,GROV-GROVE COLLABORATIVE HLDG INC-2025.pdf,54,0.049707200790895,1,0.049707200790895,0.049707200790895,0.049707200790895,0.049707200790895,2,0,
GROV,GROV-GROVE COLLABORATIVE HLDG INC-2025.pdf,55,0.0497121141975308,1,0.0497121141975308,0.0497121141975308,0.0497121141975308,0.0497121141975308,2,0,
GROV,GROV-GROVE COLLABORATIVE HLDG INC-2025.pdf,56,0.0663579089506172,2,0.0663579089506172,0.0663579089506172,0.0663579089506172,0.0331789544753086,2,0,
GROV,GROV-GROVE COLLABORATIVE HLDG INC-2025.pdf,60,0.0331983024691358,1,0.0331983024691358,0.0331983024691358,0.0331983024691358,0.0331983024691358,2,0,
GROV,GROV-GROVE COLLABORATIVE HLDG INC-2025.pdf,62,0.0333332754629629,1,0.0333332754629629,0.0333332754629629,0.0333332754629629,0.0333332754629629,5,0,
HD,HD-HOME DEPOT INC-2021.pdf,6,0.0140150631313131,1,0.0140150631313131,0.0140150631313131,0.0140150631313131,0.0140150631313131,2,0,
HD,HD-HOME DEPOT INC-2021.pdf,8,0.0139545454545454,1,0.0139545454545454,0.0139545454545454,0.0139545454545454,0.0139545454545454,2,0,
HD,HD-HOME DEPOT INC-2021.pdf,20,0.0139545454545454,1,0.0139545454545454,0.0139545454545454,0.0139545454545454,0.0139545454545454,2,0,
HD,HD-HOME DEPOT INC-2021.pdf,21,0.0,0,0.0,0.0,0.0,0.0,0,0,
HD,HD-HOME DEPOT INC-2021.pdf,26,0.0,0,0.0,0.0,0.0,0.0,0,0,
HD,HD-HOME DEPOT INC-2021.pdf,34,0.0,0,0.0,0.0,0.0,0.0,0,0,
HD,HD-HOME DEPOT INC-2021.pdf,35,0.2688171698603684,1,0.2688171698603684,0.2688171698603684,0.2688171698603684,0.2688171698603684,2,0,
HD,HD-HOME DEPOT INC-2021.pdf,36,0.0,0,0.0,0.0,0.0,0.0,0,0,
HD,HD-HOME DEPOT INC-2021.pdf,37,0.0,0,0.0,0.0,0.0,0.0,0,0,
HD,HD-HOME DEPOT INC-2021.pdf,38,0.0,0,0.0,0.0,0.0,0.0,0,0,
HD,HD-HOME DEPOT INC-2021.pdf,40,0.0139812688651218,2,0.0139812688651218,0.0139812688651218,0.0139812688651218,0.007250252822341,2,0,
HD,HD-HOME DEPOT INC-2021.pdf,42,0.0,0,0.0,0.0,0.0,0.0,0,0,
HD,HD-HOME DEPOT INC-2021.pdf,43,0.0,0,0.0,0.0,0.0,0.0,0,0,
HD,HD-HOME DEPOT INC-2021.pdf,44,0.0007748882769028,1,0.0007748882769028,0.0007748882769028,0.0007748882769028,0.0007748882769028,2,0,
HD,HD-HOME DEPOT INC-2021.pdf,46,0.0,0,0.0,0.0,0.0,0.0,0,0,
HD,HD-HOME DEPOT INC-2021.pdf,47,0.0,0,0.0,0.0,0.0,0.0,0,0,
HD,HD-HOME DEPOT INC-2021.pdf,48,0.0,0,0.0,0.0,0.0,0.0,0,0,
HD,HD-HOME DEPOT INC-2021.pdf,50,0.0,0,0.0,0.0,0.0,0.0,0,0,
HD,HD-HOME DEPOT INC-2021.pdf,52,0.0,0,0.0,0.0,0.0,0.0,0,0,
HD,HD-HOME DEPOT INC-2021.pdf,56,0.0,0,0.0,0.0,0.0,0.0,0,0,
HD,HD-HOME DEPOT INC-2021.pdf,58,0.0,0,0.0,0.0,0.0,0.0,0,0,
HD,HD-HOME DEPOT INC-2021.pdf,60,5.8411300505051256e-05,1,5.8411300505051256e-05,5.8411300505051256e-05,5.8411300505051256e-05,5.8411300505051256e-05,2,0,
HD,HD-HOME DEPOT INC-2021.pdf,62,0.0,0,0.0,0.0,0.0,0.0,0,0,
HD,HD-HOME DEPOT INC-2021.pdf,64,0.0,0,0.0,0.0,0.0,0.0,0,0,
HD,HD-HOME DEPOT INC-2021.pdf,66,0.0,0,0.0,0.0,0.0,0.0,0,0,
HD,HD-HOME DEPOT INC-2021.pdf,68,0.0,0,0.0,0.0,0.0,0.0,0,0,
HD,HD-HOME DEPOT INC-2021.pdf,70,0.0,0,0.0,0.0,0.0,0.0,0,0,
HD,HD-HOME DEPOT INC-2021.pdf,72,0.0731971298297517,1,0.0731971298297517,0.0731971298297517,0.0731971298297517,0.0731971298297517,2,0,
HD,HD-HOME DEPOT INC-2021.pdf,77,0.182613413547237,1,0.182613413547237,0.182613413547237,0.182613413547237,0.182613413547237,17,0,
HD,HD-HOME DEPOT INC-2021.pdf,78,0.0139545454545454,2,0.0139545454545454,0.0139545454545454,0.0139545454545454,0.0072235294117647,2,0,
HD,HD-HOME DEPOT INC-2021.pdf,80,0.0,0,0.0,0.0,0.0,0.0,0,0,
HD,HD-HOME DEPOT INC-2021.pdf,82,0.0,0,0.0,0.0,0.0,0.0,0,0,
HD,HD-HOME DEPOT INC-2021.pdf,89,0.0,0,0.0,0.0,0.0,0.0,0,0,
HD,HD-HOME DEPOT INC-2021.pdf,90,0.0,0,0.0,0.0,0.0,0.0,0,0,
HD,HD-HOME DEPOT INC-2021.pdf,92,0.0,0,0.0,0.0,0.0,0.0,0,0,
HD,HD-HOME DEPOT INC-2021.pdf,94,0.0,0,0.0,0.0,0.0,0.0,0,0,
HD,HD-HOME DEPOT INC-2021.pdf,97,0.0,0,0.0,0.0,0.0,0.0,0,0,
HD,HD-HOME DEPOT INC-2021.pdf,100,0.0,0,0.0,0.0,0.0,0.0,0,0,
HD,HD-HOME DEPOT INC-2021.pdf,101,0.0,0,0.0,0.0,0.0,0.0,0,0,
HD,HD-HOME DEPOT INC-2021.pdf,102,0.0,0,0.0,0.0,0.0,0.0,0,0,
HD,HD-HOME DEPOT INC-2021.pdf,104,0.116789598063973,1,0.116789598063973,0.116789598063973,0.116789598063973,0.116789598063973,3,0,
HD,HD-HOME DEPOT INC-2021.pdf,108,0.0,0,0.0,0.0,0.0,0.0,0,0,
HD,HD-HOME DEPOT INC-2021.pdf,110,0.0142828877005347,2,0.0142828877005347,0.0142828877005347,0.0142828877005347,0.007551871657754,2,0,
HD,HD-HOME DEPOT INC-2021.pdf,112,0.4609552330194303,1,0.4609552330194303,0.4609552330194303,0.4609552330194303,0.4609552330194303,3,0,
HD,HD-HOME DEPOT INC-2021.pdf,115,0.0,0,0.0,0.0,0.0,0.0,0,0,
HD,HD-HOME DEPOT INC-2021.pdf,118,0.0,0,0.0,0.0,0.0,0.0,0,0,
HD,HD-HOME DEPOT INC-2021.pdf,119,0.0,0,0.0,0.0,0.0,0.0,0,0,
HD,HD-HOME DEPOT INC-2021.pdf,120,0.0,0,0.0,0.0,0.0,0.0,0,0,
HD,HD-HOME DEPOT INC-2021.pdf,124,0.0,0,0.0,0.0,0.0,0.0,0,0,
HD,HD-HOME DEPOT INC-2021.pdf,126,0.0,0,0.0,0.0,0.0,0.0,0,0,
HD,HD-HOME DEPOT INC-2021.pdf,128,0.0,0,0.0,0.0,0.0,0.0,0,0,
HD,HD-HOME DEPOT INC-2021.pdf,129,0.5319227940557535,1,0.5319227940557535,0.5319227940557535,0.5319227940557535,0.5319227940557535,2,0,
HD,HD-HOME DEPOT INC-2021.pdf,130,0.0,0,0.0,0.0,0.0,0.0,0,0,
HD,HD-HOME DEPOT INC-2021.pdf,132,0.0,0,0.0,0.0,0.0,0.0,0,0,
HD,HD-HOME DEPOT INC-2021.pdf,136,0.5394577540106952,1,0.5394577540106952,0.5394577540106952,0.5394577540106952,0.5394577540106952,61,0,
HD,HD-HOME DEPOT INC-2021.pdf,137,0.6592503865183289,1,0.6592503865183289,0.6592503865183289,0.6592503865183289,0.6592503865183289,56,0,
HD,HD-HOME DEPOT INC-2021.pdf,138,0.6585969901613004,1,0.6585969901613004,0.6585969901613004,0.6585969901613004,0.6585969901613004,81,0,
HD,HD-HOME DEPOT INC-2021.pdf,139,0.6574527351696408,1,0.6574527351696408,0.6574527351696408,0.6574527351696408,0.6574527351696408,91,0,
HD,HD-HOME DEPOT INC-2021.pdf,140,0.6501000867222374,1,0.6501000867222374,0.6501000867222374,0.6501000867222374,0.6501000867222374,78,0,
HD,HD-HOME DEPOT INC-2021.pdf,141,0.6516348254157329,1,0.6516348254157329,0.6516348254157329,0.6516348254157329,0.6516348254157329,76,0,
HD,HD-HOME DEPOT INC-2021.pdf,142,0.6500364905944782,1,0.6500364905944782,0.6500364905944782,0.6500364905944782,0.6500364905944782,81,0,
HD,HD-HOME DEPOT INC-2021.pdf,145,0.4583615051660394,1,0.4583615051660394,0.4583615051660394,0.4583615051660394,0.4583615051660394,33,0,
HD,HD-HOME DEPOT INC-2021.pdf,147,0.6141783952849832,1,0.6141783952849832,0.6141783952849832,0.6141783952849832,0.6141783952849832,59,0,
HD,HD-HOME DEPOT INC-2024.pdf,3,0.0,0,0.0,0.0,0.0,0.0,0,0,
HD,HD-HOME DEPOT INC-2024.pdf,4,0.0,0,0.0,0.0,0.0,0.0,0,0,
HD,HD-HOME DEPOT INC-2024.pdf,7,0.0056377730796335,8,0.0056377730796335,0.0056377730796335,0.0056377730796335,0.0007047216349541,2,0,
HD,HD-HOME DEPOT INC-2024.pdf,13,0.2945222574583039,3,0.2945222574583039,0.2945222574583039,0.2945222574583039,0.2516027523294965,25,0,
HD,HD-HOME DEPOT INC-2024.pdf,15,0.0011654092825324,1,0.0011654092825324,0.0011654092825324,0.0011654092825324,0.0011654092825324,2,0,
HD,HD-HOME DEPOT INC-2024.pdf,16,0.6882487667371389,1,0.6882487667371389,0.6882487667371389,0.6882487667371389,0.6882487667371389,28,0,
HD,HD-HOME DEPOT INC-2024.pdf,18,0.0235895384452477,1,0.0235895384452477,0.0235895384452477,0.0235895384452477,0.0235895384452477,8,0,
HD,HD-HOME DEPOT INC-2024.pdf,19,0.0064893117218698,2,0.0064893117218698,0.0064893117218698,0.0064893117218698,0.0032446558609349,2,0,
HD,HD-HOME DEPOT INC-2024.pdf,20,0.4069179935498389,1,0.4069179935498389,0.4069179935498389,0.4069179935498389,0.4069179935498389,17,0,
HD,HD-HOME DEPOT INC-2024.pdf,21,0.0,0,0.0,0.0,0.0,0.0,0,0,
HD,HD-HOME DEPOT INC-2024.pdf,26,0.0029975138986766,2,0.0029975138986766,0.0029975138986766,0.0029975138986766,0.0014987569493383,2,0,
HD,HD-HOME DEPOT INC-2024.pdf,27,0.0,0,0.0,0.0,0.0,0.0,0,0,
HD,HD-HOME DEPOT INC-2024.pdf,32,0.0,0,0.0,0.0,0.0,0.0,0,0,
HD,HD-HOME DEPOT INC-2024.pdf,33,0.0028139901926239,1,0.0028139901926239,0.0028139901926239,0.0028139901926239,0.0028139901926239,2,0,
HD,HD-HOME DEPOT INC-2024.pdf,34,0.0684289601440763,1,0.0684289601440763,0.0684289601440763,0.0684289601440763,0.0684289601440763,5,0,
HD,HD-HOME DEPOT INC-2024.pdf,35,0.0,0,0.0,0.0,0.0,0.0,0,0,
HD,HD-HOME DEPOT INC-2024.pdf,36,0.0046797921071176,2,0.0046797921071176,0.0046797921071176,0.0046797921071176,0.00318225863284,2,0,
HD,HD-HOME DEPOT INC-2024.pdf,37,0.0032972652885443,1,0.0032972652885443,0.0032972652885443,0.0032972652885443,0.0032972652885443,2,0,
HD,HD-HOME DEPOT INC-2024.pdf,38,0.0049489566204682,2,0.0049489566204682,0.0049489566204682,0.0049489566204682,0.00318225863284,2,0,
HD,HD-HOME DEPOT INC-2024.pdf,39,0.0,0,0.0,0.0,0.0,0.0,0,0,
HD,HD-HOME DEPOT INC-2024.pdf,40,0.0017654745125675,1,0.0017654745125675,0.0017654745125675,0.0017654745125675,0.0017654745125675,2,0,
HD,HD-HOME DEPOT INC-2024.pdf,41,0.0,0,0.0,0.0,0.0,0.0,0,0,
HD,HD-HOME DEPOT INC-2024.pdf,44,0.0064893117218698,2,0.0064893117218698,0.0064893117218698,0.0064893117218698,0.0032446558609349,2,0,
HD,HD-HOME DEPOT INC-2024.pdf,45,0.0135756792733536,1,0.0135756792733536,0.0135756792733536,0.0135756792733536,0.0135756792733536,3,0,
HD,HD-HOME DEPOT INC-2024.pdf,46,0.0034991386735572,1,0.0034991386735572,0.0034991386735572,0.0034991386735572,0.0034991386735572,2,0,
HD,HD-HOME DEPOT INC-2024.pdf,47,0.0,0,0.0,0.0,0.0,0.0,0,0,
HD,HD-HOME DEPOT INC-2024.pdf,51,0.0,0,0.0,0.0,0.0,0.0,0,0,
HD,HD-HOME DEPOT INC-2024.pdf,52,0.0588489057239057,1,0.0588489057239057,0.0588489057239057,0.0588489057239057,0.0588489057239057,4,0,
HD,HD-HOME DEPOT INC-2024.pdf,53,0.0035333959752564,2,0.0035333959752564,0.0035333959752564,0.0035333959752564,0.0017666979876282,2,0,
HD,HD-HOME DEPOT INC-2024.pdf,55,0.0031810351577793,1,0.0031810351577793,0.0031810351577793,0.0031810351577793,0.0031810351577793,2,0,
HD,HD-HOME DEPOT INC-2024.pdf,59,0.0098000352360817,1,0.0098000352360817,0.0098000352360817,0.0098000352360817,0.0098000352360817,4,0,
HD,HD-HOME DEPOT INC-2024.pdf,60,0.0,0,0.0,0.0,0.0,0.0,0,0,
HD,HD-HOME DEPOT INC-2024.pdf,62,0.081692128930501,2,0.081692128930501,0.081692128930501,0.081692128930501,0.0787148897614013,12,0,
HD,HD-HOME DEPOT INC-2024.pdf,63,0.0400626908621094,1,0.0400626908621094,0.0400626908621094,0.0400626908621094,0.0400626908621094,6,0,
HD,HD-HOME DEPOT INC-2024.pdf,64,0.0049536055157518,2,0.0049536055157518,0.0049536055157518,0.0049536055157518,0.00318225863284,2,0,
HD,HD-HOME DEPOT INC-2024.pdf,65,0.0599013389711064,1,0.0599013389711064,0.0599013389711064,0.0599013389711064,0.0599013389711064,8,0,
HD,HD-HOME DEPOT INC-2024.pdf,67,0.0798464294103828,2,0.0798464294103828,0.0798464294103828,0.0798464294103828,0.0781262234750606,5,0,
HD,HD-HOME DEPOT INC-2024.pdf,68,0.0,0,0.0,0.0,0.0,0.0,0,0,
HD,HD-HOME DEPOT INC-2024.pdf,69,0.0028078752642706,1,0.0028078752642706,0.0028078752642706,0.0028078752642706,0.0028078752642706,4,0,
HD,HD-HOME DEPOT INC-2024.pdf,71,0.006616553128181,2,0.006616553128181,0.006616553128181,0.006616553128181,0.0033082765640905,2,0,
HD,HD-HOME DEPOT INC-2024.pdf,72,0.0033082765640905,1,0.0033082765640905,0.0033082765640905,0.0033082765640905,0.0033082765640905,2,0,
HD,HD-HOME DEPOT INC-2024.pdf,76,0.00470181465821,1,0.00470181465821,0.00470181465821,0.00470181465821,0.00470181465821,2,0,
HD,HD-HOME DEPOT INC-2024.pdf,78,0.0102014626182148,3,0.0102014626182148,0.0102014626182148,0.0102014626182148,0.0035480776759846,2,0,
HD,HD-HOME DEPOT INC-2024.pdf,79,0.0018131900399342,1,0.0018131900399342,0.0018131900399342,0.0018131900399342,0.0018131900399342,2,0,
HD,HD-HOME DEPOT INC-2024.pdf,80,0.0,0,0.0,0.0,0.0,0.0,0,0,
HD,HD-HOME DEPOT INC-2024.pdf,81,0.0,0,0.0,0.0,0.0,0.0,0,0,
HD,HD-HOME DEPOT INC-2024.pdf,84,0.0,0,0.0,0.0,0.0,0.0,0,0,
HD,HD-HOME DEPOT INC-2024.pdf,85,0.0059803460966251,2,0.0059803460966251,0.0059803460966251,0.0059803460966251,0.0029901730483125,3,0,
HD,HD-HOME DEPOT INC-2024.pdf,86,0.0,0,0.0,0.0,0.0,0.0,0,0,
HD,HD-HOME DEPOT INC-2024.pdf,87,0.4644727311878475,2,0.4644727311878475,0.4644727311878475,0.4644727311878475,0.4627060332002192,7,0,
HD,HD-HOME DEPOT INC-2024.pdf,88,0.0,0,0.0,0.0,0.0,0.0,0,0,
HD,HD-HOME DEPOT INC-2024.pdf,89,0.0,0,0.0,0.0,0.0,0.0,0,0,
HD,HD-HOME DEPOT INC-2024.pdf,91,0.0,0,0.0,0.0,0.0,0.0,0,0,
HD,HD-HOME DEPOT INC-2024.pdf,92,0.0,0,0.0,0.0,0.0,0.0,0,0,
HD,HD-HOME DEPOT INC-2024.pdf,93,0.0,0,0.0,0.0,0.0,0.0,0,0,
HD,HD-HOME DEPOT INC-2024.pdf,98,0.0876497533474277,2,0.0876497533474277,0.0876497533474277,0.0876497533474277,0.0744362226920366,2,0,
HD,HD-HOME DEPOT INC-2024.pdf,99,0.0,0,0.0,0.0,0.0,0.0,0,0,
HD,HD-HOME DEPOT INC-2024.pdf,100,0.0,0,0.0,0.0,0.0,0.0,0,0,
HD,HD-HOME DEPOT INC-2024.pdf,101,0.0653531438415159,1,0.0653531438415159,0.0653531438415159,0.0653531438415159,0.0653531438415159,4,0,
HD,HD-HOME DEPOT INC-2024.pdf,102,0.0,0,0.0,0.0,0.0,0.0,0,0,
HD,HD-HOME DEPOT INC-2024.pdf,103,0.0,0,0.0,0.0,0.0,0.0,0,0,
HD,HD-HOME DEPOT INC-2024.pdf,104,0.0,0,0.0,0.0,0.0,0.0,0,0,
HD,HD-HOME DEPOT INC-2024.pdf,106,0.0258104298801972,1,0.0258104298801972,0.0258104298801972,0.0258104298801972,0.0258104298801972,4,0,
HD,HD-HOME DEPOT INC-2024.pdf,110,0.0229421651417775,3,0.0229421651417775,0.0229421651417775,0.0229421651417775,0.008106933979027,2,0,
HVT,HVT-HAVERTY FURNITURE-2024.pdf,2,0.0185801109992146,4,0.0185801109992146,0.0185801109992146,0.0185801109992146,0.0177556818181818,4,0,
HVT,HVT-HAVERTY FURNITURE-2024.pdf,3,0.0008244291810328,3,0.0008244291810328,0.0008244291810328,0.0008244291810328,0.0002756165747824,2,0,
HVT,HVT-HAVERTY FURNITURE-2024.pdf,6,0.0465806052366557,5,0.0465806052366557,0.0465806052366557,0.0465806052366557,0.0285418954248366,2,0,
KMX,KMX-CARMAX INC-2025.pdf,4,0.0629629629629629,1,0.0629629629629629,0.0629629629629629,0.0629629629629629,0.0629629629629629,15,0,
KMX,KMX-CARMAX INC-2025.pdf,9,0.0629629629629629,1,0.0629629629629629,0.0629629629629629,0.0629629629629629,0.0629629629629629,15,0,
KMX,KMX-CARMAX INC-2025.pdf,10,0.0629629629629629,1,0.0629629629629629,0.0629629629629629,0.0629629629629629,0.0629629629629629,15,0,
KMX,KMX-CARMAX INC-2025.pdf,14,0.0629629629629629,1,0.0629629629629629,0.0629629629629629,0.0629629629629629,0.0629629629629629,15,0,
KMX,KMX-CARMAX INC-2025.pdf,16,0.0629629629629629,1,0.0629629629629629,0.0629629629629629,0.0629629629629629,0.0629629629629629,15,0,
KMX,KMX-CARMAX INC-2025.pdf,18,0.0629629629629629,1,0.0629629629629629,0.0629629629629629,0.0629629629629629,0.0629629629629629,15,0,
KMX,KMX-CARMAX INC-2025.pdf,21,0.2021228780864197,2,0.2021228780864197,0.2021228780864197,0.2021228780864197,0.1391599151234568,30,0,
KMX,KMX-CARMAX INC-2025.pdf,23,0.0629629629629629,1,0.0629629629629629,0.0629629629629629,0.0629629629629629,0.0629629629629629,15,0,
KMX,KMX-CARMAX INC-2025.pdf,25,0.0629629629629629,1,0.0629629629629629,0.0629629629629629,0.0629629629629629,0.0629629629629629,15,0,
KMX,KMX-CARMAX INC-2025.pdf,29,0.0629629629629629,1,0.0629629629629629,0.0629629629629629,0.0629629629629629,0.0629629629629629,15,0,
KMX,KMX-CARMAX INC-2025.pdf,32,0.0629629629629629,1,0.0629629629629629,0.0629629629629629,0.0629629629629629,0.0629629629629629,15,0,
KMX,KMX-CARMAX INC-2025.pdf,33,0.0629629629629629,1,0.0629629629629629,0.0629629629629629,0.0629629629629629,0.0629629629629629,15,0,
KMX,KMX-CARMAX INC-2025.pdf,35,0.0629629629629629,1,0.0629629629629629,0.0629629629629629,0.0629629629629629,0.0629629629629629,15,0,
KMX,KMX-CARMAX INC-2025.pdf,36,0.0629629629629629,1,0.0629629629629629,0.0629629629629629,0.0629629629629629,0.0629629629629629,15,0,
KMX,KMX-CARMAX INC-2025.pdf,39,0.4522497971342111,2,0.4522497971342111,0.4522497971342111,0.4522497971342111,0.3892868341712481,13,0,
KMX,KMX-CARMAX INC-2025.pdf,40,0.4324232972547743,2,0.4324232972547743,0.4324232972547743,0.4324232972547743,0.3694603342918113,26,0,
KMX,KMX-CARMAX INC-2025.pdf,42,0.4759528923611111,2,0.4759528923611111,0.4759528923611111,0.4759528923611111,0.4129899293981482,15,0,
KMX,KMX-CARMAX INC-2025.pdf,44,0.0629629629629629,1,0.0629629629629629,0.0629629629629629,0.0629629629629629,0.0629629629629629,15,0,
KMX,KMX-CARMAX INC-2026.pdf,3,0.0,0,0.0,0.0,0.0,0.0,0,0,
KMX,KMX-CARMAX INC-2026.pdf,4,0.0,0,0.0,0.0,0.0,0.0,0,0,
KMX,KMX-CARMAX INC-2026.pdf,7,0.0006612922209201,1,0.0006612922209201,0.0006612922209201,0.0006612922209201,0.0006612922209201,2,0,
KMX,KMX-CARMAX INC-2026.pdf,10,0.5238545735677084,1,0.5238545735677084,0.5238545735677084,0.5238545735677084,0.5238545735677084,16,0,
KR,KR-KROGER CO-2022.pdf,3,0.0,0,0.0,0.0,0.0,0.0,0,0,
KR,KR-KROGER CO-2022.pdf,8,0.0463315376103823,1,0.0463315376103823,0.0463315376103823,0.0463315376103823,0.0463315376103823,2,0,
KR,KR-KROGER CO-2022.pdf,9,0.0,0,0.0,0.0,0.0,0.0,0,0,
KR,KR-KROGER CO-2022.pdf,10,0.0232437615204904,1,0.0232437615204904,0.0232437615204904,0.0232437615204904,0.0232437615204904,2,0,
KR,KR-KROGER CO-2022.pdf,16,0.4290375587966312,1,0.4290375587966312,0.4290375587966312,0.4290375587966312,0.4290375587966312,9,0,
KR,KR-KROGER CO-2022.pdf,18,0.6049270467591252,3,0.6049270467591252,0.6049270467591252,0.6049270467591252,0.4807511773679966,4,0,
KR,KR-KROGER CO-2022.pdf,19,0.1153968020210422,1,0.1153968020210422,0.1153968020210422,0.1153968020210422,0.1153968020210422,2,0,
KR,KR-KROGER CO-2022.pdf,20,0.0,0,0.0,0.0,0.0,0.0,0,0,
KR,KR-KROGER CO-2022.pdf,21,0.0,0,0.0,0.0,0.0,0.0,0,0,
KR,KR-KROGER CO-2022.pdf,22,0.0,0,0.0,0.0,0.0,0.0,0,0,
KR,KR-KROGER CO-2022.pdf,24,0.1845186934544859,1,0.1845186934544859,0.1845186934544859,0.1845186934544859,0.1845186934544859,2,0,
KR,KR-KROGER CO-2022.pdf,25,0.5211573666242015,2,0.5211573666242015,0.5211573666242015,0.5211573666242015,0.4644145414396057,2,0,
KR,KR-KROGER CO-2022.pdf,26,0.0,0,0.0,0.0,0.0,0.0,0,0,
KR,KR-KROGER CO-2022.pdf,27,0.1718996004801097,1,0.1718996004801097,0.1718996004801097,0.1718996004801097,0.1718996004801097,3,0,
KR,KR-KROGER CO-2022.pdf,32,0.0,0,0.0,0.0,0.0,0.0,0,0,
KR,KR-KROGER CO-2022.pdf,33,0.0,0,0.0,0.0,0.0,0.0,0,0,
KR,KR-KROGER CO-2022.pdf,36,0.4039164063669464,1,0.4039164063669464,0.4039164063669464,0.4039164063669464,0.4039164063669464,2,0,
KR,KR-KROGER CO-2022.pdf,38,0.0,0,0.0,0.0,0.0,0.0,0,0,
KR,KR-KROGER CO-2022.pdf,39,0.1178186822595164,1,0.1178186822595164,0.1178186822595164,0.1178186822595164,0.1178186822595164,2,0,
KR,KR-KROGER CO-2022.pdf,42,0.0778683362677094,2,0.0778683362677094,0.0778683362677094,0.0778683362677094,0.0391194436893164,10,0,
KR,KR-KROGER CO-2022.pdf,45,0.0801019720132458,1,0.0801019720132458,0.0801019720132458,0.0801019720132458,0.0801019720132458,2,0,
KR,KR-KROGER CO-2022.pdf,46,0.0,0,0.0,0.0,0.0,0.0,0,0,
KR,KR-KROGER CO-2022.pdf,48,0.0,0,0.0,0.0,0.0,0.0,0,0,
KR,KR-KROGER CO-2022.pdf,52,0.0,0,0.0,0.0,0.0,0.0,0,0,
KR,KR-KROGER CO-2022.pdf,53,0.0,0,0.0,0.0,0.0,0.0,0,0,
KR,KR-KROGER CO-2022.pdf,55,0.1812243867233045,1,0.1812243867233045,0.1812243867233045,0.1812243867233045,0.1812243867233045,2,0,
KR,KR-KROGER CO-2022.pdf,56,0.0,0,0.0,0.0,0.0,0.0,0,0,
KR,KR-KROGER CO-2022.pdf,57,0.1930977327480321,1,0.1930977327480321,0.1930977327480321,0.1930977327480321,0.1930977327480321,15,0,
KR,KR-KROGER CO-2022.pdf,58,0.0,0,0.0,0.0,0.0,0.0,0,0,
KR,KR-KROGER CO-2022.pdf,60,0.0,0,0.0,0.0,0.0,0.0,0,0,
KR,KR-KROGER CO-2022.pdf,61,0.1974481465165251,1,0.1974481465165251,0.1974481465165251,0.1974481465165251,0.1974481465165251,2,0,
KR,KR-KROGER CO-2022.pdf,62,0.0,0,0.0,0.0,0.0,0.0,0,0,
KR,KR-KROGER CO-2022.pdf,63,0.5037905523959673,1,0.5037905523959673,0.5037905523959673,0.5037905523959673,0.5037905523959673,21,0,
KR,KR-KROGER CO-2022.pdf,64,0.7189438440724667,1,0.7189438440724667,0.7189438440724667,0.7189438440724667,0.7189438440724667,23,0,
KR,KR-KROGER CO-2022.pdf,65,0.6158443117559013,1,0.6158443117559013,0.6158443117559013,0.6158443117559013,0.6158443117559013,29,0,
KR,KR-KROGER CO-2022.pdf,67,0.2906063988538451,1,0.2906063988538451,0.2906063988538451,0.2906063988538451,0.2906063988538451,30,0,
KR,KR-KROGER CO-2022.pdf,68,0.353168864399115,5,0.353168864399115,0.353168864399115,0.353168864399115,0.1212809855996357,40,0,
KR,KR-KROGER CO-2024.pdf,3,0.0,0,0.0,0.0,0.0,0.0,0,0,
KR,KR-KROGER CO-2024.pdf,8,0.0,0,0.0,0.0,0.0,0.0,0,0,
KR,KR-KROGER CO-2024.pdf,10,0.0676176767039608,1,0.0676176767039608,0.0676176767039608,0.0676176767039608,0.0676176767039608,3,0,
KR,KR-KROGER CO-2024.pdf,11,0.0122586258881494,2,0.0122586258881494,0.0122586258881494,0.0122586258881494,0.0070421479190779,2,0,
KR,KR-KROGER CO-2024.pdf,13,0.0,0,0.0,0.0,0.0,0.0,0,0,
KR,KR-KROGER CO-2024.pdf,15,0.4258160237251773,2,0.4258160237251773,0.4258160237251773,0.4258160237251773,0.2239264590074159,30,0,
KR,KR-KROGER CO-2024.pdf,16,0.5106893886525847,1,0.5106893886525847,0.5106893886525847,0.5106893886525847,0.5106893886525847,9,0,
KR,KR-KROGER CO-2024.pdf,22,0.0,0,0.0,0.0,0.0,0.0,0,0,
KR,KR-KROGER CO-2024.pdf,23,0.0,0,0.0,0.0,0.0,0.0,0,0,
KR,KR-KROGER CO-2024.pdf,24,0.0,0,0.0,0.0,0.0,0.0,0,0,
KR,KR-KROGER CO-2024.pdf,25,0.1511085846089246,4,0.1511085846089246,0.1511085846089246,0.1511085846089246,0.0904410175298997,30,0,
KR,KR-KROGER CO-2024.pdf,26,0.0,0,0.0,0.0,0.0,0.0,0,0,
KR,KR-KROGER CO-2024.pdf,28,0.0,0,0.0,0.0,0.0,0.0,0,0,
KR,KR-KROGER CO-2024.pdf,30,0.0,0,0.0,0.0,0.0,0.0,0,0,
KR,KR-KROGER CO-2024.pdf,32,0.1228423235111186,1,0.1228423235111186,0.1228423235111186,0.1228423235111186,0.1228423235111186,42,0,
KR,KR-KROGER CO-2024.pdf,34,0.0,0,0.0,0.0,0.0,0.0,0,0,
KR,KR-KROGER CO-2024.pdf,38,0.0709194217442558,2,0.0709194217442558,0.0709194217442558,0.0709194217442558,0.0438186214363506,9,0,
KR,KR-KROGER CO-2024.pdf,39,0.0,0,0.0,0.0,0.0,0.0,0,0,
KR,KR-KROGER CO-2024.pdf,41,0.0,0,0.0,0.0,0.0,0.0,0,0,
KR,KR-KROGER CO-2024.pdf,44,0.0732148010506694,10,0.0732148010506694,0.0732148010506694,0.0732148010506694,0.0209954336865836,8,0,
KR,KR-KROGER CO-2024.pdf,45,0.0,0,0.0,0.0,0.0,0.0,0,0,
KR,KR-KROGER CO-2024.pdf,53,0.0014963903677983,1,0.0014963903677983,0.0014963903677983,0.0014963903677983,0.0014963903677983,2,0,
KR,KR-KROGER CO-2024.pdf,55,0.0,0,0.0,0.0,0.0,0.0,0,0,
KR,KR-KROGER CO-2024.pdf,56,0.0,0,0.0,0.0,0.0,0.0,0,0,
KR,KR-KROGER CO-2024.pdf,57,0.0,0,0.0,0.0,0.0,0.0,0,0,
KR,KR-KROGER CO-2024.pdf,58,0.0,0,0.0,0.0,0.0,0.0,0,0,
KR,KR-KROGER CO-2024.pdf,59,0.0,0,0.0,0.0,0.0,0.0,0,0,
KR,KR-KROGER CO-2024.pdf,60,0.0014963903677983,1,0.0014963903677983,0.0014963903677983,0.0014963903677983,0.0014963903677983,2,0,
KR,KR-KROGER CO-2024.pdf,61,0.0,0,0.0,0.0,0.0,0.0,0,0,
KR,KR-KROGER CO-2024.pdf,62,0.0,0,0.0,0.0,0.0,0.0,0,0,
KR,KR-KROGER CO-2024.pdf,63,0.0,0,0.0,0.0,0.0,0.0,0,0,
KR,KR-KROGER CO-2024.pdf,64,0.0052950370553447,2,0.0052950370553447,0.0052950370553447,0.0052950370553447,0.0028230453009795,2,0,
KR,KR-KROGER CO-2024.pdf,65,0.0,0,0.0,0.0,0.0,0.0,0,0,
KR,KR-KROGER CO-2024.pdf,68,0.4870407845491815,1,0.4870407845491815,0.4870407845491815,0.4870407845491815,0.4870407845491815,95,0,
KR,KR-KROGER CO-2024.pdf,74,0.5654328278163387,1,0.5654328278163387,0.5654328278163387,0.5654328278163387,0.5654328278163387,29,0,
KR,KR-KROGER CO-2024.pdf,76,0.2855182035670653,1,0.2855182035670653,0.2855182035670653,0.2855182035670653,0.2855182035670653,30,0,
KR,KR-KROGER CO-2024.pdf,77,0.3683622020250716,5,0.3683622020250716,0.3683622020250716,0.3683622020250716,0.1212489700638235,40,0,
KR,KR-KROGER CO-2024.pdf,78,0.0,0,0.0,0.0,0.0,0.0,0,0,
KR,KR-KROGER CO-2025.pdf,8,0.0676176767039608,1,0.0676176767039608,0.0676176767039608,0.0676176767039608,0.0676176767039608,3,0,
KR,KR-KROGER CO-2025.pdf,9,0.0196739214583869,2,0.0196739214583869,0.0196739214583869,0.0196739214583869,0.0110025765148105,2,0,
KR,KR-KROGER CO-2025.pdf,11,0.0,0,0.0,0.0,0.0,0.0,0,0,
KR,KR-KROGER CO-2025.pdf,13,0.3952550807901248,2,0.3952550807901248,0.3952550807901248,0.3952550807901248,0.2019776724194436,19,0,
KR,KR-KROGER CO-2025.pdf,14,0.4833918746431326,1,0.4833918746431326,0.4833918746431326,0.4833918746431326,0.4833918746431326,9,0,
KR,KR-KROGER CO-2025.pdf,19,0.0,0,0.0,0.0,0.0,0.0,0,0,
KR,KR-KROGER CO-2025.pdf,20,0.0,0,0.0,0.0,0.0,0.0,0,0,
KR,KR-KROGER CO-2025.pdf,21,0.0,0,0.0,0.0,0.0,0.0,0,0,
KR,KR-KROGER CO-2025.pdf,22,0.1510050599073618,4,0.1510050599073618,0.1510050599073618,0.1510050599073618,0.0904227633029848,30,0,
KR,KR-KROGER CO-2025.pdf,23,0.0,0,0.0,0.0,0.0,0.0,0,0,
KR,KR-KROGER CO-2025.pdf,24,0.0008255898276748,1,0.0008255898276748,0.0008255898276748,0.0008255898276748,0.0008255898276748,2,0,
KR,KR-KROGER CO-2025.pdf,25,0.0,0,0.0,0.0,0.0,0.0,0,0,
KR,KR-KROGER CO-2025.pdf,26,0.0,0,0.0,0.0,0.0,0.0,0,0,
KR,KR-KROGER CO-2025.pdf,27,0.0,0,0.0,0.0,0.0,0.0,0,0,
KR,KR-KROGER CO-2025.pdf,31,0.0,0,0.0,0.0,0.0,0.0,0,0,
KR,KR-KROGER CO-2025.pdf,36,0.0,0,0.0,0.0,0.0,0.0,0,0,
KR,KR-KROGER CO-2025.pdf,37,0.0,0,0.0,0.0,0.0,0.0,0,0,
KR,KR-KROGER CO-2025.pdf,40,0.0458912103889371,2,0.0458912103889371,0.0458912103889371,0.0458912103889371,0.0304641443960181,8,0,
KR,KR-KROGER CO-2025.pdf,41,0.0,0,0.0,0.0,0.0,0.0,0,0,
KR,KR-KROGER CO-2025.pdf,42,0.2659928864026063,1,0.2659928864026063,0.2659928864026063,0.2659928864026063,0.2659928864026063,18,0,
KR,KR-KROGER CO-2025.pdf,45,0.0,0,0.0,0.0,0.0,0.0,0,0,
KR,KR-KROGER CO-2025.pdf,48,0.0014963903677983,1,0.0014963903677983,0.0014963903677983,0.0014963903677983,0.0014963903677983,2,0,
KR,KR-KROGER CO-2025.pdf,50,0.0,0,0.0,0.0,0.0,0.0,0,0,
KR,KR-KROGER CO-2025.pdf,51,0.0,0,0.0,0.0,0.0,0.0,0,0,
KR,KR-KROGER CO-2025.pdf,53,0.0,0,0.0,0.0,0.0,0.0,0,0,
KR,KR-KROGER CO-2025.pdf,54,0.0,0,0.0,0.0,0.0,0.0,0,0,
KR,KR-KROGER CO-2025.pdf,55,0.0014963903677983,1,0.0014963903677983,0.0014963903677983,0.0014963903677983,0.0014963903677983,2,0,
KR,KR-KROGER CO-2025.pdf,56,0.0,0,0.0,0.0,0.0,0.0,0,0,
KR,KR-KROGER CO-2025.pdf,57,0.0,0,0.0,0.0,0.0,0.0,0,0,
KR,KR-KROGER CO-2025.pdf,59,0.0,0,0.0,0.0,0.0,0.0,0,0,
KR,KR-KROGER CO-2025.pdf,61,0.4873761892448185,1,0.4873761892448185,0.4873761892448185,0.4873761892448185,0.4873761892448185,89,0,
KR,KR-KROGER CO-2025.pdf,67,0.5654328278163387,1,0.5654328278163387,0.5654328278163387,0.5654328278163387,0.5654328278163387,29,0,
KR,KR-KROGER CO-2025.pdf,69,0.2855182035670653,1,0.2855182035670653,0.2855182035670653,0.2855182035670653,0.2855182035670653,30,0,
KR,KR-KROGER CO-2025.pdf,71,0.0,0,0.0,0.0,0.0,0.0,0,0,
KSS,KSS-KOHL'S CORP-2021.pdf,3,0.0,0,0.0,0.0,0.0,0.0,0,0,
KSS,KSS-KOHL'S CORP-2021.pdf,11,0.2096939725578221,2,0.2096939725578221,0.2096939725578221,0.2096939725578221,0.1099921491824563,2,0,
KSS,KSS-KOHL'S CORP-2021.pdf,13,0.7181958108106037,2,0.7181958108106037,0.7181958108106037,0.7181958108106037,0.5339330065359478,3,0,
KSS,KSS-KOHL'S CORP-2021.pdf,18,1.0,1,0.0,0.0,0.0,1.0,3,1,
KSS,KSS-KOHL'S CORP-2021.pdf,21,0.0,0,0.0,0.0,0.0,0.0,0,0,
KSS,KSS-KOHL'S CORP-2021.pdf,24,0.2856765802427872,5,0.2856765802427872,0.2856765802427872,0.2856765802427872,0.1166379877203406,2,0,
KSS,KSS-KOHL'S CORP-2021.pdf,27,0.0,0,0.0,0.0,0.0,0.0,0,0,
KSS,KSS-KOHL'S CORP-2021.pdf,34,0.0,0,0.0,0.0,0.0,0.0,0,0,
KSS,KSS-KOHL'S CORP-2021.pdf,41,0.1780983086419753,2,0.1780983086419753,0.1780983086419753,0.1780983086419753,0.1016048344556678,2,0,
KSS,KSS-KOHL'S CORP-2021.pdf,47,0.0,0,0.0,0.0,0.0,0.0,0,0,
KSS,KSS-KOHL'S CORP-2021.pdf,57,0.0,0,0.0,0.0,0.0,0.0,0,0,
KSS,KSS-KOHL'S CORP-2021.pdf,59,0.0,0,0.0,0.0,0.0,0.0,0,0,
KSS,KSS-KOHL'S CORP-2021.pdf,65,0.0,0,0.0,0.0,0.0,0.0,0,0,
KSS,KSS-KOHL'S CORP-2021.pdf,67,0.0,0,0.0,0.0,0.0,0.0,0,0,
KSS,KSS-KOHL'S CORP-2021.pdf,71,0.0,0,0.0,0.0,0.0,0.0,0,0,
KSS,KSS-KOHL'S CORP-2021.pdf,74,0.0,0,0.0,0.0,0.0,0.0,0,0,
KSS,KSS-KOHL'S CORP-2021.pdf,77,0.0,0,0.0,0.0,0.0,0.0,0,0,
KSS,KSS-KOHL'S CORP-2021.pdf,81,0.0,0,0.0,0.0,0.0,0.0,0,0,
KTB,KTB-KONTOOR BRANDS INC-2023.pdf,2,0.0,0,0.0,0.0,0.0,0.0,0,0,
KTB,KTB-KONTOOR BRANDS INC-2023.pdf,3,0.0126777826581964,2,0.0126777826581964,0.0126777826581964,0.0126777826581964,0.0110948227718241,6,0,
KTB,KTB-KONTOOR BRANDS INC-2023.pdf,4,0.0455184100465808,1,0.0455184100465808,0.0455184100465808,0.0455184100465808,0.0455184100465808,5,0,
KTB,KTB-KONTOOR BRANDS INC-2023.pdf,6,0.0019200458157606,1,0.0019200458157606,0.0019200458157606,0.0019200458157606,0.0019200458157606,3,0,
KTB,KTB-KONTOOR BRANDS INC-2023.pdf,7,0.1982321597294881,4,0.1982321597294881,0.1982321597294881,0.1982321597294881,0.0919884654150172,4,0,
KTB,KTB-KONTOOR BRANDS INC-2023.pdf,8,0.1271979663546315,2,0.1271979663546315,0.1271979663546315,0.1271979663546315,0.0874119425858948,4,0,
KTB,KTB-KONTOOR BRANDS INC-2023.pdf,11,0.0889711412301532,1,0.0889711412301532,0.0889711412301532,0.0889711412301532,0.0889711412301532,4,0,
KTB,KTB-KONTOOR BRANDS INC-2023.pdf,12,0.0435782678330248,1,0.0435782678330248,0.0435782678330248,0.0435782678330248,0.0435782678330248,5,0,
KTB,KTB-KONTOOR BRANDS INC-2023.pdf,13,0.1550149223491389,3,0.1550149223491389,0.1550149223491389,0.1550149223491389,0.0557704131462082,2,0,
KTB,KTB-KONTOOR BRANDS INC-2023.pdf,14,0.0,0,0.0,0.0,0.0,0.0,0,0,
KTB,KTB-KONTOOR BRANDS INC-2023.pdf,15,0.0019346124020685,1,0.0019346124020685,0.0019346124020685,0.0019346124020685,0.0019346124020685,3,0,
KTB,KTB-KONTOOR BRANDS INC-2023.pdf,16,0.0,0,0.0,0.0,0.0,0.0,0,0,
KTB,KTB-KONTOOR BRANDS INC-2023.pdf,22,0.0455256095402739,1,0.0455256095402739,0.0455256095402739,0.0455256095402739,0.0455256095402739,4,0,
KTB,KTB-KONTOOR BRANDS INC-2023.pdf,23,0.0,0,0.0,0.0,0.0,0.0,0,0,
LAD,LAD-LITHIA MOTORS INC -CL A-2023.pdf,2,0.2859842477914355,1,0.2859842477914355,0.2859842477914355,0.2859842477914355,0.2859842477914355,6,0,
LAD,LAD-LITHIA MOTORS INC -CL A-2023.pdf,5,0.1696195176024955,2,0.1696195176024955,0.1696195176024955,0.1696195176024955,0.1572644373885917,4,0,
LAD,LAD-LITHIA MOTORS INC -CL A-2023.pdf,7,0.1495550790998217,2,0.1495550790998217,0.1495550790998217,0.1495550790998217,0.1384663090463458,4,0,
LAD,LAD-LITHIA MOTORS INC -CL A-2023.pdf,8,0.1490250560754604,2,0.1490250560754604,0.1490250560754604,0.1490250560754604,0.1379362860219845,4,0,
LAD,LAD-LITHIA MOTORS INC -CL A-2023.pdf,9,0.1683532074420677,2,0.1683532074420677,0.1683532074420677,0.1683532074420677,0.1572644373885917,4,0,
LAD,LAD-LITHIA MOTORS INC -CL A-2023.pdf,11,0.1687497642253485,3,0.1687497642253485,0.1687497642253485,0.1687497642253485,0.1572644373885917,4,0,
LAD,LAD-LITHIA MOTORS INC -CL A-2023.pdf,12,0.0,0,0.0,0.0,0.0,0.0,0,0,
LAD,LAD-LITHIA MOTORS INC -CL A-2023.pdf,13,0.1683532074420677,2,0.1683532074420677,0.1683532074420677,0.1683532074420677,0.1572644373885917,4,0,
LE,LE-Lands End-2024.pdf,3,0.0,0,0.0,0.0,0.0,0.0,0,0,
LE,LE-Lands End-2024.pdf,4,0.9305729269822408,1,0.0,0.0,0.9305729269822408,0.9305729269822408,3,1,
LE,LE-Lands End-2024.pdf,7,0.5050996542402126,1,0.5050996542402126,0.5050996542402126,0.5050996542402126,0.5050996542402126,8,0,
LE,LE-Lands End-2024.pdf,12,0.0,0,0.0,0.0,0.0,0.0,0,0,
LE,LE-Lands End-2024.pdf,16,0.0,0,0.0,0.0,0.0,0.0,0,0,
LE,LE-Lands End-2024.pdf,17,0.0,0,0.0,0.0,0.0,0.0,0,0,
LE,LE-Lands End-2024.pdf,19,0.0,0,0.0,0.0,0.0,0.0,0,0,
LE,LE-Lands End-2024.pdf,23,0.5712669181924431,1,0.5712669181924431,0.5712669181924431,0.5712669181924431,0.5712669181924431,7,0,
LE,LE-Lands End-2024.pdf,25,0.0,0,0.0,0.0,0.0,0.0,0,0,
LE,LE-Lands End-2024.pdf,26,0.0,0,0.0,0.0,0.0,0.0,0,0,
LE,LE-Lands End-2024.pdf,29,0.4924374332912458,1,0.4924374332912458,0.4924374332912458,0.4924374332912458,0.4924374332912458,9,0,
LE,LE-Lands End-2024.pdf,30,0.6303547337662339,1,0.6303547337662339,0.6303547337662339,0.6303547337662339,0.6303547337662339,5,0,
LE,LE-Lands End-2024.pdf,31,0.0,0,0.0,0.0,0.0,0.0,0,0,
LE,LE-Lands End-2024.pdf,41,0.0,0,0.0,0.0,0.0,0.0,0,0,
LE,LE-Lands End-2024.pdf,50,0.694123815004383,7,0.694123815004383,0.694123815004383,0.694123815004383,0.4893697531215834,25,0,
LE,LE-Lands End-2024.pdf,51,0.6626955572588523,1,0.6626955572588523,0.6626955572588523,0.6626955572588523,0.6626955572588523,57,0,
LE,LE-Lands End-2024.pdf,52,0.7007923476702652,5,0.7007923476702652,0.7007923476702652,0.7007923476702652,0.6548096127820654,112,0,
LE,LE-Lands End-2024.pdf,53,0.7698016768994016,9,0.7698016768994016,0.7698016768994016,0.7698016768994016,0.6532558875628776,62,0,
LE,LE-Lands End-2024.pdf,56,0.6604582499062034,6,0.6604582499062034,0.6604582499062034,0.6604582499062034,0.620746677946747,46,0,
LESL,LESL-LESLIE'S INC-2021.pdf,4,1.0,1,1.0,1.0,1.0,1.0,8,0,
LESL,LESL-LESLIE'S INC-2021.pdf,15,0.1958591670844474,2,0.1958591670844474,0.1958591670844474,0.1958591670844474,0.1818181818181818,3,0,
LESL,LESL-LESLIE'S INC-2021.pdf,17,0.3358444104739971,10,0.3358444104739971,0.3358444104739971,0.3358444104739971,0.1818181818181818,3,0,
LESL,LESL-LESLIE'S INC-2021.pdf,22,0.6505882352941176,1,0.6505882352941176,0.6505882352941176,0.6505882352941176,0.6505882352941176,6,0,
LESL,LESL-LESLIE'S INC-2021.pdf,28,1.0,1,1.0,1.0,1.0,1.0,5,0,
LESL,LESL-LESLIE'S INC-2021.pdf,32,0.2198335434565654,4,0.2198335434565654,0.2198335434565654,0.2198335434565654,0.1818181818181818,3,0,
LESL,LESL-LESLIE'S INC-2021.pdf,37,0.1818181818181818,1,0.1818181818181818,0.1818181818181818,0.1818181818181818,0.1818181818181818,3,0,
LESL,LESL-LESLIE'S INC-2021.pdf,38,0.5581818181818181,1,0.5581818181818181,0.5581818181818181,0.5581818181818181,0.5581818181818181,4,0,
LESL,LESL-LESLIE'S INC-2022.pdf,7,0.0,0,0.0,0.0,0.0,0.0,0,0,
LESL,LESL-LESLIE'S INC-2022.pdf,11,0.0,0,0.0,0.0,0.0,0.0,0,0,
LESL,LESL-LESLIE'S INC-2022.pdf,15,0.6695295046134122,1,0.6695295046134122,0.6695295046134122,0.6695295046134122,0.6695295046134122,28,0,
LEVI,LEVI-LEVI STRAUSS & CO-2022.pdf,3,0.0,0,0.0,0.0,0.0,0.0,0,0,
LEVI,LEVI-LEVI STRAUSS & CO-2022.pdf,7,0.0,0,0.0,0.0,0.0,0.0,0,0,
LEVI,LEVI-LEVI STRAUSS & CO-2022.pdf,14,0.0,0,0.0,0.0,0.0,0.0,0,0,
LEVI,LEVI-LEVI STRAUSS & CO-2022.pdf,17,0.0,0,0.0,0.0,0.0,0.0,0,0,
LOW,LOW-LOWE'S COS INC-2023.pdf,3,0.0047056250865839,1,0.0047056250865839,0.0047056250865839,0.0047056250865839,0.0047056250865839,2,0,
LOW,LOW-LOWE'S COS INC-2023.pdf,11,1.4955310951508185,2,1.4955310951508185,1.4955310951508185,1.4955310951508185,0.9991269337072648,6,0,
LOW,LOW-LOWE'S COS INC-2023.pdf,13,0.3202082550788963,2,0.3202082550788963,0.3202082550788963,0.3202082550788963,0.31425929512911,3,0,
LOW,LOW-LOWE'S COS INC-2023.pdf,14,0.018215803982545,2,0.018215803982545,0.018215803982545,0.018215803982545,0.0122788583091402,2,0,
LOW,LOW-LOWE'S COS INC-2023.pdf,16,0.1268099105082407,2,0.1268099105082407,0.1268099105082407,0.1268099105082407,0.120860949440547,7,0,
LOW,LOW-LOWE'S COS INC-2023.pdf,18,0.3724304445882513,2,0.3724304445882513,0.3724304445882513,0.3724304445882513,0.3664814845679012,2,0,
LOW,LOW-LOWE'S COS INC-2023.pdf,19,0.3425926421240034,1,0.3425926421240034,0.3425926421240034,0.3425926421240034,0.3425926421240034,5,0,
LOW,LOW-LOWE'S COS INC-2023.pdf,20,0.3896879946314323,2,0.3896879946314323,0.3896879946314323,0.3896879946314323,0.3837390379981492,5,0,
LOW,LOW-LOWE'S COS INC-2023.pdf,21,0.0059489598792223,1,0.0059489598792223,0.0059489598792223,0.0059489598792223,0.0059489598792223,2,0,
LOW,LOW-LOWE'S COS INC-2023.pdf,22,0.5201248862448868,2,0.5201248862448868,0.5201248862448868,0.5201248862448868,0.5141759269301757,12,0,
LOW,LOW-LOWE'S COS INC-2023.pdf,23,0.0059489598792223,1,0.0059489598792223,0.0059489598792223,0.0059489598792223,0.0059489598792223,2,0,
LOW,LOW-LOWE'S COS INC-2023.pdf,26,0.2875351738402992,2,0.2875351738402992,0.2875351738402992,0.2875351738402992,0.2833950648148148,2,0,
LOW,LOW-LOWE'S COS INC-2023.pdf,30,0.4165872067497332,3,0.4165872067497332,0.4165872067497332,0.4165872067497332,0.3164197683788056,2,0,
LOW,LOW-LOWE'S COS INC-2023.pdf,31,0.1625858564545916,3,0.1625858564545916,0.1625858564545916,0.1625858564545916,0.1120272278236177,8,0,
LOW,LOW-LOWE'S COS INC-2023.pdf,35,0.3880615705605924,3,0.3880615705605924,0.3880615705605924,0.3880615705605924,0.3444444444444444,2,0,
LOW,LOW-LOWE'S COS INC-2023.pdf,36,0.0041703241435156,1,0.0041703241435156,0.0041703241435156,0.0041703241435156,0.0041703241435156,2,0,
LOW,LOW-LOWE'S COS INC-2023.pdf,37,0.527097156304488,3,0.527097156304488,0.527097156304488,0.527097156304488,0.4589454758642781,5,0,
LOW,LOW-LOWE'S COS INC-2023.pdf,39,1.0968838332910504,4,0.0968838538350328,0.0968838538350328,0.0968838538350328,0.9999999794560176,3,1,
LOW,LOW-LOWE'S COS INC-2023.pdf,40,1.197942603837287,3,0.1979426454557297,0.1979426454557297,0.1979426454557297,0.9999999583815572,3,1,
LOW,LOW-LOWE'S COS INC-2023.pdf,41,0.2898365705605924,2,0.2898365705605924,0.2898365705605924,0.2898365705605924,0.2855555555555555,2,0,
LOW,LOW-LOWE'S COS INC-2023.pdf,43,0.3797168644608996,2,0.3797168644608996,0.3797168644608996,0.3797168644608996,0.2560515143003098,7,0,
LOW,LOW-LOWE'S COS INC-2023.pdf,48,0.8095900982264422,2,0.8095900982264422,0.8095900982264422,0.8095900982264422,0.8079758341554392,27,0,
LOW,LOW-LOWE'S COS INC-2023.pdf,49,0.5647613524665259,2,0.5647613524665259,0.5647613524665259,0.5647613524665259,0.5631471279563959,13,0,
LOW,LOW-LOWE'S COS INC-2023.pdf,51,0.8074086317789972,2,0.8074086317789972,0.8074086317789972,0.8074086317789972,0.805794367482123,15,0,
LOW,LOW-LOWE'S COS INC-2023.pdf,52,0.6620216529939797,2,0.6620216529939797,0.6620216529939797,0.6620216529939797,0.6604065605024614,16,0,
LOW,LOW-LOWE'S COS INC-2023.pdf,54,0.8073076036463879,2,0.8073076036463879,0.8073076036463879,0.8073076036463879,0.8057216482094485,22,0,
LOW,LOW-LOWE'S COS INC-2023.pdf,56,0.3287037037037037,1,0.3287037037037037,0.3287037037037037,0.3287037037037037,0.3287037037037037,6,0,
LOW,LOW-LOWE'S COS INC-2023.pdf,57,0.4798410962028789,6,0.4798410962028789,0.4798410962028789,0.4798410962028789,0.1539152903063925,11,0,
LOW,LOW-LOWE'S COS INC-2023.pdf,58,0.0830655279638857,6,0.0830655279638857,0.0830655279638857,0.0830655279638857,0.0212304579495402,4,0,
LZB,LZB-LA-Z-BOY INC-2021.pdf,13,0.0,0,0.0,0.0,0.0,0.0,0,0,
LZB,LZB-LA-Z-BOY INC-2021.pdf,14,0.0751254228287894,5,0.0751254228287894,0.0751254228287894,0.0751254228287894,0.0150250845657578,3,0,
LZB,LZB-LA-Z-BOY INC-2021.pdf,24,0.0042509876005043,1,0.0042509876005043,0.0042509876005043,0.0042509876005043,0.0042509876005043,3,0,
LZB,LZB-LA-Z-BOY INC-2021.pdf,26,0.0375301709587191,1,0.0375301709587191,0.0375301709587191,0.0375301709587191,0.0375301709587191,3,0,
LZB,LZB-LA-Z-BOY INC-2021.pdf,27,0.0,0,0.0,0.0,0.0,0.0,0,0,
LZB,LZB-LA-Z-BOY INC-2021.pdf,28,0.1364453340321313,6,0.1364453340321313,0.1364453340321313,0.1364453340321313,0.0473468885573398,4,0,
LZB,LZB-LA-Z-BOY INC-2021.pdf,29,0.0,0,0.0,0.0,0.0,0.0,0,0,
MELI,MELI-MERCADOLIBRE-2021.pdf,2,0.0,0,0.0,0.0,0.0,0.0,0,0,
MELI,MELI-MERCADOLIBRE-2021.pdf,4,0.0,0,0.0,0.0,0.0,0.0,0,0,
MELI,MELI-MERCADOLIBRE-2021.pdf,6,0.0,0,0.0,0.0,0.0,0.0,0,0,
MELI,MELI-MERCADOLIBRE-2021.pdf,11,0.0,0,0.0,0.0,0.0,0.0,0,0,
MELI,MELI-MERCADOLIBRE-2021.pdf,16,0.0,0,0.0,0.0,0.0,0.0,0,0,
MELI,MELI-MERCADOLIBRE-2021.pdf,18,1.0,1,0.0,0.0,0.0,1.0,2,1,
MELI,MELI-MERCADOLIBRE-2021.pdf,19,0.0,0,0.0,0.0,0.0,0.0,0,0,
MELI,MELI-MERCADOLIBRE-2021.pdf,21,0.0,0,0.0,0.0,0.0,0.0,0,0,
MELI,MELI-MERCADOLIBRE-2021.pdf,25,0.0,0,0.0,0.0,0.0,0.0,0,0,
MELI,MELI-MERCADOLIBRE-2021.pdf,27,0.0,0,0.0,0.0,0.0,0.0,0,0,
MHK,MHK-MOHAWK INDUSTRIES INC-2021.pdf,3,0.0,0,0.0,0.0,0.0,0.0,0,0,
MHK,MHK-MOHAWK INDUSTRIES INC-2021.pdf,5,0.0,0,0.0,0.0,0.0,0.0,0,0,
MHK,MHK-MOHAWK INDUSTRIES INC-2021.pdf,9,0.0,0,0.0,0.0,0.0,0.0,0,0,
MHK,MHK-MOHAWK INDUSTRIES INC-2021.pdf,10,0.4696081108474253,2,0.4696081108474253,0.4696081108474253,0.4696081108474253,0.2367782738095237,8,0,
MHK,MHK-MOHAWK INDUSTRIES INC-2021.pdf,12,0.0,0,0.0,0.0,0.0,0.0,0,0,
MHK,MHK-MOHAWK INDUSTRIES INC-2021.pdf,13,0.0,0,0.0,0.0,0.0,0.0,0,0,
MHK,MHK-MOHAWK INDUSTRIES INC-2021.pdf,15,0.0,0,0.0,0.0,0.0,0.0,0,0,
MHK,MHK-MOHAWK INDUSTRIES INC-2021.pdf,21,0.0,0,0.0,0.0,0.0,0.0,0,0,
MHK,MHK-MOHAWK INDUSTRIES INC-2021.pdf,25,1.2213900274317224,1,1.2213900274317224,1.2213900274317224,1.2213900274317224,1.2213900274317224,7,0,
MHK,MHK-MOHAWK INDUSTRIES INC-2021.pdf,28,0.0,0,0.0,0.0,0.0,0.0,0,0,
MHK,MHK-MOHAWK INDUSTRIES INC-2021.pdf,29,1.2325224901960783,2,0.1569159663865546,0.1569159663865546,0.1569159663865546,1.0756065238095238,3,1,
MHK,MHK-MOHAWK INDUSTRIES INC-2021.pdf,42,0.0624163051672131,2,0.0624163051672131,0.0624163051672131,0.0624163051672131,0.0431286015044907,2,0,
MHK,MHK-MOHAWK INDUSTRIES INC-2021.pdf,45,0.0434217932506336,1,0.0434217932506336,0.0434217932506336,0.0434217932506336,0.0434217932506336,2,0,
MHK,MHK-MOHAWK INDUSTRIES INC-2021.pdf,46,0.0,0,0.0,0.0,0.0,0.0,0,0,
MHK,MHK-MOHAWK INDUSTRIES INC-2021.pdf,47,0.0444470309106099,1,0.0444470309106099,0.0444470309106099,0.0444470309106099,0.0444470309106099,2,0,
MHK,MHK-MOHAWK INDUSTRIES INC-2021.pdf,57,0.3186918213215682,3,0.3186918213215682,0.3186918213215682,0.3186918213215682,0.1744455984535092,12,0,
MHK,MHK-MOHAWK INDUSTRIES INC-2021.pdf,58,0.3732862908840695,4,0.3732862908840695,0.3732862908840695,0.3732862908840695,0.10985480732826,5,0,
MHK,MHK-MOHAWK INDUSTRIES INC-2021.pdf,59,0.2797547392993755,3,0.2797547392993755,0.2797547392993755,0.2797547392993755,0.125658786865665,8,0,
MHK,MHK-MOHAWK INDUSTRIES INC-2021.pdf,60,0.2652176520624092,3,0.2652176520624092,0.2652176520624092,0.2652176520624092,0.0965846261951177,6,0,
MHK,MHK-MOHAWK INDUSTRIES INC-2021.pdf,62,0.4895165559137611,2,0.4895165559137611,0.4895165559137611,0.4895165559137611,0.3732194416181997,5,0,
MHK,MHK-MOHAWK INDUSTRIES INC-2021.pdf,63,0.3671670725787316,3,0.3671670725787316,0.3671670725787316,0.3671670725787316,0.2109657134180586,7,0,
MHK,MHK-MOHAWK INDUSTRIES INC-2021.pdf,64,0.2945064057894831,4,0.2945064057894831,0.2945064057894831,0.2945064057894831,0.0807977524791666,4,0,
MHK,MHK-MOHAWK INDUSTRIES INC-2021.pdf,66,0.4470525856681408,2,0.4470525856681408,0.4470525856681408,0.4470525856681408,0.3782348565836056,16,0,
MHK,MHK-MOHAWK INDUSTRIES INC-2021.pdf,68,0.2334116683714381,3,0.2334116683714381,0.2334116683714381,0.2334116683714381,0.0823271519024275,3,0,
MOV,MOV-MOVADO GROUP INC-2021.pdf,16,0.1347265151663696,1,0.1347265151663696,0.1347265151663696,0.1347265151663696,0.1347265151663696,2,0,
MOV,MOV-MOVADO GROUP INC-2021.pdf,32,0.1347265151663696,1,0.1347265151663696,0.1347265151663696,0.1347265151663696,0.1347265151663696,2,0,
MOV,MOV-MOVADO GROUP INC-2021.pdf,67,0.1345429169142404,1,0.1345429169142404,0.1345429169142404,0.1345429169142404,0.1345429169142404,2,0,
MOV,MOV-MOVADO GROUP INC-2021.pdf,90,0.1345429169142404,1,0.1345429169142404,0.1345429169142404,0.1345429169142404,0.1345429169142404,2,0,
PSMT,PSMT-PRICESMART INC-2021.pdf,6,0.0,0,0.0,0.0,0.0,0.0,0,0,
PSMT,PSMT-PRICESMART INC-2021.pdf,7,0.0,0,0.0,0.0,0.0,0.0,0,0,
PSMT,PSMT-PRICESMART INC-2021.pdf,8,0.0,0,0.0,0.0,0.0,0.0,0,0,
PSMT,PSMT-PRICESMART INC-2021.pdf,16,0.0045640313302856,2,0.0045640313302856,0.0045640313302856,0.0045640313302856,0.0024757195009067,3,0,
PSMT,PSMT-PRICESMART INC-2021.pdf,18,0.0084602456267946,2,0.0084602456267946,0.0084602456267946,0.0084602456267946,0.0058553902353785,5,0,
PSMT,PSMT-PRICESMART INC-2021.pdf,30,0.0032322098461664,1,0.0032322098461664,0.0032322098461664,0.0032322098461664,0.0032322098461664,4,0,
PSMT,PSMT-PRICESMART INC-2021.pdf,47,0.0145974439989121,1,0.0145974439989121,0.0145974439989121,0.0145974439989121,0.0145974439989121,6,0,
PSMT,PSMT-PRICESMART INC-2021.pdf,54,0.0033390851688831,1,0.0033390851688831,0.0033390851688831,0.0033390851688831,0.0033390851688831,2,0,
PSMT,PSMT-PRICESMART INC-2021.pdf,62,0.0130121443327004,3,0.0130121443327004,0.0130121443327004,0.0130121443327004,0.0072599890177919,7,0,
PSMT,PSMT-PRICESMART INC-2021.pdf,64,0.1388056285286075,2,0.1388056285286075,0.1388056285286075,0.1388056285286075,0.1361431416340556,20,0,
PSMT,PSMT-PRICESMART INC-2021.pdf,70,0.0,0,0.0,0.0,0.0,0.0,0,0,
PSMT,PSMT-PRICESMART INC-2021.pdf,75,0.0028520583818195,1,0.0028520583818195,0.0028520583818195,0.0028520583818195,0.0028520583818195,3,0,
PSMT,PSMT-PRICESMART INC-2021.pdf,80,0.6617806257364144,1,0.6617806257364144,0.6617806257364144,0.6617806257364144,0.6617806257364144,75,0,
PSMT,PSMT-PRICESMART INC-2022.pdf,3,0.7348141432456936,1,0.7348141432456936,0.7348141432456936,0.7348141432456936,0.7348141432456936,2,0,
PSMT,PSMT-PRICESMART INC-2022.pdf,4,0.0,0,0.0,0.0,0.0,0.0,0,0,
PSMT,PSMT-PRICESMART INC-2022.pdf,5,0.1944696282864914,1,0.1944696282864914,0.1944696282864914,0.1944696282864914,0.1944696282864914,2,0,
PSMT,PSMT-PRICESMART INC-2022.pdf,10,0.0,0,0.0,0.0,0.0,0.0,0,0,
PSMT,PSMT-PRICESMART INC-2022.pdf,12,0.6296493357840289,2,0.6296493357840289,0.6296493357840289,0.6296493357840289,0.55444112998535,2,0,
PSMT,PSMT-PRICESMART INC-2022.pdf,15,0.0,0,0.0,0.0,0.0,0.0,0,0,
PSMT,PSMT-PRICESMART INC-2022.pdf,19,0.4673617407071624,1,0.4673617407071624,0.4673617407071624,0.4673617407071624,0.4673617407071624,2,0,
PSMT,PSMT-PRICESMART INC-2022.pdf,20,0.6213421842169056,3,0.6213421842169056,0.6213421842169056,0.6213421842169056,0.5507706255666365,2,0,
PSMT,PSMT-PRICESMART INC-2022.pdf,24,0.3515004491763765,1,0.3515004491763765,0.3515004491763765,0.3515004491763765,0.3515004491763765,2,0,
PSMT,PSMT-PRICESMART INC-2022.pdf,32,0.471557509829073,1,0.471557509829073,0.471557509829073,0.471557509829073,0.471557509829073,4,0,
PSMT,PSMT-PRICESMART INC-2022.pdf,41,0.3928614095193596,1,0.3928614095193596,0.3928614095193596,0.3928614095193596,0.3928614095193596,4,0,
PSMT,PSMT-PRICESMART INC-2023.pdf,4,1.0431651052684598,1,1.0431651052684598,1.0431651052684598,1.0431651052684598,1.0431651052684598,5,0,
PSMT,PSMT-PRICESMART INC-2023.pdf,5,1.0431651052684598,1,1.0431651052684598,1.0431651052684598,1.0431651052684598,1.0431651052684598,5,0,
PSMT,PSMT-PRICESMART INC-2023.pdf,10,0.0,0,0.0,0.0,0.0,0.0,0,0,
PSMT,PSMT-PRICESMART INC-2023.pdf,16,0.9999997559164792,1,0.0,0.0,0.0,0.9999997559164792,2,1,
PSMT,PSMT-PRICESMART INC-2023.pdf,17,0.9794530087108642,1,0.0,0.0,0.0,0.9794530087108642,2,1,
PSMT,PSMT-PRICESMART INC-2023.pdf,18,0.3660035646751299,1,0.3660035646751299,0.3660035646751299,0.3660035646751299,0.3660035646751299,2,0,
PSMT,PSMT-PRICESMART INC-2023.pdf,25,0.0,0,0.0,0.0,0.0,0.0,0,0,
PSMT,PSMT-PRICESMART INC-2023.pdf,26,0.0,0,0.0,0.0,0.0,0.0,0,0,
PSMT,PSMT-PRICESMART INC-2023.pdf,28,0.0,0,0.0,0.0,0.0,0.0,0,0,
PSMT,PSMT-PRICESMART INC-2023.pdf,41,0.9561828940946804,1,0.0,0.0,0.0,0.9561828940946804,2,1,
PSMT,PSMT-PRICESMART INC-2023.pdf,43,1.0830563110708171,1,1.0830563110708171,1.0830563110708171,1.0830563110708171,1.0830563110708171,5,0,
PSMT,PSMT-PRICESMART INC-2023.pdf,46,0.7278600904710782,1,0.7278600904710782,0.7278600904710782,0.7278600904710782,0.7278600904710782,2,0,
PTRN,PTRN-Pattern Group-2022.pdf,13,0.0,0,0.0,0.0,0.0,0.0,0,0,
PTRN,PTRN-Pattern Group-2022.pdf,15,0.0,0,0.0,0.0,0.0,0.0,0,0,
PTRN,PTRN-Pattern Group-2022.pdf,16,0.0,0,0.0,0.0,0.0,0.0,0,0,
PTRN,PTRN-Pattern Group-2022.pdf,18,0.0,0,0.0,0.0,0.0,0.0,0,0,
PTRN,PTRN-Pattern Group-2022.pdf,23,0.0,0,0.0,0.0,0.0,0.0,0,0,
PTRN,PTRN-Pattern Group-2022.pdf,24,0.0,0,0.0,0.0,0.0,0.0,0,0,
PTRN,PTRN-Pattern Group-2022.pdf,25,0.0,0,0.0,0.0,0.0,0.0,0,0,
PTRN,PTRN-Pattern Group-2022.pdf,27,0.0,0,0.0,0.0,0.0,0.0,0,0,
PTRN,PTRN-Pattern Group-2022.pdf,30,0.0,0,0.0,0.0,0.0,0.0,0,0,
PTRN,PTRN-Pattern Group-2022.pdf,34,0.0221305644135693,1,0.0221305644135693,0.0221305644135693,0.0221305644135693,0.0221305644135693,5,0,
PTRN,PTRN-Pattern Group-2022.pdf,39,0.0,0,0.0,0.0,0.0,0.0,0,0,
PTRN,PTRN-Pattern Group-2022.pdf,40,0.0244196256925157,1,0.0244196256925157,0.0244196256925157,0.0244196256925157,0.0244196256925157,12,0,
PTRN,PTRN-Pattern Group-2022.pdf,44,0.0,0,0.0,0.0,0.0,0.0,0,0,
PTRN,PTRN-Pattern Group-2022.pdf,45,0.0,0,0.0,0.0,0.0,0.0,0,0,
PTRN,PTRN-Pattern Group-2022.pdf,48,0.0,0,0.0,0.0,0.0,0.0,0,0,
PTRN,PTRN-Pattern Group-2022.pdf,52,0.0,0,0.0,0.0,0.0,0.0,0,0,
PTRN,PTRN-Pattern Group-2022.pdf,56,0.0,0,0.0,0.0,0.0,0.0,0,0,
PTRN,PTRN-Pattern Group-2022.pdf,57,0.0,0,0.0,0.0,0.0,0.0,0,0,
PTRN,PTRN-Pattern Group-2022.pdf,59,0.0,0,0.0,0.0,0.0,0.0,0,0,
PTRN,PTRN-Pattern Group-2022.pdf,63,0.0759708037882916,1,0.0759708037882916,0.0759708037882916,0.0759708037882916,0.0759708037882916,63,0,
PTRN,PTRN-Pattern Group-2022.pdf,64,0.1154042309046749,5,0.1154042309046749,0.1154042309046749,0.1154042309046749,0.0993474249770937,70,0,
PTRN,PTRN-Pattern Group-2022.pdf,71,0.0185519145377914,5,0.0185519145377914,0.0185519145377914,0.0185519145377914,0.0037103829075582,2,0,
PTRN,PTRN-Pattern Group-2022.pdf,72,0.0,0,0.0,0.0,0.0,0.0,0,0,
PTRN,PTRN-Pattern Group-2022.pdf,77,0.0,0,0.0,0.0,0.0,0.0,0,0,
PTRN,PTRN-Pattern Group-2022.pdf,79,0.0,0,0.0,0.0,0.0,0.0,0,0,
PTRN,PTRN-Pattern Group-2022.pdf,81,0.0,0,0.0,0.0,0.0,0.0,0,0,
PTRN,PTRN-Pattern Group-2022.pdf,83,0.0,0,0.0,0.0,0.0,0.0,0,0,
PTRN,PTRN-Pattern Group-2022.pdf,84,0.0,0,0.0,0.0,0.0,0.0,0,0,
PTRN,PTRN-Pattern Group-2022.pdf,88,0.0,0,0.0,0.0,0.0,0.0,0,0,
PTRN,PTRN-Pattern Group-2022.pdf,89,0.0,0,0.0,0.0,0.0,0.0,0,0,
PTRN,PTRN-Pattern Group-2022.pdf,92,0.0,0,0.0,0.0,0.0,0.0,0,0,
PTRN,PTRN-Pattern Group-2022.pdf,106,0.0,0,0.0,0.0,0.0,0.0,0,0,
PTRN,PTRN-Pattern Group-2022.pdf,107,0.0,0,0.0,0.0,0.0,0.0,0,0,
PTRN,PTRN-Pattern Group-2022.pdf,111,0.0,0,0.0,0.0,0.0,0.0,0,0,
PTRN,PTRN-Pattern Group-2022.pdf,112,1.035676647064672,1,0.0,0.0,0.0,1.035676647064672,3,1,
PTRN,PTRN-Pattern Group-2022.pdf,121,0.0,0,0.0,0.0,0.0,0.0,0,0,
PTRN,PTRN-Pattern Group-2022.pdf,122,0.0,0,0.0,0.0,0.0,0.0,0,0,
PTRN,PTRN-Pattern Group-2022.pdf,123,0.0,0,0.0,0.0,0.0,0.0,0,0,
PVH,PVH-PVH CORP-2024.pdf,4,0.0,0,0.0,0.0,0.0,0.0,0,0,
PVH,PVH-PVH CORP-2024.pdf,5,0.0,0,0.0,0.0,0.0,0.0,0,0,
PVH,PVH-PVH CORP-2024.pdf,8,0.0,0,0.0,0.0,0.0,0.0,0,0,
PVH,PVH-PVH CORP-2024.pdf,10,0.0,0,0.0,0.0,0.0,0.0,0,0,
PVH,PVH-PVH CORP-2024.pdf,13,0.0,0,0.0,0.0,0.0,0.0,0,0,
PVH,PVH-PVH CORP-2024.pdf,17,0.0,0,0.0,0.0,0.0,0.0,0,0,
PVH,PVH-PVH CORP-2024.pdf,18,0.0394380492428427,2,0.0394380492428427,0.0394380492428427,0.0394380492428427,0.0197190246214213,2,0,
PVH,PVH-PVH CORP-2024.pdf,19,0.0,0,0.0,0.0,0.0,0.0,0,0,
PVH,PVH-PVH CORP-2024.pdf,22,0.0,0,0.0,0.0,0.0,0.0,0,0,
PVH,PVH-PVH CORP-2024.pdf,23,0.0,0,0.0,0.0,0.0,0.0,0,0,
PVH,PVH-PVH CORP-2024.pdf,24,0.0,0,0.0,0.0,0.0,0.0,0,0,
PVH,PVH-PVH CORP-2024.pdf,26,0.0,0,0.0,0.0,0.0,0.0,0,0,
PVH,PVH-PVH CORP-2024.pdf,27,0.0,0,0.0,0.0,0.0,0.0,0,0,
PVH,PVH-PVH CORP-2024.pdf,31,0.2011991715367655,5,0.2011991715367655,0.2011991715367655,0.2011991715367655,0.1556951832280151,15,0,
PVH,PVH-PVH CORP-2024.pdf,40,0.037607782369146,1,0.037607782369146,0.037607782369146,0.037607782369146,0.037607782369146,3,0,
PVH,PVH-PVH CORP-2024.pdf,42,0.125120523415978,2,0.125120523415978,0.125120523415978,0.125120523415978,0.0633996212121211,5,0,
PVH,PVH-PVH CORP-2024.pdf,43,0.5480570649678604,1,0.5480570649678604,0.5480570649678604,0.5480570649678604,0.5480570649678604,25,0,
PVH,PVH-PVH CORP-2024.pdf,44,0.6327948648415979,1,0.6327948648415979,0.6327948648415979,0.6327948648415979,0.6327948648415979,23,0,
PVH,PVH-PVH CORP-2024.pdf,45,0.5519744547297434,2,0.5519744547297434,0.5519744547297434,0.5519744547297434,0.5500903947141873,23,0,
PVH,PVH-PVH CORP-2024.pdf,46,0.4908547800447658,1,0.4908547800447658,0.4908547800447658,0.4908547800447658,0.4908547800447658,13,0,
PVH,PVH-PVH CORP-2024.pdf,47,0.5080105049070247,1,0.5080105049070247,0.5080105049070247,0.5080105049070247,0.5080105049070247,23,0,
PVH,PVH-PVH CORP-2024.pdf,48,0.600736311983471,1,0.600736311983471,0.600736311983471,0.600736311983471,0.600736311983471,21,0,
PVH,PVH-PVH CORP-2024.pdf,49,0.6132236494920799,5,0.6132236494920799,0.6132236494920799,0.6132236494920799,0.6050313425447659,27,0,
PVH,PVH-PVH CORP-2024.pdf,50,0.599506111631227,2,0.599506111631227,0.599506111631227,0.599506111631227,0.5974580348943985,10,0,
PVH,PVH-PVH CORP-2024.pdf,51,0.5823967465134298,2,0.5823967465134298,0.5823967465134298,0.5823967465134298,0.5803496126033058,34,0,
PVH,PVH-PVH CORP-2024.pdf,52,0.6011033903732479,2,0.6011033903732479,0.6011033903732479,0.6011033903732479,0.5989906120867768,14,0,
PVH,PVH-PVH CORP-2024.pdf,53,0.6252364884641873,1,0.6252364884641873,0.6252364884641873,0.6252364884641873,0.6252364884641873,26,0,
PVH,PVH-PVH CORP-2024.pdf,54,0.6008636400600973,2,0.6008636400600973,0.6008636400600973,0.6008636400600973,0.59923296315427,23,0,
RCKY,RCKY-ROCKY BRANDS INC-2023.pdf,3,0.0,0,0.0,0.0,0.0,0.0,0,0,
RCKY,RCKY-ROCKY BRANDS INC-2023.pdf,7,0.0,0,0.0,0.0,0.0,0.0,0,0,
RCKY,RCKY-ROCKY BRANDS INC-2023.pdf,8,0.0,0,0.0,0.0,0.0,0.0,0,0,
RCKY,RCKY-ROCKY BRANDS INC-2023.pdf,15,0.0,0,0.0,0.0,0.0,0.0,0,0,
RCKY,RCKY-ROCKY BRANDS INC-2023.pdf,16,0.0,0,0.0,0.0,0.0,0.0,0,0,
RCKY,RCKY-ROCKY BRANDS INC-2023.pdf,17,0.0,0,0.0,0.0,0.0,0.0,0,0,
RCKY,RCKY-ROCKY BRANDS INC-2023.pdf,18,0.0,0,0.0,0.0,0.0,0.0,0,0,
RCKY,RCKY-ROCKY BRANDS INC-2023.pdf,21,0.0,0,0.0,0.0,0.0,0.0,0,0,
RCKY,RCKY-ROCKY BRANDS INC-2023.pdf,22,0.0,0,0.0,0.0,0.0,0.0,0,0,
RCKY,RCKY-ROCKY BRANDS INC-2023.pdf,23,0.0,0,0.0,0.0,0.0,0.0,0,0,
RCKY,RCKY-ROCKY BRANDS INC-2023.pdf,24,0.0,0,0.0,0.0,0.0,0.0,0,0,
RCKY,RCKY-ROCKY BRANDS INC-2023.pdf,25,0.0,0,0.0,0.0,0.0,0.0,0,0,
RCKY,RCKY-ROCKY BRANDS INC-2023.pdf,28,0.0,0,0.0,0.0,0.0,0.0,0,0,
RCKY,RCKY-ROCKY BRANDS INC-2023.pdf,29,0.0,0,0.0,0.0,0.0,0.0,0,0,
RCKY,RCKY-ROCKY BRANDS INC-2023.pdf,30,0.0,0,0.0,0.0,0.0,0.0,0,0,
RCKY,RCKY-ROCKY BRANDS INC-2023.pdf,31,0.0,0,0.0,0.0,0.0,0.0,0,0,
RCKY,RCKY-ROCKY BRANDS INC-2023.pdf,32,0.0809338115871652,4,0.0809338115871652,0.0809338115871652,0.0809338115871652,0.0343948058492915,5,0,
RCKY,RCKY-ROCKY BRANDS INC-2023.pdf,33,0.0,0,0.0,0.0,0.0,0.0,0,0,
RCKY,RCKY-ROCKY BRANDS INC-2023.pdf,34,0.0,0,0.0,0.0,0.0,0.0,0,0,
RCKY,RCKY-ROCKY BRANDS INC-2023.pdf,38,0.0,0,0.0,0.0,0.0,0.0,0,0,
RCKY,RCKY-ROCKY BRANDS INC-2023.pdf,39,0.0,0,0.0,0.0,0.0,0.0,0,0,
RCKY,RCKY-ROCKY BRANDS INC-2023.pdf,40,0.0080792068839484,2,0.0080792068839484,0.0080792068839484,0.0080792068839484,0.0045234526489304,3,0,
RCKY,RCKY-ROCKY BRANDS INC-2023.pdf,41,0.0,0,0.0,0.0,0.0,0.0,0,0,
RCKY,RCKY-ROCKY BRANDS INC-2023.pdf,42,0.0,0,0.0,0.0,0.0,0.0,0,0,
RCKY,RCKY-ROCKY BRANDS INC-2023.pdf,44,0.0,0,0.0,0.0,0.0,0.0,0,0,
RCKY,RCKY-ROCKY BRANDS INC-2023.pdf,46,0.0,0,0.0,0.0,0.0,0.0,0,0,
RCKY,RCKY-ROCKY BRANDS INC-2023.pdf,47,0.0,0,0.0,0.0,0.0,0.0,0,0,
RCKY,RCKY-ROCKY BRANDS INC-2023.pdf,49,0.3160909614961098,2,0.3160909614961098,0.3160909614961098,0.3160909614961098,0.1827964500144676,26,0,
SFM,SFM-SPROUTS FARMERS MARKET-2023.pdf,2,0.9292678483245148,1,0.0,0.0,0.9292678483245148,0.9292678483245148,2,1,
SFM,SFM-SPROUTS FARMERS MARKET-2023.pdf,19,0.3278789594356261,1,0.3278789594356261,0.3278789594356261,0.3278789594356261,0.3278789594356261,2,0,
SFM,SFM-SPROUTS FARMERS MARKET-2023.pdf,23,0.0,0,0.0,0.0,0.0,0.0,0,0,
SFM,SFM-SPROUTS FARMERS MARKET-2023.pdf,28,0.1076409761405285,1,0.1076409761405285,0.1076409761405285,0.1076409761405285,0.1076409761405285,25,0,
SFM,SFM-SPROUTS FARMERS MARKET-2023.pdf,33,0.0,0,0.0,0.0,0.0,0.0,0,0,
SFM,SFM-SPROUTS FARMERS MARKET-2023.pdf,40,0.0,0,0.0,0.0,0.0,0.0,0,0,
SFM,SFM-SPROUTS FARMERS MARKET-2023.pdf,43,0.928946261418671,1,0.0,0.0,0.928946261418671,0.928946261418671,2,1,
SFM,SFM-SPROUTS FARMERS MARKET-2023.pdf,44,0.9292678483245148,1,0.0,0.0,0.9292678483245148,0.9292678483245148,3,1,
SFM,SFM-SPROUTS FARMERS MARKET-2023.pdf,45,0.9292678483245148,1,0.0,0.0,0.9292678483245148,0.9292678483245148,2,1,
SFM,SFM-SPROUTS FARMERS MARKET-2023.pdf,46,0.9292678483245148,1,0.0,0.0,0.9292678483245148,0.9292678483245148,2,1,
SFM,SFM-SPROUTS FARMERS MARKET-2023.pdf,47,0.9292678483245148,1,0.0,0.0,0.9292678483245148,0.9292678483245148,3,1,
SFM,SFM-SPROUTS FARMERS MARKET-2023.pdf,51,0.0,0,0.0,0.0,0.0,0.0,0,0,
SFM,SFM-SPROUTS FARMERS MARKET-2024.pdf,2,0.0,0,0.0,0.0,0.0,0.0,0,0,
SFM,SFM-SPROUTS FARMERS MARKET-2024.pdf,11,0.106153,1,0.106153,0.106153,0.106153,0.106153,2,0,
SFM,SFM-SPROUTS FARMERS MARKET-2024.pdf,31,0.0,0,0.0,0.0,0.0,0.0,0,0,
SFM,SFM-SPROUTS FARMERS MARKET-2024.pdf,35,0.0,0,0.0,0.0,0.0,0.0,0,0,
SFM,SFM-SPROUTS FARMERS MARKET-2024.pdf,36,0.0,0,0.0,0.0,0.0,0.0,0,0,
SFM,SFM-SPROUTS FARMERS MARKET-2024.pdf,38,0.0,0,0.0,0.0,0.0,0.0,0,0,
SGC,SGC-SUPERIOR GROUP OF COS INC-2022.pdf,4,0.0,0,0.0,0.0,0.0,0.0,0,0,
SGC,SGC-SUPERIOR GROUP OF COS INC-2022.pdf,16,0.0,0,0.0,0.0,0.0,0.0,0,0,
SGC,SGC-SUPERIOR GROUP OF COS INC-2022.pdf,17,0.0,0,0.0,0.0,0.0,0.0,0,0,
SGC,SGC-SUPERIOR GROUP OF COS INC-2022.pdf,20,0.0595763466535268,2,0.0595763466535268,0.0595763466535268,0.0595763466535268,0.0505852734985063,14,0,
SGC,SGC-SUPERIOR GROUP OF COS INC-2022.pdf,23,0.0189904999193322,1,0.0189904999193322,0.0189904999193322,0.0189904999193322,0.0189904999193322,14,0,
SGC,SGC-SUPERIOR GROUP OF COS INC-2022.pdf,26,0.005907490121471,1,0.005907490121471,0.005907490121471,0.005907490121471,0.005907490121471,2,0,
SGC,SGC-SUPERIOR GROUP OF COS INC-2022.pdf,31,0.0050281639928698,1,0.0050281639928698,0.0050281639928698,0.0050281639928698,0.0050281639928698,2,0,
SGI,SGI-SOMNIGROUP INTERNATIONAL INC-2024.pdf,3,0.0,0,0.0,0.0,0.0,0.0,0,0,
SGI,SGI-SOMNIGROUP INTERNATIONAL INC-2024.pdf,4,0.0,0,0.0,0.0,0.0,0.0,0,0,
SGI,SGI-SOMNIGROUP INTERNATIONAL INC-2024.pdf,5,0.0,0,0.0,0.0,0.0,0.0,0,0,
SGI,SGI-SOMNIGROUP INTERNATIONAL INC-2024.pdf,10,0.0780574800421445,1,0.0780574800421445,0.0780574800421445,0.0780574800421445,0.0780574800421445,26,0,
SGI,SGI-SOMNIGROUP INTERNATIONAL INC-2024.pdf,12,0.0,0,0.0,0.0,0.0,0.0,0,0,
SGI,SGI-SOMNIGROUP INTERNATIONAL INC-2024.pdf,13,0.0,0,0.0,0.0,0.0,0.0,0,0,
SGI,SGI-SOMNIGROUP INTERNATIONAL INC-2024.pdf,14,0.0,0,0.0,0.0,0.0,0.0,0,0,
SGI,SGI-SOMNIGROUP INTERNATIONAL INC-2024.pdf,19,0.0,0,0.0,0.0,0.0,0.0,0,0,
SGI,SGI-SOMNIGROUP INTERNATIONAL INC-2024.pdf,23,0.0,0,0.0,0.0,0.0,0.0,0,0,
SGI,SGI-SOMNIGROUP INTERNATIONAL INC-2024.pdf,25,0.0,0,0.0,0.0,0.0,0.0,0,0,
SGI,SGI-SOMNIGROUP INTERNATIONAL INC-2024.pdf,26,0.0837278211761198,1,0.0837278211761198,0.0837278211761198,0.0837278211761198,0.0837278211761198,20,0,
SGI,SGI-SOMNIGROUP INTERNATIONAL INC-2024.pdf,28,0.0,0,0.0,0.0,0.0,0.0,0,0,
SGI,SGI-SOMNIGROUP INTERNATIONAL INC-2024.pdf,29,0.572333170483172,2,0.572333170483172,0.572333170483172,0.572333170483172,0.301217392586919,67,0,
SGI,SGI-SOMNIGROUP INTERNATIONAL INC-2024.pdf,30,0.5785447789540019,2,0.5785447789540019,0.5785447789540019,0.5785447789540019,0.2977550843158969,43,0,
SGI,SGI-SOMNIGROUP INTERNATIONAL INC-2024.pdf,31,0.6256039728888394,2,0.6256039728888394,0.6256039728888394,0.6256039728888394,0.3381348175583366,13,0,
SGI,SGI-SOMNIGROUP INTERNATIONAL INC-2025.pdf,4,0.0,0,0.0,0.0,0.0,0.0,0,0,
SGI,SGI-SOMNIGROUP INTERNATIONAL INC-2025.pdf,5,0.0,0,0.0,0.0,0.0,0.0,0,0,
SGI,SGI-SOMNIGROUP INTERNATIONAL INC-2025.pdf,9,0.0,0,0.0,0.0,0.0,0.0,0,0,
SGI,SGI-SOMNIGROUP INTERNATIONAL INC-2025.pdf,11,0.0,0,0.0,0.0,0.0,0.0,0,0,
SGI,SGI-SOMNIGROUP INTERNATIONAL INC-2025.pdf,15,0.0,0,0.0,0.0,0.0,0.0,0,0,
SGI,SGI-SOMNIGROUP INTERNATIONAL INC-2025.pdf,16,0.0,0,0.0,0.0,0.0,0.0,0,0,
SGI,SGI-SOMNIGROUP INTERNATIONAL INC-2025.pdf,18,0.0,0,0.0,0.0,0.0,0.0,0,0,
SGI,SGI-SOMNIGROUP INTERNATIONAL INC-2025.pdf,19,0.0,0,0.0,0.0,0.0,0.0,0,0,
SGI,SGI-SOMNIGROUP INTERNATIONAL INC-2025.pdf,20,0.0,0,0.0,0.0,0.0,0.0,0,0,
SGI,SGI-SOMNIGROUP INTERNATIONAL INC-2025.pdf,23,0.0,0,0.0,0.0,0.0,0.0,0,0,
SGI,SGI-SOMNIGROUP INTERNATIONAL INC-2025.pdf,25,0.0,0,0.0,0.0,0.0,0.0,0,0,
SGI,SGI-SOMNIGROUP INTERNATIONAL INC-2025.pdf,27,0.0766775761599605,1,0.0766775761599605,0.0766775761599605,0.0766775761599605,0.0766775761599605,25,0,
SGI,SGI-SOMNIGROUP INTERNATIONAL INC-2025.pdf,28,0.0,0,0.0,0.0,0.0,0.0,0,0,
SGI,SGI-SOMNIGROUP INTERNATIONAL INC-2025.pdf,30,0.0,0,0.0,0.0,0.0,0.0,0,0,
SGI,SGI-SOMNIGROUP INTERNATIONAL INC-2025.pdf,31,0.5464460019932049,2,0.5464460019932049,0.5464460019932049,0.5464460019932049,0.2752237229229888,50,0,
SGI,SGI-SOMNIGROUP INTERNATIONAL INC-2025.pdf,32,0.5856567955534853,2,0.5856567955534853,0.5856567955534853,0.5856567955534853,0.3049699340910225,50,0,
SGI,SGI-SOMNIGROUP INTERNATIONAL INC-2025.pdf,33,0.6068589787805506,2,0.6068589787805506,0.6068589787805506,0.6068589787805506,0.3306290529632518,13,0,
SGI,SGI-SOMNIGROUP INTERNATIONAL INC-2025.pdf,34,0.3209928598462722,2,0.3209928598462722,0.3209928598462722,0.3209928598462722,0.1748197165152392,9,0,
SNBR,SNBR-SLEEP NUMBER CORP-2022.pdf,3,0.0,0,0.0,0.0,0.0,0.0,0,0,
SNBR,SNBR-SLEEP NUMBER CORP-2022.pdf,7,0.0,0,0.0,0.0,0.0,0.0,0,0,
SNBR,SNBR-SLEEP NUMBER CORP-2022.pdf,13,0.0,0,0.0,0.0,0.0,0.0,0,0,
SNBR,SNBR-SLEEP NUMBER CORP-2022.pdf,22,0.1729191073851258,1,0.1729191073851258,0.1729191073851258,0.1729191073851258,0.1729191073851258,15,0,
SNBR,SNBR-SLEEP NUMBER CORP-2022.pdf,25,0.1539732456922162,1,0.1539732456922162,0.1539732456922162,0.1539732456922162,0.1539732456922162,2,0,
SNBR,SNBR-SLEEP NUMBER CORP-2022.pdf,28,0.253895898653934,6,0.253895898653934,0.253895898653934,0.253895898653934,0.1350949296128708,5,0,
SNBR,SNBR-SLEEP NUMBER CORP-2022.pdf,33,0.0,0,0.0,0.0,0.0,0.0,0,0,
SNBR,SNBR-SLEEP NUMBER CORP-2022.pdf,36,0.0,0,0.0,0.0,0.0,0.0,0,0,
SNBR,SNBR-SLEEP NUMBER CORP-2022.pdf,37,0.0,0,0.0,0.0,0.0,0.0,0,0,
SNBR,SNBR-SLEEP NUMBER CORP-2022.pdf,38,0.0,0,0.0,0.0,0.0,0.0,0,0,
SNBR,SNBR-SLEEP NUMBER CORP-2022.pdf,40,0.0,0,0.0,0.0,0.0,0.0,0,0,
SNBR,SNBR-SLEEP NUMBER CORP-2022.pdf,41,0.0,0,0.0,0.0,0.0,0.0,0,0,
SNBR,SNBR-SLEEP NUMBER CORP-2022.pdf,48,0.0,0,0.0,0.0,0.0,0.0,0,0,
SNBR,SNBR-SLEEP NUMBER CORP-2022.pdf,64,0.6683581699346405,1,0.6683581699346405,0.6683581699346405,0.6683581699346405,0.6683581699346405,30,0,
SNBR,SNBR-SLEEP NUMBER CORP-2022.pdf,66,0.6257325995246582,1,0.6257325995246582,0.6257325995246582,0.6257325995246582,0.6257325995246582,30,0,
SNBR,SNBR-SLEEP NUMBER CORP-2022.pdf,69,0.4998116446635472,1,0.4998116446635472,0.4998116446635472,0.4998116446635472,0.4998116446635472,23,0,
SNBR,SNBR-SLEEP NUMBER CORP-2022.pdf,71,0.6501162060762856,1,0.6501162060762856,0.6501162060762856,0.6501162060762856,0.6501162060762856,31,0,
SNBR,SNBR-SLEEP NUMBER CORP-2022.pdf,73,0.64455866883585,1,0.64455866883585,0.64455866883585,0.64455866883585,0.64455866883585,37,0,
SNBR,SNBR-SLEEP NUMBER CORP-2022.pdf,74,0.4800472558536731,1,0.4800472558536731,0.4800472558536731,0.4800472558536731,0.4800472558536731,21,0,
SONO,SONO-SONOS INC-2021.pdf,4,0.0,0,0.0,0.0,0.0,0.0,0,0,
SONO,SONO-SONOS INC-2021.pdf,9,0.0,0,0.0,0.0,0.0,0.0,0,0,
SONO,SONO-SONOS INC-2021.pdf,10,0.0,0,0.0,0.0,0.0,0.0,0,0,
SONO,SONO-SONOS INC-2021.pdf,11,0.0,0,0.0,0.0,0.0,0.0,0,0,
SONO,SONO-SONOS INC-2021.pdf,12,0.0,0,0.0,0.0,0.0,0.0,0,0,
SONO,SONO-SONOS INC-2021.pdf,17,0.1650390625,1,0.1650390625,0.1650390625,0.1650390625,0.1650390625,44,0,
SONO,SONO-SONOS INC-2021.pdf,20,0.0,0,0.0,0.0,0.0,0.0,0,0,
SONO,SONO-SONOS INC-2021.pdf,22,0.0,0,0.0,0.0,0.0,0.0,0,0,
SONO,SONO-SONOS INC-2021.pdf,24,0.0,0,0.0,0.0,0.0,0.0,0,0,
SONO,SONO-SONOS INC-2021.pdf,26,0.6977953759765625,1,0.6977953759765625,0.6977953759765625,0.6977953759765625,0.6977953759765625,27,0,
SONO,SONO-SONOS INC-2021.pdf,29,0.5841396978624132,3,0.5841396978624132,0.5841396978624132,0.5841396978624132,0.2729353700086805,6,0,
SONO,SONO-SONOS INC-2021.pdf,30,0.5647104003363713,3,0.5647104003363713,0.5647104003363713,0.5647104003363713,0.3149334962022569,6,0,
SONO,SONO-SONOS INC-2021.pdf,31,0.5547949951171874,2,0.5547949951171874,0.5547949951171874,0.5547949951171874,0.3580253955078125,15,0,
SONO,SONO-SONOS INC-2021.pdf,32,0.4411462604166667,3,0.4411462604166667,0.4411462604166667,0.4411462604166667,0.2057166731770833,9,0,
SVV,SVV-Savers Value Village-2024.pdf,2,0.0,0,0.0,0.0,0.0,0.0,0,0,
SVV,SVV-Savers Value Village-2024.pdf,8,0.0,0,0.0,0.0,0.0,0.0,0,0,
SVV,SVV-Savers Value Village-2024.pdf,16,0.0,0,0.0,0.0,0.0,0.0,0,0,
SVV,SVV-Savers Value Village-2024.pdf,17,0.0,0,0.0,0.0,0.0,0.0,0,0,
SVV,SVV-Savers Value Village-2024.pdf,19,0.0,0,0.0,0.0,0.0,0.0,0,0,
SVV,SVV-Savers Value Village-2024.pdf,21,0.0,0,0.0,0.0,0.0,0.0,0,0,
SVV,SVV-Savers Value Village-2024.pdf,25,0.0,0,0.0,0.0,0.0,0.0,0,0,
SVV,SVV-Savers Value Village-2024.pdf,26,0.0,0,0.0,0.0,0.0,0.0,0,0,
SVV,SVV-Savers Value Village-2024.pdf,27,0.0338624999999999,2,0.0338624999999999,0.0338624999999999,0.0338624999999999,0.0188085937499999,2,0,
SVV,SVV-Savers Value Village-2024.pdf,32,0.0,0,0.0,0.0,0.0,0.0,0,0,
SVV,SVV-Savers Value Village-2024.pdf,34,0.0,0,0.0,0.0,0.0,0.0,0,0,
SVV,SVV-Savers Value Village-2024.pdf,35,0.0,0,0.0,0.0,0.0,0.0,0,0,
TDUP,TDUP-THREDUP INC-2022.pdf,2,1.0,1,0.0,0.0,0.0,1.0,2,1,
TDUP,TDUP-THREDUP INC-2022.pdf,19,1.0,1,0.0,0.0,0.0,1.0,2,1,
TDUP,TDUP-THREDUP INC-2022.pdf,25,1.0,1,0.0,0.0,0.0,1.0,2,1,
TDUP,TDUP-THREDUP INC-2022.pdf,26,1.112239656077887,2,0.112239656077887,0.112239656077887,0.112239656077887,1.0,3,1,
TDUP,TDUP-THREDUP INC-2022.pdf,39,1.0103160204600463,2,0.0103160204600464,0.0103160204600464,0.0103160204600464,1.0,3,1,
TDUP,TDUP-THREDUP INC-2022.pdf,43,1.0,1,0.0,0.0,0.0,1.0,2,1,
TDUP,TDUP-THREDUP INC-2022.pdf,54,1.0,1,0.0,0.0,0.0,1.0,2,1,
TDUP,TDUP-THREDUP INC-2022.pdf,55,1.0,1,0.0,0.0,0.0,1.0,2,1,
TDUP,TDUP-THREDUP INC-2022.pdf,57,1.0,1,0.0,0.0,0.0,1.0,3,1,
TDUP,TDUP-THREDUP INC-2022.pdf,68,1.0,1,0.0,0.0,0.0,1.0,2,1,
TDUP,TDUP-THREDUP INC-2022.pdf,69,1.0,1,0.0,0.0,0.0,1.0,2,1,
TDUP,TDUP-THREDUP INC-2022.pdf,71,1.0,1,0.0,0.0,0.0,1.0,2,1,
TJX,TJX-Tjx Cos Inc-2023.pdf,3,0.0,0,0.0,0.0,0.0,0.0,0,0,
TJX,TJX-Tjx Cos Inc-2023.pdf,4,0.0033304836824477,2,0.0033304836824477,0.0033304836824477,0.0033304836824477,0.0029621944942772,2,0,
TJX,TJX-Tjx Cos Inc-2023.pdf,5,0.0,0,0.0,0.0,0.0,0.0,0,0,
TJX,TJX-Tjx Cos Inc-2023.pdf,7,0.0,0,0.0,0.0,0.0,0.0,0,0,
TJX,TJX-Tjx Cos Inc-2023.pdf,8,0.0,0,0.0,0.0,0.0,0.0,0,0,
TJX,TJX-Tjx Cos Inc-2023.pdf,11,0.0,0,0.0,0.0,0.0,0.0,0,0,
TJX,TJX-Tjx Cos Inc-2023.pdf,13,0.0,0,0.0,0.0,0.0,0.0,0,0,
TJX,TJX-Tjx Cos Inc-2023.pdf,14,0.0,0,0.0,0.0,0.0,0.0,0,0,
TJX,TJX-Tjx Cos Inc-2023.pdf,16,0.0,0,0.0,0.0,0.0,0.0,0,0,
TJX,TJX-Tjx Cos Inc-2023.pdf,19,0.0,0,0.0,0.0,0.0,0.0,0,0,
TJX,TJX-Tjx Cos Inc-2023.pdf,20,0.0,0,0.0,0.0,0.0,0.0,0,0,
TJX,TJX-Tjx Cos Inc-2023.pdf,21,0.0,0,0.0,0.0,0.0,0.0,0,0,
TJX,TJX-Tjx Cos Inc-2023.pdf,24,0.0,0,0.0,0.0,0.0,0.0,0,0,
TJX,TJX-Tjx Cos Inc-2023.pdf,30,0.0,0,0.0,0.0,0.0,0.0,0,0,
TJX,TJX-Tjx Cos Inc-2023.pdf,33,0.0,0,0.0,0.0,0.0,0.0,0,0,
TJX,TJX-Tjx Cos Inc-2023.pdf,36,0.0,0,0.0,0.0,0.0,0.0,0,0,
TJX,TJX-Tjx Cos Inc-2023.pdf,37,0.0,0,0.0,0.0,0.0,0.0,0,0,
TJX,TJX-Tjx Cos Inc-2023.pdf,38,0.0,0,0.0,0.0,0.0,0.0,0,0,
TJX,TJX-Tjx Cos Inc-2023.pdf,39,0.0,0,0.0,0.0,0.0,0.0,0,0,
TJX,TJX-Tjx Cos Inc-2023.pdf,41,0.0,0,0.0,0.0,0.0,0.0,0,0,
TJX,TJX-Tjx Cos Inc-2023.pdf,45,0.0,0,0.0,0.0,0.0,0.0,0,0,
TJX,TJX-Tjx Cos Inc-2023.pdf,46,0.0,0,0.0,0.0,0.0,0.0,0,0,
TJX,TJX-Tjx Cos Inc-2023.pdf,48,0.1856729203538933,2,0.1856729203538933,0.1856729203538933,0.1856729203538933,0.1833937956693672,3,0,
TJX,TJX-Tjx Cos Inc-2023.pdf,49,0.0,0,0.0,0.0,0.0,0.0,0,0,
TJX,TJX-Tjx Cos Inc-2023.pdf,50,0.0,0,0.0,0.0,0.0,0.0,0,0,
TJX,TJX-Tjx Cos Inc-2023.pdf,51,0.0,0,0.0,0.0,0.0,0.0,0,0,
TJX,TJX-Tjx Cos Inc-2023.pdf,52,0.0,0,0.0,0.0,0.0,0.0,0,0,
TJX,TJX-Tjx Cos Inc-2023.pdf,53,0.0,0,0.0,0.0,0.0,0.0,0,0,
TJX,TJX-Tjx Cos Inc-2023.pdf,54,0.0,0,0.0,0.0,0.0,0.0,0,0,
TJX,TJX-Tjx Cos Inc-2023.pdf,56,0.0,0,0.0,0.0,0.0,0.0,0,0,
TJX,TJX-Tjx Cos Inc-2023.pdf,68,0.6856688427086906,1,0.6856688427086906,0.6856688427086906,0.6856688427086906,0.6856688427086906,23,0,
TJX,TJX-Tjx Cos Inc-2023.pdf,73,0.0,0,0.0,0.0,0.0,0.0,0,0,
TPR,TPR-TAPESTRY INC-2021.pdf,2,0.0,0,0.0,0.0,0.0,0.0,0,0,
TPR,TPR-TAPESTRY INC-2021.pdf,4,0.0,0,0.0,0.0,0.0,0.0,0,0,
TPR,TPR-TAPESTRY INC-2021.pdf,12,0.4674312388191797,1,0.4674312388191797,0.4674312388191797,0.4674312388191797,0.4674312388191797,10,0,
TPR,TPR-TAPESTRY INC-2021.pdf,13,0.5561307870661406,1,0.5561307870661406,0.5561307870661406,0.5561307870661406,0.5561307870661406,29,0,
TPR,TPR-TAPESTRY INC-2021.pdf,14,0.259986908448658,1,0.259986908448658,0.259986908448658,0.259986908448658,0.259986908448658,14,0,
TPR,TPR-TAPESTRY INC-2021.pdf,15,0.0,0,0.0,0.0,0.0,0.0,0,0,
TPR,TPR-TAPESTRY INC-2021.pdf,18,0.0,0,0.0,0.0,0.0,0.0,0,0,
TPR,TPR-TAPESTRY INC-2021.pdf,19,0.0,0,0.0,0.0,0.0,0.0,0,0,
TPR,TPR-TAPESTRY INC-2021.pdf,21,0.0,0,0.0,0.0,0.0,0.0,0,0,
TPR,TPR-TAPESTRY INC-2021.pdf,22,0.1509728307658557,1,0.1509728307658557,0.1509728307658557,0.1509728307658557,0.1509728307658557,5,0,
TPR,TPR-TAPESTRY INC-2021.pdf,23,0.0,0,0.0,0.0,0.0,0.0,0,0,
TPR,TPR-TAPESTRY INC-2021.pdf,30,0.0588136007476975,3,0.0588136007476975,0.0588136007476975,0.0588136007476975,0.0245346327075906,2,0,
TPR,TPR-TAPESTRY INC-2021.pdf,31,0.0510564008543357,1,0.0510564008543357,0.0510564008543357,0.0510564008543357,0.0510564008543357,6,0,
TPR,TPR-TAPESTRY INC-2021.pdf,38,0.0,0,0.0,0.0,0.0,0.0,0,0,
TPR,TPR-TAPESTRY INC-2021.pdf,40,0.1099891336568297,1,0.1099891336568297,0.1099891336568297,0.1099891336568297,0.1099891336568297,21,0,
TPR,TPR-TAPESTRY INC-2021.pdf,41,0.0,0,0.0,0.0,0.0,0.0,0,0,
TPR,TPR-TAPESTRY INC-2021.pdf,45,0.1543818032654981,1,0.1543818032654981,0.1543818032654981,0.1543818032654981,0.1543818032654981,5,0,
TPR,TPR-TAPESTRY INC-2021.pdf,47,0.0720910868425443,1,0.0720910868425443,0.0720910868425443,0.0720910868425443,0.0720910868425443,2,0,
TPR,TPR-TAPESTRY INC-2021.pdf,48,0.0,0,0.0,0.0,0.0,0.0,0,0,
TPR,TPR-TAPESTRY INC-2021.pdf,49,0.0,0,0.0,0.0,0.0,0.0,0,0,
TPR,TPR-TAPESTRY INC-2021.pdf,50,0.1875822727777044,1,0.1875822727777044,0.1875822727777044,0.1875822727777044,0.1875822727777044,5,0,
TPR,TPR-TAPESTRY INC-2021.pdf,53,0.1295876041957747,2,0.1295876041957747,0.1295876041957747,0.1295876041957747,0.1292929457425285,38,0,
TPR,TPR-TAPESTRY INC-2021.pdf,54,0.0,0,0.0,0.0,0.0,0.0,0,0,
TPR,TPR-TAPESTRY INC-2021.pdf,57,0.0,0,0.0,0.0,0.0,0.0,0,0,
TPR,TPR-TAPESTRY INC-2021.pdf,60,0.6025341336633078,1,0.6025341336633078,0.6025341336633078,0.6025341336633078,0.6025341336633078,6,0,
TPR,TPR-TAPESTRY INC-2021.pdf,61,0.4765188491569729,1,0.4765188491569729,0.4765188491569729,0.4765188491569729,0.4765188491569729,6,0,
TPR,TPR-TAPESTRY INC-2021.pdf,62,0.2493087393491609,1,0.2493087393491609,0.2493087393491609,0.2493087393491609,0.2493087393491609,6,0,
TPR,TPR-TAPESTRY INC-2021.pdf,63,0.4921911588220174,1,0.4921911588220174,0.4921911588220174,0.4921911588220174,0.4921911588220174,7,0,
TPR,TPR-TAPESTRY INC-2021.pdf,70,0.167462850278211,5,0.167462850278211,0.167462850278211,0.167462850278211,0.0371402349243043,3,0,
TPR,TPR-TAPESTRY INC-2021.pdf,71,0.1675296463331229,4,0.1675296463331229,0.1675296463331229,0.1675296463331229,0.0937306274628433,5,0,
TPR,TPR-TAPESTRY INC-2021.pdf,73,0.1484557646470836,5,0.1484557646470836,0.1484557646470836,0.1484557646470836,0.0381661652807693,2,0,
TPR,TPR-TAPESTRY INC-2021.pdf,75,0.0,0,0.0,0.0,0.0,0.0,0,0,
UAA,UAA-UNDER ARMOUR INC-2023.pdf,7,0.4429994867544046,1,0.4429994867544046,0.4429994867544046,0.4429994867544046,0.4429994867544046,22,0,
UAA,UAA-UNDER ARMOUR INC-2023.pdf,8,0.5168128093751834,1,0.5168128093751834,0.5168128093751834,0.5168128093751834,0.5168128093751834,16,0,
UAA,UAA-UNDER ARMOUR INC-2023.pdf,9,0.5592348630599008,2,0.5592348630599008,0.5592348630599008,0.5592348630599008,0.397088745257302,17,0,
UAA,UAA-UNDER ARMOUR INC-2023.pdf,10,0.5585612873897486,1,0.5585612873897486,0.5585612873897486,0.5585612873897486,0.5585612873897486,21,0,
UAA,UAA-UNDER ARMOUR INC-2023.pdf,12,0.453862900061435,1,0.453862900061435,0.453862900061435,0.453862900061435,0.453862900061435,21,0,
UAA,UAA-UNDER ARMOUR INC-2023.pdf,23,0.4337430808319363,1,0.4337430808319363,0.4337430808319363,0.4337430808319363,0.4337430808319363,3,0,
UAA,UAA-UNDER ARMOUR INC-2023.pdf,24,0.1532510288065843,1,0.1532510288065843,0.1532510288065843,0.1532510288065843,0.1532510288065843,2,0,
UAA,UAA-UNDER ARMOUR INC-2023.pdf,26,0.0,0,0.0,0.0,0.0,0.0,0,0,
UAA,UAA-UNDER ARMOUR INC-2023.pdf,27,0.0,0,0.0,0.0,0.0,0.0,0,0,
UEIC,UEIC-UNIVERSAL ELECTRONICS INC-2025.pdf,7,1.056775321841206,2,0.056767797459893,0.056767797459893,0.056767797459893,1.0000075243813131,2,1,
UEIC,UEIC-UNIVERSAL ELECTRONICS INC-2025.pdf,18,1.056775321841206,2,0.056767797459893,0.056767797459893,0.056767797459893,1.0000075243813131,2,1,
UEIC,UEIC-UNIVERSAL ELECTRONICS INC-2025.pdf,23,1.0567866854775698,2,0.056767797459893,0.056767797459893,0.056767797459893,1.0000188880176768,2,1,
UEIC,UEIC-UNIVERSAL ELECTRONICS INC-2025.pdf,41,1.5690160828417343,2,0.5689971948240574,0.5689971948240574,0.5689971948240574,1.0000188880176768,2,1,
UEIC,UEIC-UNIVERSAL ELECTRONICS INC-2025.pdf,48,1.7523774532354055,2,0.7523585652177288,0.7523585652177288,0.7523585652177288,1.0000188880176768,2,1,
UEIC,UEIC-UNIVERSAL ELECTRONICS INC-2025.pdf,49,1.752583128848507,2,0.7525642408308302,0.7525642408308302,0.7525642408308302,1.0000188880176768,2,1,
UEIC,UEIC-UNIVERSAL ELECTRONICS INC-2025.pdf,50,1.707840267139872,2,0.7078213791221952,0.7078213791221952,0.7078213791221952,1.0000188880176768,2,1,
UEIC,UEIC-UNIVERSAL ELECTRONICS INC-2025.pdf,51,1.8071737585375347,2,0.8071548705198578,0.8071548705198578,0.8071548705198578,1.0000188880176768,2,1,
UEIC,UEIC-UNIVERSAL ELECTRONICS INC-2025.pdf,52,1.7098168997573158,2,0.7097980117396391,0.7097980117396391,0.7097980117396391,1.0000188880176768,2,1,
UEIC,UEIC-UNIVERSAL ELECTRONICS INC-2025.pdf,53,1.681137941410171,3,0.6811190533924941,0.6811190533924941,0.6811190533924941,1.0000188880176768,2,1,
UEIC,UEIC-UNIVERSAL ELECTRONICS INC-2025.pdf,55,1.6711685512183108,3,0.671149663200634,0.671149663200634,0.671149663200634,1.0000188880176768,2,1,
UEIC,UEIC-UNIVERSAL ELECTRONICS INC-2025.pdf,56,1.6099837582890175,3,0.6099648702713407,0.6099648702713407,0.6099648702713407,1.0000188880176768,2,1,
UEIC,UEIC-UNIVERSAL ELECTRONICS INC-2025.pdf,57,1.669696402985987,3,0.6696775149683105,0.6696775149683105,0.6696775149683105,1.0000188880176768,2,1,
UEIC,UEIC-UNIVERSAL ELECTRONICS INC-2025.pdf,58,1.709686043677626,2,0.7096671556599491,0.7096671556599491,0.7096671556599491,1.0000188880176768,2,1,
VRA,VRA-VERA BRADLEY INC-2022.pdf,10,0.0,0,0.0,0.0,0.0,0.0,0,0,
VSXY,VSXY-Victorias Secret-2021.pdf,3,0.0,0,0.0,0.0,0.0,0.0,0,0,
VSXY,VSXY-Victorias Secret-2021.pdf,4,0.2569506637665941,3,0.2569506637665941,0.2569506637665941,0.2569506637665941,0.2269685142128553,2,0,
VSXY,VSXY-Victorias Secret-2021.pdf,5,0.0,0,0.0,0.0,0.0,0.0,0,0,
VSXY,VSXY-Victorias Secret-2021.pdf,8,0.0,0,0.0,0.0,0.0,0.0,0,0,
VSXY,VSXY-Victorias Secret-2021.pdf,10,0.0,0,0.0,0.0,0.0,0.0,0,0,
VSXY,VSXY-Victorias Secret-2021.pdf,12,0.0,0,0.0,0.0,0.0,0.0,0,0,
VSXY,VSXY-Victorias Secret-2021.pdf,13,0.0,0,0.0,0.0,0.0,0.0,0,0,
VSXY,VSXY-Victorias Secret-2021.pdf,14,0.0630465761644041,1,0.0630465761644041,0.0630465761644041,0.0630465761644041,0.0630465761644041,8,0,
VSXY,VSXY-Victorias Secret-2021.pdf,15,0.4233229893247331,2,0.4233229893247331,0.4233229893247331,0.4233229893247331,0.2534999624990625,70,0,
VSXY,VSXY-Victorias Secret-2021.pdf,16,0.0,0,0.0,0.0,0.0,0.0,0,0,
VSXY,VSXY-Victorias Secret-2021.pdf,17,0.0,0,0.0,0.0,0.0,0.0,0,0,
VSXY,VSXY-Victorias Secret-2021.pdf,18,0.0,0,0.0,0.0,0.0,0.0,0,0,
VSXY,VSXY-Victorias Secret-2021.pdf,19,0.0,0,0.0,0.0,0.0,0.0,0,0,
VSXY,VSXY-Victorias Secret-2026.pdf,4,0.0,0,0.0,0.0,0.0,0.0,0,0,
VSXY,VSXY-Victorias Secret-2026.pdf,5,0.0,0,0.0,0.0,0.0,0.0,0,0,
VSXY,VSXY-Victorias Secret-2026.pdf,8,0.0,0,0.0,0.0,0.0,0.0,0,0,
VSXY,VSXY-Victorias Secret-2026.pdf,20,0.0,0,0.0,0.0,0.0,0.0,0,0,
VSXY,VSXY-Victorias Secret-2026.pdf,24,0.0,0,0.0,0.0,0.0,0.0,0,0,
VSXY,VSXY-Victorias Secret-2026.pdf,27,0.0,0,0.0,0.0,0.0,0.0,0,0,
VSXY,VSXY-Victorias Secret-2026.pdf,28,0.0,0,0.0,0.0,0.0,0.0,0,0,
VSXY,VSXY-Victorias Secret-2026.pdf,29,0.0,0,0.0,0.0,0.0,0.0,0,0,
VSXY,VSXY-Victorias Secret-2026.pdf,31,0.0,0,0.0,0.0,0.0,0.0,0,0,
VVV,VVV-VALVOLINE INC-2022.pdf,3,0.1934937611408199,1,0.1934937611408199,0.1934937611408199,0.1934937611408199,0.1934937611408199,3,0,
VVV,VVV-VALVOLINE INC-2022.pdf,5,0.0328163790849673,2,0.0328163790849673,0.0328163790849673,0.0328163790849673,0.0237575555555555,3,0,
VVV,VVV-VALVOLINE INC-2022.pdf,6,0.6852020202020201,1,0.6852020202020201,0.6852020202020201,0.6852020202020201,0.6852020202020201,2,0,
VVV,VVV-VALVOLINE INC-2022.pdf,11,0.0,0,0.0,0.0,0.0,0.0,0,0,
VVV,VVV-VALVOLINE INC-2022.pdf,17,0.0,0,0.0,0.0,0.0,0.0,0,0,
VVV,VVV-VALVOLINE INC-2022.pdf,24,0.0,0,0.0,0.0,0.0,0.0,0,0,
VVV,VVV-VALVOLINE INC-2022.pdf,28,0.5959812868947435,2,0.5959812868947435,0.5959812868947435,0.5959812868947435,0.5658414739214724,34,0,
VVV,VVV-VALVOLINE INC-2022.pdf,31,0.4741138018284171,3,0.4741138018284171,0.4741138018284171,0.4741138018284171,0.2684254603708003,18,0,
VVV,VVV-VALVOLINE INC-2022.pdf,32,0.5520767161879448,3,0.5520767161879448,0.5520767161879448,0.5520767161879448,0.3975413735308258,28,0,
VVV,VVV-VALVOLINE INC-2022.pdf,33,0.4863270249881751,4,0.4863270249881751,0.4863270249881751,0.4863270249881751,0.1803090819419361,12,0,
VVV,VVV-VALVOLINE INC-2022.pdf,35,0.4578757608157053,4,0.4578757608157053,0.4578757608157053,0.4578757608157053,0.2862315084874536,12,0,
VVV,VVV-VALVOLINE INC-2022.pdf,37,0.5729503500068577,3,0.5729503500068577,0.5729503500068577,0.5729503500068577,0.3449754707694629,22,0,
VVV,VVV-VALVOLINE INC-2022.pdf,39,0.4792361196022067,4,0.4792361196022067,0.4792361196022067,0.4792361196022067,0.3495880811728872,22,0,
VVV,VVV-VALVOLINE INC-2022.pdf,41,0.3897063340923973,7,0.3897063340923973,0.3897063340923973,0.3897063340923973,0.0925652814104801,6,0,
VVV,VVV-VALVOLINE INC-2022.pdf,42,0.4646339059406176,6,0.4646339059406176,0.4646339059406176,0.4646339059406176,0.107602923204621,6,0,
VVV,VVV-VALVOLINE INC-2022.pdf,43,0.3645717987178899,6,0.3645717987178899,0.3645717987178899,0.3645717987178899,0.1442197559176843,10,0,
VVV,VVV-VALVOLINE INC-2022.pdf,44,0.0,0,0.0,0.0,0.0,0.0,0,0,
W,W-WAYFAIR INC-2022.pdf,3,0.9713484848484848,1,0.0,0.0,0.0,0.9713484848484848,2,1,
W,W-WAYFAIR INC-2022.pdf,11,0.0021019260622321,1,0.0021019260622321,0.0021019260622321,0.0021019260622321,0.0021019260622321,2,0,
W,W-WAYFAIR INC-2022.pdf,13,0.0013048266901974,1,0.0013048266901974,0.0013048266901974,0.0013048266901974,0.0013048266901974,2,0,
W,W-WAYFAIR INC-2022.pdf,14,0.0,0,0.0,0.0,0.0,0.0,0,0,
W,W-WAYFAIR INC-2022.pdf,16,0.0,0,0.0,0.0,0.0,0.0,0,0,
W,W-WAYFAIR INC-2022.pdf,19,0.0,0,0.0,0.0,0.0,0.0,0,0,
W,W-WAYFAIR INC-2022.pdf,22,0.0,0,0.0,0.0,0.0,0.0,0,0,
W,W-WAYFAIR INC-2022.pdf,24,0.0,0,0.0,0.0,0.0,0.0,0,0,
W,W-WAYFAIR INC-2022.pdf,27,0.0,0,0.0,0.0,0.0,0.0,0,0,
W,W-WAYFAIR INC-2022.pdf,30,0.7258777978650138,1,0.7258777978650138,0.7258777978650138,0.7258777978650138,0.7258777978650138,15,0,
W,W-WAYFAIR INC-2024.pdf,3,0.0,0,0.0,0.0,0.0,0.0,0,0,
W,W-WAYFAIR INC-2024.pdf,6,0.0017313689929599,1,0.0017313689929599,0.0017313689929599,0.0017313689929599,0.0017313689929599,2,0,
W,W-WAYFAIR INC-2024.pdf,8,0.0021019260622321,1,0.0021019260622321,0.0021019260622321,0.0021019260622321,0.0021019260622321,3,0,
W,W-WAYFAIR INC-2024.pdf,10,0.0021019260622321,1,0.0021019260622321,0.0021019260622321,0.0021019260622321,0.0021019260622321,2,0,
W,W-WAYFAIR INC-2024.pdf,14,0.0,0,0.0,0.0,0.0,0.0,0,0,
W,W-WAYFAIR INC-2024.pdf,15,0.0,0,0.0,0.0,0.0,0.0,0,0,
W,W-WAYFAIR INC-2024.pdf,18,0.0346055369031221,3,0.0346055369031221,0.0346055369031221,0.0346055369031221,0.0143596117424242,5,0,
W,W-WAYFAIR INC-2024.pdf,21,0.0,0,0.0,0.0,0.0,0.0,0,0,
WMK,WMK-WEIS MARKETS INC-2021.pdf,12,0.0,0,0.0,0.0,0.0,0.0,0,0,
WMK,WMK-WEIS MARKETS INC-2021.pdf,27,0.0,0,0.0,0.0,0.0,0.0,0,0,
WMK,WMK-WEIS MARKETS INC-2021.pdf,29,0.0,0,0.0,0.0,0.0,0.0,0,0,
WRBY,WRBY-WARBY PARKER INC-2021.pdf,2,0.0,0,0.0,0.0,0.0,0.0,0,0,
WRBY,WRBY-WARBY PARKER INC-2021.pdf,11,0.0,0,0.0,0.0,0.0,0.0,0,0,
WRBY,WRBY-WARBY PARKER INC-2021.pdf,20,0.0,0,0.0,0.0,0.0,0.0,0,0,
WRBY,WRBY-WARBY PARKER INC-2021.pdf,22,0.4935897435897436,1,0.4935897435897436,0.4935897435897436,0.4935897435897436,0.4935897435897436,2,0,
WRBY,WRBY-WARBY PARKER INC-2021.pdf,25,0.0,0,0.0,0.0,0.0,0.0,0,0,
WRBY,WRBY-WARBY PARKER INC-2021.pdf,26,0.0,0,0.0,0.0,0.0,0.0,0,0,
WRBY,WRBY-WARBY PARKER INC-2021.pdf,27,0.0,0,0.0,0.0,0.0,0.0,0,0,
WRBY,WRBY-WARBY PARKER INC-2021.pdf,29,0.0,0,0.0,0.0,0.0,0.0,0,0,
WRBY,WRBY-WARBY PARKER INC-2021.pdf,30,0.0,0,0.0,0.0,0.0,0.0,0,0,
WRBY,WRBY-WARBY PARKER INC-2021.pdf,37,0.0,0,0.0,0.0,0.0,0.0,0,0,
WRBY,WRBY-WARBY PARKER INC-2021.pdf,42,0.0,0,0.0,0.0,0.0,0.0,0,0,
WRBY,WRBY-WARBY PARKER INC-2021.pdf,46,0.0,0,0.0,0.0,0.0,0.0,0,0,
WRBY,WRBY-WARBY PARKER INC-2021.pdf,49,0.0,0,0.0,0.0,0.0,0.0,0,0,
WRBY,WRBY-WARBY PARKER INC-2021.pdf,58,0.5212673524136804,3,0.5212673524136804,0.5212673524136804,0.5212673524136804,0.4755518501061393,2,0,
WRBY,WRBY-WARBY PARKER INC-2021.pdf,59,0.0,0,0.0,0.0,0.0,0.0,0,0,
WRBY,WRBY-WARBY PARKER INC-2021.pdf,60,0.0,0,0.0,0.0,0.0,0.0,0,0,
WRBY,WRBY-WARBY PARKER INC-2021.pdf,62,0.0,0,0.0,0.0,0.0,0.0,0,0,
WRBY,WRBY-WARBY PARKER INC-2021.pdf,64,0.0,0,0.0,0.0,0.0,0.0,0,0,
WRBY,WRBY-WARBY PARKER INC-2021.pdf,65,0.0,0,0.0,0.0,0.0,0.0,0,0,
WRBY,WRBY-WARBY PARKER INC-2021.pdf,67,0.0,0,0.0,0.0,0.0,0.0,0,0,
WRBY,WRBY-WARBY PARKER INC-2021.pdf,69,0.0,0,0.0,0.0,0.0,0.0,0,0,
WRBY,WRBY-WARBY PARKER INC-2021.pdf,70,0.0,0,0.0,0.0,0.0,0.0,0,0,
WRBY,WRBY-WARBY PARKER INC-2021.pdf,71,0.0,0,0.0,0.0,0.0,0.0,0,0,
WRBY,WRBY-WARBY PARKER INC-2021.pdf,72,0.0,0,0.0,0.0,0.0,0.0,0,0,
WRBY,WRBY-WARBY PARKER INC-2021.pdf,73,0.0,0,0.0,0.0,0.0,0.0,0,0,
WRBY,WRBY-WARBY PARKER INC-2021.pdf,74,0.0,0,0.0,0.0,0.0,0.0,0,0,
WRBY,WRBY-WARBY PARKER INC-2021.pdf,76,0.0,0,0.0,0.0,0.0,0.0,0,0,
WRBY,WRBY-WARBY PARKER INC-2021.pdf,77,0.0,0,0.0,0.0,0.0,0.0,0,0,
WRBY,WRBY-WARBY PARKER INC-2021.pdf,78,0.0,0,0.0,0.0,0.0,0.0,0,0,
WRBY,WRBY-WARBY PARKER INC-2025.pdf,4,0.0,0,0.0,0.0,0.0,0.0,0,0,
WRBY,WRBY-WARBY PARKER INC-2025.pdf,5,0.0,0,0.0,0.0,0.0,0.0,0,0,
WRBY,WRBY-WARBY PARKER INC-2025.pdf,9,0.0,0,0.0,0.0,0.0,0.0,0,0,
WRBY,WRBY-WARBY PARKER INC-2025.pdf,13,0.0,0,0.0,0.0,0.0,0.0,0,0,
WRBY,WRBY-WARBY PARKER INC-2025.pdf,15,0.0030230273775335,4,0.0030230273775335,0.0030230273775335,0.0030230273775335,0.0008083595431438,2,0,
WRBY,WRBY-WARBY PARKER INC-2025.pdf,22,0.0,0,0.0,0.0,0.0,0.0,0,0,
WRBY,WRBY-WARBY PARKER INC-2025.pdf,23,0.0,0,0.0,0.0,0.0,0.0,0,0,
WRBY,WRBY-WARBY PARKER INC-2025.pdf,24,0.0,0,0.0,0.0,0.0,0.0,0,0,
WRBY,WRBY-WARBY PARKER INC-2025.pdf,29,0.0,0,0.0,0.0,0.0,0.0,0,0,
WRBY,WRBY-WARBY PARKER INC-2025.pdf,31,0.0,0,0.0,0.0,0.0,0.0,0,0,
WRBY,WRBY-WARBY PARKER INC-2025.pdf,40,0.0,0,0.0,0.0,0.0,0.0,0,0,
WRBY,WRBY-WARBY PARKER INC-2025.pdf,43,0.0,0,0.0,0.0,0.0,0.0,0,0,
WRBY,WRBY-WARBY PARKER INC-2025.pdf,46,0.0,0,0.0,0.0,0.0,0.0,0,0,
WRBY,WRBY-WARBY PARKER INC-2025.pdf,48,0.2266980365981095,1,0.2266980365981095,0.2266980365981095,0.2266980365981095,0.2266980365981095,21,0,
WRBY,WRBY-WARBY PARKER INC-2025.pdf,50,0.0,0,0.0,0.0,0.0,0.0,0,0,
WRBY,WRBY-WARBY PARKER INC-2025.pdf,55,0.0,0,0.0,0.0,0.0,0.0,0,0,
WRBY,WRBY-WARBY PARKER INC-2025.pdf,56,0.0,0,0.0,0.0,0.0,0.0,0,0,
WRBY,WRBY-WARBY PARKER INC-2025.pdf,57,0.0,0,0.0,0.0,0.0,0.0,0,0,
WRBY,WRBY-WARBY PARKER INC-2025.pdf,60,0.0,0,0.0,0.0,0.0,0.0,0,0,
WRBY,WRBY-WARBY PARKER INC-2025.pdf,63,0.0,0,0.0,0.0,0.0,0.0,0,0,
WRBY,WRBY-WARBY PARKER INC-2025.pdf,64,0.0,0,0.0,0.0,0.0,0.0,0,0,
WRBY,WRBY-WARBY PARKER INC-2025.pdf,66,0.0,0,0.0,0.0,0.0,0.0,0,0,
WRBY,WRBY-WARBY PARKER INC-2025.pdf,68,0.1596373740526342,1,0.1596373740526342,0.1596373740526342,0.1596373740526342,0.1596373740526342,3,0,
WRBY,WRBY-WARBY PARKER INC-2025.pdf,72,0.0,0,0.0,0.0,0.0,0.0,0,0,
WRBY,WRBY-WARBY PARKER INC-2025.pdf,79,0.0,0,0.0,0.0,0.0,0.0,0,0,
WRBY,WRBY-WARBY PARKER INC-2025.pdf,80,0.0,0,0.0,0.0,0.0,0.0,0,0,
WRBY,WRBY-WARBY PARKER INC-2025.pdf,83,0.0310717468805704,1,0.0310717468805704,0.0310717468805704,0.0310717468805704,0.0310717468805704,6,0,
WRBY,WRBY-WARBY PARKER INC-2025.pdf,85,0.0310716893402984,1,0.0310716893402984,0.0310716893402984,0.0310716893402984,0.0310716893402984,6,0,
WWW,WWW-WOLVERINE WORLD WIDE-2023.pdf,4,0.0,0,0.0,0.0,0.0,0.0,0,0,
WWW,WWW-WOLVERINE WORLD WIDE-2023.pdf,12,0.0,0,0.0,0.0,0.0,0.0,0,0,
WWW,WWW-WOLVERINE WORLD WIDE-2023.pdf,13,0.0,0,0.0,0.0,0.0,0.0,0,0,
WWW,WWW-WOLVERINE WORLD WIDE-2023.pdf,16,0.0,0,0.0,0.0,0.0,0.0,0,0,
WWW,WWW-WOLVERINE WORLD WIDE-2023.pdf,18,0.0,0,0.0,0.0,0.0,0.0,0,0,
WWW,WWW-WOLVERINE WORLD WIDE-2023.pdf,20,1.0,1,0.0,0.0,0.0,1.0,2,1,
WWW,WWW-WOLVERINE WORLD WIDE-2023.pdf,25,0.0,0,0.0,0.0,0.0,0.0,0,0,
WWW,WWW-WOLVERINE WORLD WIDE-2023.pdf,29,0.0,0,0.0,0.0,0.0,0.0,0,0,
WWW,WWW-WOLVERINE WORLD WIDE-2023.pdf,30,0.0,0,0.0,0.0,0.0,0.0,0,0,
WWW,WWW-WOLVERINE WORLD WIDE-2023.pdf,31,0.0,0,0.0,0.0,0.0,0.0,0,0,
WWW,WWW-WOLVERINE WORLD WIDE-2023.pdf,32,0.0,0,0.0,0.0,0.0,0.0,0,0,
WWW,WWW-WOLVERINE WORLD WIDE-2023.pdf,33,0.0,0,0.0,0.0,0.0,0.0,0,0,
WWW,WWW-WOLVERINE WORLD WIDE-2023.pdf,34,0.0,0,0.0,0.0,0.0,0.0,0,0,
WWW,WWW-WOLVERINE WORLD WIDE-2023.pdf,36,0.0,0,0.0,0.0,0.0,0.0,0,0,
WWW,WWW-WOLVERINE WORLD WIDE-2023.pdf,40,0.0,0,0.0,0.0,0.0,0.0,0,0,
WWW,WWW-WOLVERINE WORLD WIDE-2023.pdf,46,0.0,0,0.0,0.0,0.0,0.0,0,0,
WWW,WWW-WOLVERINE WORLD WIDE-2023.pdf,47,0.0,0,0.0,0.0,0.0,0.0,0,0,
WWW,WWW-WOLVERINE WORLD WIDE-2023.pdf,48,0.0,0,0.0,0.0,0.0,0.0,0,0,
WWW,WWW-WOLVERINE WORLD WIDE-2024.pdf,4,0.0814814814814814,1,0.0814814814814814,0.0814814814814814,0.0814814814814814,0.0814814814814814,8,0,
WWW,WWW-WOLVERINE WORLD WIDE-2024.pdf,9,0.9999996969696968,1,0.9999996969696968,0.9999996969696968,0.9999996969696968,0.9999996969696968,9,0,
WWW,WWW-WOLVERINE WORLD WIDE-2024.pdf,10,1.0,1,1.0,1.0,1.0,1.0,9,0,
WWW,WWW-WOLVERINE WORLD WIDE-2024.pdf,14,0.0814814814814814,1,0.0814814814814814,0.0814814814814814,0.0814814814814814,0.0814814814814814,8,0,
WWW,WWW-WOLVERINE WORLD WIDE-2024.pdf,15,0.0814814814814814,1,0.0814814814814814,0.0814814814814814,0.0814814814814814,0.0814814814814814,8,0,
WWW,WWW-WOLVERINE WORLD WIDE-2024.pdf,16,1.0,1,1.0,1.0,1.0,1.0,9,0,
WWW,WWW-WOLVERINE WORLD WIDE-2024.pdf,17,0.0814814814814814,1,0.0814814814814814,0.0814814814814814,0.0814814814814814,0.0814814814814814,8,0,
WWW,WWW-WOLVERINE WORLD WIDE-2024.pdf,20,0.0814814814814814,1,0.0814814814814814,0.0814814814814814,0.0814814814814814,0.0814814814814814,8,0,
WWW,WWW-WOLVERINE WORLD WIDE-2024.pdf,32,1.0,1,1.0,1.0,1.0,1.0,9,0,
WWW,WWW-WOLVERINE WORLD WIDE-2024.pdf,34,0.0814814814814814,1,0.0814814814814814,0.0814814814814814,0.0814814814814814,0.0814814814814814,8,0,
WWW,WWW-WOLVERINE WORLD WIDE-2024.pdf,36,1.0,1,1.0,1.0,1.0,1.0,9,0,
WWW,WWW-WOLVERINE WORLD WIDE-2024.pdf,41,0.0814814567901234,1,0.0814814567901234,0.0814814567901234,0.0814814567901234,0.0814814567901234,8,0,
WWW,WWW-WOLVERINE WORLD WIDE-2024.pdf,42,0.0814814814814814,1,0.0814814814814814,0.0814814814814814,0.0814814814814814,0.0814814814814814,8,0,
WWW,WWW-WOLVERINE WORLD WIDE-2024.pdf,44,0.0814814814814814,1,0.0814814814814814,0.0814814814814814,0.0814814814814814,0.0814814814814814,8,0,
WWW,WWW-WOLVERINE WORLD WIDE-2024.pdf,50,0.9999996969696968,1,0.9999996969696968,0.9999996969696968,0.9999996969696968,0.9999996969696968,9,0,
WWW,WWW-WOLVERINE WORLD WIDE-2024.pdf,51,0.0814814814814814,1,0.0814814814814814,0.0814814814814814,0.0814814814814814,0.0814814814814814,8,0,
WWW,WWW-WOLVERINE WORLD WIDE-2024.pdf,52,0.0814814814814814,1,0.0814814814814814,0.0814814814814814,0.0814814814814814,0.0814814814814814,8,0,
WWW,WWW-WOLVERINE WORLD WIDE-2024.pdf,58,0.5250019663299663,2,0.5250019663299663,0.5250019663299663,0.5250019663299663,0.4435204848484849,11,0,
WWW,WWW-WOLVERINE WORLD WIDE-2024.pdf,60,0.7151910318602693,2,0.7151910318602693,0.7151910318602693,0.7151910318602693,0.6337095503787878,23,0,
WWW,WWW-WOLVERINE WORLD WIDE-2024.pdf,65,0.7140752037037037,2,0.7140752037037037,0.7140752037037037,0.7140752037037037,0.6325937222222222,20,0,
WWW,WWW-WOLVERINE WORLD WIDE-2024.pdf,67,0.7100665621632997,2,0.7100665621632997,0.7100665621632997,0.7100665621632997,0.6285850806818182,18,0,
WWW,WWW-WOLVERINE WORLD WIDE-2024.pdf,69,0.0814814814814814,1,0.0814814814814814,0.0814814814814814,0.0814814814814814,0.0814814814814814,8,0,
WWW,WWW-WOLVERINE WORLD WIDE-2024.pdf,70,0.0814814814814814,1,0.0814814814814814,0.0814814814814814,0.0814814814814814,0.0814814814814814,8,0,
WWW,WWW-WOLVERINE WORLD WIDE-2024.pdf,71,0.3863303480218855,2,0.3863303480218855,0.3863303480218855,0.3863303480218855,0.304848866540404,32,0,
WWW,WWW-WOLVERINE WORLD WIDE-2024.pdf,73,0.0814814814814814,1,0.0814814814814814,0.0814814814814814,0.0814814814814814,0.0814814814814814,8,0,
AAP,AAP-ADVANCE AUTO PARTS INC-2021.pdf,3,0.0,0,0.0,0.0,0.0,0.0,0,0,
AAP,AAP-ADVANCE AUTO PARTS INC-2021.pdf,5,0.0,0,0.0,0.0,0.0,0.0,0,0,
AAP,AAP-ADVANCE AUTO PARTS INC-2021.pdf,7,0.0116022644748134,1,0.0116022644748134,0.0116022644748134,0.0116022644748134,0.0116022644748134,21,0,
AAP,AAP-ADVANCE AUTO PARTS INC-2021.pdf,8,0.0,0,0.0,0.0,0.0,0.0,0,0,
AAP,AAP-ADVANCE AUTO PARTS INC-2021.pdf,11,0.0,0,0.0,0.0,0.0,0.0,0,0,
AAP,AAP-ADVANCE AUTO PARTS INC-2021.pdf,27,0.0,0,0.0,0.0,0.0,0.0,0,0,
AAP,AAP-ADVANCE AUTO PARTS INC-2021.pdf,36,1.0,1,0.0,0.0,0.0,1.0,2,1,
AAP,AAP-ADVANCE AUTO PARTS INC-2021.pdf,38,0.0,0,0.0,0.0,0.0,0.0,0,0,
AAP,AAP-ADVANCE AUTO PARTS INC-2021.pdf,44,0.2191428216031704,1,0.2191428216031704,0.2191428216031704,0.2191428216031704,0.2191428216031704,19,0,
AAP,AAP-ADVANCE AUTO PARTS INC-2021.pdf,48,0.3627450980392157,1,0.3627450980392157,0.3627450980392157,0.3627450980392157,0.3627450980392157,2,0,
AAP,AAP-ADVANCE AUTO PARTS INC-2021.pdf,49,1.0,1,0.0,0.0,0.0,1.0,4,1,
AAP,AAP-ADVANCE AUTO PARTS INC-2021.pdf,50,1.0,1,0.0,0.0,0.0,1.0,3,1,
AAP,AAP-ADVANCE AUTO PARTS INC-2021.pdf,51,0.3807696078431372,1,0.3807696078431372,0.3807696078431372,0.3807696078431372,0.3807696078431372,2,0,
AAP,AAP-ADVANCE AUTO PARTS INC-2021.pdf,54,0.0,0,0.0,0.0,0.0,0.0,0,0,
AAP,AAP-ADVANCE AUTO PARTS INC-2021.pdf,55,0.3970588235294117,1,0.3970588235294117,0.3970588235294117,0.3970588235294117,0.3970588235294117,2,0,
AAP,AAP-ADVANCE AUTO PARTS INC-2021.pdf,56,0.9991813725490196,1,0.9991813725490196,0.9991813725490196,0.9991813725490196,0.9991813725490196,17,0,
AAP,AAP-ADVANCE AUTO PARTS INC-2021.pdf,57,0.0,0,0.0,0.0,0.0,0.0,0,0,
AAP,AAP-ADVANCE AUTO PARTS INC-2021.pdf,61,0.3150025754129531,1,0.3150025754129531,0.3150025754129531,0.3150025754129531,0.3150025754129531,18,0,
AAP,AAP-ADVANCE AUTO PARTS INC-2021.pdf,62,0.0,0,0.0,0.0,0.0,0.0,0,0,
AAP,AAP-ADVANCE AUTO PARTS INC-2022.pdf,4,0.0,0,0.0,0.0,0.0,0.0,0,0,
AAP,AAP-ADVANCE AUTO PARTS INC-2022.pdf,5,0.0,0,0.0,0.0,0.0,0.0,0,0,
AAP,AAP-ADVANCE AUTO PARTS INC-2022.pdf,7,0.0070802881758764,11,0.0070802881758764,0.0070802881758764,0.0070802881758764,0.0006436625614433,2,0,
AAP,AAP-ADVANCE AUTO PARTS INC-2022.pdf,9,0.0,0,0.0,0.0,0.0,0.0,0,0,
AAP,AAP-ADVANCE AUTO PARTS INC-2022.pdf,14,0.0,0,0.0,0.0,0.0,0.0,0,0,
AAP,AAP-ADVANCE AUTO PARTS INC-2022.pdf,17,0.0,0,0.0,0.0,0.0,0.0,0,0,
AAP,AAP-ADVANCE AUTO PARTS INC-2022.pdf,26,0.0,0,0.0,0.0,0.0,0.0,0,0,
AAP,AAP-ADVANCE AUTO PARTS INC-2022.pdf,30,0.0,0,0.0,0.0,0.0,0.0,0,0,
AAP,AAP-ADVANCE AUTO PARTS INC-2022.pdf,32,0.0,0,0.0,0.0,0.0,0.0,0,0,
AAP,AAP-ADVANCE AUTO PARTS INC-2022.pdf,33,0.0,0,0.0,0.0,0.0,0.0,0,0,
AAP,AAP-ADVANCE AUTO PARTS INC-2022.pdf,54,0.0,0,0.0,0.0,0.0,0.0,0,0,
AAP,AAP-ADVANCE AUTO PARTS INC-2022.pdf,56,0.0,0,0.0,0.0,0.0,0.0,0,0,
AAP,AAP-ADVANCE AUTO PARTS INC-2022.pdf,57,0.0,0,0.0,0.0,0.0,0.0,0,0,
AAP,AAP-ADVANCE AUTO PARTS INC-2022.pdf,58,0.0,0,0.0,0.0,0.0,0.0,0,0,
AAP,AAP-ADVANCE AUTO PARTS INC-2022.pdf,61,0.6300262596691315,1,0.6300262596691315,0.6300262596691315,0.6300262596691315,0.6300262596691315,16,0,
AAP,AAP-ADVANCE AUTO PARTS INC-2022.pdf,63,0.3428961406842939,1,0.3428961406842939,0.3428961406842939,0.3428961406842939,0.3428961406842939,18,0,
AAPL,AAPL-APPLE INC-2021.pdf,5,0.0,0,0.0,0.0,0.0,0.0,0,0,
AAPL,AAPL-APPLE INC-2021.pdf,7,0.0,0,0.0,0.0,0.0,0.0,0,0,
AAPL,AAPL-APPLE INC-2021.pdf,8,0.0,0,0.0,0.0,0.0,0.0,0,0,
AAPL,AAPL-APPLE INC-2021.pdf,9,0.0,0,0.0,0.0,0.0,0.0,0,0,
AAPL,AAPL-APPLE INC-2021.pdf,10,0.0,0,0.0,0.0,0.0,0.0,0,0,
AAPL,AAPL-APPLE INC-2021.pdf,11,0.0,0,0.0,0.0,0.0,0.0,0,0,
AAPL,AAPL-APPLE INC-2021.pdf,12,0.0,0,0.0,0.0,0.0,0.0,0,0,
AAPL,AAPL-APPLE INC-2021.pdf,14,0.0,0,0.0,0.0,0.0,0.0,0,0,
AAPL,AAPL-APPLE INC-2021.pdf,15,0.0,0,0.0,0.0,0.0,0.0,0,0,
AAPL,AAPL-APPLE INC-2021.pdf,17,0.0,0,0.0,0.0,0.0,0.0,0,0,
AAPL,AAPL-APPLE INC-2021.pdf,18,0.0,0,0.0,0.0,0.0,0.0,0,0,
AAPL,AAPL-APPLE INC-2021.pdf,19,0.0,0,0.0,0.0,0.0,0.0,0,0,
AAPL,AAPL-APPLE INC-2021.pdf,20,0.0,0,0.0,0.0,0.0,0.0,0,0,
AAPL,AAPL-APPLE INC-2021.pdf,21,0.0,0,0.0,0.0,0.0,0.0,0,0,
AAPL,AAPL-APPLE INC-2021.pdf,22,0.0,0,0.0,0.0,0.0,0.0,0,0,
AAPL,AAPL-APPLE INC-2021.pdf,23,0.0,0,0.0,0.0,0.0,0.0,0,0,
AAPL,AAPL-APPLE INC-2021.pdf,26,0.0,0,0.0,0.0,0.0,0.0,0,0,
AAPL,AAPL-APPLE INC-2021.pdf,27,0.0,0,0.0,0.0,0.0,0.0,0,0,
AAPL,AAPL-APPLE INC-2021.pdf,28,0.0,0,0.0,0.0,0.0,0.0,0,0,
AAPL,AAPL-APPLE INC-2021.pdf,29,0.0,0,0.0,0.0,0.0,0.0,0,0,
AAPL,AAPL-APPLE INC-2021.pdf,30,0.0,0,0.0,0.0,0.0,0.0,0,0,
AAPL,AAPL-APPLE INC-2021.pdf,31,0.0,0,0.0,0.0,0.0,0.0,0,0,
AAPL,AAPL-APPLE INC-2021.pdf,32,0.0,0,0.0,0.0,0.0,0.0,0,0,
AAPL,AAPL-APPLE INC-2021.pdf,33,0.0,0,0.0,0.0,0.0,0.0,0,0,
AAPL,AAPL-APPLE INC-2021.pdf,34,0.0,0,0.0,0.0,0.0,0.0,0,0,
AAPL,AAPL-APPLE INC-2021.pdf,36,0.0,0,0.0,0.0,0.0,0.0,0,0,
AAPL,AAPL-APPLE INC-2021.pdf,37,0.0,0,0.0,0.0,0.0,0.0,0,0,
AAPL,AAPL-APPLE INC-2021.pdf,38,0.0,0,0.0,0.0,0.0,0.0,0,0,
AAPL,AAPL-APPLE INC-2021.pdf,39,0.0,0,0.0,0.0,0.0,0.0,0,0,
AAPL,AAPL-APPLE INC-2021.pdf,40,0.0,0,0.0,0.0,0.0,0.0,0,0,
AAPL,AAPL-APPLE INC-2021.pdf,41,0.0,0,0.0,0.0,0.0,0.0,0,0,
AAPL,AAPL-APPLE INC-2021.pdf,43,0.0,0,0.0,0.0,0.0,0.0,0,0,
AAPL,AAPL-APPLE INC-2021.pdf,45,0.0,0,0.0,0.0,0.0,0.0,0,0,
AAPL,AAPL-APPLE INC-2021.pdf,46,0.0,0,0.0,0.0,0.0,0.0,0,0,
AAPL,AAPL-APPLE INC-2021.pdf,47,0.0,0,0.0,0.0,0.0,0.0,0,0,
AAPL,AAPL-APPLE INC-2021.pdf,48,0.0,0,0.0,0.0,0.0,0.0,0,0,
AAPL,AAPL-APPLE INC-2021.pdf,50,0.0,0,0.0,0.0,0.0,0.0,0,0,
AAPL,AAPL-APPLE INC-2021.pdf,51,0.0,0,0.0,0.0,0.0,0.0,0,0,
AAPL,AAPL-APPLE INC-2021.pdf,53,0.0,0,0.0,0.0,0.0,0.0,0,0,
AAPL,AAPL-APPLE INC-2021.pdf,55,0.0,0,0.0,0.0,0.0,0.0,0,0,
AAPL,AAPL-APPLE INC-2021.pdf,56,0.0,0,0.0,0.0,0.0,0.0,0,0,
AAPL,AAPL-APPLE INC-2021.pdf,57,0.0,0,0.0,0.0,0.0,0.0,0,0,
AAPL,AAPL-APPLE INC-2021.pdf,58,0.0,0,0.0,0.0,0.0,0.0,0,0,
AAPL,AAPL-APPLE INC-2021.pdf,62,0.0,0,0.0,0.0,0.0,0.0,0,0,
AAPL,AAPL-APPLE INC-2021.pdf,64,0.0,0,0.0,0.0,0.0,0.0,0,0,
AAPL,AAPL-APPLE INC-2022.pdf,6,0.0,0,0.0,0.0,0.0,0.0,0,0,
AAPL,AAPL-APPLE INC-2022.pdf,7,0.0,0,0.0,0.0,0.0,0.0,0,0,
AAPL,AAPL-APPLE INC-2022.pdf,9,0.0,0,0.0,0.0,0.0,0.0,0,0,
AAPL,AAPL-APPLE INC-2022.pdf,10,0.0,0,0.0,0.0,0.0,0.0,0,0,
AAPL,AAPL-APPLE INC-2022.pdf,11,0.0,0,0.0,0.0,0.0,0.0,0,0,
AAPL,AAPL-APPLE INC-2022.pdf,13,0.0,0,0.0,0.0,0.0,0.0,0,0,
AAPL,AAPL-APPLE INC-2022.pdf,14,0.0,0,0.0,0.0,0.0,0.0,0,0,
AAPL,AAPL-APPLE INC-2022.pdf,16,0.0,0,0.0,0.0,0.0,0.0,0,0,
AAPL,AAPL-APPLE INC-2022.pdf,17,0.0,0,0.0,0.0,0.0,0.0,0,0,
AAPL,AAPL-APPLE INC-2022.pdf,18,0.0,0,0.0,0.0,0.0,0.0,0,0,
AAPL,AAPL-APPLE INC-2022.pdf,19,0.0,0,0.0,0.0,0.0,0.0,0,0,
AAPL,AAPL-APPLE INC-2022.pdf,20,0.0,0,0.0,0.0,0.0,0.0,0,0,
AAPL,AAPL-APPLE INC-2022.pdf,21,0.0,0,0.0,0.0,0.0,0.0,0,0,
AAPL,AAPL-APPLE INC-2022.pdf,23,0.0,0,0.0,0.0,0.0,0.0,0,0,
AAPL,AAPL-APPLE INC-2022.pdf,25,0.0,0,0.0,0.0,0.0,0.0,0,0,
AAPL,AAPL-APPLE INC-2022.pdf,27,0.0,0,0.0,0.0,0.0,0.0,0,0,
AAPL,AAPL-APPLE INC-2022.pdf,28,0.0,0,0.0,0.0,0.0,0.0,0,0,
AAPL,AAPL-APPLE INC-2022.pdf,29,0.0,0,0.0,0.0,0.0,0.0,0,0,
AAPL,AAPL-APPLE INC-2022.pdf,31,0.0,0,0.0,0.0,0.0,0.0,0,0,
AAPL,AAPL-APPLE INC-2022.pdf,32,0.0,0,0.0,0.0,0.0,0.0,0,0,
AAPL,AAPL-APPLE INC-2022.pdf,33,0.0,0,0.0,0.0,0.0,0.0,0,0,
AAPL,AAPL-APPLE INC-2022.pdf,34,0.0,0,0.0,0.0,0.0,0.0,0,0,
AAPL,AAPL-APPLE INC-2022.pdf,35,0.0,0,0.0,0.0,0.0,0.0,0,0,
AAPL,AAPL-APPLE INC-2022.pdf,41,0.0,0,0.0,0.0,0.0,0.0,0,0,
AAPL,AAPL-APPLE INC-2022.pdf,43,0.0,0,0.0,0.0,0.0,0.0,0,0,
AAPL,AAPL-APPLE INC-2022.pdf,45,0.0,0,0.0,0.0,0.0,0.0,0,0,
AAPL,AAPL-APPLE INC-2022.pdf,46,0.0,0,0.0,0.0,0.0,0.0,0,0,
AAPL,AAPL-APPLE INC-2022.pdf,49,0.0,0,0.0,0.0,0.0,0.0,0,0,
AAPL,AAPL-APPLE INC-2022.pdf,50,0.0,0,0.0,0.0,0.0,0.0,0,0,
AAPL,AAPL-APPLE INC-2022.pdf,51,0.0,0,0.0,0.0,0.0,0.0,0,0,
AAPL,AAPL-APPLE INC-2022.pdf,54,0.0,0,0.0,0.0,0.0,0.0,0,0,
AAPL,AAPL-APPLE INC-2022.pdf,55,0.0,0,0.0,0.0,0.0,0.0,0,0,
AAPL,AAPL-APPLE INC-2022.pdf,56,0.0,0,0.0,0.0,0.0,0.0,0,0,
AAPL,AAPL-APPLE INC-2022.pdf,57,0.0,0,0.0,0.0,0.0,0.0,0,0,
AAPL,AAPL-APPLE INC-2022.pdf,59,0.0,0,0.0,0.0,0.0,0.0,0,0,
AAPL,AAPL-APPLE INC-2022.pdf,60,0.0,0,0.0,0.0,0.0,0.0,0,0,
AAPL,AAPL-APPLE INC-2022.pdf,61,0.0,0,0.0,0.0,0.0,0.0,0,0,
AAPL,AAPL-APPLE INC-2022.pdf,62,0.0,0,0.0,0.0,0.0,0.0,0,0,
AAPL,AAPL-APPLE INC-2022.pdf,63,0.0,0,0.0,0.0,0.0,0.0,0,0,
AAPL,AAPL-APPLE INC-2022.pdf,64,0.0,0,0.0,0.0,0.0,0.0,0,0,
AAPL,AAPL-APPLE INC-2022.pdf,66,0.0,0,0.0,0.0,0.0,0.0,0,0,
AAPL,AAPL-APPLE INC-2022.pdf,70,0.0,0,0.0,0.0,0.0,0.0,0,0,
AAPL,AAPL-APPLE INC-2022.pdf,71,0.0,0,0.0,0.0,0.0,0.0,0,0,
AAPL,AAPL-APPLE INC-2022.pdf,72,0.0,0,0.0,0.0,0.0,0.0,0,0,
AAPL,AAPL-APPLE INC-2022.pdf,75,0.0,0,0.0,0.0,0.0,0.0,0,0,
AAPL,AAPL-APPLE INC-2022.pdf,76,0.0,0,0.0,0.0,0.0,0.0,0,0,
AAPL,AAPL-APPLE INC-2022.pdf,77,0.0,0,0.0,0.0,0.0,0.0,0,0,
AAPL,AAPL-APPLE INC-2022.pdf,78,0.0,0,0.0,0.0,0.0,0.0,0,0,
AAPL,AAPL-APPLE INC-2022.pdf,83,0.0,0,0.0,0.0,0.0,0.0,0,0,
AAPL,AAPL-APPLE INC-2022.pdf,84,0.0,0,0.0,0.0,0.0,0.0,0,0,
AAPL,AAPL-APPLE INC-2022.pdf,85,0.0,0,0.0,0.0,0.0,0.0,0,0,
ABG,ABG-ASBURY AUTOMOTIVE GROUP INC-2023.pdf,6,0.0,0,0.0,0.0,0.0,0.0,0,0,
ABG,ABG-ASBURY AUTOMOTIVE GROUP INC-2023.pdf,10,0.0,0,0.0,0.0,0.0,0.0,0,0,
ABG,ABG-ASBURY AUTOMOTIVE GROUP INC-2023.pdf,17,0.0717570891203703,1,0.0717570891203703,0.0717570891203703,0.0717570891203703,0.0717570891203703,14,0,
ABG,ABG-ASBURY AUTOMOTIVE GROUP INC-2023.pdf,23,0.0,0,0.0,0.0,0.0,0.0,0,0,
ABG,ABG-ASBURY AUTOMOTIVE GROUP INC-2023.pdf,24,0.0,0,0.0,0.0,0.0,0.0,0,0,
ABG,ABG-ASBURY AUTOMOTIVE GROUP INC-2023.pdf,27,0.0,0,0.0,0.0,0.0,0.0,0,0,
ABG,ABG-ASBURY AUTOMOTIVE GROUP INC-2023.pdf,30,0.0,0,0.0,0.0,0.0,0.0,0,0,
ABG,ABG-ASBURY AUTOMOTIVE GROUP INC-2023.pdf,34,0.0,0,0.0,0.0,0.0,0.0,0,0,
ABG,ABG-ASBURY AUTOMOTIVE GROUP INC-2023.pdf,35,0.0,0,0.0,0.0,0.0,0.0,0,0,
ABG,ABG-ASBURY AUTOMOTIVE GROUP INC-2023.pdf,37,0.5729166666666666,1,0.5729166666666666,0.5729166666666666,0.5729166666666666,0.5729166666666666,2,0,
ABG,ABG-ASBURY AUTOMOTIVE GROUP INC-2023.pdf,40,0.2521036179698215,3,0.2521036179698215,0.2521036179698215,0.2521036179698215,0.1349037037037037,12,0,
ABG,ABG-ASBURY AUTOMOTIVE GROUP INC-2023.pdf,41,0.2612578920717592,6,0.2612578920717592,0.2612578920717592,0.2612578920717592,0.0953862043467078,5,0,
ABG,ABG-ASBURY AUTOMOTIVE GROUP INC-2023.pdf,44,0.3059444333626864,6,0.3059444333626864,0.3059444333626864,0.3059444333626864,0.0894319553039801,16,0,
ACI,ACI-ALBERTSONS COS INC-2025.pdf,4,0.9997657828282828,1,0.0,0.0,0.0,0.9997657828282828,2,1,
ACI,ACI-ALBERTSONS COS INC-2025.pdf,6,0.9997657828282828,1,0.0,0.0,0.0,0.9997657828282828,2,1,
ACI,ACI-ALBERTSONS COS INC-2025.pdf,7,0.9997657828282828,1,0.0,0.0,0.0,0.9997657828282828,2,1,
ACI,ACI-ALBERTSONS COS INC-2025.pdf,9,0.9997657828282828,1,0.0,0.0,0.0,0.9997657828282828,3,1,
ACI,ACI-ALBERTSONS COS INC-2025.pdf,10,0.9997657828282828,1,0.0,0.0,0.0,0.9997657828282828,2,1,
ACI,ACI-ALBERTSONS COS INC-2025.pdf,11,0.9974037247474749,1,0.0,0.0,0.0,0.9974037247474749,2,1,
ACI,ACI-ALBERTSONS COS INC-2025.pdf,13,0.9997657828282828,1,0.0,0.0,0.0,0.9997657828282828,3,1,
ACI,ACI-ALBERTSONS COS INC-2025.pdf,14,0.9997657828282828,1,0.0,0.0,0.0,0.9997657828282828,2,1,
ACI,ACI-ALBERTSONS COS INC-2025.pdf,15,0.9997657828282828,1,0.0,0.0,0.0,0.9997657828282828,2,1,
ACI,ACI-ALBERTSONS COS INC-2025.pdf,17,1.0711374332486605,3,0.0712935780298053,0.0712935780298053,0.0712935780298053,0.9998438552188552,4,1,
ACI,ACI-ALBERTSONS COS INC-2025.pdf,18,0.9997657828282828,1,0.0,0.0,0.0,0.9997657828282828,2,1,
AN,AN-AUTONATION INC-2024.pdf,5,0.0,0,0.0,0.0,0.0,0.0,0,0,
AN,AN-AUTONATION INC-2024.pdf,8,0.0,0,0.0,0.0,0.0,0.0,0,0,
AN,AN-AUTONATION INC-2024.pdf,10,0.0,0,0.0,0.0,0.0,0.0,0,0,
AN,AN-AUTONATION INC-2024.pdf,25,0.1338650108932462,1,0.1338650108932462,0.1338650108932462,0.1338650108932462,0.1338650108932462,2,0,
AN,AN-AUTONATION INC-2024.pdf,27,0.921529411764706,1,0.0,0.0,0.921529411764706,0.921529411764706,2,1,
AN,AN-AUTONATION INC-2024.pdf,28,0.0,0,0.0,0.0,0.0,0.0,0,0,
AN,AN-AUTONATION INC-2024.pdf,30,0.5389618252602275,1,0.5389618252602275,0.5389618252602275,0.5389618252602275,0.5389618252602275,8,0,
AN,AN-AUTONATION INC-2024.pdf,31,0.5604960281166786,1,0.5604960281166786,0.5604960281166786,0.5604960281166786,0.5604960281166786,14,0,
ANF,ANF-ABERCROMBIE & FITCH -CL A-2022.pdf,44,38.15016097901264,6,38.15016097901264,38.15016097901264,38.15016097901264,37.7520857404278,5,0,
APC,APC-ARKO PETROLEUM CORP-2024.pdf,4,0.0,0,0.0,0.0,0.0,0.0,0,0,
APC,APC-ARKO PETROLEUM CORP-2024.pdf,8,0.0,0,0.0,0.0,0.0,0.0,0,0,
APC,APC-ARKO PETROLEUM CORP-2024.pdf,9,0.0,0,0.0,0.0,0.0,0.0,0,0,
APC,APC-ARKO PETROLEUM CORP-2024.pdf,14,0.0,0,0.0,0.0,0.0,0.0,0,0,
APC,APC-ARKO PETROLEUM CORP-2024.pdf,15,0.0,0,0.0,0.0,0.0,0.0,0,0,
APC,APC-ARKO PETROLEUM CORP-2024.pdf,17,0.0584997596619497,1,0.0584997596619497,0.0584997596619497,0.0584997596619497,0.0584997596619497,24,0,
APC,APC-ARKO PETROLEUM CORP-2024.pdf,24,0.0,0,0.0,0.0,0.0,0.0,0,0,
APC,APC-ARKO PETROLEUM CORP-2024.pdf,28,0.0,0,0.0,0.0,0.0,0.0,0,0,
APC,APC-ARKO PETROLEUM CORP-2024.pdf,30,0.0,0,0.0,0.0,0.0,0.0,0,0,
APC,APC-ARKO PETROLEUM CORP-2024.pdf,34,0.0,0,0.0,0.0,0.0,0.0,0,0,
APC,APC-ARKO PETROLEUM CORP-2024.pdf,38,0.0,0,0.0,0.0,0.0,0.0,0,0,
APC,APC-ARKO PETROLEUM CORP-2024.pdf,42,0.0,0,0.0,0.0,0.0,0.0,0,0,
APC,APC-ARKO PETROLEUM CORP-2024.pdf,43,0.0,0,0.0,0.0,0.0,0.0,0,0,
APC,APC-ARKO PETROLEUM CORP-2024.pdf,44,0.0,0,0.0,0.0,0.0,0.0,0,0,
APC,APC-ARKO PETROLEUM CORP-2024.pdf,47,0.018618426916221,1,0.018618426916221,0.018618426916221,0.018618426916221,0.018618426916221,6,0,
APC,APC-ARKO PETROLEUM CORP-2024.pdf,52,0.0,0,0.0,0.0,0.0,0.0,0,0,
APC,APC-ARKO PETROLEUM CORP-2024.pdf,54,0.0,0,0.0,0.0,0.0,0.0,0,0,
ARKO,ARKO-ARKO CORP-2023.pdf,4,0.0,0,0.0,0.0,0.0,0.0,0,0,
ARKO,ARKO-ARKO CORP-2023.pdf,9,0.0,0,0.0,0.0,0.0,0.0,0,0,
ARKO,ARKO-ARKO CORP-2023.pdf,12,0.0,0,0.0,0.0,0.0,0.0,0,0,
ARKO,ARKO-ARKO CORP-2023.pdf,13,0.0,0,0.0,0.0,0.0,0.0,0,0,
ARKO,ARKO-ARKO CORP-2023.pdf,16,0.0915241223986701,1,0.0915241223986701,0.0915241223986701,0.0915241223986701,0.0915241223986701,25,0,
ARKO,ARKO-ARKO CORP-2023.pdf,17,0.1114377690755594,3,0.1114377690755594,0.1114377690755594,0.1114377690755594,0.0742918275277283,16,0,
ARKO,ARKO-ARKO CORP-2023.pdf,25,0.0,0,0.0,0.0,0.0,0.0,0,0,
ARKO,ARKO-ARKO CORP-2023.pdf,34,0.1159240427540106,4,0.1159240427540106,0.1159240427540106,0.1159240427540106,0.0475528758645275,9,0,
ARKO,ARKO-ARKO CORP-2023.pdf,35,0.0,0,0.0,0.0,0.0,0.0,0,0,
ARKO,ARKO-ARKO CORP-2023.pdf,37,0.0,0,0.0,0.0,0.0,0.0,0,0,
ARKO,ARKO-ARKO CORP-2023.pdf,39,0.0,0,0.0,0.0,0.0,0.0,0,0,
ARKO,ARKO-ARKO CORP-2023.pdf,43,0.0,0,0.0,0.0,0.0,0.0,0,0,
ARKO,ARKO-ARKO CORP-2023.pdf,44,0.0,0,0.0,0.0,0.0,0.0,0,0,
ARKO,ARKO-ARKO CORP-2023.pdf,46,0.018618426916221,1,0.018618426916221,0.018618426916221,0.018618426916221,0.018618426916221,6,0,
ARKO,ARKO-ARKO CORP-2023.pdf,47,0.0,0,0.0,0.0,0.0,0.0,0,0,
ARKO,ARKO-ARKO CORP-2023.pdf,48,0.0,0,0.0,0.0,0.0,0.0,0,0,
ARKO,ARKO-ARKO CORP-2023.pdf,49,0.0472826325757575,2,0.0472826325757575,0.0472826325757575,0.0472826325757575,0.029761847704991,5,0,
ARKO,ARKO-ARKO CORP-2023.pdf,50,0.0,0,0.0,0.0,0.0,0.0,0,0,
ARKO,ARKO-ARKO CORP-2023.pdf,52,0.0,0,0.0,0.0,0.0,0.0,0,0,
ARKO,ARKO-ARKO CORP-2024.pdf,4,0.0,0,0.0,0.0,0.0,0.0,0,0,
ARKO,ARKO-ARKO CORP-2024.pdf,8,0.0,0,0.0,0.0,0.0,0.0,0,0,
ARKO,ARKO-ARKO CORP-2024.pdf,9,0.0,0,0.0,0.0,0.0,0.0,0,0,
ARKO,ARKO-ARKO CORP-2024.pdf,14,0.0,0,0.0,0.0,0.0,0.0,0,0,
ARKO,ARKO-ARKO CORP-2024.pdf,15,0.0,0,0.0,0.0,0.0,0.0,0,0,
ARKO,ARKO-ARKO CORP-2024.pdf,17,0.0584997596619497,1,0.0584997596619497,0.0584997596619497,0.0584997596619497,0.0584997596619497,24,0,
ARKO,ARKO-ARKO CORP-2024.pdf,24,0.0,0,0.0,0.0,0.0,0.0,0,0,
ARKO,ARKO-ARKO CORP-2024.pdf,28,0.0,0,0.0,0.0,0.0,0.0,0,0,
ARKO,ARKO-ARKO CORP-2024.pdf,30,0.0,0,0.0,0.0,0.0,0.0,0,0,
ARKO,ARKO-ARKO CORP-2024.pdf,34,0.0,0,0.0,0.0,0.0,0.0,0,0,
ARKO,ARKO-ARKO CORP-2024.pdf,38,0.0,0,0.0,0.0,0.0,0.0,0,0,
ARKO,ARKO-ARKO CORP-2024.pdf,42,0.0,0,0.0,0.0,0.0,0.0,0,0,
ARKO,ARKO-ARKO CORP-2024.pdf,43,0.0,0,0.0,0.0,0.0,0.0,0,0,
ARKO,ARKO-ARKO CORP-2024.pdf,44,0.0,0,0.0,0.0,0.0,0.0,0,0,
ARKO,ARKO-ARKO CORP-2024.pdf,47,0.018618426916221,1,0.018618426916221,0.018618426916221,0.018618426916221,0.018618426916221,6,0,
ARKO,ARKO-ARKO CORP-2024.pdf,52,0.0,0,0.0,0.0,0.0,0.0,0,0,
ARKO,ARKO-ARKO CORP-2024.pdf,54,0.0,0,0.0,0.0,0.0,0.0,0,0,
AZO,AZO-AUTOZONE INC-2025.pdf,4,0.0,0,0.0,0.0,0.0,0.0,0,0,
AZO,AZO-AUTOZONE INC-2025.pdf,17,0.0,0,0.0,0.0,0.0,0.0,0,0,
AZO,AZO-AUTOZONE INC-2025.pdf,20,0.0,0,0.0,0.0,0.0,0.0,0,0,
AZO,AZO-AUTOZONE INC-2025.pdf,23,0.6344749963379712,1,0.6344749963379712,0.6344749963379712,0.6344749963379712,0.6344749963379712,27,0,
AZO,AZO-AUTOZONE INC-2025.pdf,25,0.6445131877393213,1,0.6445131877393213,0.6445131877393213,0.6445131877393213,0.6445131877393213,51,0,
AZO,AZO-AUTOZONE INC-2025.pdf,26,0.4362884859625668,1,0.4362884859625668,0.4362884859625668,0.4362884859625668,0.4362884859625668,38,0,
AZO,AZO-AUTOZONE INC-2025.pdf,31,0.398154745060903,1,0.398154745060903,0.398154745060903,0.398154745060903,0.398154745060903,27,0,
AZO,AZO-AUTOZONE INC-2025.pdf,32,0.4416371078472634,1,0.4416371078472634,0.4416371078472634,0.4416371078472634,0.4416371078472634,40,0,
BBY,BBY-BEST BUY CO INC-2025.pdf,3,0.0,0,0.0,0.0,0.0,0.0,0,0,
BBY,BBY-BEST BUY CO INC-2025.pdf,8,0.0,0,0.0,0.0,0.0,0.0,0,0,
BBY,BBY-BEST BUY CO INC-2025.pdf,10,0.0366447465135766,3,0.0366447465135766,0.0366447465135766,0.0366447465135766,0.0329666625800488,6,0,
BBY,BBY-BEST BUY CO INC-2025.pdf,13,0.0,0,0.0,0.0,0.0,0.0,0,0,
BBY,BBY-BEST BUY CO INC-2025.pdf,18,0.0,0,0.0,0.0,0.0,0.0,0,0,
BBY,BBY-BEST BUY CO INC-2025.pdf,19,0.0,0,0.0,0.0,0.0,0.0,0,0,
BBY,BBY-BEST BUY CO INC-2025.pdf,21,0.0,0,0.0,0.0,0.0,0.0,0,0,
BBY,BBY-BEST BUY CO INC-2025.pdf,26,0.0,0,0.0,0.0,0.0,0.0,0,0,
BBY,BBY-BEST BUY CO INC-2025.pdf,30,0.0,0,0.0,0.0,0.0,0.0,0,0,
BBY,BBY-BEST BUY CO INC-2025.pdf,36,0.0245381355092592,1,0.0245381355092592,0.0245381355092592,0.0245381355092592,0.0245381355092592,2,0,
BBY,BBY-BEST BUY CO INC-2025.pdf,37,0.0,0,0.0,0.0,0.0,0.0,0,0,
BBY,BBY-BEST BUY CO INC-2025.pdf,40,0.0,0,0.0,0.0,0.0,0.0,0,0,
BBY,BBY-BEST BUY CO INC-2025.pdf,45,0.0,0,0.0,0.0,0.0,0.0,0,0,
BBY,BBY-BEST BUY CO INC-2025.pdf,46,0.0,0,0.0,0.0,0.0,0.0,0,0,
BBY,BBY-BEST BUY CO INC-2025.pdf,49,0.0,0,0.0,0.0,0.0,0.0,0,0,
BBY,BBY-BEST BUY CO INC-2025.pdf,51,0.0,0,0.0,0.0,0.0,0.0,0,0,
BBY,BBY-BEST BUY CO INC-2025.pdf,53,0.0,0,0.0,0.0,0.0,0.0,0,0,
BBY,BBY-BEST BUY CO INC-2025.pdf,54,0.0,0,0.0,0.0,0.0,0.0,0,0,
BBY,BBY-BEST BUY CO INC-2025.pdf,55,0.0,0,0.0,0.0,0.0,0.0,0,0,
BBY,BBY-BEST BUY CO INC-2025.pdf,56,0.0,0,0.0,0.0,0.0,0.0,0,0,
BBY,BBY-BEST BUY CO INC-2025.pdf,57,0.0,0,0.0,0.0,0.0,0.0,0,0,
BBY,BBY-BEST BUY CO INC-2025.pdf,61,0.2300489907609592,2,0.2300489907609592,0.2300489907609592,0.2300489907609592,0.2185399398395721,21,0,
BBY,BBY-BEST BUY CO INC-2025.pdf,62,0.4136515182461873,1,0.4136515182461873,0.4136515182461873,0.4136515182461873,0.4136515182461873,15,0,
BBY,BBY-BEST BUY CO INC-2025.pdf,64,0.3138522263071895,1,0.3138522263071895,0.3138522263071895,0.3138522263071895,0.3138522263071895,66,0,
BBY,BBY-BEST BUY CO INC-2025.pdf,65,0.35552928694626,1,0.35552928694626,0.35552928694626,0.35552928694626,0.35552928694626,72,0,
BRLT,BRLT-BRILLIANT EARTH GP INC-2022.pdf,5,1.0,1,1.0,1.0,1.0,1.0,11,0,
BRLT,BRLT-BRILLIANT EARTH GP INC-2022.pdf,10,0.0,0,0.0,0.0,0.0,0.0,0,0,
BRLT,BRLT-BRILLIANT EARTH GP INC-2022.pdf,14,0.3082222222222222,1,0.3082222222222222,0.3082222222222222,0.3082222222222222,0.3082222222222222,2,0,
BRLT,BRLT-BRILLIANT EARTH GP INC-2022.pdf,15,0.0,0,0.0,0.0,0.0,0.0,0,0,
BRLT,BRLT-BRILLIANT EARTH GP INC-2022.pdf,18,0.0495244514472455,2,0.0495244514472455,0.0495244514472455,0.0495244514472455,0.042016806722689,8,0,
BRLT,BRLT-BRILLIANT EARTH GP INC-2022.pdf,20,0.0495244514472455,2,0.0495244514472455,0.0495244514472455,0.0495244514472455,0.042016806722689,8,0,
BRLT,BRLT-BRILLIANT EARTH GP INC-2022.pdf,21,0.0,0,0.0,0.0,0.0,0.0,0,0,
BRLT,BRLT-BRILLIANT EARTH GP INC-2022.pdf,26,0.0495244514472455,2,0.0495244514472455,0.0495244514472455,0.0495244514472455,0.042016806722689,8,0,
BRLT,BRLT-BRILLIANT EARTH GP INC-2022.pdf,30,0.0495244514472455,2,0.0495244514472455,0.0495244514472455,0.0495244514472455,0.042016806722689,8,0,
BRLT,BRLT-BRILLIANT EARTH GP INC-2022.pdf,32,0.2176741575102264,4,0.2176741575102264,0.2176741575102264,0.2176741575102264,0.1337104403515522,2,0,
BRLT,BRLT-BRILLIANT EARTH GP INC-2022.pdf,42,0.0495244514472455,2,0.0495244514472455,0.0495244514472455,0.0495244514472455,0.042016806722689,8,0,
BRLT,BRLT-BRILLIANT EARTH GP INC-2022.pdf,43,0.0495244514472455,2,0.0495244514472455,0.0495244514472455,0.0495244514472455,0.042016806722689,8,0,
BRLT,BRLT-BRILLIANT EARTH GP INC-2022.pdf,44,0.0495244514472455,2,0.0495244514472455,0.0495244514472455,0.0495244514472455,0.042016806722689,8,0,
BRLT,BRLT-BRILLIANT EARTH GP INC-2022.pdf,45,0.735744609620017,10,0.735744609620017,0.735744609620017,0.735744609620017,0.677882887587454,34,0,
BRLT,BRLT-BRILLIANT EARTH GP INC-2022.pdf,46,0.6146219897881636,13,0.6146219897881636,0.6146219897881636,0.6146219897881636,0.2999142780195007,18,0,
BRLT,BRLT-BRILLIANT EARTH GP INC-2022.pdf,47,0.5310541402190834,6,0.5310541402190834,0.5310541402190834,0.5310541402190834,0.3417092672022513,22,0,
BRLT,BRLT-BRILLIANT EARTH GP INC-2022.pdf,48,0.7490455056524924,3,0.7490455056524924,0.7490455056524924,0.7490455056524924,0.6995210542052468,35,0,
BRLT,BRLT-BRILLIANT EARTH GP INC-2022.pdf,49,0.7948861657037816,3,0.7948861657037816,0.7948861657037816,0.7948861657037816,0.745361714256536,35,0,
BRLT,BRLT-BRILLIANT EARTH GP INC-2022.pdf,55,0.5951760846556525,4,0.5951760846556525,0.5951760846556525,0.5951760846556525,0.4317413839437011,17,0,
BRLT,BRLT-BRILLIANT EARTH GP INC-2022.pdf,58,0.5928839447014919,5,0.5928839447014919,0.5928839447014919,0.5928839447014919,0.1962044863023913,8,0,
BRLT,BRLT-BRILLIANT EARTH GP INC-2022.pdf,59,0.6757461027258511,6,0.6757461027258511,0.6757461027258511,0.6757461027258511,0.2181746410359281,15,0,
BURL,BURL-Burlington Stores-2022.pdf,4,0.0,0,0.0,0.0,0.0,0.0,0,0,
BURL,BURL-Burlington Stores-2022.pdf,6,0.0,0,0.0,0.0,0.0,0.0,0,0,
BURL,BURL-Burlington Stores-2022.pdf,8,0.0,0,0.0,0.0,0.0,0.0,0,0,
BURL,BURL-Burlington Stores-2022.pdf,9,0.4671319223796321,5,0.4671319223796321,0.4671319223796321,0.4671319223796321,0.1398448170481861,91,0,
BURL,BURL-Burlington Stores-2022.pdf,11,0.0,0,0.0,0.0,0.0,0.0,0,0,
BURL,BURL-Burlington Stores-2022.pdf,15,0.0,0,0.0,0.0,0.0,0.0,0,0,
BURL,BURL-Burlington Stores-2022.pdf,16,0.0,0,0.0,0.0,0.0,0.0,0,0,
BURL,BURL-Burlington Stores-2022.pdf,17,0.0,0,0.0,0.0,0.0,0.0,0,0,
BURL,BURL-Burlington Stores-2022.pdf,18,0.0,0,0.0,0.0,0.0,0.0,0,0,
BURL,BURL-Burlington Stores-2022.pdf,19,0.0,0,0.0,0.0,0.0,0.0,0,0,
BURL,BURL-Burlington Stores-2022.pdf,20,0.0,0,0.0,0.0,0.0,0.0,0,0,
BURL,BURL-Burlington Stores-2022.pdf,21,0.0,0,0.0,0.0,0.0,0.0,0,0,
BURL,BURL-Burlington Stores-2022.pdf,22,0.077284355294694,1,0.077284355294694,0.077284355294694,0.077284355294694,0.077284355294694,2,0,
BURL,BURL-Burlington Stores-2022.pdf,25,0.0,0,0.0,0.0,0.0,0.0,0,0,
BURL,BURL-Burlington Stores-2022.pdf,26,0.0,0,0.0,0.0,0.0,0.0,0,0,
BURL,BURL-Burlington Stores-2022.pdf,29,0.0,0,0.0,0.0,0.0,0.0,0,0,
BURL,BURL-Burlington Stores-2022.pdf,30,0.0,0,0.0,0.0,0.0,0.0,0,0,
BURL,BURL-Burlington Stores-2022.pdf,34,0.0,0,0.0,0.0,0.0,0.0,0,0,
BURL,BURL-Burlington Stores-2022.pdf,36,0.0,0,0.0,0.0,0.0,0.0,0,0,
BURL,BURL-Burlington Stores-2022.pdf,38,0.0,0,0.0,0.0,0.0,0.0,0,0,
BURL,BURL-Burlington Stores-2022.pdf,39,0.0,0,0.0,0.0,0.0,0.0,0,0,
BURL,BURL-Burlington Stores-2022.pdf,41,0.0,0,0.0,0.0,0.0,0.0,0,0,
BURL,BURL-Burlington Stores-2022.pdf,42,0.0,0,0.0,0.0,0.0,0.0,0,0,
BURL,BURL-Burlington Stores-2022.pdf,43,0.0,0,0.0,0.0,0.0,0.0,0,0,
BURL,BURL-Burlington Stores-2022.pdf,44,0.0,0,0.0,0.0,0.0,0.0,0,0,
BURL,BURL-Burlington Stores-2022.pdf,51,0.0195644326171875,1,0.0195644326171875,0.0195644326171875,0.0195644326171875,0.0195644326171875,3,0,
BURL,BURL-Burlington Stores-2022.pdf,57,0.0314178557910807,2,0.0314178557910807,0.0314178557910807,0.0314178557910807,0.0245273232421874,3,0,
BURL,BURL-Burlington Stores-2022.pdf,58,0.0245273232421875,1,0.0245273232421875,0.0245273232421875,0.0245273232421875,0.0245273232421875,3,0,
BURL,BURL-Burlington Stores-2022.pdf,59,0.0245273232421875,1,0.0245273232421875,0.0245273232421875,0.0245273232421875,0.0245273232421875,3,0,
BURL,BURL-Burlington Stores-2022.pdf,60,0.0245273232421875,1,0.0245273232421875,0.0245273232421875,0.0245273232421875,0.0245273232421875,3,0,
BURL,BURL-Burlington Stores-2022.pdf,61,0.0459618786035156,1,0.0459618786035156,0.0459618786035156,0.0459618786035156,0.0459618786035156,5,0,
BURL,BURL-Burlington Stores-2022.pdf,62,0.046399021466875,1,0.046399021466875,0.046399021466875,0.046399021466875,0.046399021466875,5,0,
BURL,BURL-Burlington Stores-2022.pdf,63,0.1082194216887743,4,0.1082194216887743,0.1082194216887743,0.1082194216887743,0.0459618729153662,4,0,
BURL,BURL-Burlington Stores-2022.pdf,64,0.0,0,0.0,0.0,0.0,0.0,0,0,
CRMT,CRMT-AMERICA'S CAR-MART INC-2021.pdf,13,0.0,0,0.0,0.0,0.0,0.0,0,0,
CRMT,CRMT-AMERICA'S CAR-MART INC-2021.pdf,18,0.0,0,0.0,0.0,0.0,0.0,0,0,
CRMT,CRMT-AMERICA'S CAR-MART INC-2021.pdf,26,0.0,0,0.0,0.0,0.0,0.0,0,0,
CRMT,CRMT-AMERICA'S CAR-MART INC-2024.pdf,11,0.0,0,0.0,0.0,0.0,0.0,0,0,
CRMT,CRMT-AMERICA'S CAR-MART INC-2024.pdf,16,0.0,0,0.0,0.0,0.0,0.0,0,0,
CRMT,CRMT-AMERICA'S CAR-MART INC-2024.pdf,31,0.0,0,0.0,0.0,0.0,0.0,0,0,
CROX,CROX-CROCS INC-2024.pdf,2,0.9411168300653594,1,0.9411168300653594,0.9411168300653594,0.9411168300653594,0.9411168300653594,5,0,
CROX,CROX-CROCS INC-2024.pdf,7,0.0,0,0.0,0.0,0.0,0.0,0,0,
CROX,CROX-CROCS INC-2024.pdf,11,0.7175489245463569,7,0.7175489245463569,0.7175489245463569,0.7175489245463569,0.6856804218141328,3,0,
CROX,CROX-CROCS INC-2024.pdf,24,0.0025571292995312,1,0.0025571292995312,0.0025571292995312,0.0025571292995312,0.0025571292995312,2,0,
CROX,CROX-CROCS INC-2024.pdf,33,0.2995592980458176,1,0.2995592980458176,0.2995592980458176,0.2995592980458176,0.2995592980458176,23,0,
CROX,CROX-CROCS INC-2024.pdf,35,0.5572254752646288,1,0.5572254752646288,0.5572254752646288,0.5572254752646288,0.5572254752646288,15,0,
CROX,CROX-CROCS INC-2024.pdf,44,0.5840484159724285,1,0.5840484159724285,0.5840484159724285,0.5840484159724285,0.5840484159724285,10,0,
CROX,CROX-CROCS INC-2024.pdf,48,0.6012779222903849,1,0.6012779222903849,0.6012779222903849,0.6012779222903849,0.6012779222903849,13,0,
CVS,CVS-CVS HEALTH CORP-2021.pdf,3,0.0,0,0.0,0.0,0.0,0.0,0,0,
CVS,CVS-CVS HEALTH CORP-2021.pdf,4,0.0,0,0.0,0.0,0.0,0.0,0,0,
CVS,CVS-CVS HEALTH CORP-2021.pdf,9,0.0899981951871657,1,0.0899981951871657,0.0899981951871657,0.0899981951871657,0.0899981951871657,4,0,
CVS,CVS-CVS HEALTH CORP-2021.pdf,11,0.0,0,0.0,0.0,0.0,0.0,0,0,
CVS,CVS-CVS HEALTH CORP-2021.pdf,13,0.109063429283989,1,0.109063429283989,0.109063429283989,0.109063429283989,0.109063429283989,4,0,
CVS,CVS-CVS HEALTH CORP-2021.pdf,16,0.0,0,0.0,0.0,0.0,0.0,0,0,
CVS,CVS-CVS HEALTH CORP-2021.pdf,19,0.3949015991553607,1,0.3949015991553607,0.3949015991553607,0.3949015991553607,0.3949015991553607,3,0,
CVS,CVS-CVS HEALTH CORP-2021.pdf,20,0.2393435003631082,1,0.2393435003631082,0.2393435003631082,0.2393435003631082,0.2393435003631082,5,0,
CVS,CVS-CVS HEALTH CORP-2021.pdf,30,0.0,0,0.0,0.0,0.0,0.0,0,0,
CVS,CVS-CVS HEALTH CORP-2021.pdf,32,0.0,0,0.0,0.0,0.0,0.0,0,0,
CVS,CVS-CVS HEALTH CORP-2021.pdf,35,0.0,0,0.0,0.0,0.0,0.0,0,0,
CVS,CVS-CVS HEALTH CORP-2021.pdf,36,0.0,0,0.0,0.0,0.0,0.0,0,0,
CVS,CVS-CVS HEALTH CORP-2021.pdf,37,0.0574177731745689,1,0.0574177731745689,0.0574177731745689,0.0574177731745689,0.0574177731745689,7,0,
CVS,CVS-CVS HEALTH CORP-2021.pdf,39,0.0,0,0.0,0.0,0.0,0.0,0,0,
CVS,CVS-CVS HEALTH CORP-2021.pdf,40,0.0,0,0.0,0.0,0.0,0.0,0,0,
CVS,CVS-CVS HEALTH CORP-2021.pdf,45,0.0,0,0.0,0.0,0.0,0.0,0,0,
CVS,CVS-CVS HEALTH CORP-2021.pdf,46,0.7647058823529413,1,0.7647058823529413,0.7647058823529413,0.7647058823529413,0.7647058823529413,2,0,
CVS,CVS-CVS HEALTH CORP-2021.pdf,54,0.7572983511586452,1,0.7572983511586452,0.7572983511586452,0.7572983511586452,0.7572983511586452,2,0,
CVS,CVS-CVS HEALTH CORP-2021.pdf,60,0.0891749158909354,1,0.0891749158909354,0.0891749158909354,0.0891749158909354,0.0891749158909354,2,0,
CVS,CVS-CVS HEALTH CORP-2021.pdf,68,0.0,0,0.0,0.0,0.0,0.0,0,0,
CVS,CVS-CVS HEALTH CORP-2021.pdf,69,0.0,0,0.0,0.0,0.0,0.0,0,0,
DECK,DECK-DECKERS OUTDOOR CORP-2024.pdf,7,0.0,0,0.0,0.0,0.0,0.0,0,0,
DECK,DECK-DECKERS OUTDOOR CORP-2024.pdf,10,0.1502841421568627,1,0.1502841421568627,0.1502841421568627,0.1502841421568627,0.1502841421568627,6,0,
DECK,DECK-DECKERS OUTDOOR CORP-2024.pdf,14,0.0,0,0.0,0.0,0.0,0.0,0,0,
DECK,DECK-DECKERS OUTDOOR CORP-2024.pdf,15,0.0,0,0.0,0.0,0.0,0.0,0,0,
DECK,DECK-DECKERS OUTDOOR CORP-2024.pdf,17,0.0,0,0.0,0.0,0.0,0.0,0,0,
DECK,DECK-DECKERS OUTDOOR CORP-2024.pdf,21,0.1593082149545882,2,0.1593082149545882,0.1593082149545882,0.1593082149545882,0.105330615594502,11,0,
DECK,DECK-DECKERS OUTDOOR CORP-2024.pdf,23,0.0,0,0.0,0.0,0.0,0.0,0,0,
DECK,DECK-DECKERS OUTDOOR CORP-2024.pdf,25,0.0,0,0.0,0.0,0.0,0.0,0,0,
DECK,DECK-DECKERS OUTDOOR CORP-2024.pdf,27,0.0,0,0.0,0.0,0.0,0.0,0,0,
DECK,DECK-DECKERS OUTDOOR CORP-2024.pdf,28,0.0,0,0.0,0.0,0.0,0.0,0,0,
DECK,DECK-DECKERS OUTDOOR CORP-2024.pdf,30,0.3584491286888493,1,0.3584491286888493,0.3584491286888493,0.3584491286888493,0.3584491286888493,3,0,
DECK,DECK-DECKERS OUTDOOR CORP-2024.pdf,31,0.0680701266408639,1,0.0680701266408639,0.0680701266408639,0.0680701266408639,0.0680701266408639,10,0,
DECK,DECK-DECKERS OUTDOOR CORP-2024.pdf,32,0.0346472527573529,1,0.0346472527573529,0.0346472527573529,0.0346472527573529,0.0346472527573529,16,0,
DECK,DECK-DECKERS OUTDOOR CORP-2024.pdf,35,0.4779078637998296,4,0.4779078637998296,0.4779078637998296,0.4779078637998296,0.2198447703980477,10,0,
DECK,DECK-DECKERS OUTDOOR CORP-2024.pdf,37,0.0,0,0.0,0.0,0.0,0.0,0,0,
DECK,DECK-DECKERS OUTDOOR CORP-2024.pdf,39,0.000419099483396,1,0.000419099483396,0.000419099483396,0.000419099483396,0.000419099483396,3,0,
DECK,DECK-DECKERS OUTDOOR CORP-2024.pdf,47,0.0,0,0.0,0.0,0.0,0.0,0,0,
DECK,DECK-DECKERS OUTDOOR CORP-2024.pdf,49,0.2891195419529239,1,0.2891195419529239,0.2891195419529239,0.2891195419529239,0.2891195419529239,26,0,
DECK,DECK-DECKERS OUTDOOR CORP-2024.pdf,53,0.0,0,0.0,0.0,0.0,0.0,0,0,
DECK,DECK-DECKERS OUTDOOR CORP-2024.pdf,61,0.0,0,0.0,0.0,0.0,0.0,0,0,
DECK,DECK-DECKERS OUTDOOR CORP-2024.pdf,62,0.0240138597454802,7,0.0240138597454802,0.0240138597454802,0.0240138597454802,0.0035116870528066,2,0,
DECK,DECK-DECKERS OUTDOOR CORP-2024.pdf,76,0.0,0,0.0,0.0,0.0,0.0,0,0,
DECK,DECK-DECKERS OUTDOOR CORP-2024.pdf,77,0.0,0,0.0,0.0,0.0,0.0,0,0,
DECK,DECK-DECKERS OUTDOOR CORP-2024.pdf,78,0.0723751733408008,6,0.0723751733408008,0.0723751733408008,0.0723751733408008,0.0148553735461701,23,0,
DECK,DECK-DECKERS OUTDOOR CORP-2024.pdf,88,0.5339900692931149,1,0.5339900692931149,0.5339900692931149,0.5339900692931149,0.5339900692931149,13,0,
DECK,DECK-DECKERS OUTDOOR CORP-2024.pdf,94,0.0465932996071829,1,0.0465932996071829,0.0465932996071829,0.0465932996071829,0.0465932996071829,13,0,
DECK,DECK-DECKERS OUTDOOR CORP-2024.pdf,95,0.0839236259964844,1,0.0839236259964844,0.0839236259964844,0.0839236259964844,0.0839236259964844,28,0,
DECK,DECK-DECKERS OUTDOOR CORP-2024.pdf,97,0.5518203130873947,2,0.5518203130873947,0.5518203130873947,0.5518203130873947,0.3002638443014964,25,0,
DECK,DECK-DECKERS OUTDOOR CORP-2024.pdf,98,0.2852449091166981,3,0.2852449091166981,0.2852449091166981,0.2852449091166981,0.169380296506734,25,0,
DECK,DECK-DECKERS OUTDOOR CORP-2024.pdf,107,0.2165885346751832,3,0.2165885346751832,0.2165885346751832,0.2165885346751832,0.1340530840038456,24,0,
DECK,DECK-DECKERS OUTDOOR CORP-2024.pdf,113,0.0863679502943032,1,0.0863679502943032,0.0863679502943032,0.0863679502943032,0.0863679502943032,18,0,
DECK,DECK-DECKERS OUTDOOR CORP-2024.pdf,124,0.071855935828877,2,0.071855935828877,0.071855935828877,0.071855935828877,0.0373904563279857,3,0,
DECK,DECK-DECKERS OUTDOOR CORP-2024.pdf,127,0.0230195234551396,1,0.0230195234551396,0.0230195234551396,0.0230195234551396,0.0230195234551396,4,0,
DECK,DECK-DECKERS OUTDOOR CORP-2024.pdf,131,0.2288301027526593,3,0.2288301027526593,0.2288301027526593,0.2288301027526593,0.0762767968937227,12,0,
DECK,DECK-DECKERS OUTDOOR CORP-2024.pdf,134,0.443274348377154,1,0.443274348377154,0.443274348377154,0.443274348377154,0.443274348377154,15,0,
DECK,DECK-DECKERS OUTDOOR CORP-2024.pdf,138,0.0665862542637361,1,0.0665862542637361,0.0665862542637361,0.0665862542637361,0.0665862542637361,4,0,
DECK,DECK-DECKERS OUTDOOR CORP-2024.pdf,141,0.4212917873588829,1,0.4212917873588829,0.4212917873588829,0.4212917873588829,0.4212917873588829,14,0,
DECK,DECK-DECKERS OUTDOOR CORP-2024.pdf,147,0.0,0,0.0,0.0,0.0,0.0,0,0,
DECK,DECK-DECKERS OUTDOOR CORP-2024.pdf,149,0.0,0,0.0,0.0,0.0,0.0,0,0,
DECK,DECK-DECKERS OUTDOOR CORP-2024.pdf,151,0.4782865196078432,1,0.4782865196078432,0.4782865196078432,0.4782865196078432,0.4782865196078432,5,0,
DECK,DECK-DECKERS OUTDOOR CORP-2024.pdf,156,0.3010502781862745,2,0.3010502781862745,0.3010502781862745,0.3010502781862745,0.1783087328431373,7,0,
DECK,DECK-DECKERS OUTDOOR CORP-2024.pdf,157,0.5570143079840222,2,0.5570143079840222,0.5570143079840222,0.5570143079840222,0.3038800028369633,16,0,
DECK,DECK-DECKERS OUTDOOR CORP-2024.pdf,160,0.4217906480774128,1,0.4217906480774128,0.4217906480774128,0.4217906480774128,0.4217906480774128,8,0,
DECK,DECK-DECKERS OUTDOOR CORP-2024.pdf,161,0.2407989957346573,2,0.2407989957346573,0.2407989957346573,0.2407989957346573,0.2146276737967914,3,0,
DECK,DECK-DECKERS OUTDOOR CORP-2024.pdf,162,0.5177067780843051,1,0.5177067780843051,0.5177067780843051,0.5177067780843051,0.5177067780843051,6,0,
DECK,DECK-DECKERS OUTDOOR CORP-2024.pdf,163,0.4275427445917508,1,0.4275427445917508,0.4275427445917508,0.4275427445917508,0.4275427445917508,8,0,
DECK,DECK-DECKERS OUTDOOR CORP-2024.pdf,164,0.0,0,0.0,0.0,0.0,0.0,0,0,
DECK,DECK-DECKERS OUTDOOR CORP-2024.pdf,165,0.3335557412358882,1,0.3335557412358882,0.3335557412358882,0.3335557412358882,0.3335557412358882,8,0,
DECK,DECK-DECKERS OUTDOOR CORP-2024.pdf,166,0.6011819408422461,1,0.6011819408422461,0.6011819408422461,0.6011819408422461,0.6011819408422461,24,0,
DECK,DECK-DECKERS OUTDOOR CORP-2024.pdf,167,0.5888066529098172,1,0.5888066529098172,0.5888066529098172,0.5888066529098172,0.5888066529098172,25,0,
DECK,DECK-DECKERS OUTDOOR CORP-2025.pdf,6,0.0,0,0.0,0.0,0.0,0.0,0,0,
DECK,DECK-DECKERS OUTDOOR CORP-2025.pdf,8,0.2439975287058621,4,0.2439975287058621,0.2439975287058621,0.2439975287058621,0.0619415522748856,3,0,
DECK,DECK-DECKERS OUTDOOR CORP-2025.pdf,12,0.0,0,0.0,0.0,0.0,0.0,0,0,
DECK,DECK-DECKERS OUTDOOR CORP-2025.pdf,13,0.0,0,0.0,0.0,0.0,0.0,0,0,
DECK,DECK-DECKERS OUTDOOR CORP-2025.pdf,14,0.2083192088257644,5,0.2083192088257644,0.2083192088257644,0.2083192088257644,0.0756324238578825,5,0,
DECK,DECK-DECKERS OUTDOOR CORP-2025.pdf,15,0.0,0,0.0,0.0,0.0,0.0,0,0,
DECK,DECK-DECKERS OUTDOOR CORP-2025.pdf,23,0.0,0,0.0,0.0,0.0,0.0,0,0,
DECK,DECK-DECKERS OUTDOOR CORP-2025.pdf,24,0.1162086291948733,1,0.1162086291948733,0.1162086291948733,0.1162086291948733,0.1162086291948733,35,0,
DECK,DECK-DECKERS OUTDOOR CORP-2025.pdf,25,0.0,0,0.0,0.0,0.0,0.0,0,0,
DECK,DECK-DECKERS OUTDOOR CORP-2025.pdf,26,0.0,0,0.0,0.0,0.0,0.0,0,0,
DECK,DECK-DECKERS OUTDOOR CORP-2025.pdf,27,0.0,0,0.0,0.0,0.0,0.0,0,0,
DECK,DECK-DECKERS OUTDOOR CORP-2025.pdf,32,0.0,0,0.0,0.0,0.0,0.0,0,0,
DECK,DECK-DECKERS OUTDOOR CORP-2025.pdf,37,0.0,0,0.0,0.0,0.0,0.0,0,0,
DECK,DECK-DECKERS OUTDOOR CORP-2025.pdf,41,0.4117257862108627,3,0.4117257862108627,0.4117257862108627,0.4117257862108627,0.1807018697467939,79,0,
DECK,DECK-DECKERS OUTDOOR CORP-2025.pdf,42,0.0,0,0.0,0.0,0.0,0.0,0,0,
DECK,DECK-DECKERS OUTDOOR CORP-2025.pdf,43,0.2212744014367532,1,0.2212744014367532,0.2212744014367532,0.2212744014367532,0.2212744014367532,12,0,
DECK,DECK-DECKERS OUTDOOR CORP-2025.pdf,47,0.0,0,0.0,0.0,0.0,0.0,0,0,
DECK,DECK-DECKERS OUTDOOR CORP-2025.pdf,62,0.0093573114218751,3,0.0093573114218751,0.0093573114218751,0.0093573114218751,0.0031375021698073,2,0,
DECK,DECK-DECKERS OUTDOOR CORP-2025.pdf,73,0.0,0,0.0,0.0,0.0,0.0,0,0,
DECK,DECK-DECKERS OUTDOOR CORP-2025.pdf,74,0.0,0,0.0,0.0,0.0,0.0,0,0,
DECK,DECK-DECKERS OUTDOOR CORP-2025.pdf,75,0.0,0,0.0,0.0,0.0,0.0,0,0,
DECK,DECK-DECKERS OUTDOOR CORP-2025.pdf,76,0.2699910242127153,1,0.2699910242127153,0.2699910242127153,0.2699910242127153,0.2699910242127153,4,0,
DECK,DECK-DECKERS OUTDOOR CORP-2025.pdf,80,0.0,0,0.0,0.0,0.0,0.0,0,0,
DECK,DECK-DECKERS OUTDOOR CORP-2025.pdf,81,0.0,0,0.0,0.0,0.0,0.0,0,0,
DECK,DECK-DECKERS OUTDOOR CORP-2025.pdf,82,0.0,0,0.0,0.0,0.0,0.0,0,0,
DECK,DECK-DECKERS OUTDOOR CORP-2025.pdf,84,0.0,0,0.0,0.0,0.0,0.0,0,0,
DECK,DECK-DECKERS OUTDOOR CORP-2025.pdf,85,0.0,0,0.0,0.0,0.0,0.0,0,0,
DECK,DECK-DECKERS OUTDOOR CORP-2025.pdf,87,0.0,0,0.0,0.0,0.0,0.0,0,0,
DECK,DECK-DECKERS OUTDOOR CORP-2025.pdf,92,0.0,0,0.0,0.0,0.0,0.0,0,0,
DECK,DECK-DECKERS OUTDOOR CORP-2025.pdf,94,0.3497515500109346,2,0.3497515500109346,0.3497515500109346,0.3497515500109346,0.1861911416390209,10,0,
DECK,DECK-DECKERS OUTDOOR CORP-2025.pdf,96,0.4997824894533571,2,0.4997824894533571,0.4997824894533571,0.4997824894533571,0.337701135026738,27,0,
DECK,DECK-DECKERS OUTDOOR CORP-2025.pdf,104,0.0,0,0.0,0.0,0.0,0.0,0,0,
DECK,DECK-DECKERS OUTDOOR CORP-2025.pdf,105,0.0,0,0.0,0.0,0.0,0.0,0,0,
DECK,DECK-DECKERS OUTDOOR CORP-2025.pdf,112,0.0,0,0.0,0.0,0.0,0.0,0,0,
DECK,DECK-DECKERS OUTDOOR CORP-2025.pdf,113,0.0,0,0.0,0.0,0.0,0.0,0,0,
DECK,DECK-DECKERS OUTDOOR CORP-2025.pdf,122,0.0,0,0.0,0.0,0.0,0.0,0,0,
DECK,DECK-DECKERS OUTDOOR CORP-2025.pdf,131,0.0488464178253119,2,0.0488464178253119,0.0488464178253119,0.0488464178253119,0.0258694160427807,2,0,
DECK,DECK-DECKERS OUTDOOR CORP-2025.pdf,133,0.0,0,0.0,0.0,0.0,0.0,0,0,
DECK,DECK-DECKERS OUTDOOR CORP-2025.pdf,134,0.0,0,0.0,0.0,0.0,0.0,0,0,
DECK,DECK-DECKERS OUTDOOR CORP-2025.pdf,137,0.3575547448706189,1,0.3575547448706189,0.3575547448706189,0.3575547448706189,0.3575547448706189,136,0,
DECK,DECK-DECKERS OUTDOOR CORP-2025.pdf,138,0.3802451297286591,1,0.3802451297286591,0.3802451297286591,0.3802451297286591,0.3802451297286591,8,0,
DECK,DECK-DECKERS OUTDOOR CORP-2025.pdf,140,0.0,0,0.0,0.0,0.0,0.0,0,0,
DECK,DECK-DECKERS OUTDOOR CORP-2025.pdf,141,0.0,0,0.0,0.0,0.0,0.0,0,0,
DECK,DECK-DECKERS OUTDOOR CORP-2025.pdf,144,0.024735875090777,9,0.024735875090777,0.024735875090777,0.024735875090777,0.0047317488611606,2,0,
DECK,DECK-DECKERS OUTDOOR CORP-2025.pdf,149,0.0,0,0.0,0.0,0.0,0.0,0,0,
DECK,DECK-DECKERS OUTDOOR CORP-2025.pdf,150,0.0,0,0.0,0.0,0.0,0.0,0,0,
DECK,DECK-DECKERS OUTDOOR CORP-2025.pdf,155,0.8681553437573122,1,0.8681553437573122,0.8681553437573122,0.8681553437573122,0.8681553437573122,182,0,
DECK,DECK-DECKERS OUTDOOR CORP-2025.pdf,157,0.0,0,0.0,0.0,0.0,0.0,0,0,
DECK,DECK-DECKERS OUTDOOR CORP-2025.pdf,158,0.0,0,0.0,0.0,0.0,0.0,0,0,
DECK,DECK-DECKERS OUTDOOR CORP-2025.pdf,160,0.3380681818181818,1,0.3380681818181818,0.3380681818181818,0.3380681818181818,0.3380681818181818,3,0,
DECK,DECK-DECKERS OUTDOOR CORP-2025.pdf,162,0.603597601010101,1,0.603597601010101,0.603597601010101,0.603597601010101,0.603597601010101,11,0,
DECK,DECK-DECKERS OUTDOOR CORP-2025.pdf,165,0.3903899995915032,2,0.3903899995915032,0.3903899995915032,0.3903899995915032,0.2495584247458242,11,0,
DECK,DECK-DECKERS OUTDOOR CORP-2025.pdf,167,0.4934706237972039,2,0.4934706237972039,0.4934706237972039,0.4934706237972039,0.2532611163080973,10,0,
DECK,DECK-DECKERS OUTDOOR CORP-2025.pdf,169,0.0,0,0.0,0.0,0.0,0.0,0,0,
DECK,DECK-DECKERS OUTDOOR CORP-2025.pdf,170,0.0,0,0.0,0.0,0.0,0.0,0,0,
DECK,DECK-DECKERS OUTDOOR CORP-2025.pdf,171,0.4305550505050505,1,0.4305550505050505,0.4305550505050505,0.4305550505050505,0.4305550505050505,2,0,
DECK,DECK-DECKERS OUTDOOR CORP-2025.pdf,172,0.4220378640385029,1,0.4220378640385029,0.4220378640385029,0.4220378640385029,0.4220378640385029,3,0,
DECK,DECK-DECKERS OUTDOOR CORP-2025.pdf,173,0.0,0,0.0,0.0,0.0,0.0,0,0,
DECK,DECK-DECKERS OUTDOOR CORP-2025.pdf,174,0.038837874785436,1,0.038837874785436,0.038837874785436,0.038837874785436,0.038837874785436,5,0,
DECK,DECK-DECKERS OUTDOOR CORP-2025.pdf,175,0.0,0,0.0,0.0,0.0,0.0,0,0,
DECK,DECK-DECKERS OUTDOOR CORP-2025.pdf,176,0.0,0,0.0,0.0,0.0,0.0,0,0,
DECK,DECK-DECKERS OUTDOOR CORP-2025.pdf,177,0.0,0,0.0,0.0,0.0,0.0,0,0,
DECK,DECK-DECKERS OUTDOOR CORP-2025.pdf,179,0.0,0,0.0,0.0,0.0,0.0,0,0,
DECK,DECK-DECKERS OUTDOOR CORP-2025.pdf,181,0.0,0,0.0,0.0,0.0,0.0,0,0,
DECK,DECK-DECKERS OUTDOOR CORP-2025.pdf,182,0.0,0,0.0,0.0,0.0,0.0,0,0,
DECK,DECK-DECKERS OUTDOOR CORP-2025.pdf,187,0.0,0,0.0,0.0,0.0,0.0,0,0,
DECK,DECK-DECKERS OUTDOOR CORP-2025.pdf,190,0.0,0,0.0,0.0,0.0,0.0,0,0,
DECK,DECK-DECKERS OUTDOOR CORP-2025.pdf,192,0.0,0,0.0,0.0,0.0,0.0,0,0,
DG,DG-DOLLAR GENERAL CORP-2022.pdf,9,0.0,0,0.0,0.0,0.0,0.0,0,0,
DG,DG-DOLLAR GENERAL CORP-2022.pdf,11,0.0,0,0.0,0.0,0.0,0.0,0,0,
DG,DG-DOLLAR GENERAL CORP-2022.pdf,13,0.0,0,0.0,0.0,0.0,0.0,0,0,
DG,DG-DOLLAR GENERAL CORP-2022.pdf,15,0.0,0,0.0,0.0,0.0,0.0,0,0,
DG,DG-DOLLAR GENERAL CORP-2022.pdf,17,0.0,0,0.0,0.0,0.0,0.0,0,0,
DG,DG-DOLLAR GENERAL CORP-2022.pdf,18,0.0,0,0.0,0.0,0.0,0.0,0,0,
DG,DG-DOLLAR GENERAL CORP-2022.pdf,21,0.0,0,0.0,0.0,0.0,0.0,0,0,
DG,DG-DOLLAR GENERAL CORP-2022.pdf,25,0.0346373456790123,1,0.0346373456790123,0.0346373456790123,0.0346373456790123,0.0346373456790123,4,0,
DG,DG-DOLLAR GENERAL CORP-2022.pdf,35,0.0,0,0.0,0.0,0.0,0.0,0,0,
DG,DG-DOLLAR GENERAL CORP-2022.pdf,39,0.0,0,0.0,0.0,0.0,0.0,0,0,
DG,DG-DOLLAR GENERAL CORP-2022.pdf,42,0.0,0,0.0,0.0,0.0,0.0,0,0,
DG,DG-DOLLAR GENERAL CORP-2022.pdf,46,0.0,0,0.0,0.0,0.0,0.0,0,0,
DG,DG-DOLLAR GENERAL CORP-2022.pdf,48,0.0,0,0.0,0.0,0.0,0.0,0,0,
DG,DG-DOLLAR GENERAL CORP-2022.pdf,52,0.0,0,0.0,0.0,0.0,0.0,0,0,
DG,DG-DOLLAR GENERAL CORP-2022.pdf,53,0.0,0,0.0,0.0,0.0,0.0,0,0,
DG,DG-DOLLAR GENERAL CORP-2022.pdf,57,0.4516211863425926,1,0.4516211863425926,0.4516211863425926,0.4516211863425926,0.4516211863425926,8,0,
DG,DG-DOLLAR GENERAL CORP-2022.pdf,58,0.3861769109934895,1,0.3861769109934895,0.3861769109934895,0.3861769109934895,0.3861769109934895,7,0,
DLTR,DLTR-DOLLAR TREE INC-202E.pdf,4,0.0,0,0.0,0.0,0.0,0.0,0,0,
DLTR,DLTR-DOLLAR TREE INC-202E.pdf,5,0.0,0,0.0,0.0,0.0,0.0,0,0,
DLTR,DLTR-DOLLAR TREE INC-202E.pdf,6,0.0,0,0.0,0.0,0.0,0.0,0,0,
DLTR,DLTR-DOLLAR TREE INC-202E.pdf,9,0.0,0,0.0,0.0,0.0,0.0,0,0,
DLTR,DLTR-DOLLAR TREE INC-202E.pdf,10,0.0,0,0.0,0.0,0.0,0.0,0,0,
DLTR,DLTR-DOLLAR TREE INC-202E.pdf,11,0.0761305768336741,1,0.0761305768336741,0.0761305768336741,0.0761305768336741,0.0761305768336741,4,0,
DLTR,DLTR-DOLLAR TREE INC-202E.pdf,15,0.0006188925153374,1,0.0006188925153374,0.0006188925153374,0.0006188925153374,0.0006188925153374,2,0,
DLTR,DLTR-DOLLAR TREE INC-202E.pdf,16,0.0,0,0.0,0.0,0.0,0.0,0,0,
DLTR,DLTR-DOLLAR TREE INC-202E.pdf,17,0.0,0,0.0,0.0,0.0,0.0,0,0,
DLTR,DLTR-DOLLAR TREE INC-202E.pdf,21,0.0,0,0.0,0.0,0.0,0.0,0,0,
DLTR,DLTR-DOLLAR TREE INC-202E.pdf,22,0.0,0,0.0,0.0,0.0,0.0,0,0,
DLTR,DLTR-DOLLAR TREE INC-202E.pdf,23,0.0,0,0.0,0.0,0.0,0.0,0,0,
DLTR,DLTR-DOLLAR TREE INC-202E.pdf,24,0.0,0,0.0,0.0,0.0,0.0,0,0,
DLTR,DLTR-DOLLAR TREE INC-202E.pdf,27,0.000946296945736,2,0.000946296945736,0.000946296945736,0.000946296945736,0.0005062024929683,3,0,
DLTR,DLTR-DOLLAR TREE INC-202E.pdf,28,0.0,0,0.0,0.0,0.0,0.0,0,0,
DLTR,DLTR-DOLLAR TREE INC-202E.pdf,29,0.0,0,0.0,0.0,0.0,0.0,0,0,
DLTR,DLTR-DOLLAR TREE INC-202E.pdf,30,0.0,0,0.0,0.0,0.0,0.0,0,0,
DLTR,DLTR-DOLLAR TREE INC-202E.pdf,32,0.0,0,0.0,0.0,0.0,0.0,0,0,
DLTR,DLTR-DOLLAR TREE INC-202E.pdf,33,0.0,0,0.0,0.0,0.0,0.0,0,0,
DLTR,DLTR-DOLLAR TREE INC-202E.pdf,36,0.0,0,0.0,0.0,0.0,0.0,0,0,
DLTR,DLTR-DOLLAR TREE INC-202E.pdf,38,0.0,0,0.0,0.0,0.0,0.0,0,0,
DLTR,DLTR-DOLLAR TREE INC-202E.pdf,39,0.0,0,0.0,0.0,0.0,0.0,0,0,
DLTR,DLTR-DOLLAR TREE INC-202E.pdf,42,0.0,0,0.0,0.0,0.0,0.0,0,0,
DLTR,DLTR-DOLLAR TREE INC-202E.pdf,44,0.0,0,0.0,0.0,0.0,0.0,0,0,
DLTR,DLTR-DOLLAR TREE INC-202E.pdf,46,0.0,0,0.0,0.0,0.0,0.0,0,0,
DLTR,DLTR-DOLLAR TREE INC-202E.pdf,48,0.0,0,0.0,0.0,0.0,0.0,0,0,
DLTR,DLTR-DOLLAR TREE INC-202E.pdf,49,0.0,0,0.0,0.0,0.0,0.0,0,0,
DLTR,DLTR-DOLLAR TREE INC-202E.pdf,50,0.0,0,0.0,0.0,0.0,0.0,0,0,
DLTR,DLTR-DOLLAR TREE INC-202E.pdf,51,0.0,0,0.0,0.0,0.0,0.0,0,0,
DLTR,DLTR-DOLLAR TREE INC-202E.pdf,52,0.0,0,0.0,0.0,0.0,0.0,0,0,
DLTR,DLTR-DOLLAR TREE INC-202E.pdf,53,0.0,0,0.0,0.0,0.0,0.0,0,0,
DLTR,DLTR-DOLLAR TREE INC-202E.pdf,55,0.3036432476246274,2,0.3036432476246274,0.3036432476246274,0.3036432476246274,0.1880183261936897,6,0,
DLTR,DLTR-DOLLAR TREE INC-202E.pdf,56,0.0,0,0.0,0.0,0.0,0.0,0,0,
DLTR,DLTR-DOLLAR TREE INC-202E.pdf,57,0.0,0,0.0,0.0,0.0,0.0,0,0,
DLTR,DLTR-DOLLAR TREE INC-202E.pdf,58,0.0,0,0.0,0.0,0.0,0.0,0,0,
DLTR,DLTR-DOLLAR TREE INC-202E.pdf,59,0.0,0,0.0,0.0,0.0,0.0,0,0,
DLTR,DLTR-DOLLAR TREE INC-202E.pdf,61,0.0608680752706714,1,0.0608680752706714,0.0608680752706714,0.0608680752706714,0.0608680752706714,6,0,
DLTR,DLTR-DOLLAR TREE INC-202E.pdf,62,0.0,0,0.0,0.0,0.0,0.0,0,0,
DLTR,DLTR-DOLLAR TREE INC-202E.pdf,63,0.0,0,0.0,0.0,0.0,0.0,0,0,
DLTR,DLTR-DOLLAR TREE INC-202E.pdf,64,0.4102639508883094,1,0.4102639508883094,0.4102639508883094,0.4102639508883094,0.4102639508883094,6,0,
DLTR,DLTR-DOLLAR TREE INC-202E.pdf,65,0.435120066791445,1,0.435120066791445,0.435120066791445,0.435120066791445,0.435120066791445,6,0,
DLTR,DLTR-DOLLAR TREE INC-202E.pdf,66,0.3222642020172802,1,0.3222642020172802,0.3222642020172802,0.3222642020172802,0.3222642020172802,3,0,
DLTR,DLTR-DOLLAR TREE INC-202E.pdf,67,0.4781247763571574,1,0.4781247763571574,0.4781247763571574,0.4781247763571574,0.4781247763571574,6,0,
DLTR,DLTR-DOLLAR TREE INC-202E.pdf,69,0.0,0,0.0,0.0,0.0,0.0,0,0,
DLTR,DLTR-DOLLAR TREE INC-202E.pdf,70,0.0,0,0.0,0.0,0.0,0.0,0,0,
EBAY,EBAY-eBay-2021-Report.pdf,2,0.0,0,0.0,0.0,0.0,0.0,0,0,
EBAY,EBAY-eBay-2021-Report.pdf,25,0.0,0,0.0,0.0,0.0,0.0,0,0,
EBAY,EBAY-eBay-2021-Report.pdf,26,0.0,0,0.0,0.0,0.0,0.0,0,0,
EBAY,EBAY-eBay-2021-Report.pdf,31,0.0,0,0.0,0.0,0.0,0.0,0,0,
EBAY,EBAY-eBay-2021-Report.pdf,32,0.0,0,0.0,0.0,0.0,0.0,0,0,
EBAY,EBAY-eBay-2021-Report.pdf,33,0.0,0,0.0,0.0,0.0,0.0,0,0,
EBAY,EBAY-eBay-2021-Report.pdf,35,0.0,0,0.0,0.0,0.0,0.0,0,0,
EBAY,EBAY-eBay-2025-Report.pdf,3,0.0,0,0.0,0.0,0.0,0.0,0,0,
EBAY,EBAY-eBay-2025-Report.pdf,4,0.0,0,0.0,0.0,0.0,0.0,0,0,
EBAY,EBAY-eBay-2025-Report.pdf,8,0.4248309527545553,4,0.4248309527545553,0.4248309527545553,0.4248309527545553,0.3310360847765655,2,0,
EBAY,EBAY-eBay-2025-Report.pdf,9,0.0,0,0.0,0.0,0.0,0.0,0,0,
EBAY,EBAY-eBay-2025-Report.pdf,15,0.0,0,0.0,0.0,0.0,0.0,0,0,
EBAY,EBAY-eBay-2025-Report.pdf,18,0.0,0,0.0,0.0,0.0,0.0,0,0,
EBAY,EBAY-eBay-2025-Report.pdf,20,0.0168532111872455,1,0.0168532111872455,0.0168532111872455,0.0168532111872455,0.0168532111872455,2,0,
EBAY,EBAY-eBay-2025-Report.pdf,21,0.0,0,0.0,0.0,0.0,0.0,0,0,
EBAY,EBAY-eBay-2025-Report.pdf,22,0.0159543350630437,1,0.0159543350630437,0.0159543350630437,0.0159543350630437,0.0159543350630437,4,0,
EBAY,EBAY-eBay-2025-Report.pdf,23,0.0159543350630437,1,0.0159543350630437,0.0159543350630437,0.0159543350630437,0.0159543350630437,4,0,
EBAY,EBAY-eBay-2025-Report.pdf,30,0.0,0,0.0,0.0,0.0,0.0,0,0,
EBAY,EBAY-eBay-2025-Report.pdf,34,0.0,0,0.0,0.0,0.0,0.0,0,0,
EBAY,EBAY-eBay-2025-Report.pdf,36,0.0,0,0.0,0.0,0.0,0.0,0,0,
EBAY,EBAY-eBay-2025-Report.pdf,46,0.0,0,0.0,0.0,0.0,0.0,0,0,
EBAY,EBAY-eBay-2025-Report.pdf,48,0.0,0,0.0,0.0,0.0,0.0,0,0,
EBAY,EBAY-eBay-2025-Report.pdf,49,0.0,0,0.0,0.0,0.0,0.0,0,0,
EBAY,EBAY-eBay-2025-Report.pdf,50,0.0,0,0.0,0.0,0.0,0.0,0,0,
EBAY,EBAY-eBay-2025-Report.pdf,51,0.0159543350630437,1,0.0159543350630437,0.0159543350630437,0.0159543350630437,0.0159543350630437,4,0,
EBAY,EBAY-eBay-2025-Report.pdf,54,0.0302664269655513,1,0.0302664269655513,0.0302664269655513,0.0302664269655513,0.0302664269655513,7,0,
EBAY,EBAY-eBay-2025-Report.pdf,56,0.0,0,0.0,0.0,0.0,0.0,0,0,
EBAY,EBAY-eBay-2025-Report.pdf,58,0.0165732587938261,1,0.0165732587938261,0.0165732587938261,0.0165732587938261,0.0165732587938261,2,0,
EBAY,EBAY-eBay-2025-Report.pdf,59,0.0,0,0.0,0.0,0.0,0.0,0,0,
EBAY,EBAY-eBay-2025-Report.pdf,63,0.0,0,0.0,0.0,0.0,0.0,0,0,
EBAY,EBAY-eBay-2025-Report.pdf,64,0.0,0,0.0,0.0,0.0,0.0,0,0,
EBAY,EBAY-eBay-2025-Report.pdf,66,0.0,0,0.0,0.0,0.0,0.0,0,0,
EBAY,EBAY-eBay-2025-Report.pdf,67,0.0,0,0.0,0.0,0.0,0.0,0,0,
ETSY,ETSY-Etsy-2021.pdf,2,0.6369485294117647,1,0.6369485294117647,0.6369485294117647,0.6369485294117647,0.6369485294117647,15,0,
ETSY,ETSY-Etsy-2021.pdf,5,0.5340073529411765,1,0.5340073529411765,0.5340073529411765,0.5340073529411765,0.5340073529411765,5,0,
ETSY,ETSY-Etsy-2021.pdf,6,0.5597426470588235,1,0.5597426470588235,0.5597426470588235,0.5597426470588235,0.5597426470588235,8,0,
ETSY,ETSY-Etsy-2021.pdf,7,0.7473958333333334,1,0.7473958333333334,0.7473958333333334,0.7473958333333334,0.7473958333333334,6,0,
ETSY,ETSY-Etsy-2021.pdf,8,0.7377450980392157,1,0.7377450980392157,0.7377450980392157,0.7377450980392157,0.7377450980392157,4,0,
ETSY,ETSY-Etsy-2021.pdf,9,0.7205882352941176,1,0.7205882352941176,0.7205882352941176,0.7205882352941176,0.7205882352941176,9,0,
FND,FND-FLOOR & DECOR HLDGS-2023.pdf,15,0.2510702584446728,3,0.2510702584446728,0.2510702584446728,0.2510702584446728,0.1200225538937165,7,0,
GAP,GAP-GAP-2023.pdf,4,0.0,0,0.0,0.0,0.0,0.0,0,0,
GAP,GAP-GAP-2023.pdf,9,0.0,0,0.0,0.0,0.0,0.0,0,0,
GAP,GAP-GAP-2023.pdf,10,0.3607408840351155,2,0.3607408840351155,0.3607408840351155,0.3607408840351155,0.360331703704892,6,0,
GAP,GAP-GAP-2023.pdf,11,0.176096825514826,4,0.176096825514826,0.176096825514826,0.176096825514826,0.0927164936385761,12,0,
GAP,GAP-GAP-2023.pdf,12,0.1919320284795131,3,0.1919320284795131,0.1919320284795131,0.1919320284795131,0.1018219393734471,12,0,
GAP,GAP-GAP-2023.pdf,14,0.0,0,0.0,0.0,0.0,0.0,0,0,
GAP,GAP-GAP-2023.pdf,19,0.0805497051196741,1,0.0805497051196741,0.0805497051196741,0.0805497051196741,0.0805497051196741,24,0,
GAP,GAP-GAP-2023.pdf,22,0.3678728612323486,1,0.3678728612323486,0.3678728612323486,0.3678728612323486,0.3678728612323486,4,0,
GAP,GAP-GAP-2023.pdf,23,0.1465672845951405,1,0.1465672845951405,0.1465672845951405,0.1465672845951405,0.1465672845951405,52,0,
GAP,GAP-GAP-2023.pdf,26,0.0,0,0.0,0.0,0.0,0.0,0,0,
GAP,GAP-GAP-2023.pdf,27,0.0,0,0.0,0.0,0.0,0.0,0,0,
GAP,GAP-GAP-2023.pdf,38,0.342280033666057,2,0.342280033666057,0.342280033666057,0.342280033666057,0.192007921549749,2,0,
GAP,GAP-GAP-2023.pdf,41,0.0,0,0.0,0.0,0.0,0.0,0,0,
GAP,GAP-GAP-2023.pdf,42,0.0626957936530156,1,0.0626957936530156,0.0626957936530156,0.0626957936530156,0.0626957936530156,6,0,
GAP,GAP-GAP-2023.pdf,48,0.0,0,0.0,0.0,0.0,0.0,0,0,
GAP,GAP-GAP-2023.pdf,50,0.07352080925342,1,0.07352080925342,0.07352080925342,0.07352080925342,0.07352080925342,14,0,
GAP,GAP-GAP-2023.pdf,52,0.3295590701299055,4,0.3295590701299055,0.3295590701299055,0.3295590701299055,0.2411943094008461,3,0,
GAP,GAP-GAP-2023.pdf,53,0.2350942606268971,1,0.2350942606268971,0.2350942606268971,0.2350942606268971,0.2350942606268971,2,0,
GAP,GAP-GAP-2023.pdf,54,0.0,0,0.0,0.0,0.0,0.0,0,0,
GAP,GAP-GAP-2023.pdf,55,0.0,0,0.0,0.0,0.0,0.0,0,0,
GAP,GAP-GAP-2023.pdf,57,0.0,0,0.0,0.0,0.0,0.0,0,0,
GAP,GAP-GAP-2023.pdf,59,0.2113671078344313,1,0.2113671078344313,0.2113671078344313,0.2113671078344313,0.2113671078344313,34,0,
GAP,GAP-GAP-2023.pdf,60,0.4391457640392857,3,0.4391457640392857,0.4391457640392857,0.4391457640392857,0.1463819213464286,2,0,
GAP,GAP-GAP-2023.pdf,61,0.4129658833009667,2,0.4129658833009667,0.4129658833009667,0.4129658833009667,0.2182405606778474,14,0,
GAP,GAP-GAP-2023.pdf,62,0.6839454132918787,2,0.6839454132918787,0.6839454132918787,0.6839454132918787,0.3590424994145356,28,0,
GAP,GAP-GAP-2023.pdf,63,0.692652897653812,2,0.692652897653812,0.692652897653812,0.692652897653812,0.3575697094843896,32,0,
GAP,GAP-GAP-2023.pdf,64,0.6683057476860421,2,0.6683057476860421,0.6683057476860421,0.6683057476860421,0.347320703902875,30,0,
GAP,GAP-GAP-2023.pdf,65,0.7161336628092547,2,0.7161336628092547,0.7161336628092547,0.7161336628092547,0.3609430407565346,30,0,
GAP,GAP-GAP-2023.pdf,66,0.5445473915252653,2,0.5445473915252653,0.5445473915252653,0.5445473915252653,0.3098697823085695,27,0,
GAP,GAP-GAP-2023.pdf,67,0.4254966330981546,2,0.4254966330981546,0.4254966330981546,0.4254966330981546,0.2434807274053033,21,0,
GAP,GAP-GAP-2023.pdf,68,0.3549615618721005,1,0.3549615618721005,0.3549615618721005,0.3549615618721005,0.3549615618721005,15,0,
GAP,GAP-GAP-2023.pdf,69,0.6241256883132182,1,0.6241256883132182,0.6241256883132182,0.6241256883132182,0.6241256883132182,25,0,
GAP,GAP-GAP-2023.pdf,70,0.6745360144193899,1,0.6745360144193899,0.6745360144193899,0.6745360144193899,0.6745360144193899,25,0,
GAP,GAP-GAP-2023.pdf,73,0.5702203024653918,1,0.5702203024653918,0.5702203024653918,0.5702203024653918,0.5702203024653918,35,0,
GAP,GAP-GAP-2023.pdf,77,0.5242784063289155,2,0.5242784063289155,0.5242784063289155,0.5242784063289155,0.2998018664914365,16,0,
GPI,GPI-GROUP 1 AUTOMOTIVE INC-2024.pdf,16,0.0265151515151515,1,0.0265151515151515,0.0265151515151515,0.0265151515151515,0.0265151515151515,4,0,
GPI,GPI-GROUP 1 AUTOMOTIVE INC-2024.pdf,17,0.0265151515151515,1,0.0265151515151515,0.0265151515151515,0.0265151515151515,0.0265151515151515,4,0,
GRPN,GRPN-Groupon Inc-2021.pdf,2,0.0,0,0.0,0.0,0.0,0.0,0,0,
GRPN,GRPN-Groupon Inc-2021.pdf,14,0.0,0,0.0,0.0,0.0,0.0,0,0,
GRPN,GRPN-Groupon Inc-2021.pdf,27,0.0,0,0.0,0.0,0.0,0.0,0,0,
GRPN,GRPN-Groupon Inc-2021.pdf,33,0.9999906045751634,1,0.0,0.0,0.0,0.9999906045751634,2,1,
GRPN,GRPN-Groupon Inc-2021.pdf,34,0.0,0,0.0,0.0,0.0,0.0,0,0,
GRPN,GRPN-Groupon Inc-2021.pdf,43,0.0,0,0.0,0.0,0.0,0.0,0,0,
JILL,JILL-J.Jill-2024.pdf,3,0.0,0,0.0,0.0,0.0,0.0,0,0,
JILL,JILL-J.Jill-2024.pdf,5,0.0,0,0.0,0.0,0.0,0.0,0,0,
JILL,JILL-J.Jill-2024.pdf,7,0.0,0,0.0,0.0,0.0,0.0,0,0,
JILL,JILL-J.Jill-2024.pdf,8,0.0,0,0.0,0.0,0.0,0.0,0,0,
JILL,JILL-J.Jill-2024.pdf,10,0.209305926916221,1,0.209305926916221,0.209305926916221,0.209305926916221,0.209305926916221,5,0,
JILL,JILL-J.Jill-2024.pdf,14,0.0,0,0.0,0.0,0.0,0.0,0,0,
JILL,JILL-J.Jill-2024.pdf,15,0.0,0,0.0,0.0,0.0,0.0,0,0,
JILL,JILL-J.Jill-2024.pdf,16,0.0,0,0.0,0.0,0.0,0.0,0,0,
JILL,JILL-J.Jill-2024.pdf,17,0.0,0,0.0,0.0,0.0,0.0,0,0,
JILL,JILL-J.Jill-2024.pdf,19,0.0,0,0.0,0.0,0.0,0.0,0,0,
JILL,JILL-J.Jill-2024.pdf,22,0.0,0,0.0,0.0,0.0,0.0,0,0,
JILL,JILL-J.Jill-2024.pdf,23,0.029708853238265,1,0.029708853238265,0.029708853238265,0.029708853238265,0.029708853238265,4,0,
JILL,JILL-J.Jill-2024.pdf,25,0.0,0,0.0,0.0,0.0,0.0,0,0,
JILL,JILL-J.Jill-2024.pdf,26,0.0,0,0.0,0.0,0.0,0.0,0,0,
JILL,JILL-J.Jill-2024.pdf,28,0.0,0,0.0,0.0,0.0,0.0,0,0,
JILL,JILL-J.Jill-2024.pdf,29,0.0,0,0.0,0.0,0.0,0.0,0,0,
JILL,JILL-J.Jill-2024.pdf,32,0.0,0,0.0,0.0,0.0,0.0,0,0,
JILL,JILL-J.Jill-2024.pdf,33,0.0,0,0.0,0.0,0.0,0.0,0,0,
JILL,JILL-J.Jill-2024.pdf,35,0.0235277406417111,1,0.0235277406417111,0.0235277406417111,0.0235277406417111,0.0235277406417111,4,0,
JILL,JILL-J.Jill-2024.pdf,36,0.0911980559269162,6,0.0911980559269162,0.0911980559269162,0.0911980559269162,0.0152072192513368,2,0,
JILL,JILL-J.Jill-2024.pdf,37,0.0763850053847296,5,0.0763850053847296,0.0763850053847296,0.0763850053847296,0.015556128379382,2,0,
JILL,JILL-J.Jill-2024.pdf,38,0.0760360962566844,5,0.0760360962566844,0.0760360962566844,0.0760360962566844,0.0152072192513368,2,0,
JILL,JILL-J.Jill-2024.pdf,40,0.0,0,0.0,0.0,0.0,0.0,0,0,
KMX,KMX-CARMAX INC-2023.pdf,5,0.0,0,0.0,0.0,0.0,0.0,0,0,
KMX,KMX-CARMAX INC-2023.pdf,6,0.0,0,0.0,0.0,0.0,0.0,0,0,
KMX,KMX-CARMAX INC-2023.pdf,7,0.0,0,0.0,0.0,0.0,0.0,0,0,
KMX,KMX-CARMAX INC-2023.pdf,8,0.0,0,0.0,0.0,0.0,0.0,0,0,
KMX,KMX-CARMAX INC-2023.pdf,10,0.5023133883112443,1,0.5023133883112443,0.5023133883112443,0.5023133883112443,0.5023133883112443,9,0,
KMX,KMX-CARMAX INC-2023.pdf,12,0.0,0,0.0,0.0,0.0,0.0,0,0,
KMX,KMX-CARMAX INC-2023.pdf,14,0.340501857827942,1,0.340501857827942,0.340501857827942,0.340501857827942,0.340501857827942,26,0,
KMX,KMX-CARMAX INC-2023.pdf,15,0.0,0,0.0,0.0,0.0,0.0,0,0,
KMX,KMX-CARMAX INC-2023.pdf,16,0.0,0,0.0,0.0,0.0,0.0,0,0,
KMX,KMX-CARMAX INC-2023.pdf,17,0.0,0,0.0,0.0,0.0,0.0,0,0,
KMX,KMX-CARMAX INC-2023.pdf,18,0.0,0,0.0,0.0,0.0,0.0,0,0,
KMX,KMX-CARMAX INC-2023.pdf,20,0.0,0,0.0,0.0,0.0,0.0,0,0,
KMX,KMX-CARMAX INC-2023.pdf,21,0.5144652241079871,1,0.5144652241079871,0.5144652241079871,0.5144652241079871,0.5144652241079871,5,0,
KMX,KMX-CARMAX INC-2023.pdf,24,0.0,0,0.0,0.0,0.0,0.0,0,0,
KMX,KMX-CARMAX INC-2023.pdf,25,0.0,0,0.0,0.0,0.0,0.0,0,0,
KMX,KMX-CARMAX INC-2023.pdf,28,0.0250951302464616,1,0.0250951302464616,0.0250951302464616,0.0250951302464616,0.0250951302464616,4,0,
KMX,KMX-CARMAX INC-2023.pdf,29,0.0300276602153489,1,0.0300276602153489,0.0300276602153489,0.0300276602153489,0.0300276602153489,4,0,
KMX,KMX-CARMAX INC-2023.pdf,30,0.0194169224698023,1,0.0194169224698023,0.0194169224698023,0.0194169224698023,0.0194169224698023,4,0,
KMX,KMX-CARMAX INC-2023.pdf,31,0.1816022762151506,2,0.1816022762151506,0.1816022762151506,0.1816022762151506,0.153657122901034,4,0,
KMX,KMX-CARMAX INC-2023.pdf,34,0.0,0,0.0,0.0,0.0,0.0,0,0,
KMX,KMX-CARMAX INC-2023.pdf,35,0.0,0,0.0,0.0,0.0,0.0,0,0,
KMX,KMX-CARMAX INC-2023.pdf,36,0.6099629457004561,2,0.6099629457004561,0.6099629457004561,0.6099629457004561,0.5144652241079871,5,0,
KMX,KMX-CARMAX INC-2023.pdf,39,0.0,0,0.0,0.0,0.0,0.0,0,0,
KMX,KMX-CARMAX INC-2023.pdf,40,0.0,0,0.0,0.0,0.0,0.0,0,0,
KMX,KMX-CARMAX INC-2023.pdf,41,0.0,0,0.0,0.0,0.0,0.0,0,0,
KMX,KMX-CARMAX INC-2023.pdf,42,0.0,0,0.0,0.0,0.0,0.0,0,0,
KMX,KMX-CARMAX INC-2023.pdf,43,0.0,0,0.0,0.0,0.0,0.0,0,0,
KMX,KMX-CARMAX INC-2023.pdf,49,0.4223060385719056,1,0.4223060385719056,0.4223060385719056,0.4223060385719056,0.4223060385719056,42,0,
KMX,KMX-CARMAX INC-2023.pdf,50,0.5115102673309507,1,0.5115102673309507,0.5115102673309507,0.5115102673309507,0.5115102673309507,65,0,
KMX,KMX-CARMAX INC-2023.pdf,51,0.4611363286254347,1,0.4611363286254347,0.4611363286254347,0.4611363286254347,0.4611363286254347,7,0,
KMX,KMX-CARMAX INC-2023.pdf,52,0.4351794975493,1,0.4351794975493,0.4351794975493,0.4351794975493,0.4351794975493,7,0,
KMX,KMX-CARMAX INC-2023.pdf,53,0.4781425282960057,1,0.4781425282960057,0.4781425282960057,0.4781425282960057,0.4781425282960057,7,0,
KMX,KMX-CARMAX INC-2023.pdf,54,0.4662858953919975,1,0.4662858953919975,0.4662858953919975,0.4662858953919975,0.4662858953919975,7,0,
KMX,KMX-CARMAX INC-2023.pdf,55,0.3562112928277346,1,0.3562112928277346,0.3562112928277346,0.3562112928277346,0.3562112928277346,17,0,
KMX,KMX-CARMAX INC-2023.pdf,56,0.0,0,0.0,0.0,0.0,0.0,0,0,
KR,KR-KROGER CO-2023.pdf,3,1.3198205118419926,1,0.0,0.0,0.0,1.3198205118419926,4,1,
KR,KR-KROGER CO-2023.pdf,7,1.0,1,1.0,1.0,1.0,1.0,5,0,
KR,KR-KROGER CO-2023.pdf,9,0.0,0,0.0,0.0,0.0,0.0,0,0,
KR,KR-KROGER CO-2023.pdf,10,1.3894690277842523,4,0.3894690277842524,0.3894690277842524,0.3894690277842524,1.0,2,1,
KR,KR-KROGER CO-2023.pdf,11,0.0963166125064299,1,0.0963166125064299,0.0963166125064299,0.0963166125064299,0.0963166125064299,5,0,
KR,KR-KROGER CO-2023.pdf,12,0.2922883969918123,3,0.2922883969918123,0.2922883969918123,0.2922883969918123,0.2805450117452738,2,0,
KR,KR-KROGER CO-2023.pdf,14,0.5233138161103676,1,0.5233138161103676,0.5233138161103676,0.5233138161103676,0.5233138161103676,9,0,
KR,KR-KROGER CO-2023.pdf,23,0.0,0,0.0,0.0,0.0,0.0,0,0,
KR,KR-KROGER CO-2023.pdf,28,0.0,0,0.0,0.0,0.0,0.0,0,0,
KR,KR-KROGER CO-2023.pdf,29,0.0,0,0.0,0.0,0.0,0.0,0,0,
KR,KR-KROGER CO-2023.pdf,31,0.0,0,0.0,0.0,0.0,0.0,0,0,
KR,KR-KROGER CO-2023.pdf,36,0.0,0,0.0,0.0,0.0,0.0,0,0,
KR,KR-KROGER CO-2023.pdf,38,0.5075807403803414,5,0.5075807403803414,0.5075807403803414,0.5075807403803414,0.1015353748888138,3,0,
KR,KR-KROGER CO-2023.pdf,39,0.0,0,0.0,0.0,0.0,0.0,0,0,
KR,KR-KROGER CO-2023.pdf,42,0.0,0,0.0,0.0,0.0,0.0,0,0,
KR,KR-KROGER CO-2023.pdf,51,0.0,0,0.0,0.0,0.0,0.0,0,0,
KR,KR-KROGER CO-2023.pdf,52,0.0,0,0.0,0.0,0.0,0.0,0,0,
KR,KR-KROGER CO-2023.pdf,54,0.0,0,0.0,0.0,0.0,0.0,0,0,
KR,KR-KROGER CO-2023.pdf,55,0.1968800241897813,3,0.1968800241897813,0.1968800241897813,0.1968800241897813,0.0754739407913773,3,0,
KR,KR-KROGER CO-2023.pdf,57,0.0,0,0.0,0.0,0.0,0.0,0,0,
KR,KR-KROGER CO-2023.pdf,59,0.0,0,0.0,0.0,0.0,0.0,0,0,
KR,KR-KROGER CO-2023.pdf,61,0.0,0,0.0,0.0,0.0,0.0,0,0,
KR,KR-KROGER CO-2023.pdf,62,0.0,0,0.0,0.0,0.0,0.0,0,0,
KR,KR-KROGER CO-2023.pdf,64,0.0,0,0.0,0.0,0.0,0.0,0,0,
KR,KR-KROGER CO-2023.pdf,68,0.5625802087179166,1,0.5625802087179166,0.5625802087179166,0.5625802087179166,0.5625802087179166,29,0,
KR,KR-KROGER CO-2023.pdf,70,0.2777457495996629,1,0.2777457495996629,0.2777457495996629,0.2777457495996629,0.2777457495996629,30,0,
KSS,KSS-KOHL'S-2022.pdf,20,0.0,0,0.0,0.0,0.0,0.0,0,0,
KSS,KSS-KOHL'S-2022.pdf,24,0.0,0,0.0,0.0,0.0,0.0,0,0,
KSS,KSS-KOHL'S-2022.pdf,25,0.3952287581699346,1,0.3952287581699346,0.3952287581699346,0.3952287581699346,0.3952287581699346,4,0,
KSS,KSS-KOHL'S-2022.pdf,27,0.0,0,0.0,0.0,0.0,0.0,0,0,
KSS,KSS-KOHL'S-2022.pdf,31,0.1143686044298183,3,0.1143686044298183,0.1143686044298183,0.1143686044298183,0.1059314922578178,2,0,
KSS,KSS-KOHL'S-2022.pdf,36,0.0180709672055933,1,0.0180709672055933,0.0180709672055933,0.0180709672055933,0.0180709672055933,4,0,
KSS,KSS-KOHL'S-2022.pdf,37,0.0,0,0.0,0.0,0.0,0.0,0,0,
KSS,KSS-KOHL'S-2022.pdf,40,0.0,0,0.0,0.0,0.0,0.0,0,0,
KSS,KSS-KOHL'S-2022.pdf,41,0.0,0,0.0,0.0,0.0,0.0,0,0,
KSS,KSS-KOHL'S-2022.pdf,42,0.0,0,0.0,0.0,0.0,0.0,0,0,
KSS,KSS-KOHL'S-2022.pdf,45,0.0,0,0.0,0.0,0.0,0.0,0,0,
KSS,KSS-KOHL'S-2022.pdf,63,0.0169919609184162,2,0.0169919609184162,0.0169919609184162,0.0169919609184162,0.0084959804592081,2,0,
KSS,KSS-KOHL'S-2022.pdf,64,0.3610306581986119,1,0.3610306581986119,0.3610306581986119,0.3610306581986119,0.3610306581986119,2,0,
KSS,KSS-KOHL'S-2022.pdf,66,0.0,0,0.0,0.0,0.0,0.0,0,0,
KSS,KSS-KOHL'S-2022.pdf,70,0.0,0,0.0,0.0,0.0,0.0,0,0,
KSS,KSS-KOHL'S-2022.pdf,71,0.0028864171122994,1,0.0028864171122994,0.0028864171122994,0.0028864171122994,0.0028864171122994,2,0,
KSS,KSS-KOHL'S-2022.pdf,73,0.0,0,0.0,0.0,0.0,0.0,0,0,
KSS,KSS-KOHL'S-2022.pdf,74,0.0,0,0.0,0.0,0.0,0.0,0,0,
KSS,KSS-KOHL'S-2022.pdf,75,0.0,0,0.0,0.0,0.0,0.0,0,0,
KSS,KSS-KOHL'S-2022.pdf,77,0.0,0,0.0,0.0,0.0,0.0,0,0,
KSS,KSS-KOHL'S-2022.pdf,79,0.0,0,0.0,0.0,0.0,0.0,0,0,
KSS,KSS-KOHL'S-2022.pdf,82,0.0022351150722915,1,0.0022351150722915,0.0022351150722915,0.0022351150722915,0.0022351150722915,2,0,
KSS,KSS-KOHL'S-2022.pdf,83,0.0020662098105235,1,0.0020662098105235,0.0020662098105235,0.0020662098105235,0.0020662098105235,2,0,
KSS,KSS-KOHL'S-2022.pdf,86,0.0,0,0.0,0.0,0.0,0.0,0,0,
KSS,KSS-KOHL'S-2022.pdf,90,0.0352091173169604,1,0.0352091173169604,0.0352091173169604,0.0352091173169604,0.0352091173169604,2,0,
KSS,KSS-KOHL'S-2023.pdf,8,0.0,0,0.0,0.0,0.0,0.0,0,0,
KSS,KSS-KOHL'S-2023.pdf,9,0.0,0,0.0,0.0,0.0,0.0,0,0,
KSS,KSS-KOHL'S-2023.pdf,10,0.0,0,0.0,0.0,0.0,0.0,0,0,
KSS,KSS-KOHL'S-2023.pdf,11,0.0,0,0.0,0.0,0.0,0.0,0,0,
KSS,KSS-KOHL'S-2023.pdf,13,0.001129353657089,1,0.001129353657089,0.001129353657089,0.001129353657089,0.001129353657089,2,0,
KSS,KSS-KOHL'S-2023.pdf,14,0.0,0,0.0,0.0,0.0,0.0,0,0,
KSS,KSS-KOHL'S-2023.pdf,17,0.0600114583333333,1,0.0600114583333333,0.0600114583333333,0.0600114583333333,0.0600114583333333,2,0,
KSS,KSS-KOHL'S-2023.pdf,18,0.0,0,0.0,0.0,0.0,0.0,0,0,
KSS,KSS-KOHL'S-2023.pdf,21,0.0,0,0.0,0.0,0.0,0.0,0,0,
KSS,KSS-KOHL'S-2023.pdf,22,0.0,0,0.0,0.0,0.0,0.0,0,0,
KSS,KSS-KOHL'S-2023.pdf,26,0.0,0,0.0,0.0,0.0,0.0,0,0,
KSS,KSS-KOHL'S-2023.pdf,27,0.0,0,0.0,0.0,0.0,0.0,0,0,
KSS,KSS-KOHL'S-2023.pdf,31,0.064884633660956,1,0.064884633660956,0.064884633660956,0.064884633660956,0.064884633660956,2,0,
KSS,KSS-KOHL'S-2023.pdf,37,0.0267118963773658,9,0.0267118963773658,0.0267118963773658,0.0267118963773658,0.0035620416566985,2,0,
KSS,KSS-KOHL'S-2023.pdf,38,0.0,0,0.0,0.0,0.0,0.0,0,0,
KSS,KSS-KOHL'S-2023.pdf,39,0.0,0,0.0,0.0,0.0,0.0,0,0,
KSS,KSS-KOHL'S-2023.pdf,41,0.0697977719405383,1,0.0697977719405383,0.0697977719405383,0.0697977719405383,0.0697977719405383,7,0,
KSS,KSS-KOHL'S-2023.pdf,42,0.0,0,0.0,0.0,0.0,0.0,0,0,
KSS,KSS-KOHL'S-2023.pdf,43,0.0,0,0.0,0.0,0.0,0.0,0,0,
KSS,KSS-KOHL'S-2023.pdf,46,0.0,0,0.0,0.0,0.0,0.0,0,0,
KSS,KSS-KOHL'S-2023.pdf,50,0.0,0,0.0,0.0,0.0,0.0,0,0,
KSS,KSS-KOHL'S-2023.pdf,52,0.0406625074272132,1,0.0406625074272132,0.0406625074272132,0.0406625074272132,0.0406625074272132,3,0,
KSS,KSS-KOHL'S-2023.pdf,56,0.0,0,0.0,0.0,0.0,0.0,0,0,
KSS,KSS-KOHL'S-2023.pdf,57,0.0,0,0.0,0.0,0.0,0.0,0,0,
KSS,KSS-KOHL'S-2023.pdf,58,0.3544000000000001,1,0.3544000000000001,0.3544000000000001,0.3544000000000001,0.3544000000000001,3,0,
KSS,KSS-KOHL'S-2023.pdf,59,0.0,0,0.0,0.0,0.0,0.0,0,0,
KSS,KSS-KOHL'S-2023.pdf,60,0.0,0,0.0,0.0,0.0,0.0,0,0,
KSS,KSS-KOHL'S-2023.pdf,64,0.0,0,0.0,0.0,0.0,0.0,0,0,
KSS,KSS-KOHL'S-2023.pdf,66,0.0,0,0.0,0.0,0.0,0.0,0,0,
KSS,KSS-KOHL'S-2023.pdf,73,0.0,0,0.0,0.0,0.0,0.0,0,0,
LEG,LEG-LEGGETT & PLATT INC-2025.pdf,5,0.0,0,0.0,0.0,0.0,0.0,0,0,
LEG,LEG-LEGGETT & PLATT INC-2025.pdf,10,0.2287433804961379,1,0.2287433804961379,0.2287433804961379,0.2287433804961379,0.2287433804961379,2,0,
LEG,LEG-LEGGETT & PLATT INC-2025.pdf,11,0.4019907407407407,1,0.4019907407407407,0.4019907407407407,0.4019907407407407,0.4019907407407407,3,0,
LEG,LEG-LEGGETT & PLATT INC-2025.pdf,22,0.0,0,0.0,0.0,0.0,0.0,0,0,
LEG,LEG-LEGGETT & PLATT INC-2025.pdf,25,0.1598042929292929,1,0.1598042929292929,0.1598042929292929,0.1598042929292929,0.1598042929292929,2,0,
LEG,LEG-LEGGETT & PLATT INC-2025.pdf,30,0.2644193971991153,1,0.2644193971991153,0.2644193971991153,0.2644193971991153,0.2644193971991153,3,0,
LEG,LEG-LEGGETT & PLATT INC-2025.pdf,31,0.0,0,0.0,0.0,0.0,0.0,0,0,
LEG,LEG-LEGGETT & PLATT INC-2025.pdf,36,0.0,0,0.0,0.0,0.0,0.0,0,0,
LEG,LEG-LEGGETT & PLATT INC-2025.pdf,38,0.0766661766768997,1,0.0766661766768997,0.0766661766768997,0.0766661766768997,0.0766661766768997,2,0,
LEG,LEG-LEGGETT & PLATT INC-2025.pdf,41,0.146780303030303,1,0.146780303030303,0.146780303030303,0.146780303030303,0.146780303030303,2,0,
LEG,LEG-LEGGETT & PLATT INC-2025.pdf,42,0.0,0,0.0,0.0,0.0,0.0,0,0,
LEG,LEG-LEGGETT & PLATT INC-2025.pdf,44,0.1383712121212121,1,0.1383712121212121,0.1383712121212121,0.1383712121212121,0.1383712121212121,2,0,
LEG,LEG-LEGGETT & PLATT INC-2025.pdf,49,0.0412767379679144,1,0.0412767379679144,0.0412767379679144,0.0412767379679144,0.0412767379679144,4,0,
LESL,LESL-LESLIE'S INC-2024.pdf,4,0.0,0,0.0,0.0,0.0,0.0,0,0,
LESL,LESL-LESLIE'S INC-2024.pdf,6,0.0,0,0.0,0.0,0.0,0.0,0,0,
LESL,LESL-LESLIE'S INC-2024.pdf,7,0.0,0,0.0,0.0,0.0,0.0,0,0,
LESL,LESL-LESLIE'S INC-2024.pdf,8,0.0,0,0.0,0.0,0.0,0.0,0,0,
LESL,LESL-LESLIE'S INC-2024.pdf,12,0.0,0,0.0,0.0,0.0,0.0,0,0,
LESL,LESL-LESLIE'S INC-2024.pdf,14,0.0,0,0.0,0.0,0.0,0.0,0,0,
LESL,LESL-LESLIE'S INC-2024.pdf,15,0.3739583333333333,1,0.3739583333333333,0.3739583333333333,0.3739583333333333,0.3739583333333333,2,0,
LESL,LESL-LESLIE'S INC-2024.pdf,20,0.6010305336066813,1,0.6010305336066813,0.6010305336066813,0.6010305336066813,0.6010305336066813,25,0,
LESL,LESL-LESLIE'S INC-2024.pdf,21,0.6842892063498647,1,0.6842892063498647,0.6842892063498647,0.6842892063498647,0.6842892063498647,30,0,
LULU,LULU-LULULEMON ATHLETICA INC-2021.pdf,3,0.0,0,0.0,0.0,0.0,0.0,0,0,
LULU,LULU-LULULEMON ATHLETICA INC-2021.pdf,4,0.0,0,0.0,0.0,0.0,0.0,0,0,
LULU,LULU-LULULEMON ATHLETICA INC-2021.pdf,5,0.0,0,0.0,0.0,0.0,0.0,0,0,
LULU,LULU-LULULEMON ATHLETICA INC-2021.pdf,7,0.6127755207088627,1,0.6127755207088627,0.6127755207088627,0.6127755207088627,0.6127755207088627,2,0,
LULU,LULU-LULULEMON ATHLETICA INC-2021.pdf,8,0.0,0,0.0,0.0,0.0,0.0,0,0,
LULU,LULU-LULULEMON ATHLETICA INC-2021.pdf,10,0.0,0,0.0,0.0,0.0,0.0,0,0,
LULU,LULU-LULULEMON ATHLETICA INC-2021.pdf,14,0.0267794796431849,1,0.0267794796431849,0.0267794796431849,0.0267794796431849,0.0267794796431849,10,0,
LULU,LULU-LULULEMON ATHLETICA INC-2021.pdf,17,0.0,0,0.0,0.0,0.0,0.0,0,0,
LULU,LULU-LULULEMON ATHLETICA INC-2021.pdf,18,0.0,0,0.0,0.0,0.0,0.0,0,0,
LULU,LULU-LULULEMON ATHLETICA INC-2021.pdf,20,0.0023676785208142,1,0.0023676785208142,0.0023676785208142,0.0023676785208142,0.0023676785208142,2,0,
LULU,LULU-LULULEMON ATHLETICA INC-2021.pdf,21,0.0,0,0.0,0.0,0.0,0.0,0,0,
LULU,LULU-LULULEMON ATHLETICA INC-2021.pdf,22,0.0,0,0.0,0.0,0.0,0.0,0,0,
LULU,LULU-LULULEMON ATHLETICA INC-2021.pdf,25,0.0,0,0.0,0.0,0.0,0.0,0,0,
LULU,LULU-LULULEMON ATHLETICA INC-2021.pdf,29,0.0,0,0.0,0.0,0.0,0.0,0,0,
LULU,LULU-LULULEMON ATHLETICA INC-2021.pdf,40,0.0267796750652007,6,0.0267796750652007,0.0267796750652007,0.0267796750652007,0.0080199406745627,5,0,
LULU,LULU-LULULEMON ATHLETICA INC-2021.pdf,41,0.0176403802283256,3,0.0176403802283256,0.0176403802283256,0.0176403802283256,0.0081674882377243,7,0,
LULU,LULU-LULULEMON ATHLETICA INC-2021.pdf,45,0.0078166075335036,1,0.0078166075335036,0.0078166075335036,0.0078166075335036,0.0078166075335036,8,0,
LULU,LULU-LULULEMON ATHLETICA INC-2021.pdf,46,0.0,0,0.0,0.0,0.0,0.0,0,0,
LULU,LULU-LULULEMON ATHLETICA INC-2021.pdf,49,0.0,0,0.0,0.0,0.0,0.0,0,0,
LULU,LULU-LULULEMON ATHLETICA INC-2021.pdf,52,0.0,0,0.0,0.0,0.0,0.0,0,0,
LULU,LULU-LULULEMON ATHLETICA INC-2021.pdf,53,0.0078166075335036,1,0.0078166075335036,0.0078166075335036,0.0078166075335036,0.0078166075335036,8,0,
LULU,LULU-LULULEMON ATHLETICA INC-2021.pdf,55,0.4941366251815356,1,0.4941366251815356,0.4941366251815356,0.4941366251815356,0.4941366251815356,6,0,
LULU,LULU-LULULEMON ATHLETICA INC-2021.pdf,56,0.0,0,0.0,0.0,0.0,0.0,0,0,
LULU,LULU-LULULEMON ATHLETICA INC-2021.pdf,58,0.0,0,0.0,0.0,0.0,0.0,0,0,
LULU,LULU-LULULEMON ATHLETICA INC-2021.pdf,61,0.0,0,0.0,0.0,0.0,0.0,0,0,
LULU,LULU-LULULEMON ATHLETICA INC-2021.pdf,62,0.0,0,0.0,0.0,0.0,0.0,0,0,
LULU,LULU-LULULEMON ATHLETICA INC-2021.pdf,63,0.0188337220207861,3,0.0188337220207861,0.0188337220207861,0.0188337220207861,0.0082825697351389,6,0,
LULU,LULU-LULULEMON ATHLETICA INC-2021.pdf,65,0.0,0,0.0,0.0,0.0,0.0,0,0,
LULU,LULU-LULULEMON ATHLETICA INC-2021.pdf,66,0.0,0,0.0,0.0,0.0,0.0,0,0,
LULU,LULU-LULULEMON ATHLETICA INC-2021.pdf,67,0.0,0,0.0,0.0,0.0,0.0,0,0,
LULU,LULU-LULULEMON ATHLETICA INC-2021.pdf,68,0.0,0,0.0,0.0,0.0,0.0,0,0,
LULU,LULU-LULULEMON ATHLETICA INC-2021.pdf,70,0.0,0,0.0,0.0,0.0,0.0,0,0,
LULU,LULU-LULULEMON ATHLETICA INC-2021.pdf,71,0.0,0,0.0,0.0,0.0,0.0,0,0,
LULU,LULU-LULULEMON ATHLETICA INC-2021.pdf,72,0.0,0,0.0,0.0,0.0,0.0,0,0,
LULU,LULU-LULULEMON ATHLETICA INC-2021.pdf,73,0.0,0,0.0,0.0,0.0,0.0,0,0,
LULU,LULU-LULULEMON ATHLETICA INC-2021.pdf,74,0.0,0,0.0,0.0,0.0,0.0,0,0,
LULU,LULU-LULULEMON ATHLETICA INC-2021.pdf,75,0.0,0,0.0,0.0,0.0,0.0,0,0,
LULU,LULU-LULULEMON ATHLETICA INC-2021.pdf,77,0.0,0,0.0,0.0,0.0,0.0,0,0,
LULU,LULU-LULULEMON ATHLETICA INC-2022.pdf,3,0.0,0,0.0,0.0,0.0,0.0,0,0,
LULU,LULU-LULULEMON ATHLETICA INC-2022.pdf,4,0.0,0,0.0,0.0,0.0,0.0,0,0,
LULU,LULU-LULULEMON ATHLETICA INC-2022.pdf,5,0.0,0,0.0,0.0,0.0,0.0,0,0,
LULU,LULU-LULULEMON ATHLETICA INC-2022.pdf,9,0.1770191052469135,4,0.1770191052469135,0.1770191052469135,0.1770191052469135,0.0442547763117283,2,0,
LULU,LULU-LULULEMON ATHLETICA INC-2022.pdf,10,0.0,0,0.0,0.0,0.0,0.0,0,0,
LULU,LULU-LULULEMON ATHLETICA INC-2022.pdf,13,0.0,0,0.0,0.0,0.0,0.0,0,0,
LULU,LULU-LULULEMON ATHLETICA INC-2022.pdf,22,0.0,0,0.0,0.0,0.0,0.0,0,0,
LULU,LULU-LULULEMON ATHLETICA INC-2022.pdf,23,0.0,0,0.0,0.0,0.0,0.0,0,0,
LULU,LULU-LULULEMON ATHLETICA INC-2022.pdf,25,0.0,0,0.0,0.0,0.0,0.0,0,0,
LULU,LULU-LULULEMON ATHLETICA INC-2022.pdf,28,0.0,0,0.0,0.0,0.0,0.0,0,0,
LULU,LULU-LULULEMON ATHLETICA INC-2022.pdf,29,0.0,0,0.0,0.0,0.0,0.0,0,0,
LULU,LULU-LULULEMON ATHLETICA INC-2022.pdf,30,0.0,0,0.0,0.0,0.0,0.0,0,0,
LULU,LULU-LULULEMON ATHLETICA INC-2022.pdf,32,0.0,0,0.0,0.0,0.0,0.0,0,0,
LULU,LULU-LULULEMON ATHLETICA INC-2022.pdf,33,0.0,0,0.0,0.0,0.0,0.0,0,0,
LULU,LULU-LULULEMON ATHLETICA INC-2022.pdf,38,0.0,0,0.0,0.0,0.0,0.0,0,0,
LULU,LULU-LULULEMON ATHLETICA INC-2022.pdf,40,0.0,0,0.0,0.0,0.0,0.0,0,0,
LULU,LULU-LULULEMON ATHLETICA INC-2022.pdf,42,0.0,0,0.0,0.0,0.0,0.0,0,0,
LULU,LULU-LULULEMON ATHLETICA INC-2022.pdf,43,0.0,0,0.0,0.0,0.0,0.0,0,0,
LULU,LULU-LULULEMON ATHLETICA INC-2022.pdf,49,0.0,0,0.0,0.0,0.0,0.0,0,0,
LULU,LULU-LULULEMON ATHLETICA INC-2022.pdf,51,0.0,0,0.0,0.0,0.0,0.0,0,0,
LULU,LULU-LULULEMON ATHLETICA INC-2022.pdf,52,0.0,0,0.0,0.0,0.0,0.0,0,0,
LULU,LULU-LULULEMON ATHLETICA INC-2022.pdf,53,0.0,0,0.0,0.0,0.0,0.0,0,0,
LULU,LULU-LULULEMON ATHLETICA INC-2022.pdf,54,0.0,0,0.0,0.0,0.0,0.0,0,0,
LULU,LULU-LULULEMON ATHLETICA INC-2022.pdf,56,0.0,0,0.0,0.0,0.0,0.0,0,0,
LULU,LULU-LULULEMON ATHLETICA INC-2022.pdf,58,0.0,0,0.0,0.0,0.0,0.0,0,0,
LULU,LULU-LULULEMON ATHLETICA INC-2022.pdf,59,0.0,0,0.0,0.0,0.0,0.0,0,0,
LULU,LULU-LULULEMON ATHLETICA INC-2022.pdf,61,0.0,0,0.0,0.0,0.0,0.0,0,0,
LULU,LULU-LULULEMON ATHLETICA INC-2022.pdf,62,0.0,0,0.0,0.0,0.0,0.0,0,0,
LULU,LULU-LULULEMON ATHLETICA INC-2022.pdf,64,0.0,0,0.0,0.0,0.0,0.0,0,0,
LULU,LULU-LULULEMON ATHLETICA INC-2022.pdf,65,0.0,0,0.0,0.0,0.0,0.0,0,0,
LULU,LULU-LULULEMON ATHLETICA INC-2022.pdf,66,0.0,0,0.0,0.0,0.0,0.0,0,0,
LULU,LULU-LULULEMON ATHLETICA INC-2022.pdf,67,0.0,0,0.0,0.0,0.0,0.0,0,0,
LULU,LULU-LULULEMON ATHLETICA INC-2022.pdf,68,0.0,0,0.0,0.0,0.0,0.0,0,0,
LULU,LULU-LULULEMON ATHLETICA INC-2022.pdf,71,0.0,0,0.0,0.0,0.0,0.0,0,0,
LULU,LULU-LULULEMON ATHLETICA INC-2022.pdf,73,0.0,0,0.0,0.0,0.0,0.0,0,0,
LULU,LULU-LULULEMON ATHLETICA INC-2022.pdf,74,0.0,0,0.0,0.0,0.0,0.0,0,0,
LULU,LULU-LULULEMON ATHLETICA INC-2022.pdf,77,0.0,0,0.0,0.0,0.0,0.0,0,0,
LULU,LULU-LULULEMON ATHLETICA INC-2022.pdf,78,0.0,0,0.0,0.0,0.0,0.0,0,0,
LULU,LULU-LULULEMON ATHLETICA INC-2022.pdf,79,0.0,0,0.0,0.0,0.0,0.0,0,0,
LULU,LULU-LULULEMON ATHLETICA INC-2022.pdf,80,0.0,0,0.0,0.0,0.0,0.0,0,0,
LULU,LULU-LULULEMON ATHLETICA INC-2022.pdf,82,0.0,0,0.0,0.0,0.0,0.0,0,0,
LULU,LULU-LULULEMON ATHLETICA INC-2022.pdf,84,0.0,0,0.0,0.0,0.0,0.0,0,0,
LULU,LULU-LULULEMON ATHLETICA INC-2022.pdf,85,0.0,0,0.0,0.0,0.0,0.0,0,0,
LULU,LULU-LULULEMON ATHLETICA INC-2022.pdf,87,0.0,0,0.0,0.0,0.0,0.0,0,0,
LULU,LULU-LULULEMON ATHLETICA INC-2022.pdf,89,0.0,0,0.0,0.0,0.0,0.0,0,0,
LULU,LULU-LULULEMON ATHLETICA INC-2022.pdf,90,0.0,0,0.0,0.0,0.0,0.0,0,0,
LULU,LULU-LULULEMON ATHLETICA INC-2022.pdf,91,0.0,0,0.0,0.0,0.0,0.0,0,0,
LZB,LZB-LA-Z-BOY INC-2023.pdf,3,0.0,0,0.0,0.0,0.0,0.0,0,0,
LZB,LZB-LA-Z-BOY INC-2023.pdf,15,0.9539083333333334,1,0.0,0.0,0.0,0.9539083333333334,4,1,
LZB,LZB-LA-Z-BOY INC-2023.pdf,16,0.0,0,0.0,0.0,0.0,0.0,0,0,
LZB,LZB-LA-Z-BOY INC-2023.pdf,31,0.0,0,0.0,0.0,0.0,0.0,0,0,
LZB,LZB-LA-Z-BOY INC-2023.pdf,39,0.0,0,0.0,0.0,0.0,0.0,0,0,
LZB,LZB-LA-Z-BOY INC-2023.pdf,40,0.0,0,0.0,0.0,0.0,0.0,0,0,
LZB,LZB-LA-Z-BOY INC-2023.pdf,41,0.0,0,0.0,0.0,0.0,0.0,0,0,
LZB,LZB-LA-Z-BOY INC-2023.pdf,42,0.0,0,0.0,0.0,0.0,0.0,0,0,
LZB,LZB-LA-Z-BOY INC-2023.pdf,43,0.0,0,0.0,0.0,0.0,0.0,0,0,
LZB,LZB-LA-Z-BOY INC-2023.pdf,44,0.0,0,0.0,0.0,0.0,0.0,0,0,
LZB,LZB-LA-Z-BOY INC-2023.pdf,45,0.0,0,0.0,0.0,0.0,0.0,0,0,
LZB,LZB-LA-Z-BOY INC-2023.pdf,53,0.4279035391008278,2,0.4279035391008278,0.4279035391008278,0.4279035391008278,0.4243198828647167,25,0,
LZB,LZB-LA-Z-BOY INC-2023.pdf,57,0.7197832450282804,1,0.7197832450282804,0.7197832450282804,0.7197832450282804,0.7197832450282804,50,0,
LZB,LZB-LA-Z-BOY INC-2023.pdf,58,0.5932377601711463,1,0.5932377601711463,0.5932377601711463,0.5932377601711463,0.5932377601711463,23,0,
LZB,LZB-LA-Z-BOY INC-2023.pdf,59,0.482647836702342,1,0.482647836702342,0.482647836702342,0.482647836702342,0.482647836702342,33,0,
LZB,LZB-LA-Z-BOY INC-2025.pdf,4,0.0,0,0.0,0.0,0.0,0.0,0,0,
LZB,LZB-LA-Z-BOY INC-2025.pdf,7,0.0,0,0.0,0.0,0.0,0.0,0,0,
LZB,LZB-LA-Z-BOY INC-2025.pdf,8,0.0,0,0.0,0.0,0.0,0.0,0,0,
LZB,LZB-LA-Z-BOY INC-2025.pdf,10,0.0,0,0.0,0.0,0.0,0.0,0,0,
LZB,LZB-LA-Z-BOY INC-2025.pdf,11,0.0,0,0.0,0.0,0.0,0.0,0,0,
LZB,LZB-LA-Z-BOY INC-2025.pdf,13,0.0,0,0.0,0.0,0.0,0.0,0,0,
LZB,LZB-LA-Z-BOY INC-2025.pdf,14,0.0,0,0.0,0.0,0.0,0.0,0,0,
LZB,LZB-LA-Z-BOY INC-2025.pdf,16,0.0,0,0.0,0.0,0.0,0.0,0,0,
LZB,LZB-LA-Z-BOY INC-2025.pdf,20,0.0,0,0.0,0.0,0.0,0.0,0,0,
LZB,LZB-LA-Z-BOY INC-2025.pdf,21,0.0,0,0.0,0.0,0.0,0.0,0,0,
LZB,LZB-LA-Z-BOY INC-2025.pdf,27,0.5435580773484802,1,0.5435580773484802,0.5435580773484802,0.5435580773484802,0.5435580773484802,25,0,
LZB,LZB-LA-Z-BOY INC-2025.pdf,28,0.57967917937015,1,0.57967917937015,0.57967917937015,0.57967917937015,0.57967917937015,31,0,
LZB,LZB-LA-Z-BOY INC-2025.pdf,29,0.470881171786382,1,0.470881171786382,0.470881171786382,0.470881171786382,0.470881171786382,31,0,
LZB,LZB-LA-Z-BOY INC-2025.pdf,30,0.5393866688987565,1,0.5393866688987565,0.5393866688987565,0.5393866688987565,0.5393866688987565,31,0,
LZB,LZB-LA-Z-BOY INC-2025.pdf,32,0.0,0,0.0,0.0,0.0,0.0,0,0,
M,M-MACY'S INC-2021.pdf,4,0.0,0,0.0,0.0,0.0,0.0,0,0,
M,M-MACY'S INC-2021.pdf,5,0.0,0,0.0,0.0,0.0,0.0,0,0,
M,M-MACY'S INC-2021.pdf,7,0.0,0,0.0,0.0,0.0,0.0,0,0,
M,M-MACY'S INC-2024.pdf,3,0.0,0,0.0,0.0,0.0,0.0,0,0,
M,M-MACY'S INC-2024.pdf,6,0.0,0,0.0,0.0,0.0,0.0,0,0,
M,M-MACY'S INC-2024.pdf,7,0.0,0,0.0,0.0,0.0,0.0,0,0,
M,M-MACY'S INC-2024.pdf,15,0.0,0,0.0,0.0,0.0,0.0,0,0,
M,M-MACY'S INC-2024.pdf,20,0.0,0,0.0,0.0,0.0,0.0,0,0,
M,M-MACY'S INC-2024.pdf,22,0.0,0,0.0,0.0,0.0,0.0,0,0,
M,M-MACY'S INC-2024.pdf,23,0.0,0,0.0,0.0,0.0,0.0,0,0,
M,M-MACY'S INC-2024.pdf,29,0.0,0,0.0,0.0,0.0,0.0,0,0,
M,M-MACY'S INC-2024.pdf,36,0.0,0,0.0,0.0,0.0,0.0,0,0,
M,M-MACY'S INC-2024.pdf,38,0.0,0,0.0,0.0,0.0,0.0,0,0,
M,M-MACY'S INC-2024.pdf,39,0.0675597993473955,1,0.0675597993473955,0.0675597993473955,0.0675597993473955,0.0675597993473955,16,0,
M,M-MACY'S INC-2024.pdf,41,0.0,0,0.0,0.0,0.0,0.0,0,0,
M,M-MACY'S INC-2024.pdf,42,0.0,0,0.0,0.0,0.0,0.0,0,0,
M,M-MACY'S INC-2024.pdf,43,0.0,0,0.0,0.0,0.0,0.0,0,0,
M,M-MACY'S INC-2024.pdf,44,0.0,0,0.0,0.0,0.0,0.0,0,0,
M,M-MACY'S INC-2024.pdf,45,0.0,0,0.0,0.0,0.0,0.0,0,0,
M,M-MACY'S INC-2024.pdf,48,0.0,0,0.0,0.0,0.0,0.0,0,0,
M,M-MACY'S INC-2024.pdf,52,0.0,0,0.0,0.0,0.0,0.0,0,0,
M,M-MACY'S INC-2024.pdf,53,0.0,0,0.0,0.0,0.0,0.0,0,0,
M,M-MACY'S INC-2024.pdf,54,0.0,0,0.0,0.0,0.0,0.0,0,0,
M,M-MACY'S INC-2024.pdf,55,0.0,0,0.0,0.0,0.0,0.0,0,0,
M,M-MACY'S INC-2024.pdf,57,0.0,0,0.0,0.0,0.0,0.0,0,0,
M,M-MACY'S INC-2024.pdf,60,0.0122400167370188,1,0.0122400167370188,0.0122400167370188,0.0122400167370188,0.0122400167370188,3,0,
M,M-MACY'S INC-2024.pdf,63,0.0,0,0.0,0.0,0.0,0.0,0,0,
M,M-MACY'S INC-2024.pdf,64,0.0,0,0.0,0.0,0.0,0.0,0,0,
M,M-MACY'S INC-2024.pdf,66,0.0,0,0.0,0.0,0.0,0.0,0,0,
MELI,MELI-MERCADOLIBRE-2022.pdf,2,1.0358681929243607,6,0.0235010054243608,0.0235010054243608,0.0235010054243608,1.0123671875,3,1,
MELI,MELI-MERCADOLIBRE-2022.pdf,5,0.0228671392337155,5,0.0228671392337155,0.0228671392337155,0.0228671392337155,0.0051624597237723,3,0,
MELI,MELI-MERCADOLIBRE-2022.pdf,6,0.0228671392337155,5,0.0228671392337155,0.0228671392337155,0.0228671392337155,0.0051624597237723,3,0,
MELI,MELI-MERCADOLIBRE-2022.pdf,22,1.0357986749348955,6,1.0357986749348955,1.0357986749348955,1.0357986749348955,1.0123671875,6,0,
MELI,MELI-MERCADOLIBRE-2022.pdf,27,0.0228671392337155,5,0.0228671392337155,0.0228671392337155,0.0228671392337155,0.0051624597237723,3,0,
MELI,MELI-MERCADOLIBRE-2025.pdf,4,1.0177141203703703,1,1.0177141203703703,1.0177141203703703,1.0177141203703703,1.0177141203703703,8,0,
MELI,MELI-MERCADOLIBRE-2025.pdf,5,1.2140303696952162,2,0.2145222075617284,0.2145222075617284,0.2145222075617284,0.9995081621334876,3,1,
MELI,MELI-MERCADOLIBRE-2025.pdf,6,1.4944177742042823,2,0.4949096120707947,0.4949096120707947,0.4949096120707947,0.9995081621334876,3,1,
MELI,MELI-MERCADOLIBRE-2025.pdf,9,1.1265068672839509,1,1.1265068672839509,1.1265068672839509,1.1265068672839509,1.1265068672839509,18,0,
MELI,MELI-MERCADOLIBRE-2025.pdf,11,1.5187090236304015,2,0.5192008614969137,0.5192008614969137,0.5192008614969137,0.9995081621334876,3,1,
MELI,MELI-MERCADOLIBRE-2025.pdf,13,1.6469113179976853,2,0.6474031558641975,0.6474031558641975,0.6474031558641975,0.9995081621334876,3,1,
MELI,MELI-MERCADOLIBRE-2025.pdf,14,0.9995081621334876,1,0.0,0.0,0.0,0.9995081621334876,3,1,
MELI,MELI-MERCADOLIBRE-2025.pdf,16,1.2007565783998844,2,0.2012484162663966,0.2012484162663966,0.2012484162663966,0.9995081621334876,3,1,
MELI,MELI-MERCADOLIBRE-2025.pdf,17,0.9995081621334876,1,0.0,0.0,0.0,0.9995081621334876,3,1,
MELI,MELI-MERCADOLIBRE-2025.pdf,18,1.5263170226297262,2,0.5268088604962385,0.5268088604962385,0.5268088604962385,0.9995081621334876,3,1,
MELI,MELI-MERCADOLIBRE-2025.pdf,19,1.4862830369290123,2,0.4867748747955247,0.4867748747955247,0.4867748747955247,0.9995081621334876,3,1,
MELI,MELI-MERCADOLIBRE-2025.pdf,20,1.3594619603587963,2,0.3599537982253086,0.3599537982253086,0.3599537982253086,0.9995081621334876,3,1,
MELI,MELI-MERCADOLIBRE-2025.pdf,21,0.9995081621334876,1,0.0,0.0,0.0,0.9995081621334876,3,1,
MELI,MELI-MERCADOLIBRE-2025.pdf,24,1.3923627436316068,3,0.3928545814981192,0.3928545814981192,0.3928545814981192,0.9995081621334876,3,1,
MELI,MELI-MERCADOLIBRE-2025.pdf,27,0.9995081621334876,1,0.0,0.0,0.0,0.9995081621334876,3,1,
MELI,MELI-MERCADOLIBRE-2025.pdf,28,1.4869401324990354,2,0.4874319703655478,0.4874319703655478,0.4874319703655478,0.9995081621334876,3,1,
MELI,MELI-MERCADOLIBRE-2025.pdf,29,0.9995081621334876,1,0.0,0.0,0.0,0.9995081621334876,3,1,
MELI,MELI-MERCADOLIBRE-2025.pdf,30,0.9995081621334876,1,0.0,0.0,0.0,0.9995081621334876,3,1,
MELI,MELI-MERCADOLIBRE-2025.pdf,34,1.0393617091049383,1,1.0393617091049383,1.0393617091049383,1.0393617091049383,1.0393617091049383,17,0,
MELI,MELI-MERCADOLIBRE-2025.pdf,37,0.9995081621334876,1,0.0,0.0,0.0,0.9995081621334876,3,1,
MELI,MELI-MERCADOLIBRE-2025.pdf,39,0.9995081621334876,1,0.0,0.0,0.0,0.9995081621334876,3,1,
MELI,MELI-MERCADOLIBRE-2025.pdf,40,1.708477225597994,2,0.7089690634645062,0.7089690634645062,0.7089690634645062,0.9995081621334876,3,1,
MELI,MELI-MERCADOLIBRE-2025.pdf,41,0.9995081621334876,1,0.0,0.0,0.0,0.9995081621334876,3,1,
MELI,MELI-MERCADOLIBRE-2025.pdf,43,0.9995081621334876,1,0.0,0.0,0.0,0.9995081621334876,3,1,
MELI,MELI-MERCADOLIBRE-2025.pdf,49,1.104908432195216,1,1.104908432195216,1.104908432195216,1.104908432195216,1.104908432195216,16,0,
MELI,MELI-MERCADOLIBRE-2025.pdf,50,1.3937906901041668,2,0.394282527970679,0.394282527970679,0.394282527970679,0.9995081621334876,3,1,
MELI,MELI-MERCADOLIBRE-2025.pdf,51,0.9995081621334876,1,0.0,0.0,0.0,0.9995081621334876,3,1,
MELI,MELI-MERCADOLIBRE-2025.pdf,53,1.293300764814815,2,0.2937926026813272,0.2937926026813272,0.2937926026813272,0.9995081621334876,3,1,
MELI,MELI-MERCADOLIBRE-2025.pdf,55,0.9995081621334876,1,0.0,0.0,0.0,0.9995081621334876,3,1,
MELI,MELI-MERCADOLIBRE-2025.pdf,56,0.9995081621334876,1,0.0,0.0,0.0,0.9995081621334876,3,1,
MELI,MELI-MERCADOLIBRE-2025.pdf,57,0.9995081621334876,1,0.0,0.0,0.0,0.9995081621334876,3,1,
MELI,MELI-MERCADOLIBRE-2025.pdf,58,1.08503278669946,1,1.08503278669946,1.08503278669946,1.08503278669946,1.08503278669946,20,0,
MELI,MELI-MERCADOLIBRE-2025.pdf,59,0.9995081621334876,1,0.0,0.0,0.0,0.9995081621334876,3,1,
MELI,MELI-MERCADOLIBRE-2025.pdf,62,0.9995081621334876,1,0.0,0.0,0.0,0.9995081621334876,3,1,
MELI,MELI-MERCADOLIBRE-2025.pdf,64,0.9995081621334876,1,0.0,0.0,0.0,0.9995081621334876,3,1,
MELI,MELI-MERCADOLIBRE-2025.pdf,66,1.229403030960648,2,0.2298948688271604,0.2298948688271604,0.2298948688271604,0.9995081621334876,3,1,
MELI,MELI-MERCADOLIBRE-2025.pdf,69,0.9995081621334876,1,0.0,0.0,0.0,0.9995081621334876,3,1,
MELI,MELI-MERCADOLIBRE-2025.pdf,71,0.9995081621334876,1,0.0,0.0,0.0,0.9995081621334876,3,1,
MELI,MELI-MERCADOLIBRE-2025.pdf,79,0.9995081621334876,1,0.0,0.0,0.0,0.9995081621334876,3,1,
MELI,MELI-MERCADOLIBRE-2025.pdf,80,1.374148960857446,3,0.3746407987239583,0.3746407987239583,0.3746407987239583,0.9995081621334876,3,1,
MELI,MELI-MERCADOLIBRE-2025.pdf,81,1.0924264081790125,3,0.0929182460455246,0.0929182460455246,0.0929182460455246,0.9995081621334876,3,1,
MELI,MELI-MERCADOLIBRE-2025.pdf,82,0.9995081621334876,1,0.0,0.0,0.0,0.9995081621334876,3,1,
MELI,MELI-MERCADOLIBRE-2025.pdf,92,1.0018223247278375,7,0.0023141625943496,0.0023141625943496,0.0023141625943496,0.9995081621334876,3,1,
MELI,MELI-MERCADOLIBRE-2025.pdf,97,1.437286439491306,6,0.4377782773578184,0.4377782773578184,0.4377782773578184,0.9995081621334876,3,1,
MELI,MELI-MERCADOLIBRE-2025.pdf,103,1.537392483121142,2,0.5378843209876544,0.5378843209876544,0.5378843209876544,0.9995081621334876,3,1,
MELI,MELI-MERCADOLIBRE-2025.pdf,104,1.629187544849537,2,0.6296793827160493,0.6296793827160493,0.6296793827160493,0.9995081621334876,3,1,
MELI,MELI-MERCADOLIBRE-2025.pdf,109,1.65876038435571,2,0.6592522222222222,0.6592522222222222,0.6592522222222222,0.9995081621334876,3,1,
MELI,MELI-MERCADOLIBRE-2025.pdf,111,1.6706690263310184,2,0.6711608641975307,0.6711608641975307,0.6711608641975307,0.9995081621334876,3,1,
MHK,MHK-MOHAWK INDUSTRIES INC-2024.pdf,5,1.003227490867869,1,1.003227490867869,1.003227490867869,1.003227490867869,1.003227490867869,103,0,
MHK,MHK-MOHAWK INDUSTRIES INC-2024.pdf,6,1.1325120114603136,1,1.1325120114603136,1.1325120114603136,1.1325120114603136,1.1325120114603136,86,0,
MHK,MHK-MOHAWK INDUSTRIES INC-2024.pdf,7,1.8041538583047707,2,1.8041538583047707,1.8041538583047707,1.8041538583047707,1.7816649617255935,66,0,
MHK,MHK-MOHAWK INDUSTRIES INC-2024.pdf,17,1.8041538583047707,2,1.8041538583047707,1.8041538583047707,1.8041538583047707,1.7816649617255935,68,0,
MHK,MHK-MOHAWK INDUSTRIES INC-2024.pdf,20,1.0922690988094128,1,1.0922690988094128,1.0922690988094128,1.0922690988094128,1.0922690988094128,93,0,
MHK,MHK-MOHAWK INDUSTRIES INC-2024.pdf,21,0.0050902646851607,3,0.0050902646851607,0.0050902646851607,0.0050902646851607,0.0022918442553631,2,0,
MHK,MHK-MOHAWK INDUSTRIES INC-2024.pdf,24,0.9999999800522876,1,0.9999999800522876,0.9999999800522876,0.9999999800522876,0.9999999800522876,6,0,
MHK,MHK-MOHAWK INDUSTRIES INC-2024.pdf,26,0.0,0,0.0,0.0,0.0,0.0,0,0,
MHK,MHK-MOHAWK INDUSTRIES INC-2024.pdf,28,0.9999999800514195,1,0.0,0.0,0.0,0.9999999800514195,4,1,
MHK,MHK-MOHAWK INDUSTRIES INC-2024.pdf,29,0.0,0,0.0,0.0,0.0,0.0,0,0,
MHK,MHK-MOHAWK INDUSTRIES INC-2024.pdf,36,0.9852940827835774,1,0.0,0.0,0.0,0.9852940827835774,2,1,
MHK,MHK-MOHAWK INDUSTRIES INC-2024.pdf,39,0.0,0,0.0,0.0,0.0,0.0,0,0,
MHK,MHK-MOHAWK INDUSTRIES INC-2024.pdf,40,0.999999959867764,1,0.0,0.0,0.0,0.999999959867764,3,1,
MHK,MHK-MOHAWK INDUSTRIES INC-2024.pdf,45,0.9999999800517916,1,0.0,0.0,0.0,0.9999999800517916,2,1,
MHK,MHK-MOHAWK INDUSTRIES INC-2024.pdf,49,0.9878395900384308,1,0.0,0.0,0.0,0.9878395900384308,3,1,
MHK,MHK-MOHAWK INDUSTRIES INC-2024.pdf,52,0.999999959867764,1,0.0,0.0,0.0,0.999999959867764,3,1,
MHK,MHK-MOHAWK INDUSTRIES INC-2024.pdf,57,1.0865306584991767,1,1.0865306584991767,1.0865306584991767,1.0865306584991767,1.0865306584991767,107,0,
MHK,MHK-MOHAWK INDUSTRIES INC-2024.pdf,58,0.0,0,0.0,0.0,0.0,0.0,0,0,
MHK,MHK-MOHAWK INDUSTRIES INC-2024.pdf,59,0.0,0,0.0,0.0,0.0,0.0,0,0,
MHK,MHK-MOHAWK INDUSTRIES INC-2024.pdf,67,0.885449394414629,2,0.885449394414629,0.0086520447768543,0.885449394414629,0.8767973496377747,3,0,
MHK,MHK-MOHAWK INDUSTRIES INC-2024.pdf,72,0.2173373878413829,6,0.2173373878413829,0.2173373878413829,0.2173373878413829,0.2058564024105178,3,0,
MHK,MHK-MOHAWK INDUSTRIES INC-2024.pdf,76,0.0073069401157648,1,0.0073069401157648,0.0073069401157648,0.0073069401157648,0.0073069401157648,3,0,
MHK,MHK-MOHAWK INDUSTRIES INC-2024.pdf,77,0.0028743592355225,1,0.0028743592355225,0.0028743592355225,0.0028743592355225,0.0028743592355225,2,0,
MUSA,MUSA-MURPHY USA INC-2021.pdf,4,0.0,0,0.0,0.0,0.0,0.0,0,0,
MUSA,MUSA-MURPHY USA INC-2021.pdf,15,0.0,0,0.0,0.0,0.0,0.0,0,0,
MUSA,MUSA-MURPHY USA INC-2021.pdf,17,0.0,0,0.0,0.0,0.0,0.0,0,0,
MUSA,MUSA-MURPHY USA INC-2021.pdf,21,0.0,0,0.0,0.0,0.0,0.0,0,0,
MUSA,MUSA-MURPHY USA INC-2021.pdf,22,0.03813123885918,1,0.03813123885918,0.03813123885918,0.03813123885918,0.03813123885918,2,0,
NGVC,NGVC-NATURAL GROCERS VITAMIN CTGE-2024.pdf,3,0.0,0,0.0,0.0,0.0,0.0,0,0,
NGVC,NGVC-NATURAL GROCERS VITAMIN CTGE-2024.pdf,11,0.0,0,0.0,0.0,0.0,0.0,0,0,
NGVC,NGVC-NATURAL GROCERS VITAMIN CTGE-2024.pdf,15,0.0,0,0.0,0.0,0.0,0.0,0,0,
NGVC,NGVC-NATURAL GROCERS VITAMIN CTGE-2024.pdf,19,0.1526361989991829,2,0.1526361989991829,0.1526361989991829,0.1526361989991829,0.1399085171568626,2,0,
NGVC,NGVC-NATURAL GROCERS VITAMIN CTGE-2024.pdf,30,0.0,0,0.0,0.0,0.0,0.0,0,0,
NWL,NWL-NEWELL BRANDS INC-2021.pdf,5,0.0,0,0.0,0.0,0.0,0.0,0,0,
NWL,NWL-NEWELL BRANDS INC-2021.pdf,8,0.0,0,0.0,0.0,0.0,0.0,0,0,
NWL,NWL-NEWELL BRANDS INC-2021.pdf,11,0.3289079821625,1,0.3289079821625,0.3289079821625,0.3289079821625,0.3289079821625,3,0,
NWL,NWL-NEWELL BRANDS INC-2021.pdf,13,1.0,1,1.0,1.0,1.0,1.0,33,0,
NWL,NWL-NEWELL BRANDS INC-2021.pdf,14,1.0,1,1.0,1.0,1.0,1.0,21,0,
NWL,NWL-NEWELL BRANDS INC-2021.pdf,17,0.32144992,1,0.32144992,0.32144992,0.32144992,0.32144992,7,0,
NWL,NWL-NEWELL BRANDS INC-2021.pdf,18,1.0,1,0.0,0.0,0.0,1.0,3,1,
NWL,NWL-NEWELL BRANDS INC-2021.pdf,19,0.0,0,0.0,0.0,0.0,0.0,0,0,
NWL,NWL-NEWELL BRANDS INC-2021.pdf,24,0.0,0,0.0,0.0,0.0,0.0,0,0,
NWL,NWL-NEWELL BRANDS INC-2021.pdf,26,0.0,0,0.0,0.0,0.0,0.0,0,0,
NWL,NWL-NEWELL BRANDS INC-2021.pdf,27,1.021798125,1,0.0,0.0,0.0,1.021798125,3,1,
NWL,NWL-NEWELL BRANDS INC-2021.pdf,32,0.0,0,0.0,0.0,0.0,0.0,0,0,
NWL,NWL-NEWELL BRANDS INC-2021.pdf,33,0.0,0,0.0,0.0,0.0,0.0,0,0,
NWL,NWL-NEWELL BRANDS INC-2021.pdf,35,0.0,0,0.0,0.0,0.0,0.0,0,0,
NWL,NWL-NEWELL BRANDS INC-2021.pdf,39,1.0072614350664166,2,0.0072614350664166,0.0072614350664166,0.0072614350664166,1.0,2,1,
NWL,NWL-NEWELL BRANDS INC-2021.pdf,41,0.0209122734231666,2,0.0209122734231666,0.0209122734231666,0.0209122734231666,0.0113863115481666,2,0,
NWL,NWL-NEWELL BRANDS INC-2021.pdf,42,0.0150417335904166,2,0.0150417335904166,0.0150417335904166,0.0150417335904166,0.0081597628125,3,0,
NWL,NWL-NEWELL BRANDS INC-2021.pdf,44,0.0,0,0.0,0.0,0.0,0.0,0,0,
NWL,NWL-NEWELL BRANDS INC-2021.pdf,48,1.0,1,0.0,0.0,0.0,1.0,2,1,
NWL,NWL-NEWELL BRANDS INC-2021.pdf,50,0.0,0,0.0,0.0,0.0,0.0,0,0,
NWL,NWL-NEWELL BRANDS INC-2021.pdf,52,0.0,0,0.0,0.0,0.0,0.0,0,0,
NWL,NWL-NEWELL BRANDS INC-2021.pdf,53,0.0,0,0.0,0.0,0.0,0.0,0,0,
NWL,NWL-NEWELL BRANDS INC-2021.pdf,54,0.0094994764453125,1,0.0094994764453125,0.0094994764453125,0.0094994764453125,0.0094994764453125,3,0,
NWL,NWL-NEWELL BRANDS INC-2021.pdf,55,0.0,0,0.0,0.0,0.0,0.0,0,0,
NWL,NWL-NEWELL BRANDS INC-2021.pdf,58,0.0,0,0.0,0.0,0.0,0.0,0,0,
NWL,NWL-NEWELL BRANDS INC-2021.pdf,59,1.0,1,0.0,0.0,0.0,1.0,2,1,
NWL,NWL-NEWELL BRANDS INC-2021.pdf,60,0.0,0,0.0,0.0,0.0,0.0,0,0,
NWL,NWL-NEWELL BRANDS INC-2021.pdf,61,0.0,0,0.0,0.0,0.0,0.0,0,0,
NWL,NWL-NEWELL BRANDS INC-2021.pdf,62,0.0,0,0.0,0.0,0.0,0.0,0,0,
NWL,NWL-NEWELL BRANDS INC-2021.pdf,66,0.0,0,0.0,0.0,0.0,0.0,0,0,
NWL,NWL-NEWELL BRANDS INC-2021.pdf,67,0.0,0,0.0,0.0,0.0,0.0,0,0,
NWL,NWL-NEWELL BRANDS INC-2021.pdf,68,0.0,0,0.0,0.0,0.0,0.0,0,0,
NWL,NWL-NEWELL BRANDS INC-2021.pdf,69,0.0,0,0.0,0.0,0.0,0.0,0,0,
NWL,NWL-NEWELL BRANDS INC-2021.pdf,70,0.0,0,0.0,0.0,0.0,0.0,0,0,
NWL,NWL-NEWELL BRANDS INC-2021.pdf,71,0.0,0,0.0,0.0,0.0,0.0,0,0,
NWL,NWL-NEWELL BRANDS INC-2021.pdf,72,0.0,0,0.0,0.0,0.0,0.0,0,0,
NWL,NWL-NEWELL BRANDS INC-2021.pdf,73,0.0,0,0.0,0.0,0.0,0.0,0,0,
PLCE,PLCE-The Childrens Place-2021.pdf,4,0.0,0,0.0,0.0,0.0,0.0,0,0,
PLCE,PLCE-The Childrens Place-2021.pdf,7,0.0,0,0.0,0.0,0.0,0.0,0,0,
PLCE,PLCE-The Childrens Place-2021.pdf,8,0.0,0,0.0,0.0,0.0,0.0,0,0,
PLCE,PLCE-The Childrens Place-2021.pdf,9,0.0,0,0.0,0.0,0.0,0.0,0,0,
PLCE,PLCE-The Childrens Place-2021.pdf,10,0.0,0,0.0,0.0,0.0,0.0,0,0,
PLCE,PLCE-The Childrens Place-2021.pdf,13,0.0,0,0.0,0.0,0.0,0.0,0,0,
PLCE,PLCE-The Childrens Place-2021.pdf,14,0.0,0,0.0,0.0,0.0,0.0,0,0,
PLCE,PLCE-The Childrens Place-2021.pdf,15,0.0,0,0.0,0.0,0.0,0.0,0,0,
PLCE,PLCE-The Childrens Place-2021.pdf,17,0.3359947499999999,1,0.3359947499999999,0.3359947499999999,0.3359947499999999,0.3359947499999999,7,0,
PLCE,PLCE-The Childrens Place-2021.pdf,18,0.5577041166666666,1,0.5577041166666666,0.5577041166666666,0.5577041166666666,0.5577041166666666,11,0,
PLCE,PLCE-The Childrens Place-2021.pdf,19,0.5291073666666666,1,0.5291073666666666,0.5291073666666666,0.5291073666666666,0.5291073666666666,11,0,
PLCE,PLCE-The Childrens Place-2021.pdf,25,0.01134258909,5,0.01134258909,0.01134258909,0.01134258909,0.002268517818,2,0,
PLCE,PLCE-The Childrens Place-2021.pdf,32,0.0198384226258928,3,0.0198384226258928,0.0198384226258928,0.0198384226258928,0.0068511470142857,2,0,
PLCE,PLCE-The Childrens Place-2021.pdf,33,0.0184879605804687,4,0.0184879605804687,0.0184879605804687,0.0184879605804687,0.0046220676705729,2,0,
PLCE,PLCE-The Childrens Place-2021.pdf,34,0.0,0,0.0,0.0,0.0,0.0,0,0,
PLCE,PLCE-The Childrens Place-2021.pdf,38,0.0,0,0.0,0.0,0.0,0.0,0,0,
PLCE,PLCE-The Childrens Place-2021.pdf,42,0.0,0,0.0,0.0,0.0,0.0,0,0,
PLCE,PLCE-The Childrens Place-2021.pdf,49,0.0,0,0.0,0.0,0.0,0.0,0,0,
PLCE,PLCE-The Childrens Place-2021.pdf,53,0.0,0,0.0,0.0,0.0,0.0,0,0,
PLCE,PLCE-The Childrens Place-2021.pdf,59,0.0,0,0.0,0.0,0.0,0.0,0,0,
PLCE,PLCE-The Childrens Place-2021.pdf,65,0.0,0,0.0,0.0,0.0,0.0,0,0,
PLCE,PLCE-The Childrens Place-2021.pdf,72,0.0,0,0.0,0.0,0.0,0.0,0,0,
PLCE,PLCE-The Childrens Place-2021.pdf,76,0.0,0,0.0,0.0,0.0,0.0,0,0,
PLCE,PLCE-The Childrens Place-2021.pdf,80,0.1207993917458333,1,0.1207993917458333,0.1207993917458333,0.1207993917458333,0.1207993917458333,2,0,
PLCE,PLCE-The Childrens Place-2021.pdf,86,0.3576041089165625,1,0.3576041089165625,0.3576041089165625,0.3576041089165625,0.3576041089165625,18,0,
PLCE,PLCE-The Childrens Place-2021.pdf,87,0.2794375329565625,1,0.2794375329565625,0.2794375329565625,0.2794375329565625,0.2794375329565625,6,0,
PLCE,PLCE-The Childrens Place-2021.pdf,88,0.15058046369875,1,0.15058046369875,0.15058046369875,0.15058046369875,0.15058046369875,3,0,
PLCE,PLCE-The Childrens Place-2021.pdf,89,0.371211474805625,1,0.371211474805625,0.371211474805625,0.371211474805625,0.371211474805625,9,0,
PLCE,PLCE-The Childrens Place-2021.pdf,91,0.33178875724125,1,0.33178875724125,0.33178875724125,0.33178875724125,0.33178875724125,6,0,
PLCE,PLCE-The Childrens Place-2021.pdf,92,0.266306160158125,1,0.266306160158125,0.266306160158125,0.266306160158125,0.266306160158125,3,0,
PLCE,PLCE-The Childrens Place-2021.pdf,93,0.3353279291525,1,0.3353279291525,0.3353279291525,0.3353279291525,0.3353279291525,15,0,
PLCE,PLCE-The Childrens Place-2021.pdf,95,0.2894593333333333,1,0.2894593333333333,0.2894593333333333,0.2894593333333333,0.2894593333333333,33,0,
PLCE,PLCE-The Childrens Place-2021.pdf,97,0.1879391920965625,1,0.1879391920965625,0.1879391920965625,0.1879391920965625,0.1879391920965625,3,0,
PLCE,PLCE-The Childrens Place-2021.pdf,98,0.1411686651825,1,0.1411686651825,0.1411686651825,0.1411686651825,0.1411686651825,3,0,
PLCE,PLCE-The Childrens Place-2021.pdf,99,0.2551535727734375,1,0.2551535727734375,0.2551535727734375,0.2551535727734375,0.2551535727734375,3,0,
PLCE,PLCE-The Childrens Place-2021.pdf,100,0.346777294765625,1,0.346777294765625,0.346777294765625,0.346777294765625,0.346777294765625,6,0,
PLCE,PLCE-The Childrens Place-2021.pdf,101,0.2739557946484375,1,0.2739557946484375,0.2739557946484375,0.2739557946484375,0.2739557946484375,3,0,
PLCE,PLCE-The Childrens Place-2021.pdf,102,0.2270408864621875,1,0.2270408864621875,0.2270408864621875,0.2270408864621875,0.2270408864621875,3,0,
PLCE,PLCE-The Childrens Place-2021.pdf,103,0.284433085390625,1,0.284433085390625,0.284433085390625,0.284433085390625,0.284433085390625,6,0,
PLCE,PLCE-The Childrens Place-2021.pdf,104,0.1512465571484375,1,0.1512465571484375,0.1512465571484375,0.1512465571484375,0.1512465571484375,3,0,
PLCE,PLCE-The Childrens Place-2021.pdf,105,0.1809342758984375,1,0.1809342758984375,0.1809342758984375,0.1809342758984375,0.1809342758984375,3,0,
PLCE,PLCE-The Childrens Place-2021.pdf,107,0.1075210995465625,1,0.1075210995465625,0.1075210995465625,0.1075210995465625,0.1075210995465625,3,0,
PLCE,PLCE-The Childrens Place-2023.pdf,4,0.0,0,0.0,0.0,0.0,0.0,0,0,
PLCE,PLCE-The Childrens Place-2023.pdf,21,0.1627267971805555,3,0.1627267971805555,0.1627267971805555,0.1627267971805555,0.0598990230347222,4,0,
RL,RL-RALPH LAUREN CORP-2023.pdf,5,0.0,0,0.0,0.0,0.0,0.0,0,0,
RL,RL-RALPH LAUREN CORP-2023.pdf,6,0.3117952857596939,1,0.3117952857596939,0.3117952857596939,0.3117952857596939,0.3117952857596939,11,0,
RL,RL-RALPH LAUREN CORP-2023.pdf,7,0.2559847684955491,1,0.2559847684955491,0.2559847684955491,0.2559847684955491,0.2559847684955491,9,0,
RL,RL-RALPH LAUREN CORP-2023.pdf,8,0.2039433313777756,1,0.2039433313777756,0.2039433313777756,0.2039433313777756,0.2039433313777756,8,0,
RL,RL-RALPH LAUREN CORP-2023.pdf,10,0.096949139245034,1,0.096949139245034,0.096949139245034,0.096949139245034,0.096949139245034,4,0,
RL,RL-RALPH LAUREN CORP-2023.pdf,12,0.2734246858288769,1,0.2734246858288769,0.2734246858288769,0.2734246858288769,0.2734246858288769,2,0,
RL,RL-RALPH LAUREN CORP-2023.pdf,15,0.2310526849755727,2,0.2310526849755727,0.2310526849755727,0.2310526849755727,0.1792780748663101,3,0,
RL,RL-RALPH LAUREN CORP-2023.pdf,16,0.1373996266922699,1,0.1373996266922699,0.1373996266922699,0.1373996266922699,0.1373996266922699,2,0,
RL,RL-RALPH LAUREN CORP-2023.pdf,18,0.0,0,0.0,0.0,0.0,0.0,0,0,
RL,RL-RALPH LAUREN CORP-2023.pdf,19,0.0,0,0.0,0.0,0.0,0.0,0,0,
RL,RL-RALPH LAUREN CORP-2023.pdf,20,0.0334333116458704,1,0.0334333116458704,0.0334333116458704,0.0334333116458704,0.0334333116458704,2,0,
RL,RL-RALPH LAUREN CORP-2023.pdf,24,0.0,0,0.0,0.0,0.0,0.0,0,0,
RL,RL-RALPH LAUREN CORP-2023.pdf,25,0.031730538599537,1,0.031730538599537,0.031730538599537,0.031730538599537,0.031730538599537,2,0,
RL,RL-RALPH LAUREN CORP-2023.pdf,27,0.0,0,0.0,0.0,0.0,0.0,0,0,
RL,RL-RALPH LAUREN CORP-2023.pdf,28,0.0983789210515224,1,0.0983789210515224,0.0983789210515224,0.0983789210515224,0.0983789210515224,4,0,
RL,RL-RALPH LAUREN CORP-2023.pdf,29,0.0,0,0.0,0.0,0.0,0.0,0,0,
RL,RL-RALPH LAUREN CORP-2023.pdf,32,0.0923662005138107,1,0.0923662005138107,0.0923662005138107,0.0923662005138107,0.0923662005138107,30,0,
RL,RL-RALPH LAUREN CORP-2023.pdf,34,0.0,0,0.0,0.0,0.0,0.0,0,0,
RL,RL-RALPH LAUREN CORP-2023.pdf,35,0.0322058823529411,1,0.0322058823529411,0.0322058823529411,0.0322058823529411,0.0322058823529411,10,0,
RL,RL-RALPH LAUREN CORP-2023.pdf,38,0.0464363432966305,1,0.0464363432966305,0.0464363432966305,0.0464363432966305,0.0464363432966305,4,0,
RL,RL-RALPH LAUREN CORP-2023.pdf,45,0.1603275180294743,2,0.1603275180294743,0.1603275180294743,0.1603275180294743,0.111409040775401,4,0,
RL,RL-RALPH LAUREN CORP-2023.pdf,52,0.0,0,0.0,0.0,0.0,0.0,0,0,
RL,RL-RALPH LAUREN CORP-2023.pdf,53,0.0,0,0.0,0.0,0.0,0.0,0,0,
RL,RL-RALPH LAUREN CORP-2023.pdf,55,0.0,0,0.0,0.0,0.0,0.0,0,0,
RL,RL-RALPH LAUREN CORP-2023.pdf,64,0.0,0,0.0,0.0,0.0,0.0,0,0,
RL,RL-RALPH LAUREN CORP-2023.pdf,68,0.0,0,0.0,0.0,0.0,0.0,0,0,
RL,RL-RALPH LAUREN CORP-2023.pdf,70,0.0,0,0.0,0.0,0.0,0.0,0,0,
RL,RL-RALPH LAUREN CORP-2023.pdf,71,0.0927929743501446,1,0.0927929743501446,0.0927929743501446,0.0927929743501446,0.0927929743501446,6,0,
RL,RL-RALPH LAUREN CORP-2023.pdf,72,0.0,0,0.0,0.0,0.0,0.0,0,0,
RL,RL-RALPH LAUREN CORP-2023.pdf,75,0.0077198434873949,1,0.0077198434873949,0.0077198434873949,0.0077198434873949,0.0077198434873949,2,0,
RL,RL-RALPH LAUREN CORP-2023.pdf,76,0.0,0,0.0,0.0,0.0,0.0,0,0,
RL,RL-RALPH LAUREN CORP-2023.pdf,79,0.0,0,0.0,0.0,0.0,0.0,0,0,
RL,RL-RALPH LAUREN CORP-2023.pdf,84,0.0,0,0.0,0.0,0.0,0.0,0,0,
RL,RL-RALPH LAUREN CORP-2023.pdf,86,0.0,0,0.0,0.0,0.0,0.0,0,0,
RL,RL-RALPH LAUREN CORP-2023.pdf,88,0.0,0,0.0,0.0,0.0,0.0,0,0,
RL,RL-RALPH LAUREN CORP-2023.pdf,93,0.681711213673706,1,0.681711213673706,0.681711213673706,0.681711213673706,0.681711213673706,51,0,
RL,RL-RALPH LAUREN CORP-2023.pdf,104,0.5322681843638263,5,0.5322681843638263,0.5322681843638263,0.5322681843638263,0.1576330058599741,5,0,
RL,RL-RALPH LAUREN CORP-2023.pdf,107,0.4253131436325056,2,0.4253131436325056,0.4253131436325056,0.4253131436325056,0.3977209308799803,2,0,
RL,RL-RALPH LAUREN CORP-2023.pdf,108,0.4249737809698547,2,0.4249737809698547,0.4249737809698547,0.4249737809698547,0.3973865284817383,4,0,
RL,RL-RALPH LAUREN CORP-2023.pdf,109,0.0275922127525252,1,0.0275922127525252,0.0275922127525252,0.0275922127525252,0.0275922127525252,2,0,
RL,RL-RALPH LAUREN CORP-2023.pdf,110,0.6501732422404665,1,0.6501732422404665,0.6501732422404665,0.6501732422404665,0.6501732422404665,27,0,
RL,RL-RALPH LAUREN CORP-2023.pdf,112,0.0,0,0.0,0.0,0.0,0.0,0,0,
ROST,ROST-ROSS STORES INC-2024.pdf,3,0.0,0,0.0,0.0,0.0,0.0,0,0,
ROST,ROST-ROSS STORES INC-2024.pdf,8,0.0,0,0.0,0.0,0.0,0.0,0,0,
ROST,ROST-ROSS STORES INC-2024.pdf,9,0.0,0,0.0,0.0,0.0,0.0,0,0,
ROST,ROST-ROSS STORES INC-2024.pdf,10,0.0,0,0.0,0.0,0.0,0.0,0,0,
ROST,ROST-ROSS STORES INC-2024.pdf,11,0.0027241644385026,1,0.0027241644385026,0.0027241644385026,0.0027241644385026,0.0027241644385026,2,0,
ROST,ROST-ROSS STORES INC-2024.pdf,13,0.0,0,0.0,0.0,0.0,0.0,0,0,
ROST,ROST-ROSS STORES INC-2024.pdf,14,0.0028005545652604,1,0.0028005545652604,0.0028005545652604,0.0028005545652604,0.0028005545652604,2,0,
ROST,ROST-ROSS STORES INC-2024.pdf,15,0.0,0,0.0,0.0,0.0,0.0,0,0,
ROST,ROST-ROSS STORES INC-2024.pdf,19,0.0028005545652604,1,0.0028005545652604,0.0028005545652604,0.0028005545652604,0.0028005545652604,2,0,
ROST,ROST-ROSS STORES INC-2024.pdf,22,0.0028005545652604,1,0.0028005545652604,0.0028005545652604,0.0028005545652604,0.0028005545652604,2,0,
ROST,ROST-ROSS STORES INC-2024.pdf,24,0.0,0,0.0,0.0,0.0,0.0,0,0,
ROST,ROST-ROSS STORES INC-2024.pdf,25,0.0,0,0.0,0.0,0.0,0.0,0,0,
ROST,ROST-ROSS STORES INC-2024.pdf,26,0.0,0,0.0,0.0,0.0,0.0,0,0,
ROST,ROST-ROSS STORES INC-2024.pdf,27,0.0,0,0.0,0.0,0.0,0.0,0,0,
ROST,ROST-ROSS STORES INC-2024.pdf,30,0.0,0,0.0,0.0,0.0,0.0,0,0,
ROST,ROST-ROSS STORES INC-2024.pdf,31,0.041208042301977,1,0.041208042301977,0.041208042301977,0.041208042301977,0.041208042301977,19,0,
ROST,ROST-ROSS STORES INC-2024.pdf,32,0.0,0,0.0,0.0,0.0,0.0,0,0,
ROST,ROST-ROSS STORES INC-2024.pdf,33,0.0,0,0.0,0.0,0.0,0.0,0,0,
ROST,ROST-ROSS STORES INC-2024.pdf,38,0.0,0,0.0,0.0,0.0,0.0,0,0,
ROST,ROST-ROSS STORES INC-2024.pdf,39,0.0,0,0.0,0.0,0.0,0.0,0,0,
ROST,ROST-ROSS STORES INC-2024.pdf,44,0.0,0,0.0,0.0,0.0,0.0,0,0,
ROST,ROST-ROSS STORES INC-2024.pdf,45,0.0,0,0.0,0.0,0.0,0.0,0,0,
ROST,ROST-ROSS STORES INC-2024.pdf,48,0.0,0,0.0,0.0,0.0,0.0,0,0,
ROST,ROST-ROSS STORES INC-2024.pdf,49,0.0,0,0.0,0.0,0.0,0.0,0,0,
ROST,ROST-ROSS STORES INC-2024.pdf,53,0.6189359962564781,1,0.6189359962564781,0.6189359962564781,0.6189359962564781,0.6189359962564781,17,0,
ROST,ROST-ROSS STORES INC-2024.pdf,54,0.6396529933750437,1,0.6396529933750437,0.6396529933750437,0.6396529933750437,0.6396529933750437,11,0,
ROST,ROST-ROSS STORES INC-2024.pdf,55,0.6094376246413734,1,0.6094376246413734,0.6094376246413734,0.6094376246413734,0.6094376246413734,25,0,
ROST,ROST-ROSS STORES INC-2024.pdf,57,0.0,0,0.0,0.0,0.0,0.0,0,0,
SFM,SFM-SPROUTS FARMERS MARKET-2021.pdf,3,0.0001698446256062,1,0.0001698446256062,0.0001698446256062,0.0001698446256062,0.0001698446256062,2,0,
SFM,SFM-SPROUTS FARMERS MARKET-2021.pdf,7,0.0001698446256062,1,0.0001698446256062,0.0001698446256062,0.0001698446256062,0.0001698446256062,2,0,
SFM,SFM-SPROUTS FARMERS MARKET-2021.pdf,22,0.0001698446256062,1,0.0001698446256062,0.0001698446256062,0.0001698446256062,0.0001698446256062,2,0,
SFM,SFM-SPROUTS FARMERS MARKET-2021.pdf,23,0.0001698446256062,1,0.0001698446256062,0.0001698446256062,0.0001698446256062,0.0001698446256062,2,0,
SFM,SFM-SPROUTS FARMERS MARKET-2021.pdf,24,0.0001698446256062,1,0.0001698446256062,0.0001698446256062,0.0001698446256062,0.0001698446256062,2,0,
SFM,SFM-SPROUTS FARMERS MARKET-2021.pdf,35,0.0001698446256062,1,0.0001698446256062,0.0001698446256062,0.0001698446256062,0.0001698446256062,2,0,
SFM,SFM-SPROUTS FARMERS MARKET-2021.pdf,36,0.0001698446256062,1,0.0001698446256062,0.0001698446256062,0.0001698446256062,0.0001698446256062,2,0,
SFM,SFM-SPROUTS FARMERS MARKET-2021.pdf,37,0.0001698446256062,1,0.0001698446256062,0.0001698446256062,0.0001698446256062,0.0001698446256062,2,0,
SFM,SFM-SPROUTS FARMERS MARKET-2021.pdf,39,0.0001698446256062,1,0.0001698446256062,0.0001698446256062,0.0001698446256062,0.0001698446256062,2,0,
SFM,SFM-SPROUTS FARMERS MARKET-2021.pdf,42,0.7199708475624673,2,0.7199708475624673,0.7199708475624673,0.7199708475624673,0.719801002936861,14,0,
SFM,SFM-SPROUTS FARMERS MARKET-2021.pdf,43,0.5896441197547598,2,0.5896441197547598,0.5896441197547598,0.5896441197547598,0.5894742751291535,12,0,
SFM,SFM-SPROUTS FARMERS MARKET-2022.pdf,2,0.5302577300785635,1,0.5302577300785635,0.5302577300785635,0.5302577300785635,0.5302577300785635,2,0,
SFM,SFM-SPROUTS FARMERS MARKET-2022.pdf,13,0.0,0,0.0,0.0,0.0,0.0,0,0,
SFM,SFM-SPROUTS FARMERS MARKET-2022.pdf,21,0.0,0,0.0,0.0,0.0,0.0,0,0,
SFM,SFM-SPROUTS FARMERS MARKET-2022.pdf,23,0.0,0,0.0,0.0,0.0,0.0,0,0,
SFM,SFM-SPROUTS FARMERS MARKET-2022.pdf,31,0.0,0,0.0,0.0,0.0,0.0,0,0,
SFM,SFM-SPROUTS FARMERS MARKET-2022.pdf,45,0.0,0,0.0,0.0,0.0,0.0,0,0,
SFM,SFM-SPROUTS FARMERS MARKET-2022.pdf,47,0.0,0,0.0,0.0,0.0,0.0,0,0,
SFM,SFM-SPROUTS FARMERS MARKET-2022.pdf,48,0.0,0,0.0,0.0,0.0,0.0,0,0,
SFM,SFM-SPROUTS FARMERS MARKET-2022.pdf,50,0.0,0,0.0,0.0,0.0,0.0,0,0,
SGC,SGC-SUPERIOR GROUP OF COS INC-2025.pdf,3,0.0,0,0.0,0.0,0.0,0.0,0,0,
SGC,SGC-SUPERIOR GROUP OF COS INC-2025.pdf,4,0.0,0,0.0,0.0,0.0,0.0,0,0,
SGC,SGC-SUPERIOR GROUP OF COS INC-2025.pdf,13,0.0,0,0.0,0.0,0.0,0.0,0,0,
SGC,SGC-SUPERIOR GROUP OF COS INC-2025.pdf,17,0.3845443725585937,1,0.3845443725585937,0.3845443725585937,0.3845443725585937,0.3845443725585937,2,0,
SGC,SGC-SUPERIOR GROUP OF COS INC-2025.pdf,35,0.0,0,0.0,0.0,0.0,0.0,0,0,
SGC,SGC-SUPERIOR GROUP OF COS INC-2025.pdf,43,0.0,0,0.0,0.0,0.0,0.0,0,0,
SGC,SGC-SUPERIOR GROUP OF COS INC-2025.pdf,48,0.6053100077311198,1,0.6053100077311198,0.6053100077311198,0.6053100077311198,0.6053100077311198,16,0,
SGC,SGC-SUPERIOR GROUP OF COS INC-2025.pdf,49,0.7703208821868897,1,0.7703208821868897,0.7703208821868897,0.7703208821868897,0.7703208821868897,20,0,
SGC,SGC-SUPERIOR GROUP OF COS INC-2025.pdf,50,0.3766234773559569,1,0.3766234773559569,0.3766234773559569,0.3766234773559569,0.3766234773559569,16,0,
SVV,SVV-Savers Value Village-2022.pdf,7,0.0,0,0.0,0.0,0.0,0.0,0,0,
SVV,SVV-Savers Value Village-2022.pdf,11,0.0224122675895356,1,0.0224122675895356,0.0224122675895356,0.0224122675895356,0.0224122675895356,2,0,
SVV,SVV-Savers Value Village-2022.pdf,14,0.0,0,0.0,0.0,0.0,0.0,0,0,
SVV,SVV-Savers Value Village-2022.pdf,20,0.0,0,0.0,0.0,0.0,0.0,0,0,
SVV,SVV-Savers Value Village-2022.pdf,21,0.21084375,1,0.21084375,0.21084375,0.21084375,0.21084375,2,0,
SVV,SVV-Savers Value Village-2022.pdf,27,0.0,0,0.0,0.0,0.0,0.0,0,0,
T,T-AT&T INC-2021.pdf,2,0.0,0,0.0,0.0,0.0,0.0,0,0,
T,T-AT&T INC-2021.pdf,3,0.5,1,0.5,0.5,0.5,0.5,2,0,
T,T-AT&T INC-2021.pdf,13,0.3557367800306991,1,0.3557367800306991,0.3557367800306991,0.3557367800306991,0.3557367800306991,5,0,
T,T-AT&T INC-2021.pdf,15,0.5209927376821729,2,0.5209927376821729,0.5209927376821729,0.5209927376821729,0.5123909994718425,4,0,
T,T-AT&T INC-2023.pdf,3,0.0,0,0.0,0.0,0.0,0.0,0,0,
T,T-AT&T INC-2023.pdf,4,0.0,0,0.0,0.0,0.0,0.0,0,0,
T,T-AT&T INC-2023.pdf,11,0.0,0,0.0,0.0,0.0,0.0,0,0,
T,T-AT&T INC-2023.pdf,13,0.0,0,0.0,0.0,0.0,0.0,0,0,
T,T-AT&T INC-2023.pdf,14,0.1615947628047839,1,0.1615947628047839,0.1615947628047839,0.1615947628047839,0.1615947628047839,2,0,
T,T-AT&T INC-2023.pdf,15,0.0,0,0.0,0.0,0.0,0.0,0,0,
T,T-AT&T INC-2023.pdf,16,0.1156876929012345,1,0.1156876929012345,0.1156876929012345,0.1156876929012345,0.1156876929012345,2,0,
T,T-AT&T INC-2023.pdf,21,0.003761574074074,2,0.003761574074074,0.003761574074074,0.003761574074074,0.001880787037037,2,0,
T,T-AT&T INC-2023.pdf,22,0.0,0,0.0,0.0,0.0,0.0,0,0,
T,T-AT&T INC-2023.pdf,24,0.0,0,0.0,0.0,0.0,0.0,0,0,
T,T-AT&T INC-2023.pdf,26,0.4367549189814815,1,0.4367549189814815,0.4367549189814815,0.4367549189814815,0.4367549189814815,2,0,
T,T-AT&T INC-2023.pdf,27,0.0,0,0.0,0.0,0.0,0.0,0,0,
T,T-AT&T INC-2023.pdf,30,0.0998263888888889,1,0.0998263888888889,0.0998263888888889,0.0998263888888889,0.0998263888888889,2,0,
T,T-AT&T INC-2023.pdf,33,0.0,0,0.0,0.0,0.0,0.0,0,0,
T,T-AT&T INC-2023.pdf,35,0.0,0,0.0,0.0,0.0,0.0,0,0,
T,T-AT&T INC-2023.pdf,36,0.0,0,0.0,0.0,0.0,0.0,0,0,
T,T-AT&T INC-2023.pdf,38,0.0,0,0.0,0.0,0.0,0.0,0,0,
T,T-AT&T INC-2023.pdf,39,0.1321277454378857,1,0.1321277454378857,0.1321277454378857,0.1321277454378857,0.1321277454378857,2,0,
T,T-AT&T INC-2023.pdf,40,0.0,0,0.0,0.0,0.0,0.0,0,0,
T,T-AT&T INC-2023.pdf,42,0.0,0,0.0,0.0,0.0,0.0,0,0,
T,T-AT&T INC-2023.pdf,44,0.003761574074074,2,0.003761574074074,0.003761574074074,0.003761574074074,0.001880787037037,2,0,
T,T-AT&T INC-2023.pdf,45,0.0,0,0.0,0.0,0.0,0.0,0,0,
T,T-AT&T INC-2023.pdf,47,0.0,0,0.0,0.0,0.0,0.0,0,0,
T,T-AT&T INC-2023.pdf,48,0.001880787037037,1,0.001880787037037,0.001880787037037,0.001880787037037,0.001880787037037,2,0,
T,T-AT&T INC-2023.pdf,49,0.0,0,0.0,0.0,0.0,0.0,0,0,
TGT,TGT-TARGET CORP-2022.pdf,2,0.0,0,0.0,0.0,0.0,0.0,0,0,
TGT,TGT-TARGET CORP-2022.pdf,3,0.0,0,0.0,0.0,0.0,0.0,0,0,
TGT,TGT-TARGET CORP-2022.pdf,4,0.0,0,0.0,0.0,0.0,0.0,0,0,
TGT,TGT-TARGET CORP-2022.pdf,5,0.0,0,0.0,0.0,0.0,0.0,0,0,
TGT,TGT-TARGET CORP-2022.pdf,8,0.0,0,0.0,0.0,0.0,0.0,0,0,
TGT,TGT-TARGET CORP-2022.pdf,9,0.0,0,0.0,0.0,0.0,0.0,0,0,
TGT,TGT-TARGET CORP-2022.pdf,10,0.0009900212732344,2,0.0009900212732344,0.0009900212732344,0.0009900212732344,0.0005281387976992,2,0,
TGT,TGT-TARGET CORP-2022.pdf,14,0.0,0,0.0,0.0,0.0,0.0,0,0,
TGT,TGT-TARGET CORP-2022.pdf,15,0.128644063761801,1,0.128644063761801,0.128644063761801,0.128644063761801,0.128644063761801,2,0,
TGT,TGT-TARGET CORP-2022.pdf,17,0.0,0,0.0,0.0,0.0,0.0,0,0,
TGT,TGT-TARGET CORP-2022.pdf,20,0.0710414335124633,1,0.0710414335124633,0.0710414335124633,0.0710414335124633,0.0710414335124633,4,0,
TGT,TGT-TARGET CORP-2022.pdf,23,0.0,0,0.0,0.0,0.0,0.0,0,0,
TGT,TGT-TARGET CORP-2022.pdf,25,0.0,0,0.0,0.0,0.0,0.0,0,0,
TGT,TGT-TARGET CORP-2022.pdf,27,0.1612750474892924,1,0.1612750474892924,0.1612750474892924,0.1612750474892924,0.1612750474892924,11,0,
TGT,TGT-TARGET CORP-2022.pdf,28,0.0,0,0.0,0.0,0.0,0.0,0,0,
TGT,TGT-TARGET CORP-2022.pdf,30,0.0,0,0.0,0.0,0.0,0.0,0,0,
TGT,TGT-TARGET CORP-2022.pdf,33,0.0,0,0.0,0.0,0.0,0.0,0,0,
TGT,TGT-TARGET CORP-2022.pdf,37,0.0,0,0.0,0.0,0.0,0.0,0,0,
TGT,TGT-TARGET CORP-2022.pdf,39,0.0,0,0.0,0.0,0.0,0.0,0,0,
TGT,TGT-TARGET CORP-2022.pdf,40,0.0,0,0.0,0.0,0.0,0.0,0,0,
TGT,TGT-TARGET CORP-2022.pdf,44,0.3929399680274973,1,0.3929399680274973,0.3929399680274973,0.3929399680274973,0.3929399680274973,2,0,
TGT,TGT-TARGET CORP-2022.pdf,46,0.0,0,0.0,0.0,0.0,0.0,0,0,
TGT,TGT-TARGET CORP-2022.pdf,47,0.0,0,0.0,0.0,0.0,0.0,0,0,
TGT,TGT-TARGET CORP-2022.pdf,48,0.1546275391447152,1,0.1546275391447152,0.1546275391447152,0.1546275391447152,0.1546275391447152,6,0,
TGT,TGT-TARGET CORP-2022.pdf,56,0.0,0,0.0,0.0,0.0,0.0,0,0,
TGT,TGT-TARGET CORP-2022.pdf,57,0.0,0,0.0,0.0,0.0,0.0,0,0,
TGT,TGT-TARGET CORP-2022.pdf,58,0.0,0,0.0,0.0,0.0,0.0,0,0,
TGT,TGT-TARGET CORP-2022.pdf,60,0.0478828042145309,1,0.0478828042145309,0.0478828042145309,0.0478828042145309,0.0478828042145309,4,0,
TGT,TGT-TARGET CORP-2022.pdf,62,0.0698032103169011,3,0.0698032103169011,0.0698032103169011,0.0698032103169011,0.036680928106681,25,0,
TGT,TGT-TARGET CORP-2022.pdf,63,0.0538624218566614,1,0.0538624218566614,0.0538624218566614,0.0538624218566614,0.0538624218566614,8,0,
TGT,TGT-TARGET CORP-2022.pdf,64,0.0,0,0.0,0.0,0.0,0.0,0,0,
TGT,TGT-TARGET CORP-2022.pdf,66,0.0,0,0.0,0.0,0.0,0.0,0,0,
TGT,TGT-TARGET CORP-2022.pdf,67,0.216604592777094,2,0.216604592777094,0.216604592777094,0.216604592777094,0.1912624581998596,27,0,
TGT,TGT-TARGET CORP-2022.pdf,68,0.2618662093491914,2,0.2618662093491914,0.2618662093491914,0.2618662093491914,0.1985033794676063,15,0,
TGT,TGT-TARGET CORP-2022.pdf,69,0.2874270946219116,1,0.2874270946219116,0.2874270946219116,0.2874270946219116,0.2874270946219116,39,0,
TGT,TGT-TARGET CORP-2022.pdf,70,0.2084106194637788,2,0.2084106194637788,0.2084106194637788,0.2084106194637788,0.1211446385466869,25,0,
TGT,TGT-TARGET CORP-2022.pdf,79,0.1808220246818283,3,0.1808220246818283,0.1808220246818283,0.1808220246818283,0.0653898684403952,10,0,
TGT,TGT-TARGET CORP-2022.pdf,80,0.2351314911020216,3,0.2351314911020216,0.2351314911020216,0.2351314911020216,0.1102899435524911,11,0,
TGT,TGT-TARGET CORP-2022.pdf,82,0.2270698340785305,3,0.2270698340785305,0.2270698340785305,0.2270698340785305,0.111637729983503,9,0,
TGT,TGT-TARGET CORP-2022.pdf,100,0.213091213693701,2,0.213091213693701,0.213091213693701,0.213091213693701,0.1378409072753302,2,0,
TGT,TGT-TARGET CORP-2022.pdf,101,0.1862854737985176,5,0.1862854737985176,0.1862854737985176,0.1862854737985176,0.1030028131482512,6,0,
TGT,TGT-TARGET CORP-2022.pdf,102,0.1887059266595661,3,0.1887059266595661,0.1887059266595661,0.1887059266595661,0.1112720586424464,8,0,
TGT,TGT-TARGET CORP-2022.pdf,103,0.1884988069288335,3,0.1884988069288335,0.1884988069288335,0.1884988069288335,0.11428842066619,8,0,
TGT,TGT-TARGET CORP-2022.pdf,104,0.2027340564304296,2,0.2027340564304296,0.2027340564304296,0.2027340564304296,0.176484855092902,12,0,
TGT,TGT-TARGET CORP-2022.pdf,106,0.1167760454718756,1,0.1167760454718756,0.1167760454718756,0.1167760454718756,0.1167760454718756,23,0,
TGT,TGT-TARGET CORP-2023.pdf,2,0.039347303956499,4,0.039347303956499,0.039347303956499,0.039347303956499,0.0347061757647376,36,0,
TGT,TGT-TARGET CORP-2023.pdf,3,0.0,0,0.0,0.0,0.0,0.0,0,0,
TGT,TGT-TARGET CORP-2023.pdf,4,0.0,0,0.0,0.0,0.0,0.0,0,0,
TGT,TGT-TARGET CORP-2023.pdf,6,0.0227460451995009,4,0.0227460451995009,0.0227460451995009,0.0227460451995009,0.0153063898542484,48,0,
TGT,TGT-TARGET CORP-2023.pdf,8,0.0001714901531889,1,0.0001714901531889,0.0001714901531889,0.0001714901531889,0.0001714901531889,2,0,
TGT,TGT-TARGET CORP-2023.pdf,11,0.1261663299945435,1,0.1261663299945435,0.1261663299945435,0.1261663299945435,0.1261663299945435,5,0,
TGT,TGT-TARGET CORP-2023.pdf,15,0.004188859946176,1,0.004188859946176,0.004188859946176,0.004188859946176,0.004188859946176,10,0,
TGT,TGT-TARGET CORP-2023.pdf,17,0.0,0,0.0,0.0,0.0,0.0,0,0,
TGT,TGT-TARGET CORP-2023.pdf,20,0.0561841996527777,1,0.0561841996527777,0.0561841996527777,0.0561841996527777,0.0561841996527777,23,0,
TGT,TGT-TARGET CORP-2023.pdf,25,0.0,0,0.0,0.0,0.0,0.0,0,0,
TGT,TGT-TARGET CORP-2023.pdf,27,0.0,0,0.0,0.0,0.0,0.0,0,0,
TGT,TGT-TARGET CORP-2023.pdf,29,0.0,0,0.0,0.0,0.0,0.0,0,0,
TGT,TGT-TARGET CORP-2023.pdf,31,0.0,0,0.0,0.0,0.0,0.0,0,0,
TGT,TGT-TARGET CORP-2023.pdf,32,0.0,0,0.0,0.0,0.0,0.0,0,0,
TGT,TGT-TARGET CORP-2023.pdf,37,0.1663085383244206,1,0.1663085383244206,0.1663085383244206,0.1663085383244206,0.1663085383244206,41,0,
TGT,TGT-TARGET CORP-2023.pdf,39,0.0,0,0.0,0.0,0.0,0.0,0,0,
TGT,TGT-TARGET CORP-2023.pdf,40,0.1495428292152999,1,0.1495428292152999,0.1495428292152999,0.1495428292152999,0.1495428292152999,43,0,
TGT,TGT-TARGET CORP-2023.pdf,41,0.0,0,0.0,0.0,0.0,0.0,0,0,
TGT,TGT-TARGET CORP-2023.pdf,45,0.0,0,0.0,0.0,0.0,0.0,0,0,
TGT,TGT-TARGET CORP-2023.pdf,46,0.2458847367378252,1,0.2458847367378252,0.2458847367378252,0.2458847367378252,0.2458847367378252,80,0,
TGT,TGT-TARGET CORP-2023.pdf,50,1.0,1,0.0,0.0,0.0,1.0,2,1,
TGT,TGT-TARGET CORP-2023.pdf,52,1.0,1,0.0,0.0,0.0,1.0,2,1,
TGT,TGT-TARGET CORP-2023.pdf,54,1.0,1,0.0,0.0,0.0,1.0,2,1,
TGT,TGT-TARGET CORP-2023.pdf,55,1.1063712846396927,2,0.1063712846396927,0.1063712846396927,0.1063712846396927,1.0,2,1,
TGT,TGT-TARGET CORP-2023.pdf,57,0.0,0,0.0,0.0,0.0,0.0,0,0,
TGT,TGT-TARGET CORP-2023.pdf,59,0.0,0,0.0,0.0,0.0,0.0,0,0,
TGT,TGT-TARGET CORP-2023.pdf,60,0.0,0,0.0,0.0,0.0,0.0,0,0,
TGT,TGT-TARGET CORP-2023.pdf,63,0.0859303421624331,1,0.0859303421624331,0.0859303421624331,0.0859303421624331,0.0859303421624331,6,0,
TGT,TGT-TARGET CORP-2023.pdf,64,0.0,0,0.0,0.0,0.0,0.0,0,0,
TGT,TGT-TARGET CORP-2023.pdf,65,0.0,0,0.0,0.0,0.0,0.0,0,0,
TGT,TGT-TARGET CORP-2023.pdf,66,0.0237149091899385,1,0.0237149091899385,0.0237149091899385,0.0237149091899385,0.0237149091899385,5,0,
TGT,TGT-TARGET CORP-2023.pdf,68,0.0,0,0.0,0.0,0.0,0.0,0,0,
TGT,TGT-TARGET CORP-2023.pdf,69,0.1920489512774806,1,0.1920489512774806,0.1920489512774806,0.1920489512774806,0.1920489512774806,9,0,
TGT,TGT-TARGET CORP-2023.pdf,70,0.4955438998536952,1,0.4955438998536952,0.4955438998536952,0.4955438998536952,0.4955438998536952,16,0,
TGT,TGT-TARGET CORP-2023.pdf,72,0.5378808250148546,1,0.5378808250148546,0.5378808250148546,0.5378808250148546,0.5378808250148546,41,0,
TGT,TGT-TARGET CORP-2023.pdf,73,0.5086597447160682,1,0.5086597447160682,0.5086597447160682,0.5086597447160682,0.5086597447160682,34,0,
TGT,TGT-TARGET CORP-2023.pdf,74,0.584986755050505,1,0.584986755050505,0.584986755050505,0.584986755050505,0.584986755050505,49,0,
TGT,TGT-TARGET CORP-2023.pdf,75,0.5986406517379679,1,0.5986406517379679,0.5986406517379679,0.5986406517379679,0.5986406517379679,61,0,
TGT,TGT-TARGET CORP-2023.pdf,77,0.7360226973866507,4,0.7360226973866507,0.7360226973866507,0.7360226973866507,0.6086630570409981,18,0,
TGT,TGT-TARGET CORP-2023.pdf,78,0.5943831639130721,3,0.5943831639130721,0.5943831639130721,0.5943831639130721,0.5667515448603685,38,0,
TGT,TGT-TARGET CORP-2023.pdf,80,0.5812343739684425,1,0.5812343739684425,0.5812343739684425,0.5812343739684425,0.5812343739684425,67,0,
TGT,TGT-TARGET CORP-2023.pdf,81,0.5684554388657819,1,0.5684554388657819,0.5684554388657819,0.5684554388657819,0.5684554388657819,46,0,
TGT,TGT-TARGET CORP-2023.pdf,82,0.5984492642437447,1,0.5984492642437447,0.5984492642437447,0.5984492642437447,0.5984492642437447,49,0,
TGT,TGT-TARGET CORP-2023.pdf,83,0.3640407146252439,1,0.3640407146252439,0.3640407146252439,0.3640407146252439,0.3640407146252439,23,0,
TGT,TGT-TARGET CORP-2023.pdf,86,0.5704531085394385,1,0.5704531085394385,0.5704531085394385,0.5704531085394385,0.5704531085394385,56,0,
TGT,TGT-TARGET CORP-2023.pdf,91,0.5433971076845948,1,0.5433971076845948,0.5433971076845948,0.5433971076845948,0.5433971076845948,60,0,
TGT,TGT-TARGET CORP-2023.pdf,92,0.5673699141377004,1,0.5673699141377004,0.5673699141377004,0.5673699141377004,0.5673699141377004,48,0,
TGT,TGT-TARGET CORP-2023.pdf,106,0.5986556791113752,1,0.5986556791113752,0.5986556791113752,0.5986556791113752,0.5986556791113752,9,0,
TGT,TGT-TARGET CORP-2023.pdf,107,0.3650320715233391,1,0.3650320715233391,0.3650320715233391,0.3650320715233391,0.3650320715233391,22,0,
TGT,TGT-TARGET CORP-2023.pdf,108,0.4767926590147915,1,0.4767926590147915,0.4767926590147915,0.4767926590147915,0.4767926590147915,23,0,
TGT,TGT-TARGET CORP-2023.pdf,110,0.6262448088730441,1,0.6262448088730441,0.6262448088730441,0.6262448088730441,0.6262448088730441,24,0,
TGT,TGT-TARGET CORP-2023.pdf,111,0.6051098819073084,1,0.6051098819073084,0.6051098819073084,0.6051098819073084,0.6051098819073084,24,0,
TGT,TGT-TARGET CORP-2023.pdf,112,0.5927988804006451,1,0.5927988804006451,0.5927988804006451,0.5927988804006451,0.5927988804006451,23,0,
TGT,TGT-TARGET CORP-2023.pdf,113,0.5914559398607928,1,0.5914559398607928,0.5914559398607928,0.5914559398607928,0.5914559398607928,26,0,
TGT,TGT-TARGET CORP-2023.pdf,114,0.2903585041592395,1,0.2903585041592395,0.2903585041592395,0.2903585041592395,0.2903585041592395,8,0,
TGT,TGT-TARGET CORP-2023.pdf,115,0.0,0,0.0,0.0,0.0,0.0,0,0,
TGT,TGT-TARGET CORP-2023.pdf,116,0.6187850698158051,1,0.6187850698158051,0.6187850698158051,0.6187850698158051,0.6187850698158051,42,0,
TGT,TGT-TARGET CORP-2023.pdf,117,0.6816834484551396,1,0.6816834484551396,0.6816834484551396,0.6816834484551396,0.6816834484551396,30,0,
TGT,TGT-TARGET CORP-2023.pdf,118,0.683732023915627,1,0.683732023915627,0.683732023915627,0.683732023915627,0.683732023915627,48,0,
TGT,TGT-TARGET CORP-2023.pdf,119,0.3589148351158645,1,0.3589148351158645,0.3589148351158645,0.3589148351158645,0.3589148351158645,26,0,
TGT,TGT-TARGET CORP-2025.pdf,2,0.0,0,0.0,0.0,0.0,0.0,0,0,
TGT,TGT-TARGET CORP-2025.pdf,3,0.0,0,0.0,0.0,0.0,0.0,0,0,
TGT,TGT-TARGET CORP-2025.pdf,4,0.0,0,0.0,0.0,0.0,0.0,0,0,
TGT,TGT-TARGET CORP-2025.pdf,6,0.0206185566805412,9,0.0206185566805412,0.0206185566805412,0.0206185566805412,0.0030927835016752,2,0,
TGT,TGT-TARGET CORP-2025.pdf,7,0.0,0,0.0,0.0,0.0,0.0,0,0,
TGT,TGT-TARGET CORP-2025.pdf,8,0.2821137365150116,2,0.2821137365150116,0.2821137365150116,0.2821137365150116,0.2129149926059381,13,0,
TGT,TGT-TARGET CORP-2025.pdf,9,0.4037787365444472,1,0.4037787365444472,0.4037787365444472,0.4037787365444472,0.4037787365444472,27,0,
TGT,TGT-TARGET CORP-2025.pdf,10,0.4220295168061905,1,0.4220295168061905,0.4220295168061905,0.4220295168061905,0.4220295168061905,16,0,
TGT,TGT-TARGET CORP-2025.pdf,11,0.3284987623415918,1,0.3284987623415918,0.3284987623415918,0.3284987623415918,0.3284987623415918,12,0,
TGT,TGT-TARGET CORP-2025.pdf,12,0.0,0,0.0,0.0,0.0,0.0,0,0,
TGT,TGT-TARGET CORP-2025.pdf,19,0.0,0,0.0,0.0,0.0,0.0,0,0,
TGT,TGT-TARGET CORP-2025.pdf,20,0.0,0,0.0,0.0,0.0,0.0,0,0,
TGT,TGT-TARGET CORP-2025.pdf,23,0.0,0,0.0,0.0,0.0,0.0,0,0,
TGT,TGT-TARGET CORP-2025.pdf,25,0.0,0,0.0,0.0,0.0,0.0,0,0,
TGT,TGT-TARGET CORP-2025.pdf,31,0.0,0,0.0,0.0,0.0,0.0,0,0,
TGT,TGT-TARGET CORP-2025.pdf,32,0.0,0,0.0,0.0,0.0,0.0,0,0,
TGT,TGT-TARGET CORP-2025.pdf,33,0.0,0,0.0,0.0,0.0,0.0,0,0,
TGT,TGT-TARGET CORP-2025.pdf,34,0.0,0,0.0,0.0,0.0,0.0,0,0,
TGT,TGT-TARGET CORP-2025.pdf,36,0.0,0,0.0,0.0,0.0,0.0,0,0,
TGT,TGT-TARGET CORP-2025.pdf,39,0.0,0,0.0,0.0,0.0,0.0,0,0,
TGT,TGT-TARGET CORP-2025.pdf,42,0.0,0,0.0,0.0,0.0,0.0,0,0,
TGT,TGT-TARGET CORP-2025.pdf,46,0.0,0,0.0,0.0,0.0,0.0,0,0,
TGT,TGT-TARGET CORP-2025.pdf,51,0.0,0,0.0,0.0,0.0,0.0,0,0,
TGT,TGT-TARGET CORP-2025.pdf,53,0.0,0,0.0,0.0,0.0,0.0,0,0,
TGT,TGT-TARGET CORP-2025.pdf,54,0.0,0,0.0,0.0,0.0,0.0,0,0,
TGT,TGT-TARGET CORP-2025.pdf,61,0.0,0,0.0,0.0,0.0,0.0,0,0,
TGT,TGT-TARGET CORP-2025.pdf,63,0.0088902272197575,1,0.0088902272197575,0.0088902272197575,0.0088902272197575,0.0088902272197575,4,0,
TGT,TGT-TARGET CORP-2025.pdf,76,0.0,0,0.0,0.0,0.0,0.0,0,0,
TGT,TGT-TARGET CORP-2025.pdf,77,0.0,0,0.0,0.0,0.0,0.0,0,0,
TGT,TGT-TARGET CORP-2025.pdf,90,0.0,0,0.0,0.0,0.0,0.0,0,0,
TGT,TGT-TARGET CORP-2025.pdf,94,0.0930835657483138,1,0.0930835657483138,0.0930835657483138,0.0930835657483138,0.0930835657483138,2,0,
TGT,TGT-TARGET CORP-2025.pdf,107,0.0,0,0.0,0.0,0.0,0.0,0,0,
TGT,TGT-TARGET CORP-2025.pdf,108,0.0,0,0.0,0.0,0.0,0.0,0,0,
TGT,TGT-TARGET CORP-2025.pdf,110,0.0,0,0.0,0.0,0.0,0.0,0,0,
TPR,TPR-TAPESTRY INC-2023.pdf,3,0.0,0,0.0,0.0,0.0,0.0,0,0,
TPR,TPR-TAPESTRY INC-2023.pdf,4,0.0,0,0.0,0.0,0.0,0.0,0,0,
TPR,TPR-TAPESTRY INC-2023.pdf,9,0.0,0,0.0,0.0,0.0,0.0,0,0,
TPR,TPR-TAPESTRY INC-2023.pdf,10,0.0,0,0.0,0.0,0.0,0.0,0,0,
TPR,TPR-TAPESTRY INC-2023.pdf,11,0.0,0,0.0,0.0,0.0,0.0,0,0,
TPR,TPR-TAPESTRY INC-2023.pdf,14,0.1665613567412109,1,0.1665613567412109,0.1665613567412109,0.1665613567412109,0.1665613567412109,2,0,
TPR,TPR-TAPESTRY INC-2023.pdf,15,0.0,0,0.0,0.0,0.0,0.0,0,0,
TPR,TPR-TAPESTRY INC-2023.pdf,18,0.0,0,0.0,0.0,0.0,0.0,0,0,
TPR,TPR-TAPESTRY INC-2023.pdf,19,0.3550386338183594,1,0.3550386338183594,0.3550386338183594,0.3550386338183594,0.3550386338183594,5,0,
TPR,TPR-TAPESTRY INC-2023.pdf,21,0.0,0,0.0,0.0,0.0,0.0,0,0,
TPR,TPR-TAPESTRY INC-2023.pdf,22,0.0,0,0.0,0.0,0.0,0.0,0,0,
TPR,TPR-TAPESTRY INC-2023.pdf,24,0.0,0,0.0,0.0,0.0,0.0,0,0,
TPR,TPR-TAPESTRY INC-2023.pdf,25,0.0,0,0.0,0.0,0.0,0.0,0,0,
TPR,TPR-TAPESTRY INC-2023.pdf,33,0.0,0,0.0,0.0,0.0,0.0,0,0,
TPR,TPR-TAPESTRY INC-2023.pdf,35,0.0,0,0.0,0.0,0.0,0.0,0,0,
TPR,TPR-TAPESTRY INC-2023.pdf,36,0.0,0,0.0,0.0,0.0,0.0,0,0,
TPR,TPR-TAPESTRY INC-2023.pdf,38,0.0111677036388972,1,0.0111677036388972,0.0111677036388972,0.0111677036388972,0.0111677036388972,8,0,
TPR,TPR-TAPESTRY INC-2023.pdf,40,0.2000706884765625,1,0.2000706884765625,0.2000706884765625,0.2000706884765625,0.2000706884765625,2,0,
TPR,TPR-TAPESTRY INC-2023.pdf,41,0.0,0,0.0,0.0,0.0,0.0,0,0,
TPR,TPR-TAPESTRY INC-2023.pdf,43,0.0634772784277343,2,0.0634772784277343,0.0634772784277343,0.0634772784277343,0.0580488281249999,3,0,
TPR,TPR-TAPESTRY INC-2023.pdf,44,0.0,0,0.0,0.0,0.0,0.0,0,0,
TPR,TPR-TAPESTRY INC-2023.pdf,48,0.1529296875,1,0.1529296875,0.1529296875,0.1529296875,0.1529296875,2,0,
TPR,TPR-TAPESTRY INC-2023.pdf,50,0.3414896669433594,1,0.3414896669433594,0.3414896669433594,0.3414896669433594,0.3414896669433594,3,0,
TPR,TPR-TAPESTRY INC-2023.pdf,53,0.0,0,0.0,0.0,0.0,0.0,0,0,
TPR,TPR-TAPESTRY INC-2023.pdf,54,0.0,0,0.0,0.0,0.0,0.0,0,0,
TPR,TPR-TAPESTRY INC-2023.pdf,58,0.0,0,0.0,0.0,0.0,0.0,0,0,
TPR,TPR-TAPESTRY INC-2023.pdf,59,0.0,0,0.0,0.0,0.0,0.0,0,0,
TPR,TPR-TAPESTRY INC-2023.pdf,60,0.0,0,0.0,0.0,0.0,0.0,0,0,
TPR,TPR-TAPESTRY INC-2023.pdf,62,0.0,0,0.0,0.0,0.0,0.0,0,0,
TPR,TPR-TAPESTRY INC-2023.pdf,63,0.0,0,0.0,0.0,0.0,0.0,0,0,
TPR,TPR-TAPESTRY INC-2023.pdf,64,0.0,0,0.0,0.0,0.0,0.0,0,0,
TPR,TPR-TAPESTRY INC-2023.pdf,66,0.0,0,0.0,0.0,0.0,0.0,0,0,
TPR,TPR-TAPESTRY INC-2023.pdf,68,0.0,0,0.0,0.0,0.0,0.0,0,0,
TPR,TPR-TAPESTRY INC-2023.pdf,73,0.0,0,0.0,0.0,0.0,0.0,0,0,
TPR,TPR-TAPESTRY INC-2023.pdf,76,0.0,0,0.0,0.0,0.0,0.0,0,0,
TPR,TPR-TAPESTRY INC-2023.pdf,78,0.0,0,0.0,0.0,0.0,0.0,0,0,
TPR,TPR-TAPESTRY INC-2023.pdf,81,0.0,0,0.0,0.0,0.0,0.0,0,0,
TPR,TPR-TAPESTRY INC-2023.pdf,88,0.0,0,0.0,0.0,0.0,0.0,0,0,
TPR,TPR-TAPESTRY INC-2023.pdf,90,0.0,0,0.0,0.0,0.0,0.0,0,0,
TPR,TPR-TAPESTRY INC-2024.pdf,12,0.039298366595441,2,0.039298366595441,0.039298366595441,0.039298366595441,0.030541206501691,64,0,
TPR,TPR-TAPESTRY INC-2024.pdf,13,0.9670577598068032,3,0.9670577598068032,0.9670577598068032,0.9670577598068032,0.95570859375,77,0,
TPR,TPR-TAPESTRY INC-2024.pdf,15,0.5397912540024954,3,0.5397912540024954,0.5397912540024954,0.5397912540024954,0.3685723127929687,3,0,
TPR,TPR-TAPESTRY INC-2024.pdf,17,0.030541206501691,1,0.030541206501691,0.030541206501691,0.030541206501691,0.030541206501691,61,0,
TPR,TPR-TAPESTRY INC-2024.pdf,20,0.030541206501691,1,0.030541206501691,0.030541206501691,0.030541206501691,0.030541206501691,61,0,
TPR,TPR-TAPESTRY INC-2024.pdf,21,0.030541206501691,1,0.030541206501691,0.030541206501691,0.030541206501691,0.030541206501691,61,0,
TPR,TPR-TAPESTRY INC-2024.pdf,25,0.030541206501691,1,0.030541206501691,0.030541206501691,0.030541206501691,0.030541206501691,61,0,
TPR,TPR-TAPESTRY INC-2024.pdf,30,0.0305385306003893,1,0.0305385306003893,0.0305385306003893,0.0305385306003893,0.0305385306003893,61,0,
TPR,TPR-TAPESTRY INC-2024.pdf,31,0.101555928454816,2,0.101555928454816,0.101555928454816,0.101555928454816,0.0710147219531249,3,0,
TPR,TPR-TAPESTRY INC-2024.pdf,33,0.1828077073259097,3,0.1828077073259097,0.1828077073259097,0.1828077073259097,0.1473927122617187,3,0,
TPR,TPR-TAPESTRY INC-2024.pdf,34,0.333573284941942,4,0.333573284941942,0.333573284941942,0.333573284941942,0.147401898611084,3,0,
TPR,TPR-TAPESTRY INC-2024.pdf,36,0.041605375564191,2,0.041605375564191,0.041605375564191,0.041605375564191,0.030541206501691,64,0,
TPR,TPR-TAPESTRY INC-2024.pdf,38,0.5504649613171767,5,0.5504649613171767,0.5504649613171767,0.5504649613171767,0.147401898611084,3,0,
TPR,TPR-TAPESTRY INC-2024.pdf,39,0.037057296845441,2,0.037057296845441,0.037057296845441,0.037057296845441,0.030541206501691,64,0,
TPR,TPR-TAPESTRY INC-2024.pdf,42,0.0386121706533583,2,0.0386121706533583,0.0386121706533583,0.0386121706533583,0.0305369250596083,61,0,
TPR,TPR-TAPESTRY INC-2024.pdf,45,0.5508948065529198,2,0.5508948065529198,0.5508948065529198,0.5508948065529198,0.5203533017910156,2,0,
TPR,TPR-TAPESTRY INC-2024.pdf,50,0.5381641550685025,5,0.5381641550685025,0.5381641550685025,0.5381641550685025,0.126989122591862,3,0,
TPR,TPR-TAPESTRY INC-2024.pdf,51,0.3530126336727057,2,0.3530126336727057,0.3530126336727057,0.3530126336727057,0.32247540865,3,0,
TPR,TPR-TAPESTRY INC-2024.pdf,58,0.260204612195625,2,0.260204612195625,0.260204612195625,0.260204612195625,0.2296894106785278,48,0,
TPR,TPR-TAPESTRY INC-2024.pdf,59,0.030541206501691,1,0.030541206501691,0.030541206501691,0.030541206501691,0.030541206501691,61,0,
TPR,TPR-TAPESTRY INC-2024.pdf,64,0.030541206501691,1,0.030541206501691,0.030541206501691,0.030541206501691,0.030541206501691,61,0,
TPR,TPR-TAPESTRY INC-2024.pdf,68,0.0305344808475108,1,0.0305344808475108,0.0305344808475108,0.0305344808475108,0.0305344808475108,64,0,
TPR,TPR-TAPESTRY INC-2024.pdf,71,0.0305344808475108,1,0.0305344808475108,0.0305344808475108,0.0305344808475108,0.0305344808475108,64,0,
TPR,TPR-TAPESTRY INC-2024.pdf,72,0.0305344808475108,1,0.0305344808475108,0.0305344808475108,0.0305344808475108,0.0305344808475108,64,0,
TPR,TPR-TAPESTRY INC-2024.pdf,75,0.0305344808475108,1,0.0305344808475108,0.0305344808475108,0.0305344808475108,0.0305344808475108,64,0,
TPR,TPR-TAPESTRY INC-2024.pdf,77,0.0305344808475108,1,0.0305344808475108,0.0305344808475108,0.0305344808475108,0.0305344808475108,64,0,
ULTA,ULTA-ULTA BEAUTY INC-2022.pdf,3,0.1178812281854492,2,0.1178812281854492,0.1178812281854492,0.1178812281854492,0.1151916551132237,9,0,
ULTA,ULTA-ULTA BEAUTY INC-2022.pdf,8,0.265882438030083,2,0.265882438030083,0.265882438030083,0.265882438030083,0.2646069124249026,4,0,
ULTA,ULTA-ULTA BEAUTY INC-2022.pdf,11,0.1812258860891045,3,0.1812258860891045,0.1812258860891045,0.1812258860891045,0.0913646160955965,3,0,
ULTA,ULTA-ULTA BEAUTY INC-2022.pdf,13,0.0738736736577031,2,0.0738736736577031,0.0738736736577031,0.0738736736577031,0.0725981480525227,3,0,
ULTA,ULTA-ULTA BEAUTY INC-2022.pdf,20,0.0016317731938117,1,0.0016317731938117,0.0016317731938117,0.0016317731938117,0.0016317731938117,2,0,
ULTA,ULTA-ULTA BEAUTY INC-2022.pdf,22,0.2571788922063776,2,0.2571788922063776,0.2571788922063776,0.2571788922063776,0.2555453832442068,4,0,
ULTA,ULTA-ULTA BEAUTY INC-2022.pdf,24,0.1226468182398604,2,0.1226468182398604,0.1226468182398604,0.1226468182398604,0.1210150450460487,8,0,
ULTA,ULTA-ULTA BEAUTY INC-2022.pdf,26,0.3325855278968883,2,0.3325855278968883,0.3325855278968883,0.3325855278968883,0.3300565133978675,18,0,
ULTA,ULTA-ULTA BEAUTY INC-2022.pdf,28,0.003844820343888,1,0.003844820343888,0.003844820343888,0.003844820343888,0.003844820343888,2,0,
ULTA,ULTA-ULTA BEAUTY INC-2022.pdf,34,0.0021945017489711,1,0.0021945017489711,0.0021945017489711,0.0021945017489711,0.0021945017489711,2,0,
ULTA,ULTA-ULTA BEAUTY INC-2022.pdf,37,0.3156362939617443,3,0.3156362939617443,0.3156362939617443,0.3156362939617443,0.2796493307255562,4,0,
ULTA,ULTA-ULTA BEAUTY INC-2022.pdf,38,0.2194541819346331,2,0.2194541819346331,0.2194541819346331,0.2194541819346331,0.2170534759358288,4,0,
ULTA,ULTA-ULTA BEAUTY INC-2022.pdf,44,0.5410966972674758,2,0.5410966972674758,0.5410966972674758,0.5410966972674758,0.5374773053308487,15,0,
ULTA,ULTA-ULTA BEAUTY INC-2022.pdf,45,0.5112588171517012,2,0.5112588171517012,0.5112588171517012,0.5112588171517012,0.5076394252150741,15,0,
URBN,URBN-Urban Outfitters-2021-2022.pdf,7,0.9999974733844146,1,0.0,0.0,0.0,0.9999974733844146,2,1,
URBN,URBN-Urban Outfitters-2021-2022.pdf,8,0.9999974733844146,1,0.0,0.0,0.0,0.9999974733844146,2,1,
URBN,URBN-Urban Outfitters-2021-2022.pdf,9,0.0,0,0.0,0.0,0.0,0.0,0,0,
URBN,URBN-Urban Outfitters-2021-2022.pdf,12,0.0,0,0.0,0.0,0.0,0.0,0,0,
URBN,URBN-Urban Outfitters-2021-2022.pdf,14,0.0001784034000956,1,0.0001784034000956,0.0001784034000956,0.0001784034000956,0.0001784034000956,2,0,
URBN,URBN-Urban Outfitters-2021-2022.pdf,18,0.0,0,0.0,0.0,0.0,0.0,0,0,
URBN,URBN-Urban Outfitters-2021-2022.pdf,22,0.9999974733844146,1,0.0,0.0,0.0,0.9999974733844146,2,1,
URBN,URBN-Urban Outfitters-2021-2022.pdf,23,0.9999971386814264,1,0.0,0.0,0.0,0.9999971386814264,2,1,
URBN,URBN-Urban Outfitters-2021-2022.pdf,25,0.9999971386814264,1,0.0,0.0,0.0,0.9999971386814264,2,1,
URBN,URBN-Urban Outfitters-2021-2022.pdf,26,0.9999971386814264,1,0.0,0.0,0.0,0.9999971386814264,2,1,
URBN,URBN-Urban Outfitters-2021-2022.pdf,27,0.9999971386814264,1,0.0,0.0,0.0,0.9999971386814264,2,1,
URBN,URBN-Urban Outfitters-2021-2022.pdf,28,0.3496703716269329,1,0.3496703716269329,0.3496703716269329,0.3496703716269329,0.3496703716269329,12,0,
URBN,URBN-Urban Outfitters-2021-2022.pdf,29,0.9999974733844146,1,0.0,0.0,0.0,0.9999974733844146,2,1,
URBN,URBN-Urban Outfitters-2021-2022.pdf,32,1.0003070030287118,2,0.0003095296442972,0.0003095296442972,0.0003095296442972,0.9999974733844146,2,1,
URBN,URBN-Urban Outfitters-2021-2022.pdf,33,0.0,0,0.0,0.0,0.0,0.0,0,0,
URBN,URBN-Urban Outfitters-2021-2022.pdf,35,0.9988536200179148,1,0.0,0.0,0.0,0.9988536200179148,2,1,
URBN,URBN-Urban Outfitters-2021-2022.pdf,36,0.0,0,0.0,0.0,0.0,0.0,0,0,
URBN,URBN-Urban Outfitters-2021-2022.pdf,37,0.0,0,0.0,0.0,0.0,0.0,0,0,
URBN,URBN-Urban Outfitters-2021-2022.pdf,38,0.0535580185502117,1,0.0535580185502117,0.0535580185502117,0.0535580185502117,0.0535580185502117,6,0,
URBN,URBN-Urban Outfitters-2021-2022.pdf,39,0.0,0,0.0,0.0,0.0,0.0,0,0,
URBN,URBN-Urban Outfitters-2021-2022.pdf,40,0.0,0,0.0,0.0,0.0,0.0,0,0,
URBN,URBN-Urban Outfitters-2021-2022.pdf,42,0.0,0,0.0,0.0,0.0,0.0,0,0,
URBN,URBN-Urban Outfitters-2021-2022.pdf,43,0.0,0,0.0,0.0,0.0,0.0,0,0,
VFC,VFC-VF CORP-2023.pdf,3,0.0,0,0.0,0.0,0.0,0.0,0,0,
VFC,VFC-VF CORP-2023.pdf,4,0.0,0,0.0,0.0,0.0,0.0,0,0,
VFC,VFC-VF CORP-2023.pdf,9,0.0,0,0.0,0.0,0.0,0.0,0,0,
VFC,VFC-VF CORP-2023.pdf,10,0.0,0,0.0,0.0,0.0,0.0,0,0,
VFC,VFC-VF CORP-2023.pdf,11,0.0,0,0.0,0.0,0.0,0.0,0,0,
VFC,VFC-VF CORP-2023.pdf,16,0.0024233947266785,1,0.0024233947266785,0.0024233947266785,0.0024233947266785,0.0024233947266785,2,0,
VFC,VFC-VF CORP-2023.pdf,17,0.0,0,0.0,0.0,0.0,0.0,0,0,
VFC,VFC-VF CORP-2023.pdf,19,0.0,0,0.0,0.0,0.0,0.0,0,0,
VFC,VFC-VF CORP-2023.pdf,21,0.0,0,0.0,0.0,0.0,0.0,0,0,
VFC,VFC-VF CORP-2023.pdf,25,0.0,0,0.0,0.0,0.0,0.0,0,0,
VFC,VFC-VF CORP-2023.pdf,29,0.0,0,0.0,0.0,0.0,0.0,0,0,
VFC,VFC-VF CORP-2023.pdf,32,0.0,0,0.0,0.0,0.0,0.0,0,0,
VFC,VFC-VF CORP-2023.pdf,36,0.0032419027706241,1,0.0032419027706241,0.0032419027706241,0.0032419027706241,0.0032419027706241,2,0,
VFC,VFC-VF CORP-2023.pdf,38,0.0,0,0.0,0.0,0.0,0.0,0,0,
VFC,VFC-VF CORP-2023.pdf,41,0.0,0,0.0,0.0,0.0,0.0,0,0,
VFC,VFC-VF CORP-2023.pdf,42,0.0,0,0.0,0.0,0.0,0.0,0,0,
VFC,VFC-VF CORP-2023.pdf,43,0.0,0,0.0,0.0,0.0,0.0,0,0,
VFC,VFC-VF CORP-2023.pdf,48,0.0,0,0.0,0.0,0.0,0.0,0,0,
VFC,VFC-VF CORP-2023.pdf,50,0.0,0,0.0,0.0,0.0,0.0,0,0,
VFC,VFC-VF CORP-2023.pdf,52,0.0015047915329768,1,0.0015047915329768,0.0015047915329768,0.0015047915329768,0.0015047915329768,2,0,
VFC,VFC-VF CORP-2023.pdf,56,0.0017553552162718,1,0.0017553552162718,0.0017553552162718,0.0017553552162718,0.0017553552162718,2,0,
VFC,VFC-VF CORP-2023.pdf,57,0.0,0,0.0,0.0,0.0,0.0,0,0,
VFC,VFC-VF CORP-2023.pdf,58,0.0,0,0.0,0.0,0.0,0.0,0,0,
VFC,VFC-VF CORP-2023.pdf,59,0.0,0,0.0,0.0,0.0,0.0,0,0,
VFC,VFC-VF CORP-2023.pdf,60,0.0023197291260281,2,0.0023197291260281,0.0023197291260281,0.0023197291260281,0.0017114786715191,2,0,
VFC,VFC-VF CORP-2023.pdf,63,0.0,0,0.0,0.0,0.0,0.0,0,0,
VFC,VFC-VF CORP-2023.pdf,68,0.1150698207625669,11,0.1150698207625669,0.1150698207625669,0.1150698207625669,0.0214327222441129,7,0,
VFC,VFC-VF CORP-2023.pdf,71,0.1173063665123457,2,0.1173063665123457,0.1173063665123457,0.1173063665123457,0.0705142974887766,3,0,
VFC,VFC-VF CORP-2023.pdf,72,0.1398109362840001,2,0.1398109362840001,0.1398109362840001,0.1398109362840001,0.0700240317389582,3,0,
VFC,VFC-VF CORP-2023.pdf,74,0.5501978369848174,1,0.5501978369848174,0.5501978369848174,0.5501978369848174,0.5501978369848174,31,0,
VFC,VFC-VF CORP-2023.pdf,75,0.6443842097445039,1,0.6443842097445039,0.6443842097445039,0.6443842097445039,0.6443842097445039,52,0,
VFC,VFC-VF CORP-2023.pdf,78,0.5516908855714003,4,0.5516908855714003,0.5516908855714003,0.5516908855714003,0.2714935986705289,15,0,
VFC,VFC-VF CORP-2023.pdf,79,0.5082107583927509,3,0.5082107583927509,0.5082107583927509,0.5082107583927509,0.1801081170900177,20,0,
VFC,VFC-VF CORP-2023.pdf,80,0.4845631498811645,3,0.4845631498811645,0.4845631498811645,0.4845631498811645,0.302049762329174,29,0,
VFC,VFC-VF CORP-2023.pdf,81,0.4406207989824716,5,0.4406207989824716,0.4406207989824716,0.4406207989824716,0.1208297125668449,7,0,
VFC,VFC-VF CORP-2023.pdf,84,0.1881724945708731,1,0.1881724945708731,0.1881724945708731,0.1881724945708731,0.1881724945708731,10,0,
VFC,VFC-VF CORP-2023.pdf,85,0.0,0,0.0,0.0,0.0,0.0,0,0,
VRA,VRA-VERA BRADLEY INC-2025.pdf,22,0.0,0,0.0,0.0,0.0,0.0,0,0,
VRA,VRA-VERA BRADLEY INC-2025.pdf,23,0.5062129773145054,1,0.5062129773145054,0.5062129773145054,0.5062129773145054,0.5062129773145054,4,0,
VRA,VRA-VERA BRADLEY INC-2025.pdf,25,0.7652775889769841,2,0.7652775889769841,0.7652775889769841,0.7652775889769841,0.575068469880587,4,0,
VRA,VRA-VERA BRADLEY INC-2025.pdf,26,0.364444827332764,1,0.364444827332764,0.364444827332764,0.364444827332764,0.364444827332764,8,0,
VRA,VRA-VERA BRADLEY INC-2025.pdf,28,0.3693672914809865,1,0.3693672914809865,0.3693672914809865,0.3693672914809865,0.3693672914809865,4,0,
VZ,VZ-VERIZON COMMUNICATIONS INC-2021.pdf,8,0.0,0,0.0,0.0,0.0,0.0,0,0,
VZ,VZ-VERIZON COMMUNICATIONS INC-2021.pdf,9,0.0,0,0.0,0.0,0.0,0.0,0,0,
VZ,VZ-VERIZON COMMUNICATIONS INC-2021.pdf,14,0.0,0,0.0,0.0,0.0,0.0,0,0,
VZ,VZ-VERIZON COMMUNICATIONS INC-2021.pdf,22,0.0,0,0.0,0.0,0.0,0.0,0,0,
VZ,VZ-VERIZON COMMUNICATIONS INC-2021.pdf,69,0.0,0,0.0,0.0,0.0,0.0,0,0,
VZ,VZ-VERIZON COMMUNICATIONS INC-2021.pdf,85,0.0,0,0.0,0.0,0.0,0.0,0,0,
VZ,VZ-VERIZON COMMUNICATIONS INC-2021.pdf,86,0.0375728795306001,1,0.0375728795306001,0.0375728795306001,0.0375728795306001,0.0375728795306001,2,0,
VZ,VZ-VERIZON COMMUNICATIONS INC-2021.pdf,88,0.2203409194064831,2,0.2203409194064831,0.2203409194064831,0.2203409194064831,0.1454573306595365,3,0,
VZ,VZ-VERIZON COMMUNICATIONS INC-2021.pdf,89,0.3076153178022051,2,0.3076153178022051,0.3076153178022051,0.3076153178022051,0.2348866524724367,7,0,
VZ,VZ-VERIZON COMMUNICATIONS INC-2021.pdf,90,0.2306037421807949,3,0.2306037421807949,0.2306037421807949,0.2306037421807949,0.0860353174308444,4,0,
VZ,VZ-VERIZON COMMUNICATIONS INC-2021.pdf,91,0.1377804159858388,2,0.1377804159858388,0.1377804159858388,0.1377804159858388,0.0711124727668845,3,0,
VZ,VZ-VERIZON COMMUNICATIONS INC-2021.pdf,92,0.2257821010348583,3,0.2257821010348583,0.2257821010348583,0.2257821010348583,0.0942778995015515,3,0,
VZ,VZ-VERIZON COMMUNICATIONS INC-2021.pdf,93,0.1309115975935829,1,0.1309115975935829,0.1309115975935829,0.1309115975935829,0.1309115975935829,3,0,
VZ,VZ-VERIZON COMMUNICATIONS INC-2021.pdf,94,0.23655671812075,4,0.23655671812075,0.23655671812075,0.23655671812075,0.0693885340331418,3,0,
W,W-WAYFAIR INC-2025.pdf,3,0.0,0,0.0,0.0,0.0,0.0,0,0,
W,W-WAYFAIR INC-2025.pdf,6,0.0017313689929599,1,0.0017313689929599,0.0017313689929599,0.0017313689929599,0.0017313689929599,2,0,
W,W-WAYFAIR INC-2025.pdf,8,0.0021019260622321,1,0.0021019260622321,0.0021019260622321,0.0021019260622321,0.0021019260622321,2,0,
W,W-WAYFAIR INC-2025.pdf,12,0.0021019260622321,1,0.0021019260622321,0.0021019260622321,0.0021019260622321,0.0021019260622321,2,0,
W,W-WAYFAIR INC-2025.pdf,16,0.0,0,0.0,0.0,0.0,0.0,0,0,
W,W-WAYFAIR INC-2025.pdf,17,0.0,0,0.0,0.0,0.0,0.0,0,0,
W,W-WAYFAIR INC-2025.pdf,19,0.0672812761851468,3,0.0672812761851468,0.0672812761851468,0.0672812761851468,0.0272148329889807,5,0,
W,W-WAYFAIR INC-2025.pdf,25,0.0439387018623737,1,0.0439387018623737,0.0439387018623737,0.0439387018623737,0.0439387018623737,8,0,
W,W-WAYFAIR INC-2025.pdf,26,0.0,0,0.0,0.0,0.0,0.0,0,0,
W,W-WAYFAIR INC-2025.pdf,28,0.6542599509297521,1,0.6542599509297521,0.6542599509297521,0.6542599509297521,0.6542599509297521,23,0,
W,W-WAYFAIR INC-2025.pdf,45,0.0366416795798898,1,0.0366416795798898,0.0366416795798898,0.0366416795798898,0.0366416795798898,3,0,
WHR,WHR-WHIRLPOOL CORP-2025.pdf,3,1.1259310696096798,5,0.125931081720791,0.125931081720791,0.125931081720791,0.9999999878888888,2,1,
WHR,WHR-WHIRLPOOL CORP-2025.pdf,6,0.0,0,0.0,0.0,0.0,0.0,0,0,
WHR,WHR-WHIRLPOOL CORP-2025.pdf,7,0.0,0,0.0,0.0,0.0,0.0,0,0,
WHR,WHR-WHIRLPOOL CORP-2025.pdf,8,0.0591955880425082,3,0.0591955880425082,0.0591955880425082,0.0591955880425082,0.0392262256550829,2,0,
WHR,WHR-WHIRLPOOL CORP-2025.pdf,10,0.0,0,0.0,0.0,0.0,0.0,0,0,
WHR,WHR-WHIRLPOOL CORP-2025.pdf,12,0.0,0,0.0,0.0,0.0,0.0,0,0,
WHR,WHR-WHIRLPOOL CORP-2025.pdf,13,0.0,0,0.0,0.0,0.0,0.0,0,0,
WHR,WHR-WHIRLPOOL CORP-2025.pdf,15,0.0,0,0.0,0.0,0.0,0.0,0,0,
WHR,WHR-WHIRLPOOL CORP-2025.pdf,17,0.0,0,0.0,0.0,0.0,0.0,0,0,
WHR,WHR-WHIRLPOOL CORP-2025.pdf,18,0.0,0,0.0,0.0,0.0,0.0,0,0,
WHR,WHR-WHIRLPOOL CORP-2025.pdf,21,0.1923044939058946,4,0.1923044939058946,0.1923044939058946,0.1923044939058946,0.1914779101666795,32,0,
WHR,WHR-WHIRLPOOL CORP-2025.pdf,22,0.0,0,0.0,0.0,0.0,0.0,0,0,
WHR,WHR-WHIRLPOOL CORP-2025.pdf,24,0.0,0,0.0,0.0,0.0,0.0,0,0,
WHR,WHR-WHIRLPOOL CORP-2025.pdf,25,0.0,0,0.0,0.0,0.0,0.0,0,0,
WHR,WHR-WHIRLPOOL CORP-2025.pdf,31,0.0,0,0.0,0.0,0.0,0.0,0,0,
WMK,WMK-WEIS MARKETS INC-2023.pdf,3,0.0,0,0.0,0.0,0.0,0.0,0,0,
WMK,WMK-WEIS MARKETS INC-2023.pdf,4,0.0008410077826858,1,0.0008410077826858,0.0008410077826858,0.0008410077826858,0.0008410077826858,2,0,
WMK,WMK-WEIS MARKETS INC-2023.pdf,7,1.0007162662269509,2,0.0008092148461103,0.0008092148461103,0.0008092148461103,0.9999070513808406,4,1,
WMK,WMK-WEIS MARKETS INC-2023.pdf,12,0.4993316519090208,1,0.4993316519090208,0.4993316519090208,0.4993316519090208,0.4993316519090208,2,0,
WMK,WMK-WEIS MARKETS INC-2023.pdf,14,0.5000012599218849,1,0.5000012599218849,0.5000012599218849,0.5000012599218849,0.5000012599218849,2,0,
WMK,WMK-WEIS MARKETS INC-2023.pdf,17,0.0,0,0.0,0.0,0.0,0.0,0,0,
WMK,WMK-WEIS MARKETS INC-2023.pdf,18,0.5000012599218849,1,0.5000012599218849,0.5000012599218849,0.5000012599218849,0.5000012599218849,2,0,
WMK,WMK-WEIS MARKETS INC-2023.pdf,19,0.0,0,0.0,0.0,0.0,0.0,0,0,
WMK,WMK-WEIS MARKETS INC-2023.pdf,21,0.5000012599218849,1,0.5000012599218849,0.5000012599218849,0.5000012599218849,0.5000012599218849,2,0,
WMT,WMT-WALMART INC-2021.pdf,3,0.0,0,0.0,0.0,0.0,0.0,0,0,
WMT,WMT-WALMART INC-2021.pdf,4,0.0,0,0.0,0.0,0.0,0.0,0,0,
WMT,WMT-WALMART INC-2021.pdf,7,0.0,0,0.0,0.0,0.0,0.0,0,0,
WMT,WMT-WALMART INC-2021.pdf,8,0.0,0,0.0,0.0,0.0,0.0,0,0,
WMT,WMT-WALMART INC-2021.pdf,13,0.0,0,0.0,0.0,0.0,0.0,0,0,
WMT,WMT-WALMART INC-2021.pdf,15,0.0,0,0.0,0.0,0.0,0.0,0,0,
WMT,WMT-WALMART INC-2021.pdf,24,0.0,0,0.0,0.0,0.0,0.0,0,0,
WMT,WMT-WALMART INC-2021.pdf,26,0.4772944979474102,1,0.4772944979474102,0.4772944979474102,0.4772944979474102,0.4772944979474102,5,0,
WMT,WMT-WALMART INC-2021.pdf,28,0.0,0,0.0,0.0,0.0,0.0,0,0,
WMT,WMT-WALMART INC-2021.pdf,29,0.0,0,0.0,0.0,0.0,0.0,0,0,
WMT,WMT-WALMART INC-2021.pdf,31,0.4402865276570938,1,0.4402865276570938,0.4402865276570938,0.4402865276570938,0.4402865276570938,2,0,
WMT,WMT-WALMART INC-2021.pdf,32,0.0,0,0.0,0.0,0.0,0.0,0,0,
WMT,WMT-WALMART INC-2021.pdf,33,0.524609375,1,0.524609375,0.524609375,0.524609375,0.524609375,2,0,
WMT,WMT-WALMART INC-2021.pdf,37,0.0,0,0.0,0.0,0.0,0.0,0,0,
WMT,WMT-WALMART INC-2021.pdf,38,0.0,0,0.0,0.0,0.0,0.0,0,0,
WMT,WMT-WALMART INC-2021.pdf,39,0.0,0,0.0,0.0,0.0,0.0,0,0,
WMT,WMT-WALMART INC-2025.pdf,3,0.0,0,0.0,0.0,0.0,0.0,0,0,
WMT,WMT-WALMART INC-2025.pdf,4,0.0,0,0.0,0.0,0.0,0.0,0,0,
WMT,WMT-WALMART INC-2025.pdf,5,0.0,0,0.0,0.0,0.0,0.0,0,0,
WMT,WMT-WALMART INC-2025.pdf,6,0.4948452766628528,1,0.4948452766628528,0.4948452766628528,0.4948452766628528,0.4948452766628528,16,0,
WMT,WMT-WALMART INC-2025.pdf,7,0.0,0,0.0,0.0,0.0,0.0,0,0,
WMT,WMT-WALMART INC-2025.pdf,8,0.0,0,0.0,0.0,0.0,0.0,0,0,
WMT,WMT-WALMART INC-2025.pdf,13,0.0,0,0.0,0.0,0.0,0.0,0,0,
WMT,WMT-WALMART INC-2025.pdf,14,0.0,0,0.0,0.0,0.0,0.0,0,0,
WMT,WMT-WALMART INC-2025.pdf,15,0.0,0,0.0,0.0,0.0,0.0,0,0,
WMT,WMT-WALMART INC-2025.pdf,18,0.0935339957177236,1,0.0935339957177236,0.0935339957177236,0.0935339957177236,0.0935339957177236,8,0,
WMT,WMT-WALMART INC-2025.pdf,20,0.0,0,0.0,0.0,0.0,0.0,0,0,
WMT,WMT-WALMART INC-2025.pdf,21,0.0,0,0.0,0.0,0.0,0.0,0,0,
WMT,WMT-WALMART INC-2025.pdf,22,0.0,0,0.0,0.0,0.0,0.0,0,0,
WMT,WMT-WALMART INC-2025.pdf,24,0.0,0,0.0,0.0,0.0,0.0,0,0,
WMT,WMT-WALMART INC-2025.pdf,28,0.0,0,0.0,0.0,0.0,0.0,0,0,
WMT,WMT-WALMART INC-2025.pdf,31,0.0137243488428548,1,0.0137243488428548,0.0137243488428548,0.0137243488428548,0.0137243488428548,4,0,
WMT,WMT-WALMART INC-2025.pdf,32,0.0,0,0.0,0.0,0.0,0.0,0,0,
WMT,WMT-WALMART INC-2025.pdf,33,0.5428854928320079,3,0.5428854928320079,0.5428854928320079,0.5428854928320079,0.4861017192601124,27,0,
WMT,WMT-WALMART INC-2025.pdf,34,0.0191149639551228,1,0.0191149639551228,0.0191149639551228,0.0191149639551228,0.0191149639551228,12,0,
WMT,WMT-WALMART INC-2025.pdf,35,0.0,0,0.0,0.0,0.0,0.0,0,0,
WMT,WMT-WALMART INC-2025.pdf,36,0.0,0,0.0,0.0,0.0,0.0,0,0,
WMT,WMT-WALMART INC-2025.pdf,38,0.3242285352897568,1,0.3242285352897568,0.3242285352897568,0.3242285352897568,0.3242285352897568,30,0,
WMT,WMT-WALMART INC-2025.pdf,39,0.1360089167991733,1,0.1360089167991733,0.1360089167991733,0.1360089167991733,0.1360089167991733,6,0,
WMT,WMT-WALMART INC-2025.pdf,40,0.2440251193161468,1,0.2440251193161468,0.2440251193161468,0.2440251193161468,0.2440251193161468,13,0,
WMT,WMT-WALMART INC-2025.pdf,41,0.1922271079266133,1,0.1922271079266133,0.1922271079266133,0.1922271079266133,0.1922271079266133,7,0,
WMT,WMT-WALMART INC-2025.pdf,42,0.2129159890116744,1,0.2129159890116744,0.2129159890116744,0.2129159890116744,0.2129159890116744,9,0,
WMT,WMT-WALMART INC-2025.pdf,44,0.0,0,0.0,0.0,0.0,0.0,0,0,
WMT,WMT-WALMART INC-2025.pdf,47,0.0457089917307308,1,0.0457089917307308,0.0457089917307308,0.0457089917307308,0.0457089917307308,12,0,
WMT,WMT-WALMART INC-2025.pdf,48,0.0294938977085168,1,0.0294938977085168,0.0294938977085168,0.0294938977085168,0.0294938977085168,2,0,
WMT,WMT-WALMART INC-2025.pdf,50,0.3233773583354119,1,0.3233773583354119,0.3233773583354119,0.3233773583354119,0.3233773583354119,12,0,
WMT,WMT-WALMART INC-2025.pdf,51,0.4828261247759129,2,0.4828261247759129,0.4828261247759129,0.4828261247759129,0.3124889800664264,12,0,
WMT,WMT-WALMART INC-2025.pdf,52,0.0,0,0.0,0.0,0.0,0.0,0,0,
WMT,WMT-WALMART INC-2025.pdf,54,0.1576756745981376,2,0.1576756745981376,0.1576756745981376,0.1576756745981376,0.0945194813946867,3,0,
WMT,WMT-WALMART INC-2025.pdf,56,0.0010174045074723,4,0.0010174045074723,0.0010174045074723,0.0010174045074723,0.0004126504186595,2,0,
WMT,WMT-WALMART INC-2025.pdf,60,0.6213292561974313,3,0.6213292561974313,0.6213292561974313,0.6213292561974313,0.5239932740969471,23,0,
WMT,WMT-WALMART INC-2025.pdf,61,0.3766959255482884,2,0.3766959255482884,0.3766959255482884,0.3766959255482884,0.3766455428842894,28,0,
WMT,WMT-WALMART INC-2025.pdf,65,0.0,0,0.0,0.0,0.0,0.0,0,0,
WMT,WMT-WALMART INC-2025.pdf,67,0.0,0,0.0,0.0,0.0,0.0,0,0,
WMT,WMT-WALMART INC-2025.pdf,69,0.0,0,0.0,0.0,0.0,0.0,0,0,
WMT,WMT-WALMART INC-2025.pdf,70,0.0171853510354029,1,0.0171853510354029,0.0171853510354029,0.0171853510354029,0.0171853510354029,6,0,
WMT,WMT-WALMART INC-2025.pdf,72,0.0,0,0.0,0.0,0.0,0.0,0,0,
WMT,WMT-WALMART INC-2025.pdf,73,0.0,0,0.0,0.0,0.0,0.0,0,0,
WMT,WMT-WALMART INC-2025.pdf,74,0.0,0,0.0,0.0,0.0,0.0,0,0,
WMT,WMT-WALMART INC-2025.pdf,79,0.2167077204763565,1,0.2167077204763565,0.2167077204763565,0.2167077204763565,0.2167077204763565,8,0,
WMT,WMT-WALMART INC-2025.pdf,81,0.0,0,0.0,0.0,0.0,0.0,0,0,
WMT,WMT-WALMART INC-2025.pdf,82,0.0,0,0.0,0.0,0.0,0.0,0,0,
WMT,WMT-WALMART INC-2025.pdf,83,0.0588134298215931,4,0.0588134298215931,0.0588134298215931,0.0588134298215931,0.0327933444866388,48,0,
WMT,WMT-WALMART INC-2025.pdf,84,0.0,0,0.0,0.0,0.0,0.0,0,0,
WMT,WMT-WALMART INC-2025.pdf,85,0.0,0,0.0,0.0,0.0,0.0,0,0,
WMT,WMT-WALMART INC-2025.pdf,89,0.0,0,0.0,0.0,0.0,0.0,0,0,
WMT,WMT-WALMART INC-2025.pdf,91,0.0,0,0.0,0.0,0.0,0.0,0,0,
WMT,WMT-WALMART INC-2025.pdf,92,0.0,0,0.0,0.0,0.0,0.0,0,0,
WMT,WMT-WALMART INC-2025.pdf,95,0.0,0,0.0,0.0,0.0,0.0,0,0,
WMT,WMT-WALMART INC-2025.pdf,97,0.0,0,0.0,0.0,0.0,0.0,0,0,
WMT,WMT-WALMART INC-2025.pdf,98,0.562191157539115,2,0.562191157539115,0.562191157539115,0.562191157539115,0.3001823081128857,12,0,
WMT,WMT-WALMART INC-2025.pdf,99,0.0,0,0.0,0.0,0.0,0.0,0,0,
WMT,WMT-WALMART INC-2025.pdf,107,0.2440406814153973,2,0.2440406814153973,0.2440406814153973,0.2440406814153973,0.1469521227875985,8,0,
WRBY,WRBY-WARBY PARKER INC-2022.pdf,15,0.0042189248737374,6,0.0042189248737374,0.0042189248737374,0.0042189248737374,0.0007031541456229,2,0,
WRBY,WRBY-WARBY PARKER INC-2022.pdf,16,0.0087071940426929,1,0.0087071940426929,0.0087071940426929,0.0087071940426929,0.0087071940426929,2,0,
WRBY,WRBY-WARBY PARKER INC-2022.pdf,22,0.0,0,0.0,0.0,0.0,0.0,0,0,
WRBY,WRBY-WARBY PARKER INC-2022.pdf,24,0.0,0,0.0,0.0,0.0,0.0,0,0,
WRBY,WRBY-WARBY PARKER INC-2022.pdf,25,0.0,0,0.0,0.0,0.0,0.0,0,0,
WRBY,WRBY-WARBY PARKER INC-2022.pdf,27,0.0,0,0.0,0.0,0.0,0.0,0,0,
WRBY,WRBY-WARBY PARKER INC-2022.pdf,28,0.0,0,0.0,0.0,0.0,0.0,0,0,
WRBY,WRBY-WARBY PARKER INC-2022.pdf,30,0.0,0,0.0,0.0,0.0,0.0,0,0,
WRBY,WRBY-WARBY PARKER INC-2022.pdf,34,0.0,0,0.0,0.0,0.0,0.0,0,0,
WRBY,WRBY-WARBY PARKER INC-2022.pdf,40,0.0,0,0.0,0.0,0.0,0.0,0,0,
WRBY,WRBY-WARBY PARKER INC-2022.pdf,41,0.0,0,0.0,0.0,0.0,0.0,0,0,
WRBY,WRBY-WARBY PARKER INC-2022.pdf,42,0.0,0,0.0,0.0,0.0,0.0,0,0,
WRBY,WRBY-WARBY PARKER INC-2022.pdf,43,0.0,0,0.0,0.0,0.0,0.0,0,0,
WRBY,WRBY-WARBY PARKER INC-2022.pdf,44,0.0,0,0.0,0.0,0.0,0.0,0,0,
WRBY,WRBY-WARBY PARKER INC-2022.pdf,45,0.0,0,0.0,0.0,0.0,0.0,0,0,
WRBY,WRBY-WARBY PARKER INC-2022.pdf,49,0.0,0,0.0,0.0,0.0,0.0,0,0,
WRBY,WRBY-WARBY PARKER INC-2022.pdf,53,0.0,0,0.0,0.0,0.0,0.0,0,0,
WRBY,WRBY-WARBY PARKER INC-2022.pdf,57,0.0,0,0.0,0.0,0.0,0.0,0,0,
WRBY,WRBY-WARBY PARKER INC-2022.pdf,60,0.0,0,0.0,0.0,0.0,0.0,0,0,
WRBY,WRBY-WARBY PARKER INC-2022.pdf,67,0.0,0,0.0,0.0,0.0,0.0,0,0,
WRBY,WRBY-WARBY PARKER INC-2022.pdf,70,0.0,0,0.0,0.0,0.0,0.0,0,0,
WRBY,WRBY-WARBY PARKER INC-2022.pdf,71,0.0,0,0.0,0.0,0.0,0.0,0,0,
WRBY,WRBY-WARBY PARKER INC-2022.pdf,72,0.0,0,0.0,0.0,0.0,0.0,0,0,
WRBY,WRBY-WARBY PARKER INC-2022.pdf,74,0.0,0,0.0,0.0,0.0,0.0,0,0,
WRBY,WRBY-WARBY PARKER INC-2022.pdf,77,0.0,0,0.0,0.0,0.0,0.0,0,0,
WRBY,WRBY-WARBY PARKER INC-2022.pdf,83,0.0,0,0.0,0.0,0.0,0.0,0,0,
WRBY,WRBY-WARBY PARKER INC-2022.pdf,84,0.0,0,0.0,0.0,0.0,0.0,0,0,
WRBY,WRBY-WARBY PARKER INC-2022.pdf,87,0.0,0,0.0,0.0,0.0,0.0,0,0,
WRBY,WRBY-WARBY PARKER INC-2022.pdf,88,0.0,0,0.0,0.0,0.0,0.0,0,0,
WWW,WWW-WOLVERINE WORLD WIDE-2021.pdf,4,0.598349783424251,2,0.598349783424251,0.598349783424251,0.598349783424251,0.3481145877378436,2,0,
WWW,WWW-WOLVERINE WORLD WIDE-2021.pdf,5,0.1326856158484065,2,0.1326856158484065,0.1326856158484065,0.1326856158484065,0.1137364341085271,12,0,
WWW,WWW-WOLVERINE WORLD WIDE-2021.pdf,10,0.3654484525487432,1,0.3654484525487432,0.3654484525487432,0.3654484525487432,0.3654484525487432,2,0,
WWW,WWW-WOLVERINE WORLD WIDE-2021.pdf,11,0.7771885521885521,1,0.7771885521885521,0.7771885521885521,0.7771885521885521,0.7771885521885521,2,0,
WWW,WWW-WOLVERINE WORLD WIDE-2021.pdf,15,0.0,0,0.0,0.0,0.0,0.0,0,0,
WWW,WWW-WOLVERINE WORLD WIDE-2021.pdf,21,0.0,0,0.0,0.0,0.0,0.0,0,0,
WWW,WWW-WOLVERINE WORLD WIDE-2021.pdf,25,0.0468643475460027,3,0.0468643475460027,0.0468643475460027,0.0468643475460027,0.0343299404447577,17,0,
WWW,WWW-WOLVERINE WORLD WIDE-2021.pdf,26,0.0,0,0.0,0.0,0.0,0.0,0,0,
XOM,XOM-EXXON MOBIL CORP-2023.pdf,4,0.0,0,0.0,0.0,0.0,0.0,0,0,
XOM,XOM-EXXON MOBIL CORP-2023.pdf,7,0.0,0,0.0,0.0,0.0,0.0,0,0,
XOM,XOM-EXXON MOBIL CORP-2023.pdf,9,0.0,0,0.0,0.0,0.0,0.0,0,0,
ABG,ABG-ASBURY AUTOMOTIVE GROUP INC-2025.pdf,3,0.0,0,0.0,0.0,0.0,0.0,0,0,
ABG,ABG-ASBURY AUTOMOTIVE GROUP INC-2025.pdf,8,0.0,0,0.0,0.0,0.0,0.0,0,0,
ABG,ABG-ASBURY AUTOMOTIVE GROUP INC-2025.pdf,12,0.8888888888888888,1,0.8888888888888888,0.0,0.8888888888888888,0.8888888888888888,3,0,
ABG,ABG-ASBURY AUTOMOTIVE GROUP INC-2025.pdf,14,0.3216771122685186,2,0.3216771122685186,0.3216771122685186,0.3216771122685186,0.2533333333333333,3,0,
ABG,ABG-ASBURY AUTOMOTIVE GROUP INC-2025.pdf,19,0.8888888888888888,1,0.8888888888888888,0.0,0.8888888888888888,0.8888888888888888,2,0,
ABG,ABG-ASBURY AUTOMOTIVE GROUP INC-2025.pdf,21,0.0,0,0.0,0.0,0.0,0.0,0,0,
ABG,ABG-ASBURY AUTOMOTIVE GROUP INC-2025.pdf,24,0.0,0,0.0,0.0,0.0,0.0,0,0,
ABG,ABG-ASBURY AUTOMOTIVE GROUP INC-2025.pdf,29,0.0550824652777777,1,0.0550824652777777,0.0550824652777777,0.0550824652777777,0.0550824652777777,2,0,
ABG,ABG-ASBURY AUTOMOTIVE GROUP INC-2025.pdf,30,0.9213611111111112,1,0.0,0.0,0.9213611111111112,0.9213611111111112,2,1,
ABG,ABG-ASBURY AUTOMOTIVE GROUP INC-2025.pdf,32,0.2916666666666667,1,0.2916666666666667,0.2916666666666667,0.2916666666666667,0.2916666666666667,2,0,
ABG,ABG-ASBURY AUTOMOTIVE GROUP INC-2025.pdf,34,0.1601323334619341,2,0.1601323334619341,0.1601323334619341,0.1601323334619341,0.082346412037037,3,0,
ABG,ABG-ASBURY AUTOMOTIVE GROUP INC-2025.pdf,37,0.2110194272976679,3,0.2110194272976679,0.2110194272976679,0.2110194272976679,0.1349037037037037,12,0,
ABG,ABG-ASBURY AUTOMOTIVE GROUP INC-2025.pdf,38,0.3121477612740054,4,0.3121477612740054,0.3121477612740054,0.3121477612740054,0.0953862043467078,5,0,
ABG,ABG-ASBURY AUTOMOTIVE GROUP INC-2025.pdf,39,0.2896727293917181,3,0.2896727293917181,0.2896727293917181,0.2896727293917181,0.1810345679012345,3,0,
ANF,ANF-ABERCROMBIE & FITCH -CL A-2021.pdf,2,27.209491232683455,4,27.209491232683455,27.209491232683455,27.209491232683455,26.845936302756733,5,0,
ARKO,ARKO-ARKO CORP-2021.pdf,3,0.0,0,0.0,0.0,0.0,0.0,0,0,
ARKO,ARKO-ARKO CORP-2021.pdf,4,0.0,0,0.0,0.0,0.0,0.0,0,0,
ARKO,ARKO-ARKO CORP-2021.pdf,11,0.0,0,0.0,0.0,0.0,0.0,0,0,
ARKO,ARKO-ARKO CORP-2021.pdf,12,0.0894359423483198,1,0.0894359423483198,0.0894359423483198,0.0894359423483198,0.0894359423483198,10,0,
ARKO,ARKO-ARKO CORP-2021.pdf,13,0.0,0,0.0,0.0,0.0,0.0,0,0,
ARKO,ARKO-ARKO CORP-2021.pdf,15,0.0,0,0.0,0.0,0.0,0.0,0,0,
ARKO,ARKO-ARKO CORP-2021.pdf,16,0.617209595959596,1,0.617209595959596,0.617209595959596,0.617209595959596,0.617209595959596,11,0,
ARKO,ARKO-ARKO CORP-2021.pdf,17,0.0,0,0.0,0.0,0.0,0.0,0,0,
ARKO,ARKO-ARKO CORP-2021.pdf,18,0.0,0,0.0,0.0,0.0,0.0,0,0,
ARKO,ARKO-ARKO CORP-2021.pdf,22,0.0,0,0.0,0.0,0.0,0.0,0,0,
ARKO,ARKO-ARKO CORP-2021.pdf,24,0.0,0,0.0,0.0,0.0,0.0,0,0,
ARKO,ARKO-ARKO CORP-2021.pdf,25,0.0,0,0.0,0.0,0.0,0.0,0,0,
ARKO,ARKO-ARKO CORP-2021.pdf,27,0.5233414041394336,1,0.5233414041394336,0.5233414041394336,0.5233414041394336,0.5233414041394336,9,0,
ARKO,ARKO-ARKO CORP-2021.pdf,29,0.0247376708259061,1,0.0247376708259061,0.0247376708259061,0.0247376708259061,0.0247376708259061,2,0,
ARKO,ARKO-ARKO CORP-2021.pdf,32,0.723768101402753,1,0.723768101402753,0.723768101402753,0.723768101402753,0.723768101402753,55,0,
ARKO,ARKO-ARKO CORP-2021.pdf,36,0.3516257398506391,2,0.3516257398506391,0.3516257398506391,0.3516257398506391,0.2221882504141656,16,0,
ARKO,ARKO-ARKO CORP-2021.pdf,37,0.0,0,0.0,0.0,0.0,0.0,0,0,
ASO,ASO-ACADEMY SPO AND OU INC-2021.pdf,2,0.0,0,0.0,0.0,0.0,0.0,0,0,
ASO,ASO-ACADEMY SPO AND OU INC-2021.pdf,3,0.2542857142857143,1,0.2542857142857143,0.2542857142857143,0.2542857142857143,0.2542857142857143,2,0,
ASO,ASO-ACADEMY SPO AND OU INC-2021.pdf,4,0.0,0,0.0,0.0,0.0,0.0,0,0,
ASO,ASO-ACADEMY SPO AND OU INC-2021.pdf,6,0.0,0,0.0,0.0,0.0,0.0,0,0,
ASO,ASO-ACADEMY SPO AND OU INC-2021.pdf,7,0.0,0,0.0,0.0,0.0,0.0,0,0,
ASO,ASO-ACADEMY SPO AND OU INC-2021.pdf,8,0.9996911764705882,1,0.0,0.0,0.0,0.9996911764705882,3,1,
ASO,ASO-ACADEMY SPO AND OU INC-2021.pdf,9,0.3930078931683785,1,0.3930078931683785,0.3930078931683785,0.3930078931683785,0.3930078931683785,8,0,
ASO,ASO-ACADEMY SPO AND OU INC-2021.pdf,10,1.0094638962129463,2,0.0099228082499834,0.0099228082499834,0.0099228082499834,0.9995410879629628,2,1,
ASO,ASO-ACADEMY SPO AND OU INC-2021.pdf,11,0.0,0,0.0,0.0,0.0,0.0,0,0,
ASO,ASO-ACADEMY SPO AND OU INC-2021.pdf,14,0.0,0,0.0,0.0,0.0,0.0,0,0,
ASO,ASO-ACADEMY SPO AND OU INC-2021.pdf,16,0.2542857142857143,1,0.2542857142857143,0.2542857142857143,0.2542857142857143,0.2542857142857143,2,0,
ASO,ASO-ACADEMY SPO AND OU INC-2021.pdf,18,0.0,0,0.0,0.0,0.0,0.0,0,0,
ASO,ASO-ACADEMY SPO AND OU INC-2021.pdf,19,0.0,0,0.0,0.0,0.0,0.0,0,0,
ASO,ASO-ACADEMY SPO AND OU INC-2021.pdf,21,0.0,0,0.0,0.0,0.0,0.0,0,0,
ASO,ASO-ACADEMY SPO AND OU INC-2021.pdf,22,0.0,0,0.0,0.0,0.0,0.0,0,0,
ASO,ASO-ACADEMY SPO AND OU INC-2021.pdf,23,0.0,0,0.0,0.0,0.0,0.0,0,0,
ASO,ASO-ACADEMY SPO AND OU INC-2021.pdf,32,0.3420742327920753,1,0.3420742327920753,0.3420742327920753,0.3420742327920753,0.3420742327920753,28,0,
AZO,AZO-AUTOZONE INC-2022.pdf,4,0.0,0,0.0,0.0,0.0,0.0,0,0,
AZO,AZO-AUTOZONE INC-2022.pdf,5,0.0,0,0.0,0.0,0.0,0.0,0,0,
AZO,AZO-AUTOZONE INC-2022.pdf,8,0.0,0,0.0,0.0,0.0,0.0,0,0,
AZO,AZO-AUTOZONE INC-2022.pdf,9,0.4022642120336274,1,0.4022642120336274,0.4022642120336274,0.4022642120336274,0.4022642120336274,3,0,
AZO,AZO-AUTOZONE INC-2022.pdf,10,0.0,0,0.0,0.0,0.0,0.0,0,0,
AZO,AZO-AUTOZONE INC-2022.pdf,17,0.0,0,0.0,0.0,0.0,0.0,0,0,
AZO,AZO-AUTOZONE INC-2022.pdf,26,0.0,0,0.0,0.0,0.0,0.0,0,0,
AZO,AZO-AUTOZONE INC-2022.pdf,28,0.0,0,0.0,0.0,0.0,0.0,0,0,
AZO,AZO-AUTOZONE INC-2022.pdf,29,0.0,0,0.0,0.0,0.0,0.0,0,0,
AZO,AZO-AUTOZONE INC-2022.pdf,30,0.0,0,0.0,0.0,0.0,0.0,0,0,
AZO,AZO-AUTOZONE INC-2022.pdf,32,0.0,0,0.0,0.0,0.0,0.0,0,0,
AZO,AZO-AUTOZONE INC-2022.pdf,34,0.0,0,0.0,0.0,0.0,0.0,0,0,
AZO,AZO-AUTOZONE INC-2022.pdf,37,0.0,0,0.0,0.0,0.0,0.0,0,0,
AZO,AZO-AUTOZONE INC-2022.pdf,38,0.0,0,0.0,0.0,0.0,0.0,0,0,
AZO,AZO-AUTOZONE INC-2022.pdf,39,0.3000984794570631,1,0.3000984794570631,0.3000984794570631,0.3000984794570631,0.3000984794570631,2,0,
AZO,AZO-AUTOZONE INC-2022.pdf,41,0.0,0,0.0,0.0,0.0,0.0,0,0,
AZO,AZO-AUTOZONE INC-2022.pdf,43,0.0,0,0.0,0.0,0.0,0.0,0,0,
AZO,AZO-AUTOZONE INC-2022.pdf,44,0.0,0,0.0,0.0,0.0,0.0,0,0,
AZO,AZO-AUTOZONE INC-2022.pdf,52,0.0,0,0.0,0.0,0.0,0.0,0,0,
AZO,AZO-AUTOZONE INC-2022.pdf,54,0.0,0,0.0,0.0,0.0,0.0,0,0,
AZO,AZO-AUTOZONE INC-2022.pdf,56,0.0,0,0.0,0.0,0.0,0.0,0,0,
AZO,AZO-AUTOZONE INC-2022.pdf,57,0.0,0,0.0,0.0,0.0,0.0,0,0,
AZO,AZO-AUTOZONE INC-2022.pdf,58,0.0,0,0.0,0.0,0.0,0.0,0,0,
AZO,AZO-AUTOZONE INC-2022.pdf,63,0.7940187358916555,1,0.7940187358916555,0.7940187358916555,0.7940187358916555,0.7940187358916555,53,0,
AZO,AZO-AUTOZONE INC-2022.pdf,67,0.8330244476056089,1,0.8330244476056089,0.8330244476056089,0.8330244476056089,0.8330244476056089,64,0,
AZO,AZO-AUTOZONE INC-2022.pdf,68,0.4734210358532547,1,0.4734210358532547,0.4734210358532547,0.4734210358532547,0.4734210358532547,31,0,
AZO,AZO-AUTOZONE INC-2022.pdf,69,0.71288866134254,1,0.71288866134254,0.71288866134254,0.71288866134254,0.71288866134254,16,0,
BJ,BJ-BJS WHSL CLUB HLDGS INC-2022.PDF,2,0.2857532874260815,1,0.2857532874260815,0.2857532874260815,0.2857532874260815,0.2857532874260815,5,0,
BJ,BJ-BJS WHSL CLUB HLDGS INC-2022.PDF,3,0.0,0,0.0,0.0,0.0,0.0,0,0,
BJ,BJ-BJS WHSL CLUB HLDGS INC-2022.PDF,6,0.3269568160597572,2,0.3269568160597572,0.3269568160597572,0.3269568160597572,0.2885924369747899,2,0,
BJ,BJ-BJS WHSL CLUB HLDGS INC-2022.PDF,10,0.3634580161222204,2,0.3634580161222204,0.3634580161222204,0.3634580161222204,0.3016813694658419,44,0,
BJ,BJ-BJS WHSL CLUB HLDGS INC-2022.PDF,13,0.0302919000933706,1,0.0302919000933706,0.0302919000933706,0.0302919000933706,0.0302919000933706,3,0,
BJ,BJ-BJS WHSL CLUB HLDGS INC-2022.PDF,14,0.0143082282913165,1,0.0143082282913165,0.0143082282913165,0.0143082282913165,0.0143082282913165,2,0,
BJ,BJ-BJS WHSL CLUB HLDGS INC-2022.PDF,18,0.0,0,0.0,0.0,0.0,0.0,0,0,
BJ,BJ-BJS WHSL CLUB HLDGS INC-2022.PDF,19,0.0385138192628903,1,0.0385138192628903,0.0385138192628903,0.0385138192628903,0.0385138192628903,4,0,
BJ,BJ-BJS WHSL CLUB HLDGS INC-2022.PDF,20,0.0,0,0.0,0.0,0.0,0.0,0,0,
BJ,BJ-BJS WHSL CLUB HLDGS INC-2022.PDF,24,0.0,0,0.0,0.0,0.0,0.0,0,0,
BJ,BJ-BJS WHSL CLUB HLDGS INC-2022.PDF,25,0.5732729017532939,1,0.5732729017532939,0.5732729017532939,0.5732729017532939,0.5732729017532939,37,0,
BJ,BJ-BJS WHSL CLUB HLDGS INC-2022.PDF,26,0.6019789397240378,1,0.6019789397240378,0.6019789397240378,0.6019789397240378,0.6019789397240378,44,0,
CASY,CASY-CASEYS GENERAL STORES INC-2021.pdf,2,0.0,0,0.0,0.0,0.0,0.0,0,0,
CASY,CASY-CASEYS GENERAL STORES INC-2021.pdf,3,0.0,0,0.0,0.0,0.0,0.0,0,0,
CASY,CASY-CASEYS GENERAL STORES INC-2021.pdf,11,0.0,0,0.0,0.0,0.0,0.0,0,0,
CASY,CASY-CASEYS GENERAL STORES INC-2021.pdf,12,0.0,0,0.0,0.0,0.0,0.0,0,0,
CASY,CASY-CASEYS GENERAL STORES INC-2021.pdf,14,0.0,0,0.0,0.0,0.0,0.0,0,0,
CASY,CASY-CASEYS GENERAL STORES INC-2021.pdf,15,0.0,0,0.0,0.0,0.0,0.0,0,0,
CASY,CASY-CASEYS GENERAL STORES INC-2021.pdf,16,0.0,0,0.0,0.0,0.0,0.0,0,0,
CASY,CASY-CASEYS GENERAL STORES INC-2021.pdf,19,0.0,0,0.0,0.0,0.0,0.0,0,0,
CASY,CASY-CASEYS GENERAL STORES INC-2021.pdf,20,0.0,0,0.0,0.0,0.0,0.0,0,0,
CASY,CASY-CASEYS GENERAL STORES INC-2021.pdf,22,0.0,0,0.0,0.0,0.0,0.0,0,0,
CASY,CASY-CASEYS GENERAL STORES INC-2021.pdf,23,0.0,0,0.0,0.0,0.0,0.0,0,0,
CASY,CASY-CASEYS GENERAL STORES INC-2021.pdf,25,0.0,0,0.0,0.0,0.0,0.0,0,0,
CASY,CASY-CASEYS GENERAL STORES INC-2021.pdf,26,0.0,0,0.0,0.0,0.0,0.0,0,0,
CASY,CASY-CASEYS GENERAL STORES INC-2021.pdf,27,0.0,0,0.0,0.0,0.0,0.0,0,0,
CASY,CASY-CASEYS GENERAL STORES INC-2021.pdf,30,0.0,0,0.0,0.0,0.0,0.0,0,0,
CASY,CASY-CASEYS GENERAL STORES INC-2021.pdf,33,0.0,0,0.0,0.0,0.0,0.0,0,0,
CASY,CASY-CASEYS GENERAL STORES INC-2021.pdf,36,0.0,0,0.0,0.0,0.0,0.0,0,0,
CASY,CASY-CASEYS GENERAL STORES INC-2021.pdf,37,0.0,0,0.0,0.0,0.0,0.0,0,0,
CASY,CASY-CASEYS GENERAL STORES INC-2023.pdf,5,0.1064851125635439,1,0.1064851125635439,0.1064851125635439,0.1064851125635439,0.1064851125635439,2,0,
CASY,CASY-CASEYS GENERAL STORES INC-2023.pdf,8,0.082436974789916,2,0.082436974789916,0.082436974789916,0.082436974789916,0.0447805788982259,3,0,
CASY,CASY-CASEYS GENERAL STORES INC-2023.pdf,16,0.1672694262890341,1,0.1672694262890341,0.1672694262890341,0.1672694262890341,0.1672694262890341,3,0,
CASY,CASY-CASEYS GENERAL STORES INC-2023.pdf,17,0.0,0,0.0,0.0,0.0,0.0,0,0,
CASY,CASY-CASEYS GENERAL STORES INC-2023.pdf,18,0.0,0,0.0,0.0,0.0,0.0,0,0,
CASY,CASY-CASEYS GENERAL STORES INC-2023.pdf,19,0.0788592615286855,1,0.0788592615286855,0.0788592615286855,0.0788592615286855,0.0788592615286855,4,0,
CASY,CASY-CASEYS GENERAL STORES INC-2023.pdf,22,0.0426178804855275,1,0.0426178804855275,0.0426178804855275,0.0426178804855275,0.0426178804855275,3,0,
CASY,CASY-CASEYS GENERAL STORES INC-2023.pdf,24,0.2213585434173669,1,0.2213585434173669,0.2213585434173669,0.2213585434173669,0.2213585434173669,3,0,
CASY,CASY-CASEYS GENERAL STORES INC-2023.pdf,28,0.0,0,0.0,0.0,0.0,0.0,0,0,
CASY,CASY-CASEYS GENERAL STORES INC-2023.pdf,31,0.1097056636993917,1,0.1097056636993917,0.1097056636993917,0.1097056636993917,0.1097056636993917,2,0,
CASY,CASY-CASEYS GENERAL STORES INC-2023.pdf,34,0.0,0,0.0,0.0,0.0,0.0,0,0,
CASY,CASY-CASEYS GENERAL STORES INC-2023.pdf,37,0.196258509497549,1,0.196258509497549,0.196258509497549,0.196258509497549,0.196258509497549,7,0,
CASY,CASY-CASEYS GENERAL STORES INC-2023.pdf,38,0.2269727600762527,2,0.2269727600762527,0.2269727600762527,0.2269727600762527,0.1442809967968669,4,0,
CASY,CASY-CASEYS GENERAL STORES INC-2023.pdf,39,0.310245227720718,1,0.310245227720718,0.310245227720718,0.310245227720718,0.310245227720718,2,0,
CASY,CASY-CASEYS GENERAL STORES INC-2023.pdf,43,0.0612865264161219,3,0.0612865264161219,0.0612865264161219,0.0612865264161219,0.0321704112200435,5,0,
CASY,CASY-CASEYS GENERAL STORES INC-2023.pdf,45,0.0182551755684913,2,0.0182551755684913,0.0182551755684913,0.0182551755684913,0.0096064461635348,3,0,
CASY,CASY-CASEYS GENERAL STORES INC-2023.pdf,46,0.0,0,0.0,0.0,0.0,0.0,0,0,
CASY,CASY-CASEYS GENERAL STORES INC-2023.pdf,54,0.1821351501711796,2,0.1821351501711796,0.1821351501711796,0.1821351501711796,0.1058512293806411,6,0,
CASY,CASY-CASEYS GENERAL STORES INC-2023.pdf,55,0.4648796394367934,3,0.4648796394367934,0.4648796394367934,0.4648796394367934,0.2197399705947194,17,0,
CASY,CASY-CASEYS GENERAL STORES INC-2025.pdf,7,0.2794094274493634,1,0.2794094274493634,0.2794094274493634,0.2794094274493634,0.2794094274493634,10,0,
CASY,CASY-CASEYS GENERAL STORES INC-2025.pdf,9,0.4605866744357253,1,0.4605866744357253,0.4605866744357253,0.4605866744357253,0.4605866744357253,9,0,
CASY,CASY-CASEYS GENERAL STORES INC-2025.pdf,10,0.001828037868182,3,0.001828037868182,0.001828037868182,0.001828037868182,0.0009090094959396,7,0,
CASY,CASY-CASEYS GENERAL STORES INC-2025.pdf,15,0.0106872364969135,1,0.0106872364969135,0.0106872364969135,0.0106872364969135,0.0106872364969135,4,0,
CASY,CASY-CASEYS GENERAL STORES INC-2025.pdf,16,0.5277773532908276,14,0.5277773532908276,0.5277773532908276,0.5277773532908276,0.4870337457114905,204,0,
CASY,CASY-CASEYS GENERAL STORES INC-2025.pdf,18,0.0,0,0.0,0.0,0.0,0.0,0,0,
CASY,CASY-CASEYS GENERAL STORES INC-2025.pdf,19,0.0224092463480862,1,0.0224092463480862,0.0224092463480862,0.0224092463480862,0.0224092463480862,5,0,
CASY,CASY-CASEYS GENERAL STORES INC-2025.pdf,22,0.0,0,0.0,0.0,0.0,0.0,0,0,
CASY,CASY-CASEYS GENERAL STORES INC-2025.pdf,24,0.0,0,0.0,0.0,0.0,0.0,0,0,
CASY,CASY-CASEYS GENERAL STORES INC-2025.pdf,25,0.0608660950495589,11,0.0608660950495589,0.0608660950495589,0.0608660950495589,0.0319316808359022,20,0,
CASY,CASY-CASEYS GENERAL STORES INC-2025.pdf,28,0.0,0,0.0,0.0,0.0,0.0,0,0,
CASY,CASY-CASEYS GENERAL STORES INC-2025.pdf,31,0.0228351526403742,1,0.0228351526403742,0.0228351526403742,0.0228351526403742,0.0228351526403742,5,0,
CASY,CASY-CASEYS GENERAL STORES INC-2025.pdf,32,0.0,0,0.0,0.0,0.0,0.0,0,0,
CASY,CASY-CASEYS GENERAL STORES INC-2025.pdf,34,0.0228351526403742,1,0.0228351526403742,0.0228351526403742,0.0228351526403742,0.0228351526403742,6,0,
CASY,CASY-CASEYS GENERAL STORES INC-2025.pdf,38,0.0,0,0.0,0.0,0.0,0.0,0,0,
CASY,CASY-CASEYS GENERAL STORES INC-2025.pdf,39,0.0,0,0.0,0.0,0.0,0.0,0,0,
CASY,CASY-CASEYS GENERAL STORES INC-2025.pdf,42,0.0,0,0.0,0.0,0.0,0.0,0,0,
CASY,CASY-CASEYS GENERAL STORES INC-2025.pdf,43,0.0,0,0.0,0.0,0.0,0.0,0,0,
CASY,CASY-CASEYS GENERAL STORES INC-2025.pdf,44,0.0213822864350163,1,0.0213822864350163,0.0213822864350163,0.0213822864350163,0.0213822864350163,5,0,
CASY,CASY-CASEYS GENERAL STORES INC-2025.pdf,45,0.0,0,0.0,0.0,0.0,0.0,0,0,
CASY,CASY-CASEYS GENERAL STORES INC-2025.pdf,54,0.5679819505769387,1,0.5679819505769387,0.5679819505769387,0.5679819505769387,0.5679819505769387,72,0,
CASY,CASY-CASEYS GENERAL STORES INC-2025.pdf,64,0.4067969496764499,1,0.4067969496764499,0.4067969496764499,0.4067969496764499,0.4067969496764499,26,0,
COLM,COLM-COLUMBIA SPORTSWEAR CO-2022.pdf,8,0.0,0,0.0,0.0,0.0,0.0,0,0,
COLM,COLM-COLUMBIA SPORTSWEAR CO-2022.pdf,11,0.0,0,0.0,0.0,0.0,0.0,0,0,
COLM,COLM-COLUMBIA SPORTSWEAR CO-2022.pdf,15,0.0,0,0.0,0.0,0.0,0.0,0,0,
COLM,COLM-COLUMBIA SPORTSWEAR CO-2022.pdf,17,0.0,0,0.0,0.0,0.0,0.0,0,0,
COLM,COLM-COLUMBIA SPORTSWEAR CO-2022.pdf,18,0.0,0,0.0,0.0,0.0,0.0,0,0,
COLM,COLM-COLUMBIA SPORTSWEAR CO-2022.pdf,21,0.0,0,0.0,0.0,0.0,0.0,0,0,
COLM,COLM-COLUMBIA SPORTSWEAR CO-2022.pdf,23,0.0,0,0.0,0.0,0.0,0.0,0,0,
COLM,COLM-COLUMBIA SPORTSWEAR CO-2022.pdf,24,0.0,0,0.0,0.0,0.0,0.0,0,0,
COLM,COLM-COLUMBIA SPORTSWEAR CO-2022.pdf,25,0.0,0,0.0,0.0,0.0,0.0,0,0,
COLM,COLM-COLUMBIA SPORTSWEAR CO-2022.pdf,28,0.0629050295025418,1,0.0629050295025418,0.0629050295025418,0.0629050295025418,0.0629050295025418,12,0,
COLM,COLM-COLUMBIA SPORTSWEAR CO-2022.pdf,29,0.0,0,0.0,0.0,0.0,0.0,0,0,
COLM,COLM-COLUMBIA SPORTSWEAR CO-2022.pdf,33,0.0825389060565548,5,0.0825389060565548,0.0825389060565548,0.0825389060565548,0.0176729489136575,2,0,
COLM,COLM-COLUMBIA SPORTSWEAR CO-2022.pdf,36,0.0,0,0.0,0.0,0.0,0.0,0,0,
COLM,COLM-COLUMBIA SPORTSWEAR CO-2022.pdf,39,0.0,0,0.0,0.0,0.0,0.0,0,0,
COLM,COLM-COLUMBIA SPORTSWEAR CO-2022.pdf,40,0.0,0,0.0,0.0,0.0,0.0,0,0,
COLM,COLM-COLUMBIA SPORTSWEAR CO-2022.pdf,42,0.0141333411508879,1,0.0141333411508879,0.0141333411508879,0.0141333411508879,0.0141333411508879,4,0,
COLM,COLM-COLUMBIA SPORTSWEAR CO-2022.pdf,47,0.2175775922789991,1,0.2175775922789991,0.2175775922789991,0.2175775922789991,0.2175775922789991,5,0,
COLM,COLM-COLUMBIA SPORTSWEAR CO-2022.pdf,54,0.1955242869875223,1,0.1955242869875223,0.1955242869875223,0.1955242869875223,0.1955242869875223,2,0,
COLM,COLM-COLUMBIA SPORTSWEAR CO-2022.pdf,57,0.0,0,0.0,0.0,0.0,0.0,0,0,
COLM,COLM-COLUMBIA SPORTSWEAR CO-2022.pdf,58,0.1099465240641711,3,0.1099465240641711,0.1099465240641711,0.1099465240641711,0.0549732620320855,10,0,
COLM,COLM-COLUMBIA SPORTSWEAR CO-2022.pdf,61,0.2288707293832938,3,0.2288707293832938,0.2288707293832938,0.2288707293832938,0.089476492900822,3,0,
COLM,COLM-COLUMBIA SPORTSWEAR CO-2022.pdf,62,0.2157851341230936,3,0.2157851341230936,0.2157851341230936,0.2157851341230936,0.0740920343137254,3,0,
COST,COST-COSTCO WHOLESALE CORP-2021.pdf,3,0.0,0,0.0,0.0,0.0,0.0,0,0,
COST,COST-COSTCO WHOLESALE CORP-2021.pdf,6,0.4196358384461007,3,0.4196358384461007,0.4196358384461007,0.4196358384461007,0.1687576611555176,15,0,
CPNG,CPNG-Coupang-2024.pdf,4,0.0,0,0.0,0.0,0.0,0.0,0,0,
CPNG,CPNG-Coupang-2024.pdf,8,0.0,0,0.0,0.0,0.0,0.0,0,0,
CPNG,CPNG-Coupang-2024.pdf,10,0.0,0,0.0,0.0,0.0,0.0,0,0,
CPNG,CPNG-Coupang-2024.pdf,13,0.0,0,0.0,0.0,0.0,0.0,0,0,
CPNG,CPNG-Coupang-2024.pdf,15,0.0024783792403413,1,0.0024783792403413,0.0024783792403413,0.0024783792403413,0.0024783792403413,6,0,
CPNG,CPNG-Coupang-2024.pdf,16,0.0,0,0.0,0.0,0.0,0.0,0,0,
CPNG,CPNG-Coupang-2024.pdf,17,0.0,0,0.0,0.0,0.0,0.0,0,0,
CPNG,CPNG-Coupang-2024.pdf,19,0.0,0,0.0,0.0,0.0,0.0,0,0,
CPNG,CPNG-Coupang-2024.pdf,20,0.0,0,0.0,0.0,0.0,0.0,0,0,
CPNG,CPNG-Coupang-2024.pdf,22,0.0387680478626578,4,0.0387680478626578,0.0387680478626578,0.0387680478626578,0.0151480111083945,18,0,
CPNG,CPNG-Coupang-2024.pdf,23,0.0,0,0.0,0.0,0.0,0.0,0,0,
CRMT,CRMT-AMERICA'S CAR-MART INC-2023.pdf,11,0.0,0,0.0,0.0,0.0,0.0,0,0,
CRMT,CRMT-AMERICA'S CAR-MART INC-2023.pdf,15,0.0,0,0.0,0.0,0.0,0.0,0,0,
CRMT,CRMT-AMERICA'S CAR-MART INC-2023.pdf,22,0.0,0,0.0,0.0,0.0,0.0,0,0,
CRMT,CRMT-AMERICA'S CAR-MART INC-2023.pdf,30,0.0,0,0.0,0.0,0.0,0.0,0,0,
CROX,CROX-CROCS INC-2021.pdf,3,0.0112898395721925,1,0.0112898395721925,0.0112898395721925,0.0112898395721925,0.0112898395721925,2,0,
CROX,CROX-CROCS INC-2021.pdf,6,0.0123299376114081,1,0.0123299376114081,0.0123299376114081,0.0123299376114081,0.0123299376114081,2,0,
CROX,CROX-CROCS INC-2021.pdf,8,0.0168450534759358,2,0.0168450534759358,0.0168450534759358,0.0168450534759358,0.0123679144385026,2,0,
CROX,CROX-CROCS INC-2021.pdf,9,0.0056943850267379,2,0.0056943850267379,0.0056943850267379,0.0056943850267379,0.0042954545454545,2,0,
CROX,CROX-CROCS INC-2021.pdf,10,0.0138762034406565,2,0.0138762034406565,0.0138762034406565,0.0138762034406565,0.0113286098577688,2,0,
CROX,CROX-CROCS INC-2021.pdf,12,0.0033818181818181,2,0.0033818181818181,0.0033818181818181,0.0033818181818181,0.0025475935828877,2,0,
CROX,CROX-CROCS INC-2021.pdf,14,0.0,0,0.0,0.0,0.0,0.0,0,0,
CROX,CROX-CROCS INC-2021.pdf,17,0.0145451440879382,3,0.0145451440879382,0.0145451440879382,0.0145451440879382,0.0096727688651218,2,0,
CROX,CROX-CROCS INC-2021.pdf,19,0.0050220157170922,3,0.0050220157170922,0.0050220157170922,0.0050220157170922,0.0024926737967914,2,0,
CROX,CROX-CROCS INC-2021.pdf,20,0.0048595080213903,2,0.0048595080213903,0.0048595080213903,0.0048595080213903,0.0024926737967914,2,0,
CROX,CROX-CROCS INC-2021.pdf,22,0.0165416755793226,2,0.0165416755793226,0.0165416755793226,0.0165416755793226,0.0152427807486631,2,0,
CROX,CROX-CROCS INC-2021.pdf,23,0.0220280623679606,4,0.0220280623679606,0.0220280623679606,0.0220280623679606,0.01311280161088,5,0,
CROX,CROX-CROCS INC-2021.pdf,24,0.0062340909090909,2,0.0062340909090909,0.0062340909090909,0.0062340909090909,0.0033664438502673,2,0,
CROX,CROX-CROCS INC-2021.pdf,26,0.0176143232323232,1,0.0176143232323232,0.0176143232323232,0.0176143232323232,0.0176143232323232,5,0,
CROX,CROX-CROCS INC-2021.pdf,31,0.0127858597468764,1,0.0127858597468764,0.0127858597468764,0.0127858597468764,0.0127858597468764,2,0,
CROX,CROX-CROCS INC-2021.pdf,33,0.0071272727272727,1,0.0071272727272727,0.0071272727272727,0.0071272727272727,0.0071272727272727,2,0,
CROX,CROX-CROCS INC-2021.pdf,35,0.0,0,0.0,0.0,0.0,0.0,0,0,
CROX,CROX-CROCS INC-2021.pdf,37,0.0041765953654188,2,0.0041765953654188,0.0041765953654188,0.0041765953654188,0.0024926737967914,2,0,
CROX,CROX-CROCS INC-2021.pdf,38,0.010855614973262,1,0.010855614973262,0.010855614973262,0.010855614973262,0.010855614973262,2,0,
CROX,CROX-CROCS INC-2021.pdf,45,0.0099321764025054,1,0.0099321764025054,0.0099321764025054,0.0099321764025054,0.0099321764025054,2,0,
CROX,CROX-CROCS INC-2025.pdf,7,0.988907739360322,2,0.988907739360322,0.988907739360322,0.988907739360322,0.9871724845584232,13,0,
CROX,CROX-CROCS INC-2025.pdf,19,1.5109063821952669,2,1.5109063821952669,1.5109063821952669,1.5109063821952669,1.0007116768052913,5,0,
CROX,CROX-CROCS INC-2025.pdf,34,1.5867135563864776,3,1.5867135563864776,1.5867135563864776,1.5867135563864776,1.0007116768052913,5,0,
CVS,CVS-CVS HEALTH CORP-2023.pdf,4,0.0,0,0.0,0.0,0.0,0.0,0,0,
CVS,CVS-CVS HEALTH CORP-2023.pdf,5,0.0,0,0.0,0.0,0.0,0.0,0,0,
CVS,CVS-CVS HEALTH CORP-2023.pdf,9,0.0,0,0.0,0.0,0.0,0.0,0,0,
CVS,CVS-CVS HEALTH CORP-2023.pdf,10,0.0,0,0.0,0.0,0.0,0.0,0,0,
CVS,CVS-CVS HEALTH CORP-2023.pdf,12,0.0,0,0.0,0.0,0.0,0.0,0,0,
CVS,CVS-CVS HEALTH CORP-2023.pdf,14,0.0,0,0.0,0.0,0.0,0.0,0,0,
CVS,CVS-CVS HEALTH CORP-2023.pdf,17,0.0397779779497885,1,0.0397779779497885,0.0397779779497885,0.0397779779497885,0.0397779779497885,5,0,
CVS,CVS-CVS HEALTH CORP-2023.pdf,19,0.0,0,0.0,0.0,0.0,0.0,0,0,
CVS,CVS-CVS HEALTH CORP-2023.pdf,20,0.0,0,0.0,0.0,0.0,0.0,0,0,
CVS,CVS-CVS HEALTH CORP-2023.pdf,22,0.0,0,0.0,0.0,0.0,0.0,0,0,
CVS,CVS-CVS HEALTH CORP-2023.pdf,24,0.0,0,0.0,0.0,0.0,0.0,0,0,
CVS,CVS-CVS HEALTH CORP-2023.pdf,27,0.0,0,0.0,0.0,0.0,0.0,0,0,
CVS,CVS-CVS HEALTH CORP-2023.pdf,29,0.0,0,0.0,0.0,0.0,0.0,0,0,
CVS,CVS-CVS HEALTH CORP-2023.pdf,30,0.0,0,0.0,0.0,0.0,0.0,0,0,
CVS,CVS-CVS HEALTH CORP-2023.pdf,31,0.0,0,0.0,0.0,0.0,0.0,0,0,
CVS,CVS-CVS HEALTH CORP-2023.pdf,35,0.0790582108322458,1,0.0790582108322458,0.0790582108322458,0.0790582108322458,0.0790582108322458,2,0,
CVS,CVS-CVS HEALTH CORP-2023.pdf,36,0.0,0,0.0,0.0,0.0,0.0,0,0,
CVS,CVS-CVS HEALTH CORP-2023.pdf,37,0.0,0,0.0,0.0,0.0,0.0,0,0,
CVS,CVS-CVS HEALTH CORP-2023.pdf,39,0.0,0,0.0,0.0,0.0,0.0,0,0,
CVS,CVS-CVS HEALTH CORP-2023.pdf,40,0.0,0,0.0,0.0,0.0,0.0,0,0,
DELL,DELL-DELL TECHNOLOGIES INC-2023.pdf,4,0.0,0,0.0,0.0,0.0,0.0,0,0,
DELL,DELL-DELL TECHNOLOGIES INC-2023.pdf,6,0.0,0,0.0,0.0,0.0,0.0,0,0,
DELL,DELL-DELL TECHNOLOGIES INC-2023.pdf,7,0.0,0,0.0,0.0,0.0,0.0,0,0,
DELL,DELL-DELL TECHNOLOGIES INC-2023.pdf,10,0.8983333333333333,1,0.8983333333333333,0.0,0.8983333333333333,0.8983333333333333,4,0,
DELL,DELL-DELL TECHNOLOGIES INC-2023.pdf,11,0.5790295886265074,2,0.5790295886265074,0.5790295886265074,0.5790295886265074,0.5788888888888889,2,0,
DELL,DELL-DELL TECHNOLOGIES INC-2023.pdf,12,0.4148168241718846,4,0.4148168241718846,0.4148168241718846,0.4148168241718846,0.1489476800038459,11,0,
DELL,DELL-DELL TECHNOLOGIES INC-2023.pdf,13,0.0,0,0.0,0.0,0.0,0.0,0,0,
DELL,DELL-DELL TECHNOLOGIES INC-2023.pdf,14,0.0,0,0.0,0.0,0.0,0.0,0,0,
DELL,DELL-DELL TECHNOLOGIES INC-2023.pdf,15,0.0,0,0.0,0.0,0.0,0.0,0,0,
DELL,DELL-DELL TECHNOLOGIES INC-2023.pdf,16,0.0,0,0.0,0.0,0.0,0.0,0,0,
DELL,DELL-DELL TECHNOLOGIES INC-2023.pdf,17,0.0,0,0.0,0.0,0.0,0.0,0,0,
DELL,DELL-DELL TECHNOLOGIES INC-2023.pdf,18,0.0,0,0.0,0.0,0.0,0.0,0,0,
DELL,DELL-DELL TECHNOLOGIES INC-2023.pdf,20,0.0,0,0.0,0.0,0.0,0.0,0,0,
DELL,DELL-DELL TECHNOLOGIES INC-2023.pdf,21,0.0,0,0.0,0.0,0.0,0.0,0,0,
DELL,DELL-DELL TECHNOLOGIES INC-2023.pdf,22,0.0,0,0.0,0.0,0.0,0.0,0,0,
DELL,DELL-DELL TECHNOLOGIES INC-2023.pdf,23,0.5405427624247569,1,0.5405427624247569,0.5405427624247569,0.5405427624247569,0.5405427624247569,36,0,
DELL,DELL-DELL TECHNOLOGIES INC-2023.pdf,24,0.0,0,0.0,0.0,0.0,0.0,0,0,
DELL,DELL-DELL TECHNOLOGIES INC-2023.pdf,25,0.0,0,0.0,0.0,0.0,0.0,0,0,
DELL,DELL-DELL TECHNOLOGIES INC-2023.pdf,28,0.4317576718428498,1,0.4317576718428498,0.4317576718428498,0.4317576718428498,0.4317576718428498,32,0,
DELL,DELL-DELL TECHNOLOGIES INC-2023.pdf,29,0.3229142386563357,1,0.3229142386563357,0.3229142386563357,0.3229142386563357,0.3229142386563357,25,0,
DELL,DELL-DELL TECHNOLOGIES INC-2023.pdf,30,0.4465835215459962,1,0.4465835215459962,0.4465835215459962,0.4465835215459962,0.4465835215459962,29,0,
DELL,DELL-DELL TECHNOLOGIES INC-2023.pdf,31,0.6787346315318501,1,0.6787346315318501,0.6787346315318501,0.6787346315318501,0.6787346315318501,43,0,
DELL,DELL-DELL TECHNOLOGIES INC-2023.pdf,33,0.0,0,0.0,0.0,0.0,0.0,0,0,
DELL,DELL-DELL TECHNOLOGIES INC-2023.pdf,34,0.0,0,0.0,0.0,0.0,0.0,0,0,
DELL,DELL-DELL TECHNOLOGIES INC-2023.pdf,35,0.0,0,0.0,0.0,0.0,0.0,0,0,
DELL,DELL-DELL TECHNOLOGIES INC-2023.pdf,38,0.0,0,0.0,0.0,0.0,0.0,0,0,
DELL,DELL-DELL TECHNOLOGIES INC-2023.pdf,40,0.0009579933093245,1,0.0009579933093245,0.0009579933093245,0.0009579933093245,0.0009579933093245,4,0,
DELL,DELL-DELL TECHNOLOGIES INC-2023.pdf,41,0.9999999501953124,1,0.9999999501953124,0.9999999501953124,0.9999999501953124,0.9999999501953124,10,0,
DELL,DELL-DELL TECHNOLOGIES INC-2023.pdf,44,0.0,0,0.0,0.0,0.0,0.0,0,0,
DELL,DELL-DELL TECHNOLOGIES INC-2023.pdf,45,0.0,0,0.0,0.0,0.0,0.0,0,0,
DELL,DELL-DELL TECHNOLOGIES INC-2023.pdf,49,0.0,0,0.0,0.0,0.0,0.0,0,0,
DELL,DELL-DELL TECHNOLOGIES INC-2023.pdf,51,0.0,0,0.0,0.0,0.0,0.0,0,0,
DELL,DELL-DELL TECHNOLOGIES INC-2023.pdf,52,0.0,0,0.0,0.0,0.0,0.0,0,0,
DELL,DELL-DELL TECHNOLOGIES INC-2023.pdf,53,0.5707966778844092,1,0.5707966778844092,0.5707966778844092,0.5707966778844092,0.5707966778844092,2,0,
DELL,DELL-DELL TECHNOLOGIES INC-2023.pdf,54,0.0,0,0.0,0.0,0.0,0.0,0,0,
DELL,DELL-DELL TECHNOLOGIES INC-2023.pdf,56,0.0,0,0.0,0.0,0.0,0.0,0,0,
DELL,DELL-DELL TECHNOLOGIES INC-2023.pdf,58,0.0,0,0.0,0.0,0.0,0.0,0,0,
DELL,DELL-DELL TECHNOLOGIES INC-2023.pdf,61,0.0,0,0.0,0.0,0.0,0.0,0,0,
DELL,DELL-DELL TECHNOLOGIES INC-2023.pdf,63,0.0,0,0.0,0.0,0.0,0.0,0,0,
DELL,DELL-DELL TECHNOLOGIES INC-2023.pdf,64,0.0589087104908828,1,0.0589087104908828,0.0589087104908828,0.0589087104908828,0.0589087104908828,2,0,
DELL,DELL-DELL TECHNOLOGIES INC-2023.pdf,65,0.0044648487489058,1,0.0044648487489058,0.0044648487489058,0.0044648487489058,0.0044648487489058,2,0,
DELL,DELL-DELL TECHNOLOGIES INC-2023.pdf,68,0.0090112413380824,2,0.0090112413380824,0.0090112413380824,0.0090112413380824,0.0045463925891766,2,0,
DELL,DELL-DELL TECHNOLOGIES INC-2023.pdf,69,0.0,0,0.0,0.0,0.0,0.0,0,0,
DELL,DELL-DELL TECHNOLOGIES INC-2023.pdf,71,0.0,0,0.0,0.0,0.0,0.0,0,0,
DELL,DELL-DELL TECHNOLOGIES INC-2023.pdf,72,0.0,0,0.0,0.0,0.0,0.0,0,0,
DELL,DELL-DELL TECHNOLOGIES INC-2023.pdf,73,0.0,0,0.0,0.0,0.0,0.0,0,0,
DELL,DELL-DELL TECHNOLOGIES INC-2023.pdf,75,0.0,0,0.0,0.0,0.0,0.0,0,0,
DELL,DELL-DELL TECHNOLOGIES INC-2023.pdf,76,0.0,0,0.0,0.0,0.0,0.0,0,0,
DELL,DELL-DELL TECHNOLOGIES INC-2023.pdf,77,0.0,0,0.0,0.0,0.0,0.0,0,0,
DELL,DELL-DELL TECHNOLOGIES INC-2023.pdf,78,0.0,0,0.0,0.0,0.0,0.0,0,0,
DELL,DELL-DELL TECHNOLOGIES INC-2023.pdf,80,0.0,0,0.0,0.0,0.0,0.0,0,0,
DELL,DELL-DELL TECHNOLOGIES INC-2023.pdf,81,0.0,0,0.0,0.0,0.0,0.0,0,0,
DELL,DELL-DELL TECHNOLOGIES INC-2023.pdf,82,0.0,0,0.0,0.0,0.0,0.0,0,0,
DELL,DELL-DELL TECHNOLOGIES INC-2023.pdf,83,0.0,0,0.0,0.0,0.0,0.0,0,0,
DELL,DELL-DELL TECHNOLOGIES INC-2023.pdf,84,0.0,0,0.0,0.0,0.0,0.0,0,0,
DELL,DELL-DELL TECHNOLOGIES INC-2023.pdf,85,0.0,0,0.0,0.0,0.0,0.0,0,0,
DELL,DELL-DELL TECHNOLOGIES INC-2023.pdf,92,0.6416145833333333,1,0.6416145833333333,0.6416145833333333,0.6416145833333333,0.6416145833333333,2,0,
DELL,DELL-DELL TECHNOLOGIES INC-2023.pdf,94,0.0,0,0.0,0.0,0.0,0.0,0,0,
DELL,DELL-DELL TECHNOLOGIES INC-2023.pdf,95,0.0,0,0.0,0.0,0.0,0.0,0,0,
DELL,DELL-DELL TECHNOLOGIES INC-2023.pdf,97,0.0,0,0.0,0.0,0.0,0.0,0,0,
DELL,DELL-DELL TECHNOLOGIES INC-2023.pdf,100,0.0,0,0.0,0.0,0.0,0.0,0,0,
DELL,DELL-DELL TECHNOLOGIES INC-2023.pdf,103,0.0,0,0.0,0.0,0.0,0.0,0,0,
DELL,DELL-DELL TECHNOLOGIES INC-2023.pdf,104,0.0,0,0.0,0.0,0.0,0.0,0,0,
DELL,DELL-DELL TECHNOLOGIES INC-2023.pdf,106,0.0,0,0.0,0.0,0.0,0.0,0,0,
DELL,DELL-DELL TECHNOLOGIES INC-2023.pdf,107,0.0,0,0.0,0.0,0.0,0.0,0,0,
DELL,DELL-DELL TECHNOLOGIES INC-2023.pdf,109,0.0,0,0.0,0.0,0.0,0.0,0,0,
DELL,DELL-DELL TECHNOLOGIES INC-2023.pdf,110,0.0,0,0.0,0.0,0.0,0.0,0,0,
DELL,DELL-DELL TECHNOLOGIES INC-2023.pdf,112,0.0,0,0.0,0.0,0.0,0.0,0,0,
DELL,DELL-DELL TECHNOLOGIES INC-2023.pdf,115,0.0,0,0.0,0.0,0.0,0.0,0,0,
DELL,DELL-DELL TECHNOLOGIES INC-2023.pdf,116,0.0,0,0.0,0.0,0.0,0.0,0,0,
DELL,DELL-DELL TECHNOLOGIES INC-2023.pdf,117,0.0,0,0.0,0.0,0.0,0.0,0,0,
DELL,DELL-DELL TECHNOLOGIES INC-2023.pdf,119,0.0,0,0.0,0.0,0.0,0.0,0,0,
DELL,DELL-DELL TECHNOLOGIES INC-2023.pdf,124,0.6395330651470336,1,0.6395330651470336,0.6395330651470336,0.6395330651470336,0.6395330651470336,58,0,
DELL,DELL-DELL TECHNOLOGIES INC-2023.pdf,125,0.5994040825402949,1,0.5994040825402949,0.5994040825402949,0.5994040825402949,0.5994040825402949,49,0,
DELL,DELL-DELL TECHNOLOGIES INC-2023.pdf,126,0.6113343206125685,1,0.6113343206125685,0.6113343206125685,0.6113343206125685,0.6113343206125685,64,0,
DELL,DELL-DELL TECHNOLOGIES INC-2023.pdf,131,0.6102497535150891,1,0.6102497535150891,0.6102497535150891,0.6102497535150891,0.6102497535150891,44,0,
DELL,DELL-DELL TECHNOLOGIES INC-2023.pdf,133,0.6720700780714163,1,0.6720700780714163,0.6720700780714163,0.6720700780714163,0.6720700780714163,70,0,
DELL,DELL-DELL TECHNOLOGIES INC-2023.pdf,142,0.4399773467208229,1,0.4399773467208229,0.4399773467208229,0.4399773467208229,0.4399773467208229,20,0,
DELL,DELL-DELL TECHNOLOGIES INC-2023.pdf,143,0.3293468735326111,1,0.3293468735326111,0.3293468735326111,0.3293468735326111,0.3293468735326111,13,0,
DELL,DELL-DELL TECHNOLOGIES INC-2023.pdf,144,0.3658606271305539,2,0.3658606271305539,0.3658606271305539,0.3658606271305539,0.2013679542224271,9,0,
DELL,DELL-DELL TECHNOLOGIES INC-2023.pdf,145,0.3293468735326111,1,0.3293468735326111,0.3293468735326111,0.3293468735326111,0.3293468735326111,14,0,
DELL,DELL-DELL TECHNOLOGIES INC-2023.pdf,146,0.4374420626500343,2,0.4374420626500343,0.4374420626500343,0.4374420626500343,0.3271777410729595,11,0,
DELL,DELL-DELL TECHNOLOGIES INC-2023.pdf,147,0.0,0,0.0,0.0,0.0,0.0,0,0,
DELL,DELL-DELL TECHNOLOGIES INC-2023.pdf,148,0.0,0,0.0,0.0,0.0,0.0,0,0,
DELL,DELL-DELL TECHNOLOGIES INC-2023.pdf,149,0.0,0,0.0,0.0,0.0,0.0,0,0,
DELL,DELL-DELL TECHNOLOGIES INC-2023.pdf,150,0.0,0,0.0,0.0,0.0,0.0,0,0,
DELL,DELL-DELL TECHNOLOGIES INC-2023.pdf,151,0.0,0,0.0,0.0,0.0,0.0,0,0,
DELL,DELL-DELL TECHNOLOGIES INC-2023.pdf,152,0.0,0,0.0,0.0,0.0,0.0,0,0,
DELL,DELL-DELL TECHNOLOGIES INC-2023.pdf,153,0.0,0,0.0,0.0,0.0,0.0,0,0,
DELL,DELL-DELL TECHNOLOGIES INC-2023.pdf,154,0.0,0,0.0,0.0,0.0,0.0,0,0,
EYE,EYE-NATIONAL VISION HOLDINGS INC-2023.pdf,4,0.0,0,0.0,0.0,0.0,0.0,0,0,
EYE,EYE-NATIONAL VISION HOLDINGS INC-2023.pdf,5,0.0,0,0.0,0.0,0.0,0.0,0,0,
EYE,EYE-NATIONAL VISION HOLDINGS INC-2023.pdf,6,1.000083453864294,2,8.345386429398168e-05,8.345386429398168e-05,8.345386429398168e-05,1.0,2,1,
EYE,EYE-NATIONAL VISION HOLDINGS INC-2023.pdf,9,0.0,0,0.0,0.0,0.0,0.0,0,0,
EYE,EYE-NATIONAL VISION HOLDINGS INC-2023.pdf,15,0.0,0,0.0,0.0,0.0,0.0,0,0,
EYE,EYE-NATIONAL VISION HOLDINGS INC-2023.pdf,16,0.0,0,0.0,0.0,0.0,0.0,0,0,
EYE,EYE-NATIONAL VISION HOLDINGS INC-2023.pdf,17,0.0,0,0.0,0.0,0.0,0.0,0,0,
EYE,EYE-NATIONAL VISION HOLDINGS INC-2023.pdf,18,0.0,0,0.0,0.0,0.0,0.0,0,0,
EYE,EYE-NATIONAL VISION HOLDINGS INC-2023.pdf,19,0.0,0,0.0,0.0,0.0,0.0,0,0,
EYE,EYE-NATIONAL VISION HOLDINGS INC-2023.pdf,20,0.0,0,0.0,0.0,0.0,0.0,0,0,
EYE,EYE-NATIONAL VISION HOLDINGS INC-2023.pdf,22,0.0,0,0.0,0.0,0.0,0.0,0,0,
EYE,EYE-NATIONAL VISION HOLDINGS INC-2023.pdf,23,0.0,0,0.0,0.0,0.0,0.0,0,0,
EYE,EYE-NATIONAL VISION HOLDINGS INC-2023.pdf,28,0.0,0,0.0,0.0,0.0,0.0,0,0,
EYE,EYE-NATIONAL VISION HOLDINGS INC-2023.pdf,29,0.0,0,0.0,0.0,0.0,0.0,0,0,
EYE,EYE-NATIONAL VISION HOLDINGS INC-2023.pdf,30,0.0,0,0.0,0.0,0.0,0.0,0,0,
EYE,EYE-NATIONAL VISION HOLDINGS INC-2023.pdf,32,0.0,0,0.0,0.0,0.0,0.0,0,0,
EYE,EYE-NATIONAL VISION HOLDINGS INC-2023.pdf,33,0.0,0,0.0,0.0,0.0,0.0,0,0,
EYE,EYE-NATIONAL VISION HOLDINGS INC-2023.pdf,34,0.0,0,0.0,0.0,0.0,0.0,0,0,
EYE,EYE-NATIONAL VISION HOLDINGS INC-2023.pdf,36,0.0,0,0.0,0.0,0.0,0.0,0,0,
EYE,EYE-NATIONAL VISION HOLDINGS INC-2023.pdf,39,0.0,0,0.0,0.0,0.0,0.0,0,0,
EYE,EYE-NATIONAL VISION HOLDINGS INC-2023.pdf,42,0.0,0,0.0,0.0,0.0,0.0,0,0,
EYE,EYE-NATIONAL VISION HOLDINGS INC-2023.pdf,43,0.0,0,0.0,0.0,0.0,0.0,0,0,
EYE,EYE-NATIONAL VISION HOLDINGS INC-2023.pdf,44,0.0,0,0.0,0.0,0.0,0.0,0,0,
EYE,EYE-NATIONAL VISION HOLDINGS INC-2023.pdf,45,0.0,0,0.0,0.0,0.0,0.0,0,0,
EYE,EYE-NATIONAL VISION HOLDINGS INC-2023.pdf,48,0.0,0,0.0,0.0,0.0,0.0,0,0,
EYE,EYE-NATIONAL VISION HOLDINGS INC-2023.pdf,51,0.0,0,0.0,0.0,0.0,0.0,0,0,
EYE,EYE-NATIONAL VISION HOLDINGS INC-2023.pdf,52,0.0,0,0.0,0.0,0.0,0.0,0,0,
EYE,EYE-NATIONAL VISION HOLDINGS INC-2023.pdf,54,0.0,0,0.0,0.0,0.0,0.0,0,0,
EYE,EYE-NATIONAL VISION HOLDINGS INC-2023.pdf,55,0.0,0,0.0,0.0,0.0,0.0,0,0,
EYE,EYE-NATIONAL VISION HOLDINGS INC-2023.pdf,57,0.3060078799939477,1,0.3060078799939477,0.3060078799939477,0.3060078799939477,0.3060078799939477,7,0,
EYE,EYE-NATIONAL VISION HOLDINGS INC-2023.pdf,58,0.5321798165353506,1,0.5321798165353506,0.5321798165353506,0.5321798165353506,0.5321798165353506,14,0,
EYE,EYE-NATIONAL VISION HOLDINGS INC-2023.pdf,62,0.2647812098524305,1,0.2647812098524305,0.2647812098524305,0.2647812098524305,0.2647812098524305,28,0,
EYE,EYE-NATIONAL VISION HOLDINGS INC-2023.pdf,63,0.3358267685715662,1,0.3358267685715662,0.3358267685715662,0.3358267685715662,0.3358267685715662,32,0,
EYE,EYE-NATIONAL VISION HOLDINGS INC-2023.pdf,64,0.4325011932146991,1,0.4325011932146991,0.4325011932146991,0.4325011932146991,0.4325011932146991,50,0,
EYE,EYE-NATIONAL VISION HOLDINGS INC-2023.pdf,66,0.4994699046633873,1,0.4994699046633873,0.4994699046633873,0.4994699046633873,0.4994699046633873,51,0,
EYE,EYE-NATIONAL VISION HOLDINGS INC-2023.pdf,67,0.4856745272231868,1,0.4856745272231868,0.4856745272231868,0.4856745272231868,0.4856745272231868,48,0,
EYE,EYE-NATIONAL VISION HOLDINGS INC-2023.pdf,68,0.5143229828800154,1,0.5143229828800154,0.5143229828800154,0.5143229828800154,0.5143229828800154,55,0,
EYE,EYE-NATIONAL VISION HOLDINGS INC-2023.pdf,69,0.3986825166286516,1,0.3986825166286516,0.3986825166286516,0.3986825166286516,0.3986825166286516,12,0,
EYE,EYE-NATIONAL VISION HOLDINGS INC-2023.pdf,70,0.2942935575967785,1,0.2942935575967785,0.2942935575967785,0.2942935575967785,0.2942935575967785,12,0,
FIVE,FIVE-FIVE BELOW INC-2021.pdf,6,0.0,0,0.0,0.0,0.0,0.0,0,0,
FIVE,FIVE-FIVE BELOW INC-2021.pdf,7,0.2955082190617284,1,0.2955082190617284,0.2955082190617284,0.2955082190617284,0.2955082190617284,52,0,
FIVE,FIVE-FIVE BELOW INC-2023.pdf,6,0.0,0,0.0,0.0,0.0,0.0,0,0,
FIVE,FIVE-FIVE BELOW INC-2025.pdf,5,0.0,0,0.0,0.0,0.0,0.0,0,0,
FIVE,FIVE-FIVE BELOW INC-2025.pdf,8,1.6178757064429012,2,0.6178757064429012,0.6178757064429012,0.6178757064429012,1.0,2,1,
FL,FL-FOOT LOCKER INC-2022.pdf,3,0.0002626549760128,1,0.0002626549760128,0.0002626549760128,0.0002626549760128,0.0002626549760128,4,0,
FL,FL-FOOT LOCKER INC-2022.pdf,5,0.0,0,0.0,0.0,0.0,0.0,0,0,
FL,FL-FOOT LOCKER INC-2022.pdf,8,0.0,0,0.0,0.0,0.0,0.0,0,0,
FL,FL-FOOT LOCKER INC-2022.pdf,9,0.0,0,0.0,0.0,0.0,0.0,0,0,
FL,FL-FOOT LOCKER INC-2022.pdf,10,0.0,0,0.0,0.0,0.0,0.0,0,0,
FL,FL-FOOT LOCKER INC-2022.pdf,12,0.5131183155080213,1,0.5131183155080213,0.5131183155080213,0.5131183155080213,0.5131183155080213,3,0,
FL,FL-FOOT LOCKER INC-2022.pdf,14,0.0,0,0.0,0.0,0.0,0.0,0,0,
FL,FL-FOOT LOCKER INC-2022.pdf,15,0.5443043323996266,2,0.5443043323996266,0.5443043323996266,0.5443043323996266,0.5188836898395722,3,0,
FL,FL-FOOT LOCKER INC-2022.pdf,18,0.0,0,0.0,0.0,0.0,0.0,0,0,
FL,FL-FOOT LOCKER INC-2022.pdf,19,0.3516878342245989,1,0.3516878342245989,0.3516878342245989,0.3516878342245989,0.3516878342245989,3,0,
FL,FL-FOOT LOCKER INC-2022.pdf,23,0.5131183155080213,1,0.5131183155080213,0.5131183155080213,0.5131183155080213,0.5131183155080213,3,0,
FL,FL-FOOT LOCKER INC-2022.pdf,24,0.0,0,0.0,0.0,0.0,0.0,0,0,
FL,FL-FOOT LOCKER INC-2022.pdf,25,0.0,0,0.0,0.0,0.0,0.0,0,0,
FL,FL-FOOT LOCKER INC-2022.pdf,26,0.0,0,0.0,0.0,0.0,0.0,0,0,
FL,FL-FOOT LOCKER INC-2022.pdf,29,0.0,0,0.0,0.0,0.0,0.0,0,0,
FL,FL-FOOT LOCKER INC-2022.pdf,33,0.0,0,0.0,0.0,0.0,0.0,0,0,
FL,FL-FOOT LOCKER INC-2022.pdf,38,0.5131183155080213,1,0.5131183155080213,0.5131183155080213,0.5131183155080213,0.5131183155080213,3,0,
FL,FL-FOOT LOCKER INC-2022.pdf,44,0.0,0,0.0,0.0,0.0,0.0,0,0,
FL,FL-FOOT LOCKER INC-2022.pdf,45,0.0,0,0.0,0.0,0.0,0.0,0,0,
FL,FL-FOOT LOCKER INC-2022.pdf,46,0.0,0,0.0,0.0,0.0,0.0,0,0,
FL,FL-FOOT LOCKER INC-2022.pdf,48,0.0,0,0.0,0.0,0.0,0.0,0,0,
FL,FL-FOOT LOCKER INC-2022.pdf,50,0.0,0,0.0,0.0,0.0,0.0,0,0,
FL,FL-FOOT LOCKER INC-2022.pdf,51,0.0,0,0.0,0.0,0.0,0.0,0,0,
FL,FL-FOOT LOCKER INC-2022.pdf,52,0.0,0,0.0,0.0,0.0,0.0,0,0,
FOSL,FOSL-FOSSIL GROUP INC-2021.pdf,3,0.0,0,0.0,0.0,0.0,0.0,0,0,
FOSL,FOSL-FOSSIL GROUP INC-2021.pdf,6,0.3148977272727272,1,0.3148977272727272,0.3148977272727272,0.3148977272727272,0.3148977272727272,2,0,
FOSL,FOSL-FOSSIL GROUP INC-2021.pdf,19,0.1958088476988017,1,0.1958088476988017,0.1958088476988017,0.1958088476988017,0.1958088476988017,2,0,
FOSL,FOSL-FOSSIL GROUP INC-2021.pdf,28,0.0,0,0.0,0.0,0.0,0.0,0,0,
FOSL,FOSL-FOSSIL GROUP INC-2021.pdf,32,0.0,0,0.0,0.0,0.0,0.0,0,0,
FOSL,FOSL-FOSSIL GROUP INC-2021.pdf,33,0.0,0,0.0,0.0,0.0,0.0,0,0,
FOSL,FOSL-FOSSIL GROUP INC-2021.pdf,35,0.0,0,0.0,0.0,0.0,0.0,0,0,
FOSL,FOSL-FOSSIL GROUP INC-2021.pdf,38,0.3920073923982471,1,0.3920073923982471,0.3920073923982471,0.3920073923982471,0.3920073923982471,2,0,
FOSL,FOSL-FOSSIL GROUP INC-2021.pdf,45,0.0,0,0.0,0.0,0.0,0.0,0,0,
FOSL,FOSL-FOSSIL GROUP INC-2021.pdf,46,0.0,0,0.0,0.0,0.0,0.0,0,0,
FOSL,FOSL-FOSSIL GROUP INC-2021.pdf,52,0.0,0,0.0,0.0,0.0,0.0,0,0,
FOSL,FOSL-FOSSIL GROUP INC-2021.pdf,67,0.4466243315508021,1,0.4466243315508021,0.4466243315508021,0.4466243315508021,0.4466243315508021,4,0,
FOSL,FOSL-FOSSIL GROUP INC-2021.pdf,69,0.0,0,0.0,0.0,0.0,0.0,0,0,
FOSL,FOSL-FOSSIL GROUP INC-2021.pdf,73,0.0,0,0.0,0.0,0.0,0.0,0,0,
FOSL,FOSL-FOSSIL GROUP INC-2021.pdf,91,0.0,0,0.0,0.0,0.0,0.0,0,0,
FOSL,FOSL-FOSSIL GROUP INC-2021.pdf,92,0.0,0,0.0,0.0,0.0,0.0,0,0,
FOSL,FOSL-FOSSIL GROUP INC-2021.pdf,93,0.0,0,0.0,0.0,0.0,0.0,0,0,
FOSL,FOSL-FOSSIL GROUP INC-2023.pdf,3,1.435563275298782,3,0.4337019242326844,0.4337019242326844,0.4337019242326844,1.001861351066098,4,1,
FOSL,FOSL-FOSSIL GROUP INC-2023.pdf,7,1.8492186808376545,3,0.8473573297715566,0.8473573297715566,0.8473573297715566,1.001861351066098,4,1,
FOSL,FOSL-FOSSIL GROUP INC-2023.pdf,14,1.595852332687818,3,0.59399098162172,0.59399098162172,0.59399098162172,1.001861351066098,4,1,
FOSL,FOSL-FOSSIL GROUP INC-2023.pdf,16,1.6994602290795713,3,1.6994602290795713,1.6994602290795713,1.6994602290795713,1.001861351066098,5,0,
FOSL,FOSL-FOSSIL GROUP INC-2023.pdf,19,1.3391119090616934,3,0.3372505579955955,0.3372505579955955,0.3372505579955955,1.001861351066098,4,1,
FOSL,FOSL-FOSSIL GROUP INC-2023.pdf,24,1.5408098038609122,3,0.5389484527948142,0.5389484527948142,0.5389484527948142,1.001861351066098,4,1,
FOSL,FOSL-FOSSIL GROUP INC-2023.pdf,38,1.1344291789373318,3,0.1325678278712338,0.1325678278712338,0.1325678278712338,1.001861351066098,4,1,
GAP,GAP-GAP-2022.pdf,3,0.0,0,0.0,0.0,0.0,0.0,0,0,
GAP,GAP-GAP-2022.pdf,5,0.3729601876546283,1,0.3729601876546283,0.3729601876546283,0.3729601876546283,0.3729601876546283,5,0,
GAP,GAP-GAP-2022.pdf,6,0.0,0,0.0,0.0,0.0,0.0,0,0,
GAP,GAP-GAP-2022.pdf,7,0.0,0,0.0,0.0,0.0,0.0,0,0,
GAP,GAP-GAP-2022.pdf,23,0.0,0,0.0,0.0,0.0,0.0,0,0,
GAP,GAP-GAP-2022.pdf,24,0.114263608997101,2,0.114263608997101,0.114263608997101,0.114263608997101,0.0925015928933069,2,0,
GAP,GAP-GAP-2022.pdf,26,0.0331520310007237,2,0.0331520310007237,0.0331520310007237,0.0331520310007237,0.0181427466440633,2,0,
GAP,GAP-GAP-2022.pdf,38,0.0,0,0.0,0.0,0.0,0.0,0,0,
GAP,GAP-GAP-2022.pdf,45,0.0892082171644578,1,0.0892082171644578,0.0892082171644578,0.0892082171644578,0.0892082171644578,27,0,
GAP,GAP-GAP-2022.pdf,47,0.0493455230664618,1,0.0493455230664618,0.0493455230664618,0.0493455230664618,0.0493455230664618,2,0,
GAP,GAP-GAP-2022.pdf,51,0.0,0,0.0,0.0,0.0,0.0,0,0,
GAP,GAP-GAP-2022.pdf,54,0.0,0,0.0,0.0,0.0,0.0,0,0,
GAP,GAP-GAP-2022.pdf,55,0.2576648953924433,1,0.2576648953924433,0.2576648953924433,0.2576648953924433,0.2576648953924433,9,0,
GAP,GAP-GAP-2022.pdf,56,0.1814804817105649,1,0.1814804817105649,0.1814804817105649,0.1814804817105649,0.1814804817105649,33,0,
GAP,GAP-GAP-2022.pdf,57,0.0,0,0.0,0.0,0.0,0.0,0,0,
GAP,GAP-GAP-2022.pdf,58,0.3325790276765909,2,0.3325790276765909,0.3325790276765909,0.3325790276765909,0.1716565999938716,16,0,
GAP,GAP-GAP-2022.pdf,59,0.5795464128811836,2,0.5795464128811836,0.5795464128811836,0.5795464128811836,0.2897734521749981,30,0,
GAP,GAP-GAP-2022.pdf,60,0.6193107074601815,2,0.6193107074601815,0.6193107074601815,0.6193107074601815,0.3196116821818693,38,0,
GAP,GAP-GAP-2022.pdf,61,0.5802382267337906,2,0.5802382267337906,0.5802382267337906,0.5802382267337906,0.3205959278553271,27,0,
GAP,GAP-GAP-2022.pdf,62,0.5983272518256291,2,0.5983272518256291,0.5983272518256291,0.5983272518256291,0.306317622117953,27,0,
GAP,GAP-GAP-2022.pdf,63,0.5663758997323927,2,0.5663758997323927,0.5663758997323927,0.5663758997323927,0.2859143598902838,29,0,
GAP,GAP-GAP-2022.pdf,64,0.684825021685673,2,0.684825021685673,0.684825021685673,0.684825021685673,0.3438894831776876,31,0,
GAP,GAP-GAP-2022.pdf,66,0.5555651241778473,1,0.5555651241778473,0.5555651241778473,0.5555651241778473,0.5555651241778473,19,0,
GAP,GAP-GAP-2022.pdf,68,0.5176811199016282,1,0.5176811199016282,0.5176811199016282,0.5176811199016282,0.5176811199016282,12,0,
GAP,GAP-GAP-2022.pdf,71,0.4605280512567212,1,0.4605280512567212,0.4605280512567212,0.4605280512567212,0.4605280512567212,25,0,
GAP,GAP-GAP-2022.pdf,74,0.4468245209755618,2,0.4468245209755618,0.4468245209755618,0.4468245209755618,0.2608039610663662,14,0,
GAP,GAP-GAP-2022.pdf,77,0.3938002864154759,3,0.3938002864154759,0.3938002864154759,0.3938002864154759,0.1804587478627116,44,0,
GAP,GAP-GAP-2025.pdf,4,0.0,0,0.0,0.0,0.0,0.0,0,0,
GAP,GAP-GAP-2025.pdf,5,0.0,0,0.0,0.0,0.0,0.0,0,0,
GAP,GAP-GAP-2025.pdf,7,0.0,0,0.0,0.0,0.0,0.0,0,0,
GAP,GAP-GAP-2025.pdf,8,0.0,0,0.0,0.0,0.0,0.0,0,0,
GAP,GAP-GAP-2025.pdf,11,0.3778967696629214,1,0.3778967696629214,0.3778967696629214,0.3778967696629214,0.3778967696629214,23,0,
GAP,GAP-GAP-2025.pdf,13,0.0,0,0.0,0.0,0.0,0.0,0,0,
GAP,GAP-GAP-2025.pdf,19,0.0,0,0.0,0.0,0.0,0.0,0,0,
GAP,GAP-GAP-2025.pdf,25,0.0,0,0.0,0.0,0.0,0.0,0,0,
GAP,GAP-GAP-2025.pdf,26,0.0,0,0.0,0.0,0.0,0.0,0,0,
GAP,GAP-GAP-2025.pdf,29,0.0,0,0.0,0.0,0.0,0.0,0,0,
GAP,GAP-GAP-2025.pdf,30,0.0,0,0.0,0.0,0.0,0.0,0,0,
GAP,GAP-GAP-2025.pdf,33,0.0702082601825843,1,0.0702082601825843,0.0702082601825843,0.0702082601825843,0.0702082601825843,9,0,
GAP,GAP-GAP-2025.pdf,34,0.0,0,0.0,0.0,0.0,0.0,0,0,
GAP,GAP-GAP-2025.pdf,36,0.0911990253884289,1,0.0911990253884289,0.0911990253884289,0.0911990253884289,0.0911990253884289,7,0,
GAP,GAP-GAP-2025.pdf,38,0.2721449245165548,1,0.2721449245165548,0.2721449245165548,0.2721449245165548,0.2721449245165548,6,0,
GAP,GAP-GAP-2025.pdf,39,0.2725866877402749,1,0.2725866877402749,0.2725866877402749,0.2725866877402749,0.2725866877402749,11,0,
GAP,GAP-GAP-2025.pdf,44,0.5213817809648279,2,0.5213817809648279,0.5213817809648279,0.5213817809648279,0.2749052087113947,11,0,
GAP,GAP-GAP-2025.pdf,45,0.619829492723939,2,0.619829492723939,0.619829492723939,0.619829492723939,0.3260584913389514,21,0,
GAP,GAP-GAP-2025.pdf,46,0.6130081882997815,2,0.6130081882997815,0.6130081882997815,0.6130081882997815,0.3210562337117665,9,0,
GAP,GAP-GAP-2025.pdf,47,0.6102796608243602,2,0.6102796608243602,0.6102796608243602,0.6102796608243602,0.3315155372191011,16,0,
GAP,GAP-GAP-2025.pdf,48,0.5752636166705681,2,0.5752636166705681,0.5752636166705681,0.5752636166705681,0.2942257237047441,11,0,
GAP,GAP-GAP-2025.pdf,49,0.4504769428838951,1,0.4504769428838951,0.4504769428838951,0.4504769428838951,0.4504769428838951,10,0,
GAP,GAP-GAP-2025.pdf,50,0.6033827344725344,1,0.6033827344725344,0.6033827344725344,0.6033827344725344,0.6033827344725344,12,0,
GAP,GAP-GAP-2025.pdf,51,0.5081599660580525,1,0.5081599660580525,0.5081599660580525,0.5081599660580525,0.5081599660580525,12,0,
GAP,GAP-GAP-2025.pdf,53,0.657403343476904,1,0.657403343476904,0.657403343476904,0.657403343476904,0.657403343476904,28,0,
GAP,GAP-GAP-2025.pdf,54,0.6262728230337079,1,0.6262728230337079,0.6262728230337079,0.6262728230337079,0.6262728230337079,25,0,
GAP,GAP-GAP-2025.pdf,55,0.4287999375780275,1,0.4287999375780275,0.4287999375780275,0.4287999375780275,0.4287999375780275,12,0,
GCO,GCO-GENESCO INC-2025.pdf,4,0.1024524410774411,2,0.1024524410774411,0.1024524410774411,0.1024524410774411,0.0792828282828283,2,0,
GCO,GCO-GENESCO INC-2025.pdf,8,0.1356671201221088,2,0.1356671201221088,0.1356671201221088,0.1356671201221088,0.1129543725397356,2,0,
GCO,GCO-GENESCO INC-2025.pdf,18,0.1359865319865319,2,0.1359865319865319,0.1359865319865319,0.1359865319865319,0.1132714646464646,2,0,
GCO,GCO-GENESCO INC-2025.pdf,21,0.1359865319865319,2,0.1359865319865319,0.1359865319865319,0.1359865319865319,0.1132714646464646,2,0,
GCO,GCO-GENESCO INC-2025.pdf,27,0.1024524410774411,2,0.1024524410774411,0.1024524410774411,0.1024524410774411,0.0792828282828283,2,0,
GPI,GPI-GROUP 1 AUTOMOTIVE INC-2022.pdf,3,0.040083252081302,1,0.040083252081302,0.040083252081302,0.040083252081302,0.040083252081302,9,0,
GPI,GPI-GROUP 1 AUTOMOTIVE INC-2022.pdf,11,0.2587442240582764,2,0.2587442240582764,0.2587442240582764,0.2587442240582764,0.2186359042206508,4,0,
GPI,GPI-GROUP 1 AUTOMOTIVE INC-2022.pdf,12,0.040083252081302,1,0.040083252081302,0.040083252081302,0.040083252081302,0.040083252081302,9,0,
GPI,GPI-GROUP 1 AUTOMOTIVE INC-2022.pdf,15,0.040083252081302,1,0.040083252081302,0.040083252081302,0.040083252081302,0.040083252081302,9,0,
GPI,GPI-GROUP 1 AUTOMOTIVE INC-2022.pdf,16,0.0400757287450705,1,0.0400757287450705,0.0400757287450705,0.0400757287450705,0.0400757287450705,9,0,
GPI,GPI-GROUP 1 AUTOMOTIVE INC-2022.pdf,18,0.0400570257311988,1,0.0400570257311988,0.0400570257311988,0.0400570257311988,0.0400570257311988,9,0,
GPI,GPI-GROUP 1 AUTOMOTIVE INC-2022.pdf,19,0.040083252081302,1,0.040083252081302,0.040083252081302,0.040083252081302,0.040083252081302,9,0,
GPI,GPI-GROUP 1 AUTOMOTIVE INC-2022.pdf,20,0.0400606820726074,1,0.0400606820726074,0.0400606820726074,0.0400606820726074,0.0400606820726074,9,0,
GPI,GPI-GROUP 1 AUTOMOTIVE INC-2022.pdf,21,0.040083252081302,1,0.040083252081302,0.040083252081302,0.040083252081302,0.040083252081302,9,0,
GPI,GPI-GROUP 1 AUTOMOTIVE INC-2022.pdf,23,0.040083252081302,1,0.040083252081302,0.040083252081302,0.040083252081302,0.040083252081302,9,0,
GPI,GPI-GROUP 1 AUTOMOTIVE INC-2022.pdf,24,0.040083252081302,1,0.040083252081302,0.040083252081302,0.040083252081302,0.040083252081302,9,0,
GPI,GPI-GROUP 1 AUTOMOTIVE INC-2022.pdf,25,0.0400792948064442,1,0.0400792948064442,0.0400792948064442,0.0400792948064442,0.0400792948064442,9,0,
GPI,GPI-GROUP 1 AUTOMOTIVE INC-2022.pdf,27,0.040083252081302,1,0.040083252081302,0.040083252081302,0.040083252081302,0.040083252081302,9,0,
GPI,GPI-GROUP 1 AUTOMOTIVE INC-2022.pdf,28,0.040083252081302,1,0.040083252081302,0.040083252081302,0.040083252081302,0.040083252081302,9,0,
GPI,GPI-GROUP 1 AUTOMOTIVE INC-2022.pdf,31,0.040083252081302,1,0.040083252081302,0.040083252081302,0.040083252081302,0.040083252081302,9,0,
GPI,GPI-GROUP 1 AUTOMOTIVE INC-2022.pdf,35,0.2649958415627057,2,0.2649958415627057,0.2649958415627057,0.2649958415627057,0.2249125894814036,8,0,
GPI,GPI-GROUP 1 AUTOMOTIVE INC-2022.pdf,37,0.0400776095791284,1,0.0400776095791284,0.0400776095791284,0.0400776095791284,0.0400776095791284,9,0,
GPI,GPI-GROUP 1 AUTOMOTIVE INC-2022.pdf,38,0.040083252081302,1,0.040083252081302,0.040083252081302,0.040083252081302,0.040083252081302,9,0,
GPI,GPI-GROUP 1 AUTOMOTIVE INC-2022.pdf,39,0.040083252081302,1,0.040083252081302,0.040083252081302,0.040083252081302,0.040083252081302,9,0,
GPI,GPI-GROUP 1 AUTOMOTIVE INC-2022.pdf,40,0.040083252081302,1,0.040083252081302,0.040083252081302,0.040083252081302,0.040083252081302,9,0,
GPI,GPI-GROUP 1 AUTOMOTIVE INC-2022.pdf,45,0.2243971222891684,2,0.2243971222891684,0.2243971222891684,0.2243971222891684,0.1843138702078663,8,0,
GPI,GPI-GROUP 1 AUTOMOTIVE INC-2022.pdf,46,0.1380644492987325,2,0.1380644492987325,0.1380644492987325,0.1380644492987325,0.0979811972174304,6,0,
JWN,JWN-NORSTROM-2021.pdf,5,0.0,0,0.0,0.0,0.0,0.0,0,0,
JWN,JWN-NORSTROM-2021.pdf,10,0.0,0,0.0,0.0,0.0,0.0,0,0,
JWN,JWN-NORSTROM-2021.pdf,17,0.0,0,0.0,0.0,0.0,0.0,0,0,
JWN,JWN-NORSTROM-2021.pdf,18,0.0,0,0.0,0.0,0.0,0.0,0,0,
JWN,JWN-NORSTROM-2021.pdf,19,0.0,0,0.0,0.0,0.0,0.0,0,0,
JWN,JWN-NORSTROM-2021.pdf,20,0.0,0,0.0,0.0,0.0,0.0,0,0,
JWN,JWN-NORSTROM-2021.pdf,21,0.0,0,0.0,0.0,0.0,0.0,0,0,
JWN,JWN-NORSTROM-2021.pdf,23,0.0,0,0.0,0.0,0.0,0.0,0,0,
JWN,JWN-NORSTROM-2021.pdf,24,0.0,0,0.0,0.0,0.0,0.0,0,0,
JWN,JWN-NORSTROM-2021.pdf,28,0.0,0,0.0,0.0,0.0,0.0,0,0,
JWN,JWN-NORSTROM-2021.pdf,30,0.0,0,0.0,0.0,0.0,0.0,0,0,
JWN,JWN-NORSTROM-2021.pdf,31,0.0,0,0.0,0.0,0.0,0.0,0,0,
JWN,JWN-NORSTROM-2021.pdf,36,0.0,0,0.0,0.0,0.0,0.0,0,0,
JWN,JWN-NORSTROM-2021.pdf,38,0.0,0,0.0,0.0,0.0,0.0,0,0,
JWN,JWN-NORSTROM-2021.pdf,40,0.0,0,0.0,0.0,0.0,0.0,0,0,
JWN,JWN-NORSTROM-2023.pdf,10,0.0,0,0.0,0.0,0.0,0.0,0,0,
JWN,JWN-NORSTROM-2023.pdf,16,0.0,0,0.0,0.0,0.0,0.0,0,0,
JWN,JWN-NORSTROM-2023.pdf,17,0.0,0,0.0,0.0,0.0,0.0,0,0,
JWN,JWN-NORSTROM-2023.pdf,18,0.0,0,0.0,0.0,0.0,0.0,0,0,
JWN,JWN-NORSTROM-2023.pdf,19,0.0,0,0.0,0.0,0.0,0.0,0,0,
JWN,JWN-NORSTROM-2023.pdf,20,0.0,0,0.0,0.0,0.0,0.0,0,0,
JWN,JWN-NORSTROM-2023.pdf,21,0.0,0,0.0,0.0,0.0,0.0,0,0,
JWN,JWN-NORSTROM-2023.pdf,22,0.0,0,0.0,0.0,0.0,0.0,0,0,
JWN,JWN-NORSTROM-2023.pdf,24,0.0,0,0.0,0.0,0.0,0.0,0,0,
JWN,JWN-NORSTROM-2023.pdf,25,0.0,0,0.0,0.0,0.0,0.0,0,0,
JWN,JWN-NORSTROM-2023.pdf,26,0.0,0,0.0,0.0,0.0,0.0,0,0,
JWN,JWN-NORSTROM-2023.pdf,27,0.0,0,0.0,0.0,0.0,0.0,0,0,
JWN,JWN-NORSTROM-2023.pdf,28,0.0,0,0.0,0.0,0.0,0.0,0,0,
JWN,JWN-NORSTROM-2023.pdf,29,0.0,0,0.0,0.0,0.0,0.0,0,0,
JWN,JWN-NORSTROM-2023.pdf,30,0.0,0,0.0,0.0,0.0,0.0,0,0,
JWN,JWN-NORSTROM-2023.pdf,33,0.0,0,0.0,0.0,0.0,0.0,0,0,
JWN,JWN-NORSTROM-2023.pdf,34,0.0,0,0.0,0.0,0.0,0.0,0,0,
JWN,JWN-NORSTROM-2023.pdf,35,0.0,0,0.0,0.0,0.0,0.0,0,0,
JWN,JWN-NORSTROM-2023.pdf,37,0.0,0,0.0,0.0,0.0,0.0,0,0,
JWN,JWN-NORSTROM-2023.pdf,39,0.0,0,0.0,0.0,0.0,0.0,0,0,
JWN,JWN-NORSTROM-2023.pdf,40,0.0,0,0.0,0.0,0.0,0.0,0,0,
JWN,JWN-NORSTROM-2023.pdf,44,0.0,0,0.0,0.0,0.0,0.0,0,0,
JWN,JWN-NORSTROM-2023.pdf,56,0.0,0,0.0,0.0,0.0,0.0,0,0,
JWN,JWN-NORSTROM-2023.pdf,59,0.0,0,0.0,0.0,0.0,0.0,0,0,
JWN,JWN-NORSTROM-2024.pdf,3,0.0,0,0.0,0.0,0.0,0.0,0,0,
JWN,JWN-NORSTROM-2024.pdf,8,0.0,0,0.0,0.0,0.0,0.0,0,0,
JWN,JWN-NORSTROM-2024.pdf,9,0.2755937827453719,1,0.2755937827453719,0.2755937827453719,0.2755937827453719,0.2755937827453719,2,0,
JWN,JWN-NORSTROM-2024.pdf,11,0.0,0,0.0,0.0,0.0,0.0,0,0,
JWN,JWN-NORSTROM-2024.pdf,12,0.0,0,0.0,0.0,0.0,0.0,0,0,
JWN,JWN-NORSTROM-2024.pdf,14,0.2764012721289778,1,0.2764012721289778,0.2764012721289778,0.2764012721289778,0.2764012721289778,2,0,
JWN,JWN-NORSTROM-2024.pdf,15,0.0,0,0.0,0.0,0.0,0.0,0,0,
JWN,JWN-NORSTROM-2024.pdf,16,0.2755937827453719,1,0.2755937827453719,0.2755937827453719,0.2755937827453719,0.2755937827453719,2,0,
JWN,JWN-NORSTROM-2024.pdf,20,0.0,0,0.0,0.0,0.0,0.0,0,0,
JWN,JWN-NORSTROM-2024.pdf,23,0.0013634124834895,1,0.0013634124834895,0.0013634124834895,0.0013634124834895,0.0013634124834895,4,0,
JWN,JWN-NORSTROM-2024.pdf,24,0.0,0,0.0,0.0,0.0,0.0,0,0,
JWN,JWN-NORSTROM-2024.pdf,28,0.0,0,0.0,0.0,0.0,0.0,0,0,
JWN,JWN-NORSTROM-2024.pdf,29,0.0014098131102481,1,0.0014098131102481,0.0014098131102481,0.0014098131102481,0.0014098131102481,2,0,
JWN,JWN-NORSTROM-2024.pdf,30,0.0,0,0.0,0.0,0.0,0.0,0,0,
JWN,JWN-NORSTROM-2024.pdf,31,0.0,0,0.0,0.0,0.0,0.0,0,0,
JWN,JWN-NORSTROM-2024.pdf,33,1.0422367904646237,1,1.0422367904646237,1.0422367904646237,1.0422367904646237,1.0422367904646237,17,0,
JWN,JWN-NORSTROM-2024.pdf,34,0.0,0,0.0,0.0,0.0,0.0,0,0,
JWN,JWN-NORSTROM-2024.pdf,35,0.0,0,0.0,0.0,0.0,0.0,0,0,
JWN,JWN-NORSTROM-2024.pdf,38,0.0,0,0.0,0.0,0.0,0.0,0,0,
JWN,JWN-NORSTROM-2024.pdf,41,0.0,0,0.0,0.0,0.0,0.0,0,0,
JWN,JWN-NORSTROM-2024.pdf,42,0.0,0,0.0,0.0,0.0,0.0,0,0,
JWN,JWN-NORSTROM-2024.pdf,45,0.0,0,0.0,0.0,0.0,0.0,0,0,
JWN,JWN-NORSTROM-2024.pdf,46,0.0,0,0.0,0.0,0.0,0.0,0,0,
JWN,JWN-NORSTROM-2024.pdf,47,0.0,0,0.0,0.0,0.0,0.0,0,0,
JWN,JWN-NORSTROM-2024.pdf,48,0.0,0,0.0,0.0,0.0,0.0,0,0,
KTB,KTB-KONTOOR BRANDS INC-2024.pdf,7,0.3608683169782297,1,0.3608683169782297,0.3608683169782297,0.3608683169782297,0.3608683169782297,10,0,
KTB,KTB-KONTOOR BRANDS INC-2024.pdf,8,0.0,0,0.0,0.0,0.0,0.0,0,0,
KTB,KTB-KONTOOR BRANDS INC-2024.pdf,9,0.2349886759635705,2,0.2349886759635705,0.2349886759635705,0.2349886759635705,0.1174943379817853,7,0,
KTB,KTB-KONTOOR BRANDS INC-2024.pdf,10,0.1175125951708692,1,0.1175125951708692,0.1175125951708692,0.1175125951708692,0.1175125951708692,7,0,
KTB,KTB-KONTOOR BRANDS INC-2024.pdf,11,0.1175125951708692,1,0.1175125951708692,0.1175125951708692,0.1175125951708692,0.1175125951708692,7,0,
KTB,KTB-KONTOOR BRANDS INC-2024.pdf,13,0.3614145038260377,1,0.3614145038260377,0.3614145038260377,0.3614145038260377,0.3614145038260377,10,0,
KTB,KTB-KONTOOR BRANDS INC-2024.pdf,14,0.0,0,0.0,0.0,0.0,0.0,0,0,
KTB,KTB-KONTOOR BRANDS INC-2024.pdf,15,0.1812859367673883,2,0.1812859367673883,0.1812859367673883,0.1812859367673883,0.099066320450052,43,0,
KTB,KTB-KONTOOR BRANDS INC-2024.pdf,17,0.3614145038260377,1,0.3614145038260377,0.3614145038260377,0.3614145038260377,0.3614145038260377,10,0,
KTB,KTB-KONTOOR BRANDS INC-2024.pdf,18,0.0,0,0.0,0.0,0.0,0.0,0,0,
KTB,KTB-KONTOOR BRANDS INC-2024.pdf,19,0.0,0,0.0,0.0,0.0,0.0,0,0,
KTB,KTB-KONTOOR BRANDS INC-2024.pdf,21,0.0,0,0.0,0.0,0.0,0.0,0,0,
KTB,KTB-KONTOOR BRANDS INC-2024.pdf,22,0.0,0,0.0,0.0,0.0,0.0,0,0,
KTB,KTB-KONTOOR BRANDS INC-2024.pdf,23,0.0,0,0.0,0.0,0.0,0.0,0,0,
KTB,KTB-KONTOOR BRANDS INC-2024.pdf,26,0.0,0,0.0,0.0,0.0,0.0,0,0,
KTB,KTB-KONTOOR BRANDS INC-2024.pdf,31,0.0,0,0.0,0.0,0.0,0.0,0,0,
KTB,KTB-KONTOOR BRANDS INC-2024.pdf,32,0.0,0,0.0,0.0,0.0,0.0,0,0,
KTB,KTB-KONTOOR BRANDS INC-2024.pdf,34,0.3614145038260377,1,0.3614145038260377,0.3614145038260377,0.3614145038260377,0.3614145038260377,10,0,
KTB,KTB-KONTOOR BRANDS INC-2024.pdf,35,0.0,0,0.0,0.0,0.0,0.0,0,0,
KTB,KTB-KONTOOR BRANDS INC-2024.pdf,36,0.0,0,0.0,0.0,0.0,0.0,0,0,
KTB,KTB-KONTOOR BRANDS INC-2024.pdf,38,0.0,0,0.0,0.0,0.0,0.0,0,0,
KTB,KTB-KONTOOR BRANDS INC-2024.pdf,39,0.0,0,0.0,0.0,0.0,0.0,0,0,
KTB,KTB-KONTOOR BRANDS INC-2024.pdf,40,0.0,0,0.0,0.0,0.0,0.0,0,0,
KTB,KTB-KONTOOR BRANDS INC-2024.pdf,42,0.3614145038260377,1,0.3614145038260377,0.3614145038260377,0.3614145038260377,0.3614145038260377,10,0,
KTB,KTB-KONTOOR BRANDS INC-2024.pdf,43,0.0,0,0.0,0.0,0.0,0.0,0,0,
KTB,KTB-KONTOOR BRANDS INC-2024.pdf,44,0.0,0,0.0,0.0,0.0,0.0,0,0,
KTB,KTB-KONTOOR BRANDS INC-2024.pdf,46,0.0,0,0.0,0.0,0.0,0.0,0,0,
KTB,KTB-KONTOOR BRANDS INC-2024.pdf,47,0.0,0,0.0,0.0,0.0,0.0,0,0,
KTB,KTB-KONTOOR BRANDS INC-2024.pdf,48,0.0,0,0.0,0.0,0.0,0.0,0,0,
KTB,KTB-KONTOOR BRANDS INC-2024.pdf,52,0.1857873543725476,1,0.1857873543725476,0.1857873543725476,0.1857873543725476,0.1857873543725476,3,0,
KTB,KTB-KONTOOR BRANDS INC-2024.pdf,53,0.089657667985068,1,0.089657667985068,0.089657667985068,0.089657667985068,0.089657667985068,5,0,
KTB,KTB-KONTOOR BRANDS INC-2024.pdf,54,0.0,0,0.0,0.0,0.0,0.0,0,0,
KTB,KTB-KONTOOR BRANDS INC-2024.pdf,58,0.0,0,0.0,0.0,0.0,0.0,0,0,
KTB,KTB-KONTOOR BRANDS INC-2024.pdf,59,0.0,0,0.0,0.0,0.0,0.0,0,0,
KTB,KTB-KONTOOR BRANDS INC-2024.pdf,60,0.0,0,0.0,0.0,0.0,0.0,0,0,
LEG,LEG-LEGGETT & PLATT INC-2021.pdf,9,0.0,0,0.0,0.0,0.0,0.0,0,0,
LEG,LEG-LEGGETT & PLATT INC-2021.pdf,10,0.0,0,0.0,0.0,0.0,0.0,0,0,
LEG,LEG-LEGGETT & PLATT INC-2021.pdf,12,0.0,0,0.0,0.0,0.0,0.0,0,0,
LEG,LEG-LEGGETT & PLATT INC-2021.pdf,13,0.0,0,0.0,0.0,0.0,0.0,0,0,
LEG,LEG-LEGGETT & PLATT INC-2021.pdf,14,0.0,0,0.0,0.0,0.0,0.0,0,0,
LEG,LEG-LEGGETT & PLATT INC-2021.pdf,18,0.0,0,0.0,0.0,0.0,0.0,0,0,
LEG,LEG-LEGGETT & PLATT INC-2021.pdf,19,0.0,0,0.0,0.0,0.0,0.0,0,0,
LEG,LEG-LEGGETT & PLATT INC-2021.pdf,20,0.1061121212121212,1,0.1061121212121212,0.1061121212121212,0.1061121212121212,0.1061121212121212,28,0,
LEG,LEG-LEGGETT & PLATT INC-2021.pdf,21,0.0,0,0.0,0.0,0.0,0.0,0,0,
LEG,LEG-LEGGETT & PLATT INC-2021.pdf,28,0.0,0,0.0,0.0,0.0,0.0,0,0,
LEG,LEG-LEGGETT & PLATT INC-2021.pdf,29,0.0,0,0.0,0.0,0.0,0.0,0,0,
LEG,LEG-LEGGETT & PLATT INC-2021.pdf,30,0.0,0,0.0,0.0,0.0,0.0,0,0,
LEG,LEG-LEGGETT & PLATT INC-2021.pdf,32,0.0,0,0.0,0.0,0.0,0.0,0,0,
LEG,LEG-LEGGETT & PLATT INC-2021.pdf,33,0.0,0,0.0,0.0,0.0,0.0,0,0,
LEG,LEG-LEGGETT & PLATT INC-2022.pdf,3,0.0,0,0.0,0.0,0.0,0.0,0,0,
LEG,LEG-LEGGETT & PLATT INC-2022.pdf,7,0.0,0,0.0,0.0,0.0,0.0,0,0,
LEG,LEG-LEGGETT & PLATT INC-2022.pdf,10,0.0,0,0.0,0.0,0.0,0.0,0,0,
LEG,LEG-LEGGETT & PLATT INC-2022.pdf,13,0.0,0,0.0,0.0,0.0,0.0,0,0,
LEG,LEG-LEGGETT & PLATT INC-2022.pdf,16,0.8272058823529411,1,0.8272058823529411,0.0,0.8272058823529411,0.8272058823529411,2,0,
LEG,LEG-LEGGETT & PLATT INC-2022.pdf,17,0.0,0,0.0,0.0,0.0,0.0,0,0,
LEG,LEG-LEGGETT & PLATT INC-2022.pdf,19,0.0,0,0.0,0.0,0.0,0.0,0,0,
LEG,LEG-LEGGETT & PLATT INC-2022.pdf,21,0.0,0,0.0,0.0,0.0,0.0,0,0,
LEG,LEG-LEGGETT & PLATT INC-2022.pdf,25,0.0,0,0.0,0.0,0.0,0.0,0,0,
LEG,LEG-LEGGETT & PLATT INC-2022.pdf,38,0.0,0,0.0,0.0,0.0,0.0,0,0,
LEG,LEG-LEGGETT & PLATT INC-2022.pdf,39,0.0,0,0.0,0.0,0.0,0.0,0,0,
LEG,LEG-LEGGETT & PLATT INC-2022.pdf,40,0.0,0,0.0,0.0,0.0,0.0,0,0,
LEG,LEG-LEGGETT & PLATT INC-2022.pdf,42,0.7279411764705882,1,0.7279411764705882,0.7279411764705882,0.7279411764705882,0.7279411764705882,2,0,
LEG,LEG-LEGGETT & PLATT INC-2022.pdf,43,0.0,0,0.0,0.0,0.0,0.0,0,0,
LEG,LEG-LEGGETT & PLATT INC-2022.pdf,44,0.0,0,0.0,0.0,0.0,0.0,0,0,
LEG,LEG-LEGGETT & PLATT INC-2022.pdf,48,0.0,0,0.0,0.0,0.0,0.0,0,0,
LEG,LEG-LEGGETT & PLATT INC-2023.pdf,3,0.0051804812834224,1,0.0051804812834224,0.0051804812834224,0.0051804812834224,0.0051804812834224,2,0,
LEG,LEG-LEGGETT & PLATT INC-2023.pdf,7,0.3013695592629831,2,0.3013695592629831,0.3013695592629831,0.3013695592629831,0.2679842354364828,64,0,
LEG,LEG-LEGGETT & PLATT INC-2023.pdf,20,0.0333853238265003,1,0.0333853238265003,0.0333853238265003,0.0333853238265003,0.0333853238265003,2,0,
LEG,LEG-LEGGETT & PLATT INC-2023.pdf,21,0.0,0,0.0,0.0,0.0,0.0,0,0,
LEG,LEG-LEGGETT & PLATT INC-2023.pdf,22,0.0,0,0.0,0.0,0.0,0.0,0,0,
LEG,LEG-LEGGETT & PLATT INC-2023.pdf,23,0.0,0,0.0,0.0,0.0,0.0,0,0,
LEG,LEG-LEGGETT & PLATT INC-2023.pdf,28,0.0,0,0.0,0.0,0.0,0.0,0,0,
LEG,LEG-LEGGETT & PLATT INC-2023.pdf,29,0.0,0,0.0,0.0,0.0,0.0,0,0,
LEG,LEG-LEGGETT & PLATT INC-2023.pdf,30,0.0885656141686472,1,0.0885656141686472,0.0885656141686472,0.0885656141686472,0.0885656141686472,44,0,
LEG,LEG-LEGGETT & PLATT INC-2023.pdf,31,0.0,0,0.0,0.0,0.0,0.0,0,0,
LEG,LEG-LEGGETT & PLATT INC-2023.pdf,32,0.0,0,0.0,0.0,0.0,0.0,0,0,
LEG,LEG-LEGGETT & PLATT INC-2023.pdf,35,0.0,0,0.0,0.0,0.0,0.0,0,0,
LEG,LEG-LEGGETT & PLATT INC-2023.pdf,36,0.0,0,0.0,0.0,0.0,0.0,0,0,
LEG,LEG-LEGGETT & PLATT INC-2023.pdf,37,0.0,0,0.0,0.0,0.0,0.0,0,0,
LEG,LEG-LEGGETT & PLATT INC-2023.pdf,38,0.0,0,0.0,0.0,0.0,0.0,0,0,
LEG,LEG-LEGGETT & PLATT INC-2023.pdf,39,0.0,0,0.0,0.0,0.0,0.0,0,0,
LEG,LEG-LEGGETT & PLATT INC-2023.pdf,40,0.0,0,0.0,0.0,0.0,0.0,0,0,
LEG,LEG-LEGGETT & PLATT INC-2023.pdf,41,0.0,0,0.0,0.0,0.0,0.0,0,0,
LEG,LEG-LEGGETT & PLATT INC-2023.pdf,47,0.0,0,0.0,0.0,0.0,0.0,0,0,
LEG,LEG-LEGGETT & PLATT INC-2023.pdf,48,0.0,0,0.0,0.0,0.0,0.0,0,0,
LEG,LEG-LEGGETT & PLATT INC-2023.pdf,49,0.0,0,0.0,0.0,0.0,0.0,0,0,
LEG,LEG-LEGGETT & PLATT INC-2023.pdf,50,0.0,0,0.0,0.0,0.0,0.0,0,0,
LEG,LEG-LEGGETT & PLATT INC-2023.pdf,51,0.0,0,0.0,0.0,0.0,0.0,0,0,
LEG,LEG-LEGGETT & PLATT INC-2023.pdf,53,0.0333853238265003,1,0.0333853238265003,0.0333853238265003,0.0333853238265003,0.0333853238265003,2,0,
LEG,LEG-LEGGETT & PLATT INC-2023.pdf,54,0.0,0,0.0,0.0,0.0,0.0,0,0,
LEG,LEG-LEGGETT & PLATT INC-2023.pdf,55,0.0,0,0.0,0.0,0.0,0.0,0,0,
LEG,LEG-LEGGETT & PLATT INC-2023.pdf,56,0.0,0,0.0,0.0,0.0,0.0,0,0,
LEG,LEG-LEGGETT & PLATT INC-2023.pdf,58,0.0,0,0.0,0.0,0.0,0.0,0,0,
LEG,LEG-LEGGETT & PLATT INC-2023.pdf,59,0.0,0,0.0,0.0,0.0,0.0,0,0,
LESL,LESL-LESLIE'S INC-2023.pdf,4,0.0,0,0.0,0.0,0.0,0.0,0,0,
LESL,LESL-LESLIE'S INC-2023.pdf,9,0.0,0,0.0,0.0,0.0,0.0,0,0,
LESL,LESL-LESLIE'S INC-2023.pdf,13,0.0,0,0.0,0.0,0.0,0.0,0,0,
LESL,LESL-LESLIE'S INC-2023.pdf,17,0.6589803917864262,2,0.6589803917864262,0.6589803917864262,0.6589803917864262,0.485090645558717,6,0,
LESL,LESL-LESLIE'S INC-2023.pdf,18,0.7311100751590366,4,0.7311100751590366,0.7311100751590366,0.7311100751590366,0.6517967324099527,12,0,
LESL,LESL-LESLIE'S INC-2023.pdf,24,0.6307729890413345,1,0.6307729890413345,0.6307729890413345,0.6307729890413345,0.6307729890413345,22,0,
LESL,LESL-LESLIE'S INC-2023.pdf,25,0.7418535173880371,2,0.7418535173880371,0.7418535173880371,0.7418535173880371,0.6066421727225598,18,0,
LOVE,LOVE-LOVESAC CO (THE)-2023.pdf,7,3.701530248210395,2,0.2064627100840336,0.2064627100840336,0.2064627100840336,3.4950675381263614,3,1,
LOVE,LOVE-LOVESAC CO (THE)-2023.pdf,8,0.0,0,0.0,0.0,0.0,0.0,0,0,
LOVE,LOVE-LOVESAC CO (THE)-2023.pdf,11,0.5880368976294221,1,0.5880368976294221,0.5880368976294221,0.5880368976294221,0.5880368976294221,15,0,
LOVE,LOVE-LOVESAC CO (THE)-2023.pdf,13,0.6313898858154372,1,0.6313898858154372,0.6313898858154372,0.6313898858154372,0.6313898858154372,25,0,
LOVE,LOVE-LOVESAC CO (THE)-2023.pdf,15,0.4501133169934641,1,0.4501133169934641,0.4501133169934641,0.4501133169934641,0.4501133169934641,151,0,
LOVE,LOVE-LOVESAC CO (THE)-2023.pdf,19,0.1344985193614482,1,0.1344985193614482,0.1344985193614482,0.1344985193614482,0.1344985193614482,2,0,
LOVE,LOVE-LOVESAC CO (THE)-2023.pdf,20,0.0,0,0.0,0.0,0.0,0.0,0,0,
LOVE,LOVE-LOVESAC CO (THE)-2023.pdf,21,0.0,0,0.0,0.0,0.0,0.0,0,0,
LOVE,LOVE-LOVESAC CO (THE)-2023.pdf,22,0.0,0,0.0,0.0,0.0,0.0,0,0,
LOVE,LOVE-LOVESAC CO (THE)-2023.pdf,25,0.5399991830065359,1,0.5399991830065359,0.5399991830065359,0.5399991830065359,0.5399991830065359,2,0,
LOVE,LOVE-LOVESAC CO (THE)-2023.pdf,26,0.0,0,0.0,0.0,0.0,0.0,0,0,
LOVE,LOVE-LOVESAC CO (THE)-2023.pdf,28,0.0,0,0.0,0.0,0.0,0.0,0,0,
LOVE,LOVE-LOVESAC CO (THE)-2023.pdf,29,0.0,0,0.0,0.0,0.0,0.0,0,0,
LOVE,LOVE-LOVESAC CO (THE)-2023.pdf,34,0.0002479102451989,1,0.0002479102451989,0.0002479102451989,0.0002479102451989,0.0002479102451989,2,0,
LOVE,LOVE-LOVESAC CO (THE)-2023.pdf,36,0.0,0,0.0,0.0,0.0,0.0,0,0,
LOVE,LOVE-LOVESAC CO (THE)-2023.pdf,38,0.0,0,0.0,0.0,0.0,0.0,0,0,
LOVE,LOVE-LOVESAC CO (THE)-2023.pdf,39,0.0,0,0.0,0.0,0.0,0.0,0,0,
LOVE,LOVE-LOVESAC CO (THE)-2023.pdf,40,0.0,0,0.0,0.0,0.0,0.0,0,0,
LOVE,LOVE-LOVESAC CO (THE)-2023.pdf,41,0.5352933210784313,1,0.5352933210784313,0.5352933210784313,0.5352933210784313,0.5352933210784313,2,0,
LOVE,LOVE-LOVESAC CO (THE)-2023.pdf,43,0.4874927054154994,1,0.4874927054154994,0.4874927054154994,0.4874927054154994,0.4874927054154994,40,0,
LOVE,LOVE-LOVESAC CO (THE)-2023.pdf,44,0.6924603174603174,1,0.6924603174603174,0.6924603174603174,0.6924603174603174,0.6924603174603174,69,0,
LOVE,LOVE-LOVESAC CO (THE)-2023.pdf,45,0.580284395241013,1,0.580284395241013,0.580284395241013,0.580284395241013,0.580284395241013,60,0,
LOVE,LOVE-LOVESAC CO (THE)-2023.pdf,46,0.0,0,0.0,0.0,0.0,0.0,0,0,
LOVE,LOVE-LOVESAC CO (THE)-2023.pdf,47,0.6840072948323906,3,0.6840072948323906,0.6840072948323906,0.6840072948323906,0.4239531011368391,16,0,
LOVE,LOVE-LOVESAC CO (THE)-2023.pdf,48,0.0,0,0.0,0.0,0.0,0.0,0,0,
LOVE,LOVE-LOVESAC CO (THE)-2023.pdf,49,0.3160262143051665,1,0.3160262143051665,0.3160262143051665,0.3160262143051665,0.3160262143051665,2,0,
LOVE,LOVE-LOVESAC CO (THE)-2023.pdf,52,0.1501741281512605,1,0.1501741281512605,0.1501741281512605,0.1501741281512605,0.1501741281512605,2,0,
LOVE,LOVE-LOVESAC CO (THE)-2024.pdf,4,0.4308783579403984,1,0.4308783579403984,0.4308783579403984,0.4308783579403984,0.4308783579403984,114,0,
LOVE,LOVE-LOVESAC CO (THE)-2024.pdf,7,0.0,0,0.0,0.0,0.0,0.0,0,0,
LOVE,LOVE-LOVESAC CO (THE)-2024.pdf,8,1.3887086408911062,1,1.3887086408911062,1.3887086408911062,1.3887086408911062,1.3887086408911062,1213,0,
LOVE,LOVE-LOVESAC CO (THE)-2024.pdf,11,1.406297400210084,3,1.406297400210084,1.406297400210084,1.406297400210084,1.0,66,0,
LOVE,LOVE-LOVESAC CO (THE)-2024.pdf,12,1.5276048113134142,3,1.5276048113134142,1.5276048113134142,1.5276048113134142,1.0,74,0,
LOVE,LOVE-LOVESAC CO (THE)-2024.pdf,14,1.3731149208197169,3,1.3731149208197169,1.3731149208197169,1.3731149208197169,1.0,181,0,
LOVE,LOVE-LOVESAC CO (THE)-2024.pdf,15,0.4571695591315229,2,0.4571695591315229,0.4571695591315229,0.4571695591315229,0.3409093195611578,93,0,
LOVE,LOVE-LOVESAC CO (THE)-2024.pdf,21,0.0015950129182228,1,0.0015950129182228,0.0015950129182228,0.0015950129182228,0.0015950129182228,2,0,
LOVE,LOVE-LOVESAC CO (THE)-2024.pdf,22,0.0,0,0.0,0.0,0.0,0.0,0,0,
LOVE,LOVE-LOVESAC CO (THE)-2024.pdf,23,0.0,0,0.0,0.0,0.0,0.0,0,0,
LOVE,LOVE-LOVESAC CO (THE)-2024.pdf,25,0.0,0,0.0,0.0,0.0,0.0,0,0,
LOVE,LOVE-LOVESAC CO (THE)-2024.pdf,26,0.0,0,0.0,0.0,0.0,0.0,0,0,
LOVE,LOVE-LOVESAC CO (THE)-2024.pdf,29,0.0,0,0.0,0.0,0.0,0.0,0,0,
LOVE,LOVE-LOVESAC CO (THE)-2024.pdf,30,0.1819607843137254,1,0.1819607843137254,0.1819607843137254,0.1819607843137254,0.1819607843137254,14,0,
LOVE,LOVE-LOVESAC CO (THE)-2024.pdf,35,0.0,0,0.0,0.0,0.0,0.0,0,0,
LOVE,LOVE-LOVESAC CO (THE)-2024.pdf,36,0.3039511113325783,2,0.3039511113325783,0.3039511113325783,0.3039511113325783,0.3036996206870094,2,0,
LOVE,LOVE-LOVESAC CO (THE)-2024.pdf,38,0.0,0,0.0,0.0,0.0,0.0,0,0,
LOVE,LOVE-LOVESAC CO (THE)-2024.pdf,40,0.0017395311430127,1,0.0017395311430127,0.0017395311430127,0.0017395311430127,0.0017395311430127,2,0,
LOVE,LOVE-LOVESAC CO (THE)-2024.pdf,41,0.0,0,0.0,0.0,0.0,0.0,0,0,
LOVE,LOVE-LOVESAC CO (THE)-2024.pdf,42,0.0,0,0.0,0.0,0.0,0.0,0,0,
LOVE,LOVE-LOVESAC CO (THE)-2024.pdf,43,0.0,0,0.0,0.0,0.0,0.0,0,0,
LOVE,LOVE-LOVESAC CO (THE)-2024.pdf,45,0.4623177782161283,1,0.4623177782161283,0.4623177782161283,0.4623177782161283,0.4623177782161283,39,0,
LOVE,LOVE-LOVESAC CO (THE)-2024.pdf,46,0.6921818031321325,1,0.6921818031321325,0.6921818031321325,0.6921818031321325,0.6921818031321325,64,0,
LOVE,LOVE-LOVESAC CO (THE)-2024.pdf,47,1.0,1,1.0,1.0,1.0,1.0,383,0,
LOVE,LOVE-LOVESAC CO (THE)-2024.pdf,48,0.0,0,0.0,0.0,0.0,0.0,0,0,
LOVE,LOVE-LOVESAC CO (THE)-2024.pdf,49,0.4891145821986202,2,0.4891145821986202,0.4891145821986202,0.4891145821986202,0.420663693718228,16,0,
LOVE,LOVE-LOVESAC CO (THE)-2024.pdf,51,0.0,0,0.0,0.0,0.0,0.0,0,0,
LOVE,LOVE-LOVESAC CO (THE)-2024.pdf,52,0.0,0,0.0,0.0,0.0,0.0,0,0,
LOVE,LOVE-LOVESAC CO (THE)-2024.pdf,53,0.0,0,0.0,0.0,0.0,0.0,0,0,
LOVE,LOVE-LOVESAC CO (THE)-2025.pdf,7,0.0,0,0.0,0.0,0.0,0.0,0,0,
LOVE,LOVE-LOVESAC CO (THE)-2025.pdf,8,0.0,0,0.0,0.0,0.0,0.0,0,0,
LOVE,LOVE-LOVESAC CO (THE)-2025.pdf,10,0.0,0,0.0,0.0,0.0,0.0,0,0,
LOVE,LOVE-LOVESAC CO (THE)-2025.pdf,11,0.4900210084033613,2,0.4900210084033613,0.4900210084033613,0.4900210084033613,0.4396008403361344,2,0,
LOVE,LOVE-LOVESAC CO (THE)-2025.pdf,12,0.1008403361344537,2,0.1008403361344537,0.1008403361344537,0.1008403361344537,0.0504201680672268,2,0,
LOVE,LOVE-LOVESAC CO (THE)-2025.pdf,13,0.1008403361344537,2,0.1008403361344537,0.1008403361344537,0.1008403361344537,0.0504201680672268,2,0,
LOVE,LOVE-LOVESAC CO (THE)-2025.pdf,14,0.1008403361344537,2,0.1008403361344537,0.1008403361344537,0.1008403361344537,0.0504201680672268,2,0,
LOVE,LOVE-LOVESAC CO (THE)-2025.pdf,15,0.1008403361344537,2,0.1008403361344537,0.1008403361344537,0.1008403361344537,0.0504201680672268,2,0,
LOVE,LOVE-LOVESAC CO (THE)-2025.pdf,22,0.0,0,0.0,0.0,0.0,0.0,0,0,
LOVE,LOVE-LOVESAC CO (THE)-2025.pdf,26,0.0,0,0.0,0.0,0.0,0.0,0,0,
LOVE,LOVE-LOVESAC CO (THE)-2025.pdf,27,0.0,0,0.0,0.0,0.0,0.0,0,0,
LOVE,LOVE-LOVESAC CO (THE)-2025.pdf,30,0.9117647058823528,1,0.0,0.0,0.9117647058823528,0.9117647058823528,2,1,
LOVE,LOVE-LOVESAC CO (THE)-2025.pdf,32,0.0373405501089324,2,0.0373405501089324,0.0373405501089324,0.0373405501089324,0.0334946895424836,2,0,
LOVE,LOVE-LOVESAC CO (THE)-2025.pdf,34,0.1675280112044818,1,0.1675280112044818,0.1675280112044818,0.1675280112044818,0.1675280112044818,3,0,
LOVE,LOVE-LOVESAC CO (THE)-2025.pdf,37,0.3039215686274509,1,0.3039215686274509,0.3039215686274509,0.3039215686274509,0.3039215686274509,2,0,
LOVE,LOVE-LOVESAC CO (THE)-2025.pdf,44,0.0,0,0.0,0.0,0.0,0.0,0,0,
LOVE,LOVE-LOVESAC CO (THE)-2025.pdf,45,0.0,0,0.0,0.0,0.0,0.0,0,0,
LOVE,LOVE-LOVESAC CO (THE)-2025.pdf,47,0.0,0,0.0,0.0,0.0,0.0,0,0,
LOVE,LOVE-LOVESAC CO (THE)-2025.pdf,48,0.0,0,0.0,0.0,0.0,0.0,0,0,
LOVE,LOVE-LOVESAC CO (THE)-2025.pdf,50,0.4623229276785091,1,0.4623229276785091,0.4623229276785091,0.4623229276785091,0.4623229276785091,39,0,
LOVE,LOVE-LOVESAC CO (THE)-2025.pdf,51,0.703485514883054,1,0.703485514883054,0.703485514883054,0.703485514883054,0.703485514883054,63,0,
LOVE,LOVE-LOVESAC CO (THE)-2025.pdf,52,0.525535050424434,1,0.525535050424434,0.525535050424434,0.525535050424434,0.525535050424434,28,0,
LOVE,LOVE-LOVESAC CO (THE)-2025.pdf,53,0.7176015285229833,1,0.7176015285229833,0.7176015285229833,0.7176015285229833,0.7176015285229833,26,0,
LOVE,LOVE-LOVESAC CO (THE)-2025.pdf,54,0.6622127195275487,1,0.6622127195275487,0.6622127195275487,0.6622127195275487,0.6622127195275487,36,0,
LOVE,LOVE-LOVESAC CO (THE)-2025.pdf,55,0.580158570699113,1,0.580158570699113,0.580158570699113,0.580158570699113,0.580158570699113,54,0,
LOVE,LOVE-LOVESAC CO (THE)-2025.pdf,56,0.0,0,0.0,0.0,0.0,0.0,0,0,
LOVE,LOVE-LOVESAC CO (THE)-2025.pdf,57,0.4891330978202463,2,0.4891330978202463,0.4891330978202463,0.4891330978202463,0.4206804759162215,16,0,
LOVE,LOVE-LOVESAC CO (THE)-2025.pdf,59,0.0,0,0.0,0.0,0.0,0.0,0,0,
LOVE,LOVE-LOVESAC CO (THE)-2025.pdf,60,0.0,0,0.0,0.0,0.0,0.0,0,0,
LOVE,LOVE-LOVESAC CO (THE)-2025.pdf,61,0.0,0,0.0,0.0,0.0,0.0,0,0,
LOVE,LOVE-LOVESAC CO (THE)-2025.pdf,63,0.0,0,0.0,0.0,0.0,0.0,0,0,
LOVE,LOVE-LOVESAC CO (THE)-2025.pdf,64,0.0,0,0.0,0.0,0.0,0.0,0,0,
LOW,LOW-LOWE'S COS INC-2021.pdf,3,0.0,0,0.0,0.0,0.0,0.0,0,0,
LOW,LOW-LOWE'S COS INC-2021.pdf,6,0.6611689870468769,1,0.6611689870468769,0.6611689870468769,0.6611689870468769,0.6611689870468769,90,0,
LOW,LOW-LOWE'S COS INC-2021.pdf,10,0.514573559670782,1,0.514573559670782,0.514573559670782,0.514573559670782,0.514573559670782,33,0,
LOW,LOW-LOWE'S COS INC-2021.pdf,13,0.0,0,0.0,0.0,0.0,0.0,0,0,
LOW,LOW-LOWE'S COS INC-2021.pdf,14,0.3568722059193887,2,0.3568722059193887,0.3568722059193887,0.3568722059193887,0.2389536916473766,4,0,
LOW,LOW-LOWE'S COS INC-2021.pdf,15,0.0,0,0.0,0.0,0.0,0.0,0,0,
LOW,LOW-LOWE'S COS INC-2021.pdf,16,0.0,0,0.0,0.0,0.0,0.0,0,0,
LOW,LOW-LOWE'S COS INC-2021.pdf,17,0.0,0,0.0,0.0,0.0,0.0,0,0,
LOW,LOW-LOWE'S COS INC-2021.pdf,18,0.0,0,0.0,0.0,0.0,0.0,0,0,
LOW,LOW-LOWE'S COS INC-2021.pdf,20,0.0,0,0.0,0.0,0.0,0.0,0,0,
LOW,LOW-LOWE'S COS INC-2021.pdf,22,0.0,0,0.0,0.0,0.0,0.0,0,0,
LOW,LOW-LOWE'S COS INC-2021.pdf,23,0.0,0,0.0,0.0,0.0,0.0,0,0,
LOW,LOW-LOWE'S COS INC-2021.pdf,24,0.0,0,0.0,0.0,0.0,0.0,0,0,
LOW,LOW-LOWE'S COS INC-2021.pdf,25,0.0,0,0.0,0.0,0.0,0.0,0,0,
LOW,LOW-LOWE'S COS INC-2021.pdf,27,0.0,0,0.0,0.0,0.0,0.0,0,0,
LOW,LOW-LOWE'S COS INC-2021.pdf,28,0.0,0,0.0,0.0,0.0,0.0,0,0,
LOW,LOW-LOWE'S COS INC-2021.pdf,32,0.0,0,0.0,0.0,0.0,0.0,0,0,
LOW,LOW-LOWE'S COS INC-2021.pdf,34,0.0,0,0.0,0.0,0.0,0.0,0,0,
LOW,LOW-LOWE'S COS INC-2021.pdf,35,0.0,0,0.0,0.0,0.0,0.0,0,0,
LOW,LOW-LOWE'S COS INC-2021.pdf,39,0.0,0,0.0,0.0,0.0,0.0,0,0,
LOW,LOW-LOWE'S COS INC-2021.pdf,41,0.0831958818935399,1,0.0831958818935399,0.0831958818935399,0.0831958818935399,0.0831958818935399,2,0,
LOW,LOW-LOWE'S COS INC-2021.pdf,42,0.036007745955772,1,0.036007745955772,0.036007745955772,0.036007745955772,0.036007745955772,2,0,
LOW,LOW-LOWE'S COS INC-2021.pdf,43,0.0,0,0.0,0.0,0.0,0.0,0,0,
LOW,LOW-LOWE'S COS INC-2021.pdf,44,0.0,0,0.0,0.0,0.0,0.0,0,0,
LOW,LOW-LOWE'S COS INC-2021.pdf,45,0.0,0,0.0,0.0,0.0,0.0,0,0,
LOW,LOW-LOWE'S COS INC-2021.pdf,46,0.0,0,0.0,0.0,0.0,0.0,0,0,
LOW,LOW-LOWE'S COS INC-2021.pdf,47,0.0,0,0.0,0.0,0.0,0.0,0,0,
LOW,LOW-LOWE'S COS INC-2021.pdf,50,0.6897424811095215,1,0.6897424811095215,0.6897424811095215,0.6897424811095215,0.6897424811095215,74,0,
LOW,LOW-LOWE'S COS INC-2021.pdf,51,0.2213541689439729,1,0.2213541689439729,0.2213541689439729,0.2213541689439729,0.2213541689439729,26,0,
LOW,LOW-LOWE'S COS INC-2021.pdf,52,0.0839120389794453,1,0.0839120389794453,0.0839120389794453,0.0839120389794453,0.0839120389794453,6,0,
LOW,LOW-LOWE'S COS INC-2021.pdf,54,0.1388888910322359,1,0.1388888910322359,0.1388888910322359,0.1388888910322359,0.1388888910322359,8,0,
LOW,LOW-LOWE'S COS INC-2021.pdf,55,0.0839120396269147,1,0.0839120396269147,0.0839120396269147,0.0839120396269147,0.0839120396269147,6,0,
LOW,LOW-LOWE'S COS INC-2021.pdf,56,0.1114004650259345,1,0.1114004650259345,0.1114004650259345,0.1114004650259345,0.1114004650259345,7,0,
LOW,LOW-LOWE'S COS INC-2021.pdf,58,0.0839120385909636,1,0.0839120385909636,0.0839120385909636,0.0839120385909636,0.0839120385909636,6,0,
LOW,LOW-LOWE'S COS INC-2021.pdf,59,0.0839120385909636,1,0.0839120385909636,0.0839120385909636,0.0839120385909636,0.0839120385909636,6,0,
LOW,LOW-LOWE'S COS INC-2021.pdf,61,0.0,0,0.0,0.0,0.0,0.0,0,0,
LOW,LOW-LOWE'S COS INC-2021.pdf,62,0.462847758058985,1,0.462847758058985,0.462847758058985,0.462847758058985,0.462847758058985,21,0,
LOW,LOW-LOWE'S COS INC-2021.pdf,63,0.5731137778367198,1,0.5731137778367198,0.5731137778367198,0.5731137778367198,0.5731137778367198,21,0,
LOW,LOW-LOWE'S COS INC-2021.pdf,64,0.0,0,0.0,0.0,0.0,0.0,0,0,
LOW,LOW-LOWE'S COS INC-2021.pdf,65,0.2893158631653401,2,0.2893158631653401,0.2893158631653401,0.2893158631653401,0.2365048688666432,18,0,
M,M-MACY'S INC-2022.pdf,3,0.0151515151515151,1,0.0151515151515151,0.0151515151515151,0.0151515151515151,0.0151515151515151,4,0,
M,M-MACY'S INC-2022.pdf,4,0.0,0,0.0,0.0,0.0,0.0,0,0,
M,M-MACY'S INC-2022.pdf,10,0.0151515151515151,1,0.0151515151515151,0.0151515151515151,0.0151515151515151,0.0151515151515151,4,0,
M,M-MACY'S INC-2022.pdf,11,0.0151515151515151,1,0.0151515151515151,0.0151515151515151,0.0151515151515151,0.0151515151515151,4,0,
M,M-MACY'S INC-2022.pdf,12,0.0151515151515151,1,0.0151515151515151,0.0151515151515151,0.0151515151515151,0.0151515151515151,4,0,
M,M-MACY'S INC-2022.pdf,13,0.0151515151515151,1,0.0151515151515151,0.0151515151515151,0.0151515151515151,0.0151515151515151,4,0,
M,M-MACY'S INC-2022.pdf,18,0.0,0,0.0,0.0,0.0,0.0,0,0,
M,M-MACY'S INC-2022.pdf,22,0.0,0,0.0,0.0,0.0,0.0,0,0,
M,M-MACY'S INC-2022.pdf,27,0.0,0,0.0,0.0,0.0,0.0,0,0,
M,M-MACY'S INC-2022.pdf,30,0.9983651960784312,1,0.0,0.0,0.0,0.9983651960784312,2,1,
M,M-MACY'S INC-2022.pdf,31,0.0,0,0.0,0.0,0.0,0.0,0,0,
M,M-MACY'S INC-2022.pdf,33,0.0553736738797561,1,0.0553736738797561,0.0553736738797561,0.0553736738797561,0.0553736738797561,16,0,
M,M-MACY'S INC-2022.pdf,39,0.0,0,0.0,0.0,0.0,0.0,0,0,
M,M-MACY'S INC-2022.pdf,41,0.0,0,0.0,0.0,0.0,0.0,0,0,
M,M-MACY'S INC-2022.pdf,43,0.0,0,0.0,0.0,0.0,0.0,0,0,
M,M-MACY'S INC-2022.pdf,45,0.0,0,0.0,0.0,0.0,0.0,0,0,
M,M-MACY'S INC-2022.pdf,59,0.0,0,0.0,0.0,0.0,0.0,0,0,
M,M-MACY'S INC-2022.pdf,62,0.0,0,0.0,0.0,0.0,0.0,0,0,
M,M-MACY'S INC-2022.pdf,64,1.0,1,1.0,1.0,1.0,1.0,5,0,
M,M-MACY'S INC-2022.pdf,65,1.0,1,1.0,1.0,1.0,1.0,5,0,
MELI,MELI-MERCADOLIBRE-2023.pdf,3,0.0042866355399408,1,0.0042866355399408,0.0042866355399408,0.0042866355399408,0.0042866355399408,2,0,
MELI,MELI-MERCADOLIBRE-2023.pdf,5,0.0050498495646495,1,0.0050498495646495,0.0050498495646495,0.0050498495646495,0.0050498495646495,4,0,
MELI,MELI-MERCADOLIBRE-2023.pdf,9,0.00434907038658,1,0.00434907038658,0.00434907038658,0.00434907038658,0.00434907038658,2,0,
MELI,MELI-MERCADOLIBRE-2023.pdf,11,1.00434907038658,2,0.00434907038658,0.00434907038658,0.00434907038658,1.0,4,1,
MELI,MELI-MERCADOLIBRE-2023.pdf,12,0.3863920259686806,2,0.3863920259686806,0.3863920259686806,0.3863920259686806,0.3820429555821005,9,0,
MELI,MELI-MERCADOLIBRE-2023.pdf,15,0.00434907038658,1,0.00434907038658,0.00434907038658,0.00434907038658,0.00434907038658,2,0,
MELI,MELI-MERCADOLIBRE-2023.pdf,16,0.00434907038658,1,0.00434907038658,0.00434907038658,0.00434907038658,0.00434907038658,2,0,
MELI,MELI-MERCADOLIBRE-2023.pdf,20,0.00434907038658,1,0.00434907038658,0.00434907038658,0.00434907038658,0.00434907038658,2,0,
MELI,MELI-MERCADOLIBRE-2023.pdf,22,0.00434907038658,1,0.00434907038658,0.00434907038658,0.00434907038658,0.00434907038658,2,0,
MELI,MELI-MERCADOLIBRE-2023.pdf,24,0.0063251357692885,2,0.0063251357692885,0.0063251357692885,0.0063251357692885,0.00434907038658,2,0,
MELI,MELI-MERCADOLIBRE-2023.pdf,27,0.0063251357692885,2,0.0063251357692885,0.0063251357692885,0.0063251357692885,0.00434907038658,2,0,
MELI,MELI-MERCADOLIBRE-2023.pdf,29,0.0063251357692885,2,0.0063251357692885,0.0063251357692885,0.0063251357692885,0.00434907038658,2,0,
MELI,MELI-MERCADOLIBRE-2023.pdf,31,0.0063251357692885,2,0.0063251357692885,0.0063251357692885,0.0063251357692885,0.00434907038658,2,0,
MELI,MELI-MERCADOLIBRE-2023.pdf,35,0.0052945237588731,3,0.0052945237588731,0.0052945237588731,0.0052945237588731,0.00434907038658,2,0,
MELI,MELI-MERCADOLIBRE-2023.pdf,36,0.00434907038658,1,0.00434907038658,0.00434907038658,0.00434907038658,0.00434907038658,2,0,
MELI,MELI-MERCADOLIBRE-2023.pdf,37,0.00434907038658,1,0.00434907038658,0.00434907038658,0.00434907038658,0.00434907038658,2,0,
MELI,MELI-MERCADOLIBRE-2023.pdf,38,0.00434907038658,1,0.00434907038658,0.00434907038658,0.00434907038658,0.00434907038658,2,0,
MELI,MELI-MERCADOLIBRE-2023.pdf,41,0.0191471621025563,2,0.0191471621025563,0.0191471621025563,0.0191471621025563,0.0147980917159763,2,0,
MELI,MELI-MERCADOLIBRE-2023.pdf,47,0.005667005507408,2,0.005667005507408,0.005667005507408,0.005667005507408,0.00434907038658,2,0,
MELI,MELI-MERCADOLIBRE-2023.pdf,50,0.005667005507408,2,0.005667005507408,0.005667005507408,0.005667005507408,0.00434907038658,2,0,
MELI,MELI-MERCADOLIBRE-2023.pdf,57,0.3070634090122273,2,0.3070634090122273,0.3070634090122273,0.3070634090122273,0.3027143386256472,12,0,
MELI,MELI-MERCADOLIBRE-2023.pdf,63,0.00434907038658,1,0.00434907038658,0.00434907038658,0.00434907038658,0.00434907038658,2,0,
MELI,MELI-MERCADOLIBRE-2023.pdf,67,0.00434907038658,1,0.00434907038658,0.00434907038658,0.00434907038658,0.00434907038658,2,0,
MELI,MELI-MERCADOLIBRE-2023.pdf,69,0.00434907038658,1,0.00434907038658,0.00434907038658,0.00434907038658,0.00434907038658,2,0,
MELI,MELI-MERCADOLIBRE-2023.pdf,76,0.0266721300738489,3,0.0266721300738489,0.0266721300738489,0.0266721300738489,0.0200805155371671,5,0,
MELI,MELI-MERCADOLIBRE-2023.pdf,79,0.0266721300738489,3,0.0266721300738489,0.0266721300738489,0.0266721300738489,0.0200805155371671,5,0,
MELI,MELI-MERCADOLIBRE-2023.pdf,82,0.0261081498593518,3,0.0261081498593518,0.0261081498593518,0.0261081498593518,0.0195165353226701,5,0,
MELI,MELI-MERCADOLIBRE-2023.pdf,83,0.0270009305389007,3,0.0270009305389007,0.0270009305389007,0.0270009305389007,0.0204093160022189,5,0,
MELI,MELI-MERCADOLIBRE-2023.pdf,87,0.0262921369479243,3,0.0262921369479243,0.0262921369479243,0.0262921369479243,0.0197005224112426,4,0,
MELI,MELI-MERCADOLIBRE-2024.pdf,5,0.0177072699334319,1,0.0177072699334319,0.0177072699334319,0.0177072699334319,0.0177072699334319,2,0,
MELI,MELI-MERCADOLIBRE-2024.pdf,6,0.0,0,0.0,0.0,0.0,0.0,0,0,
MELI,MELI-MERCADOLIBRE-2024.pdf,7,0.0321619822485207,2,0.0321619822485207,0.0321619822485207,0.0321619822485207,0.0160809911242603,2,0,
MELI,MELI-MERCADOLIBRE-2024.pdf,16,0.0,0,0.0,0.0,0.0,0.0,0,0,
MELI,MELI-MERCADOLIBRE-2024.pdf,17,0.025030048076923,1,0.025030048076923,0.025030048076923,0.025030048076923,0.025030048076923,2,0,
MELI,MELI-MERCADOLIBRE-2024.pdf,20,0.0,0,0.0,0.0,0.0,0.0,0,0,
MELI,MELI-MERCADOLIBRE-2024.pdf,23,0.0,0,0.0,0.0,0.0,0.0,0,0,
MELI,MELI-MERCADOLIBRE-2024.pdf,25,0.0,0,0.0,0.0,0.0,0.0,0,0,
MELI,MELI-MERCADOLIBRE-2024.pdf,36,0.0,0,0.0,0.0,0.0,0.0,0,0,
MELI,MELI-MERCADOLIBRE-2024.pdf,43,0.0,0,0.0,0.0,0.0,0.0,0,0,
MELI,MELI-MERCADOLIBRE-2024.pdf,47,0.0025147928994082,1,0.0025147928994082,0.0025147928994082,0.0025147928994082,0.0025147928994082,2,0,
MELI,MELI-MERCADOLIBRE-2024.pdf,49,0.0,0,0.0,0.0,0.0,0.0,0,0,
MELI,MELI-MERCADOLIBRE-2024.pdf,50,0.0,0,0.0,0.0,0.0,0.0,0,0,
MELI,MELI-MERCADOLIBRE-2024.pdf,55,0.0,0,0.0,0.0,0.0,0.0,0,0,
MELI,MELI-MERCADOLIBRE-2024.pdf,58,0.0,0,0.0,0.0,0.0,0.0,0,0,
MELI,MELI-MERCADOLIBRE-2024.pdf,62,0.0,0,0.0,0.0,0.0,0.0,0,0,
MELI,MELI-MERCADOLIBRE-2024.pdf,64,0.0740541263221153,1,0.0740541263221153,0.0740541263221153,0.0740541263221153,0.0740541263221153,6,0,
MELI,MELI-MERCADOLIBRE-2024.pdf,65,0.0225991647928994,1,0.0225991647928994,0.0225991647928994,0.0225991647928994,0.0225991647928994,4,0,
MELI,MELI-MERCADOLIBRE-2024.pdf,73,0.4282544378698225,1,0.4282544378698225,0.4282544378698225,0.4282544378698225,0.4282544378698225,6,0,
MELI,MELI-MERCADOLIBRE-2024.pdf,74,0.0452448224852071,2,0.0452448224852071,0.0452448224852071,0.0452448224852071,0.0226224112426035,4,0,
MELI,MELI-MERCADOLIBRE-2024.pdf,80,0.0423672522189349,1,0.0423672522189349,0.0423672522189349,0.0423672522189349,0.0423672522189349,5,0,
MELI,MELI-MERCADOLIBRE-2024.pdf,81,0.0219726331360946,1,0.0219726331360946,0.0219726331360946,0.0219726331360946,0.0219726331360946,3,0,
MELI,MELI-MERCADOLIBRE-2024.pdf,83,0.0729943280254325,2,0.0729943280254325,0.0729943280254325,0.0729943280254325,0.0429312315088757,4,0,
MELI,MELI-MERCADOLIBRE-2024.pdf,87,0.0429312315088757,1,0.0429312315088757,0.0429312315088757,0.0429312315088757,0.0429312315088757,4,0,
MELI,MELI-MERCADOLIBRE-2024.pdf,88,0.0867834233351959,3,0.0867834233351959,0.0867834233351959,0.0867834233351959,0.041689349112426,4,0,
MELI,MELI-MERCADOLIBRE-2024.pdf,89,0.0370037068925665,2,0.0370037068925665,0.0370037068925665,0.0370037068925665,0.0219726331360946,3,0,
MNRO,MNRO-MONRO INC-2023.pdf,5,0.0,0,0.0,0.0,0.0,0.0,0,0,
MNRO,MNRO-MONRO INC-2023.pdf,6,0.0,0,0.0,0.0,0.0,0.0,0,0,
MNRO,MNRO-MONRO INC-2023.pdf,8,0.4125432240853573,2,0.4125432240853573,0.4125432240853573,0.4125432240853573,0.4115127434172453,3,0,
MNRO,MNRO-MONRO INC-2023.pdf,13,0.0,0,0.0,0.0,0.0,0.0,0,0,
MNRO,MNRO-MONRO INC-2023.pdf,17,0.0,0,0.0,0.0,0.0,0.0,0,0,
MNRO,MNRO-MONRO INC-2023.pdf,19,0.0,0,0.0,0.0,0.0,0.0,0,0,
MNRO,MNRO-MONRO INC-2023.pdf,21,0.0,0,0.0,0.0,0.0,0.0,0,0,
MNRO,MNRO-MONRO INC-2023.pdf,23,0.0,0,0.0,0.0,0.0,0.0,0,0,
MNRO,MNRO-MONRO INC-2023.pdf,24,0.0,0,0.0,0.0,0.0,0.0,0,0,
MNRO,MNRO-MONRO INC-2023.pdf,27,0.0,0,0.0,0.0,0.0,0.0,0,0,
MNRO,MNRO-MONRO INC-2023.pdf,31,0.0,0,0.0,0.0,0.0,0.0,0,0,
MNRO,MNRO-MONRO INC-2023.pdf,33,0.004232286022631,1,0.004232286022631,0.004232286022631,0.004232286022631,0.004232286022631,2,0,
MNRO,MNRO-MONRO INC-2025.pdf,5,0.0,0,0.0,0.0,0.0,0.0,0,0,
MNRO,MNRO-MONRO INC-2025.pdf,7,0.0,0,0.0,0.0,0.0,0.0,0,0,
MNRO,MNRO-MONRO INC-2025.pdf,17,0.0,0,0.0,0.0,0.0,0.0,0,0,
MNRO,MNRO-MONRO INC-2025.pdf,18,0.0,0,0.0,0.0,0.0,0.0,0,0,
MNRO,MNRO-MONRO INC-2025.pdf,21,0.0,0,0.0,0.0,0.0,0.0,0,0,
MNRO,MNRO-MONRO INC-2025.pdf,24,0.0,0,0.0,0.0,0.0,0.0,0,0,
MNRO,MNRO-MONRO INC-2025.pdf,25,0.0,0,0.0,0.0,0.0,0.0,0,0,
MNRO,MNRO-MONRO INC-2025.pdf,33,0.0825284710165894,1,0.0825284710165894,0.0825284710165894,0.0825284710165894,0.0825284710165894,2,0,
MOV,MOV-MOVADO GROUP INC-2024.pdf,4,0.999242417878788,1,0.0,0.0,0.0,0.999242417878788,3,1,
MOV,MOV-MOVADO GROUP INC-2024.pdf,11,0.0,0,0.0,0.0,0.0,0.0,0,0,
MOV,MOV-MOVADO GROUP INC-2024.pdf,14,0.0,0,0.0,0.0,0.0,0.0,0,0,
MOV,MOV-MOVADO GROUP INC-2024.pdf,17,1.0044973063973064,1,1.0044973063973064,1.0044973063973064,1.0044973063973064,1.0044973063973064,5,0,
MOV,MOV-MOVADO GROUP INC-2024.pdf,19,0.999242417878788,1,0.0,0.0,0.0,0.999242417878788,3,1,
MOV,MOV-MOVADO GROUP INC-2024.pdf,23,0.0,0,0.0,0.0,0.0,0.0,0,0,
MOV,MOV-MOVADO GROUP INC-2024.pdf,27,0.0,0,0.0,0.0,0.0,0.0,0,0,
MOV,MOV-MOVADO GROUP INC-2024.pdf,31,1.0,1,0.0,0.0,0.0,1.0,3,1,
MOV,MOV-MOVADO GROUP INC-2024.pdf,37,0.1195048417653378,3,0.1195048417653378,0.1195048417653378,0.1195048417653378,0.0472701736874236,30,0,
MOV,MOV-MOVADO GROUP INC-2024.pdf,38,0.0,0,0.0,0.0,0.0,0.0,0,0,
MOV,MOV-MOVADO GROUP INC-2024.pdf,44,0.0,0,0.0,0.0,0.0,0.0,0,0,
MOV,MOV-MOVADO GROUP INC-2024.pdf,60,0.0,0,0.0,0.0,0.0,0.0,0,0,
MOV,MOV-MOVADO GROUP INC-2024.pdf,61,0.0,0,0.0,0.0,0.0,0.0,0,0,
MUSA,MUSA-MURPHY USA INC-2023.pdf,4,0.0,0,0.0,0.0,0.0,0.0,0,0,
MUSA,MUSA-MURPHY USA INC-2023.pdf,5,0.0607188206791763,2,0.0607188206791763,0.0607188206791763,0.0607188206791763,0.0463063344517264,8,0,
MUSA,MUSA-MURPHY USA INC-2023.pdf,9,0.0,0,0.0,0.0,0.0,0.0,0,0,
MUSA,MUSA-MURPHY USA INC-2023.pdf,13,0.0396549517368826,1,0.0396549517368826,0.0396549517368826,0.0396549517368826,0.0396549517368826,2,0,
MUSA,MUSA-MURPHY USA INC-2023.pdf,22,0.0,0,0.0,0.0,0.0,0.0,0,0,
MUSA,MUSA-MURPHY USA INC-2023.pdf,27,0.1589810536326195,2,0.1589810536326195,0.1589810536326195,0.1589810536326195,0.1193316805917245,11,0,
MUSA,MUSA-MURPHY USA INC-2023.pdf,28,0.1254190595541328,4,0.1254190595541328,0.1254190595541328,0.1254190595541328,0.0396549517368826,2,0,
MUSA,MUSA-MURPHY USA INC-2023.pdf,29,0.0150670155767746,1,0.0150670155767746,0.0150670155767746,0.0150670155767746,0.0150670155767746,3,0,
MUSA,MUSA-MURPHY USA INC-2023.pdf,34,0.0,0,0.0,0.0,0.0,0.0,0,0,
NWL,NWL-NEWELL BRANDS INC-2022.pdf,4,0.3752049780380673,1,0.3752049780380673,0.3752049780380673,0.3752049780380673,0.3752049780380673,16,0,
NWL,NWL-NEWELL BRANDS INC-2022.pdf,5,0.0658857979502196,1,0.0658857979502196,0.0658857979502196,0.0658857979502196,0.0658857979502196,7,0,
NWL,NWL-NEWELL BRANDS INC-2022.pdf,10,0.9996559297218156,1,0.9996559297218156,0.9996559297218156,0.9996559297218156,0.9996559297218156,19,0,
NWL,NWL-NEWELL BRANDS INC-2022.pdf,14,0.9996559297218156,1,0.9996559297218156,0.9996559297218156,0.9996559297218156,0.9996559297218156,9,0,
NWL,NWL-NEWELL BRANDS INC-2022.pdf,15,0.1653963259516837,2,0.1653963259516837,0.1653963259516837,0.1653963259516837,0.099510528001464,2,0,
NWL,NWL-NEWELL BRANDS INC-2022.pdf,18,0.4004392386530014,2,0.4004392386530014,0.4004392386530014,0.4004392386530014,0.3345534407027818,3,0,
NWL,NWL-NEWELL BRANDS INC-2022.pdf,21,0.9995823373889192,1,0.9995823373889192,0.9995823373889192,0.9995823373889192,0.9995823373889192,15,0,
NWL,NWL-NEWELL BRANDS INC-2022.pdf,22,0.2107386987554904,2,0.2107386987554904,0.2107386987554904,0.2107386987554904,0.1448529008052708,4,0,
NWL,NWL-NEWELL BRANDS INC-2022.pdf,23,0.3027818448023426,1,0.3027818448023426,0.3027818448023426,0.3027818448023426,0.3027818448023426,11,0,
NWL,NWL-NEWELL BRANDS INC-2022.pdf,24,0.4721822840409956,2,0.4721822840409956,0.4721822840409956,0.4721822840409956,0.4062964860907759,8,0,
NWL,NWL-NEWELL BRANDS INC-2022.pdf,26,0.9994380759764672,1,0.9994380759764672,0.9994380759764672,0.9994380759764672,0.9994380759764672,9,0,
NWL,NWL-NEWELL BRANDS INC-2022.pdf,29,0.9333144655167156,2,0.9333144655167156,0.9333144655167156,0.9333144655167156,0.7370994177800146,8,0,
NWL,NWL-NEWELL BRANDS INC-2022.pdf,32,0.4065694202964861,2,0.4065694202964861,0.4065694202964861,0.4065694202964861,0.3407145063140556,5,0,
NWL,NWL-NEWELL BRANDS INC-2022.pdf,33,0.40216288204612,1,0.40216288204612,0.40216288204612,0.40216288204612,0.40216288204612,9,0,
NWL,NWL-NEWELL BRANDS INC-2022.pdf,37,0.4070427126246796,2,0.4070427126246796,0.4070427126246796,0.4070427126246796,0.3413502823900377,8,0,
NWL,NWL-NEWELL BRANDS INC-2022.pdf,42,0.3936057904579977,2,0.3936057904579977,0.3936057904579977,0.3936057904579977,0.3279133317065235,3,0,
NWL,NWL-NEWELL BRANDS INC-2022.pdf,48,0.3521502419244143,2,0.3521502419244143,0.3521502419244143,0.3521502419244143,0.2864628591691068,2,0,
NWL,NWL-NEWELL BRANDS INC-2022.pdf,52,0.0,0,0.0,0.0,0.0,0.0,0,0,
NWL,NWL-NEWELL BRANDS INC-2022.pdf,53,0.0,0,0.0,0.0,0.0,0.0,0,0,
NWL,NWL-NEWELL BRANDS INC-2022.pdf,54,0.0,0,0.0,0.0,0.0,0.0,0,0,
NWL,NWL-NEWELL BRANDS INC-2022.pdf,55,0.0,0,0.0,0.0,0.0,0.0,0,0,
NWL,NWL-NEWELL BRANDS INC-2022.pdf,57,0.0,0,0.0,0.0,0.0,0.0,0,0,
NWL,NWL-NEWELL BRANDS INC-2022.pdf,58,0.0,0,0.0,0.0,0.0,0.0,0,0,
NWL,NWL-NEWELL BRANDS INC-2022.pdf,59,0.0,0,0.0,0.0,0.0,0.0,0,0,
NWL,NWL-NEWELL BRANDS INC-2022.pdf,60,0.0,0,0.0,0.0,0.0,0.0,0,0,
NWL,NWL-NEWELL BRANDS INC-2025.pdf,4,0.0,0,0.0,0.0,0.0,0.0,0,0,
NWL,NWL-NEWELL BRANDS INC-2025.pdf,11,0.0,0,0.0,0.0,0.0,0.0,0,0,
NWL,NWL-NEWELL BRANDS INC-2025.pdf,12,0.0,0,0.0,0.0,0.0,0.0,0,0,
NWL,NWL-NEWELL BRANDS INC-2025.pdf,14,0.0,0,0.0,0.0,0.0,0.0,0,0,
NWL,NWL-NEWELL BRANDS INC-2025.pdf,15,0.0,0,0.0,0.0,0.0,0.0,0,0,
NWL,NWL-NEWELL BRANDS INC-2025.pdf,17,0.0,0,0.0,0.0,0.0,0.0,0,0,
NWL,NWL-NEWELL BRANDS INC-2025.pdf,18,0.0,0,0.0,0.0,0.0,0.0,0,0,
NWL,NWL-NEWELL BRANDS INC-2025.pdf,19,0.0,0,0.0,0.0,0.0,0.0,0,0,
NWL,NWL-NEWELL BRANDS INC-2025.pdf,22,0.0,0,0.0,0.0,0.0,0.0,0,0,
NWL,NWL-NEWELL BRANDS INC-2025.pdf,23,0.0,0,0.0,0.0,0.0,0.0,0,0,
NWL,NWL-NEWELL BRANDS INC-2025.pdf,25,0.0,0,0.0,0.0,0.0,0.0,0,0,
NWL,NWL-NEWELL BRANDS INC-2025.pdf,27,0.0,0,0.0,0.0,0.0,0.0,0,0,
NWL,NWL-NEWELL BRANDS INC-2025.pdf,39,0.0,0,0.0,0.0,0.0,0.0,0,0,
NWL,NWL-NEWELL BRANDS INC-2025.pdf,42,0.0,0,0.0,0.0,0.0,0.0,0,0,
NWL,NWL-NEWELL BRANDS INC-2025.pdf,43,0.0,0,0.0,0.0,0.0,0.0,0,0,
OXM,OXM-OXFORD INDUSTRIES INC-2021.pdf,2,0.0580656545025417,1,0.0580656545025417,0.0580656545025417,0.0580656545025417,0.0580656545025417,3,0,
OXM,OXM-OXFORD INDUSTRIES INC-2021.pdf,4,0.0,0,0.0,0.0,0.0,0.0,0,0,
OXM,OXM-OXFORD INDUSTRIES INC-2021.pdf,10,0.0,0,0.0,0.0,0.0,0.0,0,0,
OXM,OXM-OXFORD INDUSTRIES INC-2021.pdf,13,0.0,0,0.0,0.0,0.0,0.0,0,0,
OXM,OXM-OXFORD INDUSTRIES INC-2021.pdf,15,0.3878676470588235,2,0.3878676470588235,0.3878676470588235,0.3878676470588235,0.1939338235294117,2,0,
OXM,OXM-OXFORD INDUSTRIES INC-2021.pdf,16,0.017388046364379,1,0.017388046364379,0.017388046364379,0.017388046364379,0.017388046364379,2,0,
OXM,OXM-OXFORD INDUSTRIES INC-2021.pdf,17,0.0,0,0.0,0.0,0.0,0.0,0,0,
OXM,OXM-OXFORD INDUSTRIES INC-2021.pdf,19,0.0,0,0.0,0.0,0.0,0.0,0,0,
OXM,OXM-OXFORD INDUSTRIES INC-2021.pdf,28,0.5809644216367104,1,0.5809644216367104,0.5809644216367104,0.5809644216367104,0.5809644216367104,2,0,
OXM,OXM-OXFORD INDUSTRIES INC-2021.pdf,30,0.6265065728258895,2,0.6265065728258895,0.6265065728258895,0.6265065728258895,0.4431137156830324,3,0,
OXM,OXM-OXFORD INDUSTRIES INC-2021.pdf,31,0.0,0,0.0,0.0,0.0,0.0,0,0,
OXM,OXM-OXFORD INDUSTRIES INC-2021.pdf,33,0.0,0,0.0,0.0,0.0,0.0,0,0,
OXM,OXM-OXFORD INDUSTRIES INC-2021.pdf,34,0.0318975970017636,1,0.0318975970017636,0.0318975970017636,0.0318975970017636,0.0318975970017636,2,0,
OXM,OXM-OXFORD INDUSTRIES INC-2021.pdf,35,0.8655949267785817,4,0.8655949267785817,0.8655949267785817,0.8655949267785817,0.5738399287724348,5,0,
OXM,OXM-OXFORD INDUSTRIES INC-2021.pdf,37,0.2603968740273887,2,0.2603968740273887,0.2603968740273887,0.2603968740273887,0.133461170926704,2,0,
OXM,OXM-OXFORD INDUSTRIES INC-2021.pdf,38,0.8218253535441954,4,0.8218253535441954,0.8218253535441954,0.8218253535441954,0.6362379585862122,3,0,
OXM,OXM-OXFORD INDUSTRIES INC-2021.pdf,39,0.3724052858180309,4,0.3724052858180309,0.3724052858180309,0.3724052858180309,0.1854142027181243,2,0,
OXM,OXM-OXFORD INDUSTRIES INC-2021.pdf,42,0.0,0,0.0,0.0,0.0,0.0,0,0,
OXM,OXM-OXFORD INDUSTRIES INC-2021.pdf,45,0.0,0,0.0,0.0,0.0,0.0,0,0,
PAG,PAG-PENSKE AUTOMOTIVE GROUP INC-2022.pdf,3,0.0,0,0.0,0.0,0.0,0.0,0,0,
PAG,PAG-PENSKE AUTOMOTIVE GROUP INC-2022.pdf,4,0.0,0,0.0,0.0,0.0,0.0,0,0,
PAG,PAG-PENSKE AUTOMOTIVE GROUP INC-2022.pdf,5,0.0,0,0.0,0.0,0.0,0.0,0,0,
PAG,PAG-PENSKE AUTOMOTIVE GROUP INC-2022.pdf,7,0.0,0,0.0,0.0,0.0,0.0,0,0,
PAG,PAG-PENSKE AUTOMOTIVE GROUP INC-2022.pdf,8,0.0,0,0.0,0.0,0.0,0.0,0,0,
PAG,PAG-PENSKE AUTOMOTIVE GROUP INC-2022.pdf,10,0.0,0,0.0,0.0,0.0,0.0,0,0,
PAG,PAG-PENSKE AUTOMOTIVE GROUP INC-2022.pdf,11,0.2158949459587119,1,0.2158949459587119,0.2158949459587119,0.2158949459587119,0.2158949459587119,2,0,
PAG,PAG-PENSKE AUTOMOTIVE GROUP INC-2022.pdf,12,0.0,0,0.0,0.0,0.0,0.0,0,0,
PAG,PAG-PENSKE AUTOMOTIVE GROUP INC-2022.pdf,13,0.0,0,0.0,0.0,0.0,0.0,0,0,
PAG,PAG-PENSKE AUTOMOTIVE GROUP INC-2022.pdf,15,0.0,0,0.0,0.0,0.0,0.0,0,0,
PAG,PAG-PENSKE AUTOMOTIVE GROUP INC-2022.pdf,17,0.0,0,0.0,0.0,0.0,0.0,0,0,
PAG,PAG-PENSKE AUTOMOTIVE GROUP INC-2022.pdf,19,0.0290324211454098,2,0.0290324211454098,0.0290324211454098,0.0290324211454098,0.0159927377677752,3,0,
PAG,PAG-PENSKE AUTOMOTIVE GROUP INC-2022.pdf,20,0.0,0,0.0,0.0,0.0,0.0,0,0,
PAG,PAG-PENSKE AUTOMOTIVE GROUP INC-2022.pdf,21,0.0,0,0.0,0.0,0.0,0.0,0,0,
PAG,PAG-PENSKE AUTOMOTIVE GROUP INC-2022.pdf,22,0.0,0,0.0,0.0,0.0,0.0,0,0,
PAG,PAG-PENSKE AUTOMOTIVE GROUP INC-2022.pdf,25,0.0,0,0.0,0.0,0.0,0.0,0,0,
PAG,PAG-PENSKE AUTOMOTIVE GROUP INC-2022.pdf,27,0.0,0,0.0,0.0,0.0,0.0,0,0,
PAG,PAG-PENSKE AUTOMOTIVE GROUP INC-2022.pdf,28,0.0,0,0.0,0.0,0.0,0.0,0,0,
PAG,PAG-PENSKE AUTOMOTIVE GROUP INC-2022.pdf,31,0.0,0,0.0,0.0,0.0,0.0,0,0,
PAG,PAG-PENSKE AUTOMOTIVE GROUP INC-2022.pdf,32,0.0,0,0.0,0.0,0.0,0.0,0,0,
PAG,PAG-PENSKE AUTOMOTIVE GROUP INC-2022.pdf,33,0.0,0,0.0,0.0,0.0,0.0,0,0,
PAG,PAG-PENSKE AUTOMOTIVE GROUP INC-2022.pdf,42,0.0,0,0.0,0.0,0.0,0.0,0,0,
PAG,PAG-PENSKE AUTOMOTIVE GROUP INC-2022.pdf,48,0.0,0,0.0,0.0,0.0,0.0,0,0,
PSMT,PSMT-PRICESMART INC-2024.pdf,6,0.0,0,0.0,0.0,0.0,0.0,0,0,
PSMT,PSMT-PRICESMART INC-2024.pdf,10,0.0,0,0.0,0.0,0.0,0.0,0,0,
PSMT,PSMT-PRICESMART INC-2024.pdf,11,0.0,0,0.0,0.0,0.0,0.0,0,0,
PSMT,PSMT-PRICESMART INC-2024.pdf,13,0.0,0,0.0,0.0,0.0,0.0,0,0,
PSMT,PSMT-PRICESMART INC-2024.pdf,15,0.0779805086701037,1,0.0779805086701037,0.0779805086701037,0.0779805086701037,0.0779805086701037,9,0,
PSMT,PSMT-PRICESMART INC-2024.pdf,17,0.0,0,0.0,0.0,0.0,0.0,0,0,
PSMT,PSMT-PRICESMART INC-2024.pdf,18,0.0029199137600467,1,0.0029199137600467,0.0029199137600467,0.0029199137600467,0.0029199137600467,6,0,
PSMT,PSMT-PRICESMART INC-2024.pdf,22,0.0,0,0.0,0.0,0.0,0.0,0,0,
PSMT,PSMT-PRICESMART INC-2024.pdf,23,0.0,0,0.0,0.0,0.0,0.0,0,0,
PSMT,PSMT-PRICESMART INC-2024.pdf,32,0.0049263929341997,1,0.0049263929341997,0.0049263929341997,0.0049263929341997,0.0049263929341997,3,0,
PSMT,PSMT-PRICESMART INC-2024.pdf,34,0.0,0,0.0,0.0,0.0,0.0,0,0,
PSMT,PSMT-PRICESMART INC-2024.pdf,38,0.0,0,0.0,0.0,0.0,0.0,0,0,
PSMT,PSMT-PRICESMART INC-2024.pdf,43,0.0,0,0.0,0.0,0.0,0.0,0,0,
PSMT,PSMT-PRICESMART INC-2024.pdf,46,0.0,0,0.0,0.0,0.0,0.0,0,0,
PSMT,PSMT-PRICESMART INC-2024.pdf,48,0.0,0,0.0,0.0,0.0,0.0,0,0,
PSMT,PSMT-PRICESMART INC-2024.pdf,50,0.0,0,0.0,0.0,0.0,0.0,0,0,
RL,RL-RALPH LAUREN CORP-2021.pdf,6,0.0,0,0.0,0.0,0.0,0.0,0,0,
RL,RL-RALPH LAUREN CORP-2021.pdf,7,0.0,0,0.0,0.0,0.0,0.0,0,0,
RL,RL-RALPH LAUREN CORP-2021.pdf,9,0.0,0,0.0,0.0,0.0,0.0,0,0,
RL,RL-RALPH LAUREN CORP-2021.pdf,11,0.0,0,0.0,0.0,0.0,0.0,0,0,
RL,RL-RALPH LAUREN CORP-2021.pdf,13,0.0,0,0.0,0.0,0.0,0.0,0,0,
RL,RL-RALPH LAUREN CORP-2021.pdf,14,0.0,0,0.0,0.0,0.0,0.0,0,0,
RL,RL-RALPH LAUREN CORP-2021.pdf,16,0.0,0,0.0,0.0,0.0,0.0,0,0,
RL,RL-RALPH LAUREN CORP-2021.pdf,19,0.0815246162464986,1,0.0815246162464986,0.0815246162464986,0.0815246162464986,0.0815246162464986,19,0,
RL,RL-RALPH LAUREN CORP-2021.pdf,20,0.0350525991821813,1,0.0350525991821813,0.0350525991821813,0.0350525991821813,0.0350525991821813,9,0,
RL,RL-RALPH LAUREN CORP-2021.pdf,22,0.0,0,0.0,0.0,0.0,0.0,0,0,
RL,RL-RALPH LAUREN CORP-2021.pdf,24,0.0,0,0.0,0.0,0.0,0.0,0,0,
RL,RL-RALPH LAUREN CORP-2021.pdf,25,0.0,0,0.0,0.0,0.0,0.0,0,0,
RL,RL-RALPH LAUREN CORP-2021.pdf,28,0.0,0,0.0,0.0,0.0,0.0,0,0,
RL,RL-RALPH LAUREN CORP-2021.pdf,29,0.0,0,0.0,0.0,0.0,0.0,0,0,
RL,RL-RALPH LAUREN CORP-2021.pdf,32,0.0,0,0.0,0.0,0.0,0.0,0,0,
RL,RL-RALPH LAUREN CORP-2021.pdf,33,0.0,0,0.0,0.0,0.0,0.0,0,0,
RL,RL-RALPH LAUREN CORP-2021.pdf,34,0.0,0,0.0,0.0,0.0,0.0,0,0,
RL,RL-RALPH LAUREN CORP-2021.pdf,35,0.0,0,0.0,0.0,0.0,0.0,0,0,
RL,RL-RALPH LAUREN CORP-2021.pdf,36,0.0423994204013171,1,0.0423994204013171,0.0423994204013171,0.0423994204013171,0.0423994204013171,9,0,
RL,RL-RALPH LAUREN CORP-2021.pdf,37,0.0,0,0.0,0.0,0.0,0.0,0,0,
RL,RL-RALPH LAUREN CORP-2021.pdf,38,0.0,0,0.0,0.0,0.0,0.0,0,0,
RL,RL-RALPH LAUREN CORP-2021.pdf,39,0.0,0,0.0,0.0,0.0,0.0,0,0,
RL,RL-RALPH LAUREN CORP-2021.pdf,42,0.0,0,0.0,0.0,0.0,0.0,0,0,
RL,RL-RALPH LAUREN CORP-2021.pdf,43,0.0,0,0.0,0.0,0.0,0.0,0,0,
RL,RL-RALPH LAUREN CORP-2021.pdf,45,0.0,0,0.0,0.0,0.0,0.0,0,0,
RL,RL-RALPH LAUREN CORP-2021.pdf,46,0.1775306368835412,2,0.1775306368835412,0.1775306368835412,0.1775306368835412,0.1649306368835412,3,0,
RL,RL-RALPH LAUREN CORP-2021.pdf,47,0.0,0,0.0,0.0,0.0,0.0,0,0,
RL,RL-RALPH LAUREN CORP-2021.pdf,58,0.7016626746839307,1,0.7016626746839307,0.7016626746839307,0.7016626746839307,0.7016626746839307,9,0,
RL,RL-RALPH LAUREN CORP-2021.pdf,59,0.761781755233893,1,0.761781755233893,0.761781755233893,0.761781755233893,0.761781755233893,15,0,
RL,RL-RALPH LAUREN CORP-2021.pdf,60,0.5995212449247376,1,0.5995212449247376,0.5995212449247376,0.5995212449247376,0.5995212449247376,29,0,
RL,RL-RALPH LAUREN CORP-2022.pdf,3,0.0518181818181817,1,0.0518181818181817,0.0518181818181817,0.0518181818181817,0.0518181818181817,2,0,
RL,RL-RALPH LAUREN CORP-2022.pdf,9,0.2065058847018991,2,0.2065058847018991,0.2065058847018991,0.2065058847018991,0.1546877028837174,2,0,
RL,RL-RALPH LAUREN CORP-2022.pdf,11,0.0518181818181817,1,0.0518181818181817,0.0518181818181817,0.0518181818181817,0.0518181818181817,2,0,
RL,RL-RALPH LAUREN CORP-2022.pdf,13,0.0518181818181817,1,0.0518181818181817,0.0518181818181817,0.0518181818181817,0.0518181818181817,2,0,
RL,RL-RALPH LAUREN CORP-2022.pdf,15,0.1305477737299464,2,0.1305477737299464,0.1305477737299464,0.1305477737299464,0.0787295919117647,3,0,
RL,RL-RALPH LAUREN CORP-2022.pdf,16,0.0518181818181817,1,0.0518181818181817,0.0518181818181817,0.0518181818181817,0.0518181818181817,2,0,
RL,RL-RALPH LAUREN CORP-2022.pdf,17,0.0518181818181817,1,0.0518181818181817,0.0518181818181817,0.0518181818181817,0.0518181818181817,2,0,
RL,RL-RALPH LAUREN CORP-2022.pdf,18,0.0518181818181817,1,0.0518181818181817,0.0518181818181817,0.0518181818181817,0.0518181818181817,2,0,
RL,RL-RALPH LAUREN CORP-2022.pdf,20,0.0518181818181817,1,0.0518181818181817,0.0518181818181817,0.0518181818181817,0.0518181818181817,2,0,
RL,RL-RALPH LAUREN CORP-2022.pdf,21,0.0518181818181817,1,0.0518181818181817,0.0518181818181817,0.0518181818181817,0.0518181818181817,2,0,
RL,RL-RALPH LAUREN CORP-2022.pdf,22,0.0518181818181817,1,0.0518181818181817,0.0518181818181817,0.0518181818181817,0.0518181818181817,2,0,
RL,RL-RALPH LAUREN CORP-2022.pdf,23,0.0518181818181817,1,0.0518181818181817,0.0518181818181817,0.0518181818181817,0.0518181818181817,2,0,
RL,RL-RALPH LAUREN CORP-2022.pdf,25,0.0518181818181817,1,0.0518181818181817,0.0518181818181817,0.0518181818181817,0.0518181818181817,2,0,
RL,RL-RALPH LAUREN CORP-2022.pdf,27,0.0518181818181817,1,0.0518181818181817,0.0518181818181817,0.0518181818181817,0.0518181818181817,2,0,
RL,RL-RALPH LAUREN CORP-2022.pdf,29,0.0518181818181817,1,0.0518181818181817,0.0518181818181817,0.0518181818181817,0.0518181818181817,2,0,
RL,RL-RALPH LAUREN CORP-2022.pdf,32,0.0518181818181817,1,0.0518181818181817,0.0518181818181817,0.0518181818181817,0.0518181818181817,2,0,
RL,RL-RALPH LAUREN CORP-2022.pdf,33,0.0882587690631807,2,0.0882587690631807,0.0882587690631807,0.0882587690631807,0.0518181818181817,2,0,
RL,RL-RALPH LAUREN CORP-2022.pdf,35,0.0518181818181817,1,0.0518181818181817,0.0518181818181817,0.0518181818181817,0.0518181818181817,2,0,
RL,RL-RALPH LAUREN CORP-2022.pdf,37,0.0518181818181817,1,0.0518181818181817,0.0518181818181817,0.0518181818181817,0.0518181818181817,2,0,
RL,RL-RALPH LAUREN CORP-2022.pdf,39,0.0518181818181817,1,0.0518181818181817,0.0518181818181817,0.0518181818181817,0.0518181818181817,2,0,
RL,RL-RALPH LAUREN CORP-2022.pdf,40,0.1237623539988666,2,0.1237623539988666,0.1237623539988666,0.1237623539988666,0.0719441721806848,16,0,
RL,RL-RALPH LAUREN CORP-2022.pdf,43,0.0518181818181817,1,0.0518181818181817,0.0518181818181817,0.0518181818181817,0.0518181818181817,2,0,
RL,RL-RALPH LAUREN CORP-2022.pdf,44,0.0518181818181817,1,0.0518181818181817,0.0518181818181817,0.0518181818181817,0.0518181818181817,2,0,
RL,RL-RALPH LAUREN CORP-2022.pdf,46,0.0518181818181817,1,0.0518181818181817,0.0518181818181817,0.0518181818181817,0.0518181818181817,2,0,
RL,RL-RALPH LAUREN CORP-2022.pdf,47,0.0518181818181817,1,0.0518181818181817,0.0518181818181817,0.0518181818181817,0.0518181818181817,2,0,
RL,RL-RALPH LAUREN CORP-2022.pdf,48,0.243971957627748,2,0.243971957627748,0.243971957627748,0.243971957627748,0.1921537758095662,7,0,
RL,RL-RALPH LAUREN CORP-2022.pdf,49,0.3074481951871657,2,0.3074481951871657,0.3074481951871657,0.3074481951871657,0.255630013368984,7,0,
RL,RL-RALPH LAUREN CORP-2022.pdf,52,0.0518181818181817,1,0.0518181818181817,0.0518181818181817,0.0518181818181817,0.0518181818181817,2,0,
RL,RL-RALPH LAUREN CORP-2022.pdf,53,0.0518181818181817,1,0.0518181818181817,0.0518181818181817,0.0518181818181817,0.0518181818181817,2,0,
RL,RL-RALPH LAUREN CORP-2022.pdf,54,0.3706684491978609,2,0.3706684491978609,0.3706684491978609,0.3706684491978609,0.3188502673796791,2,0,
RL,RL-RALPH LAUREN CORP-2022.pdf,55,0.0518181818181817,1,0.0518181818181817,0.0518181818181817,0.0518181818181817,0.0518181818181817,2,0,
RL,RL-RALPH LAUREN CORP-2022.pdf,56,0.0518181818181817,1,0.0518181818181817,0.0518181818181817,0.0518181818181817,0.0518181818181817,2,0,
RL,RL-RALPH LAUREN CORP-2022.pdf,57,0.2060196821152703,2,0.2060196821152703,0.2060196821152703,0.2060196821152703,0.1542015002970885,2,0,
RL,RL-RALPH LAUREN CORP-2022.pdf,58,0.0518181818181817,1,0.0518181818181817,0.0518181818181817,0.0518181818181817,0.0518181818181817,2,0,
RL,RL-RALPH LAUREN CORP-2022.pdf,59,0.3026335041592394,2,0.3026335041592394,0.3026335041592394,0.3026335041592394,0.2508153223410576,2,0,
RL,RL-RALPH LAUREN CORP-2022.pdf,60,0.0518181818181817,1,0.0518181818181817,0.0518181818181817,0.0518181818181817,0.0518181818181817,2,0,
RL,RL-RALPH LAUREN CORP-2022.pdf,61,0.0518181818181817,1,0.0518181818181817,0.0518181818181817,0.0518181818181817,0.0518181818181817,2,0,
RL,RL-RALPH LAUREN CORP-2022.pdf,62,0.7170619573863636,2,0.7170619573863636,0.7170619573863636,0.7170619573863636,0.6652437755681818,2,0,
RL,RL-RALPH LAUREN CORP-2022.pdf,63,0.0518181818181817,1,0.0518181818181817,0.0518181818181817,0.0518181818181817,0.0518181818181817,2,0,
RL,RL-RALPH LAUREN CORP-2022.pdf,64,0.0518181818181817,1,0.0518181818181817,0.0518181818181817,0.0518181818181817,0.0518181818181817,2,0,
RL,RL-RALPH LAUREN CORP-2022.pdf,65,0.2900701871657754,2,0.2900701871657754,0.2900701871657754,0.2900701871657754,0.2382520053475936,2,0,
RL,RL-RALPH LAUREN CORP-2022.pdf,66,0.0705942746360665,5,0.0705942746360665,0.0705942746360665,0.0705942746360665,0.0518181818181817,2,0,
RL,RL-RALPH LAUREN CORP-2022.pdf,77,0.7470647443175227,2,0.7470647443175227,0.7470647443175227,0.7470647443175227,0.6952465624993409,42,0,
RL,RL-RALPH LAUREN CORP-2022.pdf,88,0.7469500725011315,2,0.7469500725011315,0.7469500725011315,0.7469500725011315,0.6951318906829498,21,0,
RL,RL-RALPH LAUREN CORP-2022.pdf,90,0.6816584344223777,2,0.6816584344223777,0.6816584344223777,0.6816584344223777,0.629840252604196,4,0,
RL,RL-RALPH LAUREN CORP-2022.pdf,91,0.6197940879907645,2,0.6197940879907645,0.6197940879907645,0.6197940879907645,0.5679759061725828,7,0,
RL,RL-RALPH LAUREN CORP-2022.pdf,92,0.6454253901971047,2,0.6454253901971047,0.6454253901971047,0.6454253901971047,0.5936072083789229,9,0,
RL,RL-RALPH LAUREN CORP-2022.pdf,94,0.6467547342117174,2,0.6467547342117174,0.6467547342117174,0.6467547342117174,0.5949365523935356,28,0,
RL,RL-RALPH LAUREN CORP-2022.pdf,95,0.0518181818181817,1,0.0518181818181817,0.0518181818181817,0.0518181818181817,0.0518181818181817,2,0,
SGC,SGC-SUPERIOR GROUP OF COS INC-2023.pdf,3,0.0,0,0.0,0.0,0.0,0.0,0,0,
SGC,SGC-SUPERIOR GROUP OF COS INC-2023.pdf,6,0.0,0,0.0,0.0,0.0,0.0,0,0,
SGC,SGC-SUPERIOR GROUP OF COS INC-2023.pdf,12,0.0,0,0.0,0.0,0.0,0.0,0,0,
SGC,SGC-SUPERIOR GROUP OF COS INC-2023.pdf,13,0.0,0,0.0,0.0,0.0,0.0,0,0,
SGC,SGC-SUPERIOR GROUP OF COS INC-2023.pdf,14,0.0,0,0.0,0.0,0.0,0.0,0,0,
SGC,SGC-SUPERIOR GROUP OF COS INC-2023.pdf,15,0.0,0,0.0,0.0,0.0,0.0,0,0,
SGC,SGC-SUPERIOR GROUP OF COS INC-2023.pdf,17,0.0,0,0.0,0.0,0.0,0.0,0,0,
SGC,SGC-SUPERIOR GROUP OF COS INC-2023.pdf,20,0.0,0,0.0,0.0,0.0,0.0,0,0,
SGC,SGC-SUPERIOR GROUP OF COS INC-2023.pdf,23,0.0,0,0.0,0.0,0.0,0.0,0,0,
SGC,SGC-SUPERIOR GROUP OF COS INC-2023.pdf,25,0.0,0,0.0,0.0,0.0,0.0,0,0,
SGC,SGC-SUPERIOR GROUP OF COS INC-2023.pdf,26,0.0,0,0.0,0.0,0.0,0.0,0,0,
SGC,SGC-SUPERIOR GROUP OF COS INC-2023.pdf,29,0.0,0,0.0,0.0,0.0,0.0,0,0,
SGC,SGC-SUPERIOR GROUP OF COS INC-2023.pdf,30,0.0,0,0.0,0.0,0.0,0.0,0,0,
SGC,SGC-SUPERIOR GROUP OF COS INC-2023.pdf,33,0.0,0,0.0,0.0,0.0,0.0,0,0,
SGC,SGC-SUPERIOR GROUP OF COS INC-2023.pdf,34,0.0,0,0.0,0.0,0.0,0.0,0,0,
SGC,SGC-SUPERIOR GROUP OF COS INC-2023.pdf,35,0.0,0,0.0,0.0,0.0,0.0,0,0,
SGC,SGC-SUPERIOR GROUP OF COS INC-2023.pdf,41,1.6775796279558162,6,0.6789685168447049,0.6789685168447049,0.6789685168447049,0.9986111111111112,2,1,
SGC,SGC-SUPERIOR GROUP OF COS INC-2024.pdf,8,0.0,0,0.0,0.0,0.0,0.0,0,0,
SGC,SGC-SUPERIOR GROUP OF COS INC-2024.pdf,13,0.0,0,0.0,0.0,0.0,0.0,0,0,
SGC,SGC-SUPERIOR GROUP OF COS INC-2024.pdf,14,0.0,0,0.0,0.0,0.0,0.0,0,0,
SGC,SGC-SUPERIOR GROUP OF COS INC-2024.pdf,15,0.0,0,0.0,0.0,0.0,0.0,0,0,
SGC,SGC-SUPERIOR GROUP OF COS INC-2024.pdf,16,0.0,0,0.0,0.0,0.0,0.0,0,0,
SGC,SGC-SUPERIOR GROUP OF COS INC-2024.pdf,19,0.0,0,0.0,0.0,0.0,0.0,0,0,
SGC,SGC-SUPERIOR GROUP OF COS INC-2024.pdf,20,0.0,0,0.0,0.0,0.0,0.0,0,0,
SGC,SGC-SUPERIOR GROUP OF COS INC-2024.pdf,23,0.0,0,0.0,0.0,0.0,0.0,0,0,
SGC,SGC-SUPERIOR GROUP OF COS INC-2024.pdf,24,0.0,0,0.0,0.0,0.0,0.0,0,0,
SGC,SGC-SUPERIOR GROUP OF COS INC-2024.pdf,25,0.0,0,0.0,0.0,0.0,0.0,0,0,
SGC,SGC-SUPERIOR GROUP OF COS INC-2024.pdf,28,0.0,0,0.0,0.0,0.0,0.0,0,0,
SGC,SGC-SUPERIOR GROUP OF COS INC-2024.pdf,29,0.0,0,0.0,0.0,0.0,0.0,0,0,
SGC,SGC-SUPERIOR GROUP OF COS INC-2024.pdf,30,0.0,0,0.0,0.0,0.0,0.0,0,0,
SGC,SGC-SUPERIOR GROUP OF COS INC-2024.pdf,32,0.0,0,0.0,0.0,0.0,0.0,0,0,
SGC,SGC-SUPERIOR GROUP OF COS INC-2024.pdf,37,0.5359536932130456,1,0.5359536932130456,0.5359536932130456,0.5359536932130456,0.5359536932130456,15,0,
SGI,SGI-SOMNIGROUP INTERNATIONAL INC-2023.pdf,3,0.0,0,0.0,0.0,0.0,0.0,0,0,
SGI,SGI-SOMNIGROUP INTERNATIONAL INC-2023.pdf,4,0.0,0,0.0,0.0,0.0,0.0,0,0,
SGI,SGI-SOMNIGROUP INTERNATIONAL INC-2023.pdf,5,0.301864489591101,1,0.301864489591101,0.301864489591101,0.301864489591101,0.301864489591101,18,0,
SGI,SGI-SOMNIGROUP INTERNATIONAL INC-2023.pdf,7,0.0,0,0.0,0.0,0.0,0.0,0,0,
SGI,SGI-SOMNIGROUP INTERNATIONAL INC-2023.pdf,8,0.0,0,0.0,0.0,0.0,0.0,0,0,
SGI,SGI-SOMNIGROUP INTERNATIONAL INC-2023.pdf,9,0.0,0,0.0,0.0,0.0,0.0,0,0,
SGI,SGI-SOMNIGROUP INTERNATIONAL INC-2023.pdf,12,0.0,0,0.0,0.0,0.0,0.0,0,0,
SGI,SGI-SOMNIGROUP INTERNATIONAL INC-2023.pdf,13,0.0,0,0.0,0.0,0.0,0.0,0,0,
SGI,SGI-SOMNIGROUP INTERNATIONAL INC-2023.pdf,16,0.0,0,0.0,0.0,0.0,0.0,0,0,
SGI,SGI-SOMNIGROUP INTERNATIONAL INC-2023.pdf,22,0.0,0,0.0,0.0,0.0,0.0,0,0,
SGI,SGI-SOMNIGROUP INTERNATIONAL INC-2023.pdf,23,0.0,0,0.0,0.0,0.0,0.0,0,0,
SGI,SGI-SOMNIGROUP INTERNATIONAL INC-2023.pdf,24,0.0,0,0.0,0.0,0.0,0.0,0,0,
SGI,SGI-SOMNIGROUP INTERNATIONAL INC-2023.pdf,25,0.0,0,0.0,0.0,0.0,0.0,0,0,
SGI,SGI-SOMNIGROUP INTERNATIONAL INC-2023.pdf,27,0.5769084310105885,2,0.5769084310105885,0.5769084310105885,0.5769084310105885,0.298768626516637,61,0,
SGI,SGI-SOMNIGROUP INTERNATIONAL INC-2023.pdf,28,0.3985839804523768,2,0.3985839804523768,0.3985839804523768,0.3985839804523768,0.3076823904440189,50,0,
SGI,SGI-SOMNIGROUP INTERNATIONAL INC-2023.pdf,29,0.6205118059214592,2,0.6205118059214592,0.6205118059214592,0.6205118059214592,0.333430895660797,13,0,
SNBR,SNBR-SLEEP NUMBER CORP-2023.pdf,3,0.0,0,0.0,0.0,0.0,0.0,0,0,
SNBR,SNBR-SLEEP NUMBER CORP-2023.pdf,7,0.0,0,0.0,0.0,0.0,0.0,0,0,
SNBR,SNBR-SLEEP NUMBER CORP-2023.pdf,8,0.3581064200479351,2,0.3581064200479351,0.3581064200479351,0.3581064200479351,0.35698166046319,12,0,
SNBR,SNBR-SLEEP NUMBER CORP-2023.pdf,10,0.7412198602327398,2,0.7412198602327398,0.7412198602327398,0.7412198602327398,0.4968890321221817,18,0,
SNBR,SNBR-SLEEP NUMBER CORP-2023.pdf,11,0.5113558666732686,1,0.5113558666732686,0.5113558666732686,0.5113558666732686,0.5113558666732686,17,0,
SNBR,SNBR-SLEEP NUMBER CORP-2023.pdf,13,0.0007933736332478,1,0.0007933736332478,0.0007933736332478,0.0007933736332478,0.0007933736332478,5,0,
SNBR,SNBR-SLEEP NUMBER CORP-2023.pdf,14,0.0007933736332478,1,0.0007933736332478,0.0007933736332478,0.0007933736332478,0.0007933736332478,5,0,
SNBR,SNBR-SLEEP NUMBER CORP-2023.pdf,26,0.0,0,0.0,0.0,0.0,0.0,0,0,
SNBR,SNBR-SLEEP NUMBER CORP-2023.pdf,32,0.0,0,0.0,0.0,0.0,0.0,0,0,
SNBR,SNBR-SLEEP NUMBER CORP-2023.pdf,34,0.0,0,0.0,0.0,0.0,0.0,0,0,
SNBR,SNBR-SLEEP NUMBER CORP-2023.pdf,35,0.0,0,0.0,0.0,0.0,0.0,0,0,
SNBR,SNBR-SLEEP NUMBER CORP-2023.pdf,36,0.0,0,0.0,0.0,0.0,0.0,0,0,
SNBR,SNBR-SLEEP NUMBER CORP-2023.pdf,39,0.0,0,0.0,0.0,0.0,0.0,0,0,
SNBR,SNBR-SLEEP NUMBER CORP-2023.pdf,40,0.0,0,0.0,0.0,0.0,0.0,0,0,
SNBR,SNBR-SLEEP NUMBER CORP-2023.pdf,43,0.0,0,0.0,0.0,0.0,0.0,0,0,
SNBR,SNBR-SLEEP NUMBER CORP-2023.pdf,45,0.0,0,0.0,0.0,0.0,0.0,0,0,
SNBR,SNBR-SLEEP NUMBER CORP-2023.pdf,47,0.0,0,0.0,0.0,0.0,0.0,0,0,
SNBR,SNBR-SLEEP NUMBER CORP-2023.pdf,49,0.0,0,0.0,0.0,0.0,0.0,0,0,
SNBR,SNBR-SLEEP NUMBER CORP-2023.pdf,51,0.0,0,0.0,0.0,0.0,0.0,0,0,
SNBR,SNBR-SLEEP NUMBER CORP-2023.pdf,55,0.0,0,0.0,0.0,0.0,0.0,0,0,
SNBR,SNBR-SLEEP NUMBER CORP-2023.pdf,63,0.7225179611502587,2,0.7225179611502587,0.7225179611502587,0.7225179611502587,0.623657146060018,32,0,
SNBR,SNBR-SLEEP NUMBER CORP-2023.pdf,64,0.7645983336469268,1,0.7645983336469268,0.7645983336469268,0.7645983336469268,0.7645983336469268,50,0,
SNBR,SNBR-SLEEP NUMBER CORP-2023.pdf,65,0.7878923947659914,1,0.7878923947659914,0.7878923947659914,0.7878923947659914,0.7878923947659914,49,0,
SNBR,SNBR-SLEEP NUMBER CORP-2023.pdf,66,0.7273813601220539,1,0.7273813601220539,0.7273813601220539,0.7273813601220539,0.7273813601220539,39,0,
SNBR,SNBR-SLEEP NUMBER CORP-2023.pdf,67,0.6709987572988416,1,0.6709987572988416,0.6709987572988416,0.6709987572988416,0.6709987572988416,43,0,
SNBR,SNBR-SLEEP NUMBER CORP-2023.pdf,68,0.6824669171100488,2,0.6824669171100488,0.6824669171100488,0.6824669171100488,0.6628167538614007,34,0,
SNBR,SNBR-SLEEP NUMBER CORP-2023.pdf,70,0.0,0,0.0,0.0,0.0,0.0,0,0,
SVV,SVV-Savers Value Village-2025.pdf,4,0.0,0,0.0,0.0,0.0,0.0,0,0,
SVV,SVV-Savers Value Village-2025.pdf,9,0.0,0,0.0,0.0,0.0,0.0,0,0,
SVV,SVV-Savers Value Village-2025.pdf,15,0.0,0,0.0,0.0,0.0,0.0,0,0,
SVV,SVV-Savers Value Village-2025.pdf,16,0.0,0,0.0,0.0,0.0,0.0,0,0,
SVV,SVV-Savers Value Village-2025.pdf,17,0.0,0,0.0,0.0,0.0,0.0,0,0,
SVV,SVV-Savers Value Village-2025.pdf,27,1.0196666116737396,2,0.0190974726562499,0.0190974726562499,0.0190974726562499,1.0005691390174896,2,1,
SVV,SVV-Savers Value Village-2025.pdf,30,0.0,0,0.0,0.0,0.0,0.0,0,0,
SVV,SVV-Savers Value Village-2025.pdf,31,0.0,0,0.0,0.0,0.0,0.0,0,0,
SVV,SVV-Savers Value Village-2025.pdf,33,0.0,0,0.0,0.0,0.0,0.0,0,0,
SVV,SVV-Savers Value Village-2025.pdf,35,0.0,0,0.0,0.0,0.0,0.0,0,0,
SVV,SVV-Savers Value Village-2025.pdf,36,0.0,0,0.0,0.0,0.0,0.0,0,0,
SVV,SVV-Savers Value Village-2025.pdf,38,0.0,0,0.0,0.0,0.0,0.0,0,0,
TGT,TGT-TARGET CORP-2021.pdf,2,0.0,0,0.0,0.0,0.0,0.0,0,0,
TGT,TGT-TARGET CORP-2021.pdf,3,0.0,0,0.0,0.0,0.0,0.0,0,0,
TGT,TGT-TARGET CORP-2021.pdf,4,0.0,0,0.0,0.0,0.0,0.0,0,0,
TGT,TGT-TARGET CORP-2021.pdf,5,0.0,0,0.0,0.0,0.0,0.0,0,0,
TGT,TGT-TARGET CORP-2021.pdf,6,0.0,0,0.0,0.0,0.0,0.0,0,0,
TGT,TGT-TARGET CORP-2021.pdf,10,0.0,0,0.0,0.0,0.0,0.0,0,0,
TGT,TGT-TARGET CORP-2021.pdf,12,0.0,0,0.0,0.0,0.0,0.0,0,0,
TGT,TGT-TARGET CORP-2021.pdf,14,0.0799145424630665,4,0.0799145424630665,0.0799145424630665,0.0799145424630665,0.0487574493269308,3,0,
TGT,TGT-TARGET CORP-2021.pdf,15,0.0015438315807005,1,0.0015438315807005,0.0015438315807005,0.0015438315807005,0.0015438315807005,2,0,
TGT,TGT-TARGET CORP-2021.pdf,16,0.0,0,0.0,0.0,0.0,0.0,0,0,
TGT,TGT-TARGET CORP-2021.pdf,20,0.0006865147058823,1,0.0006865147058823,0.0006865147058823,0.0006865147058823,0.0006865147058823,2,0,
TGT,TGT-TARGET CORP-2021.pdf,23,0.0,0,0.0,0.0,0.0,0.0,0,0,
TGT,TGT-TARGET CORP-2021.pdf,29,0.0010004981617647,1,0.0010004981617647,0.0010004981617647,0.0010004981617647,0.0010004981617647,3,0,
TGT,TGT-TARGET CORP-2021.pdf,30,0.0,0,0.0,0.0,0.0,0.0,0,0,
TGT,TGT-TARGET CORP-2021.pdf,32,0.0,0,0.0,0.0,0.0,0.0,0,0,
TGT,TGT-TARGET CORP-2021.pdf,33,0.0616981717262414,1,0.0616981717262414,0.0616981717262414,0.0616981717262414,0.0616981717262414,21,0,
TGT,TGT-TARGET CORP-2021.pdf,36,0.0,0,0.0,0.0,0.0,0.0,0,0,
TGT,TGT-TARGET CORP-2021.pdf,37,0.091208111372714,1,0.091208111372714,0.091208111372714,0.091208111372714,0.091208111372714,27,0,
TGT,TGT-TARGET CORP-2021.pdf,38,0.000546486631016,1,0.000546486631016,0.000546486631016,0.000546486631016,0.000546486631016,2,0,
TGT,TGT-TARGET CORP-2021.pdf,39,0.0,0,0.0,0.0,0.0,0.0,0,0,
TGT,TGT-TARGET CORP-2021.pdf,41,0.1322284781416183,1,0.1322284781416183,0.1322284781416183,0.1322284781416183,0.1322284781416183,8,0,
TGT,TGT-TARGET CORP-2021.pdf,42,0.0,0,0.0,0.0,0.0,0.0,0,0,
TGT,TGT-TARGET CORP-2021.pdf,47,0.1114092812416883,1,0.1114092812416883,0.1114092812416883,0.1114092812416883,0.1114092812416883,36,0,
TGT,TGT-TARGET CORP-2021.pdf,53,0.0,0,0.0,0.0,0.0,0.0,0,0,
TGT,TGT-TARGET CORP-2021.pdf,55,0.0,0,0.0,0.0,0.0,0.0,0,0,
TGT,TGT-TARGET CORP-2021.pdf,57,0.0008506158088235,1,0.0008506158088235,0.0008506158088235,0.0008506158088235,0.0008506158088235,3,0,
TGT,TGT-TARGET CORP-2021.pdf,58,0.1707986662155274,1,0.1707986662155274,0.1707986662155274,0.1707986662155274,0.1707986662155274,24,0,
TGT,TGT-TARGET CORP-2021.pdf,60,0.0009591383194073,1,0.0009591383194073,0.0009591383194073,0.0009591383194073,0.0009591383194073,3,0,
TGT,TGT-TARGET CORP-2021.pdf,63,0.0991245894607842,1,0.0991245894607842,0.0991245894607842,0.0991245894607842,0.0991245894607842,10,0,
TGT,TGT-TARGET CORP-2021.pdf,64,0.0,0,0.0,0.0,0.0,0.0,0,0,
TGT,TGT-TARGET CORP-2021.pdf,65,0.0,0,0.0,0.0,0.0,0.0,0,0,
TGT,TGT-TARGET CORP-2021.pdf,66,0.299124095389076,1,0.299124095389076,0.299124095389076,0.299124095389076,0.299124095389076,5,0,
TGT,TGT-TARGET CORP-2021.pdf,68,0.1466245743937862,1,0.1466245743937862,0.1466245743937862,0.1466245743937862,0.1466245743937862,13,0,
TGT,TGT-TARGET CORP-2021.pdf,69,0.4781229649274496,1,0.4781229649274496,0.4781229649274496,0.4781229649274496,0.4781229649274496,43,0,
TGT,TGT-TARGET CORP-2021.pdf,72,0.4716138338381407,3,0.4716138338381407,0.4716138338381407,0.4716138338381407,0.401489817784013,28,0,
TGT,TGT-TARGET CORP-2021.pdf,73,0.6174729331908201,3,0.6174729331908201,0.6174729331908201,0.6174729331908201,0.4558096822284393,25,0,
TGT,TGT-TARGET CORP-2021.pdf,74,0.5472824252673094,1,0.5472824252673094,0.5472824252673094,0.5472824252673094,0.5472824252673094,41,0,
TGT,TGT-TARGET CORP-2021.pdf,75,0.5708882123620859,4,0.5708882123620859,0.5708882123620859,0.5708882123620859,0.2350902481240488,37,0,
TGT,TGT-TARGET CORP-2021.pdf,83,0.5584774769039456,5,0.5584774769039456,0.5584774769039456,0.5584774769039456,0.1945647551507724,16,0,
TGT,TGT-TARGET CORP-2021.pdf,84,0.5462349880880535,6,0.5462349880880535,0.5462349880880535,0.5462349880880535,0.1827966963885114,13,0,
TGT,TGT-TARGET CORP-2021.pdf,85,0.4469192648130241,5,0.4469192648130241,0.4469192648130241,0.4469192648130241,0.1431815451359077,10,0,
TGT,TGT-TARGET CORP-2021.pdf,91,0.3298020953077025,2,0.3298020953077025,0.3298020953077025,0.3298020953077025,0.309712320362113,29,0,
TGT,TGT-TARGET CORP-2021.pdf,92,0.521682127127388,1,0.521682127127388,0.521682127127388,0.521682127127388,0.521682127127388,9,0,
TGT,TGT-TARGET CORP-2021.pdf,93,0.4969822764577756,1,0.4969822764577756,0.4969822764577756,0.4969822764577756,0.4969822764577756,10,0,
TGT,TGT-TARGET CORP-2021.pdf,94,0.0484509255347692,1,0.0484509255347692,0.0484509255347692,0.0484509255347692,0.0484509255347692,3,0,
TGT,TGT-TARGET CORP-2021.pdf,100,0.4751294639335595,2,0.4751294639335595,0.4751294639335595,0.4751294639335595,0.3983430036321561,4,0,
TGT,TGT-TARGET CORP-2021.pdf,101,0.3646825766303157,5,0.3646825766303157,0.3646825766303157,0.3646825766303157,0.2909208740265782,8,0,
TGT,TGT-TARGET CORP-2021.pdf,102,0.1996436458307396,4,0.1996436458307396,0.1996436458307396,0.1996436458307396,0.0939564402658158,8,0,
TGT,TGT-TARGET CORP-2021.pdf,103,0.2941177074323632,3,0.2941177074323632,0.2941177074323632,0.2941177074323632,0.1425871388913361,6,0,
TGT,TGT-TARGET CORP-2021.pdf,104,0.3158428940278301,2,0.3158428940278301,0.3158428940278301,0.3158428940278301,0.1788051254507245,12,0,
TJX,TJX-Tjx Cos Inc-2021.pdf,38,0.0141303881384777,1,0.0141303881384777,0.0141303881384777,0.0141303881384777,0.0141303881384777,9,0,
TJX,TJX-Tjx Cos Inc-2021.pdf,40,0.0141303881384777,1,0.0141303881384777,0.0141303881384777,0.0141303881384777,0.0141303881384777,9,0,
TSCO,TSCO-TRACTOR SUPPLY CO-2025.pdf,3,0.0,0,0.0,0.0,0.0,0.0,0,0,
TSCO,TSCO-TRACTOR SUPPLY CO-2025.pdf,8,0.2366767040509259,1,0.2366767040509259,0.2366767040509259,0.2366767040509259,0.2366767040509259,2,0,
TSCO,TSCO-TRACTOR SUPPLY CO-2025.pdf,9,0.4106735562693216,4,0.4106735562693216,0.4106735562693216,0.4106735562693216,0.3044432098765431,2,0,
TSCO,TSCO-TRACTOR SUPPLY CO-2025.pdf,11,0.418626884874121,4,0.418626884874121,0.418626884874121,0.418626884874121,0.2592591049382716,2,0,
TSCO,TSCO-TRACTOR SUPPLY CO-2025.pdf,13,0.1179595521677276,1,0.1179595521677276,0.1179595521677276,0.1179595521677276,0.1179595521677276,2,0,
TSCO,TSCO-TRACTOR SUPPLY CO-2025.pdf,16,0.0605632716049382,1,0.0605632716049382,0.0605632716049382,0.0605632716049382,0.0605632716049382,2,0,
TSCO,TSCO-TRACTOR SUPPLY CO-2025.pdf,17,0.0,0,0.0,0.0,0.0,0.0,0,0,
TSCO,TSCO-TRACTOR SUPPLY CO-2025.pdf,18,0.0,0,0.0,0.0,0.0,0.0,0,0,
TSCO,TSCO-TRACTOR SUPPLY CO-2025.pdf,20,0.0037721668889853,1,0.0037721668889853,0.0037721668889853,0.0037721668889853,0.0037721668889853,3,0,
TSCO,TSCO-TRACTOR SUPPLY CO-2025.pdf,21,0.0,0,0.0,0.0,0.0,0.0,0,0,
TSCO,TSCO-TRACTOR SUPPLY CO-2025.pdf,22,0.0,0,0.0,0.0,0.0,0.0,0,0,
TSCO,TSCO-TRACTOR SUPPLY CO-2025.pdf,23,0.0014180883557581,1,0.0014180883557581,0.0014180883557581,0.0014180883557581,0.0014180883557581,3,0,
TSCO,TSCO-TRACTOR SUPPLY CO-2025.pdf,24,0.0,0,0.0,0.0,0.0,0.0,0,0,
TSCO,TSCO-TRACTOR SUPPLY CO-2025.pdf,29,0.0,0,0.0,0.0,0.0,0.0,0,0,
TSCO,TSCO-TRACTOR SUPPLY CO-2025.pdf,35,0.0541348991488233,1,0.0541348991488233,0.0541348991488233,0.0541348991488233,0.0541348991488233,2,0,
TSCO,TSCO-TRACTOR SUPPLY CO-2025.pdf,36,0.0,0,0.0,0.0,0.0,0.0,0,0,
TSCO,TSCO-TRACTOR SUPPLY CO-2025.pdf,39,0.0704582638888888,1,0.0704582638888888,0.0704582638888888,0.0704582638888888,0.0704582638888888,2,0,
TSCO,TSCO-TRACTOR SUPPLY CO-2025.pdf,40,0.0,0,0.0,0.0,0.0,0.0,0,0,
TSCO,TSCO-TRACTOR SUPPLY CO-2025.pdf,41,0.0910635286458333,1,0.0910635286458333,0.0910635286458333,0.0910635286458333,0.0910635286458333,2,0,
TSCO,TSCO-TRACTOR SUPPLY CO-2025.pdf,46,0.00140625,1,0.00140625,0.00140625,0.00140625,0.00140625,2,0,
TSCO,TSCO-TRACTOR SUPPLY CO-2025.pdf,49,0.0,0,0.0,0.0,0.0,0.0,0,0,
TSCO,TSCO-TRACTOR SUPPLY CO-2025.pdf,50,0.0,0,0.0,0.0,0.0,0.0,0,0,
TSCO,TSCO-TRACTOR SUPPLY CO-2025.pdf,51,0.0,0,0.0,0.0,0.0,0.0,0,0,
TSCO,TSCO-TRACTOR SUPPLY CO-2025.pdf,53,0.0,0,0.0,0.0,0.0,0.0,0,0,
TSCO,TSCO-TRACTOR SUPPLY CO-2025.pdf,54,0.0,0,0.0,0.0,0.0,0.0,0,0,
UEIC,UEIC-UNIVERSAL ELECTRONICS INC-2023.pdf,8,0.0,0,0.0,0.0,0.0,0.0,0,0,
UEIC,UEIC-UNIVERSAL ELECTRONICS INC-2023.pdf,10,0.0,0,0.0,0.0,0.0,0.0,0,0,
UEIC,UEIC-UNIVERSAL ELECTRONICS INC-2023.pdf,22,0.0,0,0.0,0.0,0.0,0.0,0,0,
UEIC,UEIC-UNIVERSAL ELECTRONICS INC-2023.pdf,24,0.0,0,0.0,0.0,0.0,0.0,0,0,
UEIC,UEIC-UNIVERSAL ELECTRONICS INC-2023.pdf,25,0.0,0,0.0,0.0,0.0,0.0,0,0,
UEIC,UEIC-UNIVERSAL ELECTRONICS INC-2023.pdf,26,0.0,0,0.0,0.0,0.0,0.0,0,0,
UEIC,UEIC-UNIVERSAL ELECTRONICS INC-2023.pdf,27,0.0,0,0.0,0.0,0.0,0.0,0,0,
UEIC,UEIC-UNIVERSAL ELECTRONICS INC-2023.pdf,28,0.0,0,0.0,0.0,0.0,0.0,0,0,
UEIC,UEIC-UNIVERSAL ELECTRONICS INC-2023.pdf,29,0.0,0,0.0,0.0,0.0,0.0,0,0,
UEIC,UEIC-UNIVERSAL ELECTRONICS INC-2023.pdf,32,0.0,0,0.0,0.0,0.0,0.0,0,0,
UEIC,UEIC-UNIVERSAL ELECTRONICS INC-2023.pdf,33,0.0,0,0.0,0.0,0.0,0.0,0,0,
ULTA,ULTA-ULTA BEAUTY INC-2024.pdf,5,0.0,0,0.0,0.0,0.0,0.0,0,0,
ULTA,ULTA-ULTA BEAUTY INC-2024.pdf,9,0.0,0,0.0,0.0,0.0,0.0,0,0,
ULTA,ULTA-ULTA BEAUTY INC-2024.pdf,12,0.0,0,0.0,0.0,0.0,0.0,0,0,
ULTA,ULTA-ULTA BEAUTY INC-2024.pdf,15,0.0,0,0.0,0.0,0.0,0.0,0,0,
ULTA,ULTA-ULTA BEAUTY INC-2024.pdf,16,0.0,0,0.0,0.0,0.0,0.0,0,0,
ULTA,ULTA-ULTA BEAUTY INC-2024.pdf,21,0.0054248580005351,1,0.0054248580005351,0.0054248580005351,0.0054248580005351,0.0054248580005351,16,0,
ULTA,ULTA-ULTA BEAUTY INC-2024.pdf,23,0.0,0,0.0,0.0,0.0,0.0,0,0,
ULTA,ULTA-ULTA BEAUTY INC-2024.pdf,24,0.0039513379291602,1,0.0039513379291602,0.0039513379291602,0.0039513379291602,0.0039513379291602,14,0,
ULTA,ULTA-ULTA BEAUTY INC-2024.pdf,27,0.0,0,0.0,0.0,0.0,0.0,0,0,
ULTA,ULTA-ULTA BEAUTY INC-2024.pdf,30,0.0,0,0.0,0.0,0.0,0.0,0,0,
ULTA,ULTA-ULTA BEAUTY INC-2024.pdf,34,0.0,0,0.0,0.0,0.0,0.0,0,0,
ULTA,ULTA-ULTA BEAUTY INC-2024.pdf,41,0.4840836172871928,3,0.4840836172871928,0.4840836172871928,0.4840836172871928,0.1811174540441177,4,0,
ULTA,ULTA-ULTA BEAUTY INC-2024.pdf,42,0.5522514488503736,3,0.5522514488503736,0.5522514488503736,0.5522514488503736,0.2694037816584969,7,0,
VFC,VFC-VF CORP-2025.pdf,4,0.0068560629501471,1,0.0068560629501471,0.0068560629501471,0.0068560629501471,0.0068560629501471,4,0,
VFC,VFC-VF CORP-2025.pdf,5,0.1077908190545081,3,0.1077908190545081,0.1077908190545081,0.1077908190545081,0.0508423326946519,4,0,
VFC,VFC-VF CORP-2025.pdf,10,0.008424301766899,1,0.008424301766899,0.008424301766899,0.008424301766899,0.008424301766899,5,0,
VFC,VFC-VF CORP-2025.pdf,13,0.0090140264913714,1,0.0090140264913714,0.0090140264913714,0.0090140264913714,0.0090140264913714,5,0,
VFC,VFC-VF CORP-2025.pdf,18,0.0090245829277849,1,0.0090245829277849,0.0090245829277849,0.0090245829277849,0.0090245829277849,5,0,
VFC,VFC-VF CORP-2025.pdf,21,0.0059546487896276,1,0.0059546487896276,0.0059546487896276,0.0059546487896276,0.0059546487896276,4,0,
VFC,VFC-VF CORP-2025.pdf,23,0.0067604682418017,1,0.0067604682418017,0.0067604682418017,0.0067604682418017,0.0067604682418017,4,0,
VFC,VFC-VF CORP-2025.pdf,24,0.0067604682418017,1,0.0067604682418017,0.0067604682418017,0.0067604682418017,0.0067604682418017,4,0,
VFC,VFC-VF CORP-2025.pdf,28,0.5047880966665028,2,0.5047880966665028,0.5047880966665028,0.5047880966665028,0.4905462003190164,8,0,
VFC,VFC-VF CORP-2025.pdf,29,0.0142418963474863,1,0.0142418963474863,0.0142418963474863,0.0142418963474863,0.0142418963474863,5,0,
VFC,VFC-VF CORP-2025.pdf,30,0.0145460785953855,1,0.0145460785953855,0.0145460785953855,0.0145460785953855,0.0145460785953855,5,0,
VFC,VFC-VF CORP-2025.pdf,31,0.0145460785953855,1,0.0145460785953855,0.0145460785953855,0.0145460785953855,0.0145460785953855,5,0,
VFC,VFC-VF CORP-2025.pdf,32,0.0715524504149466,2,0.0715524504149466,0.0715524504149466,0.0715524504149466,0.0570063718195611,2,0,
VFC,VFC-VF CORP-2025.pdf,38,0.0066793479035768,1,0.0066793479035768,0.0066793479035768,0.0066793479035768,0.0066793479035768,4,0,
VFC,VFC-VF CORP-2025.pdf,44,0.1974121622709314,4,0.1974121622709314,0.1974121622709314,0.1974121622709314,0.1079068954876824,3,0,
VFC,VFC-VF CORP-2025.pdf,45,0.2205126849702605,4,0.2205126849702605,0.2205126849702605,0.2205126849702605,0.0983487283800835,3,0,
VFC,VFC-VF CORP-2025.pdf,46,0.4871278789101629,2,0.4871278789101629,0.4871278789101629,0.4871278789101629,0.4828164069794585,25,0,
VFC,VFC-VF CORP-2025.pdf,47,0.4016495548505031,2,0.4016495548505031,0.4016495548505031,0.4016495548505031,0.3973317220406681,12,0,
VFC,VFC-VF CORP-2025.pdf,49,0.2125635006976864,2,0.2125635006976864,0.2125635006976864,0.2125635006976864,0.2009695856027596,13,0,
VFC,VFC-VF CORP-2025.pdf,53,0.1811348352629941,5,0.1811348352629941,0.1811348352629941,0.1811348352629941,0.0600623366013072,5,0,
VFC,VFC-VF CORP-2025.pdf,54,0.1649246599854756,5,0.1649246599854756,0.1649246599854756,0.1649246599854756,0.0582545304232804,4,0,
VFC,VFC-VF CORP-2025.pdf,56,0.0115939150949268,1,0.0115939150949268,0.0115939150949268,0.0115939150949268,0.0115939150949268,5,0,
VRA,VRA-VERA BRADLEY INC-2023.pdf,10,0.578791706016813,1,0.578791706016813,0.578791706016813,0.578791706016813,0.578791706016813,21,0,
VRA,VRA-VERA BRADLEY INC-2023.pdf,16,0.0,0,0.0,0.0,0.0,0.0,0,0,
VRA,VRA-VERA BRADLEY INC-2023.pdf,18,0.042098993261867,1,0.042098993261867,0.042098993261867,0.042098993261867,0.042098993261867,25,0,
VRA,VRA-VERA BRADLEY INC-2023.pdf,23,0.0962591710324573,1,0.0962591710324573,0.0962591710324573,0.0962591710324573,0.0962591710324573,31,0,
VRA,VRA-VERA BRADLEY INC-2023.pdf,27,0.0300331024231627,1,0.0300331024231627,0.0300331024231627,0.0300331024231627,0.0300331024231627,36,0,
VRA,VRA-VERA BRADLEY INC-2023.pdf,29,0.0,0,0.0,0.0,0.0,0.0,0,0,
VRA,VRA-VERA BRADLEY INC-2023.pdf,30,0.0,0,0.0,0.0,0.0,0.0,0,0,
VSXY,VSXY-Victorias Secret-2023.pdf,3,0.0,0,0.0,0.0,0.0,0.0,0,0,
VSXY,VSXY-Victorias Secret-2023.pdf,4,0.0,0,0.0,0.0,0.0,0.0,0,0,
VSXY,VSXY-Victorias Secret-2023.pdf,9,0.6480405760529816,1,0.6480405760529816,0.6480405760529816,0.6480405760529816,0.6480405760529816,12,0,
VSXY,VSXY-Victorias Secret-2023.pdf,10,0.1140566771904637,1,0.1140566771904637,0.1140566771904637,0.1140566771904637,0.1140566771904637,3,0,
VSXY,VSXY-Victorias Secret-2023.pdf,11,0.1418032122678067,1,0.1418032122678067,0.1418032122678067,0.1418032122678067,0.1418032122678067,2,0,
VSXY,VSXY-Victorias Secret-2023.pdf,12,0.0,0,0.0,0.0,0.0,0.0,0,0,
VSXY,VSXY-Victorias Secret-2023.pdf,14,0.0,0,0.0,0.0,0.0,0.0,0,0,
VSXY,VSXY-Victorias Secret-2023.pdf,15,0.0,0,0.0,0.0,0.0,0.0,0,0,
VSXY,VSXY-Victorias Secret-2023.pdf,16,0.0,0,0.0,0.0,0.0,0.0,0,0,
VSXY,VSXY-Victorias Secret-2023.pdf,17,0.0,0,0.0,0.0,0.0,0.0,0,0,
VSXY,VSXY-Victorias Secret-2023.pdf,18,0.0,0,0.0,0.0,0.0,0.0,0,0,
VSXY,VSXY-Victorias Secret-2023.pdf,19,0.0,0,0.0,0.0,0.0,0.0,0,0,
VSXY,VSXY-Victorias Secret-2023.pdf,22,0.5459363221513911,2,0.5459363221513911,0.5459363221513911,0.5459363221513911,0.4515897377448057,5,0,
VSXY,VSXY-Victorias Secret-2023.pdf,23,0.0,0,0.0,0.0,0.0,0.0,0,0,
VSXY,VSXY-Victorias Secret-2023.pdf,25,0.0,0,0.0,0.0,0.0,0.0,0,0,
VSXY,VSXY-Victorias Secret-2023.pdf,26,0.0,0,0.0,0.0,0.0,0.0,0,0,
VSXY,VSXY-Victorias Secret-2023.pdf,27,0.0,0,0.0,0.0,0.0,0.0,0,0,
VSXY,VSXY-Victorias Secret-2023.pdf,28,0.0,0,0.0,0.0,0.0,0.0,0,0,
VSXY,VSXY-Victorias Secret-2023.pdf,30,0.0929599322043236,1,0.0929599322043236,0.0929599322043236,0.0929599322043236,0.0929599322043236,2,0,
VSXY,VSXY-Victorias Secret-2023.pdf,32,0.0,0,0.0,0.0,0.0,0.0,0,0,
VSXY,VSXY-Victorias Secret-2023.pdf,34,0.0,0,0.0,0.0,0.0,0.0,0,0,
VSXY,VSXY-Victorias Secret-2023.pdf,35,0.0,0,0.0,0.0,0.0,0.0,0,0,
VSXY,VSXY-Victorias Secret-2023.pdf,37,0.0,0,0.0,0.0,0.0,0.0,0,0,
VSXY,VSXY-Victorias Secret-2023.pdf,38,0.0,0,0.0,0.0,0.0,0.0,0,0,
VSXY,VSXY-Victorias Secret-2023.pdf,39,0.0,0,0.0,0.0,0.0,0.0,0,0,
VSXY,VSXY-Victorias Secret-2023.pdf,41,0.0015091517494572,2,0.0015091517494572,0.0015091517494572,0.0015091517494572,0.0009265600353836,2,0,
VSXY,VSXY-Victorias Secret-2023.pdf,43,0.0,0,0.0,0.0,0.0,0.0,0,0,
VSXY,VSXY-Victorias Secret-2023.pdf,46,0.0,0,0.0,0.0,0.0,0.0,0,0,
VSXY,VSXY-Victorias Secret-2023.pdf,47,0.0730723619247888,1,0.0730723619247888,0.0730723619247888,0.0730723619247888,0.0730723619247888,8,0,
VSXY,VSXY-Victorias Secret-2023.pdf,50,0.0,0,0.0,0.0,0.0,0.0,0,0,
VSXY,VSXY-Victorias Secret-2023.pdf,51,0.0,0,0.0,0.0,0.0,0.0,0,0,
VSXY,VSXY-Victorias Secret-2023.pdf,54,0.0,0,0.0,0.0,0.0,0.0,0,0,
VSXY,VSXY-Victorias Secret-2023.pdf,56,0.0,0,0.0,0.0,0.0,0.0,0,0,
VSXY,VSXY-Victorias Secret-2023.pdf,59,0.0,0,0.0,0.0,0.0,0.0,0,0,
VSXY,VSXY-Victorias Secret-2023.pdf,60,0.0,0,0.0,0.0,0.0,0.0,0,0,
VSXY,VSXY-Victorias Secret-2023.pdf,61,0.0,0,0.0,0.0,0.0,0.0,0,0,
VSXY,VSXY-Victorias Secret-2023.pdf,62,0.1260612226880158,1,0.1260612226880158,0.1260612226880158,0.1260612226880158,0.1260612226880158,25,0,
VSXY,VSXY-Victorias Secret-2023.pdf,63,0.0,0,0.0,0.0,0.0,0.0,0,0,
VSXY,VSXY-Victorias Secret-2023.pdf,64,0.0,0,0.0,0.0,0.0,0.0,0,0,
VSXY,VSXY-Victorias Secret-2023.pdf,65,0.0,0,0.0,0.0,0.0,0.0,0,0,
VSXY,VSXY-Victorias Secret-2023.pdf,66,0.0,0,0.0,0.0,0.0,0.0,0,0,
VSXY,VSXY-Victorias Secret-2023.pdf,67,0.5702024322403199,1,0.5702024322403199,0.5702024322403199,0.5702024322403199,0.5702024322403199,23,0,
VSXY,VSXY-Victorias Secret-2023.pdf,74,0.3101834039310678,4,0.3101834039310678,0.3101834039310678,0.3101834039310678,0.1033884586007896,5,0,
VSXY,VSXY-Victorias Secret-2023.pdf,77,0.2129737833730914,4,0.2129737833730914,0.2129737833730914,0.2129737833730914,0.0889072411571091,5,0,
VSXY,VSXY-Victorias Secret-2023.pdf,78,0.2623089011238369,4,0.2623089011238369,0.2623089011238369,0.2623089011238369,0.0775420618974546,5,0,
VSXY,VSXY-Victorias Secret-2023.pdf,79,0.256882308048336,6,0.256882308048336,0.256882308048336,0.256882308048336,0.0592721330189889,4,0,
VSXY,VSXY-Victorias Secret-2023.pdf,80,0.2012471507838587,4,0.2012471507838587,0.2012471507838587,0.2012471507838587,0.0799565513249622,2,0,
VSXY,VSXY-Victorias Secret-2023.pdf,81,0.6059505667263596,1,0.6059505667263596,0.6059505667263596,0.6059505667263596,0.6059505667263596,24,0,
VSXY,VSXY-Victorias Secret-2023.pdf,84,0.0263895193058839,1,0.0263895193058839,0.0263895193058839,0.0263895193058839,0.0263895193058839,16,0,
VSXY,VSXY-Victorias Secret-2023.pdf,86,0.0263895486276046,1,0.0263895486276046,0.0263895486276046,0.0263895486276046,0.0263895486276046,16,0,
VSXY,VSXY-Victorias Secret-2023.pdf,87,0.0267710685822701,1,0.0267710685822701,0.0267710685822701,0.0267710685822701,0.0267710685822701,16,0,
VSXY,VSXY-Victorias Secret-2023.pdf,88,0.0551051102666455,2,0.0551051102666455,0.0551051102666455,0.0551051102666455,0.0283340416843754,9,0,
VSXY,VSXY-Victorias Secret-2023.pdf,89,0.0267710685822701,1,0.0267710685822701,0.0267710685822701,0.0267710685822701,0.0267710685822701,16,0,
VSXY,VSXY-Victorias Secret-2023.pdf,91,0.0538550790158643,2,0.0538550790158643,0.0538550790158643,0.0538550790158643,0.0270840104335942,6,0,
VSXY,VSXY-Victorias Secret-2023.pdf,92,0.0538550790158643,2,0.0538550790158643,0.0538550790158643,0.0538550790158643,0.0270840104335942,6,0,
VSXY,VSXY-Victorias Secret-2023.pdf,94,0.0538550790158643,2,0.0538550790158643,0.0538550790158643,0.0538550790158643,0.0270840104335942,6,0,
VSXY,VSXY-Victorias Secret-2023.pdf,95,0.0267710685822701,1,0.0267710685822701,0.0267710685822701,0.0267710685822701,0.0267710685822701,16,0,
VSXY,VSXY-Victorias Secret-2023.pdf,96,0.0263895486276046,1,0.0263895486276046,0.0263895486276046,0.0263895486276046,0.0263895486276046,16,0,
VSXY,VSXY-Victorias Secret-2023.pdf,97,0.0534735590611989,2,0.0534735590611989,0.0534735590611989,0.0534735590611989,0.0270840104335943,9,0,
VSXY,VSXY-Victorias Secret-2023.pdf,98,0.0263895486276046,1,0.0263895486276046,0.0263895486276046,0.0263895486276046,0.0263895486276046,16,0,
VSXY,VSXY-Victorias Secret-2023.pdf,99,0.0267710685822701,1,0.0267710685822701,0.0267710685822701,0.0267710685822701,0.0267710685822701,16,0,
VSXY,VSXY-Victorias Secret-2023.pdf,100,0.0263895486276046,1,0.0263895486276046,0.0263895486276046,0.0263895486276046,0.0263895486276046,16,0,
VSXY,VSXY-Victorias Secret-2023.pdf,101,0.0534735590611988,2,0.0534735590611988,0.0534735590611988,0.0534735590611988,0.0270840104335942,9,0,
VSXY,VSXY-Victorias Secret-2023.pdf,103,0.0267710685822701,1,0.0267710685822701,0.0267710685822701,0.0267710685822701,0.0267710685822701,16,0,
VSXY,VSXY-Victorias Secret-2023.pdf,104,0.0538203559255648,2,0.0538203559255648,0.0538203559255648,0.0538203559255648,0.0270492873432947,9,0,
VSXY,VSXY-Victorias Secret-2023.pdf,105,0.0538207899641935,1,0.0538207899641935,0.0538207899641935,0.0538207899641935,0.0538207899641935,25,0,
VSXY,VSXY-Victorias Secret-2023.pdf,106,0.0267710685822701,1,0.0267710685822701,0.0267710685822701,0.0267710685822701,0.0267710685822701,16,0,
VSXY,VSXY-Victorias Secret-2023.pdf,107,0.0263895486276046,1,0.0263895486276046,0.0263895486276046,0.0263895486276046,0.0263895486276046,16,0,
VSXY,VSXY-Victorias Secret-2023.pdf,109,0.0267710685822701,1,0.0267710685822701,0.0267710685822701,0.0267710685822701,0.0267710685822701,16,0,
VSXY,VSXY-Victorias Secret-2023.pdf,110,0.0267710685822701,1,0.0267710685822701,0.0267710685822701,0.0267710685822701,0.0267710685822701,16,0,
VVV,VVV-VALVOLINE INC-2024.pdf,5,0.1366666666666666,1,0.1366666666666666,0.1366666666666666,0.1366666666666666,0.1366666666666666,2,0,
VVV,VVV-VALVOLINE INC-2024.pdf,9,0.1366666666666666,1,0.1366666666666666,0.1366666666666666,0.1366666666666666,0.1366666666666666,2,0,
VVV,VVV-VALVOLINE INC-2024.pdf,14,0.1366666666666666,1,0.1366666666666666,0.1366666666666666,0.1366666666666666,0.1366666666666666,2,0,
VVV,VVV-VALVOLINE INC-2024.pdf,23,0.1366666666666666,1,0.1366666666666666,0.1366666666666666,0.1366666666666666,0.1366666666666666,2,0,
VVV,VVV-VALVOLINE INC-2024.pdf,27,0.1722862162477872,2,0.1722862162477872,0.1722862162477872,0.1722862162477872,0.1366666666666666,2,0,
VVV,VVV-VALVOLINE INC-2024.pdf,32,0.1366666666666666,1,0.1366666666666666,0.1366666666666666,0.1366666666666666,0.1366666666666666,2,0,
VVV,VVV-VALVOLINE INC-2024.pdf,35,0.1366666666666666,1,0.1366666666666666,0.1366666666666666,0.1366666666666666,0.1366666666666666,2,0,
VVV,VVV-VALVOLINE INC-2024.pdf,36,0.1366666666666666,1,0.1366666666666666,0.1366666666666666,0.1366666666666666,0.1366666666666666,2,0,
VVV,VVV-VALVOLINE INC-2024.pdf,40,0.7297697845510696,2,0.7297697845510696,0.7297697845510696,0.7297697845510696,0.593103117884403,26,0,
VVV,VVV-VALVOLINE INC-2024.pdf,41,0.6556122547648495,3,0.6556122547648495,0.6556122547648495,0.6556122547648495,0.4191069443073332,13,0,
VVV,VVV-VALVOLINE INC-2024.pdf,42,0.687205473856209,2,0.687205473856209,0.687205473856209,0.687205473856209,0.5505388071895424,24,0,
VVV,VVV-VALVOLINE INC-2024.pdf,43,0.7282261813924065,2,0.7282261813924065,0.7282261813924065,0.7282261813924065,0.5915595147257398,22,0,
VVV,VVV-VALVOLINE INC-2024.pdf,45,0.7499410864169163,2,0.7499410864169163,0.7499410864169163,0.7499410864169163,0.6132744197502497,14,0,
VVV,VVV-VALVOLINE INC-2024.pdf,47,0.6994367311987488,2,0.6994367311987488,0.6994367311987488,0.6994367311987488,0.5627700645320821,21,0,
VVV,VVV-VALVOLINE INC-2024.pdf,49,0.7569019594793935,2,0.7569019594793935,0.7569019594793935,0.7569019594793935,0.6202352928127269,25,0,
VVV,VVV-VALVOLINE INC-2024.pdf,55,0.7512232162309367,2,0.7512232162309367,0.7512232162309367,0.7512232162309367,0.6145565495642701,6,0,
VVV,VVV-VALVOLINE INC-2024.pdf,57,0.759288058278867,2,0.759288058278867,0.759288058278867,0.759288058278867,0.6226213916122004,6,0,
W,W-WAYFAIR INC-2021.pdf,4,1.005829747177159,1,1.005829747177159,1.005829747177159,1.005829747177159,1.005829747177159,6,0,
W,W-WAYFAIR INC-2021.pdf,5,1.005829747177159,1,1.005829747177159,1.005829747177159,1.005829747177159,1.005829747177159,8,0,
W,W-WAYFAIR INC-2021.pdf,10,1.006333004604122,1,0.0,0.0,0.0,1.006333004604122,4,1,
W,W-WAYFAIR INC-2021.pdf,11,0.0,0,0.0,0.0,0.0,0.0,0,0,
W,W-WAYFAIR INC-2021.pdf,14,1.005355788046713,1,1.005355788046713,1.005355788046713,1.005355788046713,1.005355788046713,7,0,
W,W-WAYFAIR INC-2021.pdf,16,0.0,0,0.0,0.0,0.0,0.0,0,0,
W,W-WAYFAIR INC-2021.pdf,17,1.0058588083326958,1,1.0058588083326958,1.0058588083326958,1.0058588083326958,1.0058588083326958,5,0,
WHR,WHR-WHIRLPOOL CORP-2021.pdf,2,0.058966339869281,1,0.058966339869281,0.058966339869281,0.058966339869281,0.058966339869281,2,0,
WHR,WHR-WHIRLPOOL CORP-2021.pdf,7,1.00235396797029,2,0.0614631182970873,0.0614631182970873,1.00235396797029,0.9408908496732026,3,1,
WHR,WHR-WHIRLPOOL CORP-2021.pdf,8,0.9410336601307188,1,0.9410336601307188,0.9410336601307188,0.9410336601307188,0.9410336601307188,7,0,
WHR,WHR-WHIRLPOOL CORP-2021.pdf,11,0.9684695731792716,2,0.027578723506069,0.027578723506069,0.9684695731792716,0.9408908496732026,4,1,
WHR,WHR-WHIRLPOOL CORP-2021.pdf,15,0.9408908496732026,1,0.9408908496732026,0.9408908496732026,0.9408908496732026,0.9408908496732026,11,0,
WHR,WHR-WHIRLPOOL CORP-2021.pdf,23,0.9408908496732026,1,0.0,0.0,0.9408908496732026,0.9408908496732026,3,1,
WHR,WHR-WHIRLPOOL CORP-2021.pdf,26,0.9410168559582168,1,0.9410168559582168,0.9410168559582168,0.9410168559582168,0.9410168559582168,5,0,
WHR,WHR-WHIRLPOOL CORP-2021.pdf,27,0.9563531521838772,2,0.9563531521838772,0.9563531521838772,0.9563531521838772,0.9408111111111112,5,0,
WHR,WHR-WHIRLPOOL CORP-2021.pdf,28,0.9531603583099906,2,0.9531603583099906,0.9531603583099906,0.9531603583099906,0.9410336601307188,8,0,
WHR,WHR-WHIRLPOOL CORP-2021.pdf,30,0.9408908496732026,1,0.9408908496732026,0.9408908496732026,0.9408908496732026,0.9408908496732026,7,0,
WHR,WHR-WHIRLPOOL CORP-2021.pdf,31,0.9428642069327732,2,0.0019733572595704,0.0019733572595704,0.9428642069327732,0.9408908496732026,3,1,
WHR,WHR-WHIRLPOOL CORP-2021.pdf,32,0.9410336601307188,1,0.9410336601307188,0.9410336601307188,0.9410336601307188,0.9410336601307188,9,0,
WHR,WHR-WHIRLPOOL CORP-2021.pdf,33,0.9416162026830256,3,0.9416162026830256,0.9416162026830256,0.9416162026830256,0.9407477124183006,5,0,
WHR,WHR-WHIRLPOOL CORP-2021.pdf,34,0.9408908496732026,1,0.9408908496732026,0.9408908496732026,0.9408908496732026,0.9408908496732026,5,0,
WHR,WHR-WHIRLPOOL CORP-2021.pdf,35,0.9411487470497458,2,0.9411487470497458,0.9411487470497458,0.9411487470497458,0.9408906318082788,5,0,
WHR,WHR-WHIRLPOOL CORP-2021.pdf,36,0.9408908496732026,1,0.0,0.0,0.9408908496732026,0.9408908496732026,3,1,
WHR,WHR-WHIRLPOOL CORP-2021.pdf,38,0.9409744023332134,2,0.9409744023332134,0.9409744023332134,0.9409744023332134,0.9407460784313726,5,0,
WHR,WHR-WHIRLPOOL CORP-2021.pdf,41,1.026011272969836,3,0.0851204232966335,0.0851204232966335,1.026011272969836,0.9408908496732026,4,1,
WHR,WHR-WHIRLPOOL CORP-2021.pdf,45,0.9408908496732026,1,0.9408908496732026,0.9408908496732026,0.9408908496732026,0.9408908496732026,9,0,
WHR,WHR-WHIRLPOOL CORP-2021.pdf,47,0.9409764705882352,1,0.0,0.0,0.9409764705882352,0.9409764705882352,4,1,
WHR,WHR-WHIRLPOOL CORP-2021.pdf,48,0.9410572220804478,2,0.9410572220804478,0.9410572220804478,0.9410572220804478,0.9405009803921568,8,0,
WHR,WHR-WHIRLPOOL CORP-2021.pdf,49,0.9408908496732026,1,0.0,0.0,0.9408908496732026,0.9408908496732026,3,1,
WHR,WHR-WHIRLPOOL CORP-2021.pdf,50,0.9408908496732026,1,0.0,0.0,0.9408908496732026,0.9408908496732026,4,1,
WHR,WHR-WHIRLPOOL CORP-2021.pdf,51,1.061688888888889,2,1.061688888888889,1.061688888888889,1.061688888888889,0.9407477124183006,10,0,
WHR,WHR-WHIRLPOOL CORP-2021.pdf,52,0.9565315668685808,2,0.9565315668685808,0.9565315668685808,0.9565315668685808,0.9407477124183006,6,0,
WHR,WHR-WHIRLPOOL CORP-2021.pdf,53,0.5517647058823529,1,0.5517647058823529,0.5517647058823529,0.5517647058823529,0.5517647058823529,8,0,
WHR,WHR-WHIRLPOOL CORP-2021.pdf,54,0.9408906318082788,1,0.9408906318082788,0.9408906318082788,0.9408906318082788,0.9408906318082788,11,0,
WHR,WHR-WHIRLPOOL CORP-2021.pdf,56,1.2992888929548363,2,1.2992888929548363,1.2992888929548363,1.2992888929548363,0.9425238562091504,5,0,
WHR,WHR-WHIRLPOOL CORP-2021.pdf,57,0.9407953159041396,1,0.9407953159041396,0.9407953159041396,0.9407953159041396,0.9407953159041396,8,0,
WHR,WHR-WHIRLPOOL CORP-2021.pdf,58,0.9367492374727668,1,0.9367492374727668,0.9367492374727668,0.9367492374727668,0.9367492374727668,6,0,
WHR,WHR-WHIRLPOOL CORP-2021.pdf,62,1.0776544117647058,2,0.1367635620915032,0.1367635620915032,1.0776544117647058,0.9408908496732026,4,1,
WHR,WHR-WHIRLPOOL CORP-2021.pdf,63,0.9427827614379084,2,0.0018919117647058,0.0018919117647058,0.9427827614379084,0.9408908496732026,3,1,
WHR,WHR-WHIRLPOOL CORP-2021.pdf,64,0.9408908496732026,1,0.0,0.0,0.9408908496732026,0.9408908496732026,4,1,
WHR,WHR-WHIRLPOOL CORP-2021.pdf,70,0.9408908496732026,1,0.9408908496732026,0.9408908496732026,0.9408908496732026,0.9408908496732026,5,0,
WHR,WHR-WHIRLPOOL CORP-2021.pdf,71,0.9944226890756304,2,0.9944226890756304,0.9944226890756304,0.9944226890756304,0.946078431372549,7,0,
WHR,WHR-WHIRLPOOL CORP-2021.pdf,72,0.9734286647992528,2,0.0325378151260504,0.0325378151260504,0.9734286647992528,0.9408908496732026,3,1,
WHR,WHR-WHIRLPOOL CORP-2021.pdf,75,0.9407005446623092,1,0.9407005446623092,0.9407005446623092,0.9407005446623092,0.9407005446623092,10,0,
WHR,WHR-WHIRLPOOL CORP-2021.pdf,76,0.9407477124183006,1,0.9407477124183006,0.9407477124183006,0.9407477124183006,0.9407477124183006,5,0,
WHR,WHR-WHIRLPOOL CORP-2021.pdf,80,1.0373439087242096,2,1.0373439087242096,1.0373439087242096,1.0373439087242096,0.9408908496732026,6,0,
WHR,WHR-WHIRLPOOL CORP-2021.pdf,81,0.9737431811845108,2,0.0328523315113081,0.0328523315113081,0.9737431811845108,0.9408908496732026,3,1,
WHR,WHR-WHIRLPOOL CORP-2021.pdf,85,0.970060072250428,2,0.970060072250428,0.970060072250428,0.970060072250428,0.9407468954248368,5,0,
WHR,WHR-WHIRLPOOL CORP-2021.pdf,86,0.9406994553376908,1,0.9406994553376908,0.9406994553376908,0.9406994553376908,0.9406994553376908,14,0,
WHR,WHR-WHIRLPOOL CORP-2021.pdf,87,0.9408908496732026,1,0.0,0.0,0.9408908496732026,0.9408908496732026,4,1,
WHR,WHR-WHIRLPOOL CORP-2021.pdf,88,0.9408908496732026,1,0.9408908496732026,0.9408908496732026,0.9408908496732026,0.9408908496732026,5,0,
WHR,WHR-WHIRLPOOL CORP-2021.pdf,90,0.9407485294117648,1,0.9407485294117648,0.9407485294117648,0.9407485294117648,0.9407485294117648,5,0,
WHR,WHR-WHIRLPOOL CORP-2021.pdf,92,0.9954177607462736,2,0.0545269110730712,0.0545269110730712,0.9954177607462736,0.9408908496732026,3,1,
WHR,WHR-WHIRLPOOL CORP-2021.pdf,93,1.1932472854178502,3,0.2524979390126213,0.2524979390126213,1.1932472854178502,0.9407493464052288,4,1,
WHR,WHR-WHIRLPOOL CORP-2021.pdf,95,0.9408908496732026,1,0.0,0.0,0.9408908496732026,0.9408908496732026,3,1,
WHR,WHR-WHIRLPOOL CORP-2021.pdf,96,0.9408908496732026,1,0.0,0.0,0.9408908496732026,0.9408908496732026,3,1,
WHR,WHR-WHIRLPOOL CORP-2021.pdf,97,0.9408908496732026,1,0.0,0.0,0.9408908496732026,0.9408908496732026,3,1,
WHR,WHR-WHIRLPOOL CORP-2021.pdf,99,0.0589187363834422,1,0.0589187363834422,0.0589187363834422,0.0589187363834422,0.0589187363834422,2,0,
WHR,WHR-WHIRLPOOL CORP-2021.pdf,101,0.0589187363834422,1,0.0589187363834422,0.0589187363834422,0.0589187363834422,0.0589187363834422,2,0,
WHR,WHR-WHIRLPOOL CORP-2021.pdf,102,0.2947303371974855,3,0.2947303371974855,0.2947303371974855,0.2947303371974855,0.1896156671799201,32,0,
WHR,WHR-WHIRLPOOL CORP-2021.pdf,105,0.4073802841970121,2,0.4073802841970121,0.4073802841970121,0.4073802841970121,0.3484615478135698,49,0,
WHR,WHR-WHIRLPOOL CORP-2021.pdf,110,0.5220231927910053,2,0.5220231927910053,0.5220231927910053,0.5220231927910053,0.463104456407563,42,0,
WHR,WHR-WHIRLPOOL CORP-2021.pdf,111,0.5317346618230626,2,0.5317346618230626,0.5317346618230626,0.5317346618230626,0.4727683219537816,42,0,
WHR,WHR-WHIRLPOOL CORP-2021.pdf,112,0.5295932096171801,2,0.5295932096171801,0.5295932096171801,0.5295932096171801,0.4706268697478991,36,0,
WHR,WHR-WHIRLPOOL CORP-2021.pdf,113,0.6236240105625583,2,0.6236240105625583,0.6236240105625583,0.6236240105625583,0.5646576706932773,27,0,
WHR,WHR-WHIRLPOOL CORP-2021.pdf,114,0.6149479128734828,2,0.6149479128734828,0.6149479128734828,0.6149479128734828,0.5559815730042018,45,0,
WHR,WHR-WHIRLPOOL CORP-2021.pdf,115,0.6069041339869281,2,0.6069041339869281,0.6069041339869281,0.6069041339869281,0.5479377941176471,36,0,
WHR,WHR-WHIRLPOOL CORP-2021.pdf,116,0.6256278734827264,2,0.6256278734827264,0.6256278734827264,0.6256278734827264,0.5666615336134454,36,0,
WHR,WHR-WHIRLPOOL CORP-2021.pdf,118,0.6156351949112978,2,0.6156351949112978,0.6156351949112978,0.6156351949112978,0.5566688550420168,30,0,
WHR,WHR-WHIRLPOOL CORP-2021.pdf,127,0.0589187363834422,1,0.0589187363834422,0.0589187363834422,0.0589187363834422,0.0589187363834422,2,0,
WHR,WHR-WHIRLPOOL CORP-2023.pdf,7,0.1741333333333334,4,0.1741333333333334,0.1741333333333334,0.1741333333333334,0.1683098039215687,3,0,
WHR,WHR-WHIRLPOOL CORP-2023.pdf,8,0.3685244969213854,6,0.3685244969213854,0.3685244969213854,0.3685244969213854,0.3468451360123911,2,0,
WHR,WHR-WHIRLPOOL CORP-2023.pdf,10,0.4923236227824463,3,0.4923236227824463,0.4923236227824463,0.4923236227824463,0.4884412698412698,11,0,
WHR,WHR-WHIRLPOOL CORP-2023.pdf,12,0.2801484937169312,3,0.2801484937169312,0.2801484937169312,0.2801484937169312,0.2762664028944911,7,0,
WHR,WHR-WHIRLPOOL CORP-2023.pdf,13,1.062861960389866,10,1.062861960389866,1.062861960389866,1.062861960389866,0.7625852313096535,2,0,
WHR,WHR-WHIRLPOOL CORP-2023.pdf,25,0.2584308543903672,3,0.2584308543903672,0.2584308543903672,0.2584308543903672,0.2544747899159663,8,0,
WHR,WHR-WHIRLPOOL CORP-2023.pdf,27,0.9207675211056646,4,0.0058002008442265,0.0058002008442265,0.9207675211056646,0.914967320261438,3,1,
WHR,WHR-WHIRLPOOL CORP-2023.pdf,31,0.0058002008442265,3,0.0058002008442265,0.0058002008442265,0.0058002008442265,0.0019411764705882,4,0,
WHR,WHR-WHIRLPOOL CORP-2023.pdf,41,0.3363738713429816,4,0.3363738713429816,0.3363738713429816,0.3363738713429816,0.2869669164332399,8,0,
WHR,WHR-WHIRLPOOL CORP-2023.pdf,42,0.0058235294117647,3,0.0058235294117647,0.0058235294117647,0.0058235294117647,0.0019411764705882,4,0,
WHR,WHR-WHIRLPOOL CORP-2023.pdf,43,0.2697271588728083,3,0.2697271588728083,0.2697271588728083,0.2697271588728083,0.2658697945845004,17,0,
WHR,WHR-WHIRLPOOL CORP-2023.pdf,44,0.0880842997198879,3,0.0880842997198879,0.0880842997198879,0.0880842997198879,0.0842019467787114,8,0,
WHR,WHR-WHIRLPOOL CORP-2023.pdf,45,0.0,0,0.0,0.0,0.0,0.0,0,0,
WHR,WHR-WHIRLPOOL CORP-2023.pdf,48,0.0058235294117647,3,0.0058235294117647,0.0058235294117647,0.0058235294117647,0.0019411764705882,8,0,
WHR,WHR-WHIRLPOOL CORP-2023.pdf,52,1.3483547841230936,9,1.3483547841230936,1.3483547841230936,1.3483547841230936,1.0,9,0,
WHR,WHR-WHIRLPOOL CORP-2023.pdf,54,0.2559932773109243,3,0.2559932773109243,0.2559932773109243,0.2559932773109243,0.2521109243697479,11,0,
WHR,WHR-WHIRLPOOL CORP-2023.pdf,55,0.9028823529411764,4,0.9028823529411764,0.0058235294117647,0.9028823529411764,0.8970588235294118,2,0,
WHR,WHR-WHIRLPOOL CORP-2023.pdf,58,0.612884899691358,3,0.612884899691358,0.612884899691358,0.612884899691358,0.6090263071895424,13,0,
WHR,WHR-WHIRLPOOL CORP-2023.pdf,59,0.2605046524827522,4,0.2605046524827522,0.2605046524827522,0.2605046524827522,0.2547311003767246,7,0,
WHR,WHR-WHIRLPOOL CORP-2023.pdf,60,1.007542326357117,5,0.0065981806988536,0.0065981806988536,0.0065981806988536,1.0009441456582635,2,1,
WHR,WHR-WHIRLPOOL CORP-2023.pdf,63,0.3509793767507002,3,0.3509793767507002,0.3509793767507002,0.3509793767507002,0.3470970238095237,12,0,
WHR,WHR-WHIRLPOOL CORP-2023.pdf,67,0.4145088605267339,5,0.4145088605267339,0.4145088605267339,0.4145088605267339,0.2238581932773109,3,0,
WHR,WHR-WHIRLPOOL CORP-2023.pdf,69,0.5634275591996057,3,0.5634275591996057,0.5634275591996057,0.5634275591996057,0.5590124331491856,36,0,
WHR,WHR-WHIRLPOOL CORP-2023.pdf,71,0.0058235294117647,3,0.0058235294117647,0.0058235294117647,0.0058235294117647,0.0019411764705882,4,0,
WHR,WHR-WHIRLPOOL CORP-2023.pdf,74,0.6258143794757948,4,0.6258143794757948,0.6258143794757948,0.6258143794757948,0.6209366975173556,14,0,
WHR,WHR-WHIRLPOOL CORP-2023.pdf,77,0.0038823529411764,2,0.0038823529411764,0.0038823529411764,0.0038823529411764,0.0019411764705882,4,0,
WHR,WHR-WHIRLPOOL CORP-2023.pdf,80,0.1334837559680238,6,0.1334837559680238,0.1334837559680238,0.1334837559680238,0.068693533154616,6,0,
WHR,WHR-WHIRLPOOL CORP-2023.pdf,81,0.0922789769974251,7,0.0922789769974251,0.0922789769974251,0.0922789769974251,0.0486208943977185,7,0,
WHR,WHR-WHIRLPOOL CORP-2023.pdf,85,0.0329776056417937,4,0.0329776056417937,0.0329776056417937,0.0329776056417937,0.0270092369054103,3,0,
WHR,WHR-WHIRLPOOL CORP-2023.pdf,89,0.3236540845620657,9,0.3236540845620657,0.3236540845620657,0.3236540845620657,0.0752021944541705,4,0,
WHR,WHR-WHIRLPOOL CORP-2023.pdf,92,0.3274167545258845,7,0.3274167545258845,0.3274167545258845,0.3274167545258845,0.124757836936858,5,0,
WHR,WHR-WHIRLPOOL CORP-2023.pdf,93,0.3058022579981066,7,0.3058022579981066,0.3058022579981066,0.3058022579981066,0.1350236726287736,7,0,
WHR,WHR-WHIRLPOOL CORP-2023.pdf,95,0.3638560730658006,9,0.3638560730658006,0.3638560730658006,0.3638560730658006,0.1022760307247899,4,0,
WHR,WHR-WHIRLPOOL CORP-2023.pdf,96,0.3401528160338211,8,0.3401528160338211,0.3401528160338211,0.3401528160338211,0.1235419995428727,8,0,
WHR,WHR-WHIRLPOOL CORP-2023.pdf,98,0.4183066701275417,6,0.4183066701275417,0.4183066701275417,0.4183066701275417,0.1757022244835434,5,0,
WHR,WHR-WHIRLPOOL CORP-2023.pdf,108,0.0058875612745098,3,0.0058875612745098,0.0058875612745098,0.0058875612745098,0.0019731924019607,4,0,
WOOF,WOOF-PETCO HEALTH AND WELLNESS CO-2021.pdf,5,0.0,0,0.0,0.0,0.0,0.0,0,0,
WOOF,WOOF-PETCO HEALTH AND WELLNESS CO-2021.pdf,37,0.0,0,0.0,0.0,0.0,0.0,0,0,
WOOF,WOOF-PETCO HEALTH AND WELLNESS CO-2021.pdf,47,0.0,0,0.0,0.0,0.0,0.0,0,0,
WOOF,WOOF-PETCO HEALTH AND WELLNESS CO-2021.pdf,53,0.3224665062388592,1,0.3224665062388592,0.3224665062388592,0.3224665062388592,0.3224665062388592,64,0,
WOOF,WOOF-PETCO HEALTH AND WELLNESS CO-2021.pdf,73,0.0,0,0.0,0.0,0.0,0.0,0,0,
WOOF,WOOF-PETCO HEALTH AND WELLNESS CO-2023.pdf,3,0.1172020991161616,1,0.1172020991161616,0.1172020991161616,0.1172020991161616,0.1172020991161616,2,0,
WOOF,WOOF-PETCO HEALTH AND WELLNESS CO-2023.pdf,4,0.0,0,0.0,0.0,0.0,0.0,0,0,
WOOF,WOOF-PETCO HEALTH AND WELLNESS CO-2023.pdf,5,0.0,0,0.0,0.0,0.0,0.0,0,0,
WOOF,WOOF-PETCO HEALTH AND WELLNESS CO-2023.pdf,7,0.0993567403119223,1,0.0993567403119223,0.0993567403119223,0.0993567403119223,0.0993567403119223,2,0,
WOOF,WOOF-PETCO HEALTH AND WELLNESS CO-2023.pdf,8,0.6558779889145432,1,0.6558779889145432,0.6558779889145432,0.6558779889145432,0.6558779889145432,2,0,
WOOF,WOOF-PETCO HEALTH AND WELLNESS CO-2023.pdf,9,0.5402544266037881,1,0.5402544266037881,0.5402544266037881,0.5402544266037881,0.5402544266037881,9,0,
WOOF,WOOF-PETCO HEALTH AND WELLNESS CO-2023.pdf,13,0.6491733227368434,1,0.6491733227368434,0.6491733227368434,0.6491733227368434,0.6491733227368434,24,0,
WOOF,WOOF-PETCO HEALTH AND WELLNESS CO-2023.pdf,15,0.3244634642647883,2,0.3244634642647883,0.3244634642647883,0.3244634642647883,0.179185611062284,6,0,
WOOF,WOOF-PETCO HEALTH AND WELLNESS CO-2023.pdf,16,0.0,0,0.0,0.0,0.0,0.0,0,0,
WOOF,WOOF-PETCO HEALTH AND WELLNESS CO-2023.pdf,20,0.1255743247425232,1,0.1255743247425232,0.1255743247425232,0.1255743247425232,0.1255743247425232,2,0,
WOOF,WOOF-PETCO HEALTH AND WELLNESS CO-2023.pdf,24,0.0002286678598789,1,0.0002286678598789,0.0002286678598789,0.0002286678598789,0.0002286678598789,2,0,
WOOF,WOOF-PETCO HEALTH AND WELLNESS CO-2023.pdf,27,0.0,0,0.0,0.0,0.0,0.0,0,0,
WOOF,WOOF-PETCO HEALTH AND WELLNESS CO-2023.pdf,33,0.0727490504514095,1,0.0727490504514095,0.0727490504514095,0.0727490504514095,0.0727490504514095,2,0,
WOOF,WOOF-PETCO HEALTH AND WELLNESS CO-2023.pdf,34,0.0,0,0.0,0.0,0.0,0.0,0,0,
WOOF,WOOF-PETCO HEALTH AND WELLNESS CO-2023.pdf,40,0.2582039483360658,1,0.2582039483360658,0.2582039483360658,0.2582039483360658,0.2582039483360658,14,0,
WOOF,WOOF-PETCO HEALTH AND WELLNESS CO-2023.pdf,41,0.311711719936291,1,0.311711719936291,0.311711719936291,0.311711719936291,0.311711719936291,2,0,
WOOF,WOOF-PETCO HEALTH AND WELLNESS CO-2023.pdf,46,0.0,0,0.0,0.0,0.0,0.0,0,0,
WOOF,WOOF-PETCO HEALTH AND WELLNESS CO-2023.pdf,51,0.1831048768939394,2,0.1831048768939394,0.1831048768939394,0.1831048768939394,0.1090058571829405,2,0,
WOOF,WOOF-PETCO HEALTH AND WELLNESS CO-2023.pdf,53,0.0887851728039174,1,0.0887851728039174,0.0887851728039174,0.0887851728039174,0.0887851728039174,10,0,
WOOF,WOOF-PETCO HEALTH AND WELLNESS CO-2024.pdf,3,0.0669110941935696,1,0.0669110941935696,0.0669110941935696,0.0669110941935696,0.0669110941935696,2,0,
WOOF,WOOF-PETCO HEALTH AND WELLNESS CO-2024.pdf,4,0.0,0,0.0,0.0,0.0,0.0,0,0,
WOOF,WOOF-PETCO HEALTH AND WELLNESS CO-2024.pdf,8,0.6558779889145432,1,0.6558779889145432,0.6558779889145432,0.6558779889145432,0.6558779889145432,2,0,
WOOF,WOOF-PETCO HEALTH AND WELLNESS CO-2024.pdf,12,0.0,0,0.0,0.0,0.0,0.0,0,0,
WOOF,WOOF-PETCO HEALTH AND WELLNESS CO-2024.pdf,13,0.0,0,0.0,0.0,0.0,0.0,0,0,
WOOF,WOOF-PETCO HEALTH AND WELLNESS CO-2024.pdf,22,0.0727490504514095,1,0.0727490504514095,0.0727490504514095,0.0727490504514095,0.0727490504514095,2,0,
WOOF,WOOF-PETCO HEALTH AND WELLNESS CO-2024.pdf,30,0.0,0,0.0,0.0,0.0,0.0,0,0,
WSM,WSM-WILLIAMS-SONOMA INC-2021.pdf,5,1.0001960784313726,1,1.0001960784313726,1.0001960784313726,1.0001960784313726,1.0001960784313726,5,0,
WSM,WSM-WILLIAMS-SONOMA INC-2021.pdf,7,1.0536273758520665,5,1.0536273758520665,1.0536273758520665,1.0536273758520665,1.0001960784313726,5,0,
WSM,WSM-WILLIAMS-SONOMA INC-2021.pdf,12,1.0001960784313726,1,1.0001960784313726,1.0001960784313726,1.0001960784313726,1.0001960784313726,6,0,
WSM,WSM-WILLIAMS-SONOMA INC-2021.pdf,14,1.0001960784313726,1,1.0001960784313726,1.0001960784313726,1.0001960784313726,1.0001960784313726,5,0,
WSM,WSM-WILLIAMS-SONOMA INC-2021.pdf,17,1.0005882352941176,1,0.0,0.0,0.0,1.0005882352941176,2,1,
WSM,WSM-WILLIAMS-SONOMA INC-2021.pdf,20,1.033860294117647,1,1.033860294117647,1.033860294117647,1.033860294117647,1.033860294117647,5,0,
WSM,WSM-WILLIAMS-SONOMA INC-2021.pdf,21,1.0005882352941176,1,0.0,0.0,0.0,1.0005882352941176,2,1,
WSM,WSM-WILLIAMS-SONOMA INC-2021.pdf,24,1.000530024509804,1,1.000530024509804,1.000530024509804,1.000530024509804,1.000530024509804,6,0,
WSM,WSM-WILLIAMS-SONOMA INC-2021.pdf,28,1.000530024509804,1,1.000530024509804,1.000530024509804,1.000530024509804,1.000530024509804,5,0,
WSM,WSM-WILLIAMS-SONOMA INC-2021.pdf,30,1.000530024509804,1,1.000530024509804,1.000530024509804,1.000530024509804,1.000530024509804,5,0,
WSM,WSM-WILLIAMS-SONOMA INC-2021.pdf,31,1.001060049019608,1,0.0,0.0,0.0,1.001060049019608,2,1,
WSM,WSM-WILLIAMS-SONOMA INC-2021.pdf,34,1.000530024509804,1,1.000530024509804,1.000530024509804,1.000530024509804,1.000530024509804,5,0,
WSM,WSM-WILLIAMS-SONOMA INC-2021.pdf,35,1.001060049019608,1,0.0,0.0,0.0,1.001060049019608,2,1,
WSM,WSM-WILLIAMS-SONOMA INC-2021.pdf,36,1.000530024509804,1,1.000530024509804,1.000530024509804,1.000530024509804,1.000530024509804,5,0,
WSM,WSM-WILLIAMS-SONOMA INC-2021.pdf,39,1.2421225537812768,5,0.2415343184871592,0.2415343184871592,0.2415343184871592,1.0005882352941176,2,1,
WSM,WSM-WILLIAMS-SONOMA INC-2021.pdf,43,1.2417303969185318,5,1.2417303969185318,1.2417303969185318,1.2417303969185318,1.0001960784313726,5,0,
WSM,WSM-WILLIAMS-SONOMA INC-2021.pdf,45,1.000298202614379,1,1.000298202614379,1.000298202614379,1.000298202614379,1.000298202614379,8,0,
WSM,WSM-WILLIAMS-SONOMA INC-2021.pdf,46,1.0003622004357298,1,1.0003622004357298,1.0003622004357298,1.0003622004357298,1.0003622004357298,5,0,
WSM,WSM-WILLIAMS-SONOMA INC-2021.pdf,50,1.0003622004357298,1,1.0003622004357298,1.0003622004357298,1.0003622004357298,1.0003622004357298,5,0,
WSM,WSM-WILLIAMS-SONOMA INC-2021.pdf,52,1.0003622004357298,1,1.0003622004357298,1.0003622004357298,1.0003622004357298,1.0003622004357298,5,0,
WSM,WSM-WILLIAMS-SONOMA INC-2021.pdf,53,1.0003622004357298,1,1.0003622004357298,1.0003622004357298,1.0003622004357298,1.0003622004357298,5,0,
WSM,WSM-WILLIAMS-SONOMA INC-2021.pdf,55,1.0003622004357298,1,1.0003622004357298,1.0003622004357298,1.0003622004357298,1.0003622004357298,5,0,
WSM,WSM-WILLIAMS-SONOMA INC-2021.pdf,56,1.0003622004357298,1,1.0003622004357298,1.0003622004357298,1.0003622004357298,1.0003622004357298,5,0,
WSM,WSM-WILLIAMS-SONOMA INC-2021.pdf,57,1.0003622004357298,1,1.0003622004357298,1.0003622004357298,1.0003622004357298,1.0003622004357298,5,0,
WWW,WWW-WOLVERINE WORLD WIDE-2022.pdf,4,0.0,0,0.0,0.0,0.0,0.0,0,0,
WWW,WWW-WOLVERINE WORLD WIDE-2022.pdf,8,0.0,0,0.0,0.0,0.0,0.0,0,0,
WWW,WWW-WOLVERINE WORLD WIDE-2022.pdf,9,0.0,0,0.0,0.0,0.0,0.0,0,0,
WWW,WWW-WOLVERINE WORLD WIDE-2022.pdf,10,0.0,0,0.0,0.0,0.0,0.0,0,0,
WWW,WWW-WOLVERINE WORLD WIDE-2022.pdf,12,0.0005972068557548,1,0.0005972068557548,0.0005972068557548,0.0005972068557548,0.0005972068557548,2,0,
WWW,WWW-WOLVERINE WORLD WIDE-2022.pdf,13,0.0,0,0.0,0.0,0.0,0.0,0,0,
WWW,WWW-WOLVERINE WORLD WIDE-2022.pdf,14,0.0,0,0.0,0.0,0.0,0.0,0,0,
WWW,WWW-WOLVERINE WORLD WIDE-2022.pdf,15,0.0,0,0.0,0.0,0.0,0.0,0,0,
WWW,WWW-WOLVERINE WORLD WIDE-2022.pdf,19,0.0,0,0.0,0.0,0.0,0.0,0,0,
WWW,WWW-WOLVERINE WORLD WIDE-2022.pdf,22,0.0,0,0.0,0.0,0.0,0.0,0,0,
WWW,WWW-WOLVERINE WORLD WIDE-2022.pdf,31,0.0,0,0.0,0.0,0.0,0.0,0,0,
WWW,WWW-WOLVERINE WORLD WIDE-2022.pdf,34,0.0,0,0.0,0.0,0.0,0.0,0,0,
WWW,WWW-WOLVERINE WORLD WIDE-2022.pdf,36,0.0,0,0.0,0.0,0.0,0.0,0,0,
WWW,WWW-WOLVERINE WORLD WIDE-2022.pdf,38,0.0,0,0.0,0.0,0.0,0.0,0,0,
XOM,XOM-EXXON MOBIL CORP-2025.pdf,2,0.0002275381658317,1,0.0002275381658317,0.0002275381658317,0.0002275381658317,0.0002275381658317,2,0,
AAPL,AAPL-APPLE INC-2025.pdf,3,0.0,0,0.0,0.0,0.0,0.0,0,0,
AAPL,AAPL-APPLE INC-2025.pdf,5,0.9999972424949904,1,0.0,0.0,0.0,0.9999972424949904,2,1,
AAPL,AAPL-APPLE INC-2025.pdf,9,0.0,0,0.0,0.0,0.0,0.0,0,0,
AAPL,AAPL-APPLE INC-2025.pdf,10,0.014700393109646,2,0.014700393109646,0.014700393109646,0.014700393109646,0.0147003931096459,2,0,
AAPL,AAPL-APPLE INC-2025.pdf,12,0.0,0,0.0,0.0,0.0,0.0,0,0,
AAPL,AAPL-APPLE INC-2025.pdf,13,0.0,0,0.0,0.0,0.0,0.0,0,0,
AAPL,AAPL-APPLE INC-2025.pdf,15,0.0,0,0.0,0.0,0.0,0.0,0,0,
AAPL,AAPL-APPLE INC-2025.pdf,17,0.0,0,0.0,0.0,0.0,0.0,0,0,
AAPL,AAPL-APPLE INC-2025.pdf,22,0.0,0,0.0,0.0,0.0,0.0,0,0,
AAPL,AAPL-APPLE INC-2025.pdf,25,0.0,0,0.0,0.0,0.0,0.0,0,0,
AAPL,AAPL-APPLE INC-2025.pdf,28,0.0,0,0.0,0.0,0.0,0.0,0,0,
AAPL,AAPL-APPLE INC-2025.pdf,30,0.0,0,0.0,0.0,0.0,0.0,0,0,
AAPL,AAPL-APPLE INC-2025.pdf,31,0.0006079308323334,1,0.0006079308323334,0.0006079308323334,0.0006079308323334,0.0006079308323334,2,0,
AAPL,AAPL-APPLE INC-2025.pdf,33,0.0,0,0.0,0.0,0.0,0.0,0,0,
AAPL,AAPL-APPLE INC-2025.pdf,35,0.0,0,0.0,0.0,0.0,0.0,0,0,
AAPL,AAPL-APPLE INC-2025.pdf,36,0.0,0,0.0,0.0,0.0,0.0,0,0,
AAPL,AAPL-APPLE INC-2025.pdf,39,0.0,0,0.0,0.0,0.0,0.0,0,0,
AAPL,AAPL-APPLE INC-2025.pdf,42,0.0,0,0.0,0.0,0.0,0.0,0,0,
AAPL,AAPL-APPLE INC-2025.pdf,44,0.0,0,0.0,0.0,0.0,0.0,0,0,
AAPL,AAPL-APPLE INC-2025.pdf,45,0.0,0,0.0,0.0,0.0,0.0,0,0,
AAPL,AAPL-APPLE INC-2025.pdf,48,0.0,0,0.0,0.0,0.0,0.0,0,0,
AAPL,AAPL-APPLE INC-2025.pdf,52,0.0,0,0.0,0.0,0.0,0.0,0,0,
AAPL,AAPL-APPLE INC-2025.pdf,54,0.0,0,0.0,0.0,0.0,0.0,0,0,
AAPL,AAPL-APPLE INC-2025.pdf,55,0.0,0,0.0,0.0,0.0,0.0,0,0,
AAPL,AAPL-APPLE INC-2025.pdf,57,0.0,0,0.0,0.0,0.0,0.0,0,0,
AAPL,AAPL-APPLE INC-2025.pdf,58,0.0,0,0.0,0.0,0.0,0.0,0,0,
AAPL,AAPL-APPLE INC-2025.pdf,59,0.0,0,0.0,0.0,0.0,0.0,0,0,
AAPL,AAPL-APPLE INC-2025.pdf,61,0.0,0,0.0,0.0,0.0,0.0,0,0,
AAPL,AAPL-APPLE INC-2025.pdf,63,0.0,0,0.0,0.0,0.0,0.0,0,0,
AAPL,AAPL-APPLE INC-2025.pdf,64,0.0,0,0.0,0.0,0.0,0.0,0,0,
AAPL,AAPL-APPLE INC-2025.pdf,65,0.0,0,0.0,0.0,0.0,0.0,0,0,
AAPL,AAPL-APPLE INC-2025.pdf,66,0.0,0,0.0,0.0,0.0,0.0,0,0,
AAPL,AAPL-APPLE INC-2025.pdf,67,0.0,0,0.0,0.0,0.0,0.0,0,0,
AAPL,AAPL-APPLE INC-2025.pdf,68,0.0,0,0.0,0.0,0.0,0.0,0,0,
AAPL,AAPL-APPLE INC-2025.pdf,71,0.0,0,0.0,0.0,0.0,0.0,0,0,
AAPL,AAPL-APPLE INC-2025.pdf,73,0.0,0,0.0,0.0,0.0,0.0,0,0,
AAPL,AAPL-APPLE INC-2025.pdf,76,0.0,0,0.0,0.0,0.0,0.0,0,0,
AAPL,AAPL-APPLE INC-2025.pdf,84,0.0,0,0.0,0.0,0.0,0.0,0,0,
AAPL,AAPL-APPLE INC-2025.pdf,86,0.0,0,0.0,0.0,0.0,0.0,0,0,
AAPL,AAPL-APPLE INC-2025.pdf,95,0.0,0,0.0,0.0,0.0,0.0,0,0,
AAPL,AAPL-APPLE INC-2025.pdf,97,0.0,0,0.0,0.0,0.0,0.0,0,0,
AAPL,AAPL-APPLE INC-2025.pdf,99,0.0,0,0.0,0.0,0.0,0.0,0,0,
AAPL,AAPL-APPLE INC-2025.pdf,100,0.0,0,0.0,0.0,0.0,0.0,0,0,
AAPL,AAPL-APPLE INC-2025.pdf,105,0.0149113944402451,1,0.0149113944402451,0.0149113944402451,0.0149113944402451,0.0149113944402451,16,0,
AAPL,AAPL-APPLE INC-2025.pdf,106,0.006937005157672,1,0.006937005157672,0.006937005157672,0.006937005157672,0.006937005157672,8,0,
AAPL,AAPL-APPLE INC-2025.pdf,109,0.0,0,0.0,0.0,0.0,0.0,0,0,
AAPL,AAPL-APPLE INC-2025.pdf,110,0.0,0,0.0,0.0,0.0,0.0,0,0,
AAPL,AAPL-APPLE INC-2025.pdf,111,0.0,0,0.0,0.0,0.0,0.0,0,0,
AAPL,AAPL-APPLE INC-2025.pdf,112,0.0,0,0.0,0.0,0.0,0.0,0,0,
AEO,AEO-AMERICAN EAGLE OUTFITTERS INC-2022.pdf,4,0.0176076925298738,1,0.0176076925298738,0.0176076925298738,0.0176076925298738,0.0176076925298738,2,0,
AEO,AEO-AMERICAN EAGLE OUTFITTERS INC-2022.pdf,5,0.0,0,0.0,0.0,0.0,0.0,0,0,
AEO,AEO-AMERICAN EAGLE OUTFITTERS INC-2022.pdf,14,0.0005335602161679,1,0.0005335602161679,0.0005335602161679,0.0005335602161679,0.0005335602161679,2,0,
AEO,AEO-AMERICAN EAGLE OUTFITTERS INC-2022.pdf,19,0.4901443120915031,1,0.4901443120915031,0.4901443120915031,0.4901443120915031,0.4901443120915031,6,0,
AEO,AEO-AMERICAN EAGLE OUTFITTERS INC-2022.pdf,22,0.7285816566399287,1,0.7285816566399287,0.7285816566399287,0.7285816566399287,0.7285816566399287,51,0,
AEO,AEO-AMERICAN EAGLE OUTFITTERS INC-2022.pdf,26,0.0174318565124282,1,0.0174318565124282,0.0174318565124282,0.0174318565124282,0.0174318565124282,2,0,
AEO,AEO-AMERICAN EAGLE OUTFITTERS INC-2022.pdf,29,0.4007873992704824,1,0.4007873992704824,0.4007873992704824,0.4007873992704824,0.4007873992704824,4,0,
AEO,AEO-AMERICAN EAGLE OUTFITTERS INC-2022.pdf,30,0.2804027924820153,5,0.2804027924820153,0.2804027924820153,0.2804027924820153,0.2395582059703791,3,0,
AEO,AEO-AMERICAN EAGLE OUTFITTERS INC-2022.pdf,34,0.0,0,0.0,0.0,0.0,0.0,0,0,
AEO,AEO-AMERICAN EAGLE OUTFITTERS INC-2022.pdf,35,0.0,0,0.0,0.0,0.0,0.0,0,0,
AEO,AEO-AMERICAN EAGLE OUTFITTERS INC-2022.pdf,36,0.4284404396807124,2,0.4284404396807124,0.4284404396807124,0.4284404396807124,0.4186867854917641,5,0,
AEO,AEO-AMERICAN EAGLE OUTFITTERS INC-2022.pdf,39,0.3897160127005347,1,0.3897160127005347,0.3897160127005347,0.3897160127005347,0.3897160127005347,22,0,
AEO,AEO-AMERICAN EAGLE OUTFITTERS INC-2022.pdf,40,0.0,0,0.0,0.0,0.0,0.0,0,0,
AEO,AEO-AMERICAN EAGLE OUTFITTERS INC-2022.pdf,42,0.0,0,0.0,0.0,0.0,0.0,0,0,
AEO,AEO-AMERICAN EAGLE OUTFITTERS INC-2022.pdf,43,0.0,0,0.0,0.0,0.0,0.0,0,0,
AEO,AEO-AMERICAN EAGLE OUTFITTERS INC-2022.pdf,45,0.0,0,0.0,0.0,0.0,0.0,0,0,
AEO,AEO-AMERICAN EAGLE OUTFITTERS INC-2022.pdf,46,0.1177459830659536,1,0.1177459830659536,0.1177459830659536,0.1177459830659536,0.1177459830659536,2,0,
AEO,AEO-AMERICAN EAGLE OUTFITTERS INC-2022.pdf,49,0.0074209427609427,1,0.0074209427609427,0.0074209427609427,0.0074209427609427,0.0074209427609427,2,0,
AEO,AEO-AMERICAN EAGLE OUTFITTERS INC-2022.pdf,50,0.0,0,0.0,0.0,0.0,0.0,0,0,
AEO,AEO-AMERICAN EAGLE OUTFITTERS INC-2022.pdf,52,0.0115439642070212,1,0.0115439642070212,0.0115439642070212,0.0115439642070212,0.0115439642070212,2,0,
AEO,AEO-AMERICAN EAGLE OUTFITTERS INC-2022.pdf,54,0.0067231134878193,1,0.0067231134878193,0.0067231134878193,0.0067231134878193,0.0067231134878193,2,0,
AEO,AEO-AMERICAN EAGLE OUTFITTERS INC-2022.pdf,56,0.0826606669328084,1,0.0826606669328084,0.0826606669328084,0.0826606669328084,0.0826606669328084,13,0,
AEO,AEO-AMERICAN EAGLE OUTFITTERS INC-2022.pdf,57,0.0,0,0.0,0.0,0.0,0.0,0,0,
AEO,AEO-AMERICAN EAGLE OUTFITTERS INC-2022.pdf,61,0.0,0,0.0,0.0,0.0,0.0,0,0,
AEO,AEO-AMERICAN EAGLE OUTFITTERS INC-2022.pdf,64,0.8663301901366608,2,0.8663301901366608,0.8663301901366608,0.8663301901366608,0.440219165181224,2,0,
AEO,AEO-AMERICAN EAGLE OUTFITTERS INC-2022.pdf,65,0.0,0,0.0,0.0,0.0,0.0,0,0,
AEO,AEO-AMERICAN EAGLE OUTFITTERS INC-2022.pdf,66,0.0,0,0.0,0.0,0.0,0.0,0,0,
AEO,AEO-AMERICAN EAGLE OUTFITTERS INC-2022.pdf,67,0.0,0,0.0,0.0,0.0,0.0,0,0,
AEO,AEO-AMERICAN EAGLE OUTFITTERS INC-2022.pdf,68,0.0,0,0.0,0.0,0.0,0.0,0,0,
AEO,AEO-AMERICAN EAGLE OUTFITTERS INC-2022.pdf,71,0.801636703126513,1,0.801636703126513,0.801636703126513,0.801636703126513,0.801636703126513,14,0,
AEO,AEO-AMERICAN EAGLE OUTFITTERS INC-2022.pdf,72,0.5540514902394813,1,0.5540514902394813,0.5540514902394813,0.5540514902394813,0.5540514902394813,18,0,
AEO,AEO-AMERICAN EAGLE OUTFITTERS INC-2022.pdf,73,0.7415528372246429,1,0.7415528372246429,0.7415528372246429,0.7415528372246429,0.7415528372246429,29,0,
AEO,AEO-AMERICAN EAGLE OUTFITTERS INC-2022.pdf,77,0.0,0,0.0,0.0,0.0,0.0,0,0,
AEO,AEO-AMERICAN EAGLE OUTFITTERS INC-2022.pdf,79,0.728512013413256,1,0.728512013413256,0.728512013413256,0.728512013413256,0.728512013413256,43,0,
AEO,AEO-AMERICAN EAGLE OUTFITTERS INC-2022.pdf,80,0.7493303464607832,1,0.7493303464607832,0.7493303464607832,0.7493303464607832,0.7493303464607832,48,0,
AMZN,AMZN-Amazon-2024.pdf,3,0.0,0,0.0,0.0,0.0,0.0,0,0,
AMZN,AMZN-Amazon-2024.pdf,4,0.0,0,0.0,0.0,0.0,0.0,0,0,
AMZN,AMZN-Amazon-2024.pdf,11,0.0,0,0.0,0.0,0.0,0.0,0,0,
AMZN,AMZN-Amazon-2024.pdf,12,0.0,0,0.0,0.0,0.0,0.0,0,0,
AMZN,AMZN-Amazon-2024.pdf,13,0.0,0,0.0,0.0,0.0,0.0,0,0,
AMZN,AMZN-Amazon-2024.pdf,14,0.0,0,0.0,0.0,0.0,0.0,0,0,
AMZN,AMZN-Amazon-2024.pdf,19,0.0,0,0.0,0.0,0.0,0.0,0,0,
AMZN,AMZN-Amazon-2024.pdf,23,0.110751722957084,3,0.110751722957084,0.110751722957084,0.110751722957084,0.0369309966196355,18,0,
AMZN,AMZN-Amazon-2024.pdf,27,5.672576183127543e-05,2,5.672576183127543e-05,5.672576183127543e-05,5.672576183127543e-05,3.170315586419712e-05,2,0,
AMZN,AMZN-Amazon-2024.pdf,28,0.0,0,0.0,0.0,0.0,0.0,0,0,
AMZN,AMZN-Amazon-2024.pdf,29,0.0,0,0.0,0.0,0.0,0.0,0,0,
AMZN,AMZN-Amazon-2024.pdf,32,0.0,0,0.0,0.0,0.0,0.0,0,0,
AMZN,AMZN-Amazon-2024.pdf,33,0.0,0,0.0,0.0,0.0,0.0,0,0,
AMZN,AMZN-Amazon-2024.pdf,35,0.0,0,0.0,0.0,0.0,0.0,0,0,
AMZN,AMZN-Amazon-2024.pdf,36,0.0,0,0.0,0.0,0.0,0.0,0,0,
AMZN,AMZN-Amazon-2024.pdf,38,0.0,0,0.0,0.0,0.0,0.0,0,0,
AMZN,AMZN-Amazon-2024.pdf,39,0.0,0,0.0,0.0,0.0,0.0,0,0,
AMZN,AMZN-Amazon-2024.pdf,42,0.0,0,0.0,0.0,0.0,0.0,0,0,
AMZN,AMZN-Amazon-2024.pdf,43,0.0,0,0.0,0.0,0.0,0.0,0,0,
AMZN,AMZN-Amazon-2024.pdf,44,0.0010223831942791,1,0.0010223831942791,0.0010223831942791,0.0010223831942791,0.0010223831942791,4,0,
AMZN,AMZN-Amazon-2024.pdf,46,0.0,0,0.0,0.0,0.0,0.0,0,0,
AMZN,AMZN-Amazon-2024.pdf,47,0.2548505842151675,2,0.2548505842151675,0.2548505842151675,0.2548505842151675,0.1718432539682539,10,0,
AMZN,AMZN-Amazon-2024.pdf,48,0.0,0,0.0,0.0,0.0,0.0,0,0,
AMZN,AMZN-Amazon-2024.pdf,51,0.6481755862097319,1,0.6481755862097319,0.6481755862097319,0.6481755862097319,0.6481755862097319,55,0,
AMZN,AMZN-Amazon-2024.pdf,52,0.6695784935791447,1,0.6695784935791447,0.6695784935791447,0.6695784935791447,0.6695784935791447,33,0,
AMZN,AMZN-Amazon-2024.pdf,54,0.0,0,0.0,0.0,0.0,0.0,0,0,
AMZN,AMZN-Amazon-2024.pdf,56,0.0,0,0.0,0.0,0.0,0.0,0,0,
BBW,BBW-BUILD-A-BEAR WORKSHOP INC-2023.pdf,5,0.0672952547715853,2,0.0672952547715853,0.0672952547715853,0.0672952547715853,0.0392481222157391,2,0,
BBW,BBW-BUILD-A-BEAR WORKSHOP INC-2023.pdf,9,0.0,0,0.0,0.0,0.0,0.0,0,0,
BBW,BBW-BUILD-A-BEAR WORKSHOP INC-2023.pdf,11,0.0,0,0.0,0.0,0.0,0.0,0,0,
BBW,BBW-BUILD-A-BEAR WORKSHOP INC-2023.pdf,12,0.0,0,0.0,0.0,0.0,0.0,0,0,
BBW,BBW-BUILD-A-BEAR WORKSHOP INC-2023.pdf,13,0.4642857142857143,1,0.4642857142857143,0.4642857142857143,0.4642857142857143,0.4642857142857143,2,0,
BBW,BBW-BUILD-A-BEAR WORKSHOP INC-2023.pdf,14,0.2539761904761904,1,0.2539761904761904,0.2539761904761904,0.2539761904761904,0.2539761904761904,3,0,
BBW,BBW-BUILD-A-BEAR WORKSHOP INC-2023.pdf,15,0.0,0,0.0,0.0,0.0,0.0,0,0,
BBW,BBW-BUILD-A-BEAR WORKSHOP INC-2023.pdf,16,0.0,0,0.0,0.0,0.0,0.0,0,0,
BBW,BBW-BUILD-A-BEAR WORKSHOP INC-2023.pdf,21,0.0585700451237147,2,0.0585700451237147,0.0585700451237147,0.0585700451237147,0.0293024645050151,5,0,
BBW,BBW-BUILD-A-BEAR WORKSHOP INC-2023.pdf,22,0.6981795961432489,2,0.6981795961432489,0.6981795961432489,0.6981795961432489,0.349185011704315,8,0,
BBW,BBW-BUILD-A-BEAR WORKSHOP INC-2023.pdf,25,0.1592177434239512,2,0.1592177434239512,0.1592177434239512,0.1592177434239512,0.089474712428107,7,0,
BBW,BBW-BUILD-A-BEAR WORKSHOP INC-2023.pdf,26,0.0295212692061904,1,0.0295212692061904,0.0295212692061904,0.0295212692061904,0.0295212692061904,6,0,
BBW,BBW-BUILD-A-BEAR WORKSHOP INC-2023.pdf,27,0.0946495016611295,1,0.0946495016611295,0.0946495016611295,0.0946495016611295,0.0946495016611295,5,0,
BBW,BBW-BUILD-A-BEAR WORKSHOP INC-2023.pdf,30,0.8065476190476191,1,0.8065476190476191,0.8065476190476191,0.8065476190476191,0.8065476190476191,11,0,
BBW,BBW-BUILD-A-BEAR WORKSHOP INC-2023.pdf,34,0.0,0,0.0,0.0,0.0,0.0,0,0,
BBW,BBW-BUILD-A-BEAR WORKSHOP INC-2023.pdf,35,0.0,0,0.0,0.0,0.0,0.0,0,0,
BBW,BBW-BUILD-A-BEAR WORKSHOP INC-2023.pdf,37,0.0,0,0.0,0.0,0.0,0.0,0,0,
BBW,BBW-BUILD-A-BEAR WORKSHOP INC-2023.pdf,38,0.0,0,0.0,0.0,0.0,0.0,0,0,
BBW,BBW-BUILD-A-BEAR WORKSHOP INC-2023.pdf,39,0.0,0,0.0,0.0,0.0,0.0,0,0,
BBW,BBW-BUILD-A-BEAR WORKSHOP INC-2023.pdf,40,0.266699284196049,1,0.266699284196049,0.266699284196049,0.266699284196049,0.266699284196049,2,0,
BBY,BBY-BEST BUY CO INC-2021.pdf,3,0.0,0,0.0,0.0,0.0,0.0,0,0,
BBY,BBY-BEST BUY CO INC-2021.pdf,31,0.0,0,0.0,0.0,0.0,0.0,0,0,
BBY,BBY-BEST BUY CO INC-2021.pdf,40,0.0,0,0.0,0.0,0.0,0.0,0,0,
BBY,BBY-BEST BUY CO INC-2021.pdf,41,0.0,0,0.0,0.0,0.0,0.0,0,0,
BBY,BBY-BEST BUY CO INC-2021.pdf,44,0.0,0,0.0,0.0,0.0,0.0,0,0,
BBY,BBY-BEST BUY CO INC-2021.pdf,58,0.0,0,0.0,0.0,0.0,0.0,0,0,
BBY,BBY-BEST BUY CO INC-2021.pdf,60,0.0,0,0.0,0.0,0.0,0.0,0,0,
BBY,BBY-BEST BUY CO INC-2021.pdf,61,0.0,0,0.0,0.0,0.0,0.0,0,0,
BBY,BBY-BEST BUY CO INC-2021.pdf,64,0.0,0,0.0,0.0,0.0,0.0,0,0,
BBY,BBY-BEST BUY CO INC-2021.pdf,70,0.0,0,0.0,0.0,0.0,0.0,0,0,
BBY,BBY-BEST BUY CO INC-2021.pdf,76,0.0,0,0.0,0.0,0.0,0.0,0,0,
BBY,BBY-BEST BUY CO INC-2021.pdf,79,0.0,0,0.0,0.0,0.0,0.0,0,0,
BBY,BBY-BEST BUY CO INC-2021.pdf,81,0.0,0,0.0,0.0,0.0,0.0,0,0,
BBY,BBY-BEST BUY CO INC-2021.pdf,92,0.437672477050661,2,0.437672477050661,0.437672477050661,0.437672477050661,0.3090558595836558,27,0,
BBY,BBY-BEST BUY CO INC-2021.pdf,94,0.3878000647560161,1,0.3878000647560161,0.3878000647560161,0.3878000647560161,0.3878000647560161,22,0,
BBY,BBY-BEST BUY CO INC-2022.pdf,3,0.0,0,0.0,0.0,0.0,0.0,0,0,
BBY,BBY-BEST BUY CO INC-2022.pdf,21,0.0,0,0.0,0.0,0.0,0.0,0,0,
BBY,BBY-BEST BUY CO INC-2022.pdf,30,0.0,0,0.0,0.0,0.0,0.0,0,0,
BBY,BBY-BEST BUY CO INC-2022.pdf,34,0.0,0,0.0,0.0,0.0,0.0,0,0,
BBY,BBY-BEST BUY CO INC-2022.pdf,40,0.0,0,0.0,0.0,0.0,0.0,0,0,
BBY,BBY-BEST BUY CO INC-2022.pdf,41,0.0,0,0.0,0.0,0.0,0.0,0,0,
BBY,BBY-BEST BUY CO INC-2022.pdf,42,0.0,0,0.0,0.0,0.0,0.0,0,0,
BBY,BBY-BEST BUY CO INC-2022.pdf,47,0.0,0,0.0,0.0,0.0,0.0,0,0,
BBY,BBY-BEST BUY CO INC-2022.pdf,53,0.0,0,0.0,0.0,0.0,0.0,0,0,
BBY,BBY-BEST BUY CO INC-2022.pdf,54,0.0,0,0.0,0.0,0.0,0.0,0,0,
BBY,BBY-BEST BUY CO INC-2022.pdf,62,0.0,0,0.0,0.0,0.0,0.0,0,0,
BBY,BBY-BEST BUY CO INC-2022.pdf,63,0.0,0,0.0,0.0,0.0,0.0,0,0,
BBY,BBY-BEST BUY CO INC-2022.pdf,67,0.0,0,0.0,0.0,0.0,0.0,0,0,
BBY,BBY-BEST BUY CO INC-2022.pdf,69,0.0,0,0.0,0.0,0.0,0.0,0,0,
BBY,BBY-BEST BUY CO INC-2022.pdf,80,0.0,0,0.0,0.0,0.0,0.0,0,0,
BBY,BBY-BEST BUY CO INC-2022.pdf,82,0.0,0,0.0,0.0,0.0,0.0,0,0,
BBY,BBY-BEST BUY CO INC-2022.pdf,98,0.3629802631690494,2,0.3629802631690494,0.3629802631690494,0.3629802631690494,0.2455044986218393,27,0,
BBY,BBY-BEST BUY CO INC-2022.pdf,100,0.4502936425741276,1,0.4502936425741276,0.4502936425741276,0.4502936425741276,0.4502936425741276,33,0,
BIRD,BIRD-ALLBIRDS INC-2022.pdf,5,0.0,0,0.0,0.0,0.0,0.0,0,0,
BIRD,BIRD-ALLBIRDS INC-2022.pdf,8,0.0,0,0.0,0.0,0.0,0.0,0,0,
BIRD,BIRD-ALLBIRDS INC-2022.pdf,11,0.0,0,0.0,0.0,0.0,0.0,0,0,
BIRD,BIRD-ALLBIRDS INC-2022.pdf,26,0.003555080667789,1,0.003555080667789,0.003555080667789,0.003555080667789,0.003555080667789,3,0,
BURL,BURL-Burlington Stores-2023.pdf,2,1.0,1,0.0,0.0,0.0,1.0,2,1,
BURL,BURL-Burlington Stores-2023.pdf,9,1.0,1,0.0,0.0,0.0,1.0,2,1,
BURL,BURL-Burlington Stores-2023.pdf,12,1.0,1,0.0,0.0,0.0,1.0,2,1,
BURL,BURL-Burlington Stores-2023.pdf,14,1.0,1,0.0,0.0,0.0,1.0,2,1,
BURL,BURL-Burlington Stores-2023.pdf,15,1.0,1,0.0,0.0,0.0,1.0,2,1,
BURL,BURL-Burlington Stores-2023.pdf,17,1.0,1,0.0,0.0,0.0,1.0,2,1,
BURL,BURL-Burlington Stores-2023.pdf,19,1.0,1,0.0,0.0,0.0,1.0,2,1,
BURL,BURL-Burlington Stores-2023.pdf,23,1.009884609498698,3,0.0098846094986979,0.0098846094986979,0.0098846094986979,1.0,2,1,
BURL,BURL-Burlington Stores-2023.pdf,25,1.0,1,0.0,0.0,0.0,1.0,2,1,
BURL,BURL-Burlington Stores-2023.pdf,26,1.0195159354547991,2,0.0195159354547991,0.0195159354547991,0.0195159354547991,1.0,2,1,
BURL,BURL-Burlington Stores-2023.pdf,27,1.0,1,0.0,0.0,0.0,1.0,2,1,
BURL,BURL-Burlington Stores-2023.pdf,29,1.0,1,0.0,0.0,0.0,1.0,2,1,
BURL,BURL-Burlington Stores-2023.pdf,30,1.0,1,0.0,0.0,0.0,1.0,2,1,
BURL,BURL-Burlington Stores-2023.pdf,31,1.0,1,0.0,0.0,0.0,1.0,2,1,
BURL,BURL-Burlington Stores-2023.pdf,32,1.0,1,0.0,0.0,0.0,1.0,2,1,
BURL,BURL-Burlington Stores-2023.pdf,34,1.0,1,0.0,0.0,0.0,1.0,2,1,
BURL,BURL-Burlington Stores-2023.pdf,35,1.0,1,0.0,0.0,0.0,1.0,2,1,
BURL,BURL-Burlington Stores-2023.pdf,36,1.0,1,0.0,0.0,0.0,1.0,2,1,
BURL,BURL-Burlington Stores-2023.pdf,37,1.0,1,0.0,0.0,0.0,1.0,2,1,
BURL,BURL-Burlington Stores-2023.pdf,41,1.018063743815104,2,0.0180637438151041,0.0180637438151041,0.0180637438151041,1.0,2,1,
BURL,BURL-Burlington Stores-2023.pdf,42,1.018063743815104,2,0.0180637438151041,0.0180637438151041,0.0180637438151041,1.0,2,1,
BURL,BURL-Burlington Stores-2023.pdf,43,1.018063743815104,2,0.0180637438151041,0.0180637438151041,0.0180637438151041,1.0,2,1,
BURL,BURL-Burlington Stores-2023.pdf,44,1.0365644198784725,2,0.0365644198784721,0.0365644198784721,0.0365644198784721,1.0,2,1,
BURL,BURL-Burlington Stores-2023.pdf,45,1.0922546241970486,5,0.0922546241970484,0.0922546241970484,0.0922546241970484,1.0,2,1,
BURL,BURL-Burlington Stores-2023.pdf,46,1.0,1,0.0,0.0,0.0,1.0,2,1,
BURL,BURL-Burlington Stores-2024.pdf,3,0.0,0,0.0,0.0,0.0,0.0,0,0,
BURL,BURL-Burlington Stores-2024.pdf,4,0.0779324698087578,1,0.0779324698087578,0.0779324698087578,0.0779324698087578,0.0779324698087578,2,0,
BURL,BURL-Burlington Stores-2024.pdf,5,0.320201229884253,1,0.320201229884253,0.320201229884253,0.320201229884253,0.320201229884253,13,0,
BURL,BURL-Burlington Stores-2024.pdf,14,0.0,0,0.0,0.0,0.0,0.0,0,0,
BURL,BURL-Burlington Stores-2024.pdf,20,0.0,0,0.0,0.0,0.0,0.0,0,0,
BURL,BURL-Burlington Stores-2024.pdf,25,0.0,0,0.0,0.0,0.0,0.0,0,0,
BURL,BURL-Burlington Stores-2024.pdf,28,0.0,0,0.0,0.0,0.0,0.0,0,0,
BURL,BURL-Burlington Stores-2024.pdf,32,0.03900373453125,1,0.03900373453125,0.03900373453125,0.03900373453125,0.03900373453125,4,0,
BURL,BURL-Burlington Stores-2024.pdf,33,0.02176875,1,0.02176875,0.02176875,0.02176875,0.02176875,3,0,
BURL,BURL-Burlington Stores-2024.pdf,34,0.0390034624218749,1,0.0390034624218749,0.0390034624218749,0.0390034624218749,0.0390034624218749,4,0,
BURL,BURL-Burlington Stores-2024.pdf,35,0.0390034624218749,1,0.0390034624218749,0.0390034624218749,0.0390034624218749,0.0390034624218749,4,0,
BURL,BURL-Burlington Stores-2024.pdf,36,0.0914204726590909,4,0.0914204726590909,0.0914204726590909,0.0914204726590909,0.0389429013749999,10,0,
COST,COST-COSTCO WHOLESALE CORP-2025.pdf,4,0.0,0,0.0,0.0,0.0,0.0,0,0,
COST,COST-COSTCO WHOLESALE CORP-2025.pdf,6,0.0,0,0.0,0.0,0.0,0.0,0,0,
COST,COST-COSTCO WHOLESALE CORP-2025.pdf,8,0.0,0,0.0,0.0,0.0,0.0,0,0,
COST,COST-COSTCO WHOLESALE CORP-2025.pdf,9,0.3219596500303965,1,0.3219596500303965,0.3219596500303965,0.3219596500303965,0.3219596500303965,8,0,
COST,COST-COSTCO WHOLESALE CORP-2025.pdf,10,0.0,0,0.0,0.0,0.0,0.0,0,0,
COST,COST-COSTCO WHOLESALE CORP-2025.pdf,12,0.0,0,0.0,0.0,0.0,0.0,0,0,
COST,COST-COSTCO WHOLESALE CORP-2025.pdf,16,0.0,0,0.0,0.0,0.0,0.0,0,0,
COST,COST-COSTCO WHOLESALE CORP-2025.pdf,21,0.0,0,0.0,0.0,0.0,0.0,0,0,
COST,COST-COSTCO WHOLESALE CORP-2025.pdf,29,0.0,0,0.0,0.0,0.0,0.0,0,0,
COST,COST-COSTCO WHOLESALE CORP-2025.pdf,31,0.0,0,0.0,0.0,0.0,0.0,0,0,
COST,COST-COSTCO WHOLESALE CORP-2025.pdf,32,0.0,0,0.0,0.0,0.0,0.0,0,0,
COST,COST-COSTCO WHOLESALE CORP-2025.pdf,34,0.0,0,0.0,0.0,0.0,0.0,0,0,
COST,COST-COSTCO WHOLESALE CORP-2025.pdf,36,0.0,0,0.0,0.0,0.0,0.0,0,0,
COST,COST-COSTCO WHOLESALE CORP-2025.pdf,38,0.0,0,0.0,0.0,0.0,0.0,0,0,
COST,COST-COSTCO WHOLESALE CORP-2025.pdf,39,0.0,0,0.0,0.0,0.0,0.0,0,0,
COST,COST-COSTCO WHOLESALE CORP-2025.pdf,41,0.0,0,0.0,0.0,0.0,0.0,0,0,
COST,COST-COSTCO WHOLESALE CORP-2025.pdf,43,0.0,0,0.0,0.0,0.0,0.0,0,0,
COST,COST-COSTCO WHOLESALE CORP-2025.pdf,44,0.0,0,0.0,0.0,0.0,0.0,0,0,
COST,COST-COSTCO WHOLESALE CORP-2025.pdf,48,0.0,0,0.0,0.0,0.0,0.0,0,0,
COST,COST-COSTCO WHOLESALE CORP-2025.pdf,51,0.0,0,0.0,0.0,0.0,0.0,0,0,
COST,COST-COSTCO WHOLESALE CORP-2025.pdf,54,0.0,0,0.0,0.0,0.0,0.0,0,0,
COST,COST-COSTCO WHOLESALE CORP-2025.pdf,56,0.0,0,0.0,0.0,0.0,0.0,0,0,
COST,COST-COSTCO WHOLESALE CORP-2025.pdf,57,0.0,0,0.0,0.0,0.0,0.0,0,0,
COST,COST-COSTCO WHOLESALE CORP-2025.pdf,58,0.0,0,0.0,0.0,0.0,0.0,0,0,
COST,COST-COSTCO WHOLESALE CORP-2025.pdf,61,0.0,0,0.0,0.0,0.0,0.0,0,0,
COST,COST-COSTCO WHOLESALE CORP-2025.pdf,62,0.0,0,0.0,0.0,0.0,0.0,0,0,
COST,COST-COSTCO WHOLESALE CORP-2025.pdf,63,0.0,0,0.0,0.0,0.0,0.0,0,0,
COST,COST-COSTCO WHOLESALE CORP-2025.pdf,66,0.0,0,0.0,0.0,0.0,0.0,0,0,
COST,COST-COSTCO WHOLESALE CORP-2025.pdf,67,0.0,0,0.0,0.0,0.0,0.0,0,0,
COST,COST-COSTCO WHOLESALE CORP-2025.pdf,68,0.0,0,0.0,0.0,0.0,0.0,0,0,
COST,COST-COSTCO WHOLESALE CORP-2025.pdf,81,0.0,0,0.0,0.0,0.0,0.0,0,0,
CPNG,CPNG-Coupang-2023.pdf,3,0.0,0,0.0,0.0,0.0,0.0,0,0,
CPNG,CPNG-Coupang-2023.pdf,6,0.0,0,0.0,0.0,0.0,0.0,0,0,
CPNG,CPNG-Coupang-2023.pdf,8,0.0,0,0.0,0.0,0.0,0.0,0,0,
CPNG,CPNG-Coupang-2023.pdf,10,0.0,0,0.0,0.0,0.0,0.0,0,0,
CPNG,CPNG-Coupang-2023.pdf,12,0.0015419999087065,2,0.0015419999087065,0.0015419999087065,0.0015419999087065,0.0011272175653017,2,0,
CPNG,CPNG-Coupang-2023.pdf,13,0.0,0,0.0,0.0,0.0,0.0,0,0,
CPNG,CPNG-Coupang-2023.pdf,14,0.0,0,0.0,0.0,0.0,0.0,0,0,
CPNG,CPNG-Coupang-2023.pdf,16,0.0,0,0.0,0.0,0.0,0.0,0,0,
CPNG,CPNG-Coupang-2023.pdf,18,0.0,0,0.0,0.0,0.0,0.0,0,0,
CURV,CURV-TORRID HOLDINGS-2021.pdf,3,0.0,0,0.0,0.0,0.0,0.0,0,0,
CURV,CURV-TORRID HOLDINGS-2021.pdf,4,0.2706783934112366,1,0.2706783934112366,0.2706783934112366,0.2706783934112366,0.2706783934112366,2,0,
CURV,CURV-TORRID HOLDINGS-2021.pdf,10,0.4231037276165797,1,0.4231037276165797,0.4231037276165797,0.4231037276165797,0.4231037276165797,4,0,
CURV,CURV-TORRID HOLDINGS-2021.pdf,11,0.0701512065095398,1,0.0701512065095398,0.0701512065095398,0.0701512065095398,0.0701512065095398,20,0,
CURV,CURV-TORRID HOLDINGS-2021.pdf,14,0.0229130286268641,4,0.0229130286268641,0.0229130286268641,0.0229130286268641,0.0059318494659741,2,0,
CURV,CURV-TORRID HOLDINGS-2021.pdf,15,0.0,0,0.0,0.0,0.0,0.0,0,0,
CURV,CURV-TORRID HOLDINGS-2021.pdf,18,0.0673080048854558,1,0.0673080048854558,0.0673080048854558,0.0673080048854558,0.0673080048854558,20,0,
CURV,CURV-TORRID HOLDINGS-2021.pdf,19,0.0,0,0.0,0.0,0.0,0.0,0,0,
CURV,CURV-TORRID HOLDINGS-2021.pdf,21,0.0,0,0.0,0.0,0.0,0.0,0,0,
CURV,CURV-TORRID HOLDINGS-2021.pdf,23,0.0,0,0.0,0.0,0.0,0.0,0,0,
CURV,CURV-TORRID HOLDINGS-2021.pdf,24,0.0,0,0.0,0.0,0.0,0.0,0,0,
CURV,CURV-TORRID HOLDINGS-2021.pdf,25,0.0,0,0.0,0.0,0.0,0.0,0,0,
CURV,CURV-TORRID HOLDINGS-2021.pdf,27,0.0,0,0.0,0.0,0.0,0.0,0,0,
CURV,CURV-TORRID HOLDINGS-2021.pdf,28,0.4875222816399288,1,0.4875222816399288,0.4875222816399288,0.4875222816399288,0.4875222816399288,94,0,
CURV,CURV-TORRID HOLDINGS-2021.pdf,29,0.6309858697266786,1,0.6309858697266786,0.6309858697266786,0.6309858697266786,0.6309858697266786,64,0,
CURV,CURV-TORRID HOLDINGS-2021.pdf,30,0.4697480317884729,1,0.4697480317884729,0.4697480317884729,0.4697480317884729,0.4697480317884729,52,0,
CURV,CURV-TORRID HOLDINGS-2023.pdf,4,0.1952996046728175,1,0.1952996046728175,0.1952996046728175,0.1952996046728175,0.1952996046728175,3,0,
CURV,CURV-TORRID HOLDINGS-2023.pdf,9,0.1763790244457591,2,0.1763790244457591,0.1763790244457591,0.1763790244457591,0.1326936412015524,24,0,
CURV,CURV-TORRID HOLDINGS-2023.pdf,11,0.1418345803233574,2,0.1418345803233574,0.1418345803233574,0.1418345803233574,0.0792063240766801,20,0,
CURV,CURV-TORRID HOLDINGS-2023.pdf,14,0.0948690053793655,7,0.0948690053793655,0.0948690053793655,0.0948690053793655,0.0230102023800092,8,0,
CURV,CURV-TORRID HOLDINGS-2023.pdf,18,0.0,0,0.0,0.0,0.0,0.0,0,0,
CURV,CURV-TORRID HOLDINGS-2023.pdf,20,0.3664457934963004,2,0.3664457934963004,0.3664457934963004,0.3664457934963004,0.2500033548755529,7,0,
CURV,CURV-TORRID HOLDINGS-2023.pdf,21,0.0,0,0.0,0.0,0.0,0.0,0,0,
CURV,CURV-TORRID HOLDINGS-2023.pdf,22,0.0,0,0.0,0.0,0.0,0.0,0,0,
CURV,CURV-TORRID HOLDINGS-2023.pdf,23,0.305069079814691,2,0.305069079814691,0.305069079814691,0.305069079814691,0.2012153402127896,5,0,
CURV,CURV-TORRID HOLDINGS-2023.pdf,24,0.0,0,0.0,0.0,0.0,0.0,0,0,
CURV,CURV-TORRID HOLDINGS-2023.pdf,26,0.0,0,0.0,0.0,0.0,0.0,0,0,
CURV,CURV-TORRID HOLDINGS-2023.pdf,27,0.0,0,0.0,0.0,0.0,0.0,0,0,
CURV,CURV-TORRID HOLDINGS-2023.pdf,28,0.0,0,0.0,0.0,0.0,0.0,0,0,
CURV,CURV-TORRID HOLDINGS-2023.pdf,29,0.0,0,0.0,0.0,0.0,0.0,0,0,
CURV,CURV-TORRID HOLDINGS-2023.pdf,30,0.0,0,0.0,0.0,0.0,0.0,0,0,
CURV,CURV-TORRID HOLDINGS-2023.pdf,32,0.4875222816399288,1,0.4875222816399288,0.4875222816399288,0.4875222816399288,0.4875222816399288,91,0,
CURV,CURV-TORRID HOLDINGS-2023.pdf,33,0.6309858697266786,1,0.6309858697266786,0.6309858697266786,0.6309858697266786,0.6309858697266786,67,0,
CURV,CURV-TORRID HOLDINGS-2023.pdf,34,0.4697480317884729,1,0.4697480317884729,0.4697480317884729,0.4697480317884729,0.4697480317884729,52,0,
DECK,DECK-DECKERS OUTDOOR CORP-2021.pdf,6,0.0,0,0.0,0.0,0.0,0.0,0,0,
DECK,DECK-DECKERS OUTDOOR CORP-2021.pdf,7,0.0,0,0.0,0.0,0.0,0.0,0,0,
DECK,DECK-DECKERS OUTDOOR CORP-2021.pdf,8,0.0307055112712952,6,0.0307055112712952,0.0307055112712952,0.0307055112712952,0.0091423295614178,4,0,
DECK,DECK-DECKERS OUTDOOR CORP-2021.pdf,10,0.5500507817142007,1,0.5500507817142007,0.5500507817142007,0.5500507817142007,0.5500507817142007,72,0,
DECK,DECK-DECKERS OUTDOOR CORP-2021.pdf,11,0.7947487429441473,2,0.7947487429441473,0.7947487429441473,0.7947487429441473,0.6598194240196078,79,0,
DECK,DECK-DECKERS OUTDOOR CORP-2021.pdf,13,0.7669470569667262,1,0.7669470569667262,0.7669470569667262,0.7669470569667262,0.7669470569667262,88,0,
DECK,DECK-DECKERS OUTDOOR CORP-2021.pdf,14,0.7756557338086749,2,0.7756557338086749,0.7756557338086749,0.7756557338086749,0.5122504790552584,67,0,
DECK,DECK-DECKERS OUTDOOR CORP-2021.pdf,15,0.8092637032085561,1,0.8092637032085561,0.8092637032085561,0.8092637032085561,0.8092637032085561,102,0,
DECK,DECK-DECKERS OUTDOOR CORP-2021.pdf,16,0.760389661319073,1,0.760389661319073,0.760389661319073,0.760389661319073,0.760389661319073,109,0,
DECK,DECK-DECKERS OUTDOOR CORP-2021.pdf,17,0.8257946189839571,2,0.8257946189839571,0.8257946189839571,0.8257946189839571,0.5058598949049317,67,0,
DECK,DECK-DECKERS OUTDOOR CORP-2021.pdf,18,0.7436913008764113,2,0.7436913008764113,0.7436913008764113,0.7436913008764113,0.5668747400475342,67,0,
DECK,DECK-DECKERS OUTDOOR CORP-2021.pdf,19,0.7462078635620913,1,0.7462078635620913,0.7462078635620913,0.7462078635620913,0.7462078635620913,102,0,
DECK,DECK-DECKERS OUTDOOR CORP-2021.pdf,22,0.641077421271539,2,0.641077421271539,0.641077421271539,0.641077421271539,0.3824979575163399,58,0,
DECK,DECK-DECKERS OUTDOOR CORP-2021.pdf,23,0.6459069537284612,3,0.6459069537284612,0.6459069537284612,0.6459069537284612,0.2853181149732621,44,0,
DECK,DECK-DECKERS OUTDOOR CORP-2021.pdf,25,0.6649199532085561,3,0.6649199532085561,0.6649199532085561,0.6649199532085561,0.358965909090909,58,0,
DECK,DECK-DECKERS OUTDOOR CORP-2021.pdf,26,0.5800569351604279,3,0.5800569351604279,0.5800569351604279,0.5800569351604279,0.235125640597148,37,0,
DECK,DECK-DECKERS OUTDOOR CORP-2021.pdf,28,0.4485710245840761,1,0.4485710245840761,0.4485710245840761,0.4485710245840761,0.4485710245840761,63,0,
DECK,DECK-DECKERS OUTDOOR CORP-2021.pdf,33,0.4139194184491979,1,0.4139194184491979,0.4139194184491979,0.4139194184491979,0.4139194184491979,56,0,
DECK,DECK-DECKERS OUTDOOR CORP-2021.pdf,35,0.4767766729797981,1,0.4767766729797981,0.4767766729797981,0.4767766729797981,0.4767766729797981,28,0,
DECK,DECK-DECKERS OUTDOOR CORP-2021.pdf,37,0.0422543449197861,2,0.0422543449197861,0.0422543449197861,0.0422543449197861,0.021127172459893,2,0,
DECK,DECK-DECKERS OUTDOOR CORP-2021.pdf,38,0.0,0,0.0,0.0,0.0,0.0,0,0,
DECK,DECK-DECKERS OUTDOOR CORP-2021.pdf,39,0.0244979922746371,1,0.0244979922746371,0.0244979922746371,0.0244979922746371,0.0244979922746371,47,0,
DECK,DECK-DECKERS OUTDOOR CORP-2021.pdf,44,0.0,0,0.0,0.0,0.0,0.0,0,0,
DECK,DECK-DECKERS OUTDOOR CORP-2021.pdf,46,0.0,0,0.0,0.0,0.0,0.0,0,0,
DECK,DECK-DECKERS OUTDOOR CORP-2021.pdf,50,0.0193732788593656,2,0.0193732788593656,0.0193732788593656,0.0193732788593656,0.0135670671559343,4,0,
DECK,DECK-DECKERS OUTDOOR CORP-2021.pdf,51,0.0,0,0.0,0.0,0.0,0.0,0,0,
DECK,DECK-DECKERS OUTDOOR CORP-2021.pdf,53,0.0,0,0.0,0.0,0.0,0.0,0,0,
DECK,DECK-DECKERS OUTDOOR CORP-2021.pdf,60,0.0,0,0.0,0.0,0.0,0.0,0,0,
DECK,DECK-DECKERS OUTDOOR CORP-2021.pdf,79,0.0,0,0.0,0.0,0.0,0.0,0,0,
DECK,DECK-DECKERS OUTDOOR CORP-2021.pdf,80,0.0,0,0.0,0.0,0.0,0.0,0,0,
DECK,DECK-DECKERS OUTDOOR CORP-2021.pdf,81,0.0530149165273529,5,0.0530149165273529,0.0530149165273529,0.0530149165273529,0.0115763345132035,24,0,
DECK,DECK-DECKERS OUTDOOR CORP-2021.pdf,93,0.0,0,0.0,0.0,0.0,0.0,0,0,
DECK,DECK-DECKERS OUTDOOR CORP-2021.pdf,95,0.0311941832541097,3,0.0311941832541097,0.0311941832541097,0.0311941832541097,0.0103980639730639,3,0,
DECK,DECK-DECKERS OUTDOOR CORP-2021.pdf,110,0.1366443908729627,4,0.1366443908729627,0.1366443908729627,0.1366443908729627,0.0637522271752343,36,0,
DECK,DECK-DECKERS OUTDOOR CORP-2021.pdf,120,0.0,0,0.0,0.0,0.0,0.0,0,0,
DECK,DECK-DECKERS OUTDOOR CORP-2021.pdf,128,0.0,0,0.0,0.0,0.0,0.0,0,0,
DECK,DECK-DECKERS OUTDOOR CORP-2021.pdf,131,0.0,0,0.0,0.0,0.0,0.0,0,0,
DECK,DECK-DECKERS OUTDOOR CORP-2021.pdf,156,0.0261772133095662,4,0.0261772133095662,0.0261772133095662,0.0261772133095662,0.007528409090909,2,0,
DECK,DECK-DECKERS OUTDOOR CORP-2021.pdf,159,0.0214535056446821,2,0.0214535056446821,0.0214535056446821,0.0214535056446821,0.0117108585858585,3,0,
DECK,DECK-DECKERS OUTDOOR CORP-2021.pdf,165,0.0428401663695781,4,0.0428401663695781,0.0428401663695781,0.0428401663695781,0.0117498514557338,3,0,
DECK,DECK-DECKERS OUTDOOR CORP-2021.pdf,193,0.0668940607824569,5,0.0668940607824569,0.0668940607824569,0.0668940607824569,0.0164289958407605,2,0,
DECK,DECK-DECKERS OUTDOOR CORP-2021.pdf,235,0.5735578208556151,2,0.5735578208556151,0.5735578208556151,0.5735578208556151,0.2887285539215687,49,0,
DECK,DECK-DECKERS OUTDOOR CORP-2021.pdf,237,0.5256563830344972,2,0.5256563830344972,0.5256563830344972,0.5256563830344972,0.2869609551396316,43,0,
DECK,DECK-DECKERS OUTDOOR CORP-2021.pdf,238,0.54166144533571,2,0.54166144533571,0.54166144533571,0.54166144533571,0.2942652554961378,54,0,
DECK,DECK-DECKERS OUTDOOR CORP-2021.pdf,239,0.5379444630124778,2,0.5379444630124778,0.5379444630124778,0.5379444630124778,0.2731834484551396,46,0,
DECK,DECK-DECKERS OUTDOOR CORP-2021.pdf,240,0.5295764261900047,3,0.5295764261900047,0.5295764261900047,0.5295764261900047,0.26662975506701,52,0,
DECK,DECK-DECKERS OUTDOOR CORP-2021.pdf,241,0.5547373143196674,2,0.5547373143196674,0.5547373143196674,0.5547373143196674,0.2858690767973857,49,0,
DECK,DECK-DECKERS OUTDOOR CORP-2021.pdf,242,0.5191758949792039,2,0.5191758949792039,0.5191758949792039,0.5191758949792039,0.2725075720439691,43,0,
DECK,DECK-DECKERS OUTDOOR CORP-2021.pdf,243,0.4259570707070708,2,0.4259570707070708,0.4259570707070708,0.4259570707070708,0.2366654040404041,27,0,
DECK,DECK-DECKERS OUTDOOR CORP-2022.pdf,7,0.0,0,0.0,0.0,0.0,0.0,0,0,
DECK,DECK-DECKERS OUTDOOR CORP-2022.pdf,8,0.0280807754121189,6,0.0280807754121189,0.0280807754121189,0.0280807754121189,0.0091397056002398,4,0,
DECK,DECK-DECKERS OUTDOOR CORP-2022.pdf,20,0.4568449750620997,1,0.4568449750620997,0.4568449750620997,0.4568449750620997,0.4568449750620997,37,0,
DECK,DECK-DECKERS OUTDOOR CORP-2022.pdf,24,0.5310264116104519,2,0.5310264116104519,0.5310264116104519,0.5310264116104519,0.3530463817976177,36,0,
DECK,DECK-DECKERS OUTDOOR CORP-2022.pdf,33,0.4582583444184493,1,0.4582583444184493,0.4582583444184493,0.4582583444184493,0.4582583444184493,35,0,
DECK,DECK-DECKERS OUTDOOR CORP-2022.pdf,40,0.0422543449197861,2,0.0422543449197861,0.0422543449197861,0.0422543449197861,0.021127172459893,2,0,
DECK,DECK-DECKERS OUTDOOR CORP-2022.pdf,41,0.0,0,0.0,0.0,0.0,0.0,0,0,
DECK,DECK-DECKERS OUTDOOR CORP-2022.pdf,42,0.0313432747729103,1,0.0313432747729103,0.0313432747729103,0.0313432747729103,0.0313432747729103,59,0,
DECK,DECK-DECKERS OUTDOOR CORP-2022.pdf,45,0.0,0,0.0,0.0,0.0,0.0,0,0,
DECK,DECK-DECKERS OUTDOOR CORP-2022.pdf,51,0.0,0,0.0,0.0,0.0,0.0,0,0,
DECK,DECK-DECKERS OUTDOOR CORP-2022.pdf,56,0.0006142343763498,1,0.0006142343763498,0.0006142343763498,0.0006142343763498,0.0006142343763498,2,0,
DECK,DECK-DECKERS OUTDOOR CORP-2022.pdf,57,0.0,0,0.0,0.0,0.0,0.0,0,0,
DECK,DECK-DECKERS OUTDOOR CORP-2022.pdf,58,0.1824647967604972,4,0.1824647967604972,0.1824647967604972,0.1824647967604972,0.1231028579731135,4,0,
DECK,DECK-DECKERS OUTDOOR CORP-2022.pdf,60,0.0,0,0.0,0.0,0.0,0.0,0,0,
DECK,DECK-DECKERS OUTDOOR CORP-2022.pdf,65,0.0,0,0.0,0.0,0.0,0.0,0,0,
DECK,DECK-DECKERS OUTDOOR CORP-2022.pdf,81,0.0,0,0.0,0.0,0.0,0.0,0,0,
DECK,DECK-DECKERS OUTDOOR CORP-2022.pdf,88,0.0,0,0.0,0.0,0.0,0.0,0,0,
DECK,DECK-DECKERS OUTDOOR CORP-2022.pdf,89,0.0530148899237178,5,0.0530148899237178,0.0530148899237178,0.0530148899237178,0.0115763287040351,24,0,
DECK,DECK-DECKERS OUTDOOR CORP-2022.pdf,101,0.0058062117034313,1,0.0058062117034313,0.0058062117034313,0.0058062117034313,0.0058062117034313,2,0,
DECK,DECK-DECKERS OUTDOOR CORP-2022.pdf,103,0.0560035572966525,6,0.0560035572966525,0.0560035572966525,0.0560035572966525,0.0095494408527334,4,0,
DECK,DECK-DECKERS OUTDOOR CORP-2022.pdf,110,0.0270703686936207,2,0.0270703686936207,0.0270703686936207,0.0270703686936207,0.0169591250742721,2,0,
DECK,DECK-DECKERS OUTDOOR CORP-2022.pdf,133,0.0408107538242419,2,0.0408107538242419,0.0408107538242419,0.0408107538242419,0.0334708007489947,37,0,
DELL,DELL-DELL TECHNOLOGIES INC-2021.pdf,4,0.0,0,0.0,0.0,0.0,0.0,0,0,
DELL,DELL-DELL TECHNOLOGIES INC-2021.pdf,5,0.0,0,0.0,0.0,0.0,0.0,0,0,
DELL,DELL-DELL TECHNOLOGIES INC-2021.pdf,8,0.0,0,0.0,0.0,0.0,0.0,0,0,
DELL,DELL-DELL TECHNOLOGIES INC-2021.pdf,11,0.0,0,0.0,0.0,0.0,0.0,0,0,
DELL,DELL-DELL TECHNOLOGIES INC-2021.pdf,12,0.0,0,0.0,0.0,0.0,0.0,0,0,
DELL,DELL-DELL TECHNOLOGIES INC-2021.pdf,14,0.0,0,0.0,0.0,0.0,0.0,0,0,
DELL,DELL-DELL TECHNOLOGIES INC-2021.pdf,15,0.0,0,0.0,0.0,0.0,0.0,0,0,
DELL,DELL-DELL TECHNOLOGIES INC-2021.pdf,16,0.0,0,0.0,0.0,0.0,0.0,0,0,
DELL,DELL-DELL TECHNOLOGIES INC-2021.pdf,17,0.0,0,0.0,0.0,0.0,0.0,0,0,
DELL,DELL-DELL TECHNOLOGIES INC-2021.pdf,18,0.0,0,0.0,0.0,0.0,0.0,0,0,
DELL,DELL-DELL TECHNOLOGIES INC-2021.pdf,19,0.4512929502426003,1,0.4512929502426003,0.4512929502426003,0.4512929502426003,0.4512929502426003,24,0,
DELL,DELL-DELL TECHNOLOGIES INC-2021.pdf,20,0.0,0,0.0,0.0,0.0,0.0,0,0,
DELL,DELL-DELL TECHNOLOGIES INC-2021.pdf,21,0.1147570373585362,1,0.1147570373585362,0.1147570373585362,0.1147570373585362,0.1147570373585362,7,0,
DELL,DELL-DELL TECHNOLOGIES INC-2021.pdf,22,0.0,0,0.0,0.0,0.0,0.0,0,0,
DELL,DELL-DELL TECHNOLOGIES INC-2021.pdf,25,0.4817075429061763,1,0.4817075429061763,0.4817075429061763,0.4817075429061763,0.4817075429061763,19,0,
DELL,DELL-DELL TECHNOLOGIES INC-2021.pdf,26,0.7178983123433634,1,0.7178983123433634,0.7178983123433634,0.7178983123433634,0.7178983123433634,28,0,
DELL,DELL-DELL TECHNOLOGIES INC-2021.pdf,27,0.5394979071810897,1,0.5394979071810897,0.5394979071810897,0.5394979071810897,0.5394979071810897,21,0,
DELL,DELL-DELL TECHNOLOGIES INC-2021.pdf,28,0.4221791265146493,1,0.4221791265146493,0.4221791265146493,0.4221791265146493,0.4221791265146493,18,0,
DELL,DELL-DELL TECHNOLOGIES INC-2021.pdf,29,0.3874060075753713,1,0.3874060075753713,0.3874060075753713,0.3874060075753713,0.3874060075753713,15,0,
DELL,DELL-DELL TECHNOLOGIES INC-2021.pdf,31,0.6466460117008749,1,0.6466460117008749,0.6466460117008749,0.6466460117008749,0.6466460117008749,24,0,
DELL,DELL-DELL TECHNOLOGIES INC-2021.pdf,32,0.6276322548452935,1,0.6276322548452935,0.6276322548452935,0.6276322548452935,0.6276322548452935,29,0,
DELL,DELL-DELL TECHNOLOGIES INC-2021.pdf,33,0.5279879240909361,1,0.5279879240909361,0.5279879240909361,0.5279879240909361,0.5279879240909361,21,0,
DELL,DELL-DELL TECHNOLOGIES INC-2021.pdf,34,0.5247091455227992,1,0.5247091455227992,0.5247091455227992,0.5247091455227992,0.5247091455227992,14,0,
DELL,DELL-DELL TECHNOLOGIES INC-2021.pdf,35,0.4617342436711458,1,0.4617342436711458,0.4617342436711458,0.4617342436711458,0.4617342436711458,16,0,
DELL,DELL-DELL TECHNOLOGIES INC-2021.pdf,36,0.0,0,0.0,0.0,0.0,0.0,0,0,
DELL,DELL-DELL TECHNOLOGIES INC-2021.pdf,37,0.0,0,0.0,0.0,0.0,0.0,0,0,
DELL,DELL-DELL TECHNOLOGIES INC-2021.pdf,38,0.0,0,0.0,0.0,0.0,0.0,0,0,
DELL,DELL-DELL TECHNOLOGIES INC-2021.pdf,39,0.0,0,0.0,0.0,0.0,0.0,0,0,
DELL,DELL-DELL TECHNOLOGIES INC-2021.pdf,40,0.0,0,0.0,0.0,0.0,0.0,0,0,
DELL,DELL-DELL TECHNOLOGIES INC-2021.pdf,42,0.0,0,0.0,0.0,0.0,0.0,0,0,
DELL,DELL-DELL TECHNOLOGIES INC-2021.pdf,43,0.0,0,0.0,0.0,0.0,0.0,0,0,
DELL,DELL-DELL TECHNOLOGIES INC-2021.pdf,44,0.0,0,0.0,0.0,0.0,0.0,0,0,
DELL,DELL-DELL TECHNOLOGIES INC-2021.pdf,45,0.0,0,0.0,0.0,0.0,0.0,0,0,
DELL,DELL-DELL TECHNOLOGIES INC-2021.pdf,46,0.0,0,0.0,0.0,0.0,0.0,0,0,
DELL,DELL-DELL TECHNOLOGIES INC-2021.pdf,47,0.0,0,0.0,0.0,0.0,0.0,0,0,
DELL,DELL-DELL TECHNOLOGIES INC-2021.pdf,48,0.0,0,0.0,0.0,0.0,0.0,0,0,
DELL,DELL-DELL TECHNOLOGIES INC-2021.pdf,49,0.0,0,0.0,0.0,0.0,0.0,0,0,
DELL,DELL-DELL TECHNOLOGIES INC-2021.pdf,50,0.0,0,0.0,0.0,0.0,0.0,0,0,
DELL,DELL-DELL TECHNOLOGIES INC-2021.pdf,51,0.0,0,0.0,0.0,0.0,0.0,0,0,
DELL,DELL-DELL TECHNOLOGIES INC-2021.pdf,53,0.0,0,0.0,0.0,0.0,0.0,0,0,
DELL,DELL-DELL TECHNOLOGIES INC-2021.pdf,55,0.0,0,0.0,0.0,0.0,0.0,0,0,
DELL,DELL-DELL TECHNOLOGIES INC-2021.pdf,56,0.0,0,0.0,0.0,0.0,0.0,0,0,
DELL,DELL-DELL TECHNOLOGIES INC-2021.pdf,57,0.0,0,0.0,0.0,0.0,0.0,0,0,
DELL,DELL-DELL TECHNOLOGIES INC-2021.pdf,58,0.0,0,0.0,0.0,0.0,0.0,0,0,
DELL,DELL-DELL TECHNOLOGIES INC-2021.pdf,61,0.0,0,0.0,0.0,0.0,0.0,0,0,
DELL,DELL-DELL TECHNOLOGIES INC-2021.pdf,64,0.0,0,0.0,0.0,0.0,0.0,0,0,
DELL,DELL-DELL TECHNOLOGIES INC-2021.pdf,65,0.0,0,0.0,0.0,0.0,0.0,0,0,
DELL,DELL-DELL TECHNOLOGIES INC-2021.pdf,66,0.3389019074402608,1,0.3389019074402608,0.3389019074402608,0.3389019074402608,0.3389019074402608,2,0,
DELL,DELL-DELL TECHNOLOGIES INC-2021.pdf,67,0.0,0,0.0,0.0,0.0,0.0,0,0,
DELL,DELL-DELL TECHNOLOGIES INC-2021.pdf,69,0.0,0,0.0,0.0,0.0,0.0,0,0,
DELL,DELL-DELL TECHNOLOGIES INC-2021.pdf,70,0.0,0,0.0,0.0,0.0,0.0,0,0,
DELL,DELL-DELL TECHNOLOGIES INC-2021.pdf,71,0.0,0,0.0,0.0,0.0,0.0,0,0,
DELL,DELL-DELL TECHNOLOGIES INC-2021.pdf,72,0.3494452425728201,1,0.3494452425728201,0.3494452425728201,0.3494452425728201,0.3494452425728201,2,0,
DELL,DELL-DELL TECHNOLOGIES INC-2021.pdf,73,0.0,0,0.0,0.0,0.0,0.0,0,0,
DELL,DELL-DELL TECHNOLOGIES INC-2021.pdf,75,0.6807737582790555,1,0.6807737582790555,0.6807737582790555,0.6807737582790555,0.6807737582790555,38,0,
DELL,DELL-DELL TECHNOLOGIES INC-2021.pdf,76,0.6156053200031093,1,0.6156053200031093,0.6156053200031093,0.6156053200031093,0.6156053200031093,54,0,
DELL,DELL-DELL TECHNOLOGIES INC-2021.pdf,77,0.473945759237375,1,0.473945759237375,0.473945759237375,0.473945759237375,0.473945759237375,49,0,
DELL,DELL-DELL TECHNOLOGIES INC-2021.pdf,79,0.5865157666925664,1,0.5865157666925664,0.5865157666925664,0.5865157666925664,0.5865157666925664,58,0,
DELL,DELL-DELL TECHNOLOGIES INC-2021.pdf,81,0.5736414476411219,1,0.5736414476411219,0.5736414476411219,0.5736414476411219,0.5736414476411219,48,0,
DELL,DELL-DELL TECHNOLOGIES INC-2021.pdf,82,0.4456110748527315,1,0.4456110748527315,0.4456110748527315,0.4456110748527315,0.4456110748527315,35,0,
DELL,DELL-DELL TECHNOLOGIES INC-2021.pdf,83,0.0,0,0.0,0.0,0.0,0.0,0,0,
DELL,DELL-DELL TECHNOLOGIES INC-2021.pdf,84,0.0,0,0.0,0.0,0.0,0.0,0,0,
DELL,DELL-DELL TECHNOLOGIES INC-2021.pdf,85,0.0,0,0.0,0.0,0.0,0.0,0,0,
DELL,DELL-DELL TECHNOLOGIES INC-2021.pdf,86,0.0,0,0.0,0.0,0.0,0.0,0,0,
DELL,DELL-DELL TECHNOLOGIES INC-2021.pdf,88,0.25562500953125,1,0.25562500953125,0.25562500953125,0.25562500953125,0.25562500953125,2,0,
DELL,DELL-DELL TECHNOLOGIES INC-2021.pdf,89,0.9999999999956598,1,0.0,0.0,0.0,0.9999999999956598,2,1,
DG,DG-DOLLAR GENERAL CORP-2023.pdf,10,0.195729319058642,1,0.195729319058642,0.195729319058642,0.195729319058642,0.195729319058642,3,0,
DG,DG-DOLLAR GENERAL CORP-2023.pdf,12,0.0,0,0.0,0.0,0.0,0.0,0,0,
DG,DG-DOLLAR GENERAL CORP-2023.pdf,14,0.0,0,0.0,0.0,0.0,0.0,0,0,
DG,DG-DOLLAR GENERAL CORP-2023.pdf,15,0.0,0,0.0,0.0,0.0,0.0,0,0,
DG,DG-DOLLAR GENERAL CORP-2023.pdf,16,0.0,0,0.0,0.0,0.0,0.0,0,0,
DG,DG-DOLLAR GENERAL CORP-2023.pdf,19,0.0,0,0.0,0.0,0.0,0.0,0,0,
DG,DG-DOLLAR GENERAL CORP-2023.pdf,23,0.0,0,0.0,0.0,0.0,0.0,0,0,
DG,DG-DOLLAR GENERAL CORP-2023.pdf,25,0.1868629436728395,1,0.1868629436728395,0.1868629436728395,0.1868629436728395,0.1868629436728395,2,0,
DG,DG-DOLLAR GENERAL CORP-2023.pdf,26,0.0072025240820955,1,0.0072025240820955,0.0072025240820955,0.0072025240820955,0.0072025240820955,12,0,
DG,DG-DOLLAR GENERAL CORP-2023.pdf,27,0.0,0,0.0,0.0,0.0,0.0,0,0,
DG,DG-DOLLAR GENERAL CORP-2023.pdf,28,0.0,0,0.0,0.0,0.0,0.0,0,0,
DG,DG-DOLLAR GENERAL CORP-2023.pdf,33,0.0,0,0.0,0.0,0.0,0.0,0,0,
DG,DG-DOLLAR GENERAL CORP-2023.pdf,35,0.0,0,0.0,0.0,0.0,0.0,0,0,
DG,DG-DOLLAR GENERAL CORP-2023.pdf,38,0.0,0,0.0,0.0,0.0,0.0,0,0,
DG,DG-DOLLAR GENERAL CORP-2023.pdf,42,0.0,0,0.0,0.0,0.0,0.0,0,0,
DG,DG-DOLLAR GENERAL CORP-2023.pdf,48,0.0,0,0.0,0.0,0.0,0.0,0,0,
DG,DG-DOLLAR GENERAL CORP-2023.pdf,49,0.0,0,0.0,0.0,0.0,0.0,0,0,
DG,DG-DOLLAR GENERAL CORP-2023.pdf,52,0.0310706018518518,1,0.0310706018518518,0.0310706018518518,0.0310706018518518,0.0310706018518518,3,0,
DG,DG-DOLLAR GENERAL CORP-2023.pdf,53,0.0310706018518518,1,0.0310706018518518,0.0310706018518518,0.0310706018518518,0.0310706018518518,3,0,
DG,DG-DOLLAR GENERAL CORP-2024.pdf,11,0.0,0,0.0,0.0,0.0,0.0,0,0,
DG,DG-DOLLAR GENERAL CORP-2024.pdf,13,0.0,0,0.0,0.0,0.0,0.0,0,0,
DG,DG-DOLLAR GENERAL CORP-2024.pdf,14,0.0039980040019314,1,0.0039980040019314,0.0039980040019314,0.0039980040019314,0.0039980040019314,3,0,
DG,DG-DOLLAR GENERAL CORP-2024.pdf,18,0.0,0,0.0,0.0,0.0,0.0,0,0,
DG,DG-DOLLAR GENERAL CORP-2024.pdf,19,0.0,0,0.0,0.0,0.0,0.0,0,0,
DG,DG-DOLLAR GENERAL CORP-2024.pdf,26,0.0,0,0.0,0.0,0.0,0.0,0,0,
DG,DG-DOLLAR GENERAL CORP-2024.pdf,27,0.0,0,0.0,0.0,0.0,0.0,0,0,
DG,DG-DOLLAR GENERAL CORP-2024.pdf,31,0.0,0,0.0,0.0,0.0,0.0,0,0,
DG,DG-DOLLAR GENERAL CORP-2024.pdf,34,0.0,0,0.0,0.0,0.0,0.0,0,0,
DG,DG-DOLLAR GENERAL CORP-2024.pdf,37,0.0,0,0.0,0.0,0.0,0.0,0,0,
DG,DG-DOLLAR GENERAL CORP-2024.pdf,40,0.0,0,0.0,0.0,0.0,0.0,0,0,
DG,DG-DOLLAR GENERAL CORP-2024.pdf,42,0.0,0,0.0,0.0,0.0,0.0,0,0,
DG,DG-DOLLAR GENERAL CORP-2024.pdf,44,0.0,0,0.0,0.0,0.0,0.0,0,0,
DKS,DKS-DICKS SPORTING GOODS INC-2022.pdf,13,0.0,0,0.0,0.0,0.0,0.0,0,0,
DKS,DKS-DICKS SPORTING GOODS INC-2022.pdf,17,0.0,0,0.0,0.0,0.0,0.0,0,0,
DKS,DKS-DICKS SPORTING GOODS INC-2022.pdf,18,0.0004621333642347,1,0.0004621333642347,0.0004621333642347,0.0004621333642347,0.0004621333642347,2,0,
DKS,DKS-DICKS SPORTING GOODS INC-2022.pdf,28,0.3350438375585938,4,0.3350438375585938,0.3350438375585938,0.3350438375585938,0.1061499120659722,2,0,
DKS,DKS-DICKS SPORTING GOODS INC-2022.pdf,31,0.0,0,0.0,0.0,0.0,0.0,0,0,
DKS,DKS-DICKS SPORTING GOODS INC-2022.pdf,33,0.0,0,0.0,0.0,0.0,0.0,0,0,
DKS,DKS-DICKS SPORTING GOODS INC-2022.pdf,36,0.3791652583642348,2,0.3791652583642348,0.3791652583642348,0.3791652583642348,0.378703125,12,0,
DKS,DKS-DICKS SPORTING GOODS INC-2022.pdf,37,0.0004621333642347,1,0.0004621333642347,0.0004621333642347,0.0004621333642347,0.0004621333642347,2,0,
DKS,DKS-DICKS SPORTING GOODS INC-2022.pdf,44,0.0,0,0.0,0.0,0.0,0.0,0,0,
DKS,DKS-DICKS SPORTING GOODS INC-2022.pdf,46,0.0116086194271205,2,0.0116086194271205,0.0116086194271205,0.0116086194271205,0.0111464860628858,2,0,
DKS,DKS-DICKS SPORTING GOODS INC-2022.pdf,48,0.0004621333642347,1,0.0004621333642347,0.0004621333642347,0.0004621333642347,0.0004621333642347,2,0,
DKS,DKS-DICKS SPORTING GOODS INC-2022.pdf,50,0.2047665802457693,4,0.2047665802457693,0.2047665802457693,0.2047665802457693,0.1146034753278356,2,0,
DKS,DKS-DICKS SPORTING GOODS INC-2022.pdf,63,0.4205488166069228,1,0.4205488166069228,0.4205488166069228,0.4205488166069228,0.4205488166069228,8,0,
DKS,DKS-DICKS SPORTING GOODS INC-2022.pdf,69,0.5910954022808809,1,0.5910954022808809,0.5910954022808809,0.5910954022808809,0.5910954022808809,17,0,
DKS,DKS-DICKS SPORTING GOODS INC-2022.pdf,70,0.0004621333642347,1,0.0004621333642347,0.0004621333642347,0.0004621333642347,0.0004621333642347,2,0,
DKS,DKS-DICKS SPORTING GOODS INC-2022.pdf,71,0.0004621333642347,1,0.0004621333642347,0.0004621333642347,0.0004621333642347,0.0004621333642347,2,0,
DKS,DKS-DICKS SPORTING GOODS INC-2022.pdf,73,0.0238491952813238,2,0.0238491952813238,0.0238491952813238,0.0238491952813238,0.0120829762731481,2,0,
DLTR,DLTR-DOLLAR TREE INC-2021.pdf,3,0.0,0,0.0,0.0,0.0,0.0,0,0,
DLTR,DLTR-DOLLAR TREE INC-2021.pdf,10,0.0,0,0.0,0.0,0.0,0.0,0,0,
DLTR,DLTR-DOLLAR TREE INC-2021.pdf,13,0.0084921303773712,3,0.0084921303773712,0.0084921303773712,0.0084921303773712,0.0077959499744173,4,0,
DLTR,DLTR-DOLLAR TREE INC-2021.pdf,14,0.0,0,0.0,0.0,0.0,0.0,0,0,
DLTR,DLTR-DOLLAR TREE INC-2021.pdf,15,0.0,0,0.0,0.0,0.0,0.0,0,0,
DLTR,DLTR-DOLLAR TREE INC-2021.pdf,17,0.0,0,0.0,0.0,0.0,0.0,0,0,
DLTR,DLTR-DOLLAR TREE INC-2021.pdf,23,0.0,0,0.0,0.0,0.0,0.0,0,0,
DLTR,DLTR-DOLLAR TREE INC-2021.pdf,27,0.0,0,0.0,0.0,0.0,0.0,0,0,
DLTR,DLTR-DOLLAR TREE INC-2021.pdf,28,0.0,0,0.0,0.0,0.0,0.0,0,0,
DLTR,DLTR-DOLLAR TREE INC-2021.pdf,34,0.0,0,0.0,0.0,0.0,0.0,0,0,
DLTR,DLTR-DOLLAR TREE INC-2021.pdf,35,0.1669745556050703,1,0.1669745556050703,0.1669745556050703,0.1669745556050703,0.1669745556050703,3,0,
DLTR,DLTR-DOLLAR TREE INC-2021.pdf,39,0.1008412253142493,1,0.1008412253142493,0.1008412253142493,0.1008412253142493,0.1008412253142493,2,0,
DLTR,DLTR-DOLLAR TREE INC-2021.pdf,42,1.0,1,0.0,0.0,0.0,1.0,2,1,
DLTR,DLTR-DOLLAR TREE INC-2024.pdf,3,0.0,0,0.0,0.0,0.0,0.0,0,0,
DLTR,DLTR-DOLLAR TREE INC-2024.pdf,4,0.0,0,0.0,0.0,0.0,0.0,0,0,
DLTR,DLTR-DOLLAR TREE INC-2024.pdf,5,0.0,0,0.0,0.0,0.0,0.0,0,0,
DLTR,DLTR-DOLLAR TREE INC-2024.pdf,6,0.0,0,0.0,0.0,0.0,0.0,0,0,
DLTR,DLTR-DOLLAR TREE INC-2024.pdf,7,0.0,0,0.0,0.0,0.0,0.0,0,0,
DLTR,DLTR-DOLLAR TREE INC-2024.pdf,9,0.0,0,0.0,0.0,0.0,0.0,0,0,
DLTR,DLTR-DOLLAR TREE INC-2024.pdf,10,0.0,0,0.0,0.0,0.0,0.0,0,0,
DLTR,DLTR-DOLLAR TREE INC-2024.pdf,13,0.0,0,0.0,0.0,0.0,0.0,0,0,
DLTR,DLTR-DOLLAR TREE INC-2024.pdf,16,0.0,0,0.0,0.0,0.0,0.0,0,0,
DLTR,DLTR-DOLLAR TREE INC-2024.pdf,17,0.0,0,0.0,0.0,0.0,0.0,0,0,
DLTR,DLTR-DOLLAR TREE INC-2024.pdf,18,0.0,0,0.0,0.0,0.0,0.0,0,0,
DLTR,DLTR-DOLLAR TREE INC-2024.pdf,19,0.0,0,0.0,0.0,0.0,0.0,0,0,
DLTR,DLTR-DOLLAR TREE INC-2024.pdf,22,0.0,0,0.0,0.0,0.0,0.0,0,0,
DLTR,DLTR-DOLLAR TREE INC-2024.pdf,24,0.0,0,0.0,0.0,0.0,0.0,0,0,
DLTR,DLTR-DOLLAR TREE INC-2024.pdf,25,0.0,0,0.0,0.0,0.0,0.0,0,0,
DLTR,DLTR-DOLLAR TREE INC-2024.pdf,26,0.0,0,0.0,0.0,0.0,0.0,0,0,
DLTR,DLTR-DOLLAR TREE INC-2024.pdf,27,0.0001805312897008,1,0.0001805312897008,0.0001805312897008,0.0001805312897008,0.0001805312897008,2,0,
DLTR,DLTR-DOLLAR TREE INC-2024.pdf,30,0.0,0,0.0,0.0,0.0,0.0,0,0,
DLTR,DLTR-DOLLAR TREE INC-2024.pdf,31,0.0,0,0.0,0.0,0.0,0.0,0,0,
DLTR,DLTR-DOLLAR TREE INC-2024.pdf,32,0.0,0,0.0,0.0,0.0,0.0,0,0,
DLTR,DLTR-DOLLAR TREE INC-2024.pdf,42,0.0,0,0.0,0.0,0.0,0.0,0,0,
DLTR,DLTR-DOLLAR TREE INC-2024.pdf,43,0.0,0,0.0,0.0,0.0,0.0,0,0,
DLTR,DLTR-DOLLAR TREE INC-2024.pdf,45,0.0,0,0.0,0.0,0.0,0.0,0,0,
EBAY,EBAY-eBay-2022-Report.pdf,5,1.0005534759358288,2,0.0005534759358288,0.0005534759358288,0.0005534759358288,1.0,3,1,
EBAY,EBAY-eBay-2022-Report.pdf,6,1.0005534759358288,2,0.0005534759358288,0.0005534759358288,0.0005534759358288,1.0,3,1,
EBAY,EBAY-eBay-2022-Report.pdf,8,1.0005534759358288,2,0.0005534759358288,0.0005534759358288,0.0005534759358288,1.0,3,1,
FIGS,FIGS-FIGS INC-2023.pdf,3,0.0,0,0.0,0.0,0.0,0.0,0,0,
FIGS,FIGS-FIGS INC-2023.pdf,11,0.0,0,0.0,0.0,0.0,0.0,0,0,
FIGS,FIGS-FIGS INC-2023.pdf,12,0.0,0,0.0,0.0,0.0,0.0,0,0,
FIGS,FIGS-FIGS INC-2023.pdf,17,0.0,0,0.0,0.0,0.0,0.0,0,0,
FIGS,FIGS-FIGS INC-2023.pdf,18,0.0,0,0.0,0.0,0.0,0.0,0,0,
FIGS,FIGS-FIGS INC-2023.pdf,21,0.0,0,0.0,0.0,0.0,0.0,0,0,
FIGS,FIGS-FIGS INC-2023.pdf,29,0.0,0,0.0,0.0,0.0,0.0,0,0,
FIGS,FIGS-FIGS INC-2023.pdf,38,0.0,0,0.0,0.0,0.0,0.0,0,0,
FIGS,FIGS-FIGS INC-2023.pdf,39,0.0,0,0.0,0.0,0.0,0.0,0,0,
FIGS,FIGS-FIGS INC-2024.pdf,11,0.0,0,0.0,0.0,0.0,0.0,0,0,
FIGS,FIGS-FIGS INC-2024.pdf,18,0.0,0,0.0,0.0,0.0,0.0,0,0,
FIGS,FIGS-FIGS INC-2024.pdf,33,1.0,1,0.0,0.0,0.0,1.0,2,1,
FIGS,FIGS-FIGS INC-2024.pdf,36,0.0,0,0.0,0.0,0.0,0.0,0,0,
FIVE,FIVE-FIVE BELOW INC-2026.pdf,3,0.1951210269965277,1,0.1951210269965277,0.1951210269965277,0.1951210269965277,0.1951210269965277,3,0,
FIVE,FIVE-FIVE BELOW INC-2026.pdf,5,1.1832564165520834,2,0.1832563977141204,0.1832563977141204,0.1832563977141204,1.000000018837963,3,1,
FIVE,FIVE-FIVE BELOW INC-2026.pdf,6,1.610476147860105,2,0.6104680910011575,0.6104680910011575,0.6104680910011575,1.0000080568589476,3,1,
FIVE,FIVE-FIVE BELOW INC-2026.pdf,7,1.4257258837783149,2,0.4257178269193672,0.4257178269193672,0.4257178269193672,1.0000080568589476,3,1,
FL,FL-FOOT LOCKER INC-2021.pdf,5,0.0,0,0.0,0.0,0.0,0.0,0,0,
FL,FL-FOOT LOCKER INC-2021.pdf,7,1.2500059348060808,2,0.165418743448056,0.165418743448056,0.165418743448056,1.0845871913580247,3,1,
FL,FL-FOOT LOCKER INC-2021.pdf,9,0.0,0,0.0,0.0,0.0,0.0,0,0,
FL,FL-FOOT LOCKER INC-2021.pdf,13,0.0001728707468861,1,0.0001728707468861,0.0001728707468861,0.0001728707468861,0.0001728707468861,2,0,
FL,FL-FOOT LOCKER INC-2021.pdf,17,0.0,0,0.0,0.0,0.0,0.0,0,0,
FL,FL-FOOT LOCKER INC-2021.pdf,22,0.0,0,0.0,0.0,0.0,0.0,0,0,
FL,FL-FOOT LOCKER INC-2021.pdf,23,0.0,0,0.0,0.0,0.0,0.0,0,0,
FL,FL-FOOT LOCKER INC-2021.pdf,27,0.1808021409357853,2,0.1808021409357853,0.1808021409357853,0.1808021409357853,0.0959574023169581,3,0,
FL,FL-FOOT LOCKER INC-2021.pdf,33,0.0,0,0.0,0.0,0.0,0.0,0,0,
FL,FL-FOOT LOCKER INC-2021.pdf,35,0.0,0,0.0,0.0,0.0,0.0,0,0,
FL,FL-FOOT LOCKER INC-2021.pdf,40,1.3116585926984203,3,0.2270714013403957,0.2270714013403957,0.2270714013403957,1.0845871913580247,3,1,
FL,FL-FOOT LOCKER INC-2021.pdf,41,0.0,0,0.0,0.0,0.0,0.0,0,0,
FL,FL-FOOT LOCKER INC-2021.pdf,42,0.0,0,0.0,0.0,0.0,0.0,0,0,
FL,FL-FOOT LOCKER INC-2021.pdf,43,0.0,0,0.0,0.0,0.0,0.0,0,0,
FL,FL-FOOT LOCKER INC-2021.pdf,45,0.0,0,0.0,0.0,0.0,0.0,0,0,
FL,FL-FOOT LOCKER INC-2021.pdf,50,0.0,0,0.0,0.0,0.0,0.0,0,0,
FL,FL-FOOT LOCKER INC-2021.pdf,52,0.017372516970841,4,0.017372516970841,0.017372516970841,0.017372516970841,0.0043431292427102,2,0,
FL,FL-FOOT LOCKER INC-2021.pdf,54,1.0845871913580247,1,0.0,0.0,0.0,1.0845871913580247,3,1,
FL,FL-FOOT LOCKER INC-2021.pdf,58,0.0,0,0.0,0.0,0.0,0.0,0,0,
FL,FL-FOOT LOCKER INC-2021.pdf,60,1.1150032410836763,1,1.1150032410836763,1.1150032410836763,1.1150032410836763,1.1150032410836763,8,0,
FL,FL-FOOT LOCKER INC-2021.pdf,61,0.0,0,0.0,0.0,0.0,0.0,0,0,
FL,FL-FOOT LOCKER INC-2021.pdf,64,0.6736838831018517,1,0.6736838831018517,0.6736838831018517,0.6736838831018517,0.6736838831018517,48,0,
FL,FL-FOOT LOCKER INC-2021.pdf,65,0.5437259837962964,2,0.5437259837962964,0.5437259837962964,0.5437259837962964,0.4096209490740742,21,0,
FL,FL-FOOT LOCKER INC-2021.pdf,66,0.6625578703703704,1,0.6625578703703704,0.6625578703703704,0.6625578703703704,0.6625578703703704,59,0,
FL,FL-FOOT LOCKER INC-2021.pdf,71,0.640811281540437,1,0.640811281540437,0.640811281540437,0.640811281540437,0.640811281540437,38,0,
FL,FL-FOOT LOCKER INC-2021.pdf,72,0.6086028507718462,1,0.6086028507718462,0.6086028507718462,0.6086028507718462,0.6086028507718462,37,0,
FL,FL-FOOT LOCKER INC-2021.pdf,73,0.6909253479867139,1,0.6909253479867139,0.6909253479867139,0.6909253479867139,0.6909253479867139,43,0,
FL,FL-FOOT LOCKER INC-2023.pdf,4,0.0,0,0.0,0.0,0.0,0.0,0,0,
FL,FL-FOOT LOCKER INC-2023.pdf,5,0.1267406039366293,1,0.1267406039366293,0.1267406039366293,0.1267406039366293,0.1267406039366293,2,0,
FL,FL-FOOT LOCKER INC-2023.pdf,11,0.4788978664201933,4,0.4788978664201933,0.4788978664201933,0.4788978664201933,0.1197267366475209,3,0,
FL,FL-FOOT LOCKER INC-2023.pdf,12,0.0,0,0.0,0.0,0.0,0.0,0,0,
FL,FL-FOOT LOCKER INC-2023.pdf,14,0.0,0,0.0,0.0,0.0,0.0,0,0,
FL,FL-FOOT LOCKER INC-2023.pdf,15,0.0,0,0.0,0.0,0.0,0.0,0,0,
FL,FL-FOOT LOCKER INC-2023.pdf,19,0.0,0,0.0,0.0,0.0,0.0,0,0,
FL,FL-FOOT LOCKER INC-2023.pdf,20,0.0,0,0.0,0.0,0.0,0.0,0,0,
FL,FL-FOOT LOCKER INC-2023.pdf,21,0.0,0,0.0,0.0,0.0,0.0,0,0,
FL,FL-FOOT LOCKER INC-2023.pdf,23,0.0,0,0.0,0.0,0.0,0.0,0,0,
FL,FL-FOOT LOCKER INC-2023.pdf,26,0.0,0,0.0,0.0,0.0,0.0,0,0,
FL,FL-FOOT LOCKER INC-2023.pdf,27,0.1836960247903875,1,0.1836960247903875,0.1836960247903875,0.1836960247903875,0.1836960247903875,3,0,
FL,FL-FOOT LOCKER INC-2023.pdf,28,0.0,0,0.0,0.0,0.0,0.0,0,0,
FL,FL-FOOT LOCKER INC-2023.pdf,30,0.1968728364527629,1,0.1968728364527629,0.1968728364527629,0.1968728364527629,0.1968728364527629,7,0,
FL,FL-FOOT LOCKER INC-2023.pdf,33,0.0,0,0.0,0.0,0.0,0.0,0,0,
FL,FL-FOOT LOCKER INC-2023.pdf,34,0.0,0,0.0,0.0,0.0,0.0,0,0,
FL,FL-FOOT LOCKER INC-2023.pdf,35,0.0,0,0.0,0.0,0.0,0.0,0,0,
FL,FL-FOOT LOCKER INC-2023.pdf,36,0.0,0,0.0,0.0,0.0,0.0,0,0,
FL,FL-FOOT LOCKER INC-2023.pdf,37,0.0,0,0.0,0.0,0.0,0.0,0,0,
FL,FL-FOOT LOCKER INC-2023.pdf,42,0.0,0,0.0,0.0,0.0,0.0,0,0,
FL,FL-FOOT LOCKER INC-2023.pdf,45,0.0,0,0.0,0.0,0.0,0.0,0,0,
FL,FL-FOOT LOCKER INC-2023.pdf,46,0.0,0,0.0,0.0,0.0,0.0,0,0,
FL,FL-FOOT LOCKER INC-2023.pdf,47,0.0,0,0.0,0.0,0.0,0.0,0,0,
FL,FL-FOOT LOCKER INC-2023.pdf,49,0.0,0,0.0,0.0,0.0,0.0,0,0,
FL,FL-FOOT LOCKER INC-2023.pdf,52,0.0,0,0.0,0.0,0.0,0.0,0,0,
FL,FL-FOOT LOCKER INC-2023.pdf,53,0.0,0,0.0,0.0,0.0,0.0,0,0,
FL,FL-FOOT LOCKER INC-2023.pdf,54,0.0,0,0.0,0.0,0.0,0.0,0,0,
FL,FL-FOOT LOCKER INC-2023.pdf,56,0.0,0,0.0,0.0,0.0,0.0,0,0,
FL,FL-FOOT LOCKER INC-2023.pdf,59,0.0,0,0.0,0.0,0.0,0.0,0,0,
FL,FL-FOOT LOCKER INC-2023.pdf,60,0.0,0,0.0,0.0,0.0,0.0,0,0,
FL,FL-FOOT LOCKER INC-2023.pdf,61,0.0,0,0.0,0.0,0.0,0.0,0,0,
FL,FL-FOOT LOCKER INC-2023.pdf,62,0.0,0,0.0,0.0,0.0,0.0,0,0,
FL,FL-FOOT LOCKER INC-2023.pdf,68,0.0,0,0.0,0.0,0.0,0.0,0,0,
FL,FL-FOOT LOCKER INC-2023.pdf,69,0.0,0,0.0,0.0,0.0,0.0,0,0,
FL,FL-FOOT LOCKER INC-2023.pdf,70,0.0,0,0.0,0.0,0.0,0.0,0,0,
FL,FL-FOOT LOCKER INC-2023.pdf,71,0.0,0,0.0,0.0,0.0,0.0,0,0,
FL,FL-FOOT LOCKER INC-2023.pdf,74,0.0,0,0.0,0.0,0.0,0.0,0,0,
FL,FL-FOOT LOCKER INC-2023.pdf,75,0.0,0,0.0,0.0,0.0,0.0,0,0,
GES,GES-GUESS-2024.pdf,9,0.0,0,0.0,0.0,0.0,0.0,0,0,
GPRO,GPRO-GOPRO INC-2022.pdf,26,0.0,0,0.0,0.0,0.0,0.0,0,0,
GPRO,GPRO-GOPRO INC-2022.pdf,39,1.0077272727272728,1,0.0,0.0,0.0,1.0077272727272728,2,1,
GROV,GROV-GROVE COLLABORATIVE HLDG INC-2024.pdf,3,0.0,0,0.0,0.0,0.0,0.0,0,0,
GROV,GROV-GROVE COLLABORATIVE HLDG INC-2024.pdf,4,0.0,0,0.0,0.0,0.0,0.0,0,0,
GROV,GROV-GROVE COLLABORATIVE HLDG INC-2024.pdf,5,0.0,0,0.0,0.0,0.0,0.0,0,0,
GROV,GROV-GROVE COLLABORATIVE HLDG INC-2024.pdf,6,0.5534722222222223,1,0.5534722222222223,0.5534722222222223,0.5534722222222223,0.5534722222222223,27,0,
GROV,GROV-GROVE COLLABORATIVE HLDG INC-2024.pdf,7,0.0,0,0.0,0.0,0.0,0.0,0,0,
GROV,GROV-GROVE COLLABORATIVE HLDG INC-2024.pdf,11,0.0,0,0.0,0.0,0.0,0.0,0,0,
GROV,GROV-GROVE COLLABORATIVE HLDG INC-2024.pdf,13,0.0,0,0.0,0.0,0.0,0.0,0,0,
GROV,GROV-GROVE COLLABORATIVE HLDG INC-2024.pdf,16,0.0646130332925266,5,0.0646130332925266,0.0646130332925266,0.0646130332925266,0.0129969908312114,2,0,
GROV,GROV-GROVE COLLABORATIVE HLDG INC-2024.pdf,17,0.0,0,0.0,0.0,0.0,0.0,0,0,
GROV,GROV-GROVE COLLABORATIVE HLDG INC-2024.pdf,19,0.0,0,0.0,0.0,0.0,0.0,0,0,
GROV,GROV-GROVE COLLABORATIVE HLDG INC-2024.pdf,21,0.0,0,0.0,0.0,0.0,0.0,0,0,
GROV,GROV-GROVE COLLABORATIVE HLDG INC-2024.pdf,22,0.0,0,0.0,0.0,0.0,0.0,0,0,
GROV,GROV-GROVE COLLABORATIVE HLDG INC-2024.pdf,23,0.032109375,1,0.032109375,0.032109375,0.032109375,0.032109375,5,0,
GROV,GROV-GROVE COLLABORATIVE HLDG INC-2024.pdf,24,0.0,0,0.0,0.0,0.0,0.0,0,0,
GROV,GROV-GROVE COLLABORATIVE HLDG INC-2024.pdf,26,0.0,0,0.0,0.0,0.0,0.0,0,0,
GROV,GROV-GROVE COLLABORATIVE HLDG INC-2024.pdf,27,0.0,0,0.0,0.0,0.0,0.0,0,0,
GROV,GROV-GROVE COLLABORATIVE HLDG INC-2024.pdf,35,0.1847222222222222,1,0.1847222222222222,0.1847222222222222,0.1847222222222222,0.1847222222222222,39,0,
GROV,GROV-GROVE COLLABORATIVE HLDG INC-2024.pdf,37,0.0,0,0.0,0.0,0.0,0.0,0,0,
GROV,GROV-GROVE COLLABORATIVE HLDG INC-2024.pdf,38,0.0,0,0.0,0.0,0.0,0.0,0,0,
GROV,GROV-GROVE COLLABORATIVE HLDG INC-2024.pdf,40,0.0,0,0.0,0.0,0.0,0.0,0,0,
GROV,GROV-GROVE COLLABORATIVE HLDG INC-2024.pdf,41,0.0,0,0.0,0.0,0.0,0.0,0,0,
GROV,GROV-GROVE COLLABORATIVE HLDG INC-2024.pdf,42,0.0,0,0.0,0.0,0.0,0.0,0,0,
GROV,GROV-GROVE COLLABORATIVE HLDG INC-2024.pdf,47,0.0,0,0.0,0.0,0.0,0.0,0,0,
GROV,GROV-GROVE COLLABORATIVE HLDG INC-2024.pdf,48,0.0,0,0.0,0.0,0.0,0.0,0,0,
GROV,GROV-GROVE COLLABORATIVE HLDG INC-2024.pdf,51,0.0656876929012345,3,0.0656876929012345,0.0656876929012345,0.0656876929012345,0.0331766010802469,4,0,
GROV,GROV-GROVE COLLABORATIVE HLDG INC-2024.pdf,54,0.0540091503858346,1,0.0540091503858346,0.0540091503858346,0.0540091503858346,0.0540091503858346,2,0,
GROV,GROV-GROVE COLLABORATIVE HLDG INC-2024.pdf,57,0.0331886574074074,1,0.0331886574074074,0.0331886574074074,0.0331886574074074,0.0331886574074074,8,0,
GROV,GROV-GROVE COLLABORATIVE HLDG INC-2024.pdf,58,0.0331983024691358,1,0.0331983024691358,0.0331983024691358,0.0331983024691358,0.0331983024691358,8,0,
GROV,GROV-GROVE COLLABORATIVE HLDG INC-2024.pdf,62,0.0497120146604938,1,0.0497120146604938,0.0497120146604938,0.0497120146604938,0.0497120146604938,2,0,
GROV,GROV-GROVE COLLABORATIVE HLDG INC-2024.pdf,63,0.0497071769121013,1,0.0497071769121013,0.0497071769121013,0.0497071769121013,0.0497071769121013,2,0,
GROV,GROV-GROVE COLLABORATIVE HLDG INC-2024.pdf,64,0.0497120146604938,1,0.0497120146604938,0.0497120146604938,0.0497120146604938,0.0497120146604938,2,0,
GROV,GROV-GROVE COLLABORATIVE HLDG INC-2024.pdf,65,0.066358024691358,2,0.066358024691358,0.066358024691358,0.066358024691358,0.033179012345679,2,0,
GROV,GROV-GROVE COLLABORATIVE HLDG INC-2024.pdf,69,0.0331983024691358,1,0.0331983024691358,0.0331983024691358,0.0331983024691358,0.0331983024691358,2,0,
GROV,GROV-GROVE COLLABORATIVE HLDG INC-2024.pdf,71,0.0333333333333333,1,0.0333333333333333,0.0333333333333333,0.0333333333333333,0.0333333333333333,5,0,
GROV,GROV-GROVE COLLABORATIVE HLDG INC-2024.pdf,72,0.0333333333333333,1,0.0333333333333333,0.0333333333333333,0.0333333333333333,0.0333333333333333,5,0,
HD,HD-HOME DEPOT INC-2022.pdf,6,0.0139545454545454,1,0.0139545454545454,0.0139545454545454,0.0139545454545454,0.0139545454545454,2,0,
HD,HD-HOME DEPOT INC-2022.pdf,16,0.0139545454545454,1,0.0139545454545454,0.0139545454545454,0.0139545454545454,0.0139545454545454,2,0,
HD,HD-HOME DEPOT INC-2022.pdf,20,0.0,0,0.0,0.0,0.0,0.0,0,0,
HD,HD-HOME DEPOT INC-2022.pdf,21,0.0,0,0.0,0.0,0.0,0.0,0,0,
HD,HD-HOME DEPOT INC-2022.pdf,26,0.0,0,0.0,0.0,0.0,0.0,0,0,
HD,HD-HOME DEPOT INC-2022.pdf,29,0.0001752601794084,1,0.0001752601794084,0.0001752601794084,0.0001752601794084,0.0001752601794084,2,0,
HD,HD-HOME DEPOT INC-2022.pdf,30,0.0,0,0.0,0.0,0.0,0.0,0,0,
HD,HD-HOME DEPOT INC-2022.pdf,31,0.0,0,0.0,0.0,0.0,0.0,0,0,
HD,HD-HOME DEPOT INC-2022.pdf,33,0.0095997616483462,6,0.0095997616483462,0.0095997616483462,0.0095997616483462,0.0018058576522991,2,0,
HD,HD-HOME DEPOT INC-2022.pdf,34,1.090108121657754,1,0.0,0.0,0.0,1.090108121657754,3,1,
HD,HD-HOME DEPOT INC-2022.pdf,35,0.0605769970349601,1,0.0605769970349601,0.0605769970349601,0.0605769970349601,0.0605769970349601,2,0,
HD,HD-HOME DEPOT INC-2022.pdf,37,0.0579373888826995,2,0.0579373888826995,0.0579373888826995,0.0579373888826995,0.0577061738091701,2,0,
HD,HD-HOME DEPOT INC-2022.pdf,39,0.0,0,0.0,0.0,0.0,0.0,0,0,
HD,HD-HOME DEPOT INC-2022.pdf,40,0.0,0,0.0,0.0,0.0,0.0,0,0,
HD,HD-HOME DEPOT INC-2022.pdf,43,0.0,0,0.0,0.0,0.0,0.0,0,0,
HD,HD-HOME DEPOT INC-2022.pdf,48,0.0,0,0.0,0.0,0.0,0.0,0,0,
HD,HD-HOME DEPOT INC-2022.pdf,51,0.0711513841684822,1,0.0711513841684822,0.0711513841684822,0.0711513841684822,0.0711513841684822,2,0,
HD,HD-HOME DEPOT INC-2022.pdf,56,0.0,0,0.0,0.0,0.0,0.0,0,0,
HD,HD-HOME DEPOT INC-2022.pdf,59,0.0,0,0.0,0.0,0.0,0.0,0,0,
HD,HD-HOME DEPOT INC-2022.pdf,60,0.0760352287031535,1,0.0760352287031535,0.0760352287031535,0.0760352287031535,0.0760352287031535,2,0,
HD,HD-HOME DEPOT INC-2022.pdf,64,0.0,0,0.0,0.0,0.0,0.0,0,0,
HD,HD-HOME DEPOT INC-2022.pdf,65,0.0567719281461813,2,0.0567719281461813,0.0567719281461813,0.0567719281461813,0.0566136228846196,2,0,
HD,HD-HOME DEPOT INC-2022.pdf,66,0.0470770824668251,1,0.0470770824668251,0.0470770824668251,0.0470770824668251,0.0470770824668251,3,0,
HD,HD-HOME DEPOT INC-2022.pdf,71,0.0,0,0.0,0.0,0.0,0.0,0,0,
HD,HD-HOME DEPOT INC-2022.pdf,74,0.0,0,0.0,0.0,0.0,0.0,0,0,
HD,HD-HOME DEPOT INC-2022.pdf,76,0.0,0,0.0,0.0,0.0,0.0,0,0,
HD,HD-HOME DEPOT INC-2022.pdf,77,0.0,0,0.0,0.0,0.0,0.0,0,0,
HD,HD-HOME DEPOT INC-2022.pdf,80,0.0,0,0.0,0.0,0.0,0.0,0,0,
HD,HD-HOME DEPOT INC-2022.pdf,81,0.0,0,0.0,0.0,0.0,0.0,0,0,
HD,HD-HOME DEPOT INC-2022.pdf,82,0.0791051994481856,1,0.0791051994481856,0.0791051994481856,0.0791051994481856,0.0791051994481856,3,0,
HD,HD-HOME DEPOT INC-2022.pdf,84,0.5394089911961734,1,0.5394089911961734,0.5394089911961734,0.5394089911961734,0.5394089911961734,61,0,
HD,HD-HOME DEPOT INC-2022.pdf,85,0.659105325412117,1,0.659105325412117,0.659105325412117,0.659105325412117,0.659105325412117,56,0,
HD,HD-HOME DEPOT INC-2022.pdf,86,0.638417602318621,1,0.638417602318621,0.638417602318621,0.638417602318621,0.638417602318621,81,0,
HD,HD-HOME DEPOT INC-2022.pdf,87,0.6763276932063581,1,0.6763276932063581,0.6763276932063581,0.6763276932063581,0.6763276932063581,91,0,
HD,HD-HOME DEPOT INC-2022.pdf,88,0.6320772427768842,1,0.6320772427768842,0.6320772427768842,0.6320772427768842,0.6320772427768842,75,0,
HD,HD-HOME DEPOT INC-2022.pdf,89,0.6848524851375501,1,0.6848524851375501,0.6848524851375501,0.6848524851375501,0.6848524851375501,79,0,
HD,HD-HOME DEPOT INC-2022.pdf,90,0.6352992940109976,1,0.6352992940109976,0.6352992940109976,0.6352992940109976,0.6352992940109976,81,0,
HD,HD-HOME DEPOT INC-2023.pdf,3,0.0,0,0.0,0.0,0.0,0.0,0,0,
HD,HD-HOME DEPOT INC-2023.pdf,4,0.0,0,0.0,0.0,0.0,0.0,0,0,
HD,HD-HOME DEPOT INC-2023.pdf,5,0.0,0,0.0,0.0,0.0,0.0,0,0,
HD,HD-HOME DEPOT INC-2023.pdf,8,0.0,0,0.0,0.0,0.0,0.0,0,0,
HD,HD-HOME DEPOT INC-2023.pdf,13,0.0,0,0.0,0.0,0.0,0.0,0,0,
HD,HD-HOME DEPOT INC-2023.pdf,14,0.0,0,0.0,0.0,0.0,0.0,0,0,
HD,HD-HOME DEPOT INC-2023.pdf,20,0.4503324047973271,4,0.4503324047973271,0.4503324047973271,0.4503324047973271,0.2224907616213816,14,0,
HD,HD-HOME DEPOT INC-2023.pdf,22,0.6622914740427531,1,0.6622914740427531,0.6622914740427531,0.6622914740427531,0.6622914740427531,9,0,
HD,HD-HOME DEPOT INC-2023.pdf,27,0.0,0,0.0,0.0,0.0,0.0,0,0,
HD,HD-HOME DEPOT INC-2023.pdf,28,0.0,0,0.0,0.0,0.0,0.0,0,0,
HD,HD-HOME DEPOT INC-2023.pdf,29,0.0,0,0.0,0.0,0.0,0.0,0,0,
HD,HD-HOME DEPOT INC-2023.pdf,30,0.0032417191292772,1,0.0032417191292772,0.0032417191292772,0.0032417191292772,0.0032417191292772,2,0,
HD,HD-HOME DEPOT INC-2023.pdf,35,0.0,0,0.0,0.0,0.0,0.0,0,0,
HD,HD-HOME DEPOT INC-2023.pdf,36,0.0,0,0.0,0.0,0.0,0.0,0,0,
HD,HD-HOME DEPOT INC-2023.pdf,39,0.0,0,0.0,0.0,0.0,0.0,0,0,
HD,HD-HOME DEPOT INC-2023.pdf,40,0.0,0,0.0,0.0,0.0,0.0,0,0,
HD,HD-HOME DEPOT INC-2023.pdf,41,0.0,0,0.0,0.0,0.0,0.0,0,0,
HD,HD-HOME DEPOT INC-2023.pdf,42,0.0,0,0.0,0.0,0.0,0.0,0,0,
HD,HD-HOME DEPOT INC-2023.pdf,43,0.0,0,0.0,0.0,0.0,0.0,0,0,
HD,HD-HOME DEPOT INC-2023.pdf,44,0.0032401534727116,1,0.0032401534727116,0.0032401534727116,0.0032401534727116,0.0032401534727116,2,0,
HD,HD-HOME DEPOT INC-2023.pdf,45,0.0,0,0.0,0.0,0.0,0.0,0,0,
HD,HD-HOME DEPOT INC-2023.pdf,46,0.0,0,0.0,0.0,0.0,0.0,0,0,
HD,HD-HOME DEPOT INC-2023.pdf,49,0.0,0,0.0,0.0,0.0,0.0,0,0,
HD,HD-HOME DEPOT INC-2023.pdf,50,0.0,0,0.0,0.0,0.0,0.0,0,0,
HD,HD-HOME DEPOT INC-2023.pdf,51,0.0,0,0.0,0.0,0.0,0.0,0,0,
HD,HD-HOME DEPOT INC-2023.pdf,52,0.0,0,0.0,0.0,0.0,0.0,0,0,
HD,HD-HOME DEPOT INC-2023.pdf,53,0.0545858772197577,1,0.0545858772197577,0.0545858772197577,0.0545858772197577,0.0545858772197577,87,0,
HD,HD-HOME DEPOT INC-2023.pdf,57,0.0,0,0.0,0.0,0.0,0.0,0,0,
HD,HD-HOME DEPOT INC-2023.pdf,58,0.0,0,0.0,0.0,0.0,0.0,0,0,
HD,HD-HOME DEPOT INC-2023.pdf,61,0.0,0,0.0,0.0,0.0,0.0,0,0,
HD,HD-HOME DEPOT INC-2023.pdf,65,0.0,0,0.0,0.0,0.0,0.0,0,0,
HD,HD-HOME DEPOT INC-2023.pdf,66,0.0,0,0.0,0.0,0.0,0.0,0,0,
HD,HD-HOME DEPOT INC-2023.pdf,67,0.0440981040541069,1,0.0440981040541069,0.0440981040541069,0.0440981040541069,0.0440981040541069,7,0,
HD,HD-HOME DEPOT INC-2023.pdf,68,0.0,0,0.0,0.0,0.0,0.0,0,0,
HD,HD-HOME DEPOT INC-2023.pdf,69,0.0,0,0.0,0.0,0.0,0.0,0,0,
HD,HD-HOME DEPOT INC-2023.pdf,70,0.0,0,0.0,0.0,0.0,0.0,0,0,
HD,HD-HOME DEPOT INC-2023.pdf,71,0.0,0,0.0,0.0,0.0,0.0,0,0,
HD,HD-HOME DEPOT INC-2023.pdf,72,0.0,0,0.0,0.0,0.0,0.0,0,0,
HD,HD-HOME DEPOT INC-2023.pdf,75,0.0,0,0.0,0.0,0.0,0.0,0,0,
HD,HD-HOME DEPOT INC-2023.pdf,80,0.3477605512489233,1,0.3477605512489233,0.3477605512489233,0.3477605512489233,0.3477605512489233,2,0,
HD,HD-HOME DEPOT INC-2023.pdf,84,0.079189657916373,1,0.079189657916373,0.079189657916373,0.079189657916373,0.079189657916373,4,0,
HD,HD-HOME DEPOT INC-2023.pdf,85,0.0,0,0.0,0.0,0.0,0.0,0,0,
HD,HD-HOME DEPOT INC-2023.pdf,86,0.0,0,0.0,0.0,0.0,0.0,0,0,
HD,HD-HOME DEPOT INC-2023.pdf,88,0.0,0,0.0,0.0,0.0,0.0,0,0,
HD,HD-HOME DEPOT INC-2023.pdf,90,0.0,0,0.0,0.0,0.0,0.0,0,0,
HD,HD-HOME DEPOT INC-2023.pdf,91,0.0,0,0.0,0.0,0.0,0.0,0,0,
HD,HD-HOME DEPOT INC-2023.pdf,95,0.0,0,0.0,0.0,0.0,0.0,0,0,
HD,HD-HOME DEPOT INC-2023.pdf,97,0.0,0,0.0,0.0,0.0,0.0,0,0,
HD,HD-HOME DEPOT INC-2023.pdf,98,0.0,0,0.0,0.0,0.0,0.0,0,0,
HD,HD-HOME DEPOT INC-2023.pdf,99,0.0400810429880197,1,0.0400810429880197,0.0400810429880197,0.0400810429880197,0.0400810429880197,4,0,
HD,HD-HOME DEPOT INC-2023.pdf,100,0.0,0,0.0,0.0,0.0,0.0,0,0,
HD,HD-HOME DEPOT INC-2023.pdf,101,0.3610454091728821,1,0.3610454091728821,0.3610454091728821,0.3610454091728821,0.3610454091728821,14,0,
HD,HD-HOME DEPOT INC-2023.pdf,102,0.0,0,0.0,0.0,0.0,0.0,0,0,
HD,HD-HOME DEPOT INC-2023.pdf,103,0.0,0,0.0,0.0,0.0,0.0,0,0,
HD,HD-HOME DEPOT INC-2023.pdf,105,0.0,0,0.0,0.0,0.0,0.0,0,0,
HD,HD-HOME DEPOT INC-2023.pdf,107,0.0,0,0.0,0.0,0.0,0.0,0,0,
HD,HD-HOME DEPOT INC-2023.pdf,112,0.1786469344608879,2,0.1786469344608879,0.1786469344608879,0.1786469344608879,0.1168076109936575,5,0,
HD,HD-HOME DEPOT INC-2023.pdf,113,0.0235905567300916,1,0.0235905567300916,0.0235905567300916,0.0235905567300916,0.0235905567300916,2,0,
HD,HD-HOME DEPOT INC-2023.pdf,114,0.0235905567300916,1,0.0235905567300916,0.0235905567300916,0.0235905567300916,0.0235905567300916,2,0,
HD,HD-HOME DEPOT INC-2023.pdf,115,0.1534531360112755,2,0.1534531360112755,0.1534531360112755,0.1534531360112755,0.1053558844256518,4,0,
HD,HD-HOME DEPOT INC-2023.pdf,116,0.0480972515856236,1,0.0480972515856236,0.0480972515856236,0.0480972515856236,0.0480972515856236,3,0,
HD,HD-HOME DEPOT INC-2023.pdf,117,0.0235905567300916,1,0.0235905567300916,0.0235905567300916,0.0235905567300916,0.0235905567300916,2,0,
HD,HD-HOME DEPOT INC-2023.pdf,118,0.0480972515856236,1,0.0480972515856236,0.0480972515856236,0.0480972515856236,0.0480972515856236,3,0,
HD,HD-HOME DEPOT INC-2023.pdf,120,0.0572586328400281,1,0.0572586328400281,0.0572586328400281,0.0572586328400281,0.0572586328400281,2,0,
HD,HD-HOME DEPOT INC-2023.pdf,121,0.0572586328400281,1,0.0572586328400281,0.0572586328400281,0.0572586328400281,0.0572586328400281,2,0,
HD,HD-HOME DEPOT INC-2023.pdf,122,0.2903836836460782,3,0.2903836836460782,0.2903836836460782,0.2903836836460782,0.1313609851549715,14,0,
HD,HD-HOME DEPOT INC-2023.pdf,125,0.0,0,0.0,0.0,0.0,0.0,0,0,
KR,KR-KROGER CO-2021.pdf,2,0.0,0,0.0,0.0,0.0,0.0,0,0,
KR,KR-KROGER CO-2021.pdf,5,0.0,0,0.0,0.0,0.0,0.0,0,0,
KR,KR-KROGER CO-2021.pdf,6,0.0,0,0.0,0.0,0.0,0.0,0,0,
KR,KR-KROGER CO-2021.pdf,14,0.0,0,0.0,0.0,0.0,0.0,0,0,
KR,KR-KROGER CO-2021.pdf,16,0.0,0,0.0,0.0,0.0,0.0,0,0,
KR,KR-KROGER CO-2021.pdf,17,0.0,0,0.0,0.0,0.0,0.0,0,0,
KR,KR-KROGER CO-2021.pdf,19,0.0,0,0.0,0.0,0.0,0.0,0,0,
KR,KR-KROGER CO-2021.pdf,22,0.0,0,0.0,0.0,0.0,0.0,0,0,
KR,KR-KROGER CO-2021.pdf,23,0.0,0,0.0,0.0,0.0,0.0,0,0,
KR,KR-KROGER CO-2021.pdf,27,0.0683035365385826,4,0.0683035365385826,0.0683035365385826,0.0683035365385826,0.0276016153979365,6,0,
KR,KR-KROGER CO-2021.pdf,32,0.0,0,0.0,0.0,0.0,0.0,0,0,
KR,KR-KROGER CO-2021.pdf,33,0.0,0,0.0,0.0,0.0,0.0,0,0,
KR,KR-KROGER CO-2021.pdf,35,0.0,0,0.0,0.0,0.0,0.0,0,0,
KR,KR-KROGER CO-2021.pdf,37,0.0,0,0.0,0.0,0.0,0.0,0,0,
KR,KR-KROGER CO-2021.pdf,38,0.0110905747934134,4,0.0110905747934134,0.0110905747934134,0.0110905747934134,0.0027868084198466,2,0,
KR,KR-KROGER CO-2021.pdf,39,0.0,0,0.0,0.0,0.0,0.0,0,0,
KR,KR-KROGER CO-2021.pdf,40,0.0,0,0.0,0.0,0.0,0.0,0,0,
KR,KR-KROGER CO-2021.pdf,41,0.0,0,0.0,0.0,0.0,0.0,0,0,
KR,KR-KROGER CO-2021.pdf,43,0.0,0,0.0,0.0,0.0,0.0,0,0,
KR,KR-KROGER CO-2021.pdf,44,0.6151194340725887,1,0.6151194340725887,0.6151194340725887,0.6151194340725887,0.6151194340725887,22,0,
KR,KR-KROGER CO-2021.pdf,45,0.7541022583926684,1,0.7541022583926684,0.7541022583926684,0.7541022583926684,0.7541022583926684,22,0,
KR,KR-KROGER CO-2021.pdf,47,0.4643177332808372,5,0.4643177332808372,0.4643177332808372,0.4643177332808372,0.1776000882877531,40,0,
LAD,LAD-LITHIA MOTORS INC -CL A-2021.pdf,4,0.0,0,0.0,0.0,0.0,0.0,0,0,
LAD,LAD-LITHIA MOTORS INC -CL A-2021.pdf,13,0.0,0,0.0,0.0,0.0,0.0,0,0,
LAD,LAD-LITHIA MOTORS INC -CL A-2021.pdf,19,0.020683860137063,2,0.020683860137063,0.020683860137063,0.020683860137063,0.0104319404301388,4,0,
LAD,LAD-LITHIA MOTORS INC -CL A-2021.pdf,22,0.000301414044771,1,0.000301414044771,0.000301414044771,0.000301414044771,0.000301414044771,2,0,
LAD,LAD-LITHIA MOTORS INC -CL A-2021.pdf,34,0.0,0,0.0,0.0,0.0,0.0,0,0,
LAD,LAD-LITHIA MOTORS INC -CL A-2021.pdf,39,0.2787182525473619,16,0.2787182525473619,0.2787182525473619,0.2787182525473619,0.0480441119307792,11,0,
LOVE,LOVE-LOVESAC CO (THE)-2022.pdf,7,0.2395914209901553,1,0.2395914209901553,0.2395914209901553,0.2395914209901553,0.2395914209901553,3,0,
LOVE,LOVE-LOVESAC CO (THE)-2022.pdf,8,0.0,0,0.0,0.0,0.0,0.0,0,0,
LOVE,LOVE-LOVESAC CO (THE)-2022.pdf,12,0.545647158840388,1,0.545647158840388,0.545647158840388,0.545647158840388,0.545647158840388,10,0,
LOVE,LOVE-LOVESAC CO (THE)-2022.pdf,14,0.5158405178830792,1,0.5158405178830792,0.5158405178830792,0.5158405178830792,0.5158405178830792,15,0,
LOVE,LOVE-LOVESAC CO (THE)-2022.pdf,19,0.0369305462184873,1,0.0369305462184873,0.0369305462184873,0.0369305462184873,0.0369305462184873,2,0,
LOVE,LOVE-LOVESAC CO (THE)-2022.pdf,21,0.0,0,0.0,0.0,0.0,0.0,0,0,
LOVE,LOVE-LOVESAC CO (THE)-2022.pdf,22,0.3728392390970277,2,0.3728392390970277,0.3728392390970277,0.3728392390970277,0.303257775900638,2,0,
LOVE,LOVE-LOVESAC CO (THE)-2022.pdf,24,0.0,0,0.0,0.0,0.0,0.0,0,0,
LOVE,LOVE-LOVESAC CO (THE)-2022.pdf,25,0.0,0,0.0,0.0,0.0,0.0,0,0,
LOVE,LOVE-LOVESAC CO (THE)-2022.pdf,27,0.220897863316038,1,0.220897863316038,0.220897863316038,0.220897863316038,0.220897863316038,4,0,
LOVE,LOVE-LOVESAC CO (THE)-2022.pdf,28,0.0,0,0.0,0.0,0.0,0.0,0,0,
LOVE,LOVE-LOVESAC CO (THE)-2022.pdf,30,0.0,0,0.0,0.0,0.0,0.0,0,0,
LOVE,LOVE-LOVESAC CO (THE)-2022.pdf,31,0.0010902059202847,1,0.0010902059202847,0.0010902059202847,0.0010902059202847,0.0010902059202847,2,0,
LOVE,LOVE-LOVESAC CO (THE)-2022.pdf,34,0.2337422700098558,1,0.2337422700098558,0.2337422700098558,0.2337422700098558,0.2337422700098558,2,0,
LOVE,LOVE-LOVESAC CO (THE)-2022.pdf,36,0.0,0,0.0,0.0,0.0,0.0,0,0,
LOVE,LOVE-LOVESAC CO (THE)-2022.pdf,37,0.0,0,0.0,0.0,0.0,0.0,0,0,
LOVE,LOVE-LOVESAC CO (THE)-2022.pdf,39,0.0,0,0.0,0.0,0.0,0.0,0,0,
LOVE,LOVE-LOVESAC CO (THE)-2022.pdf,40,0.0,0,0.0,0.0,0.0,0.0,0,0,
LOVE,LOVE-LOVESAC CO (THE)-2022.pdf,44,0.5517271052525873,1,0.5517271052525873,0.5517271052525873,0.5517271052525873,0.5517271052525873,48,0,
LOVE,LOVE-LOVESAC CO (THE)-2022.pdf,45,0.2340502991540277,1,0.2340502991540277,0.2340502991540277,0.2340502991540277,0.2340502991540277,39,0,
LOVE,LOVE-LOVESAC CO (THE)-2022.pdf,46,0.0,0,0.0,0.0,0.0,0.0,0,0,
LOVE,LOVE-LOVESAC CO (THE)-2022.pdf,47,0.0,0,0.0,0.0,0.0,0.0,0,0,
LOVE,LOVE-LOVESAC CO (THE)-2022.pdf,48,0.0,0,0.0,0.0,0.0,0.0,0,0,
LZB,LZB-LA-Z-BOY INC-2022.pdf,13,0.0,0,0.0,0.0,0.0,0.0,0,0,
LZB,LZB-LA-Z-BOY INC-2022.pdf,14,0.0751254228287894,5,0.0751254228287894,0.0751254228287894,0.0751254228287894,0.0150250845657578,3,0,
LZB,LZB-LA-Z-BOY INC-2022.pdf,24,0.0042463899238459,1,0.0042463899238459,0.0042463899238459,0.0042463899238459,0.0042463899238459,3,0,
LZB,LZB-LA-Z-BOY INC-2022.pdf,26,0.0375301709587191,1,0.0375301709587191,0.0375301709587191,0.0375301709587191,0.0375301709587191,3,0,
LZB,LZB-LA-Z-BOY INC-2022.pdf,27,0.0,0,0.0,0.0,0.0,0.0,0,0,
LZB,LZB-LA-Z-BOY INC-2022.pdf,28,0.1364453340321313,6,0.1364453340321313,0.1364453340321313,0.1364453340321313,0.0473468885573398,4,0,
LZB,LZB-LA-Z-BOY INC-2022.pdf,29,0.0,0,0.0,0.0,0.0,0.0,0,0,
LZB,LZB-LA-Z-BOY INC-2024.pdf,5,0.0,0,0.0,0.0,0.0,0.0,0,0,
LZB,LZB-LA-Z-BOY INC-2024.pdf,7,0.0,0,0.0,0.0,0.0,0.0,0,0,
LZB,LZB-LA-Z-BOY INC-2024.pdf,8,0.0,0,0.0,0.0,0.0,0.0,0,0,
LZB,LZB-LA-Z-BOY INC-2024.pdf,10,0.0,0,0.0,0.0,0.0,0.0,0,0,
LZB,LZB-LA-Z-BOY INC-2024.pdf,14,0.0,0,0.0,0.0,0.0,0.0,0,0,
LZB,LZB-LA-Z-BOY INC-2024.pdf,15,1.0,1,0.0,0.0,0.0,1.0,2,1,
LZB,LZB-LA-Z-BOY INC-2024.pdf,16,0.0604198574759945,2,0.0604198574759945,0.0604198574759945,0.0604198574759945,0.0327614509830818,2,0,
LZB,LZB-LA-Z-BOY INC-2024.pdf,17,0.0,0,0.0,0.0,0.0,0.0,0,0,
LZB,LZB-LA-Z-BOY INC-2024.pdf,18,0.0,0,0.0,0.0,0.0,0.0,0,0,
LZB,LZB-LA-Z-BOY INC-2024.pdf,20,0.0,0,0.0,0.0,0.0,0.0,0,0,
LZB,LZB-LA-Z-BOY INC-2024.pdf,28,0.0,0,0.0,0.0,0.0,0.0,0,0,
LZB,LZB-LA-Z-BOY INC-2024.pdf,31,0.0,0,0.0,0.0,0.0,0.0,0,0,
LZB,LZB-LA-Z-BOY INC-2024.pdf,33,0.0,0,0.0,0.0,0.0,0.0,0,0,
LZB,LZB-LA-Z-BOY INC-2024.pdf,35,0.0,0,0.0,0.0,0.0,0.0,0,0,
LZB,LZB-LA-Z-BOY INC-2024.pdf,37,0.0,0,0.0,0.0,0.0,0.0,0,0,
LZB,LZB-LA-Z-BOY INC-2024.pdf,40,0.0,0,0.0,0.0,0.0,0.0,0,0,
LZB,LZB-LA-Z-BOY INC-2024.pdf,48,0.0,0,0.0,0.0,0.0,0.0,0,0,
LZB,LZB-LA-Z-BOY INC-2024.pdf,56,0.0,0,0.0,0.0,0.0,0.0,0,0,
LZB,LZB-LA-Z-BOY INC-2024.pdf,57,0.0,0,0.0,0.0,0.0,0.0,0,0,
LZB,LZB-LA-Z-BOY INC-2024.pdf,58,0.0,0,0.0,0.0,0.0,0.0,0,0,
M,M-MACY'S INC-2023.pdf,5,0.0,0,0.0,0.0,0.0,0.0,0,0,
M,M-MACY'S INC-2023.pdf,8,0.0,0,0.0,0.0,0.0,0.0,0,0,
M,M-MACY'S INC-2023.pdf,15,0.0,0,0.0,0.0,0.0,0.0,0,0,
M,M-MACY'S INC-2023.pdf,21,0.0,0,0.0,0.0,0.0,0.0,0,0,
M,M-MACY'S INC-2023.pdf,22,0.0,0,0.0,0.0,0.0,0.0,0,0,
M,M-MACY'S INC-2023.pdf,24,0.0,0,0.0,0.0,0.0,0.0,0,0,
M,M-MACY'S INC-2023.pdf,26,0.0,0,0.0,0.0,0.0,0.0,0,0,
M,M-MACY'S INC-2023.pdf,27,0.0,0,0.0,0.0,0.0,0.0,0,0,
M,M-MACY'S INC-2023.pdf,28,0.0,0,0.0,0.0,0.0,0.0,0,0,
M,M-MACY'S INC-2023.pdf,31,0.0213246728584392,4,0.0213246728584392,0.0213246728584392,0.0213246728584392,0.0107392704594017,2,0,
M,M-MACY'S INC-2023.pdf,34,0.0,0,0.0,0.0,0.0,0.0,0,0,
M,M-MACY'S INC-2023.pdf,36,0.0,0,0.0,0.0,0.0,0.0,0,0,
M,M-MACY'S INC-2023.pdf,38,0.0,0,0.0,0.0,0.0,0.0,0,0,
M,M-MACY'S INC-2023.pdf,39,0.0,0,0.0,0.0,0.0,0.0,0,0,
M,M-MACY'S INC-2023.pdf,43,0.0,0,0.0,0.0,0.0,0.0,0,0,
M,M-MACY'S INC-2023.pdf,44,0.0,0,0.0,0.0,0.0,0.0,0,0,
M,M-MACY'S INC-2023.pdf,51,0.0,0,0.0,0.0,0.0,0.0,0,0,
M,M-MACY'S INC-2023.pdf,55,0.0,0,0.0,0.0,0.0,0.0,0,0,
M,M-MACY'S INC-2023.pdf,57,0.0,0,0.0,0.0,0.0,0.0,0,0,
M,M-MACY'S INC-2023.pdf,58,0.0,0,0.0,0.0,0.0,0.0,0,0,
M,M-MACY'S INC-2023.pdf,60,0.0,0,0.0,0.0,0.0,0.0,0,0,
M,M-MACY'S INC-2023.pdf,63,0.0,0,0.0,0.0,0.0,0.0,0,0,
M,M-MACY'S INC-2023.pdf,66,0.0151515151515151,1,0.0151515151515151,0.0151515151515151,0.0151515151515151,0.0151515151515151,4,0,
M,M-MACY'S INC-2023.pdf,72,0.0,0,0.0,0.0,0.0,0.0,0,0,
M,M-MACY'S INC-2023.pdf,75,0.0,0,0.0,0.0,0.0,0.0,0,0,
M,M-MACY'S INC-2023.pdf,76,0.0675597993473955,1,0.0675597993473955,0.0675597993473955,0.0675597993473955,0.0675597993473955,16,0,
M,M-MACY'S INC-2023.pdf,77,0.2104692411296869,3,0.2104692411296869,0.2104692411296869,0.2104692411296869,0.1392492613340376,84,0,
M,M-MACY'S INC-2023.pdf,79,0.0,0,0.0,0.0,0.0,0.0,0,0,
M,M-MACY'S INC-2023.pdf,80,0.0,0,0.0,0.0,0.0,0.0,0,0,
M,M-MACY'S INC-2023.pdf,81,0.0,0,0.0,0.0,0.0,0.0,0,0,
M,M-MACY'S INC-2023.pdf,87,0.0,0,0.0,0.0,0.0,0.0,0,0,
M,M-MACY'S INC-2023.pdf,91,0.0,0,0.0,0.0,0.0,0.0,0,0,
M,M-MACY'S INC-2023.pdf,92,0.0,0,0.0,0.0,0.0,0.0,0,0,
M,M-MACY'S INC-2023.pdf,93,0.0,0,0.0,0.0,0.0,0.0,0,0,
M,M-MACY'S INC-2023.pdf,94,0.0,0,0.0,0.0,0.0,0.0,0,0,
M,M-MACY'S INC-2023.pdf,96,0.0,0,0.0,0.0,0.0,0.0,0,0,
M,M-MACY'S INC-2023.pdf,97,0.0,0,0.0,0.0,0.0,0.0,0,0,
M,M-MACY'S INC-2023.pdf,98,0.0,0,0.0,0.0,0.0,0.0,0,0,
MHK,MHK-MOHAWK INDUSTRIES INC-2022.pdf,5,0.3630252100840336,2,0.3630252100840336,0.3630252100840336,0.3630252100840336,0.203921568627451,3,0,
MHK,MHK-MOHAWK INDUSTRIES INC-2022.pdf,6,0.0042016806722689,1,0.0042016806722689,0.0042016806722689,0.0042016806722689,0.0042016806722689,2,0,
MHK,MHK-MOHAWK INDUSTRIES INC-2022.pdf,10,0.744735783477574,3,0.744735783477574,0.744735783477574,0.744735783477574,0.2704071326709549,16,0,
MHK,MHK-MOHAWK INDUSTRIES INC-2022.pdf,12,0.127906162464986,1,0.127906162464986,0.127906162464986,0.127906162464986,0.127906162464986,3,0,
MHK,MHK-MOHAWK INDUSTRIES INC-2022.pdf,13,0.0043108968124286,1,0.0043108968124286,0.0043108968124286,0.0043108968124286,0.0043108968124286,2,0,
MHK,MHK-MOHAWK INDUSTRIES INC-2022.pdf,14,0.0679738562091503,1,0.0679738562091503,0.0679738562091503,0.0679738562091503,0.0679738562091503,3,0,
MHK,MHK-MOHAWK INDUSTRIES INC-2022.pdf,21,0.1823529411764706,1,0.1823529411764706,0.1823529411764706,0.1823529411764706,0.1823529411764706,3,0,
MHK,MHK-MOHAWK INDUSTRIES INC-2022.pdf,24,0.402328431372549,1,0.402328431372549,0.402328431372549,0.402328431372549,0.402328431372549,9,0,
MHK,MHK-MOHAWK INDUSTRIES INC-2022.pdf,25,0.3535893974024795,2,0.3535893974024795,0.3535893974024795,0.3535893974024795,0.237760417477176,4,0,
MHK,MHK-MOHAWK INDUSTRIES INC-2022.pdf,28,0.0042133811858076,1,0.0042133811858076,0.0042133811858076,0.0042133811858076,0.0042133811858076,2,0,
MHK,MHK-MOHAWK INDUSTRIES INC-2022.pdf,29,1.0,1,1.0,1.0,1.0,1.0,9,0,
MHK,MHK-MOHAWK INDUSTRIES INC-2022.pdf,40,0.0042016806722689,1,0.0042016806722689,0.0042016806722689,0.0042016806722689,0.0042016806722689,2,0,
MHK,MHK-MOHAWK INDUSTRIES INC-2022.pdf,41,1.0,1,1.0,1.0,1.0,1.0,9,0,
MHK,MHK-MOHAWK INDUSTRIES INC-2022.pdf,42,1.0098506069094304,2,0.0531045751633986,0.0531045751633986,0.0531045751633986,0.9567460317460316,4,1,
MHK,MHK-MOHAWK INDUSTRIES INC-2022.pdf,43,0.0042439892623716,1,0.0042439892623716,0.0042439892623716,0.0042439892623716,0.0042439892623716,2,0,
MHK,MHK-MOHAWK INDUSTRIES INC-2022.pdf,44,0.466118313451538,3,0.466118313451538,0.466118313451538,0.466118313451538,0.2084632452633831,3,0,
MHK,MHK-MOHAWK INDUSTRIES INC-2022.pdf,46,0.2152883986928104,2,0.2152883986928104,0.2152883986928104,0.2152883986928104,0.1953741830065359,5,0,
MHK,MHK-MOHAWK INDUSTRIES INC-2022.pdf,48,0.2530667641518057,2,0.2530667641518057,0.2530667641518057,0.2530667641518057,0.1953741830065359,3,0,
MHK,MHK-MOHAWK INDUSTRIES INC-2022.pdf,49,0.2451871630485527,2,0.2451871630485527,0.2451871630485527,0.2451871630485527,0.2336041083099906,3,0,
MHK,MHK-MOHAWK INDUSTRIES INC-2022.pdf,50,0.1953741830065359,1,0.1953741830065359,0.1953741830065359,0.1953741830065359,0.1953741830065359,3,0,
MHK,MHK-MOHAWK INDUSTRIES INC-2022.pdf,51,0.6111626595082477,2,0.6111626595082477,0.6111626595082477,0.6111626595082477,0.5815126050420167,2,0,
MHK,MHK-MOHAWK INDUSTRIES INC-2022.pdf,52,0.8573342670401494,1,0.8573342670401494,0.8573342670401494,0.8573342670401494,0.8573342670401494,9,0,
MHK,MHK-MOHAWK INDUSTRIES INC-2022.pdf,53,0.0042016806722689,1,0.0042016806722689,0.0042016806722689,0.0042016806722689,0.0042016806722689,2,0,
MHK,MHK-MOHAWK INDUSTRIES INC-2022.pdf,54,0.0042016806722689,1,0.0042016806722689,0.0042016806722689,0.0042016806722689,0.0042016806722689,2,0,
MHK,MHK-MOHAWK INDUSTRIES INC-2022.pdf,56,0.2022408963585434,2,0.2022408963585434,0.2022408963585434,0.2022408963585434,0.1980392156862745,6,0,
MHK,MHK-MOHAWK INDUSTRIES INC-2022.pdf,57,0.1529522058823529,1,0.1529522058823529,0.1529522058823529,0.1529522058823529,0.1529522058823529,3,0,
MHK,MHK-MOHAWK INDUSTRIES INC-2022.pdf,58,0.2180339246809834,6,0.2180339246809834,0.2180339246809834,0.2180339246809834,0.0577164799253034,3,0,
MHK,MHK-MOHAWK INDUSTRIES INC-2022.pdf,59,0.0042016806722689,1,0.0042016806722689,0.0042016806722689,0.0042016806722689,0.0042016806722689,2,0,
MHK,MHK-MOHAWK INDUSTRIES INC-2022.pdf,61,0.0042911609088079,1,0.0042911609088079,0.0042911609088079,0.0042911609088079,0.0042911609088079,2,0,
MHK,MHK-MOHAWK INDUSTRIES INC-2022.pdf,63,0.2039362745098039,1,0.2039362745098039,0.2039362745098039,0.2039362745098039,0.2039362745098039,3,0,
MHK,MHK-MOHAWK INDUSTRIES INC-2022.pdf,78,0.4152657398070339,5,0.4152657398070339,0.4152657398070339,0.4152657398070339,0.2731424243308434,9,0,
MHK,MHK-MOHAWK INDUSTRIES INC-2022.pdf,80,0.7637691588647344,3,0.7637691588647344,0.7637691588647344,0.7637691588647344,0.4126023763014598,33,0,
MHK,MHK-MOHAWK INDUSTRIES INC-2022.pdf,81,0.8042548990419373,2,0.8042548990419373,0.8042548990419373,0.8042548990419373,0.6170471501399073,23,0,
MHK,MHK-MOHAWK INDUSTRIES INC-2022.pdf,82,0.5764257329284433,2,0.5764257329284433,0.5764257329284433,0.5764257329284433,0.5722240522561745,26,0,
MOV,MOV-MOVADO GROUP INC-2023.pdf,4,0.999577986071489,2,0.0009114544051627,0.0009114544051627,0.0009114544051627,0.9986665316663262,2,1,
MOV,MOV-MOVADO GROUP INC-2023.pdf,13,1.0405885758707063,3,0.0419220442043803,0.0419220442043803,0.0419220442043803,0.9986665316663262,2,1,
MOV,MOV-MOVADO GROUP INC-2023.pdf,18,0.9995667040333792,2,0.0009001723670528,0.0009001723670528,0.0009001723670528,0.9986665316663262,2,1,
MOV,MOV-MOVADO GROUP INC-2023.pdf,23,0.9995667040333792,2,0.0009001723670528,0.0009001723670528,0.0009001723670528,0.9986665316663262,2,1,
MOV,MOV-MOVADO GROUP INC-2023.pdf,35,0.9995779903751464,2,0.0009114587088202,0.0009114587088202,0.0009114587088202,0.9986665316663262,2,1,
MOV,MOV-MOVADO GROUP INC-2023.pdf,41,0.9995779903751464,2,0.0009114587088202,0.0009114587088202,0.0009114587088202,0.9986665316663262,2,1,
MUSA,MUSA-MURPHY USA INC-2024.pdf,4,0.1770761959876543,7,0.1770761959876543,0.1770761959876543,0.1770761959876543,0.1364322916666667,5,0,
MUSA,MUSA-MURPHY USA INC-2024.pdf,5,0.1774767814246111,8,0.1774767814246111,0.1774767814246111,0.1774767814246111,0.1364322916666667,5,0,
MUSA,MUSA-MURPHY USA INC-2024.pdf,11,0.3544115735465242,8,0.3544115735465242,0.3544115735465242,0.3544115735465242,0.1371842859187271,2,0,
MUSA,MUSA-MURPHY USA INC-2024.pdf,15,0.4862960841049383,6,0.4862960841049383,0.4862960841049383,0.4862960841049383,0.3227546874999999,5,0,
MUSA,MUSA-MURPHY USA INC-2024.pdf,18,0.1893750745582562,7,0.1893750745582562,0.1893750745582562,0.1893750745582562,0.1364322916666667,11,0,
MUSA,MUSA-MURPHY USA INC-2024.pdf,19,0.3523468186593365,8,0.3523468186593365,0.3523468186593365,0.3523468186593365,0.166992635298997,10,0,
MUSA,MUSA-MURPHY USA INC-2024.pdf,20,0.1703186728395062,6,0.1703186728395062,0.1703186728395062,0.1703186728395062,0.1364322916666667,11,0,
MUSA,MUSA-MURPHY USA INC-2024.pdf,25,0.1702849151234568,6,0.1702849151234568,0.1702849151234568,0.1702849151234568,0.1364322916666667,11,0,
MUSA,MUSA-MURPHY USA INC-2024.pdf,26,0.4862960841049383,6,0.4862960841049383,0.4862960841049383,0.4862960841049383,0.3227546874999999,5,0,
MUSA,MUSA-MURPHY USA INC-2024.pdf,27,0.1703186728395062,6,0.1703186728395062,0.1703186728395062,0.1703186728395062,0.1364322916666667,11,0,
MUSA,MUSA-MURPHY USA INC-2024.pdf,28,0.1703184587191358,6,0.1703184587191358,0.1703184587191358,0.1703184587191358,0.1364322916666667,11,0,
MUSA,MUSA-MURPHY USA INC-2024.pdf,31,1.0974579475308643,7,0.1703186728395062,0.1703186728395062,1.0974579475308643,0.927139274691358,3,1,
NGVC,NGVC-NATURAL GROCERS VITAMIN CTGE-2023.pdf,10,0.0,0,0.0,0.0,0.0,0.0,0,0,
NGVC,NGVC-NATURAL GROCERS VITAMIN CTGE-2023.pdf,14,0.151260561754184,1,0.151260561754184,0.151260561754184,0.151260561754184,0.151260561754184,7,0,
NGVC,NGVC-NATURAL GROCERS VITAMIN CTGE-2023.pdf,15,0.0,0,0.0,0.0,0.0,0.0,0,0,
NGVC,NGVC-NATURAL GROCERS VITAMIN CTGE-2023.pdf,16,0.0,0,0.0,0.0,0.0,0.0,0,0,
NGVC,NGVC-NATURAL GROCERS VITAMIN CTGE-2023.pdf,19,0.0563182888978634,1,0.0563182888978634,0.0563182888978634,0.0563182888978634,0.0563182888978634,2,0,
NGVC,NGVC-NATURAL GROCERS VITAMIN CTGE-2023.pdf,27,0.0,0,0.0,0.0,0.0,0.0,0,0,
NWL,NWL-NEWELL BRANDS INC-2024.pdf,4,0.0,0,0.0,0.0,0.0,0.0,0,0,
NWL,NWL-NEWELL BRANDS INC-2024.pdf,5,0.0,0,0.0,0.0,0.0,0.0,0,0,
NWL,NWL-NEWELL BRANDS INC-2024.pdf,7,0.0,0,0.0,0.0,0.0,0.0,0,0,
NWL,NWL-NEWELL BRANDS INC-2024.pdf,9,0.0,0,0.0,0.0,0.0,0.0,0,0,
NWL,NWL-NEWELL BRANDS INC-2024.pdf,10,0.0,0,0.0,0.0,0.0,0.0,0,0,
NWL,NWL-NEWELL BRANDS INC-2024.pdf,12,0.0,0,0.0,0.0,0.0,0.0,0,0,
NWL,NWL-NEWELL BRANDS INC-2024.pdf,15,0.0,0,0.0,0.0,0.0,0.0,0,0,
NWL,NWL-NEWELL BRANDS INC-2024.pdf,19,0.0,0,0.0,0.0,0.0,0.0,0,0,
NWL,NWL-NEWELL BRANDS INC-2024.pdf,22,0.0,0,0.0,0.0,0.0,0.0,0,0,
NWL,NWL-NEWELL BRANDS INC-2024.pdf,26,0.0,0,0.0,0.0,0.0,0.0,0,0,
NWL,NWL-NEWELL BRANDS INC-2024.pdf,30,0.0,0,0.0,0.0,0.0,0.0,0,0,
NWL,NWL-NEWELL BRANDS INC-2024.pdf,32,0.0,0,0.0,0.0,0.0,0.0,0,0,
ORLY,ORLY-O'REILLY AUTOMOTIVE INC-2024.pdf,5,0.0,0,0.0,0.0,0.0,0.0,0,0,
ORLY,ORLY-O'REILLY AUTOMOTIVE INC-2024.pdf,6,0.4729038837448559,1,0.4729038837448559,0.4729038837448559,0.4729038837448559,0.4729038837448559,2,0,
ORLY,ORLY-O'REILLY AUTOMOTIVE INC-2024.pdf,11,0.0053276633016117,1,0.0053276633016117,0.0053276633016117,0.0053276633016117,0.0053276633016117,2,0,
ORLY,ORLY-O'REILLY AUTOMOTIVE INC-2024.pdf,12,0.0,0,0.0,0.0,0.0,0.0,0,0,
ORLY,ORLY-O'REILLY AUTOMOTIVE INC-2024.pdf,17,0.0,0,0.0,0.0,0.0,0.0,0,0,
ORLY,ORLY-O'REILLY AUTOMOTIVE INC-2024.pdf,28,0.0,0,0.0,0.0,0.0,0.0,0,0,
ORLY,ORLY-O'REILLY AUTOMOTIVE INC-2024.pdf,31,0.0017050430523148,1,0.0017050430523148,0.0017050430523148,0.0017050430523148,0.0017050430523148,2,0,
ORLY,ORLY-O'REILLY AUTOMOTIVE INC-2024.pdf,40,0.0070619319011488,1,0.0070619319011488,0.0070619319011488,0.0070619319011488,0.0070619319011488,2,0,
ORLY,ORLY-O'REILLY AUTOMOTIVE INC-2024.pdf,46,0.5386714498671125,1,0.5386714498671125,0.5386714498671125,0.5386714498671125,0.5386714498671125,34,0,
ORLY,ORLY-O'REILLY AUTOMOTIVE INC-2024.pdf,49,0.5014480265687135,1,0.5014480265687135,0.5014480265687135,0.5014480265687135,0.5014480265687135,188,0,
ORLY,ORLY-O'REILLY AUTOMOTIVE INC-2024.pdf,50,0.0,0,0.0,0.0,0.0,0.0,0,0,
PTRN,PTRN-Pattern Group-2024(Italian).pdf,5,0.0,0,0.0,0.0,0.0,0.0,0,0,
PTRN,PTRN-Pattern Group-2024(Italian).pdf,9,0.0,0,0.0,0.0,0.0,0.0,0,0,
PTRN,PTRN-Pattern Group-2024(Italian).pdf,19,0.0,0,0.0,0.0,0.0,0.0,0,0,
PTRN,PTRN-Pattern Group-2024(Italian).pdf,22,0.0,0,0.0,0.0,0.0,0.0,0,0,
PTRN,PTRN-Pattern Group-2024(Italian).pdf,28,0.0,0,0.0,0.0,0.0,0.0,0,0,
PTRN,PTRN-Pattern Group-2024(Italian).pdf,31,0.0,0,0.0,0.0,0.0,0.0,0,0,
PTRN,PTRN-Pattern Group-2024(Italian).pdf,34,0.0,0,0.0,0.0,0.0,0.0,0,0,
PTRN,PTRN-Pattern Group-2024(Italian).pdf,39,0.0,0,0.0,0.0,0.0,0.0,0,0,
PTRN,PTRN-Pattern Group-2024(Italian).pdf,43,0.0,0,0.0,0.0,0.0,0.0,0,0,
PTRN,PTRN-Pattern Group-2024(Italian).pdf,45,0.0,0,0.0,0.0,0.0,0.0,0,0,
PTRN,PTRN-Pattern Group-2024(Italian).pdf,54,0.0,0,0.0,0.0,0.0,0.0,0,0,
PTRN,PTRN-Pattern Group-2024(Italian).pdf,55,0.108655271462539,2,0.108655271462539,0.108655271462539,0.108655271462539,0.0579494781133541,32,0,
PTRN,PTRN-Pattern Group-2024(Italian).pdf,57,0.1042064668882283,2,0.1042064668882283,0.1042064668882283,0.1042064668882283,0.0668562173229804,15,0,
PTRN,PTRN-Pattern Group-2024(Italian).pdf,58,0.0,0,0.0,0.0,0.0,0.0,0,0,
PTRN,PTRN-Pattern Group-2024(Italian).pdf,59,0.0684442694491086,1,0.0684442694491086,0.0684442694491086,0.0684442694491086,0.0684442694491086,32,0,
PTRN,PTRN-Pattern Group-2024(Italian).pdf,60,0.0425566479894945,1,0.0425566479894945,0.0425566479894945,0.0425566479894945,0.0425566479894945,28,0,
PTRN,PTRN-Pattern Group-2024(Italian).pdf,63,0.0556108746085887,1,0.0556108746085887,0.0556108746085887,0.0556108746085887,0.0556108746085887,30,0,
PTRN,PTRN-Pattern Group-2024(Italian).pdf,64,0.0723654168613794,1,0.0723654168613794,0.0723654168613794,0.0723654168613794,0.0723654168613794,40,0,
PTRN,PTRN-Pattern Group-2024(Italian).pdf,69,0.0,0,0.0,0.0,0.0,0.0,0,0,
PTRN,PTRN-Pattern Group-2024(Italian).pdf,72,0.0,0,0.0,0.0,0.0,0.0,0,0,
PTRN,PTRN-Pattern Group-2024(Italian).pdf,73,0.0,0,0.0,0.0,0.0,0.0,0,0,
PTRN,PTRN-Pattern Group-2024(Italian).pdf,76,0.5858472971519102,1,0.5858472971519102,0.5858472971519102,0.5858472971519102,0.5858472971519102,234,0,
PTRN,PTRN-Pattern Group-2024(Italian).pdf,77,0.5267154173119033,1,0.5267154173119033,0.5267154173119033,0.5267154173119033,0.5267154173119033,189,0,
PTRN,PTRN-Pattern Group-2024(Italian).pdf,78,0.5127211796205787,1,0.5127211796205787,0.5127211796205787,0.5127211796205787,0.5127211796205787,188,0,
PTRN,PTRN-Pattern Group-2024(Italian).pdf,79,0.4287560166597426,1,0.4287560166597426,0.4287560166597426,0.4287560166597426,0.4287560166597426,148,0,
PVH,PVH-PVH CORP-2021.pdf,3,0.0,0,0.0,0.0,0.0,0.0,0,0,
PVH,PVH-PVH CORP-2021.pdf,5,0.0,0,0.0,0.0,0.0,0.0,0,0,
PVH,PVH-PVH CORP-2021.pdf,7,0.0,0,0.0,0.0,0.0,0.0,0,0,
PVH,PVH-PVH CORP-2021.pdf,8,0.0,0,0.0,0.0,0.0,0.0,0,0,
PVH,PVH-PVH CORP-2021.pdf,9,0.0,0,0.0,0.0,0.0,0.0,0,0,
PVH,PVH-PVH CORP-2021.pdf,11,0.0,0,0.0,0.0,0.0,0.0,0,0,
PVH,PVH-PVH CORP-2021.pdf,12,0.0,0,0.0,0.0,0.0,0.0,0,0,
PVH,PVH-PVH CORP-2021.pdf,15,0.0,0,0.0,0.0,0.0,0.0,0,0,
PVH,PVH-PVH CORP-2021.pdf,17,0.0,0,0.0,0.0,0.0,0.0,0,0,
PVH,PVH-PVH CORP-2021.pdf,20,0.0,0,0.0,0.0,0.0,0.0,0,0,
PVH,PVH-PVH CORP-2021.pdf,24,0.0,0,0.0,0.0,0.0,0.0,0,0,
PVH,PVH-PVH CORP-2021.pdf,32,0.0,0,0.0,0.0,0.0,0.0,0,0,
PVH,PVH-PVH CORP-2021.pdf,35,0.0,0,0.0,0.0,0.0,0.0,0,0,
PVH,PVH-PVH CORP-2021.pdf,38,0.0,0,0.0,0.0,0.0,0.0,0,0,
PVH,PVH-PVH CORP-2021.pdf,39,0.0,0,0.0,0.0,0.0,0.0,0,0,
PVH,PVH-PVH CORP-2021.pdf,40,0.0,0,0.0,0.0,0.0,0.0,0,0,
PVH,PVH-PVH CORP-2021.pdf,42,0.0,0,0.0,0.0,0.0,0.0,0,0,
PVH,PVH-PVH CORP-2021.pdf,46,0.0,0,0.0,0.0,0.0,0.0,0,0,
PVH,PVH-PVH CORP-2021.pdf,53,0.0,0,0.0,0.0,0.0,0.0,0,0,
PVH,PVH-PVH CORP-2021.pdf,55,0.0,0,0.0,0.0,0.0,0.0,0,0,
PVH,PVH-PVH CORP-2021.pdf,56,0.0,0,0.0,0.0,0.0,0.0,0,0,
PVH,PVH-PVH CORP-2021.pdf,62,0.0,0,0.0,0.0,0.0,0.0,0,0,
PVH,PVH-PVH CORP-2021.pdf,65,0.0,0,0.0,0.0,0.0,0.0,0,0,
PVH,PVH-PVH CORP-2021.pdf,73,0.3094403437224293,6,0.3094403437224293,0.3094403437224293,0.3094403437224293,0.1143257080610021,28,0,
PVH,PVH-PVH CORP-2021.pdf,80,0.2657979797979798,2,0.2657979797979798,0.2657979797979798,0.2657979797979798,0.1964957664884135,12,0,
PVH,PVH-PVH CORP-2021.pdf,82,0.055034239453357,1,0.055034239453357,0.055034239453357,0.055034239453357,0.055034239453357,3,0,
PVH,PVH-PVH CORP-2021.pdf,83,0.0536681335412953,1,0.0536681335412953,0.0536681335412953,0.0536681335412953,0.0536681335412953,3,0,
PVH,PVH-PVH CORP-2021.pdf,86,0.0518791592394533,1,0.0518791592394533,0.0518791592394533,0.0518791592394533,0.0518791592394533,3,0,
PVH,PVH-PVH CORP-2021.pdf,87,0.0302405674390968,1,0.0302405674390968,0.0302405674390968,0.0302405674390968,0.0302405674390968,2,0,
PVH,PVH-PVH CORP-2021.pdf,88,0.0750251782531194,2,0.0750251782531194,0.0750251782531194,0.0750251782531194,0.0548896316102199,3,0,
PVH,PVH-PVH CORP-2021.pdf,89,0.0503761140819964,1,0.0503761140819964,0.0503761140819964,0.0503761140819964,0.0503761140819964,3,0,
PVH,PVH-PVH CORP-2021.pdf,92,0.0503761140819964,1,0.0503761140819964,0.0503761140819964,0.0503761140819964,0.0503761140819964,3,0,
PVH,PVH-PVH CORP-2021.pdf,94,0.2470547958135274,3,0.2470547958135274,0.2470547958135274,0.2470547958135274,0.0954659864577143,2,0,
PVH,PVH-PVH CORP-2021.pdf,95,0.0589403259721397,1,0.0589403259721397,0.0589403259721397,0.0589403259721397,0.0589403259721397,3,0,
PVH,PVH-PVH CORP-2021.pdf,96,0.0317232871195616,1,0.0317232871195616,0.0317232871195616,0.0317232871195616,0.0317232871195616,2,0,
RL,RL-RALPH LAUREN CORP-2024.pdf,5,0.0,0,0.0,0.0,0.0,0.0,0,0,
RL,RL-RALPH LAUREN CORP-2024.pdf,8,0.5709203137755208,1,0.5709203137755208,0.5709203137755208,0.5709203137755208,0.5709203137755208,12,0,
RL,RL-RALPH LAUREN CORP-2024.pdf,9,0.5022015668261913,1,0.5022015668261913,0.5022015668261913,0.5022015668261913,0.5022015668261913,11,0,
RL,RL-RALPH LAUREN CORP-2024.pdf,11,0.0,0,0.0,0.0,0.0,0.0,0,0,
RL,RL-RALPH LAUREN CORP-2024.pdf,15,0.0693680406487258,1,0.0693680406487258,0.0693680406487258,0.0693680406487258,0.0693680406487258,2,0,
RL,RL-RALPH LAUREN CORP-2024.pdf,23,0.0,0,0.0,0.0,0.0,0.0,0,0,
RL,RL-RALPH LAUREN CORP-2024.pdf,25,0.9991821895424836,1,0.0,0.0,0.0,0.9991821895424836,2,1,
RL,RL-RALPH LAUREN CORP-2024.pdf,26,0.0573157433265456,1,0.0573157433265456,0.0573157433265456,0.0573157433265456,0.0573157433265456,2,0,
RL,RL-RALPH LAUREN CORP-2024.pdf,27,0.1147758716169337,1,0.1147758716169337,0.1147758716169337,0.1147758716169337,0.1147758716169337,4,0,
RL,RL-RALPH LAUREN CORP-2024.pdf,28,0.0,0,0.0,0.0,0.0,0.0,0,0,
RL,RL-RALPH LAUREN CORP-2024.pdf,29,0.0,0,0.0,0.0,0.0,0.0,0,0,
RL,RL-RALPH LAUREN CORP-2024.pdf,34,0.184567622790404,1,0.184567622790404,0.184567622790404,0.184567622790404,0.184567622790404,2,0,
RL,RL-RALPH LAUREN CORP-2024.pdf,38,0.0,0,0.0,0.0,0.0,0.0,0,0,
RL,RL-RALPH LAUREN CORP-2024.pdf,39,0.0469851341003994,1,0.0469851341003994,0.0469851341003994,0.0469851341003994,0.0469851341003994,2,0,
RL,RL-RALPH LAUREN CORP-2024.pdf,41,0.0540168825506907,1,0.0540168825506907,0.0540168825506907,0.0540168825506907,0.0540168825506907,2,0,
RL,RL-RALPH LAUREN CORP-2024.pdf,42,0.0,0,0.0,0.0,0.0,0.0,0,0,
RL,RL-RALPH LAUREN CORP-2024.pdf,44,0.0,0,0.0,0.0,0.0,0.0,0,0,
RL,RL-RALPH LAUREN CORP-2024.pdf,47,0.0,0,0.0,0.0,0.0,0.0,0,0,
RL,RL-RALPH LAUREN CORP-2024.pdf,49,0.1794661785502079,1,0.1794661785502079,0.1794661785502079,0.1794661785502079,0.1794661785502079,2,0,
RL,RL-RALPH LAUREN CORP-2024.pdf,51,0.0,0,0.0,0.0,0.0,0.0,0,0,
RL,RL-RALPH LAUREN CORP-2024.pdf,54,0.0,0,0.0,0.0,0.0,0.0,0,0,
RL,RL-RALPH LAUREN CORP-2024.pdf,56,0.0481705770766281,1,0.0481705770766281,0.0481705770766281,0.0481705770766281,0.0481705770766281,2,0,
RL,RL-RALPH LAUREN CORP-2024.pdf,57,0.0,0,0.0,0.0,0.0,0.0,0,0,
RL,RL-RALPH LAUREN CORP-2024.pdf,58,0.0,0,0.0,0.0,0.0,0.0,0,0,
RL,RL-RALPH LAUREN CORP-2024.pdf,68,0.0,0,0.0,0.0,0.0,0.0,0,0,
RL,RL-RALPH LAUREN CORP-2024.pdf,70,0.1456030199874562,1,0.1456030199874562,0.1456030199874562,0.1456030199874562,0.1456030199874562,6,0,
RL,RL-RALPH LAUREN CORP-2024.pdf,71,0.0,0,0.0,0.0,0.0,0.0,0,0,
RL,RL-RALPH LAUREN CORP-2024.pdf,83,0.0,0,0.0,0.0,0.0,0.0,0,0,
RL,RL-RALPH LAUREN CORP-2024.pdf,91,0.706357187814625,1,0.706357187814625,0.706357187814625,0.706357187814625,0.706357187814625,51,0,
RL,RL-RALPH LAUREN CORP-2024.pdf,104,0.5937292437113262,4,0.5937292437113262,0.5937292437113262,0.5937292437113262,0.3155942498116475,8,0,
RL,RL-RALPH LAUREN CORP-2024.pdf,105,0.5534880039408527,5,0.5534880039408527,0.5534880039408527,0.5534880039408527,0.1836358680238709,5,0,
RL,RL-RALPH LAUREN CORP-2024.pdf,107,0.7057013394979204,1,0.7057013394979204,0.7057013394979204,0.7057013394979204,0.7057013394979204,5,0,
RL,RL-RALPH LAUREN CORP-2024.pdf,108,0.245290662340371,2,0.245290662340371,0.245290662340371,0.245290662340371,0.2166428247116327,4,0,
RL,RL-RALPH LAUREN CORP-2024.pdf,109,0.6742467943052317,1,0.6742467943052317,0.6742467943052317,0.6742467943052317,0.6742467943052317,26,0,
RL,RL-RALPH LAUREN CORP-2024.pdf,110,0.0,0,0.0,0.0,0.0,0.0,0,0,
ROST,ROST-ROSS STORES INC-2022.pdf,3,0.0,0,0.0,0.0,0.0,0.0,0,0,
ROST,ROST-ROSS STORES INC-2022.pdf,8,0.0,0,0.0,0.0,0.0,0.0,0,0,
ROST,ROST-ROSS STORES INC-2022.pdf,9,0.0,0,0.0,0.0,0.0,0.0,0,0,
ROST,ROST-ROSS STORES INC-2022.pdf,10,0.0,0,0.0,0.0,0.0,0.0,0,0,
ROST,ROST-ROSS STORES INC-2022.pdf,11,0.0005009140564138,1,0.0005009140564138,0.0005009140564138,0.0005009140564138,0.0005009140564138,2,0,
ROST,ROST-ROSS STORES INC-2022.pdf,13,0.0,0,0.0,0.0,0.0,0.0,0,0,
ROST,ROST-ROSS STORES INC-2022.pdf,14,0.0,0,0.0,0.0,0.0,0.0,0,0,
ROST,ROST-ROSS STORES INC-2022.pdf,15,0.0,0,0.0,0.0,0.0,0.0,0,0,
ROST,ROST-ROSS STORES INC-2022.pdf,19,0.0028005545652604,1,0.0028005545652604,0.0028005545652604,0.0028005545652604,0.0028005545652604,3,0,
ROST,ROST-ROSS STORES INC-2022.pdf,23,0.0028005545652604,1,0.0028005545652604,0.0028005545652604,0.0028005545652604,0.0028005545652604,2,0,
ROST,ROST-ROSS STORES INC-2022.pdf,24,0.0,0,0.0,0.0,0.0,0.0,0,0,
ROST,ROST-ROSS STORES INC-2022.pdf,25,0.0005456411571804,1,0.0005456411571804,0.0005456411571804,0.0005456411571804,0.0005456411571804,2,0,
ROST,ROST-ROSS STORES INC-2022.pdf,26,0.0028005545652604,1,0.0028005545652604,0.0028005545652604,0.0028005545652604,0.0028005545652604,2,0,
ROST,ROST-ROSS STORES INC-2022.pdf,27,0.0,0,0.0,0.0,0.0,0.0,0,0,
ROST,ROST-ROSS STORES INC-2022.pdf,31,0.0,0,0.0,0.0,0.0,0.0,0,0,
ROST,ROST-ROSS STORES INC-2022.pdf,33,0.0249739144967324,1,0.0249739144967324,0.0249739144967324,0.0249739144967324,0.0249739144967324,7,0,
ROST,ROST-ROSS STORES INC-2022.pdf,34,0.0,0,0.0,0.0,0.0,0.0,0,0,
ROST,ROST-ROSS STORES INC-2022.pdf,35,0.0,0,0.0,0.0,0.0,0.0,0,0,
ROST,ROST-ROSS STORES INC-2022.pdf,40,0.0,0,0.0,0.0,0.0,0.0,0,0,
ROST,ROST-ROSS STORES INC-2022.pdf,41,0.0,0,0.0,0.0,0.0,0.0,0,0,
ROST,ROST-ROSS STORES INC-2022.pdf,46,0.0,0,0.0,0.0,0.0,0.0,0,0,
ROST,ROST-ROSS STORES INC-2022.pdf,47,0.0,0,0.0,0.0,0.0,0.0,0,0,
ROST,ROST-ROSS STORES INC-2022.pdf,50,0.0,0,0.0,0.0,0.0,0.0,0,0,
ROST,ROST-ROSS STORES INC-2022.pdf,55,0.6189359962564781,1,0.6189359962564781,0.6189359962564781,0.6189359962564781,0.6189359962564781,17,0,
ROST,ROST-ROSS STORES INC-2022.pdf,56,0.6389357786271916,1,0.6389357786271916,0.6389357786271916,0.6389357786271916,0.6389357786271916,11,0,
ROST,ROST-ROSS STORES INC-2022.pdf,57,0.6094376246413734,1,0.6094376246413734,0.6094376246413734,0.6094376246413734,0.6094376246413734,25,0,
ROST,ROST-ROSS STORES INC-2022.pdf,58,0.2784121665711739,6,0.2784121665711739,0.2784121665711739,0.2784121665711739,0.0817939839572192,12,0,
ROST,ROST-ROSS STORES INC-2022.pdf,59,0.0,0,0.0,0.0,0.0,0.0,0,0,
SGI,SGI-SOMNIGROUP INTERNATIONAL INC-2021.pdf,4,0.0019950802819865,1,0.0019950802819865,0.0019950802819865,0.0019950802819865,0.0019950802819865,5,0,
SHOO,SHOO-MADDEN STEVEN LTD-2023.pdf,8,0.0,0,0.0,0.0,0.0,0.0,0,0,
SHOO,SHOO-MADDEN STEVEN LTD-2023.pdf,10,0.0,0,0.0,0.0,0.0,0.0,0,0,
SHOO,SHOO-MADDEN STEVEN LTD-2023.pdf,17,0.0,0,0.0,0.0,0.0,0.0,0,0,
SHOO,SHOO-MADDEN STEVEN LTD-2023.pdf,18,0.0,0,0.0,0.0,0.0,0.0,0,0,
SHOO,SHOO-MADDEN STEVEN LTD-2023.pdf,19,0.0,0,0.0,0.0,0.0,0.0,0,0,
SHOO,SHOO-MADDEN STEVEN LTD-2023.pdf,20,0.0,0,0.0,0.0,0.0,0.0,0,0,
SHOO,SHOO-MADDEN STEVEN LTD-2023.pdf,21,0.0,0,0.0,0.0,0.0,0.0,0,0,
SHOO,SHOO-MADDEN STEVEN LTD-2023.pdf,22,0.0,0,0.0,0.0,0.0,0.0,0,0,
SHOO,SHOO-MADDEN STEVEN LTD-2023.pdf,23,0.0,0,0.0,0.0,0.0,0.0,0,0,
SHOO,SHOO-MADDEN STEVEN LTD-2023.pdf,24,0.0,0,0.0,0.0,0.0,0.0,0,0,
SHOO,SHOO-MADDEN STEVEN LTD-2023.pdf,25,0.0,0,0.0,0.0,0.0,0.0,0,0,
SHOO,SHOO-MADDEN STEVEN LTD-2023.pdf,26,0.0,0,0.0,0.0,0.0,0.0,0,0,
SHOO,SHOO-MADDEN STEVEN LTD-2023.pdf,27,0.0,0,0.0,0.0,0.0,0.0,0,0,
SHOO,SHOO-MADDEN STEVEN LTD-2023.pdf,28,0.0,0,0.0,0.0,0.0,0.0,0,0,
SHOO,SHOO-MADDEN STEVEN LTD-2023.pdf,30,0.0,0,0.0,0.0,0.0,0.0,0,0,
SHOO,SHOO-MADDEN STEVEN LTD-2023.pdf,31,0.0,0,0.0,0.0,0.0,0.0,0,0,
SHOO,SHOO-MADDEN STEVEN LTD-2023.pdf,35,0.0,0,0.0,0.0,0.0,0.0,0,0,
SHOO,SHOO-MADDEN STEVEN LTD-2023.pdf,38,0.0,0,0.0,0.0,0.0,0.0,0,0,
SHOO,SHOO-MADDEN STEVEN LTD-2023.pdf,39,0.0,0,0.0,0.0,0.0,0.0,0,0,
SHOO,SHOO-MADDEN STEVEN LTD-2023.pdf,40,0.0,0,0.0,0.0,0.0,0.0,0,0,
SHOO,SHOO-MADDEN STEVEN LTD-2023.pdf,41,0.0548025201996527,1,0.0548025201996527,0.0548025201996527,0.0548025201996527,0.0548025201996527,4,0,
SHOO,SHOO-MADDEN STEVEN LTD-2023.pdf,45,0.5086455991382137,2,0.5086455991382137,0.5086455991382137,0.5086455991382137,0.4132953962109375,2,0,
SHOO,SHOO-MADDEN STEVEN LTD-2023.pdf,47,0.0,0,0.0,0.0,0.0,0.0,0,0,
SHOO,SHOO-MADDEN STEVEN LTD-2023.pdf,48,0.0,0,0.0,0.0,0.0,0.0,0,0,
SHOO,SHOO-MADDEN STEVEN LTD-2023.pdf,49,0.0,0,0.0,0.0,0.0,0.0,0,0,
SHOO,SHOO-MADDEN STEVEN LTD-2023.pdf,50,0.0,0,0.0,0.0,0.0,0.0,0,0,
SHOO,SHOO-MADDEN STEVEN LTD-2023.pdf,59,0.0,0,0.0,0.0,0.0,0.0,0,0,
SHOO,SHOO-MADDEN STEVEN LTD-2023.pdf,66,0.0,0,0.0,0.0,0.0,0.0,0,0,
SHOO,SHOO-MADDEN STEVEN LTD-2023.pdf,68,0.0,0,0.0,0.0,0.0,0.0,0,0,
SHOO,SHOO-MADDEN STEVEN LTD-2023.pdf,69,0.0,0,0.0,0.0,0.0,0.0,0,0,
SHOO,SHOO-MADDEN STEVEN LTD-2024.pdf,7,0.0,0,0.0,0.0,0.0,0.0,0,0,
SHOO,SHOO-MADDEN STEVEN LTD-2024.pdf,10,0.041644357037037,1,0.041644357037037,0.041644357037037,0.041644357037037,0.041644357037037,5,0,
SHOO,SHOO-MADDEN STEVEN LTD-2024.pdf,11,0.041644357037037,1,0.041644357037037,0.041644357037037,0.041644357037037,0.041644357037037,5,0,
SHOO,SHOO-MADDEN STEVEN LTD-2024.pdf,13,0.041644357037037,1,0.041644357037037,0.041644357037037,0.041644357037037,0.041644357037037,5,0,
SHOO,SHOO-MADDEN STEVEN LTD-2024.pdf,18,0.041644357037037,1,0.041644357037037,0.041644357037037,0.041644357037037,0.041644357037037,5,0,
SHOO,SHOO-MADDEN STEVEN LTD-2024.pdf,20,0.041644357037037,1,0.041644357037037,0.041644357037037,0.041644357037037,0.041644357037037,5,0,
SHOO,SHOO-MADDEN STEVEN LTD-2024.pdf,22,0.0,0,0.0,0.0,0.0,0.0,0,0,
SHOO,SHOO-MADDEN STEVEN LTD-2024.pdf,24,0.0379040985939642,2,0.0379040985939642,0.0379040985939642,0.0379040985939642,0.0189520492969821,3,0,
SHOO,SHOO-MADDEN STEVEN LTD-2024.pdf,26,0.0,0,0.0,0.0,0.0,0.0,0,0,
SNBR,SNBR-SLEEP NUMBER CORP-2021.pdf,2,0.0,0,0.0,0.0,0.0,0.0,0,0,
SNBR,SNBR-SLEEP NUMBER CORP-2021.pdf,4,0.0,0,0.0,0.0,0.0,0.0,0,0,
SNBR,SNBR-SLEEP NUMBER CORP-2021.pdf,6,0.0,0,0.0,0.0,0.0,0.0,0,0,
SNBR,SNBR-SLEEP NUMBER CORP-2021.pdf,8,1.0,1,1.0,1.0,1.0,1.0,5,0,
SNBR,SNBR-SLEEP NUMBER CORP-2021.pdf,9,0.0,0,0.0,0.0,0.0,0.0,0,0,
SNBR,SNBR-SLEEP NUMBER CORP-2021.pdf,10,0.0,0,0.0,0.0,0.0,0.0,0,0,
SNBR,SNBR-SLEEP NUMBER CORP-2021.pdf,11,0.0,0,0.0,0.0,0.0,0.0,0,0,
SNBR,SNBR-SLEEP NUMBER CORP-2021.pdf,12,0.0,0,0.0,0.0,0.0,0.0,0,0,
SNBR,SNBR-SLEEP NUMBER CORP-2021.pdf,20,0.0,0,0.0,0.0,0.0,0.0,0,0,
SNBR,SNBR-SLEEP NUMBER CORP-2021.pdf,23,0.0,0,0.0,0.0,0.0,0.0,0,0,
SNBR,SNBR-SLEEP NUMBER CORP-2021.pdf,26,0.0,0,0.0,0.0,0.0,0.0,0,0,
SNBR,SNBR-SLEEP NUMBER CORP-2021.pdf,28,1.0,1,1.0,1.0,1.0,1.0,5,0,
SNBR,SNBR-SLEEP NUMBER CORP-2021.pdf,29,0.0059046345811051,1,0.0059046345811051,0.0059046345811051,0.0059046345811051,0.0059046345811051,2,0,
SNBR,SNBR-SLEEP NUMBER CORP-2021.pdf,30,0.0,0,0.0,0.0,0.0,0.0,0,0,
SNBR,SNBR-SLEEP NUMBER CORP-2021.pdf,32,0.0,0,0.0,0.0,0.0,0.0,0,0,
SNBR,SNBR-SLEEP NUMBER CORP-2021.pdf,33,0.0,0,0.0,0.0,0.0,0.0,0,0,
SNBR,SNBR-SLEEP NUMBER CORP-2021.pdf,34,0.2947398868175216,1,0.2947398868175216,0.2947398868175216,0.2947398868175216,0.2947398868175216,3,0,
SNBR,SNBR-SLEEP NUMBER CORP-2021.pdf,35,0.0,0,0.0,0.0,0.0,0.0,0,0,
SNBR,SNBR-SLEEP NUMBER CORP-2021.pdf,37,0.0,0,0.0,0.0,0.0,0.0,0,0,
SNBR,SNBR-SLEEP NUMBER CORP-2021.pdf,38,0.0,0,0.0,0.0,0.0,0.0,0,0,
SNBR,SNBR-SLEEP NUMBER CORP-2021.pdf,41,0.0,0,0.0,0.0,0.0,0.0,0,0,
SNBR,SNBR-SLEEP NUMBER CORP-2021.pdf,43,0.0,0,0.0,0.0,0.0,0.0,0,0,
SNBR,SNBR-SLEEP NUMBER CORP-2021.pdf,45,0.0,0,0.0,0.0,0.0,0.0,0,0,
SNBR,SNBR-SLEEP NUMBER CORP-2021.pdf,46,0.0,0,0.0,0.0,0.0,0.0,0,0,
SNBR,SNBR-SLEEP NUMBER CORP-2021.pdf,47,0.0,0,0.0,0.0,0.0,0.0,0,0,
SNBR,SNBR-SLEEP NUMBER CORP-2024.pdf,3,0.0,0,0.0,0.0,0.0,0.0,0,0,
SNBR,SNBR-SLEEP NUMBER CORP-2024.pdf,11,0.0007192268682225,1,0.0007192268682225,0.0007192268682225,0.0007192268682225,0.0007192268682225,4,0,
SNBR,SNBR-SLEEP NUMBER CORP-2024.pdf,12,0.0007192268682225,1,0.0007192268682225,0.0007192268682225,0.0007192268682225,0.0007192268682225,4,0,
SNBR,SNBR-SLEEP NUMBER CORP-2024.pdf,13,0.0007040733438461,1,0.0007040733438461,0.0007040733438461,0.0007040733438461,0.0007040733438461,4,0,
SNBR,SNBR-SLEEP NUMBER CORP-2024.pdf,14,0.0007192268682225,1,0.0007192268682225,0.0007192268682225,0.0007192268682225,0.0007192268682225,4,0,
SNBR,SNBR-SLEEP NUMBER CORP-2024.pdf,18,0.162292416856339,4,0.162292416856339,0.162292416856339,0.162292416856339,0.0538577299960388,2,0,
SNBR,SNBR-SLEEP NUMBER CORP-2024.pdf,19,0.0007192268682225,1,0.0007192268682225,0.0007192268682225,0.0007192268682225,0.0007192268682225,4,0,
SNBR,SNBR-SLEEP NUMBER CORP-2024.pdf,22,0.0,0,0.0,0.0,0.0,0.0,0,0,
SNBR,SNBR-SLEEP NUMBER CORP-2024.pdf,23,0.0,0,0.0,0.0,0.0,0.0,0,0,
SNBR,SNBR-SLEEP NUMBER CORP-2024.pdf,26,0.0,0,0.0,0.0,0.0,0.0,0,0,
SNBR,SNBR-SLEEP NUMBER CORP-2024.pdf,29,0.0,0,0.0,0.0,0.0,0.0,0,0,
SNBR,SNBR-SLEEP NUMBER CORP-2024.pdf,30,0.0,0,0.0,0.0,0.0,0.0,0,0,
SNBR,SNBR-SLEEP NUMBER CORP-2024.pdf,34,0.0,0,0.0,0.0,0.0,0.0,0,0,
SNBR,SNBR-SLEEP NUMBER CORP-2024.pdf,35,0.0,0,0.0,0.0,0.0,0.0,0,0,
SNBR,SNBR-SLEEP NUMBER CORP-2024.pdf,36,0.0,0,0.0,0.0,0.0,0.0,0,0,
SNBR,SNBR-SLEEP NUMBER CORP-2024.pdf,37,0.0,0,0.0,0.0,0.0,0.0,0,0,
SNBR,SNBR-SLEEP NUMBER CORP-2024.pdf,39,0.0,0,0.0,0.0,0.0,0.0,0,0,
SNBR,SNBR-SLEEP NUMBER CORP-2024.pdf,40,0.0,0,0.0,0.0,0.0,0.0,0,0,
SNBR,SNBR-SLEEP NUMBER CORP-2024.pdf,41,0.0,0,0.0,0.0,0.0,0.0,0,0,
SNBR,SNBR-SLEEP NUMBER CORP-2024.pdf,45,0.0,0,0.0,0.0,0.0,0.0,0,0,
SNBR,SNBR-SLEEP NUMBER CORP-2024.pdf,46,0.0,0,0.0,0.0,0.0,0.0,0,0,
SNBR,SNBR-SLEEP NUMBER CORP-2024.pdf,48,0.0,0,0.0,0.0,0.0,0.0,0,0,
SNBR,SNBR-SLEEP NUMBER CORP-2024.pdf,49,0.0,0,0.0,0.0,0.0,0.0,0,0,
SNBR,SNBR-SLEEP NUMBER CORP-2024.pdf,50,0.0,0,0.0,0.0,0.0,0.0,0,0,
SNBR,SNBR-SLEEP NUMBER CORP-2024.pdf,61,0.721962963427871,2,0.721962963427871,0.721962963427871,0.721962963427871,0.6231780876639291,32,0,
SNBR,SNBR-SLEEP NUMBER CORP-2024.pdf,62,0.7641463591947065,1,0.7641463591947065,0.7641463591947065,0.7641463591947065,0.7641463591947065,50,0,
SNBR,SNBR-SLEEP NUMBER CORP-2024.pdf,63,0.8105707602157667,1,0.8105707602157667,0.8105707602157667,0.8105707602157667,0.8105707602157667,49,0,
SNBR,SNBR-SLEEP NUMBER CORP-2024.pdf,64,0.7392829201652031,1,0.7392829201652031,0.7392829201652031,0.7392829201652031,0.7392829201652031,39,0,
SNBR,SNBR-SLEEP NUMBER CORP-2024.pdf,65,0.6912776817211294,1,0.6912776817211294,0.6912776817211294,0.6912776817211294,0.6912776817211294,43,0,
SNBR,SNBR-SLEEP NUMBER CORP-2024.pdf,66,0.6619627784336312,1,0.6619627784336312,0.6619627784336312,0.6619627784336312,0.6619627784336312,34,0,
SNBR,SNBR-SLEEP NUMBER CORP-2024.pdf,67,0.6054532346917705,1,0.6054532346917705,0.6054532346917705,0.6054532346917705,0.6054532346917705,12,0,
SNBR,SNBR-SLEEP NUMBER CORP-2024.pdf,68,0.7320915290151229,1,0.7320915290151229,0.7320915290151229,0.7320915290151229,0.7320915290151229,18,0,
SNBR,SNBR-SLEEP NUMBER CORP-2024.pdf,69,0.0,0,0.0,0.0,0.0,0.0,0,0,
T,T-AT&T INC-2025.pdf,3,0.0,0,0.0,0.0,0.0,0.0,0,0,
T,T-AT&T INC-2025.pdf,5,0.0088469035902938,2,0.0088469035902938,0.0088469035902938,0.0088469035902938,0.0072959301426707,4,0,
T,T-AT&T INC-2025.pdf,8,0.0,0,0.0,0.0,0.0,0.0,0,0,
T,T-AT&T INC-2025.pdf,9,0.0,0,0.0,0.0,0.0,0.0,0,0,
T,T-AT&T INC-2025.pdf,17,0.0,0,0.0,0.0,0.0,0.0,0,0,
T,T-AT&T INC-2025.pdf,19,0.0,0,0.0,0.0,0.0,0.0,0,0,
T,T-AT&T INC-2025.pdf,24,0.0,0,0.0,0.0,0.0,0.0,0,0,
TGT,TGT-TARGET CORP-2024.pdf,3,0.0,0,0.0,0.0,0.0,0.0,0,0,
TGT,TGT-TARGET CORP-2024.pdf,5,0.0,0,0.0,0.0,0.0,0.0,0,0,
TGT,TGT-TARGET CORP-2024.pdf,7,0.4284375,1,0.4284375,0.4284375,0.4284375,0.4284375,19,0,
TGT,TGT-TARGET CORP-2024.pdf,8,0.645841200391621,1,0.645841200391621,0.645841200391621,0.645841200391621,0.645841200391621,36,0,
TGT,TGT-TARGET CORP-2024.pdf,9,0.4700557212761089,1,0.4700557212761089,0.4700557212761089,0.4700557212761089,0.4700557212761089,25,0,
TGT,TGT-TARGET CORP-2024.pdf,10,0.4274914738633932,1,0.4274914738633932,0.4274914738633932,0.4274914738633932,0.4274914738633932,20,0,
TGT,TGT-TARGET CORP-2024.pdf,15,0.0,0,0.0,0.0,0.0,0.0,0,0,
TGT,TGT-TARGET CORP-2024.pdf,16,0.0,0,0.0,0.0,0.0,0.0,0,0,
TGT,TGT-TARGET CORP-2024.pdf,19,0.0,0,0.0,0.0,0.0,0.0,0,0,
TGT,TGT-TARGET CORP-2024.pdf,20,0.0,0,0.0,0.0,0.0,0.0,0,0,
TGT,TGT-TARGET CORP-2024.pdf,22,0.0,0,0.0,0.0,0.0,0.0,0,0,
TGT,TGT-TARGET CORP-2024.pdf,25,0.0,0,0.0,0.0,0.0,0.0,0,0,
TGT,TGT-TARGET CORP-2024.pdf,31,0.0,0,0.0,0.0,0.0,0.0,0,0,
TGT,TGT-TARGET CORP-2024.pdf,32,0.0,0,0.0,0.0,0.0,0.0,0,0,
TGT,TGT-TARGET CORP-2024.pdf,38,0.0,0,0.0,0.0,0.0,0.0,0,0,
TGT,TGT-TARGET CORP-2024.pdf,40,0.0,0,0.0,0.0,0.0,0.0,0,0,
TGT,TGT-TARGET CORP-2024.pdf,42,0.0,0,0.0,0.0,0.0,0.0,0,0,
TGT,TGT-TARGET CORP-2024.pdf,43,0.0,0,0.0,0.0,0.0,0.0,0,0,
TGT,TGT-TARGET CORP-2024.pdf,44,0.0,0,0.0,0.0,0.0,0.0,0,0,
TGT,TGT-TARGET CORP-2024.pdf,47,0.0128473055450575,3,0.0128473055450575,0.0128473055450575,0.0128473055450575,0.005038757004808,3,0,
TGT,TGT-TARGET CORP-2024.pdf,48,0.0,0,0.0,0.0,0.0,0.0,0,0,
TGT,TGT-TARGET CORP-2024.pdf,50,0.0,0,0.0,0.0,0.0,0.0,0,0,
ULTA,ULTA-ULTA BEAUTY INC-2023.pdf,3,1.000916745866402,1,1.000916745866402,1.000916745866402,1.000916745866402,1.000916745866402,11,0,
ULTA,ULTA-ULTA BEAUTY INC-2023.pdf,5,1.0005000527998236,1,1.0005000527998236,1.0005000527998236,1.0005000527998236,1.0005000527998236,13,0,
ULTA,ULTA-ULTA BEAUTY INC-2023.pdf,12,1.0021056289821484,2,1.0021056289821484,1.0021056289821484,1.0021056289821484,1.000916745866402,10,0,
ULTA,ULTA-ULTA BEAUTY INC-2023.pdf,13,0.0881729926879894,1,0.0881729926879894,0.0881729926879894,0.0881729926879894,0.0881729926879894,6,0,
ULTA,ULTA-ULTA BEAUTY INC-2023.pdf,16,1.0021668250661375,1,1.0021668250661375,1.0021668250661375,1.0021668250661375,1.0021668250661375,8,0,
ULTA,ULTA-ULTA BEAUTY INC-2023.pdf,17,1.000916745866402,1,1.000916745866402,1.000916745866402,1.000916745866402,1.000916745866402,9,0,
ULTA,ULTA-ULTA BEAUTY INC-2023.pdf,18,0.6117811446272954,1,0.6117811446272954,0.6117811446272954,0.6117811446272954,0.6117811446272954,7,0,
ULTA,ULTA-ULTA BEAUTY INC-2023.pdf,26,1.000916745866402,1,1.000916745866402,1.000916745866402,1.000916745866402,1.000916745866402,10,0,
ULTA,ULTA-ULTA BEAUTY INC-2023.pdf,34,1.0021668250661375,1,1.0021668250661375,1.0021668250661375,1.0021668250661375,1.0021668250661375,10,0,
ULTA,ULTA-ULTA BEAUTY INC-2023.pdf,35,0.0881729926879894,1,0.0881729926879894,0.0881729926879894,0.0881729926879894,0.0881729926879894,6,0,
ULTA,ULTA-ULTA BEAUTY INC-2023.pdf,41,0.2537530140403405,3,0.2537530140403405,0.2537530140403405,0.2537530140403405,0.1035565051781046,2,0,
ULTA,ULTA-ULTA BEAUTY INC-2023.pdf,42,0.2446980795605107,3,0.2446980795605107,0.2446980795605107,0.2446980795605107,0.0945014322552297,2,0,
ULTA,ULTA-ULTA BEAUTY INC-2025.pdf,3,1.0,1,0.0,0.0,0.0,1.0,4,1,
ULTA,ULTA-ULTA BEAUTY INC-2025.pdf,5,1.0,1,0.0,0.0,0.0,1.0,4,1,
ULTA,ULTA-ULTA BEAUTY INC-2025.pdf,7,1.4611044787557017,5,0.4611044787557016,0.4611044787557016,0.4611044787557016,1.0,2,1,
ULTA,ULTA-ULTA BEAUTY INC-2025.pdf,10,0.0,0,0.0,0.0,0.0,0.0,0,0,
ULTA,ULTA-ULTA BEAUTY INC-2025.pdf,11,1.0,1,0.0,0.0,0.0,1.0,4,1,
ULTA,ULTA-ULTA BEAUTY INC-2025.pdf,12,1.0,1,0.0,0.0,0.0,1.0,2,1,
ULTA,ULTA-ULTA BEAUTY INC-2025.pdf,13,0.42,1,0.42,0.42,0.42,0.42,4,0,
ULTA,ULTA-ULTA BEAUTY INC-2025.pdf,17,1.0,1,0.0,0.0,0.0,1.0,3,1,
ULTA,ULTA-ULTA BEAUTY INC-2025.pdf,18,0.0,0,0.0,0.0,0.0,0.0,0,0,
ULTA,ULTA-ULTA BEAUTY INC-2025.pdf,21,1.0,1,0.0,0.0,0.0,1.0,2,1,
ULTA,ULTA-ULTA BEAUTY INC-2025.pdf,25,0.4098244982177555,2,0.4098244982177555,0.4098244982177555,0.4098244982177555,0.4085373382059266,2,0,
ULTA,ULTA-ULTA BEAUTY INC-2025.pdf,27,0.0,0,0.0,0.0,0.0,0.0,0,0,
ULTA,ULTA-ULTA BEAUTY INC-2025.pdf,28,1.0,1,0.0,0.0,0.0,1.0,3,1,
ULTA,ULTA-ULTA BEAUTY INC-2025.pdf,34,0.0,0,0.0,0.0,0.0,0.0,0,0,
ULTA,ULTA-ULTA BEAUTY INC-2025.pdf,36,0.0,0,0.0,0.0,0.0,0.0,0,0,
ULTA,ULTA-ULTA BEAUTY INC-2025.pdf,38,0.0,0,0.0,0.0,0.0,0.0,0,0,
ULTA,ULTA-ULTA BEAUTY INC-2025.pdf,39,0.2583273175238039,1,0.2583273175238039,0.2583273175238039,0.2583273175238039,0.2583273175238039,2,0,
ULTA,ULTA-ULTA BEAUTY INC-2025.pdf,46,0.0,0,0.0,0.0,0.0,0.0,0,0,
ULTA,ULTA-ULTA BEAUTY INC-2025.pdf,47,0.0,0,0.0,0.0,0.0,0.0,0,0,
ULTA,ULTA-ULTA BEAUTY INC-2025.pdf,48,0.0,0,0.0,0.0,0.0,0.0,0,0,
VRA,VRA-VERA BRADLEY INC-2024.pdf,8,0.6870196170278785,1,0.6870196170278785,0.6870196170278785,0.6870196170278785,0.6870196170278785,13,0,
VRA,VRA-VERA BRADLEY INC-2024.pdf,9,0.6344433260263792,1,0.6344433260263792,0.6344433260263792,0.6344433260263792,0.6344433260263792,9,0,
VRA,VRA-VERA BRADLEY INC-2024.pdf,10,0.6973316257193517,3,0.6973316257193517,0.6973316257193517,0.6973316257193517,0.6063822205666343,18,0,
VZ,VZ-VERIZON COMMUNICATIONS INC-2022.pdf,7,0.0,0,0.0,0.0,0.0,0.0,0,0,
VZ,VZ-VERIZON COMMUNICATIONS INC-2022.pdf,13,0.0,0,0.0,0.0,0.0,0.0,0,0,
VZ,VZ-VERIZON COMMUNICATIONS INC-2022.pdf,77,0.0,0,0.0,0.0,0.0,0.0,0,0,
VZ,VZ-VERIZON COMMUNICATIONS INC-2022.pdf,88,0.0984530636223345,1,0.0984530636223345,0.0984530636223345,0.0984530636223345,0.0984530636223345,3,0,
VZ,VZ-VERIZON COMMUNICATIONS INC-2022.pdf,89,0.287628403107876,6,0.287628403107876,0.287628403107876,0.287628403107876,0.0666410066762394,2,0,
VZ,VZ-VERIZON COMMUNICATIONS INC-2022.pdf,90,0.3485588627285931,7,0.3485588627285931,0.3485588627285931,0.3485588627285931,0.067880087641117,2,0,
VZ,VZ-VERIZON COMMUNICATIONS INC-2022.pdf,92,0.0,0,0.0,0.0,0.0,0.0,0,0,
VZ,VZ-VERIZON COMMUNICATIONS INC-2023.pdf,2,0.0,0,0.0,0.0,0.0,0.0,0,0,
VZ,VZ-VERIZON COMMUNICATIONS INC-2023.pdf,5,0.0,0,0.0,0.0,0.0,0.0,0,0,
VZ,VZ-VERIZON COMMUNICATIONS INC-2023.pdf,8,0.0549364068930041,2,0.0549364068930041,0.0549364068930041,0.0549364068930041,0.0310318930041152,2,0,
VZ,VZ-VERIZON COMMUNICATIONS INC-2023.pdf,9,0.0,0,0.0,0.0,0.0,0.0,0,0,
VZ,VZ-VERIZON COMMUNICATIONS INC-2023.pdf,10,0.2342646604938271,4,0.2342646604938271,0.2342646604938271,0.2342646604938271,0.0585661651234567,2,0,
VZ,VZ-VERIZON COMMUNICATIONS INC-2023.pdf,13,0.0,0,0.0,0.0,0.0,0.0,0,0,
VZ,VZ-VERIZON COMMUNICATIONS INC-2023.pdf,14,0.0,0,0.0,0.0,0.0,0.0,0,0,
VZ,VZ-VERIZON COMMUNICATIONS INC-2023.pdf,15,0.0,0,0.0,0.0,0.0,0.0,0,0,
VZ,VZ-VERIZON COMMUNICATIONS INC-2023.pdf,16,0.0,0,0.0,0.0,0.0,0.0,0,0,
VZ,VZ-VERIZON COMMUNICATIONS INC-2023.pdf,17,0.0,0,0.0,0.0,0.0,0.0,0,0,
VZ,VZ-VERIZON COMMUNICATIONS INC-2023.pdf,18,0.0,0,0.0,0.0,0.0,0.0,0,0,
VZ,VZ-VERIZON COMMUNICATIONS INC-2023.pdf,25,0.0,0,0.0,0.0,0.0,0.0,0,0,
VZ,VZ-VERIZON COMMUNICATIONS INC-2023.pdf,28,0.0,0,0.0,0.0,0.0,0.0,0,0,
VZ,VZ-VERIZON COMMUNICATIONS INC-2023.pdf,29,0.0,0,0.0,0.0,0.0,0.0,0,0,
VZ,VZ-VERIZON COMMUNICATIONS INC-2023.pdf,30,0.0,0,0.0,0.0,0.0,0.0,0,0,
VZ,VZ-VERIZON COMMUNICATIONS INC-2023.pdf,31,0.0,0,0.0,0.0,0.0,0.0,0,0,
VZ,VZ-VERIZON COMMUNICATIONS INC-2023.pdf,32,0.0,0,0.0,0.0,0.0,0.0,0,0,
VZ,VZ-VERIZON COMMUNICATIONS INC-2023.pdf,33,0.0,0,0.0,0.0,0.0,0.0,0,0,
VZ,VZ-VERIZON COMMUNICATIONS INC-2023.pdf,34,0.0,0,0.0,0.0,0.0,0.0,0,0,
VZ,VZ-VERIZON COMMUNICATIONS INC-2023.pdf,35,0.0,0,0.0,0.0,0.0,0.0,0,0,
VZ,VZ-VERIZON COMMUNICATIONS INC-2023.pdf,36,0.0,0,0.0,0.0,0.0,0.0,0,0,
VZ,VZ-VERIZON COMMUNICATIONS INC-2023.pdf,37,0.0,0,0.0,0.0,0.0,0.0,0,0,
VZ,VZ-VERIZON COMMUNICATIONS INC-2023.pdf,38,0.1455071981987847,3,0.1455071981987847,0.1455071981987847,0.1455071981987847,0.0566216381422003,2,0,
VZ,VZ-VERIZON COMMUNICATIONS INC-2023.pdf,39,0.0,0,0.0,0.0,0.0,0.0,0,0,
VZ,VZ-VERIZON COMMUNICATIONS INC-2023.pdf,42,0.0,0,0.0,0.0,0.0,0.0,0,0,
VZ,VZ-VERIZON COMMUNICATIONS INC-2023.pdf,44,0.0,0,0.0,0.0,0.0,0.0,0,0,
VZ,VZ-VERIZON COMMUNICATIONS INC-2023.pdf,45,0.0,0,0.0,0.0,0.0,0.0,0,0,
VZ,VZ-VERIZON COMMUNICATIONS INC-2023.pdf,46,0.0,0,0.0,0.0,0.0,0.0,0,0,
VZ,VZ-VERIZON COMMUNICATIONS INC-2023.pdf,47,0.0,0,0.0,0.0,0.0,0.0,0,0,
VZ,VZ-VERIZON COMMUNICATIONS INC-2023.pdf,48,0.0,0,0.0,0.0,0.0,0.0,0,0,
VZ,VZ-VERIZON COMMUNICATIONS INC-2023.pdf,50,0.0,0,0.0,0.0,0.0,0.0,0,0,
VZ,VZ-VERIZON COMMUNICATIONS INC-2023.pdf,53,0.0,0,0.0,0.0,0.0,0.0,0,0,
VZ,VZ-VERIZON COMMUNICATIONS INC-2023.pdf,54,0.0,0,0.0,0.0,0.0,0.0,0,0,
VZ,VZ-VERIZON COMMUNICATIONS INC-2023.pdf,55,0.0,0,0.0,0.0,0.0,0.0,0,0,
VZ,VZ-VERIZON COMMUNICATIONS INC-2023.pdf,56,0.0,0,0.0,0.0,0.0,0.0,0,0,
VZ,VZ-VERIZON COMMUNICATIONS INC-2023.pdf,58,0.0,0,0.0,0.0,0.0,0.0,0,0,
VZ,VZ-VERIZON COMMUNICATIONS INC-2023.pdf,60,0.0841032272698044,3,0.0841032272698044,0.0841032272698044,0.0841032272698044,0.0280344090899348,3,0,
VZ,VZ-VERIZON COMMUNICATIONS INC-2023.pdf,66,0.59092472029321,1,0.59092472029321,0.59092472029321,0.59092472029321,0.59092472029321,36,0,
VZ,VZ-VERIZON COMMUNICATIONS INC-2023.pdf,68,0.6778626543209877,4,0.6778626543209877,0.6778626543209877,0.6778626543209877,0.3988532021604939,17,0,
VZ,VZ-VERIZON COMMUNICATIONS INC-2023.pdf,69,0.5684895833333332,2,0.5684895833333332,0.5684895833333332,0.5684895833333332,0.3108767361111111,16,0,
VZ,VZ-VERIZON COMMUNICATIONS INC-2023.pdf,70,0.1478091985757458,1,0.1478091985757458,0.1478091985757458,0.1478091985757458,0.1478091985757458,5,0,
W,W-WAYFAIR INC-2023.pdf,6,0.0017313433506466,1,0.0017313433506466,0.0017313433506466,0.0017313433506466,0.0017313433506466,2,0,
W,W-WAYFAIR INC-2023.pdf,10,0.0021019260622321,1,0.0021019260622321,0.0021019260622321,0.0021019260622321,0.0021019260622321,2,0,
W,W-WAYFAIR INC-2023.pdf,11,0.0021019260622321,1,0.0021019260622321,0.0021019260622321,0.0021019260622321,0.0021019260622321,2,0,
W,W-WAYFAIR INC-2023.pdf,14,0.0003221696597517,1,0.0003221696597517,0.0003221696597517,0.0003221696597517,0.0003221696597517,2,0,
W,W-WAYFAIR INC-2023.pdf,17,0.0,0,0.0,0.0,0.0,0.0,0,0,
W,W-WAYFAIR INC-2023.pdf,18,0.0,0,0.0,0.0,0.0,0.0,0,0,
W,W-WAYFAIR INC-2023.pdf,24,0.0,0,0.0,0.0,0.0,0.0,0,0,
W,W-WAYFAIR INC-2023.pdf,25,0.0,0,0.0,0.0,0.0,0.0,0,0,
W,W-WAYFAIR INC-2023.pdf,27,0.7756740890797176,1,0.7756740890797176,0.7756740890797176,0.7756740890797176,0.7756740890797176,15,0,
WMT,WMT-WALMART INC-2022.pdf,5,0.9065597320216048,2,0.9065597320216048,0.9065597320216048,0.9065597320216048,0.8758827027006172,6,0,
WMT,WMT-WALMART INC-2022.pdf,8,0.0791195142505787,1,0.0791195142505787,0.0791195142505787,0.0791195142505787,0.0791195142505787,2,0,
WMT,WMT-WALMART INC-2022.pdf,9,0.0945286487268518,1,0.0945286487268518,0.0945286487268518,0.0945286487268518,0.0945286487268518,2,0,
WMT,WMT-WALMART INC-2022.pdf,12,0.8604545442708333,2,0.8604545442708333,0.8604545442708333,0.8604545442708333,0.4681912977430556,2,0,
WMT,WMT-WALMART INC-2022.pdf,13,0.8615894056712964,1,0.8615894056712964,0.0,0.8615894056712964,0.8615894056712964,3,0,
WMT,WMT-WALMART INC-2022.pdf,14,0.2750261870659722,1,0.2750261870659722,0.2750261870659722,0.2750261870659722,0.2750261870659722,2,0,
WMT,WMT-WALMART INC-2022.pdf,17,0.9493088403742284,2,0.9493088403742284,0.9493088403742284,0.9493088403742284,0.5409688013117284,2,0,
WMT,WMT-WALMART INC-2022.pdf,20,0.2761236767554012,1,0.2761236767554012,0.2761236767554012,0.2761236767554012,0.2761236767554012,2,0,
WMT,WMT-WALMART INC-2022.pdf,22,0.1517071759259259,1,0.1517071759259259,0.1517071759259259,0.1517071759259259,0.1517071759259259,2,0,
WMT,WMT-WALMART INC-2022.pdf,26,0.6115951700011022,1,0.6115951700011022,0.6115951700011022,0.6115951700011022,0.6115951700011022,17,0,
WMT,WMT-WALMART INC-2022.pdf,27,0.0268009387468842,6,0.0268009387468842,0.0268009387468842,0.0268009387468842,0.0048856311902989,2,0,
WMT,WMT-WALMART INC-2022.pdf,28,0.615339708111497,3,0.615339708111497,0.615339708111497,0.615339708111497,0.4048323842592593,2,0,
WMT,WMT-WALMART INC-2022.pdf,31,0.2763961095679012,1,0.2763961095679012,0.2763961095679012,0.2763961095679012,0.2763961095679012,2,0,
WMT,WMT-WALMART INC-2022.pdf,32,0.6341874118923609,2,0.6341874118923609,0.6341874118923609,0.6341874118923609,0.3723134427083333,2,0,
WMT,WMT-WALMART INC-2022.pdf,33,0.842274424504485,2,0.842274424504485,0.842274424504485,0.842274424504485,0.4357861852105035,2,0,
WMT,WMT-WALMART INC-2022.pdf,34,0.2581297263117283,1,0.2581297263117283,0.2581297263117283,0.2581297263117283,0.2581297263117283,2,0,
WMT,WMT-WALMART INC-2022.pdf,35,0.0,0,0.0,0.0,0.0,0.0,0,0,
WMT,WMT-WALMART INC-2022.pdf,38,0.8894265740354937,2,0.8894265740354937,0.8894265740354937,0.8894265740354937,0.5670040547453703,2,0,
WMT,WMT-WALMART INC-2022.pdf,40,0.5877844393518519,2,0.5877844393518519,0.5877844393518519,0.5877844393518519,0.3471080828703703,2,0,
WMT,WMT-WALMART INC-2022.pdf,43,0.2715271423292343,3,0.2715271423292343,0.2715271423292343,0.2715271423292343,0.2693348249421297,2,0,
WMT,WMT-WALMART INC-2022.pdf,44,0.3128927128040606,4,0.3128927128040606,0.3128927128040606,0.3128927128040606,0.2399155098719618,2,0,
WMT,WMT-WALMART INC-2022.pdf,45,0.0,0,0.0,0.0,0.0,0.0,0,0,
WMT,WMT-WALMART INC-2022.pdf,46,0.3330910011574074,1,0.3330910011574074,0.3330910011574074,0.3330910011574074,0.3330910011574074,2,0,
WMT,WMT-WALMART INC-2022.pdf,47,0.3910760455246914,2,0.3910760455246914,0.3910760455246914,0.3910760455246914,0.3603990162037037,2,0,
WMT,WMT-WALMART INC-2022.pdf,48,0.3910760455246914,2,0.3910760455246914,0.3910760455246914,0.3910760455246914,0.3603990162037037,2,0,
WMT,WMT-WALMART INC-2022.pdf,49,0.3910760455246914,2,0.3910760455246914,0.3910760455246914,0.3910760455246914,0.3603990162037037,2,0,
WMT,WMT-WALMART INC-2022.pdf,50,0.3298583940972222,3,0.3298583940972222,0.3298583940972222,0.3298583940972222,0.2444715277777777,2,0,
ABG,ABG-ASBURY AUTOMOTIVE GROUP INC-2022.pdf,3,0.0,0,0.0,0.0,0.0,0.0,0,0,
ABG,ABG-ASBURY AUTOMOTIVE GROUP INC-2022.pdf,4,0.0,0,0.0,0.0,0.0,0.0,0,0,
ABG,ABG-ASBURY AUTOMOTIVE GROUP INC-2022.pdf,5,0.0,0,0.0,0.0,0.0,0.0,0,0,
ABG,ABG-ASBURY AUTOMOTIVE GROUP INC-2022.pdf,10,0.5905885105095069,3,0.5905885105095069,0.5905885105095069,0.5905885105095069,0.5,2,0,
ABG,ABG-ASBURY AUTOMOTIVE GROUP INC-2022.pdf,14,0.5,1,0.5,0.5,0.5,0.5,2,0,
ABG,ABG-ASBURY AUTOMOTIVE GROUP INC-2022.pdf,16,0.504072601010101,1,0.504072601010101,0.504072601010101,0.504072601010101,0.504072601010101,3,0,
ABG,ABG-ASBURY AUTOMOTIVE GROUP INC-2022.pdf,17,0.0,0,0.0,0.0,0.0,0.0,0,0,
ABG,ABG-ASBURY AUTOMOTIVE GROUP INC-2022.pdf,22,0.0,0,0.0,0.0,0.0,0.0,0,0,
ABG,ABG-ASBURY AUTOMOTIVE GROUP INC-2022.pdf,23,0.0,0,0.0,0.0,0.0,0.0,0,0,
ABG,ABG-ASBURY AUTOMOTIVE GROUP INC-2022.pdf,24,0.1774476259804215,7,0.1774476259804215,0.1774476259804215,0.1774476259804215,0.0413378763895078,5,0,
ABG,ABG-ASBURY AUTOMOTIVE GROUP INC-2022.pdf,25,0.2934433498640407,8,0.2934433498640407,0.2934433498640407,0.2934433498640407,0.0662413289192992,7,0,
ABG,ABG-ASBURY AUTOMOTIVE GROUP INC-2022.pdf,26,0.3255104006836682,9,0.3255104006836682,0.3255104006836682,0.3255104006836682,0.1394178818344116,11,0,
ABG,ABG-ASBURY AUTOMOTIVE GROUP INC-2022.pdf,27,0.3127110819484595,8,0.3127110819484595,0.3127110819484595,0.3127110819484595,0.1377309891486055,26,0,
AEO,AEO-AMERICAN EAGLE OUTFITTERS INC-2023.pdf,3,0.7285809130830363,1,0.7285809130830363,0.7285809130830363,0.7285809130830363,0.7285809130830363,51,0,
APC,APC-ARKO PETROLEUM CORP-2022.pdf,8,0.0,0,0.0,0.0,0.0,0.0,0,0,
APC,APC-ARKO PETROLEUM CORP-2022.pdf,13,0.0,0,0.0,0.0,0.0,0.0,0,0,
APC,APC-ARKO PETROLEUM CORP-2022.pdf,15,0.0918624916196276,2,0.0918624916196276,0.0918624916196276,0.0918624916196276,0.0552403105491185,12,0,
APC,APC-ARKO PETROLEUM CORP-2022.pdf,22,0.0332730062444295,1,0.0332730062444295,0.0332730062444295,0.0332730062444295,0.0332730062444295,6,0,
APC,APC-ARKO PETROLEUM CORP-2022.pdf,24,0.0833703245279593,1,0.0833703245279593,0.0833703245279593,0.0833703245279593,0.0833703245279593,13,0,
APC,APC-ARKO PETROLEUM CORP-2022.pdf,29,0.2308001267338298,1,0.2308001267338298,0.2308001267338298,0.2308001267338298,0.2308001267338298,63,0,
APC,APC-ARKO PETROLEUM CORP-2022.pdf,31,0.0,0,0.0,0.0,0.0,0.0,0,0,
APC,APC-ARKO PETROLEUM CORP-2022.pdf,34,0.0,0,0.0,0.0,0.0,0.0,0,0,
APC,APC-ARKO PETROLEUM CORP-2022.pdf,35,0.0,0,0.0,0.0,0.0,0.0,0,0,
APC,APC-ARKO PETROLEUM CORP-2022.pdf,36,0.0,0,0.0,0.0,0.0,0.0,0,0,
APC,APC-ARKO PETROLEUM CORP-2022.pdf,38,0.0,0,0.0,0.0,0.0,0.0,0,0,
APC,APC-ARKO PETROLEUM CORP-2022.pdf,40,0.4122999046840957,1,0.4122999046840957,0.4122999046840957,0.4122999046840957,0.4122999046840957,46,0,
APC,APC-ARKO PETROLEUM CORP-2022.pdf,41,0.6983020742556283,1,0.6983020742556283,0.6983020742556283,0.6983020742556283,0.6983020742556283,55,0,
APC,APC-ARKO PETROLEUM CORP-2022.pdf,42,0.738162293187477,1,0.738162293187477,0.738162293187477,0.738162293187477,0.738162293187477,32,0,
APC,APC-ARKO PETROLEUM CORP-2022.pdf,44,0.659445413076847,1,0.659445413076847,0.659445413076847,0.659445413076847,0.659445413076847,45,0,
APC,APC-ARKO PETROLEUM CORP-2022.pdf,46,0.0,0,0.0,0.0,0.0,0.0,0,0,
AZO,AZO-AUTOZONE INC-2023.pdf,3,0.0,0,0.0,0.0,0.0,0.0,0,0,
AZO,AZO-AUTOZONE INC-2023.pdf,4,0.0,0,0.0,0.0,0.0,0.0,0,0,
AZO,AZO-AUTOZONE INC-2023.pdf,5,0.0,0,0.0,0.0,0.0,0.0,0,0,
AZO,AZO-AUTOZONE INC-2023.pdf,10,0.0,0,0.0,0.0,0.0,0.0,0,0,
AZO,AZO-AUTOZONE INC-2023.pdf,17,0.0,0,0.0,0.0,0.0,0.0,0,0,
AZO,AZO-AUTOZONE INC-2023.pdf,19,1.0,1,0.0,0.0,0.0,1.0,2,1,
AZO,AZO-AUTOZONE INC-2023.pdf,21,0.0,0,0.0,0.0,0.0,0.0,0,0,
AZO,AZO-AUTOZONE INC-2023.pdf,23,0.0374899456917004,3,0.0374899456917004,0.0374899456917004,0.0374899456917004,0.0124966933873044,3,0,
AZO,AZO-AUTOZONE INC-2023.pdf,28,0.0,0,0.0,0.0,0.0,0.0,0,0,
AZO,AZO-AUTOZONE INC-2023.pdf,30,0.0,0,0.0,0.0,0.0,0.0,0,0,
AZO,AZO-AUTOZONE INC-2023.pdf,34,0.0,0,0.0,0.0,0.0,0.0,0,0,
AZO,AZO-AUTOZONE INC-2023.pdf,35,0.0,0,0.0,0.0,0.0,0.0,0,0,
AZO,AZO-AUTOZONE INC-2023.pdf,39,0.0,0,0.0,0.0,0.0,0.0,0,0,
AZO,AZO-AUTOZONE INC-2023.pdf,42,0.0,0,0.0,0.0,0.0,0.0,0,0,
AZO,AZO-AUTOZONE INC-2023.pdf,44,0.0,0,0.0,0.0,0.0,0.0,0,0,
AZO,AZO-AUTOZONE INC-2023.pdf,55,0.0,0,0.0,0.0,0.0,0.0,0,0,
AZO,AZO-AUTOZONE INC-2023.pdf,57,0.0,0,0.0,0.0,0.0,0.0,0,0,
AZO,AZO-AUTOZONE INC-2023.pdf,58,0.0,0,0.0,0.0,0.0,0.0,0,0,
AZO,AZO-AUTOZONE INC-2023.pdf,59,0.0,0,0.0,0.0,0.0,0.0,0,0,
AZO,AZO-AUTOZONE INC-2023.pdf,64,0.7272347243884929,1,0.7272347243884929,0.7272347243884929,0.7272347243884929,0.7272347243884929,45,0,
AZO,AZO-AUTOZONE INC-2023.pdf,65,0.7324966937037862,1,0.7324966937037862,0.7324966937037862,0.7324966937037862,0.7324966937037862,51,0,
AZO,AZO-AUTOZONE INC-2023.pdf,66,0.7040546516018023,1,0.7040546516018023,0.7040546516018023,0.7040546516018023,0.7040546516018023,44,0,
AZO,AZO-AUTOZONE INC-2023.pdf,68,0.7221082663852578,1,0.7221082663852578,0.7221082663852578,0.7221082663852578,0.7221082663852578,41,0,
AZO,AZO-AUTOZONE INC-2023.pdf,70,0.6230252806351917,1,0.6230252806351917,0.6230252806351917,0.6230252806351917,0.6230252806351917,38,0,
AZO,AZO-AUTOZONE INC-2023.pdf,71,0.6538106199866309,1,0.6538106199866309,0.6538106199866309,0.6538106199866309,0.6538106199866309,39,0,
AZO,AZO-AUTOZONE INC-2023.pdf,73,0.6188823635654792,2,0.6188823635654792,0.6188823635654792,0.6188823635654792,0.5749732241632005,14,0,
AZO,AZO-AUTOZONE INC-2026.pdf,4,0.0,0,0.0,0.0,0.0,0.0,0,0,
AZO,AZO-AUTOZONE INC-2026.pdf,20,0.4293414235801643,1,0.4293414235801643,0.4293414235801643,0.4293414235801643,0.4293414235801643,20,0,
AZO,AZO-AUTOZONE INC-2026.pdf,22,0.6037749227363504,1,0.6037749227363504,0.6037749227363504,0.6037749227363504,0.6037749227363504,51,0,
AZO,AZO-AUTOZONE INC-2026.pdf,29,0.4416371078472634,1,0.4416371078472634,0.4416371078472634,0.4416371078472634,0.4416371078472634,40,0,
BBBY,BBBY-BED BATH & BEYOND INC-2021.pdf,5,0.0,0,0.0,0.0,0.0,0.0,0,0,
BBBY,BBBY-BED BATH & BEYOND INC-2021.pdf,14,0.1023077647058823,2,0.1023077647058823,0.1023077647058823,0.1023077647058823,0.0511538823529411,3,0,
BBBY,BBBY-BED BATH & BEYOND INC-2021.pdf,15,0.3379679144385026,1,0.3379679144385026,0.3379679144385026,0.3379679144385026,0.3379679144385026,3,0,
BBBY,BBBY-BED BATH & BEYOND INC-2021.pdf,18,0.2991016042780748,1,0.2991016042780748,0.2991016042780748,0.2991016042780748,0.2991016042780748,2,0,
BBBY,BBBY-BED BATH & BEYOND INC-2021.pdf,21,0.4292192513368983,1,0.4292192513368983,0.4292192513368983,0.4292192513368983,0.4292192513368983,2,0,
BBBY,BBBY-BED BATH & BEYOND INC-2021.pdf,26,0.0,0,0.0,0.0,0.0,0.0,0,0,
BBBY,BBBY-BED BATH & BEYOND INC-2021.pdf,27,0.0,0,0.0,0.0,0.0,0.0,0,0,
BBBY,BBBY-BED BATH & BEYOND INC-2021.pdf,28,0.0,0,0.0,0.0,0.0,0.0,0,0,
BBBY,BBBY-BED BATH & BEYOND INC-2021.pdf,29,0.5488308813131313,1,0.5488308813131313,0.5488308813131313,0.5488308813131313,0.5488308813131313,3,0,
BBBY,BBBY-BED BATH & BEYOND INC-2021.pdf,31,0.6548128342245989,1,0.6548128342245989,0.6548128342245989,0.6548128342245989,0.6548128342245989,2,0,
BBBY,BBBY-BED BATH & BEYOND INC-2021.pdf,33,0.2754438502673796,1,0.2754438502673796,0.2754438502673796,0.2754438502673796,0.2754438502673796,2,0,
BBBY,BBBY-BED BATH & BEYOND INC-2021.pdf,34,0.2991016042780748,1,0.2991016042780748,0.2991016042780748,0.2991016042780748,0.2991016042780748,2,0,
BBBY,BBBY-BED BATH & BEYOND INC-2021.pdf,35,0.0,0,0.0,0.0,0.0,0.0,0,0,
BBBY,BBBY-BED BATH & BEYOND INC-2021.pdf,36,0.0,0,0.0,0.0,0.0,0.0,0,0,
BBBY,BBBY-BED BATH & BEYOND INC-2021.pdf,39,0.4166394071598337,2,0.4166394071598337,0.4166394071598337,0.4166394071598337,0.4013962959001783,6,0,
BBBY,BBBY-BED BATH & BEYOND INC-2021.pdf,45,0.5044460472370766,1,0.5044460472370766,0.5044460472370766,0.5044460472370766,0.5044460472370766,6,0,
BBWI,BBWI-BATH & BODY WORKS INC-2022.pdf,4,0.0759070956570571,1,0.0759070956570571,0.0759070956570571,0.0759070956570571,0.0759070956570571,2,0,
BBWI,BBWI-BATH & BODY WORKS INC-2022.pdf,6,0.3989476026354788,1,0.3989476026354788,0.3989476026354788,0.3989476026354788,0.3989476026354788,4,0,
BBWI,BBWI-BATH & BODY WORKS INC-2022.pdf,7,0.0786858563498076,3,0.0786858563498076,0.0786858563498076,0.0786858563498076,0.0756381378125804,11,0,
BBWI,BBWI-BATH & BODY WORKS INC-2022.pdf,8,0.3520008083285416,1,0.3520008083285416,0.3520008083285416,0.3520008083285416,0.3520008083285416,5,0,
BBWI,BBWI-BATH & BODY WORKS INC-2022.pdf,12,0.0,0,0.0,0.0,0.0,0.0,0,0,
BBWI,BBWI-BATH & BODY WORKS INC-2022.pdf,15,0.0685965751987919,1,0.0685965751987919,0.0685965751987919,0.0685965751987919,0.0685965751987919,4,0,
BBWI,BBWI-BATH & BODY WORKS INC-2022.pdf,21,0.0,0,0.0,0.0,0.0,0.0,0,0,
BBWI,BBWI-BATH & BODY WORKS INC-2022.pdf,25,0.0,0,0.0,0.0,0.0,0.0,0,0,
BBWI,BBWI-BATH & BODY WORKS INC-2022.pdf,26,0.0,0,0.0,0.0,0.0,0.0,0,0,
BBWI,BBWI-BATH & BODY WORKS INC-2022.pdf,30,0.0048237891062249,1,0.0048237891062249,0.0048237891062249,0.0048237891062249,0.0048237891062249,46,0,
BBWI,BBWI-BATH & BODY WORKS INC-2022.pdf,31,0.1540188362716054,2,0.1540188362716054,0.1540188362716054,0.1540188362716054,0.1491952678031618,4,0,
BBWI,BBWI-BATH & BODY WORKS INC-2022.pdf,33,0.0,0,0.0,0.0,0.0,0.0,0,0,
BBWI,BBWI-BATH & BODY WORKS INC-2022.pdf,36,0.0,0,0.0,0.0,0.0,0.0,0,0,
BBWI,BBWI-BATH & BODY WORKS INC-2022.pdf,37,0.1395917251278194,1,0.1395917251278194,0.1395917251278194,0.1395917251278194,0.1395917251278194,5,0,
BBWI,BBWI-BATH & BODY WORKS INC-2022.pdf,40,0.0,0,0.0,0.0,0.0,0.0,0,0,
BBWI,BBWI-BATH & BODY WORKS INC-2022.pdf,42,0.0390749510913042,1,0.0390749510913042,0.0390749510913042,0.0390749510913042,0.0390749510913042,47,0,
BBWI,BBWI-BATH & BODY WORKS INC-2022.pdf,43,0.0,0,0.0,0.0,0.0,0.0,0,0,
BBWI,BBWI-BATH & BODY WORKS INC-2022.pdf,45,0.1411794059296827,1,0.1411794059296827,0.1411794059296827,0.1411794059296827,0.1411794059296827,9,0,
BBWI,BBWI-BATH & BODY WORKS INC-2022.pdf,46,0.0313135437482388,1,0.0313135437482388,0.0313135437482388,0.0313135437482388,0.0313135437482388,3,0,
BBWI,BBWI-BATH & BODY WORKS INC-2022.pdf,47,0.0313135437482388,1,0.0313135437482388,0.0313135437482388,0.0313135437482388,0.0313135437482388,3,0,
BBWI,BBWI-BATH & BODY WORKS INC-2022.pdf,48,0.0313135437482388,1,0.0313135437482388,0.0313135437482388,0.0313135437482388,0.0313135437482388,3,0,
BBWI,BBWI-BATH & BODY WORKS INC-2022.pdf,51,0.0313135437482388,1,0.0313135437482388,0.0313135437482388,0.0313135437482388,0.0313135437482388,3,0,
BBWI,BBWI-BATH & BODY WORKS INC-2022.pdf,52,0.0313135437482388,1,0.0313135437482388,0.0313135437482388,0.0313135437482388,0.0313135437482388,3,0,
BBWI,BBWI-BATH & BODY WORKS INC-2022.pdf,53,0.0313135437482388,1,0.0313135437482388,0.0313135437482388,0.0313135437482388,0.0313135437482388,3,0,
BBWI,BBWI-BATH & BODY WORKS INC-2022.pdf,54,0.077922283883209,1,0.077922283883209,0.077922283883209,0.077922283883209,0.077922283883209,10,0,
BBWI,BBWI-BATH & BODY WORKS INC-2022.pdf,56,0.0779222641075333,1,0.0779222641075333,0.0779222641075333,0.0779222641075333,0.0779222641075333,3,0,
BBWI,BBWI-BATH & BODY WORKS INC-2022.pdf,57,0.079448999690047,1,0.079448999690047,0.079448999690047,0.079448999690047,0.079448999690047,3,0,
BBWI,BBWI-BATH & BODY WORKS INC-2023.pdf,5,0.0,0,0.0,0.0,0.0,0.0,0,0,
BBWI,BBWI-BATH & BODY WORKS INC-2023.pdf,6,0.0829159653889465,1,0.0829159653889465,0.0829159653889465,0.0829159653889465,0.0829159653889465,3,0,
BBWI,BBWI-BATH & BODY WORKS INC-2023.pdf,7,0.2419254866962257,5,0.2419254866962257,0.2419254866962257,0.2419254866962257,0.2187931236587673,8,0,
BBWI,BBWI-BATH & BODY WORKS INC-2023.pdf,10,0.0,0,0.0,0.0,0.0,0.0,0,0,
BBWI,BBWI-BATH & BODY WORKS INC-2023.pdf,12,0.2957417378828234,1,0.2957417378828234,0.2957417378828234,0.2957417378828234,0.2957417378828234,4,0,
BBWI,BBWI-BATH & BODY WORKS INC-2023.pdf,13,0.0181627071370826,1,0.0181627071370826,0.0181627071370826,0.0181627071370826,0.0181627071370826,2,0,
BBWI,BBWI-BATH & BODY WORKS INC-2023.pdf,15,0.0,0,0.0,0.0,0.0,0.0,0,0,
BBWI,BBWI-BATH & BODY WORKS INC-2023.pdf,16,0.0298019755732221,1,0.0298019755732221,0.0298019755732221,0.0298019755732221,0.0298019755732221,2,0,
BBWI,BBWI-BATH & BODY WORKS INC-2023.pdf,17,0.0,0,0.0,0.0,0.0,0.0,0,0,
BBWI,BBWI-BATH & BODY WORKS INC-2023.pdf,18,0.0,0,0.0,0.0,0.0,0.0,0,0,
BBWI,BBWI-BATH & BODY WORKS INC-2023.pdf,19,0.0,0,0.0,0.0,0.0,0.0,0,0,
BBWI,BBWI-BATH & BODY WORKS INC-2023.pdf,20,0.0,0,0.0,0.0,0.0,0.0,0,0,
BBWI,BBWI-BATH & BODY WORKS INC-2023.pdf,22,0.0176650706627477,2,0.0176650706627477,0.0176650706627477,0.0176650706627477,0.0158442090234648,2,0,
BBWI,BBWI-BATH & BODY WORKS INC-2023.pdf,25,0.0,0,0.0,0.0,0.0,0.0,0,0,
BBWI,BBWI-BATH & BODY WORKS INC-2023.pdf,26,0.0,0,0.0,0.0,0.0,0.0,0,0,
BBWI,BBWI-BATH & BODY WORKS INC-2023.pdf,29,0.0,0,0.0,0.0,0.0,0.0,0,0,
BBWI,BBWI-BATH & BODY WORKS INC-2023.pdf,33,0.1667836614856753,2,0.1667836614856753,0.1667836614856753,0.1667836614856753,0.096876646992199,2,0,
BBWI,BBWI-BATH & BODY WORKS INC-2023.pdf,34,0.0,0,0.0,0.0,0.0,0.0,0,0,
BBWI,BBWI-BATH & BODY WORKS INC-2023.pdf,36,0.0,0,0.0,0.0,0.0,0.0,0,0,
BBWI,BBWI-BATH & BODY WORKS INC-2023.pdf,38,0.0,0,0.0,0.0,0.0,0.0,0,0,
BBWI,BBWI-BATH & BODY WORKS INC-2023.pdf,41,0.0,0,0.0,0.0,0.0,0.0,0,0,
BBWI,BBWI-BATH & BODY WORKS INC-2023.pdf,42,0.0167664908126973,3,0.0167664908126973,0.0167664908126973,0.0167664908126973,0.0055888302708991,2,0,
BBWI,BBWI-BATH & BODY WORKS INC-2023.pdf,43,0.0,0,0.0,0.0,0.0,0.0,0,0,
BBWI,BBWI-BATH & BODY WORKS INC-2023.pdf,44,0.0,0,0.0,0.0,0.0,0.0,0,0,
BBWI,BBWI-BATH & BODY WORKS INC-2023.pdf,45,0.1283897036926973,2,0.1283897036926973,0.1283897036926973,0.1283897036926973,0.1208988437293799,5,0,
BBWI,BBWI-BATH & BODY WORKS INC-2023.pdf,52,0.0,0,0.0,0.0,0.0,0.0,0,0,
BBWI,BBWI-BATH & BODY WORKS INC-2023.pdf,58,0.0,0,0.0,0.0,0.0,0.0,0,0,
BBWI,BBWI-BATH & BODY WORKS INC-2023.pdf,59,0.0577474041574301,2,0.0577474041574301,0.0577474041574301,0.0577474041574301,0.0498612795904847,6,0,
BBWI,BBWI-BATH & BODY WORKS INC-2023.pdf,61,0.0249309757741084,1,0.0249309757741084,0.0249309757741084,0.0249309757741084,0.0249309757741084,3,0,
BBWI,BBWI-BATH & BODY WORKS INC-2023.pdf,62,0.0498619515482168,2,0.0498619515482168,0.0498619515482168,0.0498619515482168,0.0249309757741084,3,0,
BBWI,BBWI-BATH & BODY WORKS INC-2023.pdf,63,0.0998731523749165,3,0.0998731523749165,0.0998731523749165,0.0998731523749165,0.0500112605562758,5,0,
BBWI,BBWI-BATH & BODY WORKS INC-2023.pdf,64,0.0749422960599603,2,0.0749422960599603,0.0749422960599603,0.0749422960599603,0.0500112605562758,5,0,
BBWI,BBWI-BATH & BODY WORKS INC-2023.pdf,66,0.0747928675927488,3,0.0747928675927488,0.0747928675927488,0.0747928675927488,0.0249309757741084,3,0,
BBWI,BBWI-BATH & BODY WORKS INC-2023.pdf,68,0.0500112605562758,1,0.0500112605562758,0.0500112605562758,0.0500112605562758,0.0500112605562758,5,0,
BBWI,BBWI-BATH & BODY WORKS INC-2023.pdf,70,0.0749422064655961,2,0.0749422064655961,0.0749422064655961,0.0749422064655961,0.0500112605562758,5,0,
BBWI,BBWI-BATH & BODY WORKS INC-2023.pdf,71,0.1497351113893303,5,0.1497351113893303,0.1497351113893303,0.1497351113893303,0.0500112381576847,4,0,
BBWI,BBWI-BATH & BODY WORKS INC-2023.pdf,73,0.0498622571575849,1,0.0498622571575849,0.0498622571575849,0.0498622571575849,0.0498622571575849,7,0,
BBWI,BBWI-BATH & BODY WORKS INC-2023.pdf,75,0.1246550281944823,4,0.1246550281944823,0.1246550281944823,0.1246550281944823,0.049862026210187,4,0,
BBWI,BBWI-BATH & BODY WORKS INC-2023.pdf,76,0.0,0,0.0,0.0,0.0,0.0,0,0,
BBY,BBY-BEST BUY CO INC-2023.pdf,3,0.1580291476860104,1,0.1580291476860104,0.1580291476860104,0.1580291476860104,0.1580291476860104,2,0,
BBY,BBY-BEST BUY CO INC-2023.pdf,9,0.1580291476860104,1,0.1580291476860104,0.1580291476860104,0.1580291476860104,0.1580291476860104,2,0,
BBY,BBY-BEST BUY CO INC-2023.pdf,18,0.2361293739404237,6,0.2361293739404237,0.2361293739404237,0.2361293739404237,0.1580291476860104,2,0,
BBY,BBY-BEST BUY CO INC-2023.pdf,23,0.1580291476860104,1,0.1580291476860104,0.1580291476860104,0.1580291476860104,0.1580291476860104,2,0,
BBY,BBY-BEST BUY CO INC-2023.pdf,32,0.1580291476860104,1,0.1580291476860104,0.1580291476860104,0.1580291476860104,0.1580291476860104,2,0,
BBY,BBY-BEST BUY CO INC-2023.pdf,33,0.1676531546675909,2,0.1676531546675909,0.1676531546675909,0.1676531546675909,0.1580291476860104,2,0,
BBY,BBY-BEST BUY CO INC-2023.pdf,38,0.1580291476860104,1,0.1580291476860104,0.1580291476860104,0.1580291476860104,0.1580291476860104,2,0,
BBY,BBY-BEST BUY CO INC-2023.pdf,40,0.1580291476860104,1,0.1580291476860104,0.1580291476860104,0.1580291476860104,0.1580291476860104,2,0,
BBY,BBY-BEST BUY CO INC-2023.pdf,46,0.1580291476860104,1,0.1580291476860104,0.1580291476860104,0.1580291476860104,0.1580291476860104,2,0,
BBY,BBY-BEST BUY CO INC-2023.pdf,55,0.1580291476860104,1,0.1580291476860104,0.1580291476860104,0.1580291476860104,0.1580291476860104,2,0,
BBY,BBY-BEST BUY CO INC-2023.pdf,64,0.1580291476860104,1,0.1580291476860104,0.1580291476860104,0.1580291476860104,0.1580291476860104,2,0,
BBY,BBY-BEST BUY CO INC-2023.pdf,66,0.1580291476860104,1,0.1580291476860104,0.1580291476860104,0.1580291476860104,0.1580291476860104,2,0,
BBY,BBY-BEST BUY CO INC-2023.pdf,67,0.1580291476860104,1,0.1580291476860104,0.1580291476860104,0.1580291476860104,0.1580291476860104,2,0,
BBY,BBY-BEST BUY CO INC-2023.pdf,68,0.1580291476860104,1,0.1580291476860104,0.1580291476860104,0.1580291476860104,0.1580291476860104,2,0,
BBY,BBY-BEST BUY CO INC-2023.pdf,70,0.1580291476860104,1,0.1580291476860104,0.1580291476860104,0.1580291476860104,0.1580291476860104,2,0,
BBY,BBY-BEST BUY CO INC-2023.pdf,79,0.1580291476860104,1,0.1580291476860104,0.1580291476860104,0.1580291476860104,0.1580291476860104,2,0,
BBY,BBY-BEST BUY CO INC-2023.pdf,82,0.1580291476860104,1,0.1580291476860104,0.1580291476860104,0.1580291476860104,0.1580291476860104,2,0,
BBY,BBY-BEST BUY CO INC-2023.pdf,83,0.1580291476860104,1,0.1580291476860104,0.1580291476860104,0.1580291476860104,0.1580291476860104,2,0,
BBY,BBY-BEST BUY CO INC-2023.pdf,85,0.1676950492671816,2,0.1676950492671816,0.1676950492671816,0.1676950492671816,0.1580291476860104,2,0,
BBY,BBY-BEST BUY CO INC-2023.pdf,98,0.1580291476860104,1,0.1580291476860104,0.1580291476860104,0.1580291476860104,0.1580291476860104,2,0,
BBY,BBY-BEST BUY CO INC-2023.pdf,103,0.5822345962283166,2,0.5822345962283166,0.5822345962283166,0.5822345962283166,0.4242054485423061,33,0,
BIRD,BIRD-ALLBIRDS INC-2023.pdf,10,0.0,0,0.0,0.0,0.0,0.0,0,0,
BIRD,BIRD-ALLBIRDS INC-2023.pdf,11,0.0,0,0.0,0.0,0.0,0.0,0,0,
BIRD,BIRD-ALLBIRDS INC-2023.pdf,12,0.0,0,0.0,0.0,0.0,0.0,0,0,
BIRD,BIRD-ALLBIRDS INC-2023.pdf,14,0.0,0,0.0,0.0,0.0,0.0,0,0,
BIRD,BIRD-ALLBIRDS INC-2023.pdf,15,0.0,0,0.0,0.0,0.0,0.0,0,0,
BIRD,BIRD-ALLBIRDS INC-2023.pdf,19,0.0469511940173796,1,0.0469511940173796,0.0469511940173796,0.0469511940173796,0.0469511940173796,4,0,
BIRD,BIRD-ALLBIRDS INC-2023.pdf,20,0.3625307248960189,2,0.3625307248960189,0.3625307248960189,0.3625307248960189,0.2715797347556446,7,0,
BIRD,BIRD-ALLBIRDS INC-2023.pdf,21,0.4925930823863637,1,0.4925930823863637,0.4925930823863637,0.4925930823863637,0.4925930823863637,9,0,
BIRD,BIRD-ALLBIRDS INC-2023.pdf,22,0.045815904974995,1,0.045815904974995,0.045815904974995,0.045815904974995,0.045815904974995,4,0,
BIRD,BIRD-ALLBIRDS INC-2023.pdf,23,0.0458975647095959,1,0.0458975647095959,0.0458975647095959,0.0458975647095959,0.0458975647095959,4,0,
BIRD,BIRD-ALLBIRDS INC-2023.pdf,26,0.1752359211601307,2,0.1752359211601307,0.1752359211601307,0.1752359211601307,0.1293383564505347,2,0,
BIRD,BIRD-ALLBIRDS INC-2023.pdf,29,0.0458975647095959,1,0.0458975647095959,0.0458975647095959,0.0458975647095959,0.0458975647095959,4,0,
BIRD,BIRD-ALLBIRDS INC-2023.pdf,30,0.0458975647095959,1,0.0458975647095959,0.0458975647095959,0.0458975647095959,0.0458975647095959,4,0,
BIRD,BIRD-ALLBIRDS INC-2023.pdf,31,0.1716096274324123,1,0.1716096274324123,0.1716096274324123,0.1716096274324123,0.1716096274324123,4,0,
BIRD,BIRD-ALLBIRDS INC-2023.pdf,34,0.122546034610814,2,0.122546034610814,0.122546034610814,0.122546034610814,0.076806448677956,4,0,
BIRD,BIRD-ALLBIRDS INC-2023.pdf,35,0.0469511940173797,1,0.0469511940173797,0.0469511940173797,0.0469511940173797,0.0469511940173797,3,0,
BIRD,BIRD-ALLBIRDS INC-2023.pdf,38,0.0239177352569815,1,0.0239177352569815,0.0239177352569815,0.0239177352569815,0.0239177352569815,2,0,
BIRD,BIRD-ALLBIRDS INC-2023.pdf,39,0.0239177352569815,1,0.0239177352569815,0.0239177352569815,0.0239177352569815,0.0239177352569815,2,0,
BIRD,BIRD-ALLBIRDS INC-2023.pdf,41,0.2194296893808729,2,0.2194296893808729,0.2194296893808729,0.2194296893808729,0.1724784953634933,2,0,
BIRD,BIRD-ALLBIRDS INC-2023.pdf,42,0.2837615233988165,2,0.2837615233988165,0.2837615233988165,0.2837615233988165,0.2368102746985788,3,0,
BIRD,BIRD-ALLBIRDS INC-2023.pdf,43,0.2733339061571598,1,0.2733339061571598,0.2733339061571598,0.2733339061571598,0.2733339061571598,4,0,
BIRD,BIRD-ALLBIRDS INC-2023.pdf,44,0.43304563195923,2,0.43304563195923,0.43304563195923,0.43304563195923,0.2608530906491384,4,0,
BIRD,BIRD-ALLBIRDS INC-2023.pdf,45,0.2927228790663992,2,0.2927228790663992,0.2927228790663992,0.2927228790663992,0.2457716303661616,7,0,
BRLT,BRLT-BRILLIANT EARTH GP INC-2023.pdf,2,1.0,1,0.0,0.0,0.0,1.0,2,1,
BRLT,BRLT-BRILLIANT EARTH GP INC-2023.pdf,4,0.0,0,0.0,0.0,0.0,0.0,0,0,
BRLT,BRLT-BRILLIANT EARTH GP INC-2023.pdf,5,0.2901785714285714,1,0.2901785714285714,0.2901785714285714,0.2901785714285714,0.2901785714285714,2,0,
BRLT,BRLT-BRILLIANT EARTH GP INC-2023.pdf,8,0.0388611370474115,1,0.0388611370474115,0.0388611370474115,0.0388611370474115,0.0388611370474115,2,0,
BRLT,BRLT-BRILLIANT EARTH GP INC-2023.pdf,9,1.0,1,0.0,0.0,0.0,1.0,2,1,
BRLT,BRLT-BRILLIANT EARTH GP INC-2023.pdf,10,0.0,0,0.0,0.0,0.0,0.0,0,0,
BRLT,BRLT-BRILLIANT EARTH GP INC-2023.pdf,13,0.0,0,0.0,0.0,0.0,0.0,0,0,
BRLT,BRLT-BRILLIANT EARTH GP INC-2023.pdf,15,1.0,1,0.0,0.0,0.0,1.0,2,1,
BRLT,BRLT-BRILLIANT EARTH GP INC-2023.pdf,16,1.0,1,0.0,0.0,0.0,1.0,2,1,
BRLT,BRLT-BRILLIANT EARTH GP INC-2023.pdf,18,0.0,0,0.0,0.0,0.0,0.0,0,0,
BRLT,BRLT-BRILLIANT EARTH GP INC-2023.pdf,21,0.0602761875583566,1,0.0602761875583566,0.0602761875583566,0.0602761875583566,0.0602761875583566,2,0,
BRLT,BRLT-BRILLIANT EARTH GP INC-2023.pdf,22,1.0,1,0.0,0.0,0.0,1.0,2,1,
BRLT,BRLT-BRILLIANT EARTH GP INC-2023.pdf,24,0.0,0,0.0,0.0,0.0,0.0,0,0,
BRLT,BRLT-BRILLIANT EARTH GP INC-2023.pdf,25,0.0,0,0.0,0.0,0.0,0.0,0,0,
BRLT,BRLT-BRILLIANT EARTH GP INC-2023.pdf,27,0.0,0,0.0,0.0,0.0,0.0,0,0,
BRLT,BRLT-BRILLIANT EARTH GP INC-2023.pdf,28,0.6388805667028824,1,0.6388805667028824,0.6388805667028824,0.6388805667028824,0.6388805667028824,45,0,
CAL,CAL-CALERES INC-2022.pdf,7,0.0,0,0.0,0.0,0.0,0.0,0,0,
CAL,CAL-CALERES INC-2022.pdf,14,0.0,0,0.0,0.0,0.0,0.0,0,0,
CAL,CAL-CALERES INC-2022.pdf,15,0.0181267544206532,1,0.0181267544206532,0.0181267544206532,0.0181267544206532,0.0181267544206532,2,0,
CAL,CAL-CALERES INC-2023.pdf,7,0.0,0,0.0,0.0,0.0,0.0,0,0,
CAL,CAL-CALERES INC-2023.pdf,10,0.0,0,0.0,0.0,0.0,0.0,0,0,
CAL,CAL-CALERES INC-2023.pdf,21,0.0,0,0.0,0.0,0.0,0.0,0,0,
CAL,CAL-CALERES INC-2023.pdf,23,0.0006804320987654,1,0.0006804320987654,0.0006804320987654,0.0006804320987654,0.0006804320987654,2,0,
CAL,CAL-CALERES INC-2023.pdf,27,0.0,0,0.0,0.0,0.0,0.0,0,0,
CAL,CAL-CALERES INC-2023.pdf,28,0.0,0,0.0,0.0,0.0,0.0,0,0,
CAL,CAL-CALERES INC-2023.pdf,40,0.0561902416838134,1,0.0561902416838134,0.0561902416838134,0.0561902416838134,0.0561902416838134,4,0,
CAL,CAL-CALERES INC-2023.pdf,41,0.0561902416838134,1,0.0561902416838134,0.0561902416838134,0.0561902416838134,0.0561902416838134,4,0,
CAL,CAL-CALERES INC-2023.pdf,43,0.0561902416838134,1,0.0561902416838134,0.0561902416838134,0.0561902416838134,0.0561902416838134,4,0,
CAL,CAL-CALERES INC-2023.pdf,44,0.0561902416838134,1,0.0561902416838134,0.0561902416838134,0.0561902416838134,0.0561902416838134,4,0,
CAL,CAL-CALERES INC-2023.pdf,46,0.0561902416838134,1,0.0561902416838134,0.0561902416838134,0.0561902416838134,0.0561902416838134,4,0,
CAL,CAL-CALERES INC-2023.pdf,47,0.0561902416838134,1,0.0561902416838134,0.0561902416838134,0.0561902416838134,0.0561902416838134,4,0,
CAL,CAL-CALERES INC-2023.pdf,48,0.0303474271797839,1,0.0303474271797839,0.0303474271797839,0.0303474271797839,0.0303474271797839,5,0,
CAL,CAL-CALERES INC-2023.pdf,50,0.0565254320987654,1,0.0565254320987654,0.0565254320987654,0.0565254320987654,0.0565254320987654,3,0,
CAL,CAL-CALERES INC-2023.pdf,51,0.0565254320987654,1,0.0565254320987654,0.0565254320987654,0.0565254320987654,0.0565254320987654,3,0,
CASY,CASY-CASEYS GENERAL STORES INC-2022.pdf,3,0.0,0,0.0,0.0,0.0,0.0,0,0,
CASY,CASY-CASEYS GENERAL STORES INC-2022.pdf,7,0.210992887780112,1,0.210992887780112,0.210992887780112,0.210992887780112,0.210992887780112,5,0,
CASY,CASY-CASEYS GENERAL STORES INC-2022.pdf,12,0.4542467612044818,1,0.4542467612044818,0.4542467612044818,0.4542467612044818,0.4542467612044818,18,0,
CASY,CASY-CASEYS GENERAL STORES INC-2022.pdf,16,0.0,0,0.0,0.0,0.0,0.0,0,0,
CASY,CASY-CASEYS GENERAL STORES INC-2022.pdf,17,0.0,0,0.0,0.0,0.0,0.0,0,0,
CASY,CASY-CASEYS GENERAL STORES INC-2022.pdf,28,0.4365976413482059,1,0.4365976413482059,0.4365976413482059,0.4365976413482059,0.4365976413482059,9,0,
CASY,CASY-CASEYS GENERAL STORES INC-2022.pdf,29,0.0,0,0.0,0.0,0.0,0.0,0,0,
CASY,CASY-CASEYS GENERAL STORES INC-2022.pdf,30,0.0,0,0.0,0.0,0.0,0.0,0,0,
CASY,CASY-CASEYS GENERAL STORES INC-2022.pdf,31,0.0,0,0.0,0.0,0.0,0.0,0,0,
CASY,CASY-CASEYS GENERAL STORES INC-2022.pdf,32,0.1329538999010097,1,0.1329538999010097,0.1329538999010097,0.1329538999010097,0.1329538999010097,12,0,
CASY,CASY-CASEYS GENERAL STORES INC-2022.pdf,36,0.0,0,0.0,0.0,0.0,0.0,0,0,
CASY,CASY-CASEYS GENERAL STORES INC-2022.pdf,37,0.0,0,0.0,0.0,0.0,0.0,0,0,
CASY,CASY-CASEYS GENERAL STORES INC-2022.pdf,38,0.0,0,0.0,0.0,0.0,0.0,0,0,
CASY,CASY-CASEYS GENERAL STORES INC-2022.pdf,49,0.0966075319016495,1,0.0966075319016495,0.0966075319016495,0.0966075319016495,0.0966075319016495,11,0,
CASY,CASY-CASEYS GENERAL STORES INC-2022.pdf,50,0.0,0,0.0,0.0,0.0,0.0,0,0,
CASY,CASY-CASEYS GENERAL STORES INC-2022.pdf,51,0.1041177871148459,1,0.1041177871148459,0.1041177871148459,0.1041177871148459,0.1041177871148459,15,0,
CASY,CASY-CASEYS GENERAL STORES INC-2022.pdf,54,0.2933742389316838,1,0.2933742389316838,0.2933742389316838,0.2933742389316838,0.2933742389316838,31,0,
CASY,CASY-CASEYS GENERAL STORES INC-2022.pdf,55,0.3312742836718021,1,0.3312742836718021,0.3312742836718021,0.3312742836718021,0.3312742836718021,37,0,
CASY,CASY-CASEYS GENERAL STORES INC-2022.pdf,56,0.2894490376011515,1,0.2894490376011515,0.2894490376011515,0.2894490376011515,0.2894490376011515,32,0,
CASY,CASY-CASEYS GENERAL STORES INC-2022.pdf,57,0.0,0,0.0,0.0,0.0,0.0,0,0,
CASY,CASY-CASEYS GENERAL STORES INC-2022.pdf,58,0.0705643646347427,6,0.0705643646347427,0.0705643646347427,0.0705643646347427,0.0233657942343604,9,0,
CASY,CASY-CASEYS GENERAL STORES INC-2022.pdf,59,0.092268259155514,8,0.092268259155514,0.092268259155514,0.092268259155514,0.0177014926340906,7,0,
CASY,CASY-CASEYS GENERAL STORES INC-2022.pdf,61,0.0664704942032693,1,0.0664704942032693,0.0664704942032693,0.0664704942032693,0.0664704942032693,10,0,
CASY,CASY-CASEYS GENERAL STORES INC-2024.pdf,4,0.0,0,0.0,0.0,0.0,0.0,0,0,
CASY,CASY-CASEYS GENERAL STORES INC-2024.pdf,10,0.5047869397759104,1,0.5047869397759104,0.5047869397759104,0.5047869397759104,0.5047869397759104,24,0,
CASY,CASY-CASEYS GENERAL STORES INC-2024.pdf,11,0.3042491149237472,1,0.3042491149237472,0.3042491149237472,0.3042491149237472,0.3042491149237472,20,0,
CASY,CASY-CASEYS GENERAL STORES INC-2024.pdf,15,0.4124737394957984,1,0.4124737394957984,0.4124737394957984,0.4124737394957984,0.4124737394957984,9,0,
CASY,CASY-CASEYS GENERAL STORES INC-2024.pdf,18,0.0490876906318082,1,0.0490876906318082,0.0490876906318082,0.0490876906318082,0.0490876906318082,9,0,
CASY,CASY-CASEYS GENERAL STORES INC-2024.pdf,19,0.4673415810768752,2,0.4673415810768752,0.4673415810768752,0.4673415810768752,0.4056235605353253,8,0,
CASY,CASY-CASEYS GENERAL STORES INC-2024.pdf,20,0.0,0,0.0,0.0,0.0,0.0,0,0,
CASY,CASY-CASEYS GENERAL STORES INC-2024.pdf,21,0.0,0,0.0,0.0,0.0,0.0,0,0,
CASY,CASY-CASEYS GENERAL STORES INC-2024.pdf,24,0.0,0,0.0,0.0,0.0,0.0,0,0,
CASY,CASY-CASEYS GENERAL STORES INC-2024.pdf,26,0.0,0,0.0,0.0,0.0,0.0,0,0,
CASY,CASY-CASEYS GENERAL STORES INC-2024.pdf,31,0.0,0,0.0,0.0,0.0,0.0,0,0,
CASY,CASY-CASEYS GENERAL STORES INC-2024.pdf,32,0.0,0,0.0,0.0,0.0,0.0,0,0,
CASY,CASY-CASEYS GENERAL STORES INC-2024.pdf,33,0.2091503267973856,2,0.2091503267973856,0.2091503267973856,0.2091503267973856,0.1251167133520074,8,0,
CASY,CASY-CASEYS GENERAL STORES INC-2024.pdf,35,0.2060534879258416,2,0.2060534879258416,0.2060534879258416,0.2060534879258416,0.1537379031271072,21,0,
CASY,CASY-CASEYS GENERAL STORES INC-2024.pdf,36,0.1367680793845316,2,0.1367680793845316,0.1367680793845316,0.1367680793845316,0.0696195533769063,12,0,
CASY,CASY-CASEYS GENERAL STORES INC-2024.pdf,37,0.163209198471055,1,0.163209198471055,0.163209198471055,0.163209198471055,0.163209198471055,49,0,
CASY,CASY-CASEYS GENERAL STORES INC-2024.pdf,40,0.0,0,0.0,0.0,0.0,0.0,0,0,
CASY,CASY-CASEYS GENERAL STORES INC-2024.pdf,44,0.0,0,0.0,0.0,0.0,0.0,0,0,
CASY,CASY-CASEYS GENERAL STORES INC-2024.pdf,45,0.0,0,0.0,0.0,0.0,0.0,0,0,
CASY,CASY-CASEYS GENERAL STORES INC-2024.pdf,46,0.1553182384064737,1,0.1553182384064737,0.1553182384064737,0.1553182384064737,0.1553182384064737,11,0,
CASY,CASY-CASEYS GENERAL STORES INC-2024.pdf,47,0.0,0,0.0,0.0,0.0,0.0,0,0,
CASY,CASY-CASEYS GENERAL STORES INC-2024.pdf,48,0.0,0,0.0,0.0,0.0,0.0,0,0,
CASY,CASY-CASEYS GENERAL STORES INC-2024.pdf,61,0.6861112589480236,1,0.6861112589480236,0.6861112589480236,0.6861112589480236,0.6861112589480236,14,0,
COLM,COLM-COLUMBIA SPORTSWEAR CO-2021.pdf,5,0.0,0,0.0,0.0,0.0,0.0,0,0,
COLM,COLM-COLUMBIA SPORTSWEAR CO-2021.pdf,8,0.0,0,0.0,0.0,0.0,0.0,0,0,
COLM,COLM-COLUMBIA SPORTSWEAR CO-2021.pdf,13,0.0,0,0.0,0.0,0.0,0.0,0,0,
COLM,COLM-COLUMBIA SPORTSWEAR CO-2021.pdf,15,0.0,0,0.0,0.0,0.0,0.0,0,0,
COLM,COLM-COLUMBIA SPORTSWEAR CO-2021.pdf,20,0.0,0,0.0,0.0,0.0,0.0,0,0,
COLM,COLM-COLUMBIA SPORTSWEAR CO-2021.pdf,22,0.0,0,0.0,0.0,0.0,0.0,0,0,
COLM,COLM-COLUMBIA SPORTSWEAR CO-2021.pdf,24,1.0,1,0.0,0.0,0.0,1.0,3,1,
COLM,COLM-COLUMBIA SPORTSWEAR CO-2021.pdf,27,0.0,0,0.0,0.0,0.0,0.0,0,0,
COLM,COLM-COLUMBIA SPORTSWEAR CO-2021.pdf,28,0.0,0,0.0,0.0,0.0,0.0,0,0,
COLM,COLM-COLUMBIA SPORTSWEAR CO-2021.pdf,29,0.0,0,0.0,0.0,0.0,0.0,0,0,
COLM,COLM-COLUMBIA SPORTSWEAR CO-2021.pdf,37,0.0,0,0.0,0.0,0.0,0.0,0,0,
COLM,COLM-COLUMBIA SPORTSWEAR CO-2021.pdf,38,0.0,0,0.0,0.0,0.0,0.0,0,0,
COLM,COLM-COLUMBIA SPORTSWEAR CO-2021.pdf,41,0.5703618201005151,1,0.5703618201005151,0.5703618201005151,0.5703618201005151,0.5703618201005151,28,0,
COLM,COLM-COLUMBIA SPORTSWEAR CO-2021.pdf,42,0.6699230893493762,1,0.6699230893493762,0.6699230893493762,0.6699230893493762,0.6699230893493762,22,0,
COLM,COLM-COLUMBIA SPORTSWEAR CO-2021.pdf,46,0.0,0,0.0,0.0,0.0,0.0,0,0,
COLM,COLM-COLUMBIA SPORTSWEAR CO-2021.pdf,49,0.1614986006923814,3,0.1614986006923814,0.1614986006923814,0.1614986006923814,0.0622090017825312,3,0,
COLM,COLM-COLUMBIA SPORTSWEAR CO-2021.pdf,50,0.2430397991351424,3,0.2430397991351424,0.2430397991351424,0.2430397991351424,0.0968591693074536,3,0,
COLM,COLM-COLUMBIA SPORTSWEAR CO-2021.pdf,51,0.2170100524237473,3,0.2170100524237473,0.2170100524237473,0.2170100524237473,0.0745126225490196,3,0,
CRI,CRI-CARTER'S INC-2021.pdf,3,0.0,0,0.0,0.0,0.0,0.0,0,0,
CRI,CRI-CARTER'S INC-2021.pdf,4,0.0,0,0.0,0.0,0.0,0.0,0,0,
CRI,CRI-CARTER'S INC-2021.pdf,5,0.0,0,0.0,0.0,0.0,0.0,0,0,
CRI,CRI-CARTER'S INC-2021.pdf,7,0.0,0,0.0,0.0,0.0,0.0,0,0,
CRI,CRI-CARTER'S INC-2021.pdf,9,0.0,0,0.0,0.0,0.0,0.0,0,0,
CRI,CRI-CARTER'S INC-2021.pdf,12,0.0,0,0.0,0.0,0.0,0.0,0,0,
CRI,CRI-CARTER'S INC-2021.pdf,13,0.0,0,0.0,0.0,0.0,0.0,0,0,
CRI,CRI-CARTER'S INC-2021.pdf,19,0.0,0,0.0,0.0,0.0,0.0,0,0,
CRI,CRI-CARTER'S INC-2021.pdf,20,0.0,0,0.0,0.0,0.0,0.0,0,0,
CRI,CRI-CARTER'S INC-2021.pdf,21,0.0,0,0.0,0.0,0.0,0.0,0,0,
CRI,CRI-CARTER'S INC-2021.pdf,22,0.0,0,0.0,0.0,0.0,0.0,0,0,
CRI,CRI-CARTER'S INC-2021.pdf,23,0.0,0,0.0,0.0,0.0,0.0,0,0,
CRI,CRI-CARTER'S INC-2021.pdf,30,0.0,0,0.0,0.0,0.0,0.0,0,0,
CRI,CRI-CARTER'S INC-2021.pdf,31,0.0,0,0.0,0.0,0.0,0.0,0,0,
CRI,CRI-CARTER'S INC-2021.pdf,32,0.0,0,0.0,0.0,0.0,0.0,0,0,
CRI,CRI-CARTER'S INC-2021.pdf,34,0.0,0,0.0,0.0,0.0,0.0,0,0,
CRI,CRI-CARTER'S INC-2021.pdf,38,0.0,0,0.0,0.0,0.0,0.0,0,0,
CRI,CRI-CARTER'S INC-2021.pdf,39,0.0,0,0.0,0.0,0.0,0.0,0,0,
CRI,CRI-CARTER'S INC-2021.pdf,41,0.0,0,0.0,0.0,0.0,0.0,0,0,
CRI,CRI-CARTER'S INC-2021.pdf,42,0.0,0,0.0,0.0,0.0,0.0,0,0,
CRI,CRI-CARTER'S INC-2021.pdf,44,0.0,0,0.0,0.0,0.0,0.0,0,0,
CRI,CRI-CARTER'S INC-2021.pdf,47,0.0,0,0.0,0.0,0.0,0.0,0,0,
CRI,CRI-CARTER'S INC-2021.pdf,48,0.0,0,0.0,0.0,0.0,0.0,0,0,
CRI,CRI-CARTER'S INC-2021.pdf,49,0.0,0,0.0,0.0,0.0,0.0,0,0,
CRI,CRI-CARTER'S INC-2021.pdf,51,0.0465065468525484,4,0.0465065468525484,0.0465065468525484,0.0465065468525484,0.0120924329038601,4,0,
CRI,CRI-CARTER'S INC-2021.pdf,52,0.0,0,0.0,0.0,0.0,0.0,0,0,
CRI,CRI-CARTER'S INC-2021.pdf,55,0.0,0,0.0,0.0,0.0,0.0,0,0,
CRI,CRI-CARTER'S INC-2021.pdf,59,0.0,0,0.0,0.0,0.0,0.0,0,0,
CRI,CRI-CARTER'S INC-2021.pdf,60,0.0,0,0.0,0.0,0.0,0.0,0,0,
CRI,CRI-CARTER'S INC-2021.pdf,61,0.0,0,0.0,0.0,0.0,0.0,0,0,
CRI,CRI-CARTER'S INC-2021.pdf,62,0.0,0,0.0,0.0,0.0,0.0,0,0,
CRI,CRI-CARTER'S INC-2022.pdf,3,0.0,0,0.0,0.0,0.0,0.0,0,0,
CRI,CRI-CARTER'S INC-2022.pdf,4,0.0,0,0.0,0.0,0.0,0.0,0,0,
CRI,CRI-CARTER'S INC-2022.pdf,7,0.0,0,0.0,0.0,0.0,0.0,0,0,
CRI,CRI-CARTER'S INC-2022.pdf,11,0.0,0,0.0,0.0,0.0,0.0,0,0,
CRI,CRI-CARTER'S INC-2022.pdf,12,0.0,0,0.0,0.0,0.0,0.0,0,0,
CRI,CRI-CARTER'S INC-2022.pdf,16,0.0,0,0.0,0.0,0.0,0.0,0,0,
CRI,CRI-CARTER'S INC-2022.pdf,29,0.0,0,0.0,0.0,0.0,0.0,0,0,
CRI,CRI-CARTER'S INC-2022.pdf,30,0.0,0,0.0,0.0,0.0,0.0,0,0,
CRI,CRI-CARTER'S INC-2022.pdf,31,0.0,0,0.0,0.0,0.0,0.0,0,0,
CRI,CRI-CARTER'S INC-2022.pdf,39,1.1402341253858026,2,0.1391226666666667,0.1391226666666667,0.1391226666666667,1.001111458719136,3,1,
CRI,CRI-CARTER'S INC-2022.pdf,42,1.0005559898244598,1,0.0,0.0,0.0,1.0005559898244598,3,1,
CRI,CRI-CARTER'S INC-2022.pdf,44,0.9999995659722222,1,0.0,0.0,0.0,0.9999995659722222,3,1,
CRI,CRI-CARTER'S INC-2022.pdf,47,0.0,0,0.0,0.0,0.0,0.0,0,0,
CRI,CRI-CARTER'S INC-2022.pdf,51,0.0,0,0.0,0.0,0.0,0.0,0,0,
CRI,CRI-CARTER'S INC-2022.pdf,53,0.0,0,0.0,0.0,0.0,0.0,0,0,
CRI,CRI-CARTER'S INC-2022.pdf,54,0.0,0,0.0,0.0,0.0,0.0,0,0,
CRI,CRI-CARTER'S INC-2022.pdf,58,0.0,0,0.0,0.0,0.0,0.0,0,0,
CRI,CRI-CARTER'S INC-2022.pdf,61,0.0,0,0.0,0.0,0.0,0.0,0,0,
CRI,CRI-CARTER'S INC-2022.pdf,63,0.1377374069817386,1,0.1377374069817386,0.1377374069817386,0.1377374069817386,0.1377374069817386,6,0,
CRI,CRI-CARTER'S INC-2024.pdf,3,0.0,0,0.0,0.0,0.0,0.0,0,0,
CRI,CRI-CARTER'S INC-2024.pdf,9,0.0,0,0.0,0.0,0.0,0.0,0,0,
CRI,CRI-CARTER'S INC-2024.pdf,10,0.3460876468754401,4,0.3460876468754401,0.3460876468754401,0.3460876468754401,0.2874998263888889,3,0,
CRI,CRI-CARTER'S INC-2024.pdf,19,0.0,0,0.0,0.0,0.0,0.0,0,0,
CRI,CRI-CARTER'S INC-2024.pdf,20,0.0,0,0.0,0.0,0.0,0.0,0,0,
CRI,CRI-CARTER'S INC-2024.pdf,26,0.0,0,0.0,0.0,0.0,0.0,0,0,
CRI,CRI-CARTER'S INC-2024.pdf,27,0.0,0,0.0,0.0,0.0,0.0,0,0,
CRI,CRI-CARTER'S INC-2024.pdf,32,0.0,0,0.0,0.0,0.0,0.0,0,0,
CRI,CRI-CARTER'S INC-2024.pdf,34,0.0,0,0.0,0.0,0.0,0.0,0,0,
CRI,CRI-CARTER'S INC-2024.pdf,37,0.0,0,0.0,0.0,0.0,0.0,0,0,
CRI,CRI-CARTER'S INC-2024.pdf,38,0.0,0,0.0,0.0,0.0,0.0,0,0,
CRI,CRI-CARTER'S INC-2024.pdf,41,0.0,0,0.0,0.0,0.0,0.0,0,0,
CRI,CRI-CARTER'S INC-2024.pdf,42,0.0,0,0.0,0.0,0.0,0.0,0,0,
CRI,CRI-CARTER'S INC-2024.pdf,43,0.0,0,0.0,0.0,0.0,0.0,0,0,
CRI,CRI-CARTER'S INC-2024.pdf,44,0.0,0,0.0,0.0,0.0,0.0,0,0,
CRI,CRI-CARTER'S INC-2024.pdf,45,0.0,0,0.0,0.0,0.0,0.0,0,0,
CRI,CRI-CARTER'S INC-2024.pdf,46,0.0076054446373456,1,0.0076054446373456,0.0076054446373456,0.0076054446373456,0.0076054446373456,4,0,
CRI,CRI-CARTER'S INC-2024.pdf,49,0.0094362977430555,1,0.0094362977430555,0.0094362977430555,0.0094362977430555,0.0094362977430555,4,0,
CRI,CRI-CARTER'S INC-2024.pdf,51,0.0,0,0.0,0.0,0.0,0.0,0,0,
CRI,CRI-CARTER'S INC-2024.pdf,54,0.0,0,0.0,0.0,0.0,0.0,0,0,
CRI,CRI-CARTER'S INC-2024.pdf,55,0.0,0,0.0,0.0,0.0,0.0,0,0,
CRI,CRI-CARTER'S INC-2024.pdf,57,0.0312771566358024,2,0.0312771566358024,0.0312771566358024,0.0312771566358024,0.0177246392746913,2,0,
CRI,CRI-CARTER'S INC-2024.pdf,58,0.0717774575031691,4,0.0717774575031691,0.0717774575031691,0.0717774575031691,0.0226348047253913,13,0,
CRI,CRI-CARTER'S INC-2024.pdf,61,0.0269908854166666,1,0.0269908854166666,0.0269908854166666,0.0269908854166666,0.0269908854166666,4,0,
CRI,CRI-CARTER'S INC-2024.pdf,62,0.0269908854166666,1,0.0269908854166666,0.0269908854166666,0.0269908854166666,0.0269908854166666,4,0,
CRI,CRI-CARTER'S INC-2024.pdf,63,0.026990747974537,1,0.026990747974537,0.026990747974537,0.026990747974537,0.026990747974537,4,0,
CRI,CRI-CARTER'S INC-2024.pdf,65,0.0,0,0.0,0.0,0.0,0.0,0,0,
CRI,CRI-CARTER'S INC-2024.pdf,68,0.3451446759259259,1,0.3451446759259259,0.3451446759259259,0.3451446759259259,0.3451446759259259,7,0,
CRI,CRI-CARTER'S INC-2024.pdf,76,0.1252510800350189,3,0.1252510800350189,0.1252510800350189,0.1252510800350189,0.0917990775818912,24,0,
CRMT,CRMT-AMERICA'S CAR-MART INC-2022.pdf,11,0.0,0,0.0,0.0,0.0,0.0,0,0,
CVS,CVS-CVS HEALTH CORP-2025.pdf,3,0.0,0,0.0,0.0,0.0,0.0,0,0,
CVS,CVS-CVS HEALTH CORP-2025.pdf,4,0.0,0,0.0,0.0,0.0,0.0,0,0,
CVS,CVS-CVS HEALTH CORP-2025.pdf,7,0.0,0,0.0,0.0,0.0,0.0,0,0,
CVS,CVS-CVS HEALTH CORP-2025.pdf,8,0.0,0,0.0,0.0,0.0,0.0,0,0,
CVS,CVS-CVS HEALTH CORP-2025.pdf,9,0.0,0,0.0,0.0,0.0,0.0,0,0,
CVS,CVS-CVS HEALTH CORP-2025.pdf,10,0.1759711371527778,2,0.1759711371527778,0.1759711371527778,0.1759711371527778,0.0964491102430555,6,0,
CVS,CVS-CVS HEALTH CORP-2025.pdf,14,0.4369966483410494,2,0.4369966483410494,0.4369966483410494,0.4369966483410494,0.327344352816358,12,0,
CVS,CVS-CVS HEALTH CORP-2025.pdf,19,0.0,0,0.0,0.0,0.0,0.0,0,0,
CVS,CVS-CVS HEALTH CORP-2025.pdf,20,0.303923597715192,3,0.303923597715192,0.303923597715192,0.303923597715192,0.2008327907986111,39,0,
CVS,CVS-CVS HEALTH CORP-2025.pdf,22,0.0,0,0.0,0.0,0.0,0.0,0,0,
CVS,CVS-CVS HEALTH CORP-2025.pdf,23,0.0,0,0.0,0.0,0.0,0.0,0,0,
CVS,CVS-CVS HEALTH CORP-2025.pdf,24,0.1761474609375,1,0.1761474609375,0.1761474609375,0.1761474609375,0.1761474609375,8,0,
CVS,CVS-CVS HEALTH CORP-2025.pdf,25,0.7703993055555556,1,0.7703993055555556,0.7703993055555556,0.7703993055555556,0.7703993055555556,20,0,
CVS,CVS-CVS HEALTH CORP-2025.pdf,27,0.7508680555555556,1,0.7508680555555556,0.7508680555555556,0.7508680555555556,0.7508680555555556,13,0,
CVS,CVS-CVS HEALTH CORP-2025.pdf,28,0.1018970630787037,1,0.1018970630787037,0.1018970630787037,0.1018970630787037,0.1018970630787037,15,0,
CVS,CVS-CVS HEALTH CORP-2025.pdf,29,0.0968597788869598,1,0.0968597788869598,0.0968597788869598,0.0968597788869598,0.0968597788869598,16,0,
CVS,CVS-CVS HEALTH CORP-2025.pdf,30,0.7671440972222222,1,0.7671440972222222,0.7671440972222222,0.7671440972222222,0.7671440972222222,21,0,
CVS,CVS-CVS HEALTH CORP-2025.pdf,31,0.0674996081693672,1,0.0674996081693672,0.0674996081693672,0.0674996081693672,0.0674996081693672,12,0,
CVS,CVS-CVS HEALTH CORP-2025.pdf,32,0.0,0,0.0,0.0,0.0,0.0,0,0,
CVS,CVS-CVS HEALTH CORP-2025.pdf,33,0.0,0,0.0,0.0,0.0,0.0,0,0,
CVS,CVS-CVS HEALTH CORP-2025.pdf,34,0.1264836817611882,1,0.1264836817611882,0.1264836817611882,0.1264836817611882,0.1264836817611882,8,0,
CVS,CVS-CVS HEALTH CORP-2025.pdf,35,0.0703170211226851,1,0.0703170211226851,0.0703170211226851,0.0703170211226851,0.0703170211226851,4,0,
CVS,CVS-CVS HEALTH CORP-2025.pdf,36,0.0724163290895061,1,0.0724163290895061,0.0724163290895061,0.0724163290895061,0.0724163290895061,6,0,
CVS,CVS-CVS HEALTH CORP-2025.pdf,37,0.0485056182484567,1,0.0485056182484567,0.0485056182484567,0.0485056182484567,0.0485056182484567,3,0,
CVS,CVS-CVS HEALTH CORP-2025.pdf,38,0.0685492621527777,1,0.0685492621527777,0.0685492621527777,0.0685492621527777,0.0685492621527777,8,0,
CVS,CVS-CVS HEALTH CORP-2025.pdf,39,0.002979118441358,1,0.002979118441358,0.002979118441358,0.002979118441358,0.002979118441358,2,0,
CVS,CVS-CVS HEALTH CORP-2025.pdf,40,0.0010289405435528,2,0.0010289405435528,0.0010289405435528,0.0010289405435528,0.0007235135888203,3,0,
CVS,CVS-CVS HEALTH CORP-2025.pdf,41,0.0,0,0.0,0.0,0.0,0.0,0,0,
CVS,CVS-CVS HEALTH CORP-2025.pdf,42,0.0,0,0.0,0.0,0.0,0.0,0,0,
CVS,CVS-CVS HEALTH CORP-2025.pdf,43,0.0029801901148834,1,0.0029801901148834,0.0029801901148834,0.0029801901148834,0.0029801901148834,2,0,
CVS,CVS-CVS HEALTH CORP-2025.pdf,44,0.3654996141975308,1,0.3654996141975308,0.3654996141975308,0.3654996141975308,0.3654996141975308,6,0,
DECK,DECK-DECKERS OUTDOOR CORP-2023.pdf,4,0.0,0,0.0,0.0,0.0,0.0,0,0,
DECK,DECK-DECKERS OUTDOOR CORP-2023.pdf,6,1.0073699618736385,1,0.0,0.0,0.0,1.0073699618736385,3,1,
DECK,DECK-DECKERS OUTDOOR CORP-2023.pdf,9,1.1660420254423318,2,0.1661349945533769,0.1661349945533769,0.1661349945533769,0.9999070308889548,3,1,
DECK,DECK-DECKERS OUTDOOR CORP-2023.pdf,13,1.0001113437273057,1,1.0001113437273057,1.0001113437273057,1.0001113437273057,1.0001113437273057,5,0,
DECK,DECK-DECKERS OUTDOOR CORP-2023.pdf,14,1.041241149237473,1,1.041241149237473,1.041241149237473,1.041241149237473,1.041241149237473,5,0,
DECK,DECK-DECKERS OUTDOOR CORP-2023.pdf,16,0.0,0,0.0,0.0,0.0,0.0,0,0,
DECK,DECK-DECKERS OUTDOOR CORP-2023.pdf,20,0.0,0,0.0,0.0,0.0,0.0,0,0,
DECK,DECK-DECKERS OUTDOOR CORP-2023.pdf,22,0.0466980879051957,1,0.0466980879051957,0.0466980879051957,0.0466980879051957,0.0466980879051957,2,0,
DECK,DECK-DECKERS OUTDOOR CORP-2023.pdf,24,0.0,0,0.0,0.0,0.0,0.0,0,0,
DECK,DECK-DECKERS OUTDOOR CORP-2023.pdf,27,1.019002644087938,1,0.0,0.0,0.0,1.019002644087938,3,1,
DECK,DECK-DECKERS OUTDOOR CORP-2023.pdf,28,0.0,0,0.0,0.0,0.0,0.0,0,0,
DECK,DECK-DECKERS OUTDOOR CORP-2023.pdf,29,0.0,0,0.0,0.0,0.0,0.0,0,0,
DECK,DECK-DECKERS OUTDOOR CORP-2023.pdf,30,0.0,0,0.0,0.0,0.0,0.0,0,0,
DECK,DECK-DECKERS OUTDOOR CORP-2023.pdf,32,0.0,0,0.0,0.0,0.0,0.0,0,0,
DECK,DECK-DECKERS OUTDOOR CORP-2023.pdf,34,0.5786548637210343,7,0.5786548637210343,0.5786548637210343,0.5786548637210343,0.2032031988483348,2,0,
DECK,DECK-DECKERS OUTDOOR CORP-2023.pdf,37,0.0,0,0.0,0.0,0.0,0.0,0,0,
DECK,DECK-DECKERS OUTDOOR CORP-2023.pdf,43,0.0002678557882853,1,0.0002678557882853,0.0002678557882853,0.0002678557882853,0.0002678557882853,2,0,
DECK,DECK-DECKERS OUTDOOR CORP-2023.pdf,45,1.0134999608008186,1,1.0134999608008186,1.0134999608008186,1.0134999608008186,1.0134999608008186,5,0,
DECK,DECK-DECKERS OUTDOOR CORP-2023.pdf,48,0.0124895039832851,1,0.0124895039832851,0.0124895039832851,0.0124895039832851,0.0124895039832851,6,0,
DECK,DECK-DECKERS OUTDOOR CORP-2023.pdf,64,0.0,0,0.0,0.0,0.0,0.0,0,0,
DECK,DECK-DECKERS OUTDOOR CORP-2023.pdf,74,0.0,0,0.0,0.0,0.0,0.0,0,0,
DECK,DECK-DECKERS OUTDOOR CORP-2023.pdf,75,0.0,0,0.0,0.0,0.0,0.0,0,0,
DECK,DECK-DECKERS OUTDOOR CORP-2023.pdf,76,0.0,0,0.0,0.0,0.0,0.0,0,0,
DECK,DECK-DECKERS OUTDOOR CORP-2023.pdf,77,0.2340934947520991,6,0.2340934947520991,0.2340934947520991,0.2340934947520991,0.1808150433047798,3,0,
DECK,DECK-DECKERS OUTDOOR CORP-2023.pdf,90,0.0,0,0.0,0.0,0.0,0.0,0,0,
DECK,DECK-DECKERS OUTDOOR CORP-2023.pdf,97,1.0234651586328976,1,1.0234651586328976,1.0234651586328976,1.0234651586328976,1.0234651586328976,8,0,
DECK,DECK-DECKERS OUTDOOR CORP-2023.pdf,102,0.0,0,0.0,0.0,0.0,0.0,0,0,
DECK,DECK-DECKERS OUTDOOR CORP-2023.pdf,123,1.0629716288002575,3,1.0629716288002575,1.0629716288002575,1.0629716288002575,1.0259658007773818,10,0,
DECK,DECK-DECKERS OUTDOOR CORP-2023.pdf,138,0.021668265580643,1,0.021668265580643,0.021668265580643,0.021668265580643,0.021668265580643,2,0,
DECK,DECK-DECKERS OUTDOOR CORP-2023.pdf,147,0.0,0,0.0,0.0,0.0,0.0,0,0,
DECK,DECK-DECKERS OUTDOOR CORP-2023.pdf,150,0.0,0,0.0,0.0,0.0,0.0,0,0,
DECK,DECK-DECKERS OUTDOOR CORP-2023.pdf,153,0.0,0,0.0,0.0,0.0,0.0,0,0,
DECK,DECK-DECKERS OUTDOOR CORP-2023.pdf,158,0.0,0,0.0,0.0,0.0,0.0,0,0,
DECK,DECK-DECKERS OUTDOOR CORP-2023.pdf,161,0.1891359639353778,1,0.1891359639353778,0.1891359639353778,0.1891359639353778,0.1891359639353778,4,0,
DECK,DECK-DECKERS OUTDOOR CORP-2023.pdf,169,0.0,0,0.0,0.0,0.0,0.0,0,0,
DECK,DECK-DECKERS OUTDOOR CORP-2023.pdf,173,0.0,0,0.0,0.0,0.0,0.0,0,0,
DECK,DECK-DECKERS OUTDOOR CORP-2023.pdf,176,0.0,0,0.0,0.0,0.0,0.0,0,0,
DECK,DECK-DECKERS OUTDOOR CORP-2023.pdf,177,0.0,0,0.0,0.0,0.0,0.0,0,0,
DECK,DECK-DECKERS OUTDOOR CORP-2023.pdf,178,0.0,0,0.0,0.0,0.0,0.0,0,0,
DECK,DECK-DECKERS OUTDOOR CORP-2023.pdf,179,0.0,0,0.0,0.0,0.0,0.0,0,0,
DECK,DECK-DECKERS OUTDOOR CORP-2023.pdf,180,0.0,0,0.0,0.0,0.0,0.0,0,0,
DECK,DECK-DECKERS OUTDOOR CORP-2023.pdf,181,0.0,0,0.0,0.0,0.0,0.0,0,0,
DECK,DECK-DECKERS OUTDOOR CORP-2023.pdf,182,0.0,0,0.0,0.0,0.0,0.0,0,0,
DECK,DECK-DECKERS OUTDOOR CORP-2023.pdf,183,0.0,0,0.0,0.0,0.0,0.0,0,0,
DECK,DECK-DECKERS OUTDOOR CORP-2023.pdf,184,0.0,0,0.0,0.0,0.0,0.0,0,0,
DECK,DECK-DECKERS OUTDOOR CORP-2023.pdf,185,0.0,0,0.0,0.0,0.0,0.0,0,0,
DECK,DECK-DECKERS OUTDOOR CORP-2023.pdf,186,0.0,0,0.0,0.0,0.0,0.0,0,0,
DELL,DELL-DELL TECHNOLOGIES INC-2022.pdf,4,0.0920471394019526,1,0.0920471394019526,0.0920471394019526,0.0920471394019526,0.0920471394019526,2,0,
DELL,DELL-DELL TECHNOLOGIES INC-2022.pdf,7,0.1611349684057249,2,0.1611349684057249,0.1611349684057249,0.1611349684057249,0.0920471394019526,2,0,
DELL,DELL-DELL TECHNOLOGIES INC-2022.pdf,12,0.0920471394019526,1,0.0920471394019526,0.0920471394019526,0.0920471394019526,0.0920471394019526,2,0,
DELL,DELL-DELL TECHNOLOGIES INC-2022.pdf,13,1.0019613578589168,1,0.0,0.0,0.0,1.0019613578589168,4,1,
DELL,DELL-DELL TECHNOLOGIES INC-2022.pdf,15,0.0920471394019526,1,0.0920471394019526,0.0920471394019526,0.0920471394019526,0.0920471394019526,2,0,
DELL,DELL-DELL TECHNOLOGIES INC-2022.pdf,17,0.4909780748707963,1,0.4909780748707963,0.4909780748707963,0.4909780748707963,0.4909780748707963,6,0,
DELL,DELL-DELL TECHNOLOGIES INC-2022.pdf,18,0.0920471394019526,1,0.0920471394019526,0.0920471394019526,0.0920471394019526,0.0920471394019526,2,0,
DELL,DELL-DELL TECHNOLOGIES INC-2022.pdf,19,0.0920471394019526,1,0.0920471394019526,0.0920471394019526,0.0920471394019526,0.0920471394019526,2,0,
DELL,DELL-DELL TECHNOLOGIES INC-2022.pdf,21,0.6405156438547561,2,0.6405156438547561,0.6405156438547561,0.6405156438547561,0.5484685044528035,24,0,
DELL,DELL-DELL TECHNOLOGIES INC-2022.pdf,22,1.0020033135860742,1,1.0020033135860742,1.0020033135860742,1.0020033135860742,1.0020033135860742,6,0,
DELL,DELL-DELL TECHNOLOGIES INC-2022.pdf,23,1.0019613578589168,1,0.0,0.0,0.0,1.0019613578589168,4,1,
DELL,DELL-DELL TECHNOLOGIES INC-2022.pdf,24,0.0920471394019526,1,0.0920471394019526,0.0920471394019526,0.0920471394019526,0.0920471394019526,2,0,
DELL,DELL-DELL TECHNOLOGIES INC-2022.pdf,26,0.4857782424654654,2,0.4857782424654654,0.4857782424654654,0.4857782424654654,0.3937311030635128,25,0,
DELL,DELL-DELL TECHNOLOGIES INC-2022.pdf,27,0.6820246917138538,2,0.6820246917138538,0.6820246917138538,0.6820246917138538,0.5899775523119012,44,0,
DELL,DELL-DELL TECHNOLOGIES INC-2022.pdf,31,0.5498251258150748,2,0.5498251258150748,0.5498251258150748,0.5498251258150748,0.4577779864131222,32,0,
DELL,DELL-DELL TECHNOLOGIES INC-2022.pdf,35,0.5289098077251586,2,0.5289098077251586,0.5289098077251586,0.5289098077251586,0.436862668323206,28,0,
DELL,DELL-DELL TECHNOLOGIES INC-2022.pdf,36,0.0920471394019526,1,0.0920471394019526,0.0920471394019526,0.0920471394019526,0.0920471394019526,2,0,
DELL,DELL-DELL TECHNOLOGIES INC-2022.pdf,37,0.0920471394019526,1,0.0920471394019526,0.0920471394019526,0.0920471394019526,0.0920471394019526,2,0,
DELL,DELL-DELL TECHNOLOGIES INC-2022.pdf,38,0.0920471394019526,1,0.0920471394019526,0.0920471394019526,0.0920471394019526,0.0920471394019526,2,0,
DELL,DELL-DELL TECHNOLOGIES INC-2022.pdf,39,0.0920471394019526,1,0.0920471394019526,0.0920471394019526,0.0920471394019526,0.0920471394019526,2,0,
DELL,DELL-DELL TECHNOLOGIES INC-2022.pdf,40,0.0920471394019526,1,0.0920471394019526,0.0920471394019526,0.0920471394019526,0.0920471394019526,2,0,
DELL,DELL-DELL TECHNOLOGIES INC-2022.pdf,44,1.002056182558516,2,9.482469959930404e-05,9.482469959930404e-05,9.482469959930404e-05,1.0019613578589168,4,1,
DELL,DELL-DELL TECHNOLOGIES INC-2022.pdf,47,1.0015844796891074,1,1.0015844796891074,1.0015844796891074,1.0015844796891074,1.0015844796891074,8,0,
DELL,DELL-DELL TECHNOLOGIES INC-2022.pdf,50,1.017536127358727,2,1.017536127358727,1.017536127358727,1.017536127358727,1.0020033135860742,6,0,
DELL,DELL-DELL TECHNOLOGIES INC-2022.pdf,54,0.0920471394019526,1,0.0920471394019526,0.0920471394019526,0.0920471394019526,0.0920471394019526,2,0,
DELL,DELL-DELL TECHNOLOGIES INC-2022.pdf,58,0.1030777298481036,2,0.1030777298481036,0.1030777298481036,0.1030777298481036,0.0920471394019526,2,0,
DELL,DELL-DELL TECHNOLOGIES INC-2022.pdf,59,0.1108384644331517,3,0.1108384644331517,0.1108384644331517,0.1108384644331517,0.0920471394019526,2,0,
DELL,DELL-DELL TECHNOLOGIES INC-2022.pdf,63,0.0920471394019526,1,0.0920471394019526,0.0920471394019526,0.0920471394019526,0.0920471394019526,2,0,
DELL,DELL-DELL TECHNOLOGIES INC-2022.pdf,66,1.0017519409104336,1,1.0017519409104336,1.0017519409104336,1.0017519409104336,1.0017519409104336,5,0,
DELL,DELL-DELL TECHNOLOGIES INC-2022.pdf,67,0.0920471394019526,1,0.0920471394019526,0.0920471394019526,0.0920471394019526,0.0920471394019526,2,0,
DELL,DELL-DELL TECHNOLOGIES INC-2022.pdf,75,1.0019613578589168,1,0.0,0.0,0.0,1.0019613578589168,4,1,
DELL,DELL-DELL TECHNOLOGIES INC-2022.pdf,76,0.0920471394019526,1,0.0920471394019526,0.0920471394019526,0.0920471394019526,0.0920471394019526,2,0,
DELL,DELL-DELL TECHNOLOGIES INC-2022.pdf,86,0.0920471394019526,1,0.0920471394019526,0.0920471394019526,0.0920471394019526,0.0920471394019526,2,0,
DELL,DELL-DELL TECHNOLOGIES INC-2022.pdf,87,0.1086220178859632,2,0.1086220178859632,0.1086220178859632,0.1086220178859632,0.0920471394019526,2,0,
DELL,DELL-DELL TECHNOLOGIES INC-2022.pdf,89,0.0920471394019526,1,0.0920471394019526,0.0920471394019526,0.0920471394019526,0.0920471394019526,2,0,
DELL,DELL-DELL TECHNOLOGIES INC-2022.pdf,90,0.0920471394019526,1,0.0920471394019526,0.0920471394019526,0.0920471394019526,0.0920471394019526,2,0,
DELL,DELL-DELL TECHNOLOGIES INC-2022.pdf,92,0.0920471394019526,1,0.0920471394019526,0.0920471394019526,0.0920471394019526,0.0920471394019526,2,0,
DELL,DELL-DELL TECHNOLOGIES INC-2022.pdf,95,0.0920471394019526,1,0.0920471394019526,0.0920471394019526,0.0920471394019526,0.0920471394019526,2,0,
DELL,DELL-DELL TECHNOLOGIES INC-2022.pdf,98,0.0920471394019526,1,0.0920471394019526,0.0920471394019526,0.0920471394019526,0.0920471394019526,2,0,
DELL,DELL-DELL TECHNOLOGIES INC-2022.pdf,99,1.0019613578589168,1,0.0,0.0,0.0,1.0019613578589168,4,1,
DELL,DELL-DELL TECHNOLOGIES INC-2022.pdf,101,0.1150032250004268,6,0.1150032250004268,0.1150032250004268,0.1150032250004268,0.0920471394019526,2,0,
DELL,DELL-DELL TECHNOLOGIES INC-2022.pdf,105,0.0920471394019526,1,0.0920471394019526,0.0920471394019526,0.0920471394019526,0.0920471394019526,2,0,
DELL,DELL-DELL TECHNOLOGIES INC-2022.pdf,106,0.1509488282655232,2,0.1509488282655232,0.1509488282655232,0.1509488282655232,0.0920471394019526,2,0,
DELL,DELL-DELL TECHNOLOGIES INC-2022.pdf,107,1.0019613578589168,1,0.0,0.0,0.0,1.0019613578589168,4,1,
DELL,DELL-DELL TECHNOLOGIES INC-2022.pdf,110,1.0019613578589168,1,0.0,0.0,0.0,1.0019613578589168,4,1,
DELL,DELL-DELL TECHNOLOGIES INC-2022.pdf,111,1.0015867981878,1,1.0015867981878,1.0015867981878,1.0015867981878,1.0015867981878,5,0,
DELL,DELL-DELL TECHNOLOGIES INC-2022.pdf,115,0.0920471394019526,1,0.0920471394019526,0.0920471394019526,0.0920471394019526,0.0920471394019526,2,0,
DELL,DELL-DELL TECHNOLOGIES INC-2022.pdf,116,0.0920471394019526,1,0.0920471394019526,0.0920471394019526,0.0920471394019526,0.0920471394019526,2,0,
DELL,DELL-DELL TECHNOLOGIES INC-2022.pdf,119,1.0015867981878,1,1.0015867981878,1.0015867981878,1.0015867981878,1.0015867981878,5,0,
DELL,DELL-DELL TECHNOLOGIES INC-2022.pdf,120,0.0920471394019526,1,0.0920471394019526,0.0920471394019526,0.0920471394019526,0.0920471394019526,2,0,
DELL,DELL-DELL TECHNOLOGIES INC-2022.pdf,121,1.0019613578589168,1,0.0,0.0,0.0,1.0019613578589168,4,1,
DELL,DELL-DELL TECHNOLOGIES INC-2022.pdf,122,0.0920471394019526,1,0.0920471394019526,0.0920471394019526,0.0920471394019526,0.0920471394019526,2,0,
DELL,DELL-DELL TECHNOLOGIES INC-2022.pdf,123,1.0015867981878,1,1.0015867981878,1.0015867981878,1.0015867981878,1.0015867981878,5,0,
DELL,DELL-DELL TECHNOLOGIES INC-2022.pdf,124,0.0920471394019526,1,0.0920471394019526,0.0920471394019526,0.0920471394019526,0.0920471394019526,2,0,
DELL,DELL-DELL TECHNOLOGIES INC-2022.pdf,127,1.0015867981878,1,1.0015867981878,1.0015867981878,1.0015867981878,1.0015867981878,5,0,
DELL,DELL-DELL TECHNOLOGIES INC-2022.pdf,128,1.0019613578589168,1,0.0,0.0,0.0,1.0019613578589168,4,1,
DELL,DELL-DELL TECHNOLOGIES INC-2022.pdf,130,0.0920471394019526,1,0.0920471394019526,0.0920471394019526,0.0920471394019526,0.0920471394019526,2,0,
DELL,DELL-DELL TECHNOLOGIES INC-2022.pdf,131,1.001377380754552,1,1.001377380754552,1.001377380754552,1.001377380754552,1.001377380754552,7,0,
DELL,DELL-DELL TECHNOLOGIES INC-2022.pdf,140,0.662286325722107,2,0.662286325722107,0.662286325722107,0.662286325722107,0.5702391863201544,43,0,
DELL,DELL-DELL TECHNOLOGIES INC-2022.pdf,141,0.662994155209807,2,0.662994155209807,0.662994155209807,0.662994155209807,0.5709470158078543,49,0,
DELL,DELL-DELL TECHNOLOGIES INC-2022.pdf,147,0.6334870982396423,2,0.6334870982396423,0.6334870982396423,0.6334870982396423,0.5414399588376897,34,0,
DELL,DELL-DELL TECHNOLOGIES INC-2022.pdf,149,0.0920471394019526,1,0.0920471394019526,0.0920471394019526,0.0920471394019526,0.0920471394019526,2,0,
DELL,DELL-DELL TECHNOLOGIES INC-2022.pdf,150,0.0920471394019526,1,0.0920471394019526,0.0920471394019526,0.0920471394019526,0.0920471394019526,2,0,
DELL,DELL-DELL TECHNOLOGIES INC-2022.pdf,151,0.0920471394019526,1,0.0920471394019526,0.0920471394019526,0.0920471394019526,0.0920471394019526,2,0,
DELL,DELL-DELL TECHNOLOGIES INC-2022.pdf,152,0.0920471394019526,1,0.0920471394019526,0.0920471394019526,0.0920471394019526,0.0920471394019526,2,0,
DELL,DELL-DELL TECHNOLOGIES INC-2022.pdf,153,0.0920471394019526,1,0.0920471394019526,0.0920471394019526,0.0920471394019526,0.0920471394019526,2,0,
DELL,DELL-DELL TECHNOLOGIES INC-2022.pdf,154,0.0920471394019526,1,0.0920471394019526,0.0920471394019526,0.0920471394019526,0.0920471394019526,2,0,
DELL,DELL-DELL TECHNOLOGIES INC-2022.pdf,155,0.0920471394019526,1,0.0920471394019526,0.0920471394019526,0.0920471394019526,0.0920471394019526,2,0,
DELL,DELL-DELL TECHNOLOGIES INC-2022.pdf,156,0.0920471394019526,1,0.0920471394019526,0.0920471394019526,0.0920471394019526,0.0920471394019526,2,0,
DELL,DELL-DELL TECHNOLOGIES INC-2022.pdf,157,0.0920471394019526,1,0.0920471394019526,0.0920471394019526,0.0920471394019526,0.0920471394019526,2,0,
DELL,DELL-DELL TECHNOLOGIES INC-2022.pdf,158,0.0920471394019526,1,0.0920471394019526,0.0920471394019526,0.0920471394019526,0.0920471394019526,2,0,
DELL,DELL-DELL TECHNOLOGIES INC-2025.pdf,5,0.0,0,0.0,0.0,0.0,0.0,0,0,
DELL,DELL-DELL TECHNOLOGIES INC-2025.pdf,6,0.0,0,0.0,0.0,0.0,0.0,0,0,
DLTR,DLTR-DOLLAR TREE INC-2022.pdf,16,0.0,0,0.0,0.0,0.0,0.0,0,0,
DLTR,DLTR-DOLLAR TREE INC-2022.pdf,23,0.0,0,0.0,0.0,0.0,0.0,0,0,
DLTR,DLTR-DOLLAR TREE INC-2022.pdf,25,0.0,0,0.0,0.0,0.0,0.0,0,0,
DLTR,DLTR-DOLLAR TREE INC-2022.pdf,29,0.3788451426024955,1,0.3788451426024955,0.3788451426024955,0.3788451426024955,0.3788451426024955,12,0,
DLTR,DLTR-DOLLAR TREE INC-2022.pdf,33,0.0,0,0.0,0.0,0.0,0.0,0,0,
DLTR,DLTR-DOLLAR TREE INC-2022.pdf,37,0.1011412090960668,1,0.1011412090960668,0.1011412090960668,0.1011412090960668,0.1011412090960668,2,0,
DLTR,DLTR-DOLLAR TREE INC-2022.pdf,42,0.331844453531319,1,0.331844453531319,0.331844453531319,0.331844453531319,0.331844453531319,15,0,
DLTR,DLTR-DOLLAR TREE INC-2022.pdf,46,0.0,0,0.0,0.0,0.0,0.0,0,0,
DLTR,DLTR-DOLLAR TREE INC-2022.pdf,55,0.3312731245279593,1,0.3312731245279593,0.3312731245279593,0.3312731245279593,0.3312731245279593,12,0,
EBAY,EBAY-eBay-2023-Report.pdf,7,0.9987745098039216,1,0.0,0.0,0.0,0.9987745098039216,3,1,
EBAY,EBAY-eBay-2023-Report.pdf,8,0.9987745098039216,1,0.0,0.0,0.0,0.9987745098039216,3,1,
EBAY,EBAY-eBay-2023-Report.pdf,27,0.9987745098039216,1,0.0,0.0,0.0,0.9987745098039216,3,1,
EBAY,EBAY-eBay-2023-Report.pdf,28,0.9987745098039216,1,0.0,0.0,0.0,0.9987745098039216,3,1,
EBAY,EBAY-eBay-2023-Report.pdf,34,0.9987745098039216,1,0.0,0.0,0.0,0.9987745098039216,3,1,
EBAY,EBAY-eBay-2023-Report.pdf,35,0.9987745098039216,1,0.0,0.0,0.0,0.9987745098039216,3,1,
EBAY,EBAY-eBay-2023-Report.pdf,37,0.9987745098039216,1,0.0,0.0,0.0,0.9987745098039216,3,1,
EBAY,EBAY-eBay-2023-Report.pdf,38,0.9987745098039216,1,0.0,0.0,0.0,0.9987745098039216,3,1,
EBAY,EBAY-eBay-2024-Report.pdf,10,0.0155371597731778,3,0.0155371597731778,0.0155371597731778,0.0155371597731778,0.0088474127862424,3,0,
EBAY,EBAY-eBay-2024-Report.pdf,11,0.0155371597731778,3,0.0155371597731778,0.0155371597731778,0.0155371597731778,0.0088474127862424,3,0,
EBAY,EBAY-eBay-2024-Report.pdf,21,0.0155371597731778,3,0.0155371597731778,0.0155371597731778,0.0155371597731778,0.0088474127862424,3,0,
EBAY,EBAY-eBay-2024-Report.pdf,23,0.0155371597731778,3,0.0155371597731778,0.0155371597731778,0.0155371597731778,0.0088474127862424,3,0,
EYE,EYE-NATIONAL VISION HOLDINGS INC-2022.pdf,4,0.0,0,0.0,0.0,0.0,0.0,0,0,
EYE,EYE-NATIONAL VISION HOLDINGS INC-2022.pdf,5,0.0,0,0.0,0.0,0.0,0.0,0,0,
EYE,EYE-NATIONAL VISION HOLDINGS INC-2022.pdf,9,0.0,0,0.0,0.0,0.0,0.0,0,0,
EYE,EYE-NATIONAL VISION HOLDINGS INC-2022.pdf,12,0.0,0,0.0,0.0,0.0,0.0,0,0,
EYE,EYE-NATIONAL VISION HOLDINGS INC-2022.pdf,15,0.0,0,0.0,0.0,0.0,0.0,0,0,
EYE,EYE-NATIONAL VISION HOLDINGS INC-2022.pdf,16,0.0,0,0.0,0.0,0.0,0.0,0,0,
EYE,EYE-NATIONAL VISION HOLDINGS INC-2022.pdf,17,0.0,0,0.0,0.0,0.0,0.0,0,0,
EYE,EYE-NATIONAL VISION HOLDINGS INC-2022.pdf,18,0.0,0,0.0,0.0,0.0,0.0,0,0,
EYE,EYE-NATIONAL VISION HOLDINGS INC-2022.pdf,19,0.0,0,0.0,0.0,0.0,0.0,0,0,
EYE,EYE-NATIONAL VISION HOLDINGS INC-2022.pdf,20,0.0,0,0.0,0.0,0.0,0.0,0,0,
EYE,EYE-NATIONAL VISION HOLDINGS INC-2022.pdf,21,0.0,0,0.0,0.0,0.0,0.0,0,0,
EYE,EYE-NATIONAL VISION HOLDINGS INC-2022.pdf,23,0.0,0,0.0,0.0,0.0,0.0,0,0,
EYE,EYE-NATIONAL VISION HOLDINGS INC-2022.pdf,24,0.0,0,0.0,0.0,0.0,0.0,0,0,
EYE,EYE-NATIONAL VISION HOLDINGS INC-2022.pdf,28,0.0386131435739197,1,0.0386131435739197,0.0386131435739197,0.0386131435739197,0.0386131435739197,13,0,
EYE,EYE-NATIONAL VISION HOLDINGS INC-2022.pdf,30,0.0,0,0.0,0.0,0.0,0.0,0,0,
EYE,EYE-NATIONAL VISION HOLDINGS INC-2022.pdf,31,0.0,0,0.0,0.0,0.0,0.0,0,0,
EYE,EYE-NATIONAL VISION HOLDINGS INC-2022.pdf,32,0.0,0,0.0,0.0,0.0,0.0,0,0,
EYE,EYE-NATIONAL VISION HOLDINGS INC-2022.pdf,33,0.0,0,0.0,0.0,0.0,0.0,0,0,
EYE,EYE-NATIONAL VISION HOLDINGS INC-2022.pdf,34,0.0,0,0.0,0.0,0.0,0.0,0,0,
EYE,EYE-NATIONAL VISION HOLDINGS INC-2022.pdf,35,0.0,0,0.0,0.0,0.0,0.0,0,0,
EYE,EYE-NATIONAL VISION HOLDINGS INC-2022.pdf,36,0.0,0,0.0,0.0,0.0,0.0,0,0,
EYE,EYE-NATIONAL VISION HOLDINGS INC-2022.pdf,37,0.0193632819534866,1,0.0193632819534866,0.0193632819534866,0.0193632819534866,0.0193632819534866,10,0,
EYE,EYE-NATIONAL VISION HOLDINGS INC-2022.pdf,38,0.0,0,0.0,0.0,0.0,0.0,0,0,
EYE,EYE-NATIONAL VISION HOLDINGS INC-2022.pdf,41,0.0,0,0.0,0.0,0.0,0.0,0,0,
EYE,EYE-NATIONAL VISION HOLDINGS INC-2022.pdf,42,0.1190545331018518,1,0.1190545331018518,0.1190545331018518,0.1190545331018518,0.1190545331018518,22,0,
EYE,EYE-NATIONAL VISION HOLDINGS INC-2022.pdf,43,0.0,0,0.0,0.0,0.0,0.0,0,0,
EYE,EYE-NATIONAL VISION HOLDINGS INC-2022.pdf,45,0.0,0,0.0,0.0,0.0,0.0,0,0,
EYE,EYE-NATIONAL VISION HOLDINGS INC-2022.pdf,52,0.0,0,0.0,0.0,0.0,0.0,0,0,
EYE,EYE-NATIONAL VISION HOLDINGS INC-2022.pdf,53,0.0,0,0.0,0.0,0.0,0.0,0,0,
EYE,EYE-NATIONAL VISION HOLDINGS INC-2022.pdf,54,0.0606415106430314,1,0.0606415106430314,0.0606415106430314,0.0606415106430314,0.0606415106430314,16,0,
EYE,EYE-NATIONAL VISION HOLDINGS INC-2022.pdf,55,0.0,0,0.0,0.0,0.0,0.0,0,0,
EYE,EYE-NATIONAL VISION HOLDINGS INC-2022.pdf,58,0.26772004251732,1,0.26772004251732,0.26772004251732,0.26772004251732,0.26772004251732,10,0,
EYE,EYE-NATIONAL VISION HOLDINGS INC-2022.pdf,63,0.01927,1,0.01927,0.01927,0.01927,0.01927,4,0,
EYE,EYE-NATIONAL VISION HOLDINGS INC-2022.pdf,64,0.03854,1,0.03854,0.03854,0.03854,0.03854,4,0,
EYE,EYE-NATIONAL VISION HOLDINGS INC-2022.pdf,65,0.01927,1,0.01927,0.01927,0.01927,0.01927,3,0,
EYE,EYE-NATIONAL VISION HOLDINGS INC-2022.pdf,68,0.01927,1,0.01927,0.01927,0.01927,0.01927,3,0,
EYE,EYE-NATIONAL VISION HOLDINGS INC-2022.pdf,69,0.01927,1,0.01927,0.01927,0.01927,0.01927,3,0,
EYE,EYE-NATIONAL VISION HOLDINGS INC-2022.pdf,71,0.021727825787037,1,0.021727825787037,0.021727825787037,0.021727825787037,0.021727825787037,3,0,
EYE,EYE-NATIONAL VISION HOLDINGS INC-2024.pdf,4,0.0,0,0.0,0.0,0.0,0.0,0,0,
EYE,EYE-NATIONAL VISION HOLDINGS INC-2024.pdf,9,1.0,1,0.0,0.0,0.0,1.0,2,1,
EYE,EYE-NATIONAL VISION HOLDINGS INC-2024.pdf,11,1.0,1,0.0,0.0,0.0,1.0,2,1,
EYE,EYE-NATIONAL VISION HOLDINGS INC-2024.pdf,12,0.0,0,0.0,0.0,0.0,0.0,0,0,
EYE,EYE-NATIONAL VISION HOLDINGS INC-2024.pdf,16,0.0,0,0.0,0.0,0.0,0.0,0,0,
EYE,EYE-NATIONAL VISION HOLDINGS INC-2024.pdf,18,0.0,0,0.0,0.0,0.0,0.0,0,0,
EYE,EYE-NATIONAL VISION HOLDINGS INC-2024.pdf,19,0.0,0,0.0,0.0,0.0,0.0,0,0,
EYE,EYE-NATIONAL VISION HOLDINGS INC-2024.pdf,20,0.0,0,0.0,0.0,0.0,0.0,0,0,
EYE,EYE-NATIONAL VISION HOLDINGS INC-2024.pdf,21,0.0,0,0.0,0.0,0.0,0.0,0,0,
EYE,EYE-NATIONAL VISION HOLDINGS INC-2024.pdf,26,0.0,0,0.0,0.0,0.0,0.0,0,0,
EYE,EYE-NATIONAL VISION HOLDINGS INC-2024.pdf,28,0.0,0,0.0,0.0,0.0,0.0,0,0,
EYE,EYE-NATIONAL VISION HOLDINGS INC-2024.pdf,34,0.0,0,0.0,0.0,0.0,0.0,0,0,
EYE,EYE-NATIONAL VISION HOLDINGS INC-2024.pdf,35,0.0,0,0.0,0.0,0.0,0.0,0,0,
EYE,EYE-NATIONAL VISION HOLDINGS INC-2024.pdf,37,0.0,0,0.0,0.0,0.0,0.0,0,0,
EYE,EYE-NATIONAL VISION HOLDINGS INC-2024.pdf,41,0.040009708801429,1,0.040009708801429,0.040009708801429,0.040009708801429,0.040009708801429,15,0,
EYE,EYE-NATIONAL VISION HOLDINGS INC-2024.pdf,43,0.2984044299553675,1,0.2984044299553675,0.2984044299553675,0.2984044299553675,0.2984044299553675,7,0,
EYE,EYE-NATIONAL VISION HOLDINGS INC-2024.pdf,44,0.51683522018166,1,0.51683522018166,0.51683522018166,0.51683522018166,0.51683522018166,14,0,
EYE,EYE-NATIONAL VISION HOLDINGS INC-2024.pdf,47,0.2217631572010532,1,0.2217631572010532,0.2217631572010532,0.2217631572010532,0.2217631572010532,16,0,
EYE,EYE-NATIONAL VISION HOLDINGS INC-2024.pdf,48,0.3409725368210378,1,0.3409725368210378,0.3409725368210378,0.3409725368210378,0.3409725368210378,16,0,
EYE,EYE-NATIONAL VISION HOLDINGS INC-2024.pdf,49,0.3783794496503664,1,0.3783794496503664,0.3783794496503664,0.3783794496503664,0.3783794496503664,38,0,
EYE,EYE-NATIONAL VISION HOLDINGS INC-2024.pdf,50,0.5004439117356289,1,0.5004439117356289,0.5004439117356289,0.5004439117356289,0.5004439117356289,51,0,
EYE,EYE-NATIONAL VISION HOLDINGS INC-2024.pdf,52,0.4759291217182677,1,0.4759291217182677,0.4759291217182677,0.4759291217182677,0.4759291217182677,51,0,
EYE,EYE-NATIONAL VISION HOLDINGS INC-2024.pdf,53,0.4930166443986304,1,0.4930166443986304,0.4930166443986304,0.4930166443986304,0.4930166443986304,57,0,
EYE,EYE-NATIONAL VISION HOLDINGS INC-2024.pdf,54,0.3748840865403164,1,0.3748840865403164,0.3748840865403164,0.3748840865403164,0.3748840865403164,40,0,
EYE,EYE-NATIONAL VISION HOLDINGS INC-2024.pdf,55,0.3715953410986497,1,0.3715953410986497,0.3715953410986497,0.3715953410986497,0.3715953410986497,7,0,
EYE,EYE-NATIONAL VISION HOLDINGS INC-2024.pdf,56,0.2390103788030124,1,0.2390103788030124,0.2390103788030124,0.2390103788030124,0.2390103788030124,7,0,
EYE,EYE-NATIONAL VISION HOLDINGS INC-2024.pdf,57,0.0,0,0.0,0.0,0.0,0.0,0,0,
FOSL,FOSL-FOSSIL GROUP INC-2022.pdf,3,1.458753608249287,5,0.4568922571831889,0.4568922571831889,0.4568922571831889,1.001861351066098,4,1,
FOSL,FOSL-FOSSIL GROUP INC-2022.pdf,7,1.8328242115024669,3,0.8309628604363687,0.8309628604363687,0.8309628604363687,1.001861351066098,4,1,
FOSL,FOSL-FOSSIL GROUP INC-2022.pdf,14,1.6141297969047526,3,0.6122684458386547,0.6122684458386547,0.6122684458386547,1.001861351066098,4,1,
FOSL,FOSL-FOSSIL GROUP INC-2022.pdf,16,1.7737893677923224,3,1.7737893677923224,1.7737893677923224,1.7737893677923224,1.001861351066098,5,0,
FOSL,FOSL-FOSSIL GROUP INC-2022.pdf,19,1.3593783338572778,3,0.3575169827911799,0.3575169827911799,0.3575169827911799,1.001861351066098,4,1,
FOSL,FOSL-FOSSIL GROUP INC-2022.pdf,24,1.547283474555445,3,0.5454221234893469,0.5454221234893469,0.5454221234893469,1.001861351066098,4,1,
FOSL,FOSL-FOSSIL GROUP INC-2022.pdf,38,1.1344291789373318,3,0.1325678278712338,0.1325678278712338,0.1325678278712338,1.001861351066098,4,1,
GAP,GAP-GAP-2024.pdf,4,0.0,0,0.0,0.0,0.0,0.0,0,0,
GAP,GAP-GAP-2024.pdf,5,0.0,0,0.0,0.0,0.0,0.0,0,0,
GAP,GAP-GAP-2024.pdf,7,0.0,0,0.0,0.0,0.0,0.0,0,0,
GAP,GAP-GAP-2024.pdf,10,0.4691450140449438,1,0.4691450140449438,0.4691450140449438,0.4691450140449438,0.4691450140449438,26,0,
GAP,GAP-GAP-2024.pdf,11,0.3788184322331461,1,0.3788184322331461,0.3788184322331461,0.3788184322331461,0.3788184322331461,17,0,
GAP,GAP-GAP-2024.pdf,13,0.0,0,0.0,0.0,0.0,0.0,0,0,
GAP,GAP-GAP-2024.pdf,19,0.0,0,0.0,0.0,0.0,0.0,0,0,
GAP,GAP-GAP-2024.pdf,22,0.0,0,0.0,0.0,0.0,0.0,0,0,
GAP,GAP-GAP-2024.pdf,24,0.0,0,0.0,0.0,0.0,0.0,0,0,
GAP,GAP-GAP-2024.pdf,27,0.0,0,0.0,0.0,0.0,0.0,0,0,
GAP,GAP-GAP-2024.pdf,29,0.0,0,0.0,0.0,0.0,0.0,0,0,
GAP,GAP-GAP-2024.pdf,30,0.0,0,0.0,0.0,0.0,0.0,0,0,
GAP,GAP-GAP-2024.pdf,31,0.0416471598002496,1,0.0416471598002496,0.0416471598002496,0.0416471598002496,0.0416471598002496,2,0,
GAP,GAP-GAP-2024.pdf,32,0.0,0,0.0,0.0,0.0,0.0,0,0,
GAP,GAP-GAP-2024.pdf,35,0.0681124817123127,1,0.0681124817123127,0.0681124817123127,0.0681124817123127,0.0681124817123127,9,0,
GAP,GAP-GAP-2024.pdf,37,0.0911982580368289,1,0.0911982580368289,0.0911982580368289,0.0911982580368289,0.0911982580368289,6,0,
GAP,GAP-GAP-2024.pdf,39,0.272144957255336,1,0.272144957255336,0.272144957255336,0.272144957255336,0.272144957255336,6,0,
GAP,GAP-GAP-2024.pdf,40,0.2725866905936648,1,0.2725866905936648,0.2725866905936648,0.2725866905936648,0.2725866905936648,11,0,
GAP,GAP-GAP-2024.pdf,45,0.5644404762520159,2,0.5644404762520159,0.5644404762520159,0.5644404762520159,0.3146896795021848,15,0,
GAP,GAP-GAP-2024.pdf,46,0.5870872174186565,2,0.5870872174186565,0.5870872174186565,0.5870872174186565,0.2935436244489311,13,0,
GAP,GAP-GAP-2024.pdf,47,0.6193747425093634,2,0.6193747425093634,0.6193747425093634,0.6193747425093634,0.3274227879213484,10,0,
GAP,GAP-GAP-2024.pdf,48,0.6407481702559302,2,0.6407481702559302,0.6407481702559302,0.6407481702559302,0.3315155372191011,8,0,
GAP,GAP-GAP-2024.pdf,49,0.5447951055809146,2,0.5447951055809146,0.5447951055809146,0.5447951055809146,0.3096873536985019,11,0,
GAP,GAP-GAP-2024.pdf,50,0.4706202208177279,1,0.4706202208177279,0.4706202208177279,0.4706202208177279,0.4706202208177279,10,0,
GAP,GAP-GAP-2024.pdf,51,0.6445848938826467,1,0.6445848938826467,0.6445848938826467,0.6445848938826467,0.6445848938826467,12,0,
GAP,GAP-GAP-2024.pdf,52,0.5081599660580525,1,0.5081599660580525,0.5081599660580525,0.5081599660580525,0.5081599660580525,12,0,
GAP,GAP-GAP-2024.pdf,53,0.6665593789013734,1,0.6665593789013734,0.6665593789013734,0.6665593789013734,0.6665593789013734,17,0,
GAP,GAP-GAP-2024.pdf,54,0.6390912726279652,1,0.6390912726279652,0.6390912726279652,0.6390912726279652,0.6390912726279652,20,0,
GAP,GAP-GAP-2024.pdf,55,0.3317654887445381,2,0.3317654887445381,0.3317654887445381,0.3317654887445381,0.1777002577832397,9,0,
GCO,GCO-GENESCO INC-2022.pdf,3,0.0,0,0.0,0.0,0.0,0.0,0,0,
GCO,GCO-GENESCO INC-2022.pdf,10,0.000839804738562,1,0.000839804738562,0.000839804738562,0.000839804738562,0.000839804738562,2,0,
GCO,GCO-GENESCO INC-2022.pdf,17,0.000839804738562,1,0.000839804738562,0.000839804738562,0.000839804738562,0.000839804738562,2,0,
GCO,GCO-GENESCO INC-2022.pdf,18,0.018454128577441,2,0.018454128577441,0.018454128577441,0.018454128577441,0.0169814503985937,2,0,
GCO,GCO-GENESCO INC-2022.pdf,20,0.0014474137700534,1,0.0014474137700534,0.0014474137700534,0.0014474137700534,0.0014474137700534,2,0,
GCO,GCO-GENESCO INC-2022.pdf,23,0.0,0,0.0,0.0,0.0,0.0,0,0,
GCO,GCO-GENESCO INC-2022.pdf,27,0.0119843862522281,1,0.0119843862522281,0.0119843862522281,0.0119843862522281,0.0119843862522281,6,0,
GCO,GCO-GENESCO INC-2022.pdf,35,0.0,0,0.0,0.0,0.0,0.0,0,0,
GPI,GPI-GROUP 1 AUTOMOTIVE INC-2021.pdf,7,0.0,0,0.0,0.0,0.0,0.0,0,0,
GPI,GPI-GROUP 1 AUTOMOTIVE INC-2021.pdf,41,0.2255902234879414,2,0.2255902234879414,0.2255902234879414,0.2255902234879414,0.2253478654498415,10,0,
KMX,KMX-CARMAX INC-2021.pdf,5,0.0,0,0.0,0.0,0.0,0.0,0,0,
KMX,KMX-CARMAX INC-2021.pdf,6,0.0,0,0.0,0.0,0.0,0.0,0,0,
KMX,KMX-CARMAX INC-2021.pdf,7,0.0,0,0.0,0.0,0.0,0.0,0,0,
KMX,KMX-CARMAX INC-2021.pdf,8,0.0,0,0.0,0.0,0.0,0.0,0,0,
KMX,KMX-CARMAX INC-2021.pdf,10,0.2201156469746484,1,0.2201156469746484,0.2201156469746484,0.2201156469746484,0.2201156469746484,3,0,
KMX,KMX-CARMAX INC-2021.pdf,13,0.0,0,0.0,0.0,0.0,0.0,0,0,
KMX,KMX-CARMAX INC-2021.pdf,14,0.0,0,0.0,0.0,0.0,0.0,0,0,
KMX,KMX-CARMAX INC-2021.pdf,15,0.0,0,0.0,0.0,0.0,0.0,0,0,
KMX,KMX-CARMAX INC-2021.pdf,16,0.0,0,0.0,0.0,0.0,0.0,0,0,
KMX,KMX-CARMAX INC-2021.pdf,17,0.0,0,0.0,0.0,0.0,0.0,0,0,
KMX,KMX-CARMAX INC-2021.pdf,18,0.0,0,0.0,0.0,0.0,0.0,0,0,
KMX,KMX-CARMAX INC-2021.pdf,19,0.0,0,0.0,0.0,0.0,0.0,0,0,
KMX,KMX-CARMAX INC-2021.pdf,20,0.0,0,0.0,0.0,0.0,0.0,0,0,
KMX,KMX-CARMAX INC-2021.pdf,21,0.0594935083745956,5,0.0594935083745956,0.0594935083745956,0.0594935083745956,0.0134702994751435,3,0,
KMX,KMX-CARMAX INC-2021.pdf,22,0.0,0,0.0,0.0,0.0,0.0,0,0,
KMX,KMX-CARMAX INC-2021.pdf,23,0.0,0,0.0,0.0,0.0,0.0,0,0,
KMX,KMX-CARMAX INC-2021.pdf,25,0.0,0,0.0,0.0,0.0,0.0,0,0,
KMX,KMX-CARMAX INC-2021.pdf,26,0.0,0,0.0,0.0,0.0,0.0,0,0,
KMX,KMX-CARMAX INC-2021.pdf,27,0.0,0,0.0,0.0,0.0,0.0,0,0,
KMX,KMX-CARMAX INC-2021.pdf,28,0.0,0,0.0,0.0,0.0,0.0,0,0,
KMX,KMX-CARMAX INC-2021.pdf,29,0.0,0,0.0,0.0,0.0,0.0,0,0,
LAD,LAD-LITHIA MOTORS INC -CL A-2022.pdf,3,0.0375088723633393,1,0.0375088723633393,0.0375088723633393,0.0375088723633393,0.0375088723633393,3,0,
LAD,LAD-LITHIA MOTORS INC -CL A-2022.pdf,7,0.2370050690730838,3,0.2370050690730838,0.2370050690730838,0.2370050690730838,0.1618181818181817,6,0,
LAD,LAD-LITHIA MOTORS INC -CL A-2022.pdf,8,0.075186887254902,2,0.075186887254902,0.075186887254902,0.075186887254902,0.0376735182709447,3,0,
LAD,LAD-LITHIA MOTORS INC -CL A-2022.pdf,10,0.6343252008063144,10,0.6343252008063144,0.6343252008063144,0.6343252008063144,0.5379948380867499,7,0,
LAD,LAD-LITHIA MOTORS INC -CL A-2022.pdf,12,0.0753470365418895,2,0.0753470365418895,0.0753470365418895,0.0753470365418895,0.0376735182709448,3,0,
LAD,LAD-LITHIA MOTORS INC -CL A-2022.pdf,14,0.5831590723410576,2,0.5831590723410576,0.5831590723410576,0.5831590723410576,0.5454855540701128,11,0,
LAD,LAD-LITHIA MOTORS INC -CL A-2022.pdf,21,0.1562561274509804,3,0.1562561274509804,0.1562561274509804,0.1562561274509804,0.0809090909090908,3,0,
LAD,LAD-LITHIA MOTORS INC -CL A-2022.pdf,24,0.2402030621073826,9,0.2402030621073826,0.2402030621073826,0.2402030621073826,0.0531892418772281,10,0,
LAD,LAD-LITHIA MOTORS INC -CL A-2022.pdf,31,0.0753470365418895,2,0.0753470365418895,0.0753470365418895,0.0753470365418895,0.0376735182709448,3,0,
LAD,LAD-LITHIA MOTORS INC -CL A-2022.pdf,32,0.1544217914438503,3,0.1544217914438503,0.1544217914438503,0.1544217914438503,0.0790747549019607,3,0,
LAD,LAD-LITHIA MOTORS INC -CL A-2022.pdf,34,0.0753470365418895,2,0.0753470365418895,0.0753470365418895,0.0753470365418895,0.0376735182709448,3,0,
LAD,LAD-LITHIA MOTORS INC -CL A-2022.pdf,35,0.0753470365418895,2,0.0753470365418895,0.0753470365418895,0.0753470365418895,0.0376735182709448,3,0,
LEG,LEG-LEGGETT & PLATT INC-2024.pdf,5,0.0,0,0.0,0.0,0.0,0.0,0,0,
LEG,LEG-LEGGETT & PLATT INC-2024.pdf,19,0.0,0,0.0,0.0,0.0,0.0,0,0,
LEG,LEG-LEGGETT & PLATT INC-2024.pdf,22,0.0791166476485258,3,0.0791166476485258,0.0791166476485258,0.0791166476485258,0.0324306304390936,2,0,
LEG,LEG-LEGGETT & PLATT INC-2024.pdf,24,0.2571916664603552,1,0.2571916664603552,0.2571916664603552,0.2571916664603552,0.2571916664603552,6,0,
LEG,LEG-LEGGETT & PLATT INC-2024.pdf,29,0.0,0,0.0,0.0,0.0,0.0,0,0,
LEG,LEG-LEGGETT & PLATT INC-2024.pdf,30,0.0,0,0.0,0.0,0.0,0.0,0,0,
LEG,LEG-LEGGETT & PLATT INC-2024.pdf,32,0.0,0,0.0,0.0,0.0,0.0,0,0,
LEG,LEG-LEGGETT & PLATT INC-2024.pdf,40,0.0,0,0.0,0.0,0.0,0.0,0,0,
LEG,LEG-LEGGETT & PLATT INC-2024.pdf,46,0.0,0,0.0,0.0,0.0,0.0,0,0,
LEG,LEG-LEGGETT & PLATT INC-2024.pdf,61,0.0,0,0.0,0.0,0.0,0.0,0,0,
LEG,LEG-LEGGETT & PLATT INC-2024.pdf,64,0.0,0,0.0,0.0,0.0,0.0,0,0,
LOW,LOW-LOWE'S COS INC-2022.pdf,3,1.0734202441563148,4,0.0733757279910405,0.0733757279910405,0.0733757279910405,1.0000445161652742,2,1,
LOW,LOW-LOWE'S COS INC-2022.pdf,10,1.451929364439721,3,0.4519293644397213,0.4519293644397213,0.4519293644397213,1.0,2,1,
LOW,LOW-LOWE'S COS INC-2022.pdf,13,1.5728011562269628,3,0.5728011562269628,0.5728011562269628,0.5728011562269628,1.0,2,1,
LOW,LOW-LOWE'S COS INC-2022.pdf,16,1.0057607714656207,2,0.0057607714656207,0.0057607714656207,0.0057607714656207,1.0,2,1,
LOW,LOW-LOWE'S COS INC-2022.pdf,17,1.0057607714656207,2,0.0057607714656207,0.0057607714656207,0.0057607714656207,1.0,2,1,
LOW,LOW-LOWE'S COS INC-2022.pdf,22,1.583061052068598,3,0.5830610520685978,0.5830610520685978,0.5830610520685978,1.0,2,1,
LOW,LOW-LOWE'S COS INC-2022.pdf,24,1.0057607714656207,2,0.0057607714656207,0.0057607714656207,0.0057607714656207,1.0,2,1,
LOW,LOW-LOWE'S COS INC-2022.pdf,25,1.0057607781851137,2,0.0057607720122742,0.0057607720122742,0.0057607720122742,1.0000000061728394,2,1,
LOW,LOW-LOWE'S COS INC-2022.pdf,28,1.5747857483048804,3,0.5747857477261767,0.5747857477261767,0.5747857477261767,1.0000000005787038,2,1,
LOW,LOW-LOWE'S COS INC-2022.pdf,29,1.0043397400120029,2,0.0043397400120027,0.0043397400120027,0.0043397400120027,1.0,2,1,
LOW,LOW-LOWE'S COS INC-2022.pdf,30,1.5815970422702332,3,0.5815970425595852,0.5815970425595852,0.5815970425595852,0.999999999710648,2,1,
LOW,LOW-LOWE'S COS INC-2022.pdf,32,1.0043397397226508,2,0.0043397400120027,0.0043397400120027,0.0043397400120027,0.999999999710648,2,1,
LOW,LOW-LOWE'S COS INC-2022.pdf,33,1.0043397400120029,2,0.0043397400120027,0.0043397400120027,0.0043397400120027,1.0,2,1,
LOW,LOW-LOWE'S COS INC-2022.pdf,36,1.5783323381404322,3,0.578332338429784,0.578332338429784,0.578332338429784,0.999999999710648,2,1,
LOW,LOW-LOWE'S COS INC-2022.pdf,37,1.0045217190737954,2,0.0045217190737954,0.0045217190737954,0.0045217190737954,1.0,2,1,
LOW,LOW-LOWE'S COS INC-2022.pdf,38,1.5821019976800603,3,0.5821019979694121,0.5821019979694121,0.5821019979694121,0.999999999710648,2,1,
LOW,LOW-LOWE'S COS INC-2022.pdf,39,1.8233308301477675,3,0.8233308301477675,0.0044806836848422,0.8233308301477675,1.0,2,1,
LOW,LOW-LOWE'S COS INC-2022.pdf,40,1.7365577192329038,5,0.7365575755214842,0.7365575755214842,0.7365575755214842,1.0000001437114197,2,1,
LOW,LOW-LOWE'S COS INC-2022.pdf,41,1.6110682602507649,3,0.611068253740348,0.611068253740348,0.611068253740348,1.0000000065104169,2,1,
LOW,LOW-LOWE'S COS INC-2022.pdf,42,1.583440809844393,3,0.5834408101337449,0.5834408101337449,0.5834408101337449,0.999999999710648,2,1,
LOW,LOW-LOWE'S COS INC-2022.pdf,43,1.0044806836848423,2,0.0044806836848422,0.0044806836848422,0.0044806836848422,1.0,2,1,
LOW,LOW-LOWE'S COS INC-2022.pdf,44,1.8233308038639329,3,0.8233308038639329,0.0044806836848422,0.8233308038639329,1.0,2,1,
LOW,LOW-LOWE'S COS INC-2022.pdf,45,1.6004690490504974,3,0.6004690423954049,0.6004690423954049,0.6004690423954049,1.0000000066550925,2,1,
LOW,LOW-LOWE'S COS INC-2022.pdf,46,1.0044806836848423,2,0.0044806836848422,0.0044806836848422,0.0044806836848422,1.0,2,1,
LOW,LOW-LOWE'S COS INC-2022.pdf,49,0.7042763932239376,2,0.7042763932239376,0.7042763932239376,0.7042763932239376,0.7024652444408229,22,0,
LOW,LOW-LOWE'S COS INC-2022.pdf,50,0.788755430330609,2,0.788755430330609,0.788755430330609,0.788755430330609,0.7869437167940274,21,0,
LOW,LOW-LOWE'S COS INC-2022.pdf,51,0.6492558004094426,2,0.6492558004094426,0.6492558004094426,0.6492558004094426,0.6474450282227522,13,0,
LOW,LOW-LOWE'S COS INC-2022.pdf,52,0.8029118145155376,2,0.8029118145155376,0.8029118145155376,0.8029118145155376,0.8011010421845406,15,0,
LOW,LOW-LOWE'S COS INC-2022.pdf,53,0.781107956753609,2,0.781107956753609,0.781107956753609,0.781107956753609,0.7792971844226119,16,0,
LOW,LOW-LOWE'S COS INC-2022.pdf,55,0.7676446400408145,2,0.7676446400408145,0.7676446400408145,0.7676446400408145,0.765833867634527,16,0,
LOW,LOW-LOWE'S COS INC-2022.pdf,57,0.0018145368521733,1,0.0018145368521733,0.0018145368521733,0.0018145368521733,0.0018145368521733,2,0,
LOW,LOW-LOWE'S COS INC-2022.pdf,58,0.505234658854866,5,0.505234658854866,0.505234658854866,0.505234658854866,0.150747291250355,11,0,
LOW,LOW-LOWE'S COS INC-2022.pdf,59,0.1888331106154621,3,0.1888331106154621,0.1888331106154621,0.1888331106154621,0.1418847338096922,18,0,
LOW,LOW-LOWE'S COS INC-2024.pdf,3,0.3537073468410709,1,0.3537073468410709,0.3537073468410709,0.3537073468410709,0.3537073468410709,2,0,
LOW,LOW-LOWE'S COS INC-2024.pdf,6,1.32821570032539,5,0.32821570032539,0.32821570032539,0.32821570032539,1.0,2,1,
LOW,LOW-LOWE'S COS INC-2024.pdf,10,1.046726206406393,2,1.046726206406393,1.046726206406393,1.046726206406393,1.040283950617284,5,0,
LOW,LOW-LOWE'S COS INC-2024.pdf,13,0.097469135802469,1,0.097469135802469,0.097469135802469,0.097469135802469,0.097469135802469,3,0,
LOW,LOW-LOWE'S COS INC-2024.pdf,14,0.0,0,0.0,0.0,0.0,0.0,0,0,
LOW,LOW-LOWE'S COS INC-2024.pdf,19,0.286949074074074,1,0.286949074074074,0.286949074074074,0.286949074074074,0.286949074074074,2,0,
LOW,LOW-LOWE'S COS INC-2024.pdf,21,0.0,0,0.0,0.0,0.0,0.0,0,0,
LOW,LOW-LOWE'S COS INC-2024.pdf,22,0.097469135802469,1,0.097469135802469,0.097469135802469,0.097469135802469,0.097469135802469,3,0,
LOW,LOW-LOWE'S COS INC-2024.pdf,23,0.0,0,0.0,0.0,0.0,0.0,0,0,
LOW,LOW-LOWE'S COS INC-2024.pdf,26,0.2951388888888889,1,0.2951388888888889,0.2951388888888889,0.2951388888888889,0.2951388888888889,3,0,
LOW,LOW-LOWE'S COS INC-2024.pdf,28,0.097469135802469,1,0.097469135802469,0.097469135802469,0.097469135802469,0.097469135802469,2,0,
LOW,LOW-LOWE'S COS INC-2024.pdf,32,0.0,0,0.0,0.0,0.0,0.0,0,0,
LOW,LOW-LOWE'S COS INC-2024.pdf,36,0.0,0,0.0,0.0,0.0,0.0,0,0,
LOW,LOW-LOWE'S COS INC-2024.pdf,38,0.0,0,0.0,0.0,0.0,0.0,0,0,
LOW,LOW-LOWE'S COS INC-2024.pdf,39,0.1265200100377935,2,0.1265200100377935,0.1265200100377935,0.1265200100377935,0.097469135802469,2,0,
LOW,LOW-LOWE'S COS INC-2024.pdf,40,0.097469135802469,1,0.097469135802469,0.097469135802469,0.097469135802469,0.097469135802469,2,0,
LOW,LOW-LOWE'S COS INC-2024.pdf,41,0.097469135802469,1,0.097469135802469,0.097469135802469,0.097469135802469,0.097469135802469,2,0,
LOW,LOW-LOWE'S COS INC-2024.pdf,42,0.0,0,0.0,0.0,0.0,0.0,0,0,
LOW,LOW-LOWE'S COS INC-2024.pdf,43,0.097469135802469,1,0.097469135802469,0.097469135802469,0.097469135802469,0.097469135802469,2,0,
LOW,LOW-LOWE'S COS INC-2024.pdf,45,0.0,0,0.0,0.0,0.0,0.0,0,0,
LOW,LOW-LOWE'S COS INC-2024.pdf,48,0.601462316050427,1,0.601462316050427,0.601462316050427,0.601462316050427,0.601462316050427,22,0,
LOW,LOW-LOWE'S COS INC-2024.pdf,49,0.7487534913572086,1,0.7487534913572086,0.7487534913572086,0.7487534913572086,0.7487534913572086,27,0,
LOW,LOW-LOWE'S COS INC-2024.pdf,50,0.7948049576385249,1,0.7948049576385249,0.7948049576385249,0.7948049576385249,0.7948049576385249,14,0,
LOW,LOW-LOWE'S COS INC-2024.pdf,51,0.7235949294088118,1,0.7235949294088118,0.7235949294088118,0.7235949294088118,0.7235949294088118,16,0,
LOW,LOW-LOWE'S COS INC-2024.pdf,54,0.779761188636926,1,0.779761188636926,0.779761188636926,0.779761188636926,0.779761188636926,17,0,
LOW,LOW-LOWE'S COS INC-2024.pdf,55,0.7138351748774829,1,0.7138351748774829,0.7138351748774829,0.7138351748774829,0.7138351748774829,19,0,
LOW,LOW-LOWE'S COS INC-2024.pdf,57,0.3287037037037037,1,0.3287037037037037,0.3287037037037037,0.3287037037037037,0.3287037037037037,3,0,
LOW,LOW-LOWE'S COS INC-2024.pdf,58,0.4854514150204589,5,0.4854514150204589,0.4854514150204589,0.4854514150204589,0.1579714053643288,11,0,
LOW,LOW-LOWE'S COS INC-2024.pdf,59,0.081449655067366,5,0.081449655067366,0.081449655067366,0.081449655067366,0.0212325945319732,4,0,
LULU,LULU-LULULEMON ATHLETICA INC-2024.pdf,3,0.0,0,0.0,0.0,0.0,0.0,0,0,
LULU,LULU-LULULEMON ATHLETICA INC-2024.pdf,4,0.0,0,0.0,0.0,0.0,0.0,0,0,
LULU,LULU-LULULEMON ATHLETICA INC-2024.pdf,5,0.0,0,0.0,0.0,0.0,0.0,0,0,
LULU,LULU-LULULEMON ATHLETICA INC-2024.pdf,6,0.0,0,0.0,0.0,0.0,0.0,0,0,
LULU,LULU-LULULEMON ATHLETICA INC-2024.pdf,8,0.0,0,0.0,0.0,0.0,0.0,0,0,
LULU,LULU-LULULEMON ATHLETICA INC-2024.pdf,9,0.0,0,0.0,0.0,0.0,0.0,0,0,
LULU,LULU-LULULEMON ATHLETICA INC-2024.pdf,10,0.0,0,0.0,0.0,0.0,0.0,0,0,
LULU,LULU-LULULEMON ATHLETICA INC-2024.pdf,11,0.0,0,0.0,0.0,0.0,0.0,0,0,
LULU,LULU-LULULEMON ATHLETICA INC-2024.pdf,13,0.0677680576083284,2,0.0677680576083284,0.0677680576083284,0.0677680576083284,0.0339298942357094,4,0,
LULU,LULU-LULULEMON ATHLETICA INC-2024.pdf,14,0.0,0,0.0,0.0,0.0,0.0,0,0,
LULU,LULU-LULULEMON ATHLETICA INC-2024.pdf,17,0.0107321454721599,4,0.0107321454721599,0.0107321454721599,0.0107321454721599,0.0045267097615202,5,0,
LULU,LULU-LULULEMON ATHLETICA INC-2024.pdf,18,0.079135569834776,1,0.079135569834776,0.079135569834776,0.079135569834776,0.079135569834776,10,0,
LULU,LULU-LULULEMON ATHLETICA INC-2024.pdf,19,0.0,0,0.0,0.0,0.0,0.0,0,0,
LULU,LULU-LULULEMON ATHLETICA INC-2024.pdf,20,0.0,0,0.0,0.0,0.0,0.0,0,0,
LULU,LULU-LULULEMON ATHLETICA INC-2024.pdf,22,0.0,0,0.0,0.0,0.0,0.0,0,0,
LULU,LULU-LULULEMON ATHLETICA INC-2024.pdf,23,0.0,0,0.0,0.0,0.0,0.0,0,0,
LULU,LULU-LULULEMON ATHLETICA INC-2024.pdf,24,0.0,0,0.0,0.0,0.0,0.0,0,0,
LULU,LULU-LULULEMON ATHLETICA INC-2024.pdf,25,0.0,0,0.0,0.0,0.0,0.0,0,0,
LULU,LULU-LULULEMON ATHLETICA INC-2024.pdf,26,0.0,0,0.0,0.0,0.0,0.0,0,0,
LULU,LULU-LULULEMON ATHLETICA INC-2024.pdf,27,0.0,0,0.0,0.0,0.0,0.0,0,0,
LULU,LULU-LULULEMON ATHLETICA INC-2024.pdf,28,0.0,0,0.0,0.0,0.0,0.0,0,0,
LULU,LULU-LULULEMON ATHLETICA INC-2024.pdf,29,0.0,0,0.0,0.0,0.0,0.0,0,0,
LULU,LULU-LULULEMON ATHLETICA INC-2024.pdf,31,0.2507201087493577,2,0.2507201087493577,0.2507201087493577,0.2507201087493577,0.1253600543746788,6,0,
LULU,LULU-LULULEMON ATHLETICA INC-2024.pdf,33,0.0,0,0.0,0.0,0.0,0.0,0,0,
M,M-MACY'S INC-2025.pdf,4,0.0,0,0.0,0.0,0.0,0.0,0,0,
M,M-MACY'S INC-2025.pdf,5,0.0,0,0.0,0.0,0.0,0.0,0,0,
M,M-MACY'S INC-2025.pdf,9,0.0,0,0.0,0.0,0.0,0.0,0,0,
M,M-MACY'S INC-2025.pdf,11,0.0,0,0.0,0.0,0.0,0.0,0,0,
M,M-MACY'S INC-2025.pdf,13,0.0,0,0.0,0.0,0.0,0.0,0,0,
M,M-MACY'S INC-2025.pdf,14,0.0,0,0.0,0.0,0.0,0.0,0,0,
M,M-MACY'S INC-2025.pdf,20,0.0,0,0.0,0.0,0.0,0.0,0,0,
M,M-MACY'S INC-2025.pdf,22,0.0,0,0.0,0.0,0.0,0.0,0,0,
M,M-MACY'S INC-2025.pdf,25,0.0,0,0.0,0.0,0.0,0.0,0,0,
M,M-MACY'S INC-2025.pdf,28,0.0,0,0.0,0.0,0.0,0.0,0,0,
M,M-MACY'S INC-2025.pdf,34,0.0,0,0.0,0.0,0.0,0.0,0,0,
M,M-MACY'S INC-2025.pdf,36,0.0,0,0.0,0.0,0.0,0.0,0,0,
M,M-MACY'S INC-2025.pdf,37,0.0,0,0.0,0.0,0.0,0.0,0,0,
M,M-MACY'S INC-2025.pdf,42,0.0,0,0.0,0.0,0.0,0.0,0,0,
M,M-MACY'S INC-2025.pdf,43,0.0,0,0.0,0.0,0.0,0.0,0,0,
M,M-MACY'S INC-2025.pdf,45,0.0,0,0.0,0.0,0.0,0.0,0,0,
M,M-MACY'S INC-2025.pdf,46,0.0,0,0.0,0.0,0.0,0.0,0,0,
M,M-MACY'S INC-2025.pdf,48,0.0,0,0.0,0.0,0.0,0.0,0,0,
M,M-MACY'S INC-2025.pdf,50,0.0,0,0.0,0.0,0.0,0.0,0,0,
M,M-MACY'S INC-2025.pdf,51,0.0,0,0.0,0.0,0.0,0.0,0,0,
M,M-MACY'S INC-2025.pdf,53,0.0,0,0.0,0.0,0.0,0.0,0,0,
M,M-MACY'S INC-2025.pdf,54,0.0,0,0.0,0.0,0.0,0.0,0,0,
M,M-MACY'S INC-2025.pdf,55,0.0,0,0.0,0.0,0.0,0.0,0,0,
M,M-MACY'S INC-2025.pdf,57,0.2739651416122004,1,0.2739651416122004,0.2739651416122004,0.2739651416122004,0.2739651416122004,4,0,
M,M-MACY'S INC-2025.pdf,59,0.0,0,0.0,0.0,0.0,0.0,0,0,
M,M-MACY'S INC-2025.pdf,60,0.0,0,0.0,0.0,0.0,0.0,0,0,
M,M-MACY'S INC-2025.pdf,61,0.0,0,0.0,0.0,0.0,0.0,0,0,
M,M-MACY'S INC-2025.pdf,62,0.0,0,0.0,0.0,0.0,0.0,0,0,
MNRO,MNRO-MONRO INC-2021.pdf,5,0.0,0,0.0,0.0,0.0,0.0,0,0,
MNRO,MNRO-MONRO INC-2021.pdf,6,0.0,0,0.0,0.0,0.0,0.0,0,0,
MNRO,MNRO-MONRO INC-2021.pdf,7,0.0,0,0.0,0.0,0.0,0.0,0,0,
MNRO,MNRO-MONRO INC-2021.pdf,13,0.0,0,0.0,0.0,0.0,0.0,0,0,
MNRO,MNRO-MONRO INC-2021.pdf,15,0.0,0,0.0,0.0,0.0,0.0,0,0,
MNRO,MNRO-MONRO INC-2021.pdf,19,0.0,0,0.0,0.0,0.0,0.0,0,0,
MNRO,MNRO-MONRO INC-2021.pdf,21,0.0,0,0.0,0.0,0.0,0.0,0,0,
MNRO,MNRO-MONRO INC-2021.pdf,22,0.0,0,0.0,0.0,0.0,0.0,0,0,
MNRO,MNRO-MONRO INC-2021.pdf,26,0.2162451820023147,2,0.2162451820023147,0.2162451820023147,0.2162451820023147,0.1124890163991838,2,0,
MNRO,MNRO-MONRO INC-2021.pdf,28,0.0,0,0.0,0.0,0.0,0.0,0,0,
MNRO,MNRO-MONRO INC-2021.pdf,29,0.0,0,0.0,0.0,0.0,0.0,0,0,
MNRO,MNRO-MONRO INC-2022.pdf,5,0.0,0,0.0,0.0,0.0,0.0,0,0,
MNRO,MNRO-MONRO INC-2022.pdf,6,0.0,0,0.0,0.0,0.0,0.0,0,0,
MNRO,MNRO-MONRO INC-2022.pdf,7,0.0,0,0.0,0.0,0.0,0.0,0,0,
MNRO,MNRO-MONRO INC-2022.pdf,8,0.0,0,0.0,0.0,0.0,0.0,0,0,
MNRO,MNRO-MONRO INC-2022.pdf,13,0.0,0,0.0,0.0,0.0,0.0,0,0,
MNRO,MNRO-MONRO INC-2022.pdf,15,0.0,0,0.0,0.0,0.0,0.0,0,0,
MNRO,MNRO-MONRO INC-2022.pdf,17,0.0,0,0.0,0.0,0.0,0.0,0,0,
MNRO,MNRO-MONRO INC-2022.pdf,18,0.051057870993431,1,0.051057870993431,0.051057870993431,0.051057870993431,0.051057870993431,14,0,
MNRO,MNRO-MONRO INC-2022.pdf,20,0.0,0,0.0,0.0,0.0,0.0,0,0,
MNRO,MNRO-MONRO INC-2022.pdf,22,0.0,0,0.0,0.0,0.0,0.0,0,0,
MNRO,MNRO-MONRO INC-2022.pdf,23,0.0007354761354392,1,0.0007354761354392,0.0007354761354392,0.0007354761354392,0.0007354761354392,3,0,
MNRO,MNRO-MONRO INC-2022.pdf,25,0.0,0,0.0,0.0,0.0,0.0,0,0,
MNRO,MNRO-MONRO INC-2022.pdf,29,0.0,0,0.0,0.0,0.0,0.0,0,0,
NKE,NKE-NIKE INC -CL B-2024.pdf,2,0.0,0,0.0,0.0,0.0,0.0,0,0,
NKE,NKE-NIKE INC -CL B-2024.pdf,3,0.0,0,0.0,0.0,0.0,0.0,0,0,
NKE,NKE-NIKE INC -CL B-2024.pdf,9,0.0,0,0.0,0.0,0.0,0.0,0,0,
NKE,NKE-NIKE INC -CL B-2024.pdf,25,0.0,0,0.0,0.0,0.0,0.0,0,0,
NKE,NKE-NIKE INC -CL B-2024.pdf,26,0.0,0,0.0,0.0,0.0,0.0,0,0,
NKE,NKE-NIKE INC -CL B-2024.pdf,27,0.0,0,0.0,0.0,0.0,0.0,0,0,
NKE,NKE-NIKE INC -CL B-2024.pdf,32,0.0,0,0.0,0.0,0.0,0.0,0,0,
NKE,NKE-NIKE INC -CL B-2024.pdf,33,0.0,0,0.0,0.0,0.0,0.0,0,0,
NKE,NKE-NIKE INC -CL B-2024.pdf,34,0.0,0,0.0,0.0,0.0,0.0,0,0,
NKE,NKE-NIKE INC -CL B-2024.pdf,35,0.0,0,0.0,0.0,0.0,0.0,0,0,
NKE,NKE-NIKE INC -CL B-2024.pdf,36,0.0,0,0.0,0.0,0.0,0.0,0,0,
NKE,NKE-NIKE INC -CL B-2024.pdf,37,0.0,0,0.0,0.0,0.0,0.0,0,0,
NKE,NKE-NIKE INC -CL B-2024.pdf,38,0.0,0,0.0,0.0,0.0,0.0,0,0,
NKE,NKE-NIKE INC -CL B-2024.pdf,43,0.0,0,0.0,0.0,0.0,0.0,0,0,
NKE,NKE-NIKE INC -CL B-2024.pdf,44,0.0,0,0.0,0.0,0.0,0.0,0,0,
NKE,NKE-NIKE INC -CL B-2024.pdf,48,0.0,0,0.0,0.0,0.0,0.0,0,0,
NKE,NKE-NIKE INC -CL B-2024.pdf,50,0.0,0,0.0,0.0,0.0,0.0,0,0,
PAG,PAG-PENSKE AUTOMOTIVE GROUP INC-2021.pdf,11,0.0,0,0.0,0.0,0.0,0.0,0,0,
PAG,PAG-PENSKE AUTOMOTIVE GROUP INC-2021.pdf,12,0.0,0,0.0,0.0,0.0,0.0,0,0,
PAG,PAG-PENSKE AUTOMOTIVE GROUP INC-2021.pdf,13,0.0,0,0.0,0.0,0.0,0.0,0,0,
PAG,PAG-PENSKE AUTOMOTIVE GROUP INC-2021.pdf,14,0.0,0,0.0,0.0,0.0,0.0,0,0,
PAG,PAG-PENSKE AUTOMOTIVE GROUP INC-2021.pdf,15,0.0,0,0.0,0.0,0.0,0.0,0,0,
PAG,PAG-PENSKE AUTOMOTIVE GROUP INC-2021.pdf,20,0.0,0,0.0,0.0,0.0,0.0,0,0,
PAG,PAG-PENSKE AUTOMOTIVE GROUP INC-2021.pdf,21,0.0,0,0.0,0.0,0.0,0.0,0,0,
PAG,PAG-PENSKE AUTOMOTIVE GROUP INC-2021.pdf,24,0.0,0,0.0,0.0,0.0,0.0,0,0,
PAG,PAG-PENSKE AUTOMOTIVE GROUP INC-2021.pdf,31,0.5417533979500893,1,0.5417533979500893,0.5417533979500893,0.5417533979500893,0.5417533979500893,13,0,
PRTS,PRTS-CARPARTS COM INC-2022.pdf,23,0.0,0,0.0,0.0,0.0,0.0,0,0,
PRTS,PRTS-CARPARTS COM INC-2022.pdf,41,1.199900183711956,1,1.199900183711956,1.199900183711956,1.199900183711956,1.199900183711956,5,0,
PRTS,PRTS-CARPARTS COM INC-2022.pdf,46,0.9998749757886378,1,0.9998749757886378,0.9998749757886378,0.9998749757886378,0.9998749757886378,5,0,
PRTS,PRTS-CARPARTS COM INC-2022.pdf,52,0.0,0,0.0,0.0,0.0,0.0,0,0,
PRTS,PRTS-CARPARTS COM INC-2022.pdf,55,0.7129406387943046,1,0.7129406387943046,0.7129406387943046,0.7129406387943046,0.7129406387943046,29,0,
PSMT,PSMT-PRICESMART INC-2025.pdf,4,0.0,0,0.0,0.0,0.0,0.0,0,0,
PSMT,PSMT-PRICESMART INC-2025.pdf,6,0.3668021063278772,1,0.3668021063278772,0.3668021063278772,0.3668021063278772,0.3668021063278772,5,0,
PSMT,PSMT-PRICESMART INC-2025.pdf,11,1.0967829403924612,2,0.0718737425929198,0.0718737425929198,0.0718737425929198,1.0249091977995413,3,1,
PSMT,PSMT-PRICESMART INC-2025.pdf,14,0.1172856139717448,1,0.1172856139717448,0.1172856139717448,0.1172856139717448,0.1172856139717448,2,0,
PSMT,PSMT-PRICESMART INC-2025.pdf,23,0.1592130606133411,2,0.1592130606133411,0.1592130606133411,0.1592130606133411,0.0817957546900573,2,0,
PSMT,PSMT-PRICESMART INC-2025.pdf,24,0.0172715682480193,2,0.0172715682480193,0.0172715682480193,0.0172715682480193,0.0093168227080841,2,0,
PSMT,PSMT-PRICESMART INC-2025.pdf,25,0.0,0,0.0,0.0,0.0,0.0,0,0,
PSMT,PSMT-PRICESMART INC-2025.pdf,37,0.1717525490989052,1,0.1717525490989052,0.1717525490989052,0.1717525490989052,0.1717525490989052,6,0,
PSMT,PSMT-PRICESMART INC-2025.pdf,39,2.1632713518963778,1,2.1632713518963778,2.1632713518963778,2.1632713518963778,2.1632713518963778,6,0,
PSMT,PSMT-PRICESMART INC-2025.pdf,45,0.0,0,0.0,0.0,0.0,0.0,0,0,
PSMT,PSMT-PRICESMART INC-2025.pdf,47,0.1898399679298704,2,0.1898399679298704,0.1898399679298704,0.1898399679298704,0.1061782122230201,2,0,
PSMT,PSMT-PRICESMART INC-2025.pdf,48,0.0424106224339582,1,0.0424106224339582,0.0424106224339582,0.0424106224339582,0.0424106224339582,2,0,
PSMT,PSMT-PRICESMART INC-2025.pdf,51,0.0,0,0.0,0.0,0.0,0.0,0,0,
PSMT,PSMT-PRICESMART INC-2025.pdf,52,0.0,0,0.0,0.0,0.0,0.0,0,0,
PSMT,PSMT-PRICESMART INC-2025.pdf,54,0.0,0,0.0,0.0,0.0,0.0,0,0,
PSMT,PSMT-PRICESMART INC-2025.pdf,55,0.0,0,0.0,0.0,0.0,0.0,0,0,
PSMT,PSMT-PRICESMART INC-2025.pdf,57,0.1446934074906991,1,0.1446934074906991,0.1446934074906991,0.1446934074906991,0.1446934074906991,20,0,
PSMT,PSMT-PRICESMART INC-2025.pdf,58,0.129366472307001,1,0.129366472307001,0.129366472307001,0.129366472307001,0.129366472307001,8,0,
PVH,PVH-PVH CORP-2022.pdf,4,0.0,0,0.0,0.0,0.0,0.0,0,0,
PVH,PVH-PVH CORP-2022.pdf,6,0.0,0,0.0,0.0,0.0,0.0,0,0,
PVH,PVH-PVH CORP-2022.pdf,7,0.0,0,0.0,0.0,0.0,0.0,0,0,
PVH,PVH-PVH CORP-2022.pdf,11,0.0,0,0.0,0.0,0.0,0.0,0,0,
PVH,PVH-PVH CORP-2022.pdf,12,0.0,0,0.0,0.0,0.0,0.0,0,0,
PVH,PVH-PVH CORP-2022.pdf,13,0.0,0,0.0,0.0,0.0,0.0,0,0,
PVH,PVH-PVH CORP-2022.pdf,14,0.0,0,0.0,0.0,0.0,0.0,0,0,
PVH,PVH-PVH CORP-2022.pdf,15,0.0,0,0.0,0.0,0.0,0.0,0,0,
PVH,PVH-PVH CORP-2022.pdf,17,0.0,0,0.0,0.0,0.0,0.0,0,0,
PVH,PVH-PVH CORP-2022.pdf,30,0.0,0,0.0,0.0,0.0,0.0,0,0,
PVH,PVH-PVH CORP-2022.pdf,33,0.0,0,0.0,0.0,0.0,0.0,0,0,
PVH,PVH-PVH CORP-2022.pdf,35,0.0,0,0.0,0.0,0.0,0.0,0,0,
PVH,PVH-PVH CORP-2022.pdf,37,0.9090901663695782,1,0.0,0.0,0.9090901663695782,0.9090901663695782,3,1,
PVH,PVH-PVH CORP-2022.pdf,38,0.0,0,0.0,0.0,0.0,0.0,0,0,
PVH,PVH-PVH CORP-2022.pdf,40,0.9090901663695782,1,0.0,0.0,0.9090901663695782,0.9090901663695782,3,1,
PVH,PVH-PVH CORP-2022.pdf,41,0.0,0,0.0,0.0,0.0,0.0,0,0,
PVH,PVH-PVH CORP-2022.pdf,47,0.0,0,0.0,0.0,0.0,0.0,0,0,
PVH,PVH-PVH CORP-2022.pdf,48,0.0168627034787416,1,0.0168627034787416,0.0168627034787416,0.0168627034787416,0.0168627034787416,2,0,
PVH,PVH-PVH CORP-2022.pdf,49,0.0,0,0.0,0.0,0.0,0.0,0,0,
PVH,PVH-PVH CORP-2022.pdf,50,0.0,0,0.0,0.0,0.0,0.0,0,0,
PVH,PVH-PVH CORP-2022.pdf,51,0.0,0,0.0,0.0,0.0,0.0,0,0,
PVH,PVH-PVH CORP-2022.pdf,53,0.0,0,0.0,0.0,0.0,0.0,0,0,
PVH,PVH-PVH CORP-2022.pdf,60,0.0,0,0.0,0.0,0.0,0.0,0,0,
PVH,PVH-PVH CORP-2022.pdf,63,0.0,0,0.0,0.0,0.0,0.0,0,0,
PVH,PVH-PVH CORP-2022.pdf,64,0.0,0,0.0,0.0,0.0,0.0,0,0,
PVH,PVH-PVH CORP-2022.pdf,65,0.0,0,0.0,0.0,0.0,0.0,0,0,
PVH,PVH-PVH CORP-2022.pdf,69,0.0,0,0.0,0.0,0.0,0.0,0,0,
PVH,PVH-PVH CORP-2022.pdf,71,0.0,0,0.0,0.0,0.0,0.0,0,0,
PVH,PVH-PVH CORP-2022.pdf,73,0.0,0,0.0,0.0,0.0,0.0,0,0,
PVH,PVH-PVH CORP-2022.pdf,74,0.0,0,0.0,0.0,0.0,0.0,0,0,
PVH,PVH-PVH CORP-2022.pdf,75,0.0,0,0.0,0.0,0.0,0.0,0,0,
PVH,PVH-PVH CORP-2022.pdf,76,0.606199494949495,1,0.606199494949495,0.606199494949495,0.606199494949495,0.606199494949495,2,0,
PVH,PVH-PVH CORP-2022.pdf,77,0.0,0,0.0,0.0,0.0,0.0,0,0,
PVH,PVH-PVH CORP-2022.pdf,90,0.027234477124183,1,0.027234477124183,0.027234477124183,0.027234477124183,0.027234477124183,3,0,
PVH,PVH-PVH CORP-2022.pdf,91,0.0272344223484848,1,0.0272344223484848,0.0272344223484848,0.0272344223484848,0.0272344223484848,3,0,
PVH,PVH-PVH CORP-2022.pdf,92,0.0,0,0.0,0.0,0.0,0.0,0,0,
PVH,PVH-PVH CORP-2022.pdf,95,0.027234477124183,1,0.027234477124183,0.027234477124183,0.027234477124183,0.027234477124183,2,0,
PVH,PVH-PVH CORP-2022.pdf,98,0.027234477124183,1,0.027234477124183,0.027234477124183,0.027234477124183,0.027234477124183,2,0,
PVH,PVH-PVH CORP-2022.pdf,101,0.027234477124183,1,0.027234477124183,0.027234477124183,0.027234477124183,0.027234477124183,2,0,
PVH,PVH-PVH CORP-2022.pdf,102,0.027234477124183,1,0.027234477124183,0.027234477124183,0.027234477124183,0.027234477124183,2,0,
PVH,PVH-PVH CORP-2022.pdf,103,0.027234477124183,1,0.027234477124183,0.027234477124183,0.027234477124183,0.027234477124183,2,0,
PVH,PVH-PVH CORP-2022.pdf,104,0.027234477124183,1,0.027234477124183,0.027234477124183,0.027234477124183,0.027234477124183,2,0,
PVH,PVH-PVH CORP-2022.pdf,105,0.027234477124183,1,0.027234477124183,0.027234477124183,0.027234477124183,0.027234477124183,2,0,
PVH,PVH-PVH CORP-2022.pdf,107,0.0,0,0.0,0.0,0.0,0.0,0,0,
PVH,PVH-PVH CORP-2022.pdf,108,0.0,0,0.0,0.0,0.0,0.0,0,0,
PVH,PVH-PVH CORP-2022.pdf,109,0.0,0,0.0,0.0,0.0,0.0,0,0,
PVH,PVH-PVH CORP-2022.pdf,110,0.0359335798463575,2,0.0359335798463575,0.0359335798463575,0.0359335798463575,0.0179680113636594,4,0,
PVH,PVH-PVH CORP-2023.pdf,3,0.0,0,0.0,0.0,0.0,0.0,0,0,
PVH,PVH-PVH CORP-2023.pdf,4,0.0,0,0.0,0.0,0.0,0.0,0,0,
PVH,PVH-PVH CORP-2023.pdf,5,0.0,0,0.0,0.0,0.0,0.0,0,0,
PVH,PVH-PVH CORP-2023.pdf,7,0.0,0,0.0,0.0,0.0,0.0,0,0,
PVH,PVH-PVH CORP-2023.pdf,8,0.0,0,0.0,0.0,0.0,0.0,0,0,
PVH,PVH-PVH CORP-2023.pdf,12,0.0,0,0.0,0.0,0.0,0.0,0,0,
PVH,PVH-PVH CORP-2023.pdf,16,1.0,1,0.0,0.0,0.0,1.0,2,1,
PVH,PVH-PVH CORP-2023.pdf,17,0.0,0,0.0,0.0,0.0,0.0,0,0,
PVH,PVH-PVH CORP-2023.pdf,18,0.0,0,0.0,0.0,0.0,0.0,0,0,
PVH,PVH-PVH CORP-2023.pdf,19,0.0,0,0.0,0.0,0.0,0.0,0,0,
PVH,PVH-PVH CORP-2023.pdf,22,0.0,0,0.0,0.0,0.0,0.0,0,0,
PVH,PVH-PVH CORP-2023.pdf,27,0.0,0,0.0,0.0,0.0,0.0,0,0,
PVH,PVH-PVH CORP-2023.pdf,29,0.0474827925987502,4,0.0474827925987502,0.0474827925987502,0.0474827925987502,0.0188243522373952,4,0,
PVH,PVH-PVH CORP-2023.pdf,30,0.0,0,0.0,0.0,0.0,0.0,0,0,
PVH,PVH-PVH CORP-2023.pdf,32,0.0,0,0.0,0.0,0.0,0.0,0,0,
PVH,PVH-PVH CORP-2023.pdf,41,0.0,0,0.0,0.0,0.0,0.0,0,0,
PVH,PVH-PVH CORP-2023.pdf,43,0.0,0,0.0,0.0,0.0,0.0,0,0,
PVH,PVH-PVH CORP-2023.pdf,48,0.0762167902181363,6,0.0762167902181363,0.0762167902181363,0.0762167902181363,0.017532327404578,5,0,
PVH,PVH-PVH CORP-2023.pdf,55,0.0335743801652892,1,0.0335743801652892,0.0335743801652892,0.0335743801652892,0.0335743801652892,3,0,
PVH,PVH-PVH CORP-2023.pdf,58,0.0772156508264462,3,0.0772156508264462,0.0772156508264462,0.0772156508264462,0.0314096074380165,3,0,
PVH,PVH-PVH CORP-2023.pdf,59,0.0484226801394627,3,0.0484226801394627,0.0484226801394627,0.0484226801394627,0.0170131714876033,2,0,
PVH,PVH-PVH CORP-2023.pdf,60,0.1052555526859503,4,0.1052555526859503,0.1052555526859503,0.1052555526859503,0.0312213649276859,4,0,
PVH,PVH-PVH CORP-2023.pdf,61,0.0907753363177226,3,0.0907753363177226,0.0907753363177226,0.0907753363177226,0.0454295583677686,6,0,
PVH,PVH-PVH CORP-2023.pdf,62,0.0768590218233471,4,0.0768590218233471,0.0768590218233471,0.0768590218233471,0.0310331224173554,4,0,
PVH,PVH-PVH CORP-2023.pdf,64,0.0480462939049587,2,0.0480462939049587,0.0480462939049587,0.0480462939049587,0.0310331224173554,4,0,
PVH,PVH-PVH CORP-2023.pdf,65,0.0760863604080579,3,0.0760863604080579,0.0760863604080579,0.0760863604080579,0.0310331224173554,4,0,
PVH,PVH-PVH CORP-2023.pdf,66,0.090106377195248,4,0.090106377195248,0.090106377195248,0.090106377195248,0.0310331224173554,3,0,
PVH,PVH-PVH CORP-2023.pdf,67,0.1045158913352273,5,0.1045158913352273,0.1045158913352273,0.1045158913352273,0.0310674231663223,4,0,
PVH,PVH-PVH CORP-2023.pdf,68,0.0340263429752066,2,0.0340263429752066,0.0340263429752066,0.0340263429752066,0.0170131714876033,2,0,
PVH,PVH-PVH CORP-2023.pdf,69,0.062819214876033,2,0.062819214876033,0.062819214876033,0.062819214876033,0.0314096074380165,3,0,
PVH,PVH-PVH CORP-2023.pdf,70,0.062819214876033,2,0.062819214876033,0.062819214876033,0.062819214876033,0.0314096074380165,3,0,
RL,RL-RALPH LAUREN CORP-2025.pdf,4,0.692103570560881,2,0.692103570560881,0.692103570560881,0.692103570560881,0.4575581160154264,13,0,
RL,RL-RALPH LAUREN CORP-2025.pdf,5,0.4468268823122917,1,0.4468268823122917,0.4468268823122917,0.4468268823122917,0.4468268823122917,12,0,
RL,RL-RALPH LAUREN CORP-2025.pdf,6,0.3700914524121389,1,0.3700914524121389,0.3700914524121389,0.3700914524121389,0.3700914524121389,11,0,
RL,RL-RALPH LAUREN CORP-2025.pdf,8,0.0,0,0.0,0.0,0.0,0.0,0,0,
RL,RL-RALPH LAUREN CORP-2025.pdf,11,0.0,0,0.0,0.0,0.0,0.0,0,0,
RL,RL-RALPH LAUREN CORP-2025.pdf,14,0.0,0,0.0,0.0,0.0,0.0,0,0,
RL,RL-RALPH LAUREN CORP-2025.pdf,16,0.187304242786319,2,0.187304242786319,0.187304242786319,0.187304242786319,0.1357223707664884,2,0,
RL,RL-RALPH LAUREN CORP-2025.pdf,22,0.0,0,0.0,0.0,0.0,0.0,0,0,
RL,RL-RALPH LAUREN CORP-2025.pdf,24,0.0,0,0.0,0.0,0.0,0.0,0,0,
RL,RL-RALPH LAUREN CORP-2025.pdf,29,0.1902383921593384,1,0.1902383921593384,0.1902383921593384,0.1902383921593384,0.1902383921593384,4,0,
RL,RL-RALPH LAUREN CORP-2025.pdf,32,0.0,0,0.0,0.0,0.0,0.0,0,0,
RL,RL-RALPH LAUREN CORP-2025.pdf,36,0.0634077457664884,1,0.0634077457664884,0.0634077457664884,0.0634077457664884,0.0634077457664884,19,0,
RL,RL-RALPH LAUREN CORP-2025.pdf,38,0.303400911265432,1,0.303400911265432,0.303400911265432,0.303400911265432,0.303400911265432,4,0,
RL,RL-RALPH LAUREN CORP-2025.pdf,44,0.5804786404610429,2,0.5804786404610429,0.5804786404610429,0.5804786404610429,0.3228454627278285,43,0,
RL,RL-RALPH LAUREN CORP-2025.pdf,45,0.6217167328971531,1,0.6217167328971531,0.6217167328971531,0.6217167328971531,0.6217167328971531,58,0,
RL,RL-RALPH LAUREN CORP-2025.pdf,46,0.7278646554572237,1,0.7278646554572237,0.7278646554572237,0.7278646554572237,0.7278646554572237,76,0,
RL,RL-RALPH LAUREN CORP-2025.pdf,47,0.7228531925118302,1,0.7228531925118302,0.7228531925118302,0.7228531925118302,0.7228531925118302,74,0,
RL,RL-RALPH LAUREN CORP-2025.pdf,50,0.7530883514608365,1,0.7530883514608365,0.7530883514608365,0.7530883514608365,0.7530883514608365,20,0,
RL,RL-RALPH LAUREN CORP-2025.pdf,51,0.4604301824553129,1,0.4604301824553129,0.4604301824553129,0.4604301824553129,0.4604301824553129,27,0,
ROST,ROST-ROSS STORES INC-2021.pdf,3,0.0,0,0.0,0.0,0.0,0.0,0,0,
ROST,ROST-ROSS STORES INC-2021.pdf,8,0.0,0,0.0,0.0,0.0,0.0,0,0,
ROST,ROST-ROSS STORES INC-2021.pdf,10,0.0,0,0.0,0.0,0.0,0.0,0,0,
ROST,ROST-ROSS STORES INC-2021.pdf,11,0.0,0,0.0,0.0,0.0,0.0,0,0,
ROST,ROST-ROSS STORES INC-2021.pdf,13,0.0,0,0.0,0.0,0.0,0.0,0,0,
ROST,ROST-ROSS STORES INC-2021.pdf,14,0.0,0,0.0,0.0,0.0,0.0,0,0,
ROST,ROST-ROSS STORES INC-2021.pdf,15,0.0,0,0.0,0.0,0.0,0.0,0,0,
ROST,ROST-ROSS STORES INC-2021.pdf,16,0.0,0,0.0,0.0,0.0,0.0,0,0,
ROST,ROST-ROSS STORES INC-2021.pdf,17,0.0,0,0.0,0.0,0.0,0.0,0,0,
ROST,ROST-ROSS STORES INC-2021.pdf,19,0.0699343291282073,1,0.0699343291282073,0.0699343291282073,0.0699343291282073,0.0699343291282073,2,0,
ROST,ROST-ROSS STORES INC-2021.pdf,23,0.0,0,0.0,0.0,0.0,0.0,0,0,
ROST,ROST-ROSS STORES INC-2021.pdf,24,0.0,0,0.0,0.0,0.0,0.0,0,0,
ROST,ROST-ROSS STORES INC-2021.pdf,27,0.0,0,0.0,0.0,0.0,0.0,0,0,
ROST,ROST-ROSS STORES INC-2021.pdf,33,0.0,0,0.0,0.0,0.0,0.0,0,0,
ROST,ROST-ROSS STORES INC-2021.pdf,35,0.0457867908525615,1,0.0457867908525615,0.0457867908525615,0.0457867908525615,0.0457867908525615,11,0,
ROST,ROST-ROSS STORES INC-2021.pdf,37,0.0,0,0.0,0.0,0.0,0.0,0,0,
ROST,ROST-ROSS STORES INC-2021.pdf,43,0.0,0,0.0,0.0,0.0,0.0,0,0,
ROST,ROST-ROSS STORES INC-2021.pdf,44,0.0,0,0.0,0.0,0.0,0.0,0,0,
ROST,ROST-ROSS STORES INC-2021.pdf,50,0.0,0,0.0,0.0,0.0,0.0,0,0,
ROST,ROST-ROSS STORES INC-2021.pdf,51,0.0,0,0.0,0.0,0.0,0.0,0,0,
ROST,ROST-ROSS STORES INC-2021.pdf,52,0.0,0,0.0,0.0,0.0,0.0,0,0,
ROST,ROST-ROSS STORES INC-2021.pdf,54,0.0,0,0.0,0.0,0.0,0.0,0,0,
ROST,ROST-ROSS STORES INC-2021.pdf,55,0.0,0,0.0,0.0,0.0,0.0,0,0,
ROST,ROST-ROSS STORES INC-2021.pdf,59,0.6196055727454925,1,0.6196055727454925,0.6196055727454925,0.6196055727454925,0.6196055727454925,16,0,
ROST,ROST-ROSS STORES INC-2021.pdf,61,0.6096619032196772,1,0.6096619032196772,0.6096619032196772,0.6096619032196772,0.6096619032196772,25,0,
ROST,ROST-ROSS STORES INC-2021.pdf,62,0.273567362761603,6,0.273567362761603,0.273567362761603,0.273567362761603,0.0964684910790916,10,0,
ROST,ROST-ROSS STORES INC-2021.pdf,63,0.0,0,0.0,0.0,0.0,0.0,0,0,
SGC,SGC-SUPERIOR GROUP OF COS INC-2021.pdf,6,1.1098639928698752,1,1.1098639928698752,1.1098639928698752,1.1098639928698752,1.1098639928698752,13,0,
SGC,SGC-SUPERIOR GROUP OF COS INC-2021.pdf,7,1.1098639928698752,1,1.1098639928698752,1.1098639928698752,1.1098639928698752,1.1098639928698752,13,0,
SGC,SGC-SUPERIOR GROUP OF COS INC-2021.pdf,10,1.1098639928698752,1,1.1098639928698752,1.1098639928698752,1.1098639928698752,1.1098639928698752,15,0,
SGC,SGC-SUPERIOR GROUP OF COS INC-2021.pdf,11,1.1098639928698752,1,1.1098639928698752,1.1098639928698752,1.1098639928698752,1.1098639928698752,15,0,
SGC,SGC-SUPERIOR GROUP OF COS INC-2021.pdf,18,1.1098639928698752,1,1.1098639928698752,1.1098639928698752,1.1098639928698752,1.1098639928698752,13,0,
SGC,SGC-SUPERIOR GROUP OF COS INC-2021.pdf,19,1.1098639928698752,1,1.1098639928698752,1.1098639928698752,1.1098639928698752,1.1098639928698752,13,0,
SGC,SGC-SUPERIOR GROUP OF COS INC-2021.pdf,34,1.1424505482211824,3,1.1424505482211824,1.1424505482211824,1.1424505482211824,1.1098639928698752,16,0,
SGC,SGC-SUPERIOR GROUP OF COS INC-2021.pdf,35,1.1424505482211824,3,1.1424505482211824,1.1424505482211824,1.1424505482211824,1.1098639928698752,16,0,
SGI,SGI-SOMNIGROUP INTERNATIONAL INC-2022.pdf,3,0.00099757222346,1,0.00099757222346,0.00099757222346,0.00099757222346,0.00099757222346,5,0,
SGI,SGI-SOMNIGROUP INTERNATIONAL INC-2022.pdf,4,0.0009943174572006,1,0.0009943174572006,0.0009943174572006,0.0009943174572006,0.0009943174572006,5,0,
SGI,SGI-SOMNIGROUP INTERNATIONAL INC-2022.pdf,5,0.0790328098501353,3,0.0790328098501353,0.0790328098501353,0.0790328098501353,0.0263845053475936,3,0,
SGI,SGI-SOMNIGROUP INTERNATIONAL INC-2022.pdf,6,0.2479374539853188,3,0.2479374539853188,0.2479374539853188,0.2479374539853188,0.2141935531788472,2,0,
SGI,SGI-SOMNIGROUP INTERNATIONAL INC-2022.pdf,7,0.0,0,0.0,0.0,0.0,0.0,0,0,
SGI,SGI-SOMNIGROUP INTERNATIONAL INC-2022.pdf,8,0.0,0,0.0,0.0,0.0,0.0,0,0,
SGI,SGI-SOMNIGROUP INTERNATIONAL INC-2022.pdf,9,0.0,0,0.0,0.0,0.0,0.0,0,0,
SGI,SGI-SOMNIGROUP INTERNATIONAL INC-2022.pdf,10,0.0,0,0.0,0.0,0.0,0.0,0,0,
SGI,SGI-SOMNIGROUP INTERNATIONAL INC-2022.pdf,12,0.0,0,0.0,0.0,0.0,0.0,0,0,
SGI,SGI-SOMNIGROUP INTERNATIONAL INC-2022.pdf,13,0.0,0,0.0,0.0,0.0,0.0,0,0,
SGI,SGI-SOMNIGROUP INTERNATIONAL INC-2022.pdf,14,0.2565403085380703,4,0.2565403085380703,0.2565403085380703,0.2565403085380703,0.222559863339275,2,0,
SGI,SGI-SOMNIGROUP INTERNATIONAL INC-2022.pdf,16,0.0,0,0.0,0.0,0.0,0.0,0,0,
SGI,SGI-SOMNIGROUP INTERNATIONAL INC-2022.pdf,21,0.0,0,0.0,0.0,0.0,0.0,0,0,
SGI,SGI-SOMNIGROUP INTERNATIONAL INC-2022.pdf,22,0.0005748432501717,1,0.0005748432501717,0.0005748432501717,0.0005748432501717,0.0005748432501717,2,0,
SGI,SGI-SOMNIGROUP INTERNATIONAL INC-2022.pdf,23,0.0,0,0.0,0.0,0.0,0.0,0,0,
SGI,SGI-SOMNIGROUP INTERNATIONAL INC-2022.pdf,25,0.2233770906120023,2,0.2233770906120023,0.2233770906120023,0.2233770906120023,0.2223795183885422,42,0,
SNBR,SNBR-SLEEP NUMBER CORP-2025.pdf,3,0.0,0,0.0,0.0,0.0,0.0,0,0,
SNBR,SNBR-SLEEP NUMBER CORP-2025.pdf,11,0.0,0,0.0,0.0,0.0,0.0,0,0,
SNBR,SNBR-SLEEP NUMBER CORP-2025.pdf,12,0.0,0,0.0,0.0,0.0,0.0,0,0,
SNBR,SNBR-SLEEP NUMBER CORP-2025.pdf,13,0.0,0,0.0,0.0,0.0,0.0,0,0,
SNBR,SNBR-SLEEP NUMBER CORP-2025.pdf,14,0.0,0,0.0,0.0,0.0,0.0,0,0,
SNBR,SNBR-SLEEP NUMBER CORP-2025.pdf,18,0.1448492275698158,1,0.1448492275698158,0.1448492275698158,0.1448492275698158,0.1448492275698158,6,0,
SNBR,SNBR-SLEEP NUMBER CORP-2025.pdf,22,0.0,0,0.0,0.0,0.0,0.0,0,0,
SNBR,SNBR-SLEEP NUMBER CORP-2025.pdf,23,0.0,0,0.0,0.0,0.0,0.0,0,0,
SNBR,SNBR-SLEEP NUMBER CORP-2025.pdf,26,0.0,0,0.0,0.0,0.0,0.0,0,0,
SNBR,SNBR-SLEEP NUMBER CORP-2025.pdf,27,0.0,0,0.0,0.0,0.0,0.0,0,0,
SNBR,SNBR-SLEEP NUMBER CORP-2025.pdf,28,0.0,0,0.0,0.0,0.0,0.0,0,0,
SNBR,SNBR-SLEEP NUMBER CORP-2025.pdf,29,0.0,0,0.0,0.0,0.0,0.0,0,0,
SNBR,SNBR-SLEEP NUMBER CORP-2025.pdf,30,0.0,0,0.0,0.0,0.0,0.0,0,0,
SNBR,SNBR-SLEEP NUMBER CORP-2025.pdf,32,0.0,0,0.0,0.0,0.0,0.0,0,0,
SNBR,SNBR-SLEEP NUMBER CORP-2025.pdf,34,0.0,0,0.0,0.0,0.0,0.0,0,0,
SNBR,SNBR-SLEEP NUMBER CORP-2025.pdf,36,0.0,0,0.0,0.0,0.0,0.0,0,0,
SNBR,SNBR-SLEEP NUMBER CORP-2025.pdf,38,0.0,0,0.0,0.0,0.0,0.0,0,0,
SNBR,SNBR-SLEEP NUMBER CORP-2025.pdf,42,0.0,0,0.0,0.0,0.0,0.0,0,0,
SNBR,SNBR-SLEEP NUMBER CORP-2025.pdf,44,0.0,0,0.0,0.0,0.0,0.0,0,0,
SNBR,SNBR-SLEEP NUMBER CORP-2025.pdf,53,0.7250480447860963,1,0.7250480447860963,0.7250480447860963,0.7250480447860963,0.7250480447860963,38,0,
SNBR,SNBR-SLEEP NUMBER CORP-2025.pdf,54,0.7739388368983957,1,0.7739388368983957,0.7739388368983957,0.7739388368983957,0.7739388368983957,50,0,
SNBR,SNBR-SLEEP NUMBER CORP-2025.pdf,55,0.7624730763517529,1,0.7624730763517529,0.7624730763517529,0.7624730763517529,0.7624730763517529,46,0,
SNBR,SNBR-SLEEP NUMBER CORP-2025.pdf,56,0.621444221628045,1,0.621444221628045,0.621444221628045,0.621444221628045,0.621444221628045,38,0,
SNBR,SNBR-SLEEP NUMBER CORP-2025.pdf,57,0.6994113933452168,1,0.6994113933452168,0.6994113933452168,0.6994113933452168,0.6994113933452168,43,0,
SNBR,SNBR-SLEEP NUMBER CORP-2025.pdf,58,0.7005579693998811,1,0.7005579693998811,0.7005579693998811,0.7005579693998811,0.7005579693998811,34,0,
SNBR,SNBR-SLEEP NUMBER CORP-2025.pdf,59,0.6220291146761735,1,0.6220291146761735,0.6220291146761735,0.6220291146761735,0.6220291146761735,12,0,
SNBR,SNBR-SLEEP NUMBER CORP-2025.pdf,60,0.705585264408794,1,0.705585264408794,0.705585264408794,0.705585264408794,0.705585264408794,18,0,
SNBR,SNBR-SLEEP NUMBER CORP-2025.pdf,61,0.0,0,0.0,0.0,0.0,0.0,0,0,
SONO,SONO-SONOS INC-2023.pdf,3,0.0,0,0.0,0.0,0.0,0.0,0,0,
SONO,SONO-SONOS INC-2023.pdf,5,0.0,0,0.0,0.0,0.0,0.0,0,0,
SONO,SONO-SONOS INC-2023.pdf,9,0.0,0,0.0,0.0,0.0,0.0,0,0,
SONO,SONO-SONOS INC-2023.pdf,11,0.0,0,0.0,0.0,0.0,0.0,0,0,
SONO,SONO-SONOS INC-2023.pdf,14,0.0,0,0.0,0.0,0.0,0.0,0,0,
SONO,SONO-SONOS INC-2023.pdf,15,0.0,0,0.0,0.0,0.0,0.0,0,0,
SONO,SONO-SONOS INC-2023.pdf,16,0.0,0,0.0,0.0,0.0,0.0,0,0,
SONO,SONO-SONOS INC-2023.pdf,22,0.2528936284722222,1,0.2528936284722222,0.2528936284722222,0.2528936284722222,0.2528936284722222,28,0,
SONO,SONO-SONOS INC-2023.pdf,24,0.0,0,0.0,0.0,0.0,0.0,0,0,
SONO,SONO-SONOS INC-2023.pdf,27,0.0,0,0.0,0.0,0.0,0.0,0,0,
SONO,SONO-SONOS INC-2023.pdf,29,0.0,0,0.0,0.0,0.0,0.0,0,0,
SONO,SONO-SONOS INC-2023.pdf,30,0.0,0,0.0,0.0,0.0,0.0,0,0,
SONO,SONO-SONOS INC-2023.pdf,31,0.0,0,0.0,0.0,0.0,0.0,0,0,
SONO,SONO-SONOS INC-2023.pdf,35,0.5799200813802085,2,0.5799200813802085,0.5799200813802085,0.5799200813802085,0.2904603933376737,15,0,
SONO,SONO-SONOS INC-2023.pdf,37,0.5793629144965277,2,0.5793629144965277,0.5793629144965277,0.5793629144965277,0.3902103743489583,15,0,
SONO,SONO-SONOS INC-2023.pdf,38,0.5063294406467014,3,0.5063294406467014,0.5063294406467014,0.5063294406467014,0.2304307297092013,9,0,
SONO,SONO-SONOS INC-2023.pdf,42,0.304348310546875,1,0.304348310546875,0.304348310546875,0.304348310546875,0.304348310546875,6,0,
SONO,SONO-SONOS INC-2023.pdf,43,0.6241907671440974,2,0.6241907671440974,0.6241907671440974,0.6241907671440974,0.4135445621744792,8,0,
SONO,SONO-SONOS INC-2023.pdf,44,0.6662436317274306,2,0.6662436317274306,0.6662436317274306,0.6662436317274306,0.3438179996744792,8,0,
SONO,SONO-SONOS INC-2023.pdf,45,0.6739910921223958,1,0.6739910921223958,0.6739910921223958,0.6739910921223958,0.6739910921223958,14,0,
SONO,SONO-SONOS INC-2023.pdf,46,0.6378365782335069,1,0.6378365782335069,0.6378365782335069,0.6378365782335069,0.6378365782335069,14,0,
TDUP,TDUP-THREDUP INC-2021.pdf,2,0.000403879176646,2,0.000403879176646,0.000403879176646,0.000403879176646,0.0002199541032407,2,0,
TDUP,TDUP-THREDUP INC-2021.pdf,5,0.000403879176646,2,0.000403879176646,0.000403879176646,0.000403879176646,0.0002199541032407,2,0,
TDUP,TDUP-THREDUP INC-2021.pdf,12,0.000403879176646,2,0.000403879176646,0.000403879176646,0.000403879176646,0.0002199541032407,2,0,
TDUP,TDUP-THREDUP INC-2021.pdf,13,0.000403879176646,2,0.000403879176646,0.000403879176646,0.000403879176646,0.0002199541032407,2,0,
TDUP,TDUP-THREDUP INC-2021.pdf,29,0.0027396816457818,3,0.0027396816457818,0.0027396816457818,0.0027396816457818,0.0023358024691358,2,0,
TDUP,TDUP-THREDUP INC-2021.pdf,33,0.000403879176646,2,0.000403879176646,0.000403879176646,0.000403879176646,0.0002199541032407,2,0,
TDUP,TDUP-THREDUP INC-2021.pdf,35,0.000403879176646,2,0.000403879176646,0.000403879176646,0.000403879176646,0.0002199541032407,2,0,
TDUP,TDUP-THREDUP INC-2021.pdf,38,0.000403879176646,2,0.000403879176646,0.000403879176646,0.000403879176646,0.0002199541032407,2,0,
TDUP,TDUP-THREDUP INC-2021.pdf,40,0.000403879176646,2,0.000403879176646,0.000403879176646,0.000403879176646,0.0002199541032407,2,0,
TDUP,TDUP-THREDUP INC-2021.pdf,46,0.000403879176646,2,0.000403879176646,0.000403879176646,0.000403879176646,0.0002199541032407,2,0,
TDUP,TDUP-THREDUP INC-2021.pdf,51,0.0,0,0.0,0.0,0.0,0.0,0,0,
TDUP,TDUP-THREDUP INC-2021.pdf,52,0.0,0,0.0,0.0,0.0,0.0,0,0,
TDUP,TDUP-THREDUP INC-2021.pdf,53,0.0,0,0.0,0.0,0.0,0.0,0,0,
TDUP,TDUP-THREDUP INC-2021.pdf,55,0.000403879176646,2,0.000403879176646,0.000403879176646,0.000403879176646,0.0002199541032407,2,0,
TPR,TPR-TAPESTRY INC-2022.pdf,3,0.0,0,0.0,0.0,0.0,0.0,0,0,
TPR,TPR-TAPESTRY INC-2022.pdf,4,0.0,0,0.0,0.0,0.0,0.0,0,0,
TPR,TPR-TAPESTRY INC-2022.pdf,11,0.0,0,0.0,0.0,0.0,0.0,0,0,
TPR,TPR-TAPESTRY INC-2022.pdf,12,0.0,0,0.0,0.0,0.0,0.0,0,0,
TPR,TPR-TAPESTRY INC-2022.pdf,13,0.1371214631984899,1,0.1371214631984899,0.1371214631984899,0.1371214631984899,0.1371214631984899,90,0,
TPR,TPR-TAPESTRY INC-2022.pdf,14,0.1374756825282117,1,0.1374756825282117,0.1374756825282117,0.1374756825282117,0.1374756825282117,61,0,
TPR,TPR-TAPESTRY INC-2022.pdf,15,0.0,0,0.0,0.0,0.0,0.0,0,0,
TPR,TPR-TAPESTRY INC-2022.pdf,16,0.0,0,0.0,0.0,0.0,0.0,0,0,
TPR,TPR-TAPESTRY INC-2022.pdf,17,0.0,0,0.0,0.0,0.0,0.0,0,0,
TPR,TPR-TAPESTRY INC-2022.pdf,18,0.0,0,0.0,0.0,0.0,0.0,0,0,
TPR,TPR-TAPESTRY INC-2022.pdf,21,0.0,0,0.0,0.0,0.0,0.0,0,0,
TPR,TPR-TAPESTRY INC-2022.pdf,22,0.0,0,0.0,0.0,0.0,0.0,0,0,
TPR,TPR-TAPESTRY INC-2022.pdf,25,0.0,0,0.0,0.0,0.0,0.0,0,0,
TPR,TPR-TAPESTRY INC-2022.pdf,28,0.0,0,0.0,0.0,0.0,0.0,0,0,
TPR,TPR-TAPESTRY INC-2022.pdf,35,0.0,0,0.0,0.0,0.0,0.0,0,0,
TPR,TPR-TAPESTRY INC-2022.pdf,42,0.0,0,0.0,0.0,0.0,0.0,0,0,
TPR,TPR-TAPESTRY INC-2022.pdf,43,0.0,0,0.0,0.0,0.0,0.0,0,0,
TPR,TPR-TAPESTRY INC-2022.pdf,44,0.0,0,0.0,0.0,0.0,0.0,0,0,
TPR,TPR-TAPESTRY INC-2022.pdf,45,0.0,0,0.0,0.0,0.0,0.0,0,0,
TPR,TPR-TAPESTRY INC-2022.pdf,46,0.0,0,0.0,0.0,0.0,0.0,0,0,
TPR,TPR-TAPESTRY INC-2022.pdf,48,0.0,0,0.0,0.0,0.0,0.0,0,0,
TPR,TPR-TAPESTRY INC-2022.pdf,49,0.0,0,0.0,0.0,0.0,0.0,0,0,
TPR,TPR-TAPESTRY INC-2022.pdf,52,0.0,0,0.0,0.0,0.0,0.0,0,0,
TPR,TPR-TAPESTRY INC-2022.pdf,54,0.0,0,0.0,0.0,0.0,0.0,0,0,
TPR,TPR-TAPESTRY INC-2022.pdf,58,0.0,0,0.0,0.0,0.0,0.0,0,0,
TPR,TPR-TAPESTRY INC-2022.pdf,60,0.0,0,0.0,0.0,0.0,0.0,0,0,
TPR,TPR-TAPESTRY INC-2022.pdf,61,0.0,0,0.0,0.0,0.0,0.0,0,0,
TPR,TPR-TAPESTRY INC-2022.pdf,64,0.0,0,0.0,0.0,0.0,0.0,0,0,
TPR,TPR-TAPESTRY INC-2022.pdf,66,0.0,0,0.0,0.0,0.0,0.0,0,0,
TPR,TPR-TAPESTRY INC-2022.pdf,67,0.0,0,0.0,0.0,0.0,0.0,0,0,
TPR,TPR-TAPESTRY INC-2022.pdf,70,0.0,0,0.0,0.0,0.0,0.0,0,0,
TPR,TPR-TAPESTRY INC-2022.pdf,72,0.0,0,0.0,0.0,0.0,0.0,0,0,
TPR,TPR-TAPESTRY INC-2025.pdf,2,0.9994140625,1,0.0,0.0,0.0,0.9994140625,2,1,
TPR,TPR-TAPESTRY INC-2025.pdf,3,0.998828125,1,0.0,0.0,0.0,0.998828125,2,1,
TPR,TPR-TAPESTRY INC-2025.pdf,9,0.0,0,0.0,0.0,0.0,0.0,0,0,
TPR,TPR-TAPESTRY INC-2025.pdf,10,0.0,0,0.0,0.0,0.0,0.0,0,0,
TPR,TPR-TAPESTRY INC-2025.pdf,11,0.9994140625,1,0.0,0.0,0.0,0.9994140625,2,1,
TPR,TPR-TAPESTRY INC-2025.pdf,12,0.998828125,1,0.0,0.0,0.0,0.998828125,3,1,
TPR,TPR-TAPESTRY INC-2025.pdf,14,0.9987200249565972,1,0.0,0.0,0.0,0.9987200249565972,2,1,
TPR,TPR-TAPESTRY INC-2025.pdf,17,0.998828125,1,0.0,0.0,0.0,0.998828125,2,1,
TPR,TPR-TAPESTRY INC-2025.pdf,18,1.024055405861707,4,0.0246413433617069,0.0246413433617069,0.0246413433617069,0.9994140625,2,1,
TPR,TPR-TAPESTRY INC-2025.pdf,20,1.013548984814453,5,0.0147208598144531,0.0147208598144531,0.0147208598144531,0.998828125,2,1,
TPR,TPR-TAPESTRY INC-2025.pdf,28,0.1792535047743056,1,0.1792535047743056,0.1792535047743056,0.1792535047743056,0.1792535047743056,2,0,
TPR,TPR-TAPESTRY INC-2025.pdf,29,0.998828125,1,0.0,0.0,0.0,0.998828125,2,1,
TPR,TPR-TAPESTRY INC-2025.pdf,35,0.998828125,1,0.0,0.0,0.0,0.998828125,2,1,
TPR,TPR-TAPESTRY INC-2025.pdf,40,0.998828125,1,0.0,0.0,0.0,0.998828125,2,1,
TPR,TPR-TAPESTRY INC-2025.pdf,42,0.0,0,0.0,0.0,0.0,0.0,0,0,
TPR,TPR-TAPESTRY INC-2025.pdf,43,0.0,0,0.0,0.0,0.0,0.0,0,0,
TPR,TPR-TAPESTRY INC-2025.pdf,44,0.998828125,1,0.0,0.0,0.0,0.998828125,2,1,
TPR,TPR-TAPESTRY INC-2025.pdf,46,0.0,0,0.0,0.0,0.0,0.0,0,0,
TPR,TPR-TAPESTRY INC-2025.pdf,47,0.998828125,1,0.0,0.0,0.0,0.998828125,2,1,
TPR,TPR-TAPESTRY INC-2025.pdf,48,0.998828125,1,0.0,0.0,0.0,0.998828125,2,1,
TPR,TPR-TAPESTRY INC-2025.pdf,50,0.0,0,0.0,0.0,0.0,0.0,0,0,
TPR,TPR-TAPESTRY INC-2025.pdf,52,0.0,0,0.0,0.0,0.0,0.0,0,0,
TPR,TPR-TAPESTRY INC-2025.pdf,54,0.0,0,0.0,0.0,0.0,0.0,0,0,
TPR,TPR-TAPESTRY INC-2025.pdf,55,0.0,0,0.0,0.0,0.0,0.0,0,0,
TPR,TPR-TAPESTRY INC-2025.pdf,56,0.0,0,0.0,0.0,0.0,0.0,0,0,
TPR,TPR-TAPESTRY INC-2025.pdf,62,0.0,0,0.0,0.0,0.0,0.0,0,0,
TPR,TPR-TAPESTRY INC-2025.pdf,66,0.0,0,0.0,0.0,0.0,0.0,0,0,
TPR,TPR-TAPESTRY INC-2025.pdf,72,0.0,0,0.0,0.0,0.0,0.0,0,0,
TPR,TPR-TAPESTRY INC-2025.pdf,73,0.0,0,0.0,0.0,0.0,0.0,0,0,
UAA,UAA-UNDER ARMOUR INC-2021.pdf,9,0.0,0,0.0,0.0,0.0,0.0,0,0,
UAA,UAA-UNDER ARMOUR INC-2021.pdf,14,0.0,0,0.0,0.0,0.0,0.0,0,0,
UAA,UAA-UNDER ARMOUR INC-2021.pdf,15,0.0,0,0.0,0.0,0.0,0.0,0,0,
UAA,UAA-UNDER ARMOUR INC-2021.pdf,17,0.0,0,0.0,0.0,0.0,0.0,0,0,
UAA,UAA-UNDER ARMOUR INC-2021.pdf,22,0.0,0,0.0,0.0,0.0,0.0,0,0,
UAA,UAA-UNDER ARMOUR INC-2021.pdf,23,0.0,0,0.0,0.0,0.0,0.0,0,0,
UAA,UAA-UNDER ARMOUR INC-2021.pdf,24,0.0,0,0.0,0.0,0.0,0.0,0,0,
UAA,UAA-UNDER ARMOUR INC-2021.pdf,26,0.0,0,0.0,0.0,0.0,0.0,0,0,
UAA,UAA-UNDER ARMOUR INC-2021.pdf,27,0.0,0,0.0,0.0,0.0,0.0,0,0,
UAA,UAA-UNDER ARMOUR INC-2021.pdf,28,0.0,0,0.0,0.0,0.0,0.0,0,0,
UAA,UAA-UNDER ARMOUR INC-2021.pdf,29,0.0,0,0.0,0.0,0.0,0.0,0,0,
UAA,UAA-UNDER ARMOUR INC-2021.pdf,30,0.0,0,0.0,0.0,0.0,0.0,0,0,
UAA,UAA-UNDER ARMOUR INC-2021.pdf,31,0.0,0,0.0,0.0,0.0,0.0,0,0,
UAA,UAA-UNDER ARMOUR INC-2021.pdf,32,0.0,0,0.0,0.0,0.0,0.0,0,0,
UAA,UAA-UNDER ARMOUR INC-2021.pdf,34,0.0497182637217766,2,0.0497182637217766,0.0497182637217766,0.0497182637217766,0.0248592791332442,2,0,
UAA,UAA-UNDER ARMOUR INC-2021.pdf,38,0.0,0,0.0,0.0,0.0,0.0,0,0,
UAA,UAA-UNDER ARMOUR INC-2021.pdf,41,0.0,0,0.0,0.0,0.0,0.0,0,0,
UAA,UAA-UNDER ARMOUR INC-2021.pdf,42,0.0,0,0.0,0.0,0.0,0.0,0,0,
UAA,UAA-UNDER ARMOUR INC-2021.pdf,43,0.0,0,0.0,0.0,0.0,0.0,0,0,
UAA,UAA-UNDER ARMOUR INC-2021.pdf,44,0.0,0,0.0,0.0,0.0,0.0,0,0,
UAA,UAA-UNDER ARMOUR INC-2021.pdf,46,0.0,0,0.0,0.0,0.0,0.0,0,0,
UAA,UAA-UNDER ARMOUR INC-2021.pdf,47,0.0,0,0.0,0.0,0.0,0.0,0,0,
UAA,UAA-UNDER ARMOUR INC-2021.pdf,48,0.0,0,0.0,0.0,0.0,0.0,0,0,
UAA,UAA-UNDER ARMOUR INC-2021.pdf,49,0.0,0,0.0,0.0,0.0,0.0,0,0,
UAA,UAA-UNDER ARMOUR INC-2021.pdf,50,0.0,0,0.0,0.0,0.0,0.0,0,0,
UAA,UAA-UNDER ARMOUR INC-2021.pdf,53,0.0,0,0.0,0.0,0.0,0.0,0,0,
UAA,UAA-UNDER ARMOUR INC-2021.pdf,58,0.0,0,0.0,0.0,0.0,0.0,0,0,
UAA,UAA-UNDER ARMOUR INC-2021.pdf,60,0.0,0,0.0,0.0,0.0,0.0,0,0,
UAA,UAA-UNDER ARMOUR INC-2021.pdf,61,0.0,0,0.0,0.0,0.0,0.0,0,0,
UAA,UAA-UNDER ARMOUR INC-2021.pdf,64,1.5322393383673336,2,0.5322393383673336,0.5322393383673336,0.5322393383673336,1.0,2,1,
UAA,UAA-UNDER ARMOUR INC-2021.pdf,66,0.5745052739816466,1,0.5745052739816466,0.5745052739816466,0.5745052739816466,0.5745052739816466,52,0,
UAA,UAA-UNDER ARMOUR INC-2021.pdf,67,0.2423828877005347,1,0.2423828877005347,0.2423828877005347,0.2423828877005347,0.2423828877005347,3,0,
UAA,UAA-UNDER ARMOUR INC-2021.pdf,69,0.0,0,0.0,0.0,0.0,0.0,0,0,
UAA,UAA-UNDER ARMOUR INC-2021.pdf,70,0.0,0,0.0,0.0,0.0,0.0,0,0,
UAA,UAA-UNDER ARMOUR INC-2021.pdf,71,0.0,0,0.0,0.0,0.0,0.0,0,0,
UAA,UAA-UNDER ARMOUR INC-2021.pdf,72,0.4727998118439295,1,0.4727998118439295,0.4727998118439295,0.4727998118439295,0.4727998118439295,28,0,
UAA,UAA-UNDER ARMOUR INC-2021.pdf,73,0.5860139776028257,1,0.5860139776028257,0.5860139776028257,0.5860139776028257,0.5860139776028257,22,0,
UAA,UAA-UNDER ARMOUR INC-2021.pdf,74,0.4699443350993596,1,0.4699443350993596,0.4699443350993596,0.4699443350993596,0.4699443350993596,22,0,
UAA,UAA-UNDER ARMOUR INC-2021.pdf,76,0.6990086568297351,1,0.6990086568297351,0.6990086568297351,0.6990086568297351,0.6990086568297351,33,0,
UAA,UAA-UNDER ARMOUR INC-2021.pdf,80,0.6589674275434079,1,0.6589674275434079,0.6589674275434079,0.6589674275434079,0.6589674275434079,39,0,
UAA,UAA-UNDER ARMOUR INC-2021.pdf,81,0.6936290849673201,1,0.6936290849673201,0.6936290849673201,0.6936290849673201,0.6936290849673201,31,0,
UAA,UAA-UNDER ARMOUR INC-2021.pdf,83,0.6825148894995708,1,0.6825148894995708,0.6825148894995708,0.6825148894995708,0.6825148894995708,38,0,
UAA,UAA-UNDER ARMOUR INC-2021.pdf,84,0.5157417062784709,1,0.5157417062784709,0.5157417062784709,0.5157417062784709,0.5157417062784709,27,0,
URBN,URBN-Urban Outfitters-2023-2024.pdf,6,0.0,0,0.0,0.0,0.0,0.0,0,0,
URBN,URBN-Urban Outfitters-2023-2024.pdf,20,0.9999974733844146,1,0.0,0.0,0.0,0.9999974733844146,2,1,
URBN,URBN-Urban Outfitters-2023-2024.pdf,27,0.0,0,0.0,0.0,0.0,0.0,0,0,
URBN,URBN-Urban Outfitters-2023-2024.pdf,28,0.9999974733844146,1,0.0,0.0,0.0,0.9999974733844146,2,1,
URBN,URBN-Urban Outfitters-2023-2024.pdf,31,0.0,0,0.0,0.0,0.0,0.0,0,0,
URBN,URBN-Urban Outfitters-2023-2024.pdf,33,0.0001638219932939,1,0.0001638219932939,0.0001638219932939,0.0001638219932939,0.0001638219932939,2,0,
URBN,URBN-Urban Outfitters-2023-2024.pdf,34,0.0,0,0.0,0.0,0.0,0.0,0,0,
URBN,URBN-Urban Outfitters-2023-2024.pdf,36,0.0,0,0.0,0.0,0.0,0.0,0,0,
URBN,URBN-Urban Outfitters-2023-2024.pdf,38,0.0,0,0.0,0.0,0.0,0.0,0,0,
URBN,URBN-Urban Outfitters-2023-2024.pdf,39,0.0,0,0.0,0.0,0.0,0.0,0,0,
URBN,URBN-Urban Outfitters-2023-2024.pdf,41,0.0,0,0.0,0.0,0.0,0.0,0,0,
URBN,URBN-Urban Outfitters-2023-2024.pdf,42,0.0,0,0.0,0.0,0.0,0.0,0,0,
VFC,VFC-VF CORP-2022.pdf,3,0.0,0,0.0,0.0,0.0,0.0,0,0,
VFC,VFC-VF CORP-2022.pdf,7,0.0,0,0.0,0.0,0.0,0.0,0,0,
VFC,VFC-VF CORP-2022.pdf,9,0.0,0,0.0,0.0,0.0,0.0,0,0,
VFC,VFC-VF CORP-2022.pdf,10,0.0,0,0.0,0.0,0.0,0.0,0,0,
VFC,VFC-VF CORP-2022.pdf,12,0.0,0,0.0,0.0,0.0,0.0,0,0,
VFC,VFC-VF CORP-2022.pdf,13,0.0,0,0.0,0.0,0.0,0.0,0,0,
VFC,VFC-VF CORP-2022.pdf,15,0.0,0,0.0,0.0,0.0,0.0,0,0,
VFC,VFC-VF CORP-2022.pdf,16,0.0,0,0.0,0.0,0.0,0.0,0,0,
VFC,VFC-VF CORP-2022.pdf,17,0.0,0,0.0,0.0,0.0,0.0,0,0,
VFC,VFC-VF CORP-2022.pdf,22,0.0,0,0.0,0.0,0.0,0.0,0,0,
VFC,VFC-VF CORP-2022.pdf,24,0.0,0,0.0,0.0,0.0,0.0,0,0,
VFC,VFC-VF CORP-2022.pdf,30,0.0,0,0.0,0.0,0.0,0.0,0,0,
VFC,VFC-VF CORP-2022.pdf,33,0.0,0,0.0,0.0,0.0,0.0,0,0,
VFC,VFC-VF CORP-2022.pdf,35,0.0,0,0.0,0.0,0.0,0.0,0,0,
VFC,VFC-VF CORP-2022.pdf,36,0.0,0,0.0,0.0,0.0,0.0,0,0,
VFC,VFC-VF CORP-2022.pdf,37,0.0,0,0.0,0.0,0.0,0.0,0,0,
VFC,VFC-VF CORP-2022.pdf,39,0.0,0,0.0,0.0,0.0,0.0,0,0,
VFC,VFC-VF CORP-2022.pdf,40,0.0,0,0.0,0.0,0.0,0.0,0,0,
VFC,VFC-VF CORP-2022.pdf,43,0.0,0,0.0,0.0,0.0,0.0,0,0,
VFC,VFC-VF CORP-2022.pdf,46,0.0134341402440871,2,0.0134341402440871,0.0134341402440871,0.0134341402440871,0.0067318310542516,2,0,
VFC,VFC-VF CORP-2022.pdf,47,0.0,0,0.0,0.0,0.0,0.0,0,0,
VFC,VFC-VF CORP-2022.pdf,48,0.0,0,0.0,0.0,0.0,0.0,0,0,
VFC,VFC-VF CORP-2022.pdf,49,0.0,0,0.0,0.0,0.0,0.0,0,0,
VFC,VFC-VF CORP-2022.pdf,51,0.0,0,0.0,0.0,0.0,0.0,0,0,
VFC,VFC-VF CORP-2022.pdf,54,0.0,0,0.0,0.0,0.0,0.0,0,0,
VFC,VFC-VF CORP-2022.pdf,56,0.0,0,0.0,0.0,0.0,0.0,0,0,
VFC,VFC-VF CORP-2022.pdf,57,0.0,0,0.0,0.0,0.0,0.0,0,0,
VFC,VFC-VF CORP-2022.pdf,61,0.0,0,0.0,0.0,0.0,0.0,0,0,
VFC,VFC-VF CORP-2022.pdf,63,0.0,0,0.0,0.0,0.0,0.0,0,0,
VFC,VFC-VF CORP-2022.pdf,66,0.0,0,0.0,0.0,0.0,0.0,0,0,
VFC,VFC-VF CORP-2022.pdf,68,0.0,0,0.0,0.0,0.0,0.0,0,0,
VFC,VFC-VF CORP-2022.pdf,69,0.0,0,0.0,0.0,0.0,0.0,0,0,
VFC,VFC-VF CORP-2022.pdf,72,0.0,0,0.0,0.0,0.0,0.0,0,0,
VFC,VFC-VF CORP-2022.pdf,73,0.0,0,0.0,0.0,0.0,0.0,0,0,
VFC,VFC-VF CORP-2022.pdf,81,0.1481070767134856,4,0.1481070767134856,0.1481070767134856,0.1481070767134856,0.0492950269855416,3,0,
VFC,VFC-VF CORP-2022.pdf,82,0.241052937951308,1,0.241052937951308,0.241052937951308,0.241052937951308,0.241052937951308,39,0,
VFC,VFC-VF CORP-2022.pdf,88,0.4614245395127749,6,0.4614245395127749,0.4614245395127749,0.4614245395127749,0.127174776255199,11,0,
VFC,VFC-VF CORP-2022.pdf,91,0.2614965689988116,5,0.2614965689988116,0.2614965689988116,0.2614965689988116,0.1652294061942959,10,0,
VFC,VFC-VF CORP-2022.pdf,92,0.286679606852842,4,0.286679606852842,0.286679606852842,0.286679606852842,0.0987414271802996,8,0,
VFC,VFC-VF CORP-2022.pdf,93,0.1950083407880273,2,0.1950083407880273,0.1950083407880273,0.1950083407880273,0.1313203868995097,12,0,
VFC,VFC-VF CORP-2022.pdf,96,0.0,0,0.0,0.0,0.0,0.0,0,0,
VSXY,VSXY-Victorias Secret-2025.pdf,36,0.0364702614379085,1,0.0364702614379085,0.0364702614379085,0.0364702614379085,0.0364702614379085,4,0,
VSXY,VSXY-Victorias Secret-2025.pdf,60,0.0364702614379085,1,0.0364702614379085,0.0364702614379085,0.0364702614379085,0.0364702614379085,4,0,
VSXY,VSXY-Victorias Secret-2025.pdf,61,0.4621176266339869,2,0.4621176266339869,0.4621176266339869,0.4621176266339869,0.4256473651960784,3,0,
VVV,VVV-VALVOLINE INC-2023.pdf,4,0.0,0,0.0,0.0,0.0,0.0,0,0,
VVV,VVV-VALVOLINE INC-2023.pdf,6,0.0,0,0.0,0.0,0.0,0.0,0,0,
VVV,VVV-VALVOLINE INC-2023.pdf,12,0.0,0,0.0,0.0,0.0,0.0,0,0,
VVV,VVV-VALVOLINE INC-2023.pdf,14,0.0,0,0.0,0.0,0.0,0.0,0,0,
VVV,VVV-VALVOLINE INC-2023.pdf,15,1.5554889141822994,1,1.5554889141822994,1.5554889141822994,1.5554889141822994,1.5554889141822994,5,0,
VVV,VVV-VALVOLINE INC-2023.pdf,33,0.0,0,0.0,0.0,0.0,0.0,0,0,
VVV,VVV-VALVOLINE INC-2023.pdf,35,0.5326596356628122,1,0.5326596356628122,0.5326596356628122,0.5326596356628122,0.5326596356628122,15,0,
VVV,VVV-VALVOLINE INC-2023.pdf,38,0.5459654170018435,1,0.5459654170018435,0.5459654170018435,0.5459654170018435,0.5459654170018435,17,0,
VVV,VVV-VALVOLINE INC-2023.pdf,40,0.5512285950226244,1,0.5512285950226244,0.5512285950226244,0.5512285950226244,0.5512285950226244,18,0,
VVV,VVV-VALVOLINE INC-2023.pdf,44,0.4977829339282721,1,0.4977829339282721,0.4977829339282721,0.4977829339282721,0.4977829339282721,13,0,
VVV,VVV-VALVOLINE INC-2023.pdf,47,0.556732093598123,1,0.556732093598123,0.556732093598123,0.556732093598123,0.556732093598123,16,0,
VVV,VVV-VALVOLINE INC-2023.pdf,51,0.5841634046217739,2,0.5841634046217739,0.5841634046217739,0.5841634046217739,0.3341423586446811,23,0,
VZ,VZ-VERIZON COMMUNICATIONS INC-2024.pdf,2,0.0,0,0.0,0.0,0.0,0.0,0,0,
VZ,VZ-VERIZON COMMUNICATIONS INC-2024.pdf,3,0.0,0,0.0,0.0,0.0,0.0,0,0,
VZ,VZ-VERIZON COMMUNICATIONS INC-2024.pdf,4,0.0,0,0.0,0.0,0.0,0.0,0,0,
VZ,VZ-VERIZON COMMUNICATIONS INC-2024.pdf,5,0.0,0,0.0,0.0,0.0,0.0,0,0,
VZ,VZ-VERIZON COMMUNICATIONS INC-2024.pdf,6,0.0,0,0.0,0.0,0.0,0.0,0,0,
VZ,VZ-VERIZON COMMUNICATIONS INC-2024.pdf,7,0.0,0,0.0,0.0,0.0,0.0,0,0,
VZ,VZ-VERIZON COMMUNICATIONS INC-2024.pdf,8,0.0,0,0.0,0.0,0.0,0.0,0,0,
VZ,VZ-VERIZON COMMUNICATIONS INC-2024.pdf,9,0.0,0,0.0,0.0,0.0,0.0,0,0,
VZ,VZ-VERIZON COMMUNICATIONS INC-2024.pdf,10,0.0,0,0.0,0.0,0.0,0.0,0,0,
VZ,VZ-VERIZON COMMUNICATIONS INC-2024.pdf,11,0.0,0,0.0,0.0,0.0,0.0,0,0,
VZ,VZ-VERIZON COMMUNICATIONS INC-2024.pdf,12,0.0,0,0.0,0.0,0.0,0.0,0,0,
VZ,VZ-VERIZON COMMUNICATIONS INC-2024.pdf,13,0.0,0,0.0,0.0,0.0,0.0,0,0,
VZ,VZ-VERIZON COMMUNICATIONS INC-2024.pdf,14,0.0,0,0.0,0.0,0.0,0.0,0,0,
VZ,VZ-VERIZON COMMUNICATIONS INC-2024.pdf,15,0.0,0,0.0,0.0,0.0,0.0,0,0,
VZ,VZ-VERIZON COMMUNICATIONS INC-2024.pdf,16,0.0,0,0.0,0.0,0.0,0.0,0,0,
VZ,VZ-VERIZON COMMUNICATIONS INC-2024.pdf,17,0.0,0,0.0,0.0,0.0,0.0,0,0,
WHR,WHR-WHIRLPOOL CORP-2022.pdf,7,0.0,0,0.0,0.0,0.0,0.0,0,0,
WHR,WHR-WHIRLPOOL CORP-2022.pdf,12,0.4691862736412079,2,0.4691862736412079,0.4691862736412079,0.4691862736412079,0.4553160334967319,2,0,
WHR,WHR-WHIRLPOOL CORP-2022.pdf,15,0.603878971332283,1,0.603878971332283,0.603878971332283,0.603878971332283,0.603878971332283,28,0,
WHR,WHR-WHIRLPOOL CORP-2022.pdf,19,0.0,0,0.0,0.0,0.0,0.0,0,0,
WHR,WHR-WHIRLPOOL CORP-2022.pdf,22,0.0,0,0.0,0.0,0.0,0.0,0,0,
WHR,WHR-WHIRLPOOL CORP-2022.pdf,24,0.0,0,0.0,0.0,0.0,0.0,0,0,
WHR,WHR-WHIRLPOOL CORP-2022.pdf,27,0.0031939445579157,1,0.0031939445579157,0.0031939445579157,0.0031939445579157,0.0031939445579157,2,0,
WHR,WHR-WHIRLPOOL CORP-2022.pdf,28,0.0,0,0.0,0.0,0.0,0.0,0,0,
WHR,WHR-WHIRLPOOL CORP-2022.pdf,33,0.0,0,0.0,0.0,0.0,0.0,0,0,
WHR,WHR-WHIRLPOOL CORP-2022.pdf,36,0.0,0,0.0,0.0,0.0,0.0,0,0,
WHR,WHR-WHIRLPOOL CORP-2022.pdf,37,0.0,0,0.0,0.0,0.0,0.0,0,0,
WHR,WHR-WHIRLPOOL CORP-2022.pdf,38,0.0,0,0.0,0.0,0.0,0.0,0,0,
WHR,WHR-WHIRLPOOL CORP-2022.pdf,40,0.0,0,0.0,0.0,0.0,0.0,0,0,
WHR,WHR-WHIRLPOOL CORP-2022.pdf,43,0.0,0,0.0,0.0,0.0,0.0,0,0,
WHR,WHR-WHIRLPOOL CORP-2022.pdf,44,0.0,0,0.0,0.0,0.0,0.0,0,0,
WHR,WHR-WHIRLPOOL CORP-2022.pdf,46,0.2077956991129785,1,0.2077956991129785,0.2077956991129785,0.2077956991129785,0.2077956991129785,3,0,
WHR,WHR-WHIRLPOOL CORP-2022.pdf,47,0.0,0,0.0,0.0,0.0,0.0,0,0,
WHR,WHR-WHIRLPOOL CORP-2022.pdf,48,0.0,0,0.0,0.0,0.0,0.0,0,0,
WHR,WHR-WHIRLPOOL CORP-2022.pdf,51,0.0,0,0.0,0.0,0.0,0.0,0,0,
WHR,WHR-WHIRLPOOL CORP-2022.pdf,52,0.0,0,0.0,0.0,0.0,0.0,0,0,
WHR,WHR-WHIRLPOOL CORP-2022.pdf,53,0.0,0,0.0,0.0,0.0,0.0,0,0,
WHR,WHR-WHIRLPOOL CORP-2022.pdf,58,0.0,0,0.0,0.0,0.0,0.0,0,0,
WHR,WHR-WHIRLPOOL CORP-2022.pdf,59,0.0,0,0.0,0.0,0.0,0.0,0,0,
WHR,WHR-WHIRLPOOL CORP-2022.pdf,65,0.1659150151727358,1,0.1659150151727358,0.1659150151727358,0.1659150151727358,0.1659150151727358,2,0,
WHR,WHR-WHIRLPOOL CORP-2022.pdf,70,0.0,0,0.0,0.0,0.0,0.0,0,0,
WHR,WHR-WHIRLPOOL CORP-2022.pdf,71,0.0,0,0.0,0.0,0.0,0.0,0,0,
WHR,WHR-WHIRLPOOL CORP-2022.pdf,74,0.0,0,0.0,0.0,0.0,0.0,0,0,
WHR,WHR-WHIRLPOOL CORP-2022.pdf,75,0.0,0,0.0,0.0,0.0,0.0,0,0,
WHR,WHR-WHIRLPOOL CORP-2022.pdf,79,0.0,0,0.0,0.0,0.0,0.0,0,0,
WHR,WHR-WHIRLPOOL CORP-2022.pdf,80,0.0,0,0.0,0.0,0.0,0.0,0,0,
WHR,WHR-WHIRLPOOL CORP-2022.pdf,82,0.0,0,0.0,0.0,0.0,0.0,0,0,
WHR,WHR-WHIRLPOOL CORP-2022.pdf,86,0.1360802246714464,1,0.1360802246714464,0.1360802246714464,0.1360802246714464,0.1360802246714464,2,0,
WHR,WHR-WHIRLPOOL CORP-2022.pdf,90,0.2253038092343604,1,0.2253038092343604,0.2253038092343604,0.2253038092343604,0.2253038092343604,10,0,
WHR,WHR-WHIRLPOOL CORP-2022.pdf,92,0.0,0,0.0,0.0,0.0,0.0,0,0,
WHR,WHR-WHIRLPOOL CORP-2022.pdf,94,0.0,0,0.0,0.0,0.0,0.0,0,0,
WHR,WHR-WHIRLPOOL CORP-2022.pdf,95,0.0,0,0.0,0.0,0.0,0.0,0,0,
WHR,WHR-WHIRLPOOL CORP-2022.pdf,97,0.0,0,0.0,0.0,0.0,0.0,0,0,
WHR,WHR-WHIRLPOOL CORP-2022.pdf,98,0.0,0,0.0,0.0,0.0,0.0,0,0,
WHR,WHR-WHIRLPOOL CORP-2022.pdf,100,0.0,0,0.0,0.0,0.0,0.0,0,0,
WHR,WHR-WHIRLPOOL CORP-2022.pdf,101,0.0,0,0.0,0.0,0.0,0.0,0,0,
WHR,WHR-WHIRLPOOL CORP-2022.pdf,103,0.6631797905997122,1,0.6631797905997122,0.6631797905997122,0.6631797905997122,0.6631797905997122,40,0,
WHR,WHR-WHIRLPOOL CORP-2022.pdf,106,0.2223554179182329,1,0.2223554179182329,0.2223554179182329,0.2223554179182329,0.2223554179182329,23,0,
WHR,WHR-WHIRLPOOL CORP-2022.pdf,109,0.4255516082795284,1,0.4255516082795284,0.4255516082795284,0.4255516082795284,0.4255516082795284,49,0,
WHR,WHR-WHIRLPOOL CORP-2022.pdf,110,0.4558725847529983,1,0.4558725847529983,0.4558725847529983,0.4558725847529983,0.4558725847529983,53,0,
WHR,WHR-WHIRLPOOL CORP-2022.pdf,113,0.343109303540305,1,0.343109303540305,0.343109303540305,0.343109303540305,0.343109303540305,22,0,
WHR,WHR-WHIRLPOOL CORP-2022.pdf,114,0.2503346152202855,1,0.2503346152202855,0.2503346152202855,0.2503346152202855,0.2503346152202855,16,0,
WHR,WHR-WHIRLPOOL CORP-2022.pdf,117,0.5804863749249701,1,0.5804863749249701,0.5804863749249701,0.5804863749249701,0.5804863749249701,45,0,
WHR,WHR-WHIRLPOOL CORP-2022.pdf,118,0.5404853402611045,1,0.5404853402611045,0.5404853402611045,0.5404853402611045,0.5404853402611045,48,0,
WHR,WHR-WHIRLPOOL CORP-2022.pdf,119,0.5217073019207683,1,0.5217073019207683,0.5217073019207683,0.5217073019207683,0.5217073019207683,36,0,
WHR,WHR-WHIRLPOOL CORP-2022.pdf,120,0.597260550345138,1,0.597260550345138,0.597260550345138,0.597260550345138,0.597260550345138,48,0,
WHR,WHR-WHIRLPOOL CORP-2022.pdf,121,0.5551187278661466,1,0.5551187278661466,0.5551187278661466,0.5551187278661466,0.5551187278661466,45,0,
WHR,WHR-WHIRLPOOL CORP-2022.pdf,122,0.5264016454081634,1,0.5264016454081634,0.5264016454081634,0.5264016454081634,0.5264016454081634,39,0,
WHR,WHR-WHIRLPOOL CORP-2022.pdf,123,0.549903018832533,1,0.549903018832533,0.549903018832533,0.549903018832533,0.549903018832533,27,0,
WHR,WHR-WHIRLPOOL CORP-2022.pdf,133,0.0,0,0.0,0.0,0.0,0.0,0,0,
WHR,WHR-WHIRLPOOL CORP-2024.pdf,5,0.0917563025210083,1,0.0917563025210083,0.0917563025210083,0.0917563025210083,0.0917563025210083,3,0,
WHR,WHR-WHIRLPOOL CORP-2024.pdf,7,0.0917563025210083,1,0.0917563025210083,0.0917563025210083,0.0917563025210083,0.0917563025210083,3,0,
WHR,WHR-WHIRLPOOL CORP-2024.pdf,9,0.0917563025210083,1,0.0917563025210083,0.0917563025210083,0.0917563025210083,0.0917563025210083,3,0,
WHR,WHR-WHIRLPOOL CORP-2024.pdf,11,0.0917563025210083,1,0.0917563025210083,0.0917563025210083,0.0917563025210083,0.0917563025210083,3,0,
WHR,WHR-WHIRLPOOL CORP-2024.pdf,12,0.801009852552132,6,0.801009852552132,0.801009852552132,0.801009852552132,0.5012593615779646,3,0,
WHR,WHR-WHIRLPOOL CORP-2024.pdf,15,0.0917563025210083,1,0.0917563025210083,0.0917563025210083,0.0917563025210083,0.0917563025210083,3,0,
WHR,WHR-WHIRLPOOL CORP-2024.pdf,17,0.3483944295310716,2,0.3483944295310716,0.3483944295310716,0.3483944295310716,0.2566381270100633,3,0,
WHR,WHR-WHIRLPOOL CORP-2024.pdf,19,0.0917563025210083,1,0.0917563025210083,0.0917563025210083,0.0917563025210083,0.0917563025210083,3,0,
WHR,WHR-WHIRLPOOL CORP-2024.pdf,26,0.1568118090569561,2,0.1568118090569561,0.1568118090569561,0.1568118090569561,0.0917563025210083,3,0,
WHR,WHR-WHIRLPOOL CORP-2024.pdf,27,0.0917563025210083,1,0.0917563025210083,0.0917563025210083,0.0917563025210083,0.0917563025210083,3,0,
WHR,WHR-WHIRLPOOL CORP-2024.pdf,31,0.2889625317264353,5,0.2889625317264353,0.2889625317264353,0.2889625317264353,0.0917563025210083,3,0,
WHR,WHR-WHIRLPOOL CORP-2024.pdf,35,0.0917563025210083,1,0.0917563025210083,0.0917563025210083,0.0917563025210083,0.0917563025210083,3,0,
WHR,WHR-WHIRLPOOL CORP-2024.pdf,36,0.0917563025210083,1,0.0917563025210083,0.0917563025210083,0.0917563025210083,0.0917563025210083,3,0,
WHR,WHR-WHIRLPOOL CORP-2024.pdf,37,0.0917563025210083,1,0.0917563025210083,0.0917563025210083,0.0917563025210083,0.0917563025210083,3,0,
WHR,WHR-WHIRLPOOL CORP-2024.pdf,42,0.3191936649029983,2,0.3191936649029983,0.3191936649029983,0.3191936649029983,0.2274373623819899,3,0,
WHR,WHR-WHIRLPOOL CORP-2024.pdf,44,0.1203164675536881,2,0.1203164675536881,0.1203164675536881,0.1203164675536881,0.0917563025210083,3,0,
WHR,WHR-WHIRLPOOL CORP-2024.pdf,46,0.0917563025210083,1,0.0917563025210083,0.0917563025210083,0.0917563025210083,0.0917563025210083,3,0,
WHR,WHR-WHIRLPOOL CORP-2024.pdf,47,0.0917563025210083,1,0.0917563025210083,0.0917563025210083,0.0917563025210083,0.0917563025210083,3,0,
WHR,WHR-WHIRLPOOL CORP-2024.pdf,60,0.4565034047008226,10,0.4565034047008226,0.4565034047008226,0.4565034047008226,0.0917563025210083,3,0,
WHR,WHR-WHIRLPOOL CORP-2024.pdf,61,0.3185017929792109,9,0.3185017929792109,0.3185017929792109,0.3185017929792109,0.0917563025210083,3,0,
WHR,WHR-WHIRLPOOL CORP-2024.pdf,63,0.6949733518407363,3,0.6949733518407363,0.6949733518407363,0.6949733518407363,0.3296539434523809,33,0,
WHR,WHR-WHIRLPOOL CORP-2024.pdf,64,0.7620217361944777,3,0.7620217361944777,0.7620217361944777,0.7620217361944777,0.3379276041666667,36,0,
WHR,WHR-WHIRLPOOL CORP-2024.pdf,65,0.712777693890056,3,0.712777693890056,0.712777693890056,0.712777693890056,0.3164551711309523,29,0,
WHR,WHR-WHIRLPOOL CORP-2024.pdf,67,0.5354430956757703,3,0.5354430956757703,0.5354430956757703,0.5354430956757703,0.2529598586309524,10,0,
WHR,WHR-WHIRLPOOL CORP-2024.pdf,74,0.5094778228291317,3,0.5094778228291317,0.5094778228291317,0.5094778228291317,0.3735758333333334,23,0,
WHR,WHR-WHIRLPOOL CORP-2024.pdf,76,0.0917563025210083,1,0.0917563025210083,0.0917563025210083,0.0917563025210083,0.0917563025210083,3,0,
WHR,WHR-WHIRLPOOL CORP-2024.pdf,79,0.2278338198821194,4,0.2278338198821194,0.2278338198821194,0.2278338198821194,0.0917563025210083,3,0,
WHR,WHR-WHIRLPOOL CORP-2024.pdf,84,0.1412671772875816,2,0.1412671772875816,0.1412671772875816,0.1412671772875816,0.0917563025210083,3,0,
WHR,WHR-WHIRLPOOL CORP-2024.pdf,87,0.0917563025210083,1,0.0917563025210083,0.0917563025210083,0.0917563025210083,0.0917563025210083,3,0,
WMT,WMT-WALMART INC-2023.pdf,4,0.0,0,0.0,0.0,0.0,0.0,0,0,
WMT,WMT-WALMART INC-2023.pdf,8,0.0,0,0.0,0.0,0.0,0.0,0,0,
WMT,WMT-WALMART INC-2023.pdf,9,0.001867014614199,2,0.001867014614199,0.001867014614199,0.001867014614199,0.0011864586035582,5,0,
WMT,WMT-WALMART INC-2023.pdf,18,0.0,0,0.0,0.0,0.0,0.0,0,0,
WMT,WMT-WALMART INC-2023.pdf,28,9.33236218412416e-05,1,9.33236218412416e-05,9.33236218412416e-05,9.33236218412416e-05,9.33236218412416e-05,2,0,
WMT,WMT-WALMART INC-2023.pdf,29,0.0,0,0.0,0.0,0.0,0.0,0,0,
WMT,WMT-WALMART INC-2023.pdf,39,0.0,0,0.0,0.0,0.0,0.0,0,0,
WMT,WMT-WALMART INC-2023.pdf,40,0.0,0,0.0,0.0,0.0,0.0,0,0,
WMT,WMT-WALMART INC-2023.pdf,41,0.0,0,0.0,0.0,0.0,0.0,0,0,
WMT,WMT-WALMART INC-2023.pdf,42,0.0,0,0.0,0.0,0.0,0.0,0,0,
WOOF,WOOF-PETCO HEALTH AND WELLNESS CO-2022.pdf,3,0.1346023965141612,1,0.1346023965141612,0.1346023965141612,0.1346023965141612,0.1346023965141612,2,0,
WOOF,WOOF-PETCO HEALTH AND WELLNESS CO-2022.pdf,4,0.0,0,0.0,0.0,0.0,0.0,0,0,
WOOF,WOOF-PETCO HEALTH AND WELLNESS CO-2022.pdf,7,0.5667757496754204,1,0.5667757496754204,0.5667757496754204,0.5667757496754204,0.5667757496754204,2,0,
WOOF,WOOF-PETCO HEALTH AND WELLNESS CO-2022.pdf,14,0.0,0,0.0,0.0,0.0,0.0,0,0,
WOOF,WOOF-PETCO HEALTH AND WELLNESS CO-2022.pdf,16,0.0,0,0.0,0.0,0.0,0.0,0,0,
WOOF,WOOF-PETCO HEALTH AND WELLNESS CO-2022.pdf,18,0.0,0,0.0,0.0,0.0,0.0,0,0,
WOOF,WOOF-PETCO HEALTH AND WELLNESS CO-2022.pdf,20,0.0,0,0.0,0.0,0.0,0.0,0,0,
WOOF,WOOF-PETCO HEALTH AND WELLNESS CO-2022.pdf,22,0.6626598983297023,1,0.6626598983297023,0.6626598983297023,0.6626598983297023,0.6626598983297023,2,0,
WOOF,WOOF-PETCO HEALTH AND WELLNESS CO-2022.pdf,25,0.0,0,0.0,0.0,0.0,0.0,0,0,
WOOF,WOOF-PETCO HEALTH AND WELLNESS CO-2022.pdf,27,0.1288763038885587,1,0.1288763038885587,0.1288763038885587,0.1288763038885587,0.1288763038885587,2,0,
WOOF,WOOF-PETCO HEALTH AND WELLNESS CO-2022.pdf,37,0.0709231479418366,1,0.0709231479418366,0.0709231479418366,0.0709231479418366,0.0709231479418366,2,0,
WOOF,WOOF-PETCO HEALTH AND WELLNESS CO-2022.pdf,40,0.0783636366215257,1,0.0783636366215257,0.0783636366215257,0.0783636366215257,0.0783636366215257,2,0,
WOOF,WOOF-PETCO HEALTH AND WELLNESS CO-2022.pdf,44,0.0641930680858813,1,0.0641930680858813,0.0641930680858813,0.0641930680858813,0.0641930680858813,72,0,
WOOF,WOOF-PETCO HEALTH AND WELLNESS CO-2022.pdf,47,0.0625296563840208,1,0.0625296563840208,0.0625296563840208,0.0625296563840208,0.0625296563840208,45,0,
WOOF,WOOF-PETCO HEALTH AND WELLNESS CO-2022.pdf,50,0.0572998454006294,1,0.0572998454006294,0.0572998454006294,0.0572998454006294,0.0572998454006294,10,0,
WRBY,WRBY-WARBY PARKER INC-2023.pdf,14,0.0042189248737374,6,0.0042189248737374,0.0042189248737374,0.0042189248737374,0.0007031541456229,2,0,
WRBY,WRBY-WARBY PARKER INC-2023.pdf,21,0.0,0,0.0,0.0,0.0,0.0,0,0,
WRBY,WRBY-WARBY PARKER INC-2023.pdf,23,0.0,0,0.0,0.0,0.0,0.0,0,0,
WRBY,WRBY-WARBY PARKER INC-2023.pdf,25,0.0,0,0.0,0.0,0.0,0.0,0,0,
WRBY,WRBY-WARBY PARKER INC-2023.pdf,33,0.0,0,0.0,0.0,0.0,0.0,0,0,
WRBY,WRBY-WARBY PARKER INC-2023.pdf,40,0.0,0,0.0,0.0,0.0,0.0,0,0,
WRBY,WRBY-WARBY PARKER INC-2023.pdf,44,0.0,0,0.0,0.0,0.0,0.0,0,0,
WRBY,WRBY-WARBY PARKER INC-2023.pdf,46,0.0,0,0.0,0.0,0.0,0.0,0,0,
WRBY,WRBY-WARBY PARKER INC-2023.pdf,48,0.0,0,0.0,0.0,0.0,0.0,0,0,
WRBY,WRBY-WARBY PARKER INC-2023.pdf,52,0.0,0,0.0,0.0,0.0,0.0,0,0,
WRBY,WRBY-WARBY PARKER INC-2023.pdf,57,0.0,0,0.0,0.0,0.0,0.0,0,0,
WRBY,WRBY-WARBY PARKER INC-2023.pdf,66,0.0,0,0.0,0.0,0.0,0.0,0,0,
WRBY,WRBY-WARBY PARKER INC-2023.pdf,71,0.0,0,0.0,0.0,0.0,0.0,0,0,
WRBY,WRBY-WARBY PARKER INC-2023.pdf,72,0.0,0,0.0,0.0,0.0,0.0,0,0,
WRBY,WRBY-WARBY PARKER INC-2023.pdf,73,0.0,0,0.0,0.0,0.0,0.0,0,0,
WRBY,WRBY-WARBY PARKER INC-2023.pdf,74,0.0,0,0.0,0.0,0.0,0.0,0,0,
WRBY,WRBY-WARBY PARKER INC-2023.pdf,76,0.0,0,0.0,0.0,0.0,0.0,0,0,
WRBY,WRBY-WARBY PARKER INC-2023.pdf,77,0.0,0,0.0,0.0,0.0,0.0,0,0,
WRBY,WRBY-WARBY PARKER INC-2023.pdf,78,0.0,0,0.0,0.0,0.0,0.0,0,0,
WRBY,WRBY-WARBY PARKER INC-2023.pdf,82,0.0,0,0.0,0.0,0.0,0.0,0,0,
WRBY,WRBY-WARBY PARKER INC-2023.pdf,88,0.0,0,0.0,0.0,0.0,0.0,0,0,
WRBY,WRBY-WARBY PARKER INC-2023.pdf,89,0.0,0,0.0,0.0,0.0,0.0,0,0,
WRBY,WRBY-WARBY PARKER INC-2023.pdf,92,0.0,0,0.0,0.0,0.0,0.0,0,0,
WRBY,WRBY-WARBY PARKER INC-2023.pdf,93,0.0,0,0.0,0.0,0.0,0.0,0,0,
WRBY,WRBY-WARBY PARKER INC-2024.pdf,9,0.0,0,0.0,0.0,0.0,0.0,0,0,
WRBY,WRBY-WARBY PARKER INC-2024.pdf,11,0.0,0,0.0,0.0,0.0,0.0,0,0,
WRBY,WRBY-WARBY PARKER INC-2024.pdf,14,0.0030230273775335,4,0.0030230273775335,0.0030230273775335,0.0030230273775335,0.0008083595431438,2,0,
WRBY,WRBY-WARBY PARKER INC-2024.pdf,22,0.0,0,0.0,0.0,0.0,0.0,0,0,
WRBY,WRBY-WARBY PARKER INC-2024.pdf,23,0.0,0,0.0,0.0,0.0,0.0,0,0,
WRBY,WRBY-WARBY PARKER INC-2024.pdf,24,0.0,0,0.0,0.0,0.0,0.0,0,0,
WRBY,WRBY-WARBY PARKER INC-2024.pdf,33,0.0,0,0.0,0.0,0.0,0.0,0,0,
WRBY,WRBY-WARBY PARKER INC-2024.pdf,35,0.0,0,0.0,0.0,0.0,0.0,0,0,
WRBY,WRBY-WARBY PARKER INC-2024.pdf,47,0.0,0,0.0,0.0,0.0,0.0,0,0,
WRBY,WRBY-WARBY PARKER INC-2024.pdf,53,0.0,0,0.0,0.0,0.0,0.0,0,0,
WRBY,WRBY-WARBY PARKER INC-2024.pdf,55,0.2266980365981095,1,0.2266980365981095,0.2266980365981095,0.2266980365981095,0.2266980365981095,21,0,
WRBY,WRBY-WARBY PARKER INC-2024.pdf,57,0.0,0,0.0,0.0,0.0,0.0,0,0,
WRBY,WRBY-WARBY PARKER INC-2024.pdf,63,0.0,0,0.0,0.0,0.0,0.0,0,0,
WRBY,WRBY-WARBY PARKER INC-2024.pdf,64,0.0,0,0.0,0.0,0.0,0.0,0,0,
WRBY,WRBY-WARBY PARKER INC-2024.pdf,65,0.0,0,0.0,0.0,0.0,0.0,0,0,
WRBY,WRBY-WARBY PARKER INC-2024.pdf,68,0.0,0,0.0,0.0,0.0,0.0,0,0,
WRBY,WRBY-WARBY PARKER INC-2024.pdf,71,0.0,0,0.0,0.0,0.0,0.0,0,0,
WRBY,WRBY-WARBY PARKER INC-2024.pdf,72,0.0,0,0.0,0.0,0.0,0.0,0,0,
WRBY,WRBY-WARBY PARKER INC-2024.pdf,74,0.0,0,0.0,0.0,0.0,0.0,0,0,
WRBY,WRBY-WARBY PARKER INC-2024.pdf,76,0.0,0,0.0,0.0,0.0,0.0,0,0,
WRBY,WRBY-WARBY PARKER INC-2024.pdf,80,0.0,0,0.0,0.0,0.0,0.0,0,0,
WRBY,WRBY-WARBY PARKER INC-2024.pdf,87,0.0,0,0.0,0.0,0.0,0.0,0,0,
WRBY,WRBY-WARBY PARKER INC-2024.pdf,88,0.0,0,0.0,0.0,0.0,0.0,0,0,
WRBY,WRBY-WARBY PARKER INC-2024.pdf,91,0.0,0,0.0,0.0,0.0,0.0,0,0,
WRBY,WRBY-WARBY PARKER INC-2024.pdf,92,0.0,0,0.0,0.0,0.0,0.0,0,0,
WSM,WSM-WILLIAMS-SONOMA INC-2022.pdf,5,1.0001960784313726,1,1.0001960784313726,1.0001960784313726,1.0001960784313726,1.0001960784313726,5,0,
WSM,WSM-WILLIAMS-SONOMA INC-2022.pdf,9,1.0002446770606392,1,0.0,0.0,0.0,1.0002446770606392,4,1,
WSM,WSM-WILLIAMS-SONOMA INC-2022.pdf,13,1.0005882352941176,1,0.0,0.0,0.0,1.0005882352941176,2,1,
WSM,WSM-WILLIAMS-SONOMA INC-2022.pdf,15,1.0001960784313726,1,1.0001960784313726,1.0001960784313726,1.0001960784313726,1.0001960784313726,6,0,
WSM,WSM-WILLIAMS-SONOMA INC-2022.pdf,20,1.000706699346405,1,0.0,0.0,0.0,1.000706699346405,2,1,
WSM,WSM-WILLIAMS-SONOMA INC-2022.pdf,21,1.001060049019608,1,0.0,0.0,0.0,1.001060049019608,2,1,
WSM,WSM-WILLIAMS-SONOMA INC-2022.pdf,22,1.001060049019608,1,0.0,0.0,0.0,1.001060049019608,2,1,
WSM,WSM-WILLIAMS-SONOMA INC-2022.pdf,27,1.001060049019608,1,0.0,0.0,0.0,1.001060049019608,2,1,
WSM,WSM-WILLIAMS-SONOMA INC-2022.pdf,28,1.001060049019608,1,0.0,0.0,0.0,1.001060049019608,2,1,
WSM,WSM-WILLIAMS-SONOMA INC-2022.pdf,32,1.2418330769165309,5,0.2415389592694717,0.2415389592694717,0.2415389592694717,1.000294117647059,4,1,
WSM,WSM-WILLIAMS-SONOMA INC-2022.pdf,33,1.2418284361342182,5,0.2415343184871592,0.2415343184871592,0.2415343184871592,1.000294117647059,2,1,
WSM,WSM-WILLIAMS-SONOMA INC-2022.pdf,36,1.2421225537812768,5,0.2415343184871592,0.2415343184871592,0.2415343184871592,1.0005882352941176,2,1,
WSM,WSM-WILLIAMS-SONOMA INC-2022.pdf,38,1.000530024509804,1,1.000530024509804,1.000530024509804,1.000530024509804,1.000530024509804,5,0,
WSM,WSM-WILLIAMS-SONOMA INC-2022.pdf,39,1.000706699346405,1,0.0,0.0,0.0,1.000706699346405,2,1,
WSM,WSM-WILLIAMS-SONOMA INC-2022.pdf,41,1.000298202614379,1,1.000298202614379,1.000298202614379,1.000298202614379,1.000298202614379,8,0,
WSM,WSM-WILLIAMS-SONOMA INC-2022.pdf,42,1.0003622004357298,1,1.0003622004357298,1.0003622004357298,1.0003622004357298,1.0003622004357298,5,0,
WSM,WSM-WILLIAMS-SONOMA INC-2022.pdf,46,1.0003622004357298,1,1.0003622004357298,1.0003622004357298,1.0003622004357298,1.0003622004357298,5,0,
WSM,WSM-WILLIAMS-SONOMA INC-2022.pdf,47,1.0003622004357298,1,1.0003622004357298,1.0003622004357298,1.0003622004357298,1.0003622004357298,5,0,
WSM,WSM-WILLIAMS-SONOMA INC-2022.pdf,48,1.0003622004357298,1,1.0003622004357298,1.0003622004357298,1.0003622004357298,1.0003622004357298,5,0,
WSM,WSM-WILLIAMS-SONOMA INC-2022.pdf,49,1.0003622004357298,1,1.0003622004357298,1.0003622004357298,1.0003622004357298,1.0003622004357298,5,0,
WSM,WSM-WILLIAMS-SONOMA INC-2022.pdf,51,1.0003622004357298,1,1.0003622004357298,1.0003622004357298,1.0003622004357298,1.0003622004357298,5,0,
WSM,WSM-WILLIAMS-SONOMA INC-2022.pdf,52,1.0003622004357298,1,1.0003622004357298,1.0003622004357298,1.0003622004357298,1.0003622004357298,5,0,
WSM,WSM-WILLIAMS-SONOMA INC-2022.pdf,53,1.0003622004357298,1,1.0003622004357298,1.0003622004357298,1.0003622004357298,1.0003622004357298,5,0,
WSM,WSM-WILLIAMS-SONOMA INC-2023.pdf,11,1.0007557653743315,1,0.0,0.0,0.0,1.0007557653743315,2,1,
WSM,WSM-WILLIAMS-SONOMA INC-2023.pdf,14,1.000602439839572,1,0.0,0.0,0.0,1.000602439839572,2,1,
WSM,WSM-WILLIAMS-SONOMA INC-2023.pdf,16,1.0007557653743315,1,0.0,0.0,0.0,1.0007557653743315,2,1,
WSM,WSM-WILLIAMS-SONOMA INC-2023.pdf,19,1.000602439839572,1,0.0,0.0,0.0,1.000602439839572,2,1,
WSM,WSM-WILLIAMS-SONOMA INC-2023.pdf,20,1.0006024398395723,1,0.0,0.0,0.0,1.0006024398395723,2,1,
WSM,WSM-WILLIAMS-SONOMA INC-2023.pdf,21,1.000602439839572,1,0.0,0.0,0.0,1.000602439839572,2,1,
WSM,WSM-WILLIAMS-SONOMA INC-2023.pdf,22,1.0006024398395723,1,0.0,0.0,0.0,1.0006024398395723,2,1,
WSM,WSM-WILLIAMS-SONOMA INC-2023.pdf,27,1.000602439839572,1,0.0,0.0,0.0,1.000602439839572,2,1,
WSM,WSM-WILLIAMS-SONOMA INC-2023.pdf,31,0.999784703654189,1,0.0,0.0,0.0,0.999784703654189,2,1,
WSM,WSM-WILLIAMS-SONOMA INC-2023.pdf,32,1.1715350301801717,4,0.1715685686902727,0.1715685686902727,0.1715685686902727,0.9999664614898988,2,1,
WSM,WSM-WILLIAMS-SONOMA INC-2023.pdf,33,0.9997847036541888,1,0.0,0.0,0.0,0.9997847036541888,2,1,
WSM,WSM-WILLIAMS-SONOMA INC-2023.pdf,34,1.0200211686926453,1,0.0,0.0,0.0,1.0200211686926453,4,1,
WSM,WSM-WILLIAMS-SONOMA INC-2023.pdf,37,0.0,0,0.0,0.0,0.0,0.0,0,0,
WSM,WSM-WILLIAMS-SONOMA INC-2023.pdf,38,0.0,0,0.0,0.0,0.0,0.0,0,0,
WSM,WSM-WILLIAMS-SONOMA INC-2023.pdf,42,0.0,0,0.0,0.0,0.0,0.0,0,0,
WSM,WSM-WILLIAMS-SONOMA INC-2023.pdf,43,0.0,0,0.0,0.0,0.0,0.0,0,0,
WSM,WSM-WILLIAMS-SONOMA INC-2023.pdf,44,0.0,0,0.0,0.0,0.0,0.0,0,0,
WSM,WSM-WILLIAMS-SONOMA INC-2023.pdf,45,0.0,0,0.0,0.0,0.0,0.0,0,0,
WSM,WSM-WILLIAMS-SONOMA INC-2023.pdf,47,0.0,0,0.0,0.0,0.0,0.0,0,0,
WSM,WSM-WILLIAMS-SONOMA INC-2023.pdf,50,0.0,0,0.0,0.0,0.0,0.0,0,0,
WSM,WSM-WILLIAMS-SONOMA INC-2023.pdf,51,0.0,0,0.0,0.0,0.0,0.0,0,0,
XOM,XOM-EXXON MOBIL CORP-2021.pdf,4,0.0,0,0.0,0.0,0.0,0.0,0,0,
XOM,XOM-EXXON MOBIL CORP-2021.pdf,9,0.0,0,0.0,0.0,0.0,0.0,0,0,
XOM,XOM-EXXON MOBIL CORP-2021.pdf,10,0.0,0,0.0,0.0,0.0,0.0,0,0,
XOM,XOM-EXXON MOBIL CORP-2021.pdf,13,0.0,0,0.0,0.0,0.0,0.0,0,0,
XOM,XOM-EXXON MOBIL CORP-2021.pdf,14,0.0,0,0.0,0.0,0.0,0.0,0,0,
XOM,XOM-EXXON MOBIL CORP-2021.pdf,18,0.0,0,0.0,0.0,0.0,0.0,0,0,
XOM,XOM-EXXON MOBIL CORP-2021.pdf,20,0.0,0,0.0,0.0,0.0,0.0,0,0,
XOM,XOM-EXXON MOBIL CORP-2021.pdf,24,0.0,0,0.0,0.0,0.0,0.0,0,0,
XOM,XOM-EXXON MOBIL CORP-2021.pdf,29,0.0,0,0.0,0.0,0.0,0.0,0,0,
XOM,XOM-EXXON MOBIL CORP-2021.pdf,31,0.0,0,0.0,0.0,0.0,0.0,0,0,
XOM,XOM-EXXON MOBIL CORP-2021.pdf,33,0.0,0,0.0,0.0,0.0,0.0,0,0,
XOM,XOM-EXXON MOBIL CORP-2021.pdf,38,0.0,0,0.0,0.0,0.0,0.0,0,0,
AAPL,AAPL-APPLE INC-2023.pdf,3,0.0,0,0.0,0.0,0.0,0.0,0,0,
AAPL,AAPL-APPLE INC-2023.pdf,5,0.0,0,0.0,0.0,0.0,0.0,0,0,
AAPL,AAPL-APPLE INC-2023.pdf,6,0.0,0,0.0,0.0,0.0,0.0,0,0,
AAPL,AAPL-APPLE INC-2023.pdf,9,0.0,0,0.0,0.0,0.0,0.0,0,0,
AAPL,AAPL-APPLE INC-2023.pdf,12,0.0,0,0.0,0.0,0.0,0.0,0,0,
AAPL,AAPL-APPLE INC-2023.pdf,13,0.0,0,0.0,0.0,0.0,0.0,0,0,
AAPL,AAPL-APPLE INC-2023.pdf,14,0.0,0,0.0,0.0,0.0,0.0,0,0,
AAPL,AAPL-APPLE INC-2023.pdf,16,0.0,0,0.0,0.0,0.0,0.0,0,0,
AAPL,AAPL-APPLE INC-2023.pdf,17,0.0,0,0.0,0.0,0.0,0.0,0,0,
AAPL,AAPL-APPLE INC-2023.pdf,18,0.0,0,0.0,0.0,0.0,0.0,0,0,
AAPL,AAPL-APPLE INC-2023.pdf,19,0.0,0,0.0,0.0,0.0,0.0,0,0,
AAPL,AAPL-APPLE INC-2023.pdf,20,0.0,0,0.0,0.0,0.0,0.0,0,0,
AAPL,AAPL-APPLE INC-2023.pdf,21,0.0,0,0.0,0.0,0.0,0.0,0,0,
AAPL,AAPL-APPLE INC-2023.pdf,22,0.0,0,0.0,0.0,0.0,0.0,0,0,
AAPL,AAPL-APPLE INC-2023.pdf,23,0.0,0,0.0,0.0,0.0,0.0,0,0,
AAPL,AAPL-APPLE INC-2023.pdf,24,0.0,0,0.0,0.0,0.0,0.0,0,0,
AAPL,AAPL-APPLE INC-2023.pdf,25,0.0,0,0.0,0.0,0.0,0.0,0,0,
AAPL,AAPL-APPLE INC-2023.pdf,26,0.0,0,0.0,0.0,0.0,0.0,0,0,
AAPL,AAPL-APPLE INC-2023.pdf,27,0.0,0,0.0,0.0,0.0,0.0,0,0,
AAPL,AAPL-APPLE INC-2023.pdf,28,0.0,0,0.0,0.0,0.0,0.0,0,0,
AAPL,AAPL-APPLE INC-2023.pdf,29,0.0,0,0.0,0.0,0.0,0.0,0,0,
AAPL,AAPL-APPLE INC-2023.pdf,34,0.0,0,0.0,0.0,0.0,0.0,0,0,
AAPL,AAPL-APPLE INC-2023.pdf,35,0.0,0,0.0,0.0,0.0,0.0,0,0,
AAPL,AAPL-APPLE INC-2023.pdf,37,0.0,0,0.0,0.0,0.0,0.0,0,0,
AAPL,AAPL-APPLE INC-2023.pdf,38,0.0,0,0.0,0.0,0.0,0.0,0,0,
AAPL,AAPL-APPLE INC-2023.pdf,39,0.0,0,0.0,0.0,0.0,0.0,0,0,
AAPL,AAPL-APPLE INC-2023.pdf,41,0.0,0,0.0,0.0,0.0,0.0,0,0,
AAPL,AAPL-APPLE INC-2023.pdf,42,0.0,0,0.0,0.0,0.0,0.0,0,0,
AAPL,AAPL-APPLE INC-2023.pdf,43,0.0,0,0.0,0.0,0.0,0.0,0,0,
AAPL,AAPL-APPLE INC-2023.pdf,45,0.0,0,0.0,0.0,0.0,0.0,0,0,
AAPL,AAPL-APPLE INC-2023.pdf,46,0.0,0,0.0,0.0,0.0,0.0,0,0,
AAPL,AAPL-APPLE INC-2023.pdf,48,0.0,0,0.0,0.0,0.0,0.0,0,0,
AAPL,AAPL-APPLE INC-2023.pdf,49,0.0,0,0.0,0.0,0.0,0.0,0,0,
AAPL,AAPL-APPLE INC-2023.pdf,50,0.0,0,0.0,0.0,0.0,0.0,0,0,
AAPL,AAPL-APPLE INC-2023.pdf,51,0.0,0,0.0,0.0,0.0,0.0,0,0,
AAPL,AAPL-APPLE INC-2023.pdf,52,0.0,0,0.0,0.0,0.0,0.0,0,0,
AAPL,AAPL-APPLE INC-2023.pdf,53,0.0,0,0.0,0.0,0.0,0.0,0,0,
AAPL,AAPL-APPLE INC-2023.pdf,54,0.0,0,0.0,0.0,0.0,0.0,0,0,
AAPL,AAPL-APPLE INC-2023.pdf,55,0.0,0,0.0,0.0,0.0,0.0,0,0,
AAPL,AAPL-APPLE INC-2023.pdf,58,0.0,0,0.0,0.0,0.0,0.0,0,0,
AAPL,AAPL-APPLE INC-2023.pdf,59,0.0,0,0.0,0.0,0.0,0.0,0,0,
AAPL,AAPL-APPLE INC-2023.pdf,60,0.0,0,0.0,0.0,0.0,0.0,0,0,
AAPL,AAPL-APPLE INC-2023.pdf,62,0.0,0,0.0,0.0,0.0,0.0,0,0,
AAPL,AAPL-APPLE INC-2023.pdf,63,0.0,0,0.0,0.0,0.0,0.0,0,0,
AAPL,AAPL-APPLE INC-2023.pdf,66,0.0,0,0.0,0.0,0.0,0.0,0,0,
AAPL,AAPL-APPLE INC-2023.pdf,68,0.0,0,0.0,0.0,0.0,0.0,0,0,
AAPL,AAPL-APPLE INC-2023.pdf,69,0.0,0,0.0,0.0,0.0,0.0,0,0,
AAPL,AAPL-APPLE INC-2023.pdf,70,0.0,0,0.0,0.0,0.0,0.0,0,0,
AAPL,AAPL-APPLE INC-2023.pdf,71,0.0,0,0.0,0.0,0.0,0.0,0,0,
AAPL,AAPL-APPLE INC-2023.pdf,73,0.0,0,0.0,0.0,0.0,0.0,0,0,
AAPL,AAPL-APPLE INC-2023.pdf,77,0.0,0,0.0,0.0,0.0,0.0,0,0,
AAPL,AAPL-APPLE INC-2023.pdf,89,0.0,0,0.0,0.0,0.0,0.0,0,0,
AAPL,AAPL-APPLE INC-2023.pdf,92,0.0,0,0.0,0.0,0.0,0.0,0,0,
AAPL,AAPL-APPLE INC-2023.pdf,102,0.0056923192297996,1,0.0056923192297996,0.0056923192297996,0.0056923192297996,0.0056923192297996,15,0,
AAPL,AAPL-APPLE INC-2023.pdf,105,0.0120068528388814,1,0.0120068528388814,0.0120068528388814,0.0120068528388814,0.0120068528388814,8,0,
AAPL,AAPL-APPLE INC-2023.pdf,106,0.0104199045361886,1,0.0104199045361886,0.0104199045361886,0.0104199045361886,0.0104199045361886,22,0,
AAPL,AAPL-APPLE INC-2023.pdf,109,0.0,0,0.0,0.0,0.0,0.0,0,0,
AAPL,AAPL-APPLE INC-2023.pdf,111,0.0,0,0.0,0.0,0.0,0.0,0,0,
AAPL,AAPL-APPLE INC-2023.pdf,112,0.0,0,0.0,0.0,0.0,0.0,0,0,
ABG,ABG-ASBURY AUTOMOTIVE GROUP INC-2021.pdf,4,0.0,0,0.0,0.0,0.0,0.0,0,0,
ABG,ABG-ASBURY AUTOMOTIVE GROUP INC-2021.pdf,5,0.0,0,0.0,0.0,0.0,0.0,0,0,
ABG,ABG-ASBURY AUTOMOTIVE GROUP INC-2021.pdf,8,0.0,0,0.0,0.0,0.0,0.0,0,0,
ABG,ABG-ASBURY AUTOMOTIVE GROUP INC-2021.pdf,10,0.315774564171123,1,0.315774564171123,0.315774564171123,0.315774564171123,0.315774564171123,48,0,
ABG,ABG-ASBURY AUTOMOTIVE GROUP INC-2021.pdf,12,0.0,0,0.0,0.0,0.0,0.0,0,0,
ABG,ABG-ASBURY AUTOMOTIVE GROUP INC-2021.pdf,13,0.001768279929074,2,0.001768279929074,0.001768279929074,0.001768279929074,0.001081328969879,2,0,
ABG,ABG-ASBURY AUTOMOTIVE GROUP INC-2021.pdf,18,0.0,0,0.0,0.0,0.0,0.0,0,0,
ABG,ABG-ASBURY AUTOMOTIVE GROUP INC-2021.pdf,20,0.027654996657754,1,0.027654996657754,0.027654996657754,0.027654996657754,0.027654996657754,6,0,
ABG,ABG-ASBURY AUTOMOTIVE GROUP INC-2021.pdf,21,1.0,1,1.0,1.0,1.0,1.0,6,0,
ABG,ABG-ASBURY AUTOMOTIVE GROUP INC-2021.pdf,22,0.0,0,0.0,0.0,0.0,0.0,0,0,
ABG,ABG-ASBURY AUTOMOTIVE GROUP INC-2021.pdf,28,0.0,0,0.0,0.0,0.0,0.0,0,0,
ABG,ABG-ASBURY AUTOMOTIVE GROUP INC-2021.pdf,31,0.2619245395127748,1,0.2619245395127748,0.2619245395127748,0.2619245395127748,0.2619245395127748,2,0,
ABG,ABG-ASBURY AUTOMOTIVE GROUP INC-2021.pdf,33,0.0,0,0.0,0.0,0.0,0.0,0,0,
ABG,ABG-ASBURY AUTOMOTIVE GROUP INC-2021.pdf,34,0.0011268176409895,1,0.0011268176409895,0.0011268176409895,0.0011268176409895,0.0011268176409895,2,0,
ABG,ABG-ASBURY AUTOMOTIVE GROUP INC-2021.pdf,35,0.6808853880409487,1,0.6808853880409487,0.6808853880409487,0.6808853880409487,0.6808853880409487,4,0,
ABG,ABG-ASBURY AUTOMOTIVE GROUP INC-2021.pdf,38,0.2438355689245395,1,0.2438355689245395,0.2438355689245395,0.2438355689245395,0.2438355689245395,4,0,
ABG,ABG-ASBURY AUTOMOTIVE GROUP INC-2021.pdf,39,0.327291146761735,1,0.327291146761735,0.327291146761735,0.327291146761735,0.327291146761735,2,0,
ABG,ABG-ASBURY AUTOMOTIVE GROUP INC-2021.pdf,40,0.0,0,0.0,0.0,0.0,0.0,0,0,
ABG,ABG-ASBURY AUTOMOTIVE GROUP INC-2021.pdf,42,0.0,0,0.0,0.0,0.0,0.0,0,0,
ABG,ABG-ASBURY AUTOMOTIVE GROUP INC-2021.pdf,43,0.3596199494949495,1,0.3596199494949495,0.3596199494949495,0.3596199494949495,0.3596199494949495,3,0,
ABG,ABG-ASBURY AUTOMOTIVE GROUP INC-2021.pdf,44,0.1643424373910263,3,0.1643424373910263,0.1643424373910263,0.1643424373910263,0.0792875816993464,3,0,
ABG,ABG-ASBURY AUTOMOTIVE GROUP INC-2021.pdf,46,0.2438722904138195,5,0.2438722904138195,0.2438722904138195,0.2438722904138195,0.0890529688667722,9,0,
ABG,ABG-ASBURY AUTOMOTIVE GROUP INC-2021.pdf,47,0.1876524967653247,3,0.1876524967653247,0.1876524967653247,0.1876524967653247,0.1116044893480144,9,0,
ABG,ABG-ASBURY AUTOMOTIVE GROUP INC-2021.pdf,48,0.2217034425908595,4,0.2217034425908595,0.2217034425908595,0.2217034425908595,0.0787832739156268,3,0,
ABG,ABG-ASBURY AUTOMOTIVE GROUP INC-2021.pdf,49,0.2274087090681323,3,0.2274087090681323,0.2274087090681323,0.2274087090681323,0.1161146962991021,9,0,
ACI,ACI-ALBERTSONS COS INC-2023.pdf,4,0.9997657828282828,1,0.0,0.0,0.0,0.9997657828282828,2,1,
ACI,ACI-ALBERTSONS COS INC-2023.pdf,6,0.9997657828282828,1,0.0,0.0,0.0,0.9997657828282828,2,1,
ACI,ACI-ALBERTSONS COS INC-2023.pdf,7,0.9997657828282828,1,0.0,0.0,0.0,0.9997657828282828,2,1,
ACI,ACI-ALBERTSONS COS INC-2023.pdf,10,0.9997657828282828,1,0.0,0.0,0.0,0.9997657828282828,2,1,
ACI,ACI-ALBERTSONS COS INC-2023.pdf,11,0.9997657828282828,1,0.0,0.0,0.0,0.9997657828282828,2,1,
ACI,ACI-ALBERTSONS COS INC-2023.pdf,13,0.9998438552188552,1,0.0,0.0,0.0,0.9998438552188552,4,1,
ACI,ACI-ALBERTSONS COS INC-2023.pdf,15,0.9997657828282828,1,0.0,0.0,0.0,0.9997657828282828,3,1,
ACI,ACI-ALBERTSONS COS INC-2023.pdf,16,0.997154671717172,1,0.0,0.0,0.0,0.997154671717172,3,1,
ACI,ACI-ALBERTSONS COS INC-2023.pdf,19,0.9997657828282828,1,0.0,0.0,0.0,0.9997657828282828,2,1,
ACI,ACI-ALBERTSONS COS INC-2023.pdf,20,0.9988968855218854,1,0.0,0.0,0.0,0.9988968855218854,4,1,
ACI,ACI-ALBERTSONS COS INC-2023.pdf,23,0.9997657828282828,1,0.0,0.0,0.0,0.9997657828282828,3,1,
ACI,ACI-ALBERTSONS COS INC-2023.pdf,25,0.990353282031714,1,0.0,0.0,0.0,0.990353282031714,2,1,
ACI,ACI-ALBERTSONS COS INC-2023.pdf,26,0.990353282031714,1,0.0,0.0,0.0,0.990353282031714,2,1,
ACI,ACI-ALBERTSONS COS INC-2023.pdf,28,0.0,0,0.0,0.0,0.0,0.0,0,0,
ACI,ACI-ALBERTSONS COS INC-2023.pdf,30,0.4859781210264409,1,0.4859781210264409,0.4859781210264409,0.4859781210264409,0.4859781210264409,29,0,
ACI,ACI-ALBERTSONS COS INC-2023.pdf,31,0.0048294530615591,2,0.0048294530615591,0.0048294530615591,0.0048294530615591,0.0025968073876015,6,0,
ACI,ACI-ALBERTSONS COS INC-2024.pdf,4,0.9997657828282828,1,0.0,0.0,0.0,0.9997657828282828,2,1,
ACI,ACI-ALBERTSONS COS INC-2024.pdf,6,0.9997657828282828,1,0.0,0.0,0.0,0.9997657828282828,2,1,
ACI,ACI-ALBERTSONS COS INC-2024.pdf,7,0.9997657828282828,1,0.0,0.0,0.0,0.9997657828282828,2,1,
ACI,ACI-ALBERTSONS COS INC-2024.pdf,10,0.9997657828282828,1,0.0,0.0,0.0,0.9997657828282828,2,1,
ACI,ACI-ALBERTSONS COS INC-2024.pdf,11,0.9997657828282828,1,0.0,0.0,0.0,0.9997657828282828,2,1,
ACI,ACI-ALBERTSONS COS INC-2024.pdf,13,0.9997657828282828,1,0.0,0.0,0.0,0.9997657828282828,3,1,
ACI,ACI-ALBERTSONS COS INC-2024.pdf,14,0.9997657828282828,1,0.0,0.0,0.0,0.9997657828282828,4,1,
ACI,ACI-ALBERTSONS COS INC-2024.pdf,15,1.0015345119688923,2,0.0017687291406095,0.0017687291406095,0.0017687291406095,0.9997657828282828,2,1,
ACI,ACI-ALBERTSONS COS INC-2024.pdf,16,0.9995719696969696,1,0.9995719696969696,0.9995719696969696,0.9995719696969696,0.9995719696969696,5,0,
ACI,ACI-ALBERTSONS COS INC-2024.pdf,18,0.9997657828282828,1,0.0,0.0,0.0,0.9997657828282828,2,1,
ACI,ACI-ALBERTSONS COS INC-2024.pdf,20,0.9974037247474749,1,0.0,0.0,0.0,0.9974037247474749,2,1,
ACI,ACI-ALBERTSONS COS INC-2024.pdf,24,0.9996877104377104,1,0.0,0.0,0.0,0.9996877104377104,3,1,
ACI,ACI-ALBERTSONS COS INC-2024.pdf,25,0.9996877104377104,1,0.0,0.0,0.0,0.9996877104377104,2,1,
ACI,ACI-ALBERTSONS COS INC-2024.pdf,26,0.9997657828282828,1,0.0,0.0,0.0,0.9997657828282828,2,1,
ACI,ACI-ALBERTSONS COS INC-2024.pdf,27,0.9997657828282828,1,0.0,0.0,0.0,0.9997657828282828,2,1,
ACI,ACI-ALBERTSONS COS INC-2024.pdf,29,0.0043274017941877,2,0.0043274017941877,0.0043274017941877,0.0043274017941877,0.002552499300604,4,0,
ACI,ACI-ALBERTSONS COS INC-2024.pdf,30,0.3304816007728803,1,0.3304816007728803,0.3304816007728803,0.3304816007728803,0.3304816007728803,30,0,
AEO,AEO-AMERICAN EAGLE OUTFITTERS INC-2021.pdf,4,0.0,0,0.0,0.0,0.0,0.0,0,0,
AEO,AEO-AMERICAN EAGLE OUTFITTERS INC-2021.pdf,12,0.0,0,0.0,0.0,0.0,0.0,0,0,
AEO,AEO-AMERICAN EAGLE OUTFITTERS INC-2021.pdf,16,0.2434934421089984,2,0.2434934421089984,0.2434934421089984,0.2434934421089984,0.1627749941490063,2,0,
AEO,AEO-AMERICAN EAGLE OUTFITTERS INC-2021.pdf,19,0.3926263155781673,1,0.3926263155781673,0.3926263155781673,0.3926263155781673,0.3926263155781673,5,0,
AEO,AEO-AMERICAN EAGLE OUTFITTERS INC-2021.pdf,24,0.0,0,0.0,0.0,0.0,0.0,0,0,
AEO,AEO-AMERICAN EAGLE OUTFITTERS INC-2021.pdf,28,0.0,0,0.0,0.0,0.0,0.0,0,0,
AEO,AEO-AMERICAN EAGLE OUTFITTERS INC-2021.pdf,31,0.0,0,0.0,0.0,0.0,0.0,0,0,
AEO,AEO-AMERICAN EAGLE OUTFITTERS INC-2021.pdf,35,0.0,0,0.0,0.0,0.0,0.0,0,0,
AEO,AEO-AMERICAN EAGLE OUTFITTERS INC-2021.pdf,36,0.0,0,0.0,0.0,0.0,0.0,0,0,
AEO,AEO-AMERICAN EAGLE OUTFITTERS INC-2021.pdf,39,0.0,0,0.0,0.0,0.0,0.0,0,0,
AEO,AEO-AMERICAN EAGLE OUTFITTERS INC-2021.pdf,43,0.0766110863537334,1,0.0766110863537334,0.0766110863537334,0.0766110863537334,0.0766110863537334,2,0,
AEO,AEO-AMERICAN EAGLE OUTFITTERS INC-2021.pdf,44,0.1954956625074271,1,0.1954956625074271,0.1954956625074271,0.1954956625074271,0.1954956625074271,3,0,
AEO,AEO-AMERICAN EAGLE OUTFITTERS INC-2021.pdf,45,0.0,0,0.0,0.0,0.0,0.0,0,0,
AEO,AEO-AMERICAN EAGLE OUTFITTERS INC-2021.pdf,47,0.0,0,0.0,0.0,0.0,0.0,0,0,
AEO,AEO-AMERICAN EAGLE OUTFITTERS INC-2021.pdf,48,0.0,0,0.0,0.0,0.0,0.0,0,0,
AEO,AEO-AMERICAN EAGLE OUTFITTERS INC-2021.pdf,49,0.0,0,0.0,0.0,0.0,0.0,0,0,
AEO,AEO-AMERICAN EAGLE OUTFITTERS INC-2021.pdf,57,0.0,0,0.0,0.0,0.0,0.0,0,0,
AEO,AEO-AMERICAN EAGLE OUTFITTERS INC-2021.pdf,58,0.6463079872802096,1,0.6463079872802096,0.6463079872802096,0.6463079872802096,0.6463079872802096,36,0,
AEO,AEO-AMERICAN EAGLE OUTFITTERS INC-2021.pdf,60,0.6638342821804648,1,0.6638342821804648,0.6638342821804648,0.6638342821804648,0.6638342821804648,48,0,
AMZN,AMZN-Amazon-2021.pdf,3,0.0,0,0.0,0.0,0.0,0.0,0,0,
AMZN,AMZN-Amazon-2021.pdf,7,0.0,0,0.0,0.0,0.0,0.0,0,0,
AMZN,AMZN-Amazon-2021.pdf,10,0.0130680183309067,1,0.0130680183309067,0.0130680183309067,0.0130680183309067,0.0130680183309067,2,0,
AMZN,AMZN-Amazon-2021.pdf,12,0.0,0,0.0,0.0,0.0,0.0,0,0,
AMZN,AMZN-Amazon-2021.pdf,14,0.0130680183309067,1,0.0130680183309067,0.0130680183309067,0.0130680183309067,0.0130680183309067,2,0,
AMZN,AMZN-Amazon-2021.pdf,18,0.0130680183309067,1,0.0130680183309067,0.0130680183309067,0.0130680183309067,0.0130680183309067,2,0,
AMZN,AMZN-Amazon-2021.pdf,21,0.2205589423619574,1,0.2205589423619574,0.2205589423619574,0.2205589423619574,0.2205589423619574,2,0,
AMZN,AMZN-Amazon-2021.pdf,23,0.0,0,0.0,0.0,0.0,0.0,0,0,
AMZN,AMZN-Amazon-2021.pdf,26,0.0130680183309067,1,0.0130680183309067,0.0130680183309067,0.0130680183309067,0.0130680183309067,2,0,
AMZN,AMZN-Amazon-2021.pdf,27,0.0,0,0.0,0.0,0.0,0.0,0,0,
AMZN,AMZN-Amazon-2021.pdf,28,0.4732903496360653,2,0.4732903496360653,0.4732903496360653,0.4732903496360653,0.4602263483149661,11,0,
AMZN,AMZN-Amazon-2021.pdf,29,0.0751486227559689,3,0.0751486227559689,0.0751486227559689,0.0751486227559689,0.0545016548139008,9,0,
AMZN,AMZN-Amazon-2021.pdf,30,0.0130680183309067,1,0.0130680183309067,0.0130680183309067,0.0130680183309067,0.0130680183309067,2,0,
AMZN,AMZN-Amazon-2021.pdf,31,0.0,0,0.0,0.0,0.0,0.0,0,0,
AMZN,AMZN-Amazon-2021.pdf,32,0.0,0,0.0,0.0,0.0,0.0,0,0,
AMZN,AMZN-Amazon-2021.pdf,34,0.0,0,0.0,0.0,0.0,0.0,0,0,
AMZN,AMZN-Amazon-2021.pdf,38,0.0,0,0.0,0.0,0.0,0.0,0,0,
AMZN,AMZN-Amazon-2021.pdf,41,0.0130680183309067,1,0.0130680183309067,0.0130680183309067,0.0130680183309067,0.0130680183309067,2,0,
AMZN,AMZN-Amazon-2021.pdf,42,0.0,0,0.0,0.0,0.0,0.0,0,0,
AMZN,AMZN-Amazon-2021.pdf,43,0.0,0,0.0,0.0,0.0,0.0,0,0,
AMZN,AMZN-Amazon-2021.pdf,44,0.0,0,0.0,0.0,0.0,0.0,0,0,
AMZN,AMZN-Amazon-2021.pdf,47,0.0020120492747826,2,0.0020120492747826,0.0020120492747826,0.0020120492747826,0.0012965903127835,4,0,
AMZN,AMZN-Amazon-2021.pdf,48,0.0,0,0.0,0.0,0.0,0.0,0,0,
AMZN,AMZN-Amazon-2021.pdf,49,0.0,0,0.0,0.0,0.0,0.0,0,0,
AMZN,AMZN-Amazon-2021.pdf,52,0.0,0,0.0,0.0,0.0,0.0,0,0,
AMZN,AMZN-Amazon-2021.pdf,53,0.0,0,0.0,0.0,0.0,0.0,0,0,
AMZN,AMZN-Amazon-2021.pdf,54,0.0050700195479469,1,0.0050700195479469,0.0050700195479469,0.0050700195479469,0.0050700195479469,2,0,
AMZN,AMZN-Amazon-2021.pdf,55,0.0,0,0.0,0.0,0.0,0.0,0,0,
AMZN,AMZN-Amazon-2021.pdf,57,0.0130680183309067,1,0.0130680183309067,0.0130680183309067,0.0130680183309067,0.0130680183309067,2,0,
AMZN,AMZN-Amazon-2021.pdf,59,0.0130680183309067,1,0.0130680183309067,0.0130680183309067,0.0130680183309067,0.0130680183309067,2,0,
AMZN,AMZN-Amazon-2021.pdf,60,0.0,0,0.0,0.0,0.0,0.0,0,0,
AMZN,AMZN-Amazon-2021.pdf,61,0.0130649059997681,1,0.0130649059997681,0.0130649059997681,0.0130649059997681,0.0130649059997681,2,0,
AMZN,AMZN-Amazon-2021.pdf,62,0.0,0,0.0,0.0,0.0,0.0,0,0,
AMZN,AMZN-Amazon-2021.pdf,65,0.0,0,0.0,0.0,0.0,0.0,0,0,
AMZN,AMZN-Amazon-2021.pdf,66,0.0,0,0.0,0.0,0.0,0.0,0,0,
AMZN,AMZN-Amazon-2021.pdf,67,0.0,0,0.0,0.0,0.0,0.0,0,0,
AMZN,AMZN-Amazon-2021.pdf,68,0.0,0,0.0,0.0,0.0,0.0,0,0,
AMZN,AMZN-Amazon-2021.pdf,70,0.0,0,0.0,0.0,0.0,0.0,0,0,
AMZN,AMZN-Amazon-2021.pdf,71,0.0,0,0.0,0.0,0.0,0.0,0,0,
AMZN,AMZN-Amazon-2021.pdf,72,0.0,0,0.0,0.0,0.0,0.0,0,0,
AMZN,AMZN-Amazon-2021.pdf,75,0.0130747209946452,1,0.0130747209946452,0.0130747209946452,0.0130747209946452,0.0130747209946452,2,0,
AMZN,AMZN-Amazon-2021.pdf,76,0.0145399734985144,2,0.0145399734985144,0.0145399734985144,0.0145399734985144,0.0125656610244149,10,0,
AMZN,AMZN-Amazon-2021.pdf,77,0.0130747209946452,1,0.0130747209946452,0.0130747209946452,0.0130747209946452,0.0130747209946452,2,0,
AMZN,AMZN-Amazon-2021.pdf,78,0.0130747209946452,1,0.0130747209946452,0.0130747209946452,0.0130747209946452,0.0130747209946452,2,0,
AMZN,AMZN-Amazon-2021.pdf,79,0.0130747209946452,1,0.0130747209946452,0.0130747209946452,0.0130747209946452,0.0130747209946452,2,0,
AMZN,AMZN-Amazon-2021.pdf,81,0.1301943479648111,4,0.1301943479648111,0.1301943479648111,0.1301943479648111,0.0497493914564925,2,0,
AMZN,AMZN-Amazon-2021.pdf,85,0.1123509410475842,2,0.1123509410475842,0.1123509410475842,0.1123509410475842,0.0927108159028152,6,0,
AMZN,AMZN-Amazon-2021.pdf,86,0.115465520427142,2,0.115465520427142,0.115465520427142,0.115465520427142,0.095825395282373,6,0,
AMZN,AMZN-Amazon-2021.pdf,87,0.0936934126488872,2,0.0936934126488872,0.0936934126488872,0.0936934126488872,0.0740532875041182,5,0,
AMZN,AMZN-Amazon-2021.pdf,88,0.0998926235293531,2,0.0998926235293531,0.0998926235293531,0.0998926235293531,0.0802524983845841,2,0,
AMZN,AMZN-Amazon-2021.pdf,89,0.0196401251447689,1,0.0196401251447689,0.0196401251447689,0.0196401251447689,0.0196401251447689,3,0,
AMZN,AMZN-Amazon-2021.pdf,90,0.0,0,0.0,0.0,0.0,0.0,0,0,
AMZN,AMZN-Amazon-2021.pdf,100,0.0,0,0.0,0.0,0.0,0.0,0,0,
AMZN,AMZN-Amazon-2023.pdf,3,0.0,0,0.0,0.0,0.0,0.0,0,0,
AMZN,AMZN-Amazon-2023.pdf,12,0.0,0,0.0,0.0,0.0,0.0,0,0,
AMZN,AMZN-Amazon-2023.pdf,16,0.0,0,0.0,0.0,0.0,0.0,0,0,
AMZN,AMZN-Amazon-2023.pdf,18,0.0,0,0.0,0.0,0.0,0.0,0,0,
AMZN,AMZN-Amazon-2023.pdf,19,0.0,0,0.0,0.0,0.0,0.0,0,0,
AMZN,AMZN-Amazon-2023.pdf,21,0.0,0,0.0,0.0,0.0,0.0,0,0,
AMZN,AMZN-Amazon-2023.pdf,22,0.0193002886284722,1,0.0193002886284722,0.0193002886284722,0.0193002886284722,0.0193002886284722,16,0,
AMZN,AMZN-Amazon-2023.pdf,25,0.0,0,0.0,0.0,0.0,0.0,0,0,
AMZN,AMZN-Amazon-2023.pdf,27,0.0,0,0.0,0.0,0.0,0.0,0,0,
AMZN,AMZN-Amazon-2023.pdf,28,0.0,0,0.0,0.0,0.0,0.0,0,0,
AMZN,AMZN-Amazon-2023.pdf,32,0.0249623842592592,5,0.0249623842592592,0.0249623842592592,0.0249623842592592,0.0050173611111111,3,0,
AMZN,AMZN-Amazon-2023.pdf,33,0.0,0,0.0,0.0,0.0,0.0,0,0,
AMZN,AMZN-Amazon-2023.pdf,36,0.0,0,0.0,0.0,0.0,0.0,0,0,
AMZN,AMZN-Amazon-2023.pdf,37,0.0,0,0.0,0.0,0.0,0.0,0,0,
AMZN,AMZN-Amazon-2023.pdf,39,0.0,0,0.0,0.0,0.0,0.0,0,0,
AMZN,AMZN-Amazon-2023.pdf,41,0.0,0,0.0,0.0,0.0,0.0,0,0,
AMZN,AMZN-Amazon-2023.pdf,42,0.0,0,0.0,0.0,0.0,0.0,0,0,
AMZN,AMZN-Amazon-2023.pdf,46,0.0,0,0.0,0.0,0.0,0.0,0,0,
AMZN,AMZN-Amazon-2023.pdf,47,0.0,0,0.0,0.0,0.0,0.0,0,0,
AMZN,AMZN-Amazon-2023.pdf,48,0.0,0,0.0,0.0,0.0,0.0,0,0,
AMZN,AMZN-Amazon-2023.pdf,49,0.0,0,0.0,0.0,0.0,0.0,0,0,
AMZN,AMZN-Amazon-2023.pdf,50,0.0,0,0.0,0.0,0.0,0.0,0,0,
AMZN,AMZN-Amazon-2023.pdf,52,0.0,0,0.0,0.0,0.0,0.0,0,0,
AMZN,AMZN-Amazon-2023.pdf,54,0.0,0,0.0,0.0,0.0,0.0,0,0,
AMZN,AMZN-Amazon-2023.pdf,55,0.0,0,0.0,0.0,0.0,0.0,0,0,
AMZN,AMZN-Amazon-2023.pdf,56,0.0,0,0.0,0.0,0.0,0.0,0,0,
AMZN,AMZN-Amazon-2023.pdf,59,0.0,0,0.0,0.0,0.0,0.0,0,0,
AMZN,AMZN-Amazon-2023.pdf,62,0.0,0,0.0,0.0,0.0,0.0,0,0,
AMZN,AMZN-Amazon-2023.pdf,68,0.0,0,0.0,0.0,0.0,0.0,0,0,
AMZN,AMZN-Amazon-2023.pdf,70,0.0,0,0.0,0.0,0.0,0.0,0,0,
AMZN,AMZN-Amazon-2023.pdf,71,0.0,0,0.0,0.0,0.0,0.0,0,0,
AMZN,AMZN-Amazon-2023.pdf,72,0.0,0,0.0,0.0,0.0,0.0,0,0,
AMZN,AMZN-Amazon-2023.pdf,73,0.0,0,0.0,0.0,0.0,0.0,0,0,
AMZN,AMZN-Amazon-2023.pdf,76,6.948176189021726e-05,1,6.948176189021726e-05,6.948176189021726e-05,6.948176189021726e-05,6.948176189021726e-05,2,0,
AMZN,AMZN-Amazon-2023.pdf,77,0.0,0,0.0,0.0,0.0,0.0,0,0,
AMZN,AMZN-Amazon-2023.pdf,79,0.2306454604837529,5,0.2306454604837529,0.2306454604837529,0.2306454604837529,0.068498818329636,2,0,
AMZN,AMZN-Amazon-2023.pdf,80,0.0,0,0.0,0.0,0.0,0.0,0,0,
AMZN,AMZN-Amazon-2023.pdf,82,0.0,0,0.0,0.0,0.0,0.0,0,0,
AMZN,AMZN-Amazon-2023.pdf,83,0.0,0,0.0,0.0,0.0,0.0,0,0,
AMZN,AMZN-Amazon-2023.pdf,87,0.0,0,0.0,0.0,0.0,0.0,0,0,
AMZN,AMZN-Amazon-2023.pdf,88,0.0,0,0.0,0.0,0.0,0.0,0,0,
AMZN,AMZN-Amazon-2023.pdf,92,0.0,0,0.0,0.0,0.0,0.0,0,0,
AMZN,AMZN-Amazon-2023.pdf,94,0.0,0,0.0,0.0,0.0,0.0,0,0,
AMZN,AMZN-Amazon-2023.pdf,97,0.0,0,0.0,0.0,0.0,0.0,0,0,
AN,AN-AUTONATION INC-2021.pdf,5,0.0046316468974421,1,0.0046316468974421,0.0046316468974421,0.0046316468974421,0.0046316468974421,2,0,
AN,AN-AUTONATION INC-2021.pdf,18,0.0052933107399338,1,0.0052933107399338,0.0052933107399338,0.0052933107399338,0.0052933107399338,2,0,
AN,AN-AUTONATION INC-2021.pdf,19,0.0052519567497781,1,0.0052519567497781,0.0052519567497781,0.0052519567497781,0.0052519567497781,2,0,
AN,AN-AUTONATION INC-2021.pdf,22,0.4910312273057371,2,0.4910312273057371,0.4910312273057371,0.4910312273057371,0.4853243766642459,3,0,
AN,AN-AUTONATION INC-2021.pdf,23,0.0057068506414911,1,0.0057068506414911,0.0057068506414911,0.0057068506414911,0.0057068506414911,2,0,
AN,AN-AUTONATION INC-2021.pdf,27,0.0086843379327039,1,0.0086843379327039,0.0086843379327039,0.0086843379327039,0.0086843379327039,2,0,
AN,AN-AUTONATION INC-2021.pdf,30,0.3782398793673848,2,0.3782398793673848,0.3782398793673848,0.3782398793673848,0.3728638606471395,4,0,
AN,AN-AUTONATION INC-2021.pdf,31,0.2374587932703946,2,0.2374587932703946,0.2374587932703946,0.2374587932703946,0.2320827745501492,12,0,
AN,AN-AUTONATION INC-2023.pdf,4,0.0,0,0.0,0.0,0.0,0.0,0,0,
AN,AN-AUTONATION INC-2023.pdf,5,0.0,0,0.0,0.0,0.0,0.0,0,0,
AN,AN-AUTONATION INC-2023.pdf,9,0.0,0,0.0,0.0,0.0,0.0,0,0,
AN,AN-AUTONATION INC-2023.pdf,16,0.0,0,0.0,0.0,0.0,0.0,0,0,
AN,AN-AUTONATION INC-2023.pdf,20,0.0,0,0.0,0.0,0.0,0.0,0,0,
AN,AN-AUTONATION INC-2023.pdf,25,0.0,0,0.0,0.0,0.0,0.0,0,0,
AN,AN-AUTONATION INC-2023.pdf,29,0.413303846768337,1,0.413303846768337,0.413303846768337,0.413303846768337,0.413303846768337,4,0,
AN,AN-AUTONATION INC-2023.pdf,30,0.3160038247397724,1,0.3160038247397724,0.3160038247397724,0.3160038247397724,0.3160038247397724,12,0,
APC,APC-ARKO PETROLEUM CORP-2021.pdf,3,0.0,0,0.0,0.0,0.0,0.0,0,0,
APC,APC-ARKO PETROLEUM CORP-2021.pdf,4,0.0,0,0.0,0.0,0.0,0.0,0,0,
APC,APC-ARKO PETROLEUM CORP-2021.pdf,11,0.0,0,0.0,0.0,0.0,0.0,0,0,
APC,APC-ARKO PETROLEUM CORP-2021.pdf,12,0.0894359423483198,1,0.0894359423483198,0.0894359423483198,0.0894359423483198,0.0894359423483198,10,0,
APC,APC-ARKO PETROLEUM CORP-2021.pdf,13,0.0,0,0.0,0.0,0.0,0.0,0,0,
APC,APC-ARKO PETROLEUM CORP-2021.pdf,15,0.0,0,0.0,0.0,0.0,0.0,0,0,
APC,APC-ARKO PETROLEUM CORP-2021.pdf,16,0.617209595959596,1,0.617209595959596,0.617209595959596,0.617209595959596,0.617209595959596,11,0,
APC,APC-ARKO PETROLEUM CORP-2021.pdf,17,0.0,0,0.0,0.0,0.0,0.0,0,0,
APC,APC-ARKO PETROLEUM CORP-2021.pdf,18,0.0,0,0.0,0.0,0.0,0.0,0,0,
APC,APC-ARKO PETROLEUM CORP-2021.pdf,22,0.0,0,0.0,0.0,0.0,0.0,0,0,
APC,APC-ARKO PETROLEUM CORP-2021.pdf,24,0.0,0,0.0,0.0,0.0,0.0,0,0,
APC,APC-ARKO PETROLEUM CORP-2021.pdf,25,0.0,0,0.0,0.0,0.0,0.0,0,0,
APC,APC-ARKO PETROLEUM CORP-2021.pdf,27,0.5233414041394336,1,0.5233414041394336,0.5233414041394336,0.5233414041394336,0.5233414041394336,9,0,
APC,APC-ARKO PETROLEUM CORP-2021.pdf,29,0.0247376708259061,1,0.0247376708259061,0.0247376708259061,0.0247376708259061,0.0247376708259061,2,0,
APC,APC-ARKO PETROLEUM CORP-2021.pdf,32,0.723768101402753,1,0.723768101402753,0.723768101402753,0.723768101402753,0.723768101402753,55,0,
APC,APC-ARKO PETROLEUM CORP-2021.pdf,36,0.3516257398506391,2,0.3516257398506391,0.3516257398506391,0.3516257398506391,0.2221882504141656,16,0,
APC,APC-ARKO PETROLEUM CORP-2021.pdf,37,0.0,0,0.0,0.0,0.0,0.0,0,0,
APC,APC-ARKO PETROLEUM CORP-2023.pdf,4,0.0,0,0.0,0.0,0.0,0.0,0,0,
APC,APC-ARKO PETROLEUM CORP-2023.pdf,9,0.0,0,0.0,0.0,0.0,0.0,0,0,
APC,APC-ARKO PETROLEUM CORP-2023.pdf,12,0.0,0,0.0,0.0,0.0,0.0,0,0,
APC,APC-ARKO PETROLEUM CORP-2023.pdf,13,0.0,0,0.0,0.0,0.0,0.0,0,0,
APC,APC-ARKO PETROLEUM CORP-2023.pdf,16,0.0915241223986701,1,0.0915241223986701,0.0915241223986701,0.0915241223986701,0.0915241223986701,25,0,
APC,APC-ARKO PETROLEUM CORP-2023.pdf,17,0.1114377690755594,3,0.1114377690755594,0.1114377690755594,0.1114377690755594,0.0742918275277283,16,0,
APC,APC-ARKO PETROLEUM CORP-2023.pdf,25,0.0,0,0.0,0.0,0.0,0.0,0,0,
APC,APC-ARKO PETROLEUM CORP-2023.pdf,34,0.1159240427540106,4,0.1159240427540106,0.1159240427540106,0.1159240427540106,0.0475528758645275,9,0,
APC,APC-ARKO PETROLEUM CORP-2023.pdf,35,0.0,0,0.0,0.0,0.0,0.0,0,0,
APC,APC-ARKO PETROLEUM CORP-2023.pdf,37,0.0,0,0.0,0.0,0.0,0.0,0,0,
APC,APC-ARKO PETROLEUM CORP-2023.pdf,39,0.0,0,0.0,0.0,0.0,0.0,0,0,
APC,APC-ARKO PETROLEUM CORP-2023.pdf,43,0.0,0,0.0,0.0,0.0,0.0,0,0,
APC,APC-ARKO PETROLEUM CORP-2023.pdf,44,0.0,0,0.0,0.0,0.0,0.0,0,0,
APC,APC-ARKO PETROLEUM CORP-2023.pdf,46,0.018618426916221,1,0.018618426916221,0.018618426916221,0.018618426916221,0.018618426916221,6,0,
APC,APC-ARKO PETROLEUM CORP-2023.pdf,47,0.0,0,0.0,0.0,0.0,0.0,0,0,
APC,APC-ARKO PETROLEUM CORP-2023.pdf,48,0.0,0,0.0,0.0,0.0,0.0,0,0,
APC,APC-ARKO PETROLEUM CORP-2023.pdf,49,0.0472826325757575,2,0.0472826325757575,0.0472826325757575,0.0472826325757575,0.029761847704991,5,0,
APC,APC-ARKO PETROLEUM CORP-2023.pdf,50,0.0,0,0.0,0.0,0.0,0.0,0,0,
APC,APC-ARKO PETROLEUM CORP-2023.pdf,52,0.0,0,0.0,0.0,0.0,0.0,0,0,
ARKO,ARKO-ARKO CORP-2022.pdf,8,0.0,0,0.0,0.0,0.0,0.0,0,0,
ARKO,ARKO-ARKO CORP-2022.pdf,13,0.0,0,0.0,0.0,0.0,0.0,0,0,
ARKO,ARKO-ARKO CORP-2022.pdf,15,0.0918624916196276,2,0.0918624916196276,0.0918624916196276,0.0918624916196276,0.0552403105491185,12,0,
ARKO,ARKO-ARKO CORP-2022.pdf,22,0.0332730062444295,1,0.0332730062444295,0.0332730062444295,0.0332730062444295,0.0332730062444295,6,0,
ARKO,ARKO-ARKO CORP-2022.pdf,24,0.0833703245279593,1,0.0833703245279593,0.0833703245279593,0.0833703245279593,0.0833703245279593,13,0,
ARKO,ARKO-ARKO CORP-2022.pdf,29,0.2308001267338298,1,0.2308001267338298,0.2308001267338298,0.2308001267338298,0.2308001267338298,63,0,
ARKO,ARKO-ARKO CORP-2022.pdf,31,0.0,0,0.0,0.0,0.0,0.0,0,0,
ARKO,ARKO-ARKO CORP-2022.pdf,34,0.0,0,0.0,0.0,0.0,0.0,0,0,
ARKO,ARKO-ARKO CORP-2022.pdf,35,0.0,0,0.0,0.0,0.0,0.0,0,0,
ARKO,ARKO-ARKO CORP-2022.pdf,36,0.0,0,0.0,0.0,0.0,0.0,0,0,
ARKO,ARKO-ARKO CORP-2022.pdf,38,0.0,0,0.0,0.0,0.0,0.0,0,0,
ARKO,ARKO-ARKO CORP-2022.pdf,40,0.4122999046840957,1,0.4122999046840957,0.4122999046840957,0.4122999046840957,0.4122999046840957,46,0,
ARKO,ARKO-ARKO CORP-2022.pdf,41,0.6983020742556283,1,0.6983020742556283,0.6983020742556283,0.6983020742556283,0.6983020742556283,55,0,
ARKO,ARKO-ARKO CORP-2022.pdf,42,0.738162293187477,1,0.738162293187477,0.738162293187477,0.738162293187477,0.738162293187477,32,0,
ARKO,ARKO-ARKO CORP-2022.pdf,44,0.659445413076847,1,0.659445413076847,0.659445413076847,0.659445413076847,0.659445413076847,45,0,
ARKO,ARKO-ARKO CORP-2022.pdf,46,0.0,0,0.0,0.0,0.0,0.0,0,0,
AZO,AZO-AUTOZONE INC-2021.pdf,3,0.0,0,0.0,0.0,0.0,0.0,0,0,
AZO,AZO-AUTOZONE INC-2021.pdf,4,0.0,0,0.0,0.0,0.0,0.0,0,0,
AZO,AZO-AUTOZONE INC-2021.pdf,6,0.0,0,0.0,0.0,0.0,0.0,0,0,
AZO,AZO-AUTOZONE INC-2021.pdf,13,0.0,0,0.0,0.0,0.0,0.0,0,0,
AZO,AZO-AUTOZONE INC-2021.pdf,14,0.0,0,0.0,0.0,0.0,0.0,0,0,
AZO,AZO-AUTOZONE INC-2021.pdf,18,0.0,0,0.0,0.0,0.0,0.0,0,0,
AZO,AZO-AUTOZONE INC-2021.pdf,19,0.0,0,0.0,0.0,0.0,0.0,0,0,
AZO,AZO-AUTOZONE INC-2021.pdf,20,0.0,0,0.0,0.0,0.0,0.0,0,0,
AZO,AZO-AUTOZONE INC-2021.pdf,22,0.0,0,0.0,0.0,0.0,0.0,0,0,
AZO,AZO-AUTOZONE INC-2021.pdf,32,0.0,0,0.0,0.0,0.0,0.0,0,0,
AZO,AZO-AUTOZONE INC-2021.pdf,36,0.0,0,0.0,0.0,0.0,0.0,0,0,
AZO,AZO-AUTOZONE INC-2021.pdf,39,0.0,0,0.0,0.0,0.0,0.0,0,0,
AZO,AZO-AUTOZONE INC-2021.pdf,40,0.0,0,0.0,0.0,0.0,0.0,0,0,
AZO,AZO-AUTOZONE INC-2021.pdf,42,0.0,0,0.0,0.0,0.0,0.0,0,0,
AZO,AZO-AUTOZONE INC-2021.pdf,43,0.0,0,0.0,0.0,0.0,0.0,0,0,
AZO,AZO-AUTOZONE INC-2021.pdf,46,0.0026341703190675,1,0.0026341703190675,0.0026341703190675,0.0026341703190675,0.0026341703190675,6,0,
AZO,AZO-AUTOZONE INC-2021.pdf,51,0.0,0,0.0,0.0,0.0,0.0,0,0,
AZO,AZO-AUTOZONE INC-2021.pdf,52,0.0,0,0.0,0.0,0.0,0.0,0,0,
AZO,AZO-AUTOZONE INC-2021.pdf,54,0.0,0,0.0,0.0,0.0,0.0,0,0,
AZO,AZO-AUTOZONE INC-2021.pdf,55,0.7750162777849986,2,0.7750162777849986,0.7750162777849986,0.7750162777849986,0.7252221479500891,34,0,
AZO,AZO-AUTOZONE INC-2021.pdf,56,0.8632759216521835,3,0.8632759216521835,0.8632759216521835,0.8632759216521835,0.7119671011586451,30,0,
AZO,AZO-AUTOZONE INC-2021.pdf,57,0.7186677023503005,1,0.7186677023503005,0.7186677023503005,0.7186677023503005,0.7186677023503005,44,0,
AZO,AZO-AUTOZONE INC-2021.pdf,58,0.8480041638453573,1,0.8480041638453573,0.8480041638453573,0.8480041638453573,0.8480041638453573,32,0,
AZO,AZO-AUTOZONE INC-2021.pdf,59,0.8424972541231349,1,0.8424972541231349,0.8424972541231349,0.8424972541231349,0.8424972541231349,46,0,
AZO,AZO-AUTOZONE INC-2021.pdf,60,0.8431403148290275,1,0.8431403148290275,0.8431403148290275,0.8431403148290275,0.8431403148290275,43,0,
AZO,AZO-AUTOZONE INC-2021.pdf,61,0.8001296562889414,1,0.8001296562889414,0.8001296562889414,0.8001296562889414,0.8001296562889414,45,0,
AZO,AZO-AUTOZONE INC-2021.pdf,62,0.8447106195659849,1,0.8447106195659849,0.8447106195659849,0.8447106195659849,0.8447106195659849,53,0,
AZO,AZO-AUTOZONE INC-2021.pdf,63,0.8423751856803328,1,0.8423751856803328,0.8423751856803328,0.8423751856803328,0.8423751856803328,43,0,
AZO,AZO-AUTOZONE INC-2021.pdf,64,0.5791074169871372,1,0.5791074169871372,0.5791074169871372,0.5791074169871372,0.5791074169871372,30,0,
AZO,AZO-AUTOZONE INC-2021.pdf,66,0.8398267879726596,1,0.8398267879726596,0.8398267879726596,0.8398267879726596,0.8398267879726596,21,0,
AZO,AZO-AUTOZONE INC-2024.pdf,3,0.0,0,0.0,0.0,0.0,0.0,0,0,
AZO,AZO-AUTOZONE INC-2024.pdf,4,0.0,0,0.0,0.0,0.0,0.0,0,0,
AZO,AZO-AUTOZONE INC-2024.pdf,5,0.0,0,0.0,0.0,0.0,0.0,0,0,
AZO,AZO-AUTOZONE INC-2024.pdf,9,0.4465733453819238,2,0.4465733453819238,0.4465733453819238,0.4465733453819238,0.4385262865583944,6,0,
AZO,AZO-AUTOZONE INC-2024.pdf,10,0.0089576409669712,1,0.0089576409669712,0.0089576409669712,0.0089576409669712,0.0089576409669712,2,0,
AZO,AZO-AUTOZONE INC-2024.pdf,18,1.0,1,0.0,0.0,0.0,1.0,2,1,
AZO,AZO-AUTOZONE INC-2024.pdf,23,0.0374899277169803,3,0.0374899277169803,0.0374899277169803,0.0374899277169803,0.0124966873957094,3,0,
AZO,AZO-AUTOZONE INC-2024.pdf,28,0.0,0,0.0,0.0,0.0,0.0,0,0,
AZO,AZO-AUTOZONE INC-2024.pdf,30,0.0,0,0.0,0.0,0.0,0.0,0,0,
AZO,AZO-AUTOZONE INC-2024.pdf,34,0.0,0,0.0,0.0,0.0,0.0,0,0,
AZO,AZO-AUTOZONE INC-2024.pdf,35,0.0,0,0.0,0.0,0.0,0.0,0,0,
AZO,AZO-AUTOZONE INC-2024.pdf,38,0.0,0,0.0,0.0,0.0,0.0,0,0,
AZO,AZO-AUTOZONE INC-2024.pdf,39,0.0,0,0.0,0.0,0.0,0.0,0,0,
AZO,AZO-AUTOZONE INC-2024.pdf,42,0.0,0,0.0,0.0,0.0,0.0,0,0,
AZO,AZO-AUTOZONE INC-2024.pdf,43,0.0909497286627509,2,0.0909497286627509,0.0909497286627509,0.0909497286627509,0.0830421628045157,36,0,
AZO,AZO-AUTOZONE INC-2024.pdf,44,0.0,0,0.0,0.0,0.0,0.0,0,0,
AZO,AZO-AUTOZONE INC-2024.pdf,50,0.0,0,0.0,0.0,0.0,0.0,0,0,
AZO,AZO-AUTOZONE INC-2024.pdf,54,0.0,0,0.0,0.0,0.0,0.0,0,0,
AZO,AZO-AUTOZONE INC-2024.pdf,55,0.0,0,0.0,0.0,0.0,0.0,0,0,
AZO,AZO-AUTOZONE INC-2024.pdf,57,0.0,0,0.0,0.0,0.0,0.0,0,0,
AZO,AZO-AUTOZONE INC-2024.pdf,58,0.0,0,0.0,0.0,0.0,0.0,0,0,
AZO,AZO-AUTOZONE INC-2024.pdf,59,0.0,0,0.0,0.0,0.0,0.0,0,0,
AZO,AZO-AUTOZONE INC-2024.pdf,63,0.4531602384135473,1,0.4531602384135473,0.4531602384135473,0.4531602384135473,0.4531602384135473,27,0,
AZO,AZO-AUTOZONE INC-2024.pdf,64,0.6800618504283026,1,0.6800618504283026,0.6800618504283026,0.6800618504283026,0.6800618504283026,45,0,
AZO,AZO-AUTOZONE INC-2024.pdf,65,0.7056205852437776,1,0.7056205852437776,0.7056205852437776,0.7056205852437776,0.7056205852437776,51,0,
AZO,AZO-AUTOZONE INC-2024.pdf,66,0.6926000699395919,1,0.6926000699395919,0.6926000699395919,0.6926000699395919,0.6926000699395919,44,0,
AZO,AZO-AUTOZONE INC-2024.pdf,68,0.712143403860913,1,0.712143403860913,0.712143403860913,0.712143403860913,0.712143403860913,41,0,
AZO,AZO-AUTOZONE INC-2024.pdf,70,0.6048783073277711,1,0.6048783073277711,0.6048783073277711,0.6048783073277711,0.6048783073277711,38,0,
AZO,AZO-AUTOZONE INC-2024.pdf,71,0.615623550765003,1,0.615623550765003,0.615623550765003,0.615623550765003,0.615623550765003,39,0,
AZO,AZO-AUTOZONE INC-2024.pdf,73,0.6188823635654792,2,0.6188823635654792,0.6188823635654792,0.6188823635654792,0.5749732241632005,14,0,
BBW,BBW-BUILD-A-BEAR WORKSHOP INC-2024.pdf,4,0.0582749730807922,2,0.0582749730807922,0.0582749730807922,0.0582749730807922,0.030227840524946,2,0,
BBW,BBW-BUILD-A-BEAR WORKSHOP INC-2024.pdf,8,0.0,0,0.0,0.0,0.0,0.0,0,0,
BBW,BBW-BUILD-A-BEAR WORKSHOP INC-2024.pdf,9,0.0,0,0.0,0.0,0.0,0.0,0,0,
BBW,BBW-BUILD-A-BEAR WORKSHOP INC-2024.pdf,11,0.1072316690283682,1,0.1072316690283682,0.1072316690283682,0.1072316690283682,0.1072316690283682,10,0,
BBW,BBW-BUILD-A-BEAR WORKSHOP INC-2024.pdf,12,0.092234822925308,1,0.092234822925308,0.092234822925308,0.092234822925308,0.092234822925308,3,0,
BBW,BBW-BUILD-A-BEAR WORKSHOP INC-2024.pdf,16,0.0,0,0.0,0.0,0.0,0.0,0,0,
BBW,BBW-BUILD-A-BEAR WORKSHOP INC-2024.pdf,17,0.8024116343962809,1,0.8024116343962809,0.8024116343962809,0.8024116343962809,0.8024116343962809,41,0,
BRLT,BRLT-BRILLIANT EARTH GP INC-2021.pdf,4,0.0,0,0.0,0.0,0.0,0.0,0,0,
BRLT,BRLT-BRILLIANT EARTH GP INC-2021.pdf,5,0.0,0,0.0,0.0,0.0,0.0,0,0,
BRLT,BRLT-BRILLIANT EARTH GP INC-2021.pdf,12,0.0,0,0.0,0.0,0.0,0.0,0,0,
BRLT,BRLT-BRILLIANT EARTH GP INC-2021.pdf,15,0.0,0,0.0,0.0,0.0,0.0,0,0,
BRLT,BRLT-BRILLIANT EARTH GP INC-2021.pdf,17,0.0,0,0.0,0.0,0.0,0.0,0,0,
BRLT,BRLT-BRILLIANT EARTH GP INC-2021.pdf,20,0.0,0,0.0,0.0,0.0,0.0,0,0,
BRLT,BRLT-BRILLIANT EARTH GP INC-2021.pdf,21,0.0,0,0.0,0.0,0.0,0.0,0,0,
BRLT,BRLT-BRILLIANT EARTH GP INC-2021.pdf,23,0.0,0,0.0,0.0,0.0,0.0,0,0,
BRLT,BRLT-BRILLIANT EARTH GP INC-2021.pdf,25,0.0820154073836263,1,0.0820154073836263,0.0820154073836263,0.0820154073836263,0.0820154073836263,2,0,
BRLT,BRLT-BRILLIANT EARTH GP INC-2021.pdf,29,0.1588103152760899,1,0.1588103152760899,0.1588103152760899,0.1588103152760899,0.1588103152760899,3,0,
BRLT,BRLT-BRILLIANT EARTH GP INC-2021.pdf,33,0.0,0,0.0,0.0,0.0,0.0,0,0,
BRLT,BRLT-BRILLIANT EARTH GP INC-2021.pdf,34,0.0,0,0.0,0.0,0.0,0.0,0,0,
BRLT,BRLT-BRILLIANT EARTH GP INC-2021.pdf,35,0.0,0,0.0,0.0,0.0,0.0,0,0,
BRLT,BRLT-BRILLIANT EARTH GP INC-2021.pdf,45,0.0,0,0.0,0.0,0.0,0.0,0,0,
BRLT,BRLT-BRILLIANT EARTH GP INC-2021.pdf,50,0.1152300347222222,1,0.1152300347222222,0.1152300347222222,0.1152300347222222,0.1152300347222222,4,0,
BRLT,BRLT-BRILLIANT EARTH GP INC-2021.pdf,54,0.1471810257884838,2,0.1471810257884838,0.1471810257884838,0.1471810257884838,0.0910980902777777,2,0,
COLM,COLM-COLUMBIA SPORTSWEAR CO-2023.pdf,10,0.0,0,0.0,0.0,0.0,0.0,0,0,
COLM,COLM-COLUMBIA SPORTSWEAR CO-2023.pdf,11,0.0,0,0.0,0.0,0.0,0.0,0,0,
COLM,COLM-COLUMBIA SPORTSWEAR CO-2023.pdf,16,0.0,0,0.0,0.0,0.0,0.0,0,0,
COLM,COLM-COLUMBIA SPORTSWEAR CO-2023.pdf,17,0.0,0,0.0,0.0,0.0,0.0,0,0,
COLM,COLM-COLUMBIA SPORTSWEAR CO-2023.pdf,24,0.0,0,0.0,0.0,0.0,0.0,0,0,
COLM,COLM-COLUMBIA SPORTSWEAR CO-2023.pdf,25,0.0,0,0.0,0.0,0.0,0.0,0,0,
COLM,COLM-COLUMBIA SPORTSWEAR CO-2023.pdf,32,0.0,0,0.0,0.0,0.0,0.0,0,0,
COLM,COLM-COLUMBIA SPORTSWEAR CO-2023.pdf,33,0.0,0,0.0,0.0,0.0,0.0,0,0,
COLM,COLM-COLUMBIA SPORTSWEAR CO-2023.pdf,36,0.0,0,0.0,0.0,0.0,0.0,0,0,
COLM,COLM-COLUMBIA SPORTSWEAR CO-2023.pdf,38,0.0,0,0.0,0.0,0.0,0.0,0,0,
COLM,COLM-COLUMBIA SPORTSWEAR CO-2023.pdf,41,0.0,0,0.0,0.0,0.0,0.0,0,0,
COLM,COLM-COLUMBIA SPORTSWEAR CO-2023.pdf,43,0.0,0,0.0,0.0,0.0,0.0,0,0,
COLM,COLM-COLUMBIA SPORTSWEAR CO-2023.pdf,45,0.0323486631016042,1,0.0323486631016042,0.0323486631016042,0.0323486631016042,0.0323486631016042,7,0,
COLM,COLM-COLUMBIA SPORTSWEAR CO-2023.pdf,48,0.0599174686509704,1,0.0599174686509704,0.0599174686509704,0.0599174686509704,0.0599174686509704,2,0,
COLM,COLM-COLUMBIA SPORTSWEAR CO-2023.pdf,50,0.3427457245040272,2,0.3427457245040272,0.3427457245040272,0.3427457245040272,0.2804941919191919,9,0,
COLM,COLM-COLUMBIA SPORTSWEAR CO-2023.pdf,51,0.0,0,0.0,0.0,0.0,0.0,0,0,
COST,COST-COSTCO WHOLESALE CORP-2022.pdf,2,0.0,0,0.0,0.0,0.0,0.0,0,0,
COST,COST-COSTCO WHOLESALE CORP-2022.pdf,16,0.471708374240063,3,0.471708374240063,0.471708374240063,0.471708374240063,0.4303826087045124,11,0,
COST,COST-COSTCO WHOLESALE CORP-2022.pdf,24,258108.96521907568,6,258108.96521907568,258108.96521907568,258108.96521907568,258108.06319757036,9,0,
COST,COST-COSTCO WHOLESALE CORP-2022.pdf,40,0.5653952944837328,2,0.5653952944837328,0.5653952944837328,0.5653952944837328,0.5268088761511789,11,0,
COST,COST-COSTCO WHOLESALE CORP-2022.pdf,45,2.017204431347359,2,2.017204431347359,2.017204431347359,2.017204431347359,1.2649480859380888,12,0,
COST,COST-COSTCO WHOLESALE CORP-2022.pdf,108,0.4505108229197932,2,0.4505108229197932,0.4505108229197932,0.4505108229197932,0.4119242422103956,12,0,
COST,COST-COSTCO WHOLESALE CORP-2022.pdf,126,0.7081877957040189,6,0.7081877957040189,0.7081877957040189,0.7081877957040189,0.551910847838089,10,0,
COST,COST-COSTCO WHOLESALE CORP-2022.pdf,148,0.2799121132954707,2,0.2799121132954707,0.2799121132954707,0.2799121132954707,0.2413255325860731,12,0,
COST,COST-COSTCO WHOLESALE CORP-2022.pdf,158,0.8025396582739954,2,0.8025396582739954,0.8025396582739954,0.8025396582739954,0.7639532423320758,34,0,
COST,COST-COSTCO WHOLESALE CORP-2022.pdf,172,0.7397894615932296,3,0.7397894615932296,0.7397894615932296,0.7397894615932296,0.693329200256885,45,0,
CRI,CRI-CARTER'S INC-2023.pdf,3,0.0,0,0.0,0.0,0.0,0.0,0,0,
CRI,CRI-CARTER'S INC-2023.pdf,5,0.0,0,0.0,0.0,0.0,0.0,0,0,
CRI,CRI-CARTER'S INC-2023.pdf,6,0.0,0,0.0,0.0,0.0,0.0,0,0,
CRI,CRI-CARTER'S INC-2023.pdf,9,0.0,0,0.0,0.0,0.0,0.0,0,0,
CRI,CRI-CARTER'S INC-2023.pdf,10,0.074217462570016,4,0.074217462570016,0.074217462570016,0.074217462570016,0.0227787745542284,2,0,
CRI,CRI-CARTER'S INC-2023.pdf,12,0.5423316820273819,1,0.5423316820273819,0.5423316820273819,0.5423316820273819,0.5423316820273819,48,0,
CRI,CRI-CARTER'S INC-2023.pdf,15,0.0,0,0.0,0.0,0.0,0.0,0,0,
CRI,CRI-CARTER'S INC-2023.pdf,16,0.0,0,0.0,0.0,0.0,0.0,0,0,
CRI,CRI-CARTER'S INC-2023.pdf,19,0.0,0,0.0,0.0,0.0,0.0,0,0,
CRI,CRI-CARTER'S INC-2023.pdf,22,0.0,0,0.0,0.0,0.0,0.0,0,0,
CRI,CRI-CARTER'S INC-2023.pdf,23,0.0,0,0.0,0.0,0.0,0.0,0,0,
CRI,CRI-CARTER'S INC-2023.pdf,24,0.0,0,0.0,0.0,0.0,0.0,0,0,
CRI,CRI-CARTER'S INC-2023.pdf,29,0.0,0,0.0,0.0,0.0,0.0,0,0,
CRI,CRI-CARTER'S INC-2023.pdf,30,0.0,0,0.0,0.0,0.0,0.0,0,0,
CRI,CRI-CARTER'S INC-2023.pdf,35,0.0,0,0.0,0.0,0.0,0.0,0,0,
CRI,CRI-CARTER'S INC-2023.pdf,38,0.1078606927314412,1,0.1078606927314412,0.1078606927314412,0.1078606927314412,0.1078606927314412,7,0,
CRI,CRI-CARTER'S INC-2023.pdf,40,0.0,0,0.0,0.0,0.0,0.0,0,0,
CRI,CRI-CARTER'S INC-2023.pdf,41,0.0,0,0.0,0.0,0.0,0.0,0,0,
CRI,CRI-CARTER'S INC-2023.pdf,42,0.0,0,0.0,0.0,0.0,0.0,0,0,
CRI,CRI-CARTER'S INC-2023.pdf,48,0.0,0,0.0,0.0,0.0,0.0,0,0,
CRI,CRI-CARTER'S INC-2023.pdf,52,0.0,0,0.0,0.0,0.0,0.0,0,0,
CRI,CRI-CARTER'S INC-2023.pdf,54,0.0312771566358024,2,0.0312771566358024,0.0312771566358024,0.0312771566358024,0.0177246392746913,2,0,
CRI,CRI-CARTER'S INC-2023.pdf,55,0.0738204026037949,4,0.0738204026037949,0.0738204026037949,0.0738204026037949,0.0246796076095819,13,0,
CRI,CRI-CARTER'S INC-2023.pdf,58,0.0,0,0.0,0.0,0.0,0.0,0,0,
CRI,CRI-CARTER'S INC-2023.pdf,59,0.0,0,0.0,0.0,0.0,0.0,0,0,
CRI,CRI-CARTER'S INC-2023.pdf,60,0.0,0,0.0,0.0,0.0,0.0,0,0,
CRI,CRI-CARTER'S INC-2023.pdf,62,0.0,0,0.0,0.0,0.0,0.0,0,0,
CRI,CRI-CARTER'S INC-2023.pdf,73,0.1313817733386749,3,0.1313817733386749,0.1313817733386749,0.1313817733386749,0.0958477872215356,21,0,
CRI,CRI-CARTER2S INC-2025.pdf,3,0.0887734375,1,0.0887734375,0.0887734375,0.0887734375,0.0887734375,22,0,
CRI,CRI-CARTER2S INC-2025.pdf,9,0.0887734375,1,0.0887734375,0.0887734375,0.0887734375,0.0887734375,22,0,
CRI,CRI-CARTER2S INC-2025.pdf,14,0.0887734375,1,0.0887734375,0.0887734375,0.0887734375,0.0887734375,22,0,
CRI,CRI-CARTER2S INC-2025.pdf,18,0.0887734375,1,0.0887734375,0.0887734375,0.0887734375,0.0887734375,22,0,
CRI,CRI-CARTER2S INC-2025.pdf,23,0.0887734375,1,0.0887734375,0.0887734375,0.0887734375,0.0887734375,22,0,
CRI,CRI-CARTER2S INC-2025.pdf,30,0.0887734375,1,0.0887734375,0.0887734375,0.0887734375,0.0887734375,22,0,
CRI,CRI-CARTER2S INC-2025.pdf,34,0.0887734375,1,0.0887734375,0.0887734375,0.0887734375,0.0887734375,22,0,
CRI,CRI-CARTER2S INC-2025.pdf,37,0.0888732811660522,2,0.0888732811660522,0.0888732811660522,0.0888732811660522,0.0887734375,22,0,
CRI,CRI-CARTER2S INC-2025.pdf,43,0.0887734375,1,0.0887734375,0.0887734375,0.0887734375,0.0887734375,22,0,
CRI,CRI-CARTER2S INC-2025.pdf,46,0.0887734375,1,0.0887734375,0.0887734375,0.0887734375,0.0887734375,22,0,
CRI,CRI-CARTER2S INC-2025.pdf,51,0.0887734375,1,0.0887734375,0.0887734375,0.0887734375,0.0887734375,22,0,
CRI,CRI-CARTER2S INC-2025.pdf,53,0.0887734375,1,0.0887734375,0.0887734375,0.0887734375,0.0887734375,22,0,
CRI,CRI-CARTER2S INC-2025.pdf,57,0.0887734375,1,0.0887734375,0.0887734375,0.0887734375,0.0887734375,22,0,
CRI,CRI-CARTER2S INC-2025.pdf,63,0.3643621805234054,2,0.3643621805234054,0.3643621805234054,0.3643621805234054,0.2755887430234053,24,0,
CRI,CRI-CARTER2S INC-2025.pdf,68,0.7143405791045095,2,0.7143405791045095,0.7143405791045095,0.7143405791045095,0.6255671416045095,41,0,
CROX,CROX-CROCS INC-2023.pdf,2,1.008825054070113,5,1.008825054070113,1.008825054070113,1.008825054070113,1.0,7,0,
CROX,CROX-CROCS INC-2023.pdf,7,0.005159326104179,1,0.005159326104179,0.005159326104179,0.005159326104179,0.005159326104179,5,0,
CROX,CROX-CROCS INC-2023.pdf,11,0.4969764372838663,4,0.4969764372838663,0.4969764372838663,0.4969764372838663,0.4775326797385621,5,0,
CROX,CROX-CROCS INC-2023.pdf,16,1.0737814170751634,6,1.0737814170751634,1.0737814170751634,1.0737814170751634,0.9485294117647058,12,0,
CROX,CROX-CROCS INC-2023.pdf,25,0.4705882352941176,1,0.4705882352941176,0.4705882352941176,0.4705882352941176,0.4705882352941176,5,0,
CROX,CROX-CROCS INC-2023.pdf,31,0.2604669711653917,4,0.2604669711653917,0.2604669711653917,0.2604669711653917,0.081658470943091,17,0,
CROX,CROX-CROCS INC-2023.pdf,32,0.5320875833498382,1,0.5320875833498382,0.5320875833498382,0.5320875833498382,0.5320875833498382,105,0,
CROX,CROX-CROCS INC-2023.pdf,36,0.5514057599744724,1,0.5514057599744724,0.5514057599744724,0.5514057599744724,0.5514057599744724,15,0,
CROX,CROX-CROCS INC-2023.pdf,44,0.5223979200708061,1,0.5223979200708061,0.5223979200708061,0.5223979200708061,0.5223979200708061,10,0,
CROX,CROX-CROCS INC-2023.pdf,48,0.6427920313841025,1,0.6427920313841025,0.6427920313841025,0.6427920313841025,0.6427920313841025,13,0,
CURV,CURV-TORRID HOLDINGS-2022.pdf,4,0.1704697968932242,1,0.1704697968932242,0.1704697968932242,0.1704697968932242,0.1704697968932242,3,0,
CURV,CURV-TORRID HOLDINGS-2022.pdf,13,0.1691184910054951,2,0.1691184910054951,0.1691184910054951,0.1691184910054951,0.1091324102740511,15,0,
CURV,CURV-TORRID HOLDINGS-2022.pdf,18,0.8478171311191985,4,0.8478171311191985,0.016934778178022,0.8478171311191985,0.8308823529411765,3,0,
CURV,CURV-TORRID HOLDINGS-2022.pdf,22,0.3192925970155934,2,0.3192925970155934,0.3192925970155934,0.3192925970155934,0.2028766583110517,7,0,
CURV,CURV-TORRID HOLDINGS-2022.pdf,24,0.0,0,0.0,0.0,0.0,0.0,0,0,
CURV,CURV-TORRID HOLDINGS-2022.pdf,26,0.374690105324074,1,0.374690105324074,0.374690105324074,0.374690105324074,0.374690105324074,8,0,
CURV,CURV-TORRID HOLDINGS-2022.pdf,28,0.0,0,0.0,0.0,0.0,0.0,0,0,
CURV,CURV-TORRID HOLDINGS-2022.pdf,29,0.0,0,0.0,0.0,0.0,0.0,0,0,
CURV,CURV-TORRID HOLDINGS-2022.pdf,30,0.0,0,0.0,0.0,0.0,0.0,0,0,
CURV,CURV-TORRID HOLDINGS-2022.pdf,31,0.0,0,0.0,0.0,0.0,0.0,0,0,
CURV,CURV-TORRID HOLDINGS-2022.pdf,32,0.0,0,0.0,0.0,0.0,0.0,0,0,
CURV,CURV-TORRID HOLDINGS-2022.pdf,33,0.4875222816399288,1,0.4875222816399288,0.4875222816399288,0.4875222816399288,0.4875222816399288,91,0,
CURV,CURV-TORRID HOLDINGS-2022.pdf,34,0.6309858697266786,1,0.6309858697266786,0.6309858697266786,0.6309858697266786,0.6309858697266786,64,0,
DELL,DELL-DELL TECHNOLOGIES INC-2024.pdf,4,0.0,0,0.0,0.0,0.0,0.0,0,0,
DELL,DELL-DELL TECHNOLOGIES INC-2024.pdf,5,0.0,0,0.0,0.0,0.0,0.0,0,0,
DELL,DELL-DELL TECHNOLOGIES INC-2024.pdf,7,0.0,0,0.0,0.0,0.0,0.0,0,0,
DELL,DELL-DELL TECHNOLOGIES INC-2024.pdf,10,0.3739241656594424,1,0.3739241656594424,0.3739241656594424,0.3739241656594424,0.3739241656594424,21,0,
DELL,DELL-DELL TECHNOLOGIES INC-2024.pdf,11,0.0,0,0.0,0.0,0.0,0.0,0,0,
DELL,DELL-DELL TECHNOLOGIES INC-2024.pdf,13,0.0008608166042561,2,0.0008608166042561,0.0008608166042561,0.0008608166042561,0.0005753867176783,2,0,
DELL,DELL-DELL TECHNOLOGIES INC-2024.pdf,14,0.0016516939454817,1,0.0016516939454817,0.0016516939454817,0.0016516939454817,0.0016516939454817,3,0,
DELL,DELL-DELL TECHNOLOGIES INC-2024.pdf,16,0.0,0,0.0,0.0,0.0,0.0,0,0,
DELL,DELL-DELL TECHNOLOGIES INC-2024.pdf,19,0.0201407760320216,4,0.0201407760320216,0.0201407760320216,0.0201407760320216,0.0109825729070216,2,0,
DELL,DELL-DELL TECHNOLOGIES INC-2024.pdf,22,0.0,0,0.0,0.0,0.0,0.0,0,0,
DELL,DELL-DELL TECHNOLOGIES INC-2024.pdf,23,0.0,0,0.0,0.0,0.0,0.0,0,0,
DELL,DELL-DELL TECHNOLOGIES INC-2024.pdf,24,0.0,0,0.0,0.0,0.0,0.0,0,0,
DELL,DELL-DELL TECHNOLOGIES INC-2024.pdf,25,0.0,0,0.0,0.0,0.0,0.0,0,0,
DELL,DELL-DELL TECHNOLOGIES INC-2024.pdf,26,0.0,0,0.0,0.0,0.0,0.0,0,0,
DELL,DELL-DELL TECHNOLOGIES INC-2024.pdf,27,0.0,0,0.0,0.0,0.0,0.0,0,0,
DELL,DELL-DELL TECHNOLOGIES INC-2024.pdf,28,0.0087108084341897,3,0.0087108084341897,0.0087108084341897,0.0087108084341897,0.0029602744020061,2,0,
DELL,DELL-DELL TECHNOLOGIES INC-2024.pdf,31,0.0,0,0.0,0.0,0.0,0.0,0,0,
DELL,DELL-DELL TECHNOLOGIES INC-2024.pdf,32,0.0,0,0.0,0.0,0.0,0.0,0,0,
DELL,DELL-DELL TECHNOLOGIES INC-2024.pdf,35,0.008880859375,3,0.008880859375,0.008880859375,0.008880859375,0.0029602864583333,2,0,
DELL,DELL-DELL TECHNOLOGIES INC-2024.pdf,36,0.0,0,0.0,0.0,0.0,0.0,0,0,
DELL,DELL-DELL TECHNOLOGIES INC-2024.pdf,38,0.4627029984085648,1,0.4627029984085648,0.4627029984085648,0.4627029984085648,0.4627029984085648,15,0,
DELL,DELL-DELL TECHNOLOGIES INC-2024.pdf,40,0.0,0,0.0,0.0,0.0,0.0,0,0,
DELL,DELL-DELL TECHNOLOGIES INC-2024.pdf,43,0.0,0,0.0,0.0,0.0,0.0,0,0,
DELL,DELL-DELL TECHNOLOGIES INC-2024.pdf,45,0.0097073838975694,3,0.0097073838975694,0.0097073838975694,0.0097073838975694,0.0032357946325231,2,0,
DELL,DELL-DELL TECHNOLOGIES INC-2024.pdf,48,0.0,0,0.0,0.0,0.0,0.0,0,0,
DELL,DELL-DELL TECHNOLOGIES INC-2024.pdf,49,0.0,0,0.0,0.0,0.0,0.0,0,0,
DELL,DELL-DELL TECHNOLOGIES INC-2024.pdf,50,0.0,0,0.0,0.0,0.0,0.0,0,0,
DELL,DELL-DELL TECHNOLOGIES INC-2024.pdf,53,0.0,0,0.0,0.0,0.0,0.0,0,0,
DELL,DELL-DELL TECHNOLOGIES INC-2024.pdf,54,0.0,0,0.0,0.0,0.0,0.0,0,0,
DELL,DELL-DELL TECHNOLOGIES INC-2024.pdf,55,1.0,1,0.0,0.0,0.0,1.0,2,1,
DELL,DELL-DELL TECHNOLOGIES INC-2024.pdf,56,0.5128696478279857,1,0.5128696478279857,0.5128696478279857,0.5128696478279857,0.5128696478279857,40,0,
DELL,DELL-DELL TECHNOLOGIES INC-2024.pdf,57,0.0,0,0.0,0.0,0.0,0.0,0,0,
DELL,DELL-DELL TECHNOLOGIES INC-2024.pdf,58,0.0,0,0.0,0.0,0.0,0.0,0,0,
DELL,DELL-DELL TECHNOLOGIES INC-2024.pdf,60,0.0,0,0.0,0.0,0.0,0.0,0,0,
DELL,DELL-DELL TECHNOLOGIES INC-2024.pdf,61,0.0,0,0.0,0.0,0.0,0.0,0,0,
DELL,DELL-DELL TECHNOLOGIES INC-2024.pdf,63,0.0,0,0.0,0.0,0.0,0.0,0,0,
DELL,DELL-DELL TECHNOLOGIES INC-2024.pdf,64,0.0,0,0.0,0.0,0.0,0.0,0,0,
DELL,DELL-DELL TECHNOLOGIES INC-2024.pdf,65,0.0,0,0.0,0.0,0.0,0.0,0,0,
DELL,DELL-DELL TECHNOLOGIES INC-2024.pdf,66,0.0,0,0.0,0.0,0.0,0.0,0,0,
DELL,DELL-DELL TECHNOLOGIES INC-2024.pdf,67,1.3008193776434611,2,0.3008193776434613,0.3008193776434613,0.3008193776434613,1.0,2,1,
DELL,DELL-DELL TECHNOLOGIES INC-2024.pdf,69,0.0,0,0.0,0.0,0.0,0.0,0,0,
DELL,DELL-DELL TECHNOLOGIES INC-2024.pdf,70,0.0,0,0.0,0.0,0.0,0.0,0,0,
DELL,DELL-DELL TECHNOLOGIES INC-2024.pdf,71,0.0,0,0.0,0.0,0.0,0.0,0,0,
DELL,DELL-DELL TECHNOLOGIES INC-2024.pdf,73,0.0,0,0.0,0.0,0.0,0.0,0,0,
DELL,DELL-DELL TECHNOLOGIES INC-2024.pdf,74,0.0,0,0.0,0.0,0.0,0.0,0,0,
DELL,DELL-DELL TECHNOLOGIES INC-2024.pdf,75,0.0,0,0.0,0.0,0.0,0.0,0,0,
DELL,DELL-DELL TECHNOLOGIES INC-2024.pdf,76,0.0714406607202182,6,0.0714406607202182,0.0714406607202182,0.0714406607202182,0.0345923646476337,2,0,
DELL,DELL-DELL TECHNOLOGIES INC-2024.pdf,77,0.0,0,0.0,0.0,0.0,0.0,0,0,
DELL,DELL-DELL TECHNOLOGIES INC-2024.pdf,78,0.0,0,0.0,0.0,0.0,0.0,0,0,
DELL,DELL-DELL TECHNOLOGIES INC-2024.pdf,81,0.7028285965334805,1,0.7028285965334805,0.7028285965334805,0.7028285965334805,0.7028285965334805,48,0,
DELL,DELL-DELL TECHNOLOGIES INC-2024.pdf,82,0.5778941410041145,1,0.5778941410041145,0.5778941410041145,0.5778941410041145,0.5778941410041145,49,0,
DELL,DELL-DELL TECHNOLOGIES INC-2024.pdf,83,0.7145884821498947,1,0.7145884821498947,0.7145884821498947,0.7145884821498947,0.7145884821498947,76,0,
DELL,DELL-DELL TECHNOLOGIES INC-2024.pdf,84,0.7093003911402966,1,0.7093003911402966,0.7093003911402966,0.7093003911402966,0.7093003911402966,38,0,
DELL,DELL-DELL TECHNOLOGIES INC-2024.pdf,86,0.2896363179173097,1,0.2896363179173097,0.2896363179173097,0.2896363179173097,0.2896363179173097,28,0,
DELL,DELL-DELL TECHNOLOGIES INC-2024.pdf,87,0.5557910190763422,1,0.5557910190763422,0.5557910190763422,0.5557910190763422,0.5557910190763422,55,0,
DELL,DELL-DELL TECHNOLOGIES INC-2024.pdf,88,0.5557910190763422,1,0.5557910190763422,0.5557910190763422,0.5557910190763422,0.5557910190763422,55,0,
DELL,DELL-DELL TECHNOLOGIES INC-2024.pdf,91,0.7314654527437034,1,0.7314654527437034,0.7314654527437034,0.7314654527437034,0.7314654527437034,30,0,
DELL,DELL-DELL TECHNOLOGIES INC-2024.pdf,92,0.559651740693827,1,0.559651740693827,0.559651740693827,0.559651740693827,0.559651740693827,31,0,
DELL,DELL-DELL TECHNOLOGIES INC-2024.pdf,94,0.6610219545717592,1,0.6610219545717592,0.6610219545717592,0.6610219545717592,0.6610219545717592,79,0,
DELL,DELL-DELL TECHNOLOGIES INC-2024.pdf,95,0.2814090095593278,1,0.2814090095593278,0.2814090095593278,0.2814090095593278,0.2814090095593278,31,0,
DELL,DELL-DELL TECHNOLOGIES INC-2024.pdf,100,0.0,0,0.0,0.0,0.0,0.0,0,0,
DELL,DELL-DELL TECHNOLOGIES INC-2024.pdf,101,0.0,0,0.0,0.0,0.0,0.0,0,0,
DELL,DELL-DELL TECHNOLOGIES INC-2024.pdf,102,0.5159823673052353,1,0.5159823673052353,0.5159823673052353,0.5159823673052353,0.5159823673052353,21,0,
DELL,DELL-DELL TECHNOLOGIES INC-2024.pdf,103,0.7483438039185742,1,0.7483438039185742,0.7483438039185742,0.7483438039185742,0.7483438039185742,28,0,
DELL,DELL-DELL TECHNOLOGIES INC-2024.pdf,104,0.5719523530601638,1,0.5719523530601638,0.5719523530601638,0.5719523530601638,0.5719523530601638,24,0,
DELL,DELL-DELL TECHNOLOGIES INC-2024.pdf,105,0.609704028889639,1,0.609704028889639,0.609704028889639,0.609704028889639,0.609704028889639,21,0,
DELL,DELL-DELL TECHNOLOGIES INC-2024.pdf,106,0.5561338071469907,1,0.5561338071469907,0.5561338071469907,0.5561338071469907,0.5561338071469907,29,0,
DELL,DELL-DELL TECHNOLOGIES INC-2024.pdf,107,0.6968368216306585,1,0.6968368216306585,0.6968368216306585,0.6968368216306585,0.6968368216306585,40,0,
DELL,DELL-DELL TECHNOLOGIES INC-2024.pdf,108,0.6801422244727366,1,0.6801422244727366,0.6801422244727366,0.6801422244727366,0.6801422244727366,40,0,
DELL,DELL-DELL TECHNOLOGIES INC-2024.pdf,109,0.6979208863811729,1,0.6979208863811729,0.6979208863811729,0.6979208863811729,0.6979208863811729,34,0,
DELL,DELL-DELL TECHNOLOGIES INC-2024.pdf,111,0.0,0,0.0,0.0,0.0,0.0,0,0,
DELL,DELL-DELL TECHNOLOGIES INC-2024.pdf,112,0.0,0,0.0,0.0,0.0,0.0,0,0,
DELL,DELL-DELL TECHNOLOGIES INC-2024.pdf,113,0.0,0,0.0,0.0,0.0,0.0,0,0,
DELL,DELL-DELL TECHNOLOGIES INC-2024.pdf,114,0.0,0,0.0,0.0,0.0,0.0,0,0,
DG,DG-DOLLAR GENERAL CORP-2025.pdf,6,0.0,0,0.0,0.0,0.0,0.0,0,0,
DG,DG-DOLLAR GENERAL CORP-2025.pdf,10,0.0,0,0.0,0.0,0.0,0.0,0,0,
DG,DG-DOLLAR GENERAL CORP-2025.pdf,12,0.0,0,0.0,0.0,0.0,0.0,0,0,
DG,DG-DOLLAR GENERAL CORP-2025.pdf,13,0.0,0,0.0,0.0,0.0,0.0,0,0,
DG,DG-DOLLAR GENERAL CORP-2025.pdf,16,0.3315371664240542,1,0.3315371664240542,0.3315371664240542,0.3315371664240542,0.3315371664240542,11,0,
DG,DG-DOLLAR GENERAL CORP-2025.pdf,19,0.0,0,0.0,0.0,0.0,0.0,0,0,
DG,DG-DOLLAR GENERAL CORP-2025.pdf,21,0.4879457162552521,1,0.4879457162552521,0.4879457162552521,0.4879457162552521,0.4879457162552521,3,0,
DG,DG-DOLLAR GENERAL CORP-2025.pdf,29,0.0,0,0.0,0.0,0.0,0.0,0,0,
DG,DG-DOLLAR GENERAL CORP-2025.pdf,35,0.0,0,0.0,0.0,0.0,0.0,0,0,
DG,DG-DOLLAR GENERAL CORP-2025.pdf,37,0.0,0,0.0,0.0,0.0,0.0,0,0,
DG,DG-DOLLAR GENERAL CORP-2025.pdf,39,0.6015292672749946,2,0.6015292672749946,0.6015292672749946,0.6015292672749946,0.4218798007626692,6,0,
DG,DG-DOLLAR GENERAL CORP-2025.pdf,40,0.4090880959210406,1,0.4090880959210406,0.4090880959210406,0.4090880959210406,0.4090880959210406,5,0,
DKS,DKS-DICKS SPORTING GOODS INC-2021.pdf,5,0.0,0,0.0,0.0,0.0,0.0,0,0,
DKS,DKS-DICKS SPORTING GOODS INC-2021.pdf,6,0.3390625,1,0.3390625,0.3390625,0.3390625,0.3390625,2,0,
DKS,DKS-DICKS SPORTING GOODS INC-2021.pdf,7,0.3390625,1,0.3390625,0.3390625,0.3390625,0.3390625,2,0,
DKS,DKS-DICKS SPORTING GOODS INC-2021.pdf,9,0.0,0,0.0,0.0,0.0,0.0,0,0,
DKS,DKS-DICKS SPORTING GOODS INC-2021.pdf,13,0.0708767064764763,4,0.0708767064764763,0.0708767064764763,0.0708767064764763,0.0194589278264866,2,0,
DKS,DKS-DICKS SPORTING GOODS INC-2021.pdf,19,0.0,0,0.0,0.0,0.0,0.0,0,0,
DKS,DKS-DICKS SPORTING GOODS INC-2021.pdf,26,0.3390625,1,0.3390625,0.3390625,0.3390625,0.3390625,2,0,
DKS,DKS-DICKS SPORTING GOODS INC-2021.pdf,36,0.0,0,0.0,0.0,0.0,0.0,0,0,
DKS,DKS-DICKS SPORTING GOODS INC-2021.pdf,48,0.0,0,0.0,0.0,0.0,0.0,0,0,
DKS,DKS-DICKS SPORTING GOODS INC-2021.pdf,51,0.0,0,0.0,0.0,0.0,0.0,0,0,
DKS,DKS-DICKS SPORTING GOODS INC-2021.pdf,53,0.3390625,1,0.3390625,0.3390625,0.3390625,0.3390625,2,0,
DKS,DKS-DICKS SPORTING GOODS INC-2021.pdf,55,0.0,0,0.0,0.0,0.0,0.0,0,0,
DKS,DKS-DICKS SPORTING GOODS INC-2021.pdf,62,0.3555072129629629,2,0.3555072129629629,0.3555072129629629,0.3555072129629629,0.3390625,2,0,
DKS,DKS-DICKS SPORTING GOODS INC-2021.pdf,69,0.5319886299512634,1,0.5319886299512634,0.5319886299512634,0.5319886299512634,0.5319886299512634,35,0,
DKS,DKS-DICKS SPORTING GOODS INC-2021.pdf,83,0.4262962113040123,1,0.4262962113040123,0.4262962113040123,0.4262962113040123,0.4262962113040123,11,0,
DKS,DKS-DICKS SPORTING GOODS INC-2021.pdf,84,0.5245066481385031,3,0.5245066481385031,0.5245066481385031,0.5245066481385031,0.5002210361593364,14,0,
DKS,DKS-DICKS SPORTING GOODS INC-2021.pdf,85,0.5605906282407407,1,0.5605906282407407,0.5605906282407407,0.5605906282407407,0.5605906282407407,17,0,
DKS,DKS-DICKS SPORTING GOODS INC-2021.pdf,89,0.0,0,0.0,0.0,0.0,0.0,0,0,
DKS,DKS-DICKS SPORTING GOODS INC-2021.pdf,91,0.4759923828665123,3,0.4759923828665123,0.4759923828665123,0.4759923828665123,0.1817384999035493,38,0,
DLTR,DLTR-DOLLAR TREE INC-2023.pdf,3,0.0,0,0.0,0.0,0.0,0.0,0,0,
DLTR,DLTR-DOLLAR TREE INC-2023.pdf,6,0.0,0,0.0,0.0,0.0,0.0,0,0,
DLTR,DLTR-DOLLAR TREE INC-2023.pdf,7,0.0,0,0.0,0.0,0.0,0.0,0,0,
DLTR,DLTR-DOLLAR TREE INC-2023.pdf,8,0.0,0,0.0,0.0,0.0,0.0,0,0,
DLTR,DLTR-DOLLAR TREE INC-2023.pdf,9,0.0,0,0.0,0.0,0.0,0.0,0,0,
DLTR,DLTR-DOLLAR TREE INC-2023.pdf,11,0.0,0,0.0,0.0,0.0,0.0,0,0,
DLTR,DLTR-DOLLAR TREE INC-2023.pdf,12,0.0,0,0.0,0.0,0.0,0.0,0,0,
DLTR,DLTR-DOLLAR TREE INC-2023.pdf,13,0.0,0,0.0,0.0,0.0,0.0,0,0,
DLTR,DLTR-DOLLAR TREE INC-2023.pdf,14,0.0,0,0.0,0.0,0.0,0.0,0,0,
DLTR,DLTR-DOLLAR TREE INC-2023.pdf,17,0.0,0,0.0,0.0,0.0,0.0,0,0,
DLTR,DLTR-DOLLAR TREE INC-2023.pdf,18,0.0,0,0.0,0.0,0.0,0.0,0,0,
DLTR,DLTR-DOLLAR TREE INC-2023.pdf,19,0.0,0,0.0,0.0,0.0,0.0,0,0,
DLTR,DLTR-DOLLAR TREE INC-2023.pdf,20,0.3027070707070707,1,0.3027070707070707,0.3027070707070707,0.3027070707070707,0.3027070707070707,6,0,
DLTR,DLTR-DOLLAR TREE INC-2023.pdf,22,0.5042743716232089,1,0.5042743716232089,0.5042743716232089,0.5042743716232089,0.5042743716232089,9,0,
DLTR,DLTR-DOLLAR TREE INC-2023.pdf,23,0.0,0,0.0,0.0,0.0,0.0,0,0,
DLTR,DLTR-DOLLAR TREE INC-2023.pdf,24,0.0,0,0.0,0.0,0.0,0.0,0,0,
DLTR,DLTR-DOLLAR TREE INC-2023.pdf,25,0.0,0,0.0,0.0,0.0,0.0,0,0,
DLTR,DLTR-DOLLAR TREE INC-2023.pdf,27,0.0,0,0.0,0.0,0.0,0.0,0,0,
DLTR,DLTR-DOLLAR TREE INC-2023.pdf,28,0.0,0,0.0,0.0,0.0,0.0,0,0,
DLTR,DLTR-DOLLAR TREE INC-2023.pdf,29,0.169474169446402,2,0.169474169446402,0.169474169446402,0.169474169446402,0.15691199316159,14,0,
DLTR,DLTR-DOLLAR TREE INC-2023.pdf,30,0.0524000051288074,1,0.0524000051288074,0.0524000051288074,0.0524000051288074,0.0524000051288074,2,0,
ETSY,ETSY-Etsy-2022.pdf,8,0.0,0,0.0,0.0,0.0,0.0,0,0,
ETSY,ETSY-Etsy-2022.pdf,38,0.0,0,0.0,0.0,0.0,0.0,0,0,
ETSY,ETSY-Etsy-2022.pdf,43,0.3600234583848286,2,0.3600234583848286,0.3600234583848286,0.3600234583848286,0.2296832217096208,4,0,
ETSY,ETSY-Etsy-2022.pdf,56,0.4714722002947055,3,0.4714722002947055,0.4714722002947055,0.4714722002947055,0.4377090661561225,4,0,
ETSY,ETSY-Etsy-2022.pdf,57,0.6533383421356909,9,0.6533383421356909,0.6533383421356909,0.6533383421356909,0.5478708769691978,3,0,
ETSY,ETSY-Etsy-2025(Climate Index).pdf,4,0.489764371657754,1,0.489764371657754,0.489764371657754,0.489764371657754,0.489764371657754,2,0,
ETSY,ETSY-Etsy-2025(Climate Index).pdf,5,0.7248275692724837,3,0.7248275692724837,0.7248275692724837,0.7248275692724837,0.670120320855615,2,0,
ETSY,ETSY-Etsy-2025(Climate Index).pdf,8,0.0314015338442652,1,0.0314015338442652,0.0314015338442652,0.0314015338442652,0.0314015338442652,2,0,
ETSY,ETSY-Etsy-2025(Climate Index).pdf,9,0.0,0,0.0,0.0,0.0,0.0,0,0,
ETSY,ETSY-Etsy-2025(Climate Index).pdf,10,0.0,0,0.0,0.0,0.0,0.0,0,0,
FIGS,FIGS-FIGS INC-2021.pdf,19,0.077423212321176,3,0.077423212321176,0.077423212321176,0.077423212321176,0.031158018056275,2,0,
FIGS,FIGS-FIGS INC-2021.pdf,29,1.033025907470288,2,0.0330299074662875,0.0330299074662875,0.0330299074662875,0.9999960000040004,2,1,
FIGS,FIGS-FIGS INC-2021.pdf,36,0.4100776122042464,2,0.4100776122042464,0.4100776122042464,0.4100776122042464,0.3581826180777755,2,0,
FIVE,FIVE-FIVE BELOW INC-2024.pdf,6,0.0003573006687242,1,0.0003573006687242,0.0003573006687242,0.0003573006687242,0.0003573006687242,2,0,
FIVE,FIVE-FIVE BELOW INC-2024.pdf,9,1.604661222222222,2,0.6046612222222222,0.6046612222222222,0.6046612222222222,1.0,2,1,
FOSL,FOSL-FOSSIL GROUP INC-2024.pdf,3,1.7675443631616972,4,0.7656830120955992,0.7656830120955992,0.7656830120955992,1.001861351066098,4,1,
FOSL,FOSL-FOSSIL GROUP INC-2024.pdf,7,1.848914185725011,3,0.8470528346589132,0.8470528346589132,0.8470528346589132,1.001861351066098,4,1,
FOSL,FOSL-FOSSIL GROUP INC-2024.pdf,11,1.2919189072170316,4,0.2900575561509337,0.2900575561509337,0.2900575561509337,1.001861351066098,4,1,
FOSL,FOSL-FOSSIL GROUP INC-2024.pdf,16,1.596849886570494,3,0.594988535504396,0.594988535504396,0.594988535504396,1.001861351066098,4,1,
FOSL,FOSL-FOSSIL GROUP INC-2024.pdf,18,1.5546385724183998,3,1.5546385724183998,1.5546385724183998,1.5546385724183998,1.001861351066098,6,0,
FOSL,FOSL-FOSSIL GROUP INC-2024.pdf,26,1.583753257839838,3,0.5818919067737401,0.5818919067737401,0.5818919067737401,1.001861351066098,4,1,
FOSL,FOSL-FOSSIL GROUP INC-2024.pdf,40,1.144139839095449,5,1.144139839095449,1.144139839095449,1.144139839095449,1.001861351066098,5,0,
GAP,GAP-GAP-2021.pdf,3,0.0,0,0.0,0.0,0.0,0.0,0,0,
GAP,GAP-GAP-2021.pdf,4,0.0,0,0.0,0.0,0.0,0.0,0,0,
GAP,GAP-GAP-2021.pdf,6,0.0,0,0.0,0.0,0.0,0.0,0,0,
GAP,GAP-GAP-2021.pdf,10,0.002195646686845,2,0.002195646686845,0.002195646686845,0.002195646686845,0.0017999878017604,2,0,
GAP,GAP-GAP-2021.pdf,12,0.0,0,0.0,0.0,0.0,0.0,0,0,
GAP,GAP-GAP-2021.pdf,13,0.0,0,0.0,0.0,0.0,0.0,0,0,
GAP,GAP-GAP-2021.pdf,15,0.0939668580614148,1,0.0939668580614148,0.0939668580614148,0.0939668580614148,0.0939668580614148,2,0,
GAP,GAP-GAP-2021.pdf,21,0.002164712359836,2,0.002164712359836,0.002164712359836,0.002164712359836,0.0017751972465004,2,0,
GAP,GAP-GAP-2021.pdf,26,0.0467678994318181,1,0.0467678994318181,0.0467678994318181,0.0467678994318181,0.0467678994318181,2,0,
GAP,GAP-GAP-2021.pdf,27,0.7963965310736039,1,0.7963965310736039,0.7963965310736039,0.7963965310736039,0.7963965310736039,3,0,
GAP,GAP-GAP-2021.pdf,30,0.1444012937184343,1,0.1444012937184343,0.1444012937184343,0.1444012937184343,0.1444012937184343,2,0,
GAP,GAP-GAP-2021.pdf,32,0.0,0,0.0,0.0,0.0,0.0,0,0,
GAP,GAP-GAP-2021.pdf,34,0.0657795645931331,1,0.0657795645931331,0.0657795645931331,0.0657795645931331,0.0657795645931331,2,0,
GAP,GAP-GAP-2021.pdf,35,0.0022048452560617,2,0.0022048452560617,0.0022048452560617,0.0022048452560617,0.0018091882493035,2,0,
GAP,GAP-GAP-2021.pdf,40,0.1871362310802675,3,0.1871362310802675,0.1871362310802675,0.1871362310802675,0.184957627562318,2,0,
GAP,GAP-GAP-2021.pdf,42,0.0,0,0.0,0.0,0.0,0.0,0,0,
GAP,GAP-GAP-2021.pdf,43,0.0,0,0.0,0.0,0.0,0.0,0,0,
GAP,GAP-GAP-2021.pdf,44,0.5236755498407275,2,0.5236755498407275,0.5236755498407275,0.5236755498407275,0.4031196566358024,4,0,
GAP,GAP-GAP-2021.pdf,48,0.0,0,0.0,0.0,0.0,0.0,0,0,
GAP,GAP-GAP-2021.pdf,50,0.0,0,0.0,0.0,0.0,0.0,0,0,
GAP,GAP-GAP-2021.pdf,52,0.0946922313733005,1,0.0946922313733005,0.0946922313733005,0.0946922313733005,0.0946922313733005,6,0,
GAP,GAP-GAP-2021.pdf,54,0.0,0,0.0,0.0,0.0,0.0,0,0,
GAP,GAP-GAP-2021.pdf,55,0.0,0,0.0,0.0,0.0,0.0,0,0,
GAP,GAP-GAP-2021.pdf,62,0.0,0,0.0,0.0,0.0,0.0,0,0,
GAP,GAP-GAP-2021.pdf,64,0.0,0,0.0,0.0,0.0,0.0,0,0,
GAP,GAP-GAP-2021.pdf,65,0.0,0,0.0,0.0,0.0,0.0,0,0,
GAP,GAP-GAP-2021.pdf,72,0.0,0,0.0,0.0,0.0,0.0,0,0,
GAP,GAP-GAP-2021.pdf,73,0.0,0,0.0,0.0,0.0,0.0,0,0,
GES,GES-GUESS-2021-2020.pdf,3,0.0,0,0.0,0.0,0.0,0.0,0,0,
GES,GES-GUESS-2021-2020.pdf,4,0.0,0,0.0,0.0,0.0,0.0,0,0,
GES,GES-GUESS-2021-2020.pdf,13,0.2412742056492209,1,0.2412742056492209,0.2412742056492209,0.2412742056492209,0.2412742056492209,4,0,
GES,GES-GUESS-2021-2020.pdf,14,0.0,0,0.0,0.0,0.0,0.0,0,0,
GES,GES-GUESS-2021-2020.pdf,18,0.1261969814691028,1,0.1261969814691028,0.1261969814691028,0.1261969814691028,0.1261969814691028,44,0,
GES,GES-GUESS-2021-2020.pdf,19,0.1535976580510991,1,0.1535976580510991,0.1535976580510991,0.1535976580510991,0.1535976580510991,48,0,
GES,GES-GUESS-2021-2020.pdf,20,0.0,0,0.0,0.0,0.0,0.0,0,0,
GES,GES-GUESS-2021-2020.pdf,22,0.0,0,0.0,0.0,0.0,0.0,0,0,
GES,GES-GUESS-2021-2020.pdf,27,0.0,0,0.0,0.0,0.0,0.0,0,0,
GES,GES-GUESS-2021-2020.pdf,28,0.0,0,0.0,0.0,0.0,0.0,0,0,
GES,GES-GUESS-2021-2020.pdf,29,0.0,0,0.0,0.0,0.0,0.0,0,0,
GES,GES-GUESS-2021-2020.pdf,30,0.0,0,0.0,0.0,0.0,0.0,0,0,
GES,GES-GUESS-2021-2020.pdf,33,0.0,0,0.0,0.0,0.0,0.0,0,0,
GES,GES-GUESS-2021-2020.pdf,35,0.0,0,0.0,0.0,0.0,0.0,0,0,
GES,GES-GUESS-2021-2020.pdf,37,0.0,0,0.0,0.0,0.0,0.0,0,0,
GES,GES-GUESS-2021-2020.pdf,38,0.0,0,0.0,0.0,0.0,0.0,0,0,
GES,GES-GUESS-2021-2020.pdf,39,0.0077591420714497,1,0.0077591420714497,0.0077591420714497,0.0077591420714497,0.0077591420714497,2,0,
GES,GES-GUESS-2021-2020.pdf,43,0.0,0,0.0,0.0,0.0,0.0,0,0,
GES,GES-GUESS-2021-2020.pdf,46,0.0,0,0.0,0.0,0.0,0.0,0,0,
GES,GES-GUESS-2021-2020.pdf,49,0.0,0,0.0,0.0,0.0,0.0,0,0,
GES,GES-GUESS-2021-2020.pdf,50,0.0,0,0.0,0.0,0.0,0.0,0,0,
GES,GES-GUESS-2021-2020.pdf,51,0.0,0,0.0,0.0,0.0,0.0,0,0,
GES,GES-GUESS-2021-2020.pdf,53,0.0,0,0.0,0.0,0.0,0.0,0,0,
GES,GES-GUESS-2021-2020.pdf,54,0.0,0,0.0,0.0,0.0,0.0,0,0,
GES,GES-GUESS-2021-2020.pdf,55,0.0,0,0.0,0.0,0.0,0.0,0,0,
GO,GO-GROCERY OUTLET HLDNG CORP-2024.pdf,4,1.0005088734567902,1,0.0,0.0,0.0,1.0005088734567902,3,1,
GO,GO-GROCERY OUTLET HLDNG CORP-2024.pdf,10,1.0027777777777778,1,0.0,0.0,0.0,1.0027777777777778,3,1,
GO,GO-GROCERY OUTLET HLDNG CORP-2024.pdf,13,1.0027777777777778,1,0.0,0.0,0.0,1.0027777777777778,3,1,
GO,GO-GROCERY OUTLET HLDNG CORP-2024.pdf,16,1.0027777777777778,1,0.0,0.0,0.0,1.0027777777777778,3,1,
GO,GO-GROCERY OUTLET HLDNG CORP-2024.pdf,17,1.0013888888888889,1,1.0013888888888889,1.0013888888888889,1.0013888888888889,1.0013888888888889,5,0,
GO,GO-GROCERY OUTLET HLDNG CORP-2024.pdf,23,1.0027777777777778,1,0.0,0.0,0.0,1.0027777777777778,3,1,
GO,GO-GROCERY OUTLET HLDNG CORP-2024.pdf,26,1.0027777777777778,1,0.0,0.0,0.0,1.0027777777777778,4,1,
GO,GO-GROCERY OUTLET HLDNG CORP-2024.pdf,27,1.0027777777777778,1,0.0,0.0,0.0,1.0027777777777778,3,1,
GO,GO-GROCERY OUTLET HLDNG CORP-2024.pdf,30,1.0027777777777778,1,0.0,0.0,0.0,1.0027777777777778,3,1,
GO,GO-GROCERY OUTLET HLDNG CORP-2024.pdf,33,1.186360685227017,2,1.186360685227017,1.186360685227017,1.186360685227017,1.0013888888888889,5,0,
GO,GO-GROCERY OUTLET HLDNG CORP-2024.pdf,35,1.000925925925926,1,0.0,0.0,0.0,1.000925925925926,3,1,
GO,GO-GROCERY OUTLET HLDNG CORP-2024.pdf,38,1.458860368979545,2,1.458860368979545,1.458860368979545,1.458860368979545,1.0013888888888889,5,0,
GO,GO-GROCERY OUTLET HLDNG CORP-2024.pdf,39,1.608196706624014,2,0.6068078177351252,0.6068078177351252,0.6068078177351252,1.0013888888888889,4,1,
GO,GO-GROCERY OUTLET HLDNG CORP-2024.pdf,40,1.5434765535354509,2,0.5420876646465621,0.5420876646465621,0.5420876646465621,1.0013888888888889,4,1,
GO,GO-GROCERY OUTLET HLDNG CORP-2024.pdf,42,1.2932139490345562,2,1.2932139490345562,1.2932139490345562,1.2932139490345562,1.0013888888888889,5,0,
GO,GO-GROCERY OUTLET HLDNG CORP-2024.pdf,43,1.168331032378528,5,0.1655532546007503,0.1655532546007503,0.1655532546007503,1.0027777777777778,3,1,
GO,GO-GROCERY OUTLET HLDNG CORP-2024.pdf,44,1.4549137710319755,2,0.4521359932541979,0.4521359932541979,0.4521359932541979,1.0027777777777778,3,1,
GPRO,GPRO-GOPRO INC-2024.pdf,3,0.0,0,0.0,0.0,0.0,0.0,0,0,
GPRO,GPRO-GOPRO INC-2024.pdf,12,0.0,0,0.0,0.0,0.0,0.0,0,0,
GPRO,GPRO-GOPRO INC-2024.pdf,17,0.0,0,0.0,0.0,0.0,0.0,0,0,
GPRO,GPRO-GOPRO INC-2024.pdf,20,0.0,0,0.0,0.0,0.0,0.0,0,0,
GPRO,GPRO-GOPRO INC-2024.pdf,26,0.0,0,0.0,0.0,0.0,0.0,0,0,
GPRO,GPRO-GOPRO INC-2024.pdf,36,0.0,0,0.0,0.0,0.0,0.0,0,0,
GROV,GROV-GROVE COLLABORATIVE HLDG INC-2021.pdf,3,0.0,0,0.0,0.0,0.0,0.0,0,0,
GROV,GROV-GROVE COLLABORATIVE HLDG INC-2021.pdf,4,0.7471974440586421,1,0.7471974440586421,0.7471974440586421,0.7471974440586421,0.7471974440586421,18,0,
GROV,GROV-GROVE COLLABORATIVE HLDG INC-2021.pdf,6,0.0,0,0.0,0.0,0.0,0.0,0,0,
GROV,GROV-GROVE COLLABORATIVE HLDG INC-2021.pdf,7,0.3592916666666666,1,0.3592916666666666,0.3592916666666666,0.3592916666666666,0.3592916666666666,2,0,
GROV,GROV-GROVE COLLABORATIVE HLDG INC-2021.pdf,10,1.0,1,0.0,0.0,0.0,1.0,2,1,
GROV,GROV-GROVE COLLABORATIVE HLDG INC-2021.pdf,17,0.0,0,0.0,0.0,0.0,0.0,0,0,
GROV,GROV-GROVE COLLABORATIVE HLDG INC-2021.pdf,18,0.0,0,0.0,0.0,0.0,0.0,0,0,
GROV,GROV-GROVE COLLABORATIVE HLDG INC-2021.pdf,22,1.0,1,0.0,0.0,0.0,1.0,3,1,
GROV,GROV-GROVE COLLABORATIVE HLDG INC-2021.pdf,28,0.0515625,1,0.0515625,0.0515625,0.0515625,0.0515625,2,0,
GROV,GROV-GROVE COLLABORATIVE HLDG INC-2021.pdf,32,1.0,1,0.0,0.0,0.0,1.0,3,1,
GROV,GROV-GROVE COLLABORATIVE HLDG INC-2021.pdf,35,1.0,1,0.0,0.0,0.0,1.0,3,1,
GROV,GROV-GROVE COLLABORATIVE HLDG INC-2021.pdf,37,1.0,1,0.0,0.0,0.0,1.0,2,1,
GROV,GROV-GROVE COLLABORATIVE HLDG INC-2021.pdf,41,1.0,1,0.0,0.0,0.0,1.0,3,1,
GROV,GROV-GROVE COLLABORATIVE HLDG INC-2021.pdf,42,1.0,1,0.0,0.0,0.0,1.0,2,1,
GROV,GROV-GROVE COLLABORATIVE HLDG INC-2021.pdf,43,1.0,1,0.0,0.0,0.0,1.0,3,1,
GROV,GROV-GROVE COLLABORATIVE HLDG INC-2021.pdf,44,0.3592916666666666,1,0.3592916666666666,0.3592916666666666,0.3592916666666666,0.3592916666666666,2,0,
GROV,GROV-GROVE COLLABORATIVE HLDG INC-2021.pdf,46,0.3592916666666666,1,0.3592916666666666,0.3592916666666666,0.3592916666666666,0.3592916666666666,2,0,
GROV,GROV-GROVE COLLABORATIVE HLDG INC-2021.pdf,56,0.0,0,0.0,0.0,0.0,0.0,0,0,
GROV,GROV-GROVE COLLABORATIVE HLDG INC-2021.pdf,59,0.0,0,0.0,0.0,0.0,0.0,0,0,
GROV,GROV-GROVE COLLABORATIVE HLDG INC-2021.pdf,60,0.0,0,0.0,0.0,0.0,0.0,0,0,
GROV,GROV-GROVE COLLABORATIVE HLDG INC-2021.pdf,71,0.0,0,0.0,0.0,0.0,0.0,0,0,
GROV,GROV-GROVE COLLABORATIVE HLDG INC-2023.pdf,5,0.0,0,0.0,0.0,0.0,0.0,0,0,
GROV,GROV-GROVE COLLABORATIVE HLDG INC-2023.pdf,6,0.4433881018518518,1,0.4433881018518518,0.4433881018518518,0.4433881018518518,0.4433881018518518,3,0,
GROV,GROV-GROVE COLLABORATIVE HLDG INC-2023.pdf,15,0.0,0,0.0,0.0,0.0,0.0,0,0,
GROV,GROV-GROVE COLLABORATIVE HLDG INC-2023.pdf,17,0.3209068209876543,1,0.3209068209876543,0.3209068209876543,0.3209068209876543,0.3209068209876543,3,0,
GROV,GROV-GROVE COLLABORATIVE HLDG INC-2023.pdf,18,0.0,0,0.0,0.0,0.0,0.0,0,0,
GROV,GROV-GROVE COLLABORATIVE HLDG INC-2023.pdf,20,0.0,0,0.0,0.0,0.0,0.0,0,0,
GROV,GROV-GROVE COLLABORATIVE HLDG INC-2023.pdf,22,0.3171529296874999,1,0.3171529296874999,0.3171529296874999,0.3171529296874999,0.3171529296874999,11,0,
GROV,GROV-GROVE COLLABORATIVE HLDG INC-2023.pdf,23,0.5260416666666666,1,0.5260416666666666,0.5260416666666666,0.5260416666666666,0.5260416666666666,7,0,
GROV,GROV-GROVE COLLABORATIVE HLDG INC-2023.pdf,26,0.0,0,0.0,0.0,0.0,0.0,0,0,
GROV,GROV-GROVE COLLABORATIVE HLDG INC-2023.pdf,27,0.0,0,0.0,0.0,0.0,0.0,0,0,
GROV,GROV-GROVE COLLABORATIVE HLDG INC-2023.pdf,29,0.0,0,0.0,0.0,0.0,0.0,0,0,
GROV,GROV-GROVE COLLABORATIVE HLDG INC-2023.pdf,31,0.0,0,0.0,0.0,0.0,0.0,0,0,
GROV,GROV-GROVE COLLABORATIVE HLDG INC-2023.pdf,32,0.1707947530864197,1,0.1707947530864197,0.1707947530864197,0.1707947530864197,0.1707947530864197,36,0,
GROV,GROV-GROVE COLLABORATIVE HLDG INC-2023.pdf,37,0.4939270312499999,2,0.4939270312499999,0.4939270312499999,0.4939270312499999,0.2716411516203703,14,0,
GROV,GROV-GROVE COLLABORATIVE HLDG INC-2023.pdf,39,0.0,0,0.0,0.0,0.0,0.0,0,0,
GROV,GROV-GROVE COLLABORATIVE HLDG INC-2023.pdf,44,0.2118097781163195,1,0.2118097781163195,0.2118097781163195,0.2118097781163195,0.2118097781163195,5,0,
GROV,GROV-GROVE COLLABORATIVE HLDG INC-2023.pdf,45,0.0,0,0.0,0.0,0.0,0.0,0,0,
GROV,GROV-GROVE COLLABORATIVE HLDG INC-2023.pdf,47,0.0582995756172839,1,0.0582995756172839,0.0582995756172839,0.0582995756172839,0.0582995756172839,6,0,
GROV,GROV-GROVE COLLABORATIVE HLDG INC-2023.pdf,49,0.0648967978395061,3,0.0648967978395061,0.0648967978395061,0.0648967978395061,0.0331717785493827,4,0,
GROV,GROV-GROVE COLLABORATIVE HLDG INC-2023.pdf,52,0.0540091503858346,1,0.0540091503858346,0.0540091503858346,0.0540091503858346,0.0540091503858346,2,0,
GROV,GROV-GROVE COLLABORATIVE HLDG INC-2023.pdf,55,0.0331886574074074,1,0.0331886574074074,0.0331886574074074,0.0331886574074074,0.0331886574074074,8,0,
GROV,GROV-GROVE COLLABORATIVE HLDG INC-2023.pdf,56,0.0332947530864197,1,0.0332947530864197,0.0332947530864197,0.0332947530864197,0.0332947530864197,8,0,
GROV,GROV-GROVE COLLABORATIVE HLDG INC-2023.pdf,60,0.0497120146604938,1,0.0497120146604938,0.0497120146604938,0.0497120146604938,0.0497120146604938,2,0,
GROV,GROV-GROVE COLLABORATIVE HLDG INC-2023.pdf,61,0.049712003600823,1,0.049712003600823,0.049712003600823,0.049712003600823,0.049712003600823,2,0,
GROV,GROV-GROVE COLLABORATIVE HLDG INC-2023.pdf,62,0.0497120146604938,1,0.0497120146604938,0.0497120146604938,0.0497120146604938,0.0497120146604938,2,0,
GROV,GROV-GROVE COLLABORATIVE HLDG INC-2023.pdf,63,0.066358024691358,2,0.066358024691358,0.066358024691358,0.066358024691358,0.033179012345679,2,0,
GROV,GROV-GROVE COLLABORATIVE HLDG INC-2023.pdf,67,0.033179012345679,1,0.033179012345679,0.033179012345679,0.033179012345679,0.033179012345679,2,0,
GROV,GROV-GROVE COLLABORATIVE HLDG INC-2023.pdf,69,0.0333333333333333,1,0.0333333333333333,0.0333333333333333,0.0333333333333333,0.0333333333333333,5,0,
GROV,GROV-GROVE COLLABORATIVE HLDG INC-2023.pdf,70,0.0333333333333333,1,0.0333333333333333,0.0333333333333333,0.0333333333333333,0.0333333333333333,5,0,
JWN,JWN-NORSTROM-2022.pdf,12,0.0,0,0.0,0.0,0.0,0.0,0,0,
JWN,JWN-NORSTROM-2022.pdf,13,0.0,0,0.0,0.0,0.0,0.0,0,0,
JWN,JWN-NORSTROM-2022.pdf,14,0.0,0,0.0,0.0,0.0,0.0,0,0,
JWN,JWN-NORSTROM-2022.pdf,15,0.0,0,0.0,0.0,0.0,0.0,0,0,
JWN,JWN-NORSTROM-2022.pdf,17,0.0,0,0.0,0.0,0.0,0.0,0,0,
JWN,JWN-NORSTROM-2022.pdf,18,0.0,0,0.0,0.0,0.0,0.0,0,0,
JWN,JWN-NORSTROM-2022.pdf,19,0.0,0,0.0,0.0,0.0,0.0,0,0,
JWN,JWN-NORSTROM-2022.pdf,20,0.0,0,0.0,0.0,0.0,0.0,0,0,
JWN,JWN-NORSTROM-2022.pdf,22,0.0,0,0.0,0.0,0.0,0.0,0,0,
JWN,JWN-NORSTROM-2022.pdf,24,0.0,0,0.0,0.0,0.0,0.0,0,0,
JWN,JWN-NORSTROM-2022.pdf,25,0.0,0,0.0,0.0,0.0,0.0,0,0,
JWN,JWN-NORSTROM-2022.pdf,28,0.0,0,0.0,0.0,0.0,0.0,0,0,
JWN,JWN-NORSTROM-2022.pdf,29,0.0,0,0.0,0.0,0.0,0.0,0,0,
JWN,JWN-NORSTROM-2022.pdf,30,0.0,0,0.0,0.0,0.0,0.0,0,0,
JWN,JWN-NORSTROM-2022.pdf,31,0.0,0,0.0,0.0,0.0,0.0,0,0,
JWN,JWN-NORSTROM-2022.pdf,33,0.0,0,0.0,0.0,0.0,0.0,0,0,
JWN,JWN-NORSTROM-2022.pdf,35,0.0,0,0.0,0.0,0.0,0.0,0,0,
JWN,JWN-NORSTROM-2022.pdf,36,0.0,0,0.0,0.0,0.0,0.0,0,0,
JWN,JWN-NORSTROM-2022.pdf,39,0.0,0,0.0,0.0,0.0,0.0,0,0,
JWN,JWN-NORSTROM-2022.pdf,42,0.0,0,0.0,0.0,0.0,0.0,0,0,
JWN,JWN-NORSTROM-2022.pdf,43,0.0,0,0.0,0.0,0.0,0.0,0,0,
JWN,JWN-NORSTROM-2022.pdf,61,0.0,0,0.0,0.0,0.0,0.0,0,0,
KMX,KMX-CARMAX INC-2022.pdf,4,0.0,0,0.0,0.0,0.0,0.0,0,0,
KMX,KMX-CARMAX INC-2022.pdf,5,0.0,0,0.0,0.0,0.0,0.0,0,0,
KMX,KMX-CARMAX INC-2022.pdf,6,0.0,0,0.0,0.0,0.0,0.0,0,0,
KMX,KMX-CARMAX INC-2022.pdf,8,0.0,0,0.0,0.0,0.0,0.0,0,0,
KMX,KMX-CARMAX INC-2022.pdf,9,0.3563471879861365,1,0.3563471879861365,0.3563471879861365,0.3563471879861365,0.3563471879861365,6,0,
KMX,KMX-CARMAX INC-2022.pdf,11,0.0,0,0.0,0.0,0.0,0.0,0,0,
KMX,KMX-CARMAX INC-2022.pdf,12,0.0925185303806735,4,0.0925185303806735,0.0925185303806735,0.0925185303806735,0.0285802525622254,6,0,
KMX,KMX-CARMAX INC-2022.pdf,13,0.2143561836566618,1,0.2143561836566618,0.2143561836566618,0.2143561836566618,0.2143561836566618,3,0,
KMX,KMX-CARMAX INC-2022.pdf,14,0.0,0,0.0,0.0,0.0,0.0,0,0,
KMX,KMX-CARMAX INC-2022.pdf,15,0.0,0,0.0,0.0,0.0,0.0,0,0,
KMX,KMX-CARMAX INC-2022.pdf,18,0.0,0,0.0,0.0,0.0,0.0,0,0,
KMX,KMX-CARMAX INC-2022.pdf,19,0.514464605793953,1,0.514464605793953,0.514464605793953,0.514464605793953,0.514464605793953,5,0,
KMX,KMX-CARMAX INC-2022.pdf,23,0.0,0,0.0,0.0,0.0,0.0,0,0,
KMX,KMX-CARMAX INC-2022.pdf,24,0.0,0,0.0,0.0,0.0,0.0,0,0,
KMX,KMX-CARMAX INC-2022.pdf,28,0.0,0,0.0,0.0,0.0,0.0,0,0,
KMX,KMX-CARMAX INC-2022.pdf,29,0.0,0,0.0,0.0,0.0,0.0,0,0,
KMX,KMX-CARMAX INC-2022.pdf,30,0.0,0,0.0,0.0,0.0,0.0,0,0,
KMX,KMX-CARMAX INC-2022.pdf,31,0.0,0,0.0,0.0,0.0,0.0,0,0,
KMX,KMX-CARMAX INC-2022.pdf,32,0.0,0,0.0,0.0,0.0,0.0,0,0,
KMX,KMX-CARMAX INC-2022.pdf,37,0.4695824515166778,1,0.4695824515166778,0.4695824515166778,0.4695824515166778,0.4695824515166778,39,0,
KMX,KMX-CARMAX INC-2022.pdf,38,0.2972073528212123,1,0.2972073528212123,0.2972073528212123,0.2972073528212123,0.2972073528212123,27,0,
KMX,KMX-CARMAX INC-2024.pdf,5,0.0,0,0.0,0.0,0.0,0.0,0,0,
KMX,KMX-CARMAX INC-2024.pdf,6,0.0,0,0.0,0.0,0.0,0.0,0,0,
KMX,KMX-CARMAX INC-2024.pdf,9,0.0759202114305555,1,0.0759202114305555,0.0759202114305555,0.0759202114305555,0.0759202114305555,6,0,
KMX,KMX-CARMAX INC-2024.pdf,15,0.0,0,0.0,0.0,0.0,0.0,0,0,
KMX,KMX-CARMAX INC-2024.pdf,16,0.0,0,0.0,0.0,0.0,0.0,0,0,
KMX,KMX-CARMAX INC-2024.pdf,17,0.0,0,0.0,0.0,0.0,0.0,0,0,
KMX,KMX-CARMAX INC-2024.pdf,18,0.0,0,0.0,0.0,0.0,0.0,0,0,
KMX,KMX-CARMAX INC-2024.pdf,20,0.0,0,0.0,0.0,0.0,0.0,0,0,
KMX,KMX-CARMAX INC-2024.pdf,21,0.1242300339545355,1,0.1242300339545355,0.1242300339545355,0.1242300339545355,0.1242300339545355,26,0,
KMX,KMX-CARMAX INC-2024.pdf,23,0.0,0,0.0,0.0,0.0,0.0,0,0,
KMX,KMX-CARMAX INC-2024.pdf,31,0.0,0,0.0,0.0,0.0,0.0,0,0,
KMX,KMX-CARMAX INC-2024.pdf,32,0.0,0,0.0,0.0,0.0,0.0,0,0,
KMX,KMX-CARMAX INC-2024.pdf,33,0.0,0,0.0,0.0,0.0,0.0,0,0,
KMX,KMX-CARMAX INC-2024.pdf,37,0.4644548774857252,1,0.4644548774857252,0.4644548774857252,0.4644548774857252,0.4644548774857252,24,0,
KMX,KMX-CARMAX INC-2024.pdf,38,0.5200231682751093,1,0.5200231682751093,0.5200231682751093,0.5200231682751093,0.5200231682751093,54,0,
KMX,KMX-CARMAX INC-2024.pdf,40,0.4384542110339505,1,0.4384542110339505,0.4384542110339505,0.4384542110339505,0.4384542110339505,16,0,
KSS,KSS-KOHL'S-2024.pdf,5,0.0,0,0.0,0.0,0.0,0.0,0,0,
KSS,KSS-KOHL'S-2024.pdf,7,0.0935673687198785,2,0.0935673687198785,0.0935673687198785,0.0935673687198785,0.0676644436604608,4,0,
KSS,KSS-KOHL'S-2024.pdf,13,0.0,0,0.0,0.0,0.0,0.0,0,0,
KSS,KSS-KOHL'S-2024.pdf,15,0.0,0,0.0,0.0,0.0,0.0,0,0,
KSS,KSS-KOHL'S-2024.pdf,19,0.0,0,0.0,0.0,0.0,0.0,0,0,
KSS,KSS-KOHL'S-2024.pdf,21,0.0,0,0.0,0.0,0.0,0.0,0,0,
KSS,KSS-KOHL'S-2024.pdf,25,0.0199142156862745,1,0.0199142156862745,0.0199142156862745,0.0199142156862745,0.0199142156862745,3,0,
KSS,KSS-KOHL'S-2024.pdf,26,0.0,0,0.0,0.0,0.0,0.0,0,0,
KSS,KSS-KOHL'S-2024.pdf,28,0.0,0,0.0,0.0,0.0,0.0,0,0,
KSS,KSS-KOHL'S-2024.pdf,29,0.0,0,0.0,0.0,0.0,0.0,0,0,
KSS,KSS-KOHL'S-2024.pdf,31,0.0,0,0.0,0.0,0.0,0.0,0,0,
KSS,KSS-KOHL'S-2024.pdf,32,0.0,0,0.0,0.0,0.0,0.0,0,0,
KSS,KSS-KOHL'S-2024.pdf,34,0.0,0,0.0,0.0,0.0,0.0,0,0,
KSS,KSS-KOHL'S-2024.pdf,35,0.0,0,0.0,0.0,0.0,0.0,0,0,
KSS,KSS-KOHL'S-2024.pdf,36,0.0,0,0.0,0.0,0.0,0.0,0,0,
KSS,KSS-KOHL'S-2024.pdf,38,0.0,0,0.0,0.0,0.0,0.0,0,0,
KSS,KSS-KOHL'S-2024.pdf,39,0.0,0,0.0,0.0,0.0,0.0,0,0,
KSS,KSS-KOHL'S-2024.pdf,40,0.0,0,0.0,0.0,0.0,0.0,0,0,
KSS,KSS-KOHL'S-2024.pdf,41,0.0,0,0.0,0.0,0.0,0.0,0,0,
KSS,KSS-KOHL'S-2024.pdf,42,0.0,0,0.0,0.0,0.0,0.0,0,0,
KTB,KTB-KONTOOR BRANDS INC-2021.pdf,2,0.0604761488788394,1,0.0604761488788394,0.0604761488788394,0.0604761488788394,0.0604761488788394,9,0,
KTB,KTB-KONTOOR BRANDS INC-2021.pdf,3,0.0604761488788394,1,0.0604761488788394,0.0604761488788394,0.0604761488788394,0.0604761488788394,9,0,
KTB,KTB-KONTOOR BRANDS INC-2021.pdf,5,0.0604761488788394,1,0.0604761488788394,0.0604761488788394,0.0604761488788394,0.0604761488788394,9,0,
KTB,KTB-KONTOOR BRANDS INC-2021.pdf,8,0.0604761488788394,1,0.0604761488788394,0.0604761488788394,0.0604761488788394,0.0604761488788394,9,0,
KTB,KTB-KONTOOR BRANDS INC-2021.pdf,9,0.0604761488788394,1,0.0604761488788394,0.0604761488788394,0.0604761488788394,0.0604761488788394,9,0,
KTB,KTB-KONTOOR BRANDS INC-2021.pdf,11,0.0604761488788394,1,0.0604761488788394,0.0604761488788394,0.0604761488788394,0.0604761488788394,9,0,
KTB,KTB-KONTOOR BRANDS INC-2021.pdf,12,0.0625329105894336,2,0.0625329105894336,0.0625329105894336,0.0625329105894336,0.0604761488788394,9,0,
KTB,KTB-KONTOOR BRANDS INC-2021.pdf,13,0.0604761488788394,1,0.0604761488788394,0.0604761488788394,0.0604761488788394,0.0604761488788394,9,0,
KTB,KTB-KONTOOR BRANDS INC-2021.pdf,14,0.0604761488788394,1,0.0604761488788394,0.0604761488788394,0.0604761488788394,0.0604761488788394,9,0,
KTB,KTB-KONTOOR BRANDS INC-2021.pdf,15,0.0604761488788394,1,0.0604761488788394,0.0604761488788394,0.0604761488788394,0.0604761488788394,9,0,
KTB,KTB-KONTOOR BRANDS INC-2021.pdf,17,0.203811049510472,3,0.203811049510472,0.203811049510472,0.203811049510472,0.0716674503158163,8,0,
KTB,KTB-KONTOOR BRANDS INC-2021.pdf,18,0.1320734210519892,2,0.1320734210519892,0.1320734210519892,0.1320734210519892,0.0715972721731498,5,0,
KTB,KTB-KONTOOR BRANDS INC-2021.pdf,19,0.0604761488788394,1,0.0604761488788394,0.0604761488788394,0.0604761488788394,0.0604761488788394,9,0,
KTB,KTB-KONTOOR BRANDS INC-2021.pdf,20,0.0604761488788394,1,0.0604761488788394,0.0604761488788394,0.0604761488788394,0.0604761488788394,9,0,
KTB,KTB-KONTOOR BRANDS INC-2021.pdf,22,0.0604761488788394,1,0.0604761488788394,0.0604761488788394,0.0604761488788394,0.0604761488788394,9,0,
KTB,KTB-KONTOOR BRANDS INC-2021.pdf,23,0.0604761488788394,1,0.0604761488788394,0.0604761488788394,0.0604761488788394,0.0604761488788394,9,0,
KTB,KTB-KONTOOR BRANDS INC-2021.pdf,24,0.2249702977622917,2,0.2249702977622917,0.2249702977622917,0.2249702977622917,0.1644941488834523,2,0,
KTB,KTB-KONTOOR BRANDS INC-2021.pdf,25,0.0604761488788394,1,0.0604761488788394,0.0604761488788394,0.0604761488788394,0.0604761488788394,9,0,
KTB,KTB-KONTOOR BRANDS INC-2021.pdf,28,0.0604761488788394,1,0.0604761488788394,0.0604761488788394,0.0604761488788394,0.0604761488788394,10,0,
KTB,KTB-KONTOOR BRANDS INC-2021.pdf,29,0.0604761488788394,1,0.0604761488788394,0.0604761488788394,0.0604761488788394,0.0604761488788394,10,0,
KTB,KTB-KONTOOR BRANDS INC-2021.pdf,30,0.0604761488788394,1,0.0604761488788394,0.0604761488788394,0.0604761488788394,0.0604761488788394,10,0,
KTB,KTB-KONTOOR BRANDS INC-2021.pdf,31,0.0604761488788394,1,0.0604761488788394,0.0604761488788394,0.0604761488788394,0.0604761488788394,10,0,
KTB,KTB-KONTOOR BRANDS INC-2021.pdf,32,0.0604761488788394,1,0.0604761488788394,0.0604761488788394,0.0604761488788394,0.0604761488788394,10,0,
KTB,KTB-KONTOOR BRANDS INC-2021.pdf,35,0.080092752643033,2,0.080092752643033,0.080092752643033,0.080092752643033,0.0604761488788394,10,0,
KTB,KTB-KONTOOR BRANDS INC-2021.pdf,36,0.0604761488788394,1,0.0604761488788394,0.0604761488788394,0.0604761488788394,0.0604761488788394,10,0,
KTB,KTB-KONTOOR BRANDS INC-2021.pdf,37,0.0604761488788394,1,0.0604761488788394,0.0604761488788394,0.0604761488788394,0.0604761488788394,10,0,
KTB,KTB-KONTOOR BRANDS INC-2021.pdf,38,0.0604761488788394,1,0.0604761488788394,0.0604761488788394,0.0604761488788394,0.0604761488788394,10,0,
KTB,KTB-KONTOOR BRANDS INC-2021.pdf,40,0.0604761488788394,1,0.0604761488788394,0.0604761488788394,0.0604761488788394,0.0604761488788394,10,0,
KTB,KTB-KONTOOR BRANDS INC-2021.pdf,44,0.0604761488788394,1,0.0604761488788394,0.0604761488788394,0.0604761488788394,0.0604761488788394,10,0,
KTB,KTB-KONTOOR BRANDS INC-2021.pdf,45,0.9999998133452196,1,0.9999998133452196,0.9999998133452196,0.9999998133452196,0.9999998133452196,11,0,
KTB,KTB-KONTOOR BRANDS INC-2021.pdf,46,0.0604761488788394,1,0.0604761488788394,0.0604761488788394,0.0604761488788394,0.0604761488788394,10,0,
KTB,KTB-KONTOOR BRANDS INC-2021.pdf,48,0.9999998133452196,1,0.9999998133452196,0.9999998133452196,0.9999998133452196,0.9999998133452196,11,0,
KTB,KTB-KONTOOR BRANDS INC-2021.pdf,49,0.9999998133452196,1,0.9999998133452196,0.9999998133452196,0.9999998133452196,0.9999998133452196,11,0,
KTB,KTB-KONTOOR BRANDS INC-2021.pdf,50,0.0604761488788394,1,0.0604761488788394,0.0604761488788394,0.0604761488788394,0.0604761488788394,10,0,
KTB,KTB-KONTOOR BRANDS INC-2021.pdf,51,0.9999991833851885,1,0.9999991833851885,0.9999991833851885,0.9999991833851885,0.9999991833851885,11,0,
KTB,KTB-KONTOOR BRANDS INC-2021.pdf,52,0.0604761488788394,1,0.0604761488788394,0.0604761488788394,0.0604761488788394,0.0604761488788394,10,0,
KTB,KTB-KONTOOR BRANDS INC-2021.pdf,55,0.9999998133452196,1,0.9999998133452196,0.9999998133452196,0.9999998133452196,0.9999998133452196,11,0,
KTB,KTB-KONTOOR BRANDS INC-2021.pdf,56,0.0604761488788394,1,0.0604761488788394,0.0604761488788394,0.0604761488788394,0.0604761488788394,10,0,
KTB,KTB-KONTOOR BRANDS INC-2021.pdf,57,0.9999998133452196,1,0.9999998133452196,0.9999998133452196,0.9999998133452196,0.9999998133452196,11,0,
KTB,KTB-KONTOOR BRANDS INC-2021.pdf,58,0.0604761488788394,1,0.0604761488788394,0.0604761488788394,0.0604761488788394,0.0604761488788394,10,0,
KTB,KTB-KONTOOR BRANDS INC-2021.pdf,61,0.0604761488788394,1,0.0604761488788394,0.0604761488788394,0.0604761488788394,0.0604761488788394,10,0,
KTB,KTB-KONTOOR BRANDS INC-2021.pdf,62,0.9999991833851885,1,0.9999991833851885,0.9999991833851885,0.9999991833851885,0.9999991833851885,11,0,
KTB,KTB-KONTOOR BRANDS INC-2021.pdf,63,0.0604761488788394,1,0.0604761488788394,0.0604761488788394,0.0604761488788394,0.0604761488788394,10,0,
KTB,KTB-KONTOOR BRANDS INC-2021.pdf,64,0.0604761488788394,1,0.0604761488788394,0.0604761488788394,0.0604761488788394,0.0604761488788394,10,0,
KTB,KTB-KONTOOR BRANDS INC-2021.pdf,65,0.0604761488788394,1,0.0604761488788394,0.0604761488788394,0.0604761488788394,0.0604761488788394,10,0,
KTB,KTB-KONTOOR BRANDS INC-2021.pdf,66,0.0604761488788394,1,0.0604761488788394,0.0604761488788394,0.0604761488788394,0.0604761488788394,10,0,
KTB,KTB-KONTOOR BRANDS INC-2021.pdf,67,0.0604761488788394,1,0.0604761488788394,0.0604761488788394,0.0604761488788394,0.0604761488788394,10,0,
KTB,KTB-KONTOOR BRANDS INC-2021.pdf,70,0.0604761488788394,1,0.0604761488788394,0.0604761488788394,0.0604761488788394,0.0604761488788394,10,0,
KTB,KTB-KONTOOR BRANDS INC-2021.pdf,71,0.0604761488788394,1,0.0604761488788394,0.0604761488788394,0.0604761488788394,0.0604761488788394,10,0,
KTB,KTB-KONTOOR BRANDS INC-2021.pdf,72,1.1687542891758729,2,1.1687542891758729,1.1687542891758729,1.1687542891758729,0.9999998133452196,11,0,
KTB,KTB-KONTOOR BRANDS INC-2021.pdf,74,0.1131295366537683,2,0.1131295366537683,0.1131295366537683,0.1131295366537683,0.0604761488788394,10,0,
KTB,KTB-KONTOOR BRANDS INC-2021.pdf,75,0.0604761488788394,1,0.0604761488788394,0.0604761488788394,0.0604761488788394,0.0604761488788394,10,0,
KTB,KTB-KONTOOR BRANDS INC-2021.pdf,77,0.9999998133452196,1,0.9999998133452196,0.9999998133452196,0.9999998133452196,0.9999998133452196,11,0,
KTB,KTB-KONTOOR BRANDS INC-2021.pdf,78,0.9999998133452196,1,0.9999998133452196,0.9999998133452196,0.9999998133452196,0.9999998133452196,11,0,
KTB,KTB-KONTOOR BRANDS INC-2021.pdf,80,0.0604761488788394,1,0.0604761488788394,0.0604761488788394,0.0604761488788394,0.0604761488788394,10,0,
KTB,KTB-KONTOOR BRANDS INC-2021.pdf,81,0.0604761488788394,1,0.0604761488788394,0.0604761488788394,0.0604761488788394,0.0604761488788394,10,0,
KTB,KTB-KONTOOR BRANDS INC-2021.pdf,82,0.9999998133452196,1,0.9999998133452196,0.9999998133452196,0.9999998133452196,0.9999998133452196,11,0,
KTB,KTB-KONTOOR BRANDS INC-2021.pdf,83,0.0604761488788394,1,0.0604761488788394,0.0604761488788394,0.0604761488788394,0.0604761488788394,10,0,
KTB,KTB-KONTOOR BRANDS INC-2021.pdf,86,0.9999998133452196,1,0.9999998133452196,0.9999998133452196,0.9999998133452196,0.9999998133452196,11,0,
KTB,KTB-KONTOOR BRANDS INC-2021.pdf,88,0.0604761488788394,1,0.0604761488788394,0.0604761488788394,0.0604761488788394,0.0604761488788394,10,0,
KTB,KTB-KONTOOR BRANDS INC-2021.pdf,91,0.0604761488788394,1,0.0604761488788394,0.0604761488788394,0.0604761488788394,0.0604761488788394,10,0,
KTB,KTB-KONTOOR BRANDS INC-2021.pdf,92,0.0604761488788394,1,0.0604761488788394,0.0604761488788394,0.0604761488788394,0.0604761488788394,10,0,
KTB,KTB-KONTOOR BRANDS INC-2021.pdf,93,0.0604761488788394,1,0.0604761488788394,0.0604761488788394,0.0604761488788394,0.0604761488788394,10,0,
KTB,KTB-KONTOOR BRANDS INC-2021.pdf,94,0.0604761488788394,1,0.0604761488788394,0.0604761488788394,0.0604761488788394,0.0604761488788394,10,0,
KTB,KTB-KONTOOR BRANDS INC-2021.pdf,95,0.10848180860963,2,0.10848180860963,0.10848180860963,0.10848180860963,0.0604761488788394,10,0,
KTB,KTB-KONTOOR BRANDS INC-2021.pdf,96,0.0604761488788394,1,0.0604761488788394,0.0604761488788394,0.0604761488788394,0.0604761488788394,10,0,
KTB,KTB-KONTOOR BRANDS INC-2021.pdf,98,0.0604761488788394,1,0.0604761488788394,0.0604761488788394,0.0604761488788394,0.0604761488788394,10,0,
LAD,LAD-LITHIA MOTORS INC -CL A-2024.pdf,5,0.0,0,0.0,0.0,0.0,0.0,0,0,
LAD,LAD-LITHIA MOTORS INC -CL A-2024.pdf,6,0.0,0,0.0,0.0,0.0,0.0,0,0,
LAD,LAD-LITHIA MOTORS INC -CL A-2024.pdf,7,0.1521920387700534,2,0.1521920387700534,0.1521920387700534,0.1521920387700534,0.1411032687165775,4,0,
LAD,LAD-LITHIA MOTORS INC -CL A-2024.pdf,8,0.0,0,0.0,0.0,0.0,0.0,0,0,
LAD,LAD-LITHIA MOTORS INC -CL A-2024.pdf,10,0.1066094919786096,2,0.1066094919786096,0.1066094919786096,0.1066094919786096,0.0955207219251337,3,0,
LAD,LAD-LITHIA MOTORS INC -CL A-2024.pdf,12,0.0,0,0.0,0.0,0.0,0.0,0,0,
LAD,LAD-LITHIA MOTORS INC -CL A-2024.pdf,13,0.0,0,0.0,0.0,0.0,0.0,0,0,
LAD,LAD-LITHIA MOTORS INC -CL A-2024.pdf,14,0.0078999523753573,2,0.0078999523753573,0.0078999523753573,0.0078999523753573,0.007479957350914,3,0,
LAD,LAD-LITHIA MOTORS INC -CL A-2024.pdf,16,0.1645668651983134,4,0.1645668651983134,0.1645668651983134,0.1645668651983134,0.141108126114082,4,0,
LAD,LAD-LITHIA MOTORS INC -CL A-2024.pdf,18,0.2742367889691441,6,0.2742367889691441,0.2742367889691441,0.2742367889691441,0.1335848113487819,2,0,
LAD,LAD-LITHIA MOTORS INC -CL A-2024.pdf,19,0.0,0,0.0,0.0,0.0,0.0,0,0,
LAD,LAD-LITHIA MOTORS INC -CL A-2024.pdf,20,0.0,0,0.0,0.0,0.0,0.0,0,0,
LAD,LAD-LITHIA MOTORS INC -CL A-2024.pdf,21,0.0,0,0.0,0.0,0.0,0.0,0,0,
LAD,LAD-LITHIA MOTORS INC -CL A-2024.pdf,22,0.0,0,0.0,0.0,0.0,0.0,0,0,
LAD,LAD-LITHIA MOTORS INC -CL A-2024.pdf,25,0.1922191074948017,2,0.1922191074948017,0.1922191074948017,0.1922191074948017,0.1676870321700907,7,0,
LAD,LAD-LITHIA MOTORS INC -CL A-2024.pdf,31,0.2400578181789585,3,0.2400578181789585,0.2400578181789585,0.2400578181789585,0.134487557698829,12,0,
LAD,LAD-LITHIA MOTORS INC -CL A-2025.pdf,4,0.1173956659209691,2,0.1173956659209691,0.1173956659209691,0.1173956659209691,0.1060266636957813,10,0,
LAD,LAD-LITHIA MOTORS INC -CL A-2025.pdf,6,0.0,0,0.0,0.0,0.0,0.0,0,0,
LAD,LAD-LITHIA MOTORS INC -CL A-2025.pdf,7,0.0,0,0.0,0.0,0.0,0.0,0,0,
LAD,LAD-LITHIA MOTORS INC -CL A-2025.pdf,9,0.1212015990790255,2,0.1212015990790255,0.1212015990790255,0.1212015990790255,0.1099676470588235,2,0,
LAD,LAD-LITHIA MOTORS INC -CL A-2025.pdf,11,0.0213610303938073,1,0.0213610303938073,0.0213610303938073,0.0213610303938073,0.0213610303938073,5,0,
LAD,LAD-LITHIA MOTORS INC -CL A-2025.pdf,13,0.1819535905349794,1,0.1819535905349794,0.1819535905349794,0.1819535905349794,0.1819535905349794,4,0,
LAD,LAD-LITHIA MOTORS INC -CL A-2025.pdf,14,0.0148615779981184,2,0.0148615779981184,0.0148615779981184,0.0148615779981184,0.0113535566077441,2,0,
LAD,LAD-LITHIA MOTORS INC -CL A-2025.pdf,16,0.0,0,0.0,0.0,0.0,0.0,0,0,
LAD,LAD-LITHIA MOTORS INC -CL A-2025.pdf,17,0.0,0,0.0,0.0,0.0,0.0,0,0,
LAD,LAD-LITHIA MOTORS INC -CL A-2025.pdf,18,0.0,0,0.0,0.0,0.0,0.0,0,0,
LAD,LAD-LITHIA MOTORS INC -CL A-2025.pdf,19,0.0,0,0.0,0.0,0.0,0.0,0,0,
LAD,LAD-LITHIA MOTORS INC -CL A-2025.pdf,20,0.1111970400987682,3,0.1111970400987682,0.1111970400987682,0.1111970400987682,0.0995281639928698,10,0,
LAD,LAD-LITHIA MOTORS INC -CL A-2025.pdf,22,0.0,0,0.0,0.0,0.0,0.0,0,0,
LAD,LAD-LITHIA MOTORS INC -CL A-2025.pdf,23,0.3407403008887898,3,0.3407403008887898,0.3407403008887898,0.3407403008887898,0.2033867442810457,2,0,
LAD,LAD-LITHIA MOTORS INC -CL A-2025.pdf,26,0.1509751336898395,2,0.1509751336898395,0.1509751336898395,0.1509751336898395,0.0869841503267973,2,0,
LAD,LAD-LITHIA MOTORS INC -CL A-2025.pdf,28,0.1461649053030302,1,0.1461649053030302,0.1461649053030302,0.1461649053030302,0.1461649053030302,9,0,
LAD,LAD-LITHIA MOTORS INC -CL A-2025.pdf,30,0.1340338794489924,2,0.1340338794489924,0.1340338794489924,0.1340338794489924,0.0672820074978176,4,0,
LAD,LAD-LITHIA MOTORS INC -CL A-2025.pdf,36,0.0901995470679012,1,0.0901995470679012,0.0901995470679012,0.0901995470679012,0.0901995470679012,6,0,
LAD,LAD-LITHIA MOTORS INC -CL A-2025.pdf,38,0.3615894882072937,3,0.3615894882072937,0.3615894882072937,0.3615894882072937,0.2506584462579803,21,0,
LOVE,LOVE-LOVESAC CO (THE)-2021.pdf,10,0.9411764705882352,1,0.0,0.0,0.9411764705882352,0.9411764705882352,2,1,
LOVE,LOVE-LOVESAC CO (THE)-2021.pdf,11,0.9411764705882352,1,0.0,0.0,0.9411764705882352,0.9411764705882352,2,1,
LOVE,LOVE-LOVESAC CO (THE)-2021.pdf,14,0.9411764705882352,1,0.0,0.0,0.9411764705882352,0.9411764705882352,2,1,
LOVE,LOVE-LOVESAC CO (THE)-2021.pdf,16,0.9411764705882352,1,0.0,0.0,0.9411764705882352,0.9411764705882352,2,1,
MHK,MHK-MOHAWK INDUSTRIES INC-2023.pdf,3,0.6902431372549019,2,0.6902431372549019,0.6902431372549019,0.6902431372549019,0.4465830065359477,107,0,
MHK,MHK-MOHAWK INDUSTRIES INC-2023.pdf,4,0.3612026755372577,3,0.3612026755372577,0.3612026755372577,0.3612026755372577,0.336003355231611,85,0,
MHK,MHK-MOHAWK INDUSTRIES INC-2023.pdf,5,0.3793929390299097,3,0.3793929390299097,0.3793929390299097,0.3793929390299097,0.3360034073449658,58,0,
MHK,MHK-MOHAWK INDUSTRIES INC-2023.pdf,7,1.0,1,1.0,1.0,1.0,1.0,5,0,
MHK,MHK-MOHAWK INDUSTRIES INC-2023.pdf,9,0.0,0,0.0,0.0,0.0,0.0,0,0,
MHK,MHK-MOHAWK INDUSTRIES INC-2023.pdf,10,0.0,0,0.0,0.0,0.0,0.0,0,0,
MHK,MHK-MOHAWK INDUSTRIES INC-2023.pdf,12,0.0,0,0.0,0.0,0.0,0.0,0,0,
MHK,MHK-MOHAWK INDUSTRIES INC-2023.pdf,13,0.0,0,0.0,0.0,0.0,0.0,0,0,
MHK,MHK-MOHAWK INDUSTRIES INC-2023.pdf,14,0.7217333815195298,2,0.7217333815195298,0.7217333815195298,0.7217333815195298,0.704866733386584,99,0,
MHK,MHK-MOHAWK INDUSTRIES INC-2023.pdf,17,0.0,0,0.0,0.0,0.0,0.0,0,0,
MHK,MHK-MOHAWK INDUSTRIES INC-2023.pdf,18,0.3272537202622722,2,0.3272537202622722,0.3272537202622722,0.3272537202622722,0.3047648228472222,67,0,
MHK,MHK-MOHAWK INDUSTRIES INC-2023.pdf,23,0.0,0,0.0,0.0,0.0,0.0,0,0,
MHK,MHK-MOHAWK INDUSTRIES INC-2023.pdf,28,0.0,0,0.0,0.0,0.0,0.0,0,0,
MHK,MHK-MOHAWK INDUSTRIES INC-2023.pdf,31,0.0088920829440933,4,0.0088920829440933,0.0088920829440933,0.0088920829440933,0.0027029202309488,2,0,
MHK,MHK-MOHAWK INDUSTRIES INC-2023.pdf,38,0.0,0,0.0,0.0,0.0,0.0,0,0,
MHK,MHK-MOHAWK INDUSTRIES INC-2023.pdf,40,1.6827823191658973,2,1.6827823191658973,1.6827823191658973,1.6827823191658973,1.6545612072786822,81,0,
MHK,MHK-MOHAWK INDUSTRIES INC-2023.pdf,44,0.0,0,0.0,0.0,0.0,0.0,0,0,
MHK,MHK-MOHAWK INDUSTRIES INC-2023.pdf,50,0.0,0,0.0,0.0,0.0,0.0,0,0,
MHK,MHK-MOHAWK INDUSTRIES INC-2023.pdf,51,1.0,1,1.0,1.0,1.0,1.0,5,0,
MHK,MHK-MOHAWK INDUSTRIES INC-2023.pdf,53,1.0,1,0.0,0.0,0.0,1.0,3,1,
MHK,MHK-MOHAWK INDUSTRIES INC-2023.pdf,55,0.0,0,0.0,0.0,0.0,0.0,0,0,
MHK,MHK-MOHAWK INDUSTRIES INC-2023.pdf,59,1.0,1,0.0,0.0,0.0,1.0,2,1,
MHK,MHK-MOHAWK INDUSTRIES INC-2023.pdf,62,1.3664898785078847,3,0.3664898785078846,0.3664898785078846,0.3664898785078846,1.0,3,1,
MHK,MHK-MOHAWK INDUSTRIES INC-2023.pdf,63,1.3984150628222398,2,1.3984150628222398,1.3984150628222398,1.3984150628222398,1.3808737461530232,93,0,
MHK,MHK-MOHAWK INDUSTRIES INC-2023.pdf,66,1.0,1,1.0,1.0,1.0,1.0,8,0,
MHK,MHK-MOHAWK INDUSTRIES INC-2023.pdf,67,1.3397234222044987,3,0.334488493406679,0.334488493406679,0.334488493406679,1.0052349287978195,2,1,
MHK,MHK-MOHAWK INDUSTRIES INC-2023.pdf,68,1.3305303368720174,4,0.3305303368720174,0.3305303368720174,0.3305303368720174,1.0,3,1,
MHK,MHK-MOHAWK INDUSTRIES INC-2023.pdf,70,0.9997265873015873,1,0.0,0.0,0.0,0.9997265873015873,2,1,
MHK,MHK-MOHAWK INDUSTRIES INC-2023.pdf,71,0.0,0,0.0,0.0,0.0,0.0,0,0,
MHK,MHK-MOHAWK INDUSTRIES INC-2023.pdf,72,0.0,0,0.0,0.0,0.0,0.0,0,0,
MNRO,MNRO-MONRO INC-2024.pdf,5,0.0534979423868312,1,0.0534979423868312,0.0534979423868312,0.0534979423868312,0.0534979423868312,7,0,
MNRO,MNRO-MONRO INC-2024.pdf,7,0.0542544540651894,2,0.0542544540651894,0.0542544540651894,0.0542544540651894,0.0532407407407407,5,0,
MNRO,MNRO-MONRO INC-2024.pdf,13,0.0534979423868312,1,0.0534979423868312,0.0534979423868312,0.0534979423868312,0.0534979423868312,7,0,
MNRO,MNRO-MONRO INC-2024.pdf,17,0.0563372074331275,1,0.0563372074331275,0.0563372074331275,0.0563372074331275,0.0563372074331275,6,0,
MNRO,MNRO-MONRO INC-2024.pdf,18,0.0563372074331275,1,0.0563372074331275,0.0563372074331275,0.0563372074331275,0.0563372074331275,6,0,
MNRO,MNRO-MONRO INC-2024.pdf,19,0.0563372074331275,1,0.0563372074331275,0.0563372074331275,0.0563372074331275,0.0563372074331275,6,0,
MNRO,MNRO-MONRO INC-2024.pdf,23,0.0563372074331275,1,0.0563372074331275,0.0563372074331275,0.0563372074331275,0.0563372074331275,6,0,
MNRO,MNRO-MONRO INC-2024.pdf,27,0.0563372074331275,1,0.0563372074331275,0.0563372074331275,0.0563372074331275,0.0563372074331275,6,0,
MNRO,MNRO-MONRO INC-2024.pdf,28,0.0563372074331275,1,0.0563372074331275,0.0563372074331275,0.0563372074331275,0.0563372074331275,6,0,
MNRO,MNRO-MONRO INC-2024.pdf,32,0.0564222946907953,2,0.0564222946907953,0.0564222946907953,0.0564222946907953,0.0563372074331275,6,0,
MOV,MOV-MOVADO GROUP INC-2025.pdf,4,0.999242417878788,1,0.0,0.0,0.0,0.999242417878788,3,1,
MOV,MOV-MOVADO GROUP INC-2025.pdf,5,1.0038888888888888,1,0.0,0.0,0.0,1.0038888888888888,3,1,
MOV,MOV-MOVADO GROUP INC-2025.pdf,9,0.0,0,0.0,0.0,0.0,0.0,0,0,
MOV,MOV-MOVADO GROUP INC-2025.pdf,12,0.0,0,0.0,0.0,0.0,0.0,0,0,
MOV,MOV-MOVADO GROUP INC-2025.pdf,16,0.0,0,0.0,0.0,0.0,0.0,0,0,
MOV,MOV-MOVADO GROUP INC-2025.pdf,19,0.999242417878788,1,0.0,0.0,0.0,0.999242417878788,3,1,
MOV,MOV-MOVADO GROUP INC-2025.pdf,29,1.0063636363636363,1,0.0,0.0,0.0,1.0063636363636363,3,1,
MOV,MOV-MOVADO GROUP INC-2025.pdf,31,0.9990909090909093,1,0.0,0.0,0.0,0.9990909090909093,2,1,
MOV,MOV-MOVADO GROUP INC-2025.pdf,32,0.0,0,0.0,0.0,0.0,0.0,0,0,
MOV,MOV-MOVADO GROUP INC-2025.pdf,34,1.0,1,0.0,0.0,0.0,1.0,3,1,
MOV,MOV-MOVADO GROUP INC-2025.pdf,35,0.0,0,0.0,0.0,0.0,0.0,0,0,
MOV,MOV-MOVADO GROUP INC-2025.pdf,42,0.0,0,0.0,0.0,0.0,0.0,0,0,
MOV,MOV-MOVADO GROUP INC-2025.pdf,57,0.0,0,0.0,0.0,0.0,0.0,0,0,
MOV,MOV-MOVADO GROUP INC-2025.pdf,58,0.0,0,0.0,0.0,0.0,0.0,0,0,
MUSA,MUSA-MURPHY USA INC-2022.pdf,4,0.0,0,0.0,0.0,0.0,0.0,0,0,
MUSA,MUSA-MURPHY USA INC-2022.pdf,17,0.0,0,0.0,0.0,0.0,0.0,0,0,
MUSA,MUSA-MURPHY USA INC-2022.pdf,19,0.0,0,0.0,0.0,0.0,0.0,0,0,
MUSA,MUSA-MURPHY USA INC-2022.pdf,22,0.0,0,0.0,0.0,0.0,0.0,0,0,
MUSA,MUSA-MURPHY USA INC-2022.pdf,28,0.0160658267932593,1,0.0160658267932593,0.0160658267932593,0.0160658267932593,0.0160658267932593,2,0,
MUSA,MUSA-MURPHY USA INC-2022.pdf,36,0.0,0,0.0,0.0,0.0,0.0,0,0,
NGVC,NGVC-NATURAL GROCERS VITAMIN CTGE-2025.pdf,7,0.2179353084534993,2,0.2179353084534993,0.2179353084534993,0.2179353084534993,0.1677637398260482,5,0,
NGVC,NGVC-NATURAL GROCERS VITAMIN CTGE-2025.pdf,8,0.050171568627451,1,0.050171568627451,0.050171568627451,0.050171568627451,0.050171568627451,21,0,
NGVC,NGVC-NATURAL GROCERS VITAMIN CTGE-2025.pdf,24,0.5457272727272731,1,0.5457272727272731,0.5457272727272731,0.5457272727272731,0.5457272727272731,15,0,
NGVC,NGVC-NATURAL GROCERS VITAMIN CTGE-2025.pdf,37,0.2143878993030979,2,0.2143878993030979,0.2143878993030979,0.2143878993030979,0.1642163306756469,2,0,
NKE,NKE-NIKE INC -CL B-2021.pdf,12,0.1109687420157456,5,0.1109687420157456,0.1109687420157456,0.1109687420157456,0.0475275322747491,9,0,
NKE,NKE-NIKE INC -CL B-2021.pdf,13,0.1473501449651744,4,0.1473501449651744,0.1473501449651744,0.1473501449651744,0.0569366850756337,14,0,
NKE,NKE-NIKE INC -CL B-2021.pdf,14,0.0,0,0.0,0.0,0.0,0.0,0,0,
NKE,NKE-NIKE INC -CL B-2021.pdf,46,0.0,0,0.0,0.0,0.0,0.0,0,0,
NKE,NKE-NIKE INC -CL B-2021.pdf,76,0.0,0,0.0,0.0,0.0,0.0,0,0,
NKE,NKE-NIKE INC -CL B-2021.pdf,93,0.0,0,0.0,0.0,0.0,0.0,0,0,
NKE,NKE-NIKE INC -CL B-2021.pdf,101,0.0,0,0.0,0.0,0.0,0.0,0,0,
NKE,NKE-NIKE INC -CL B-2021.pdf,114,0.0,0,0.0,0.0,0.0,0.0,0,0,
NKE,NKE-NIKE INC -CL B-2021.pdf,128,0.0266470513344226,2,0.0266470513344226,0.0266470513344226,0.0266470513344226,0.0133235256672113,2,0,
NKE,NKE-NIKE INC -CL B-2021.pdf,137,0.0,0,0.0,0.0,0.0,0.0,0,0,
NKE,NKE-NIKE INC -CL B-2021.pdf,139,0.1561631708638445,1,0.1561631708638445,0.1561631708638445,0.1561631708638445,0.1561631708638445,5,0,
NKE,NKE-NIKE INC -CL B-2021.pdf,140,0.4255184126230991,1,0.4255184126230991,0.4255184126230991,0.4255184126230991,0.4255184126230991,22,0,
NKE,NKE-NIKE INC -CL B-2021.pdf,152,0.477272843184948,3,0.477272843184948,0.477272843184948,0.477272843184948,0.2685970855029679,87,0,
NKE,NKE-NIKE INC -CL B-2021.pdf,171,0.1107046728064572,3,0.1107046728064572,0.1107046728064572,0.1107046728064572,0.1081796090107423,4,0,
NKE,NKE-NIKE INC -CL B-2021.pdf,172,0.085157765461336,1,0.085157765461336,0.085157765461336,0.085157765461336,0.085157765461336,3,0,
NKE,NKE-NIKE INC -CL B-2021.pdf,176,0.5478162079372152,2,0.5478162079372152,0.5478162079372152,0.5478162079372152,0.3193192531722453,3,0,
NKE,NKE-NIKE INC -CL B-2021.pdf,181,0.6005824239577142,1,0.6005824239577142,0.6005824239577142,0.6005824239577142,0.6005824239577142,3,0,
NKE,NKE-NIKE INC -CL B-2021.pdf,182,0.5972643998805456,3,0.5972643998805456,0.5972643998805456,0.5972643998805456,0.2252482380611671,3,0,
NKE,NKE-NIKE INC -CL B-2022.pdf,2,0.983900885225028,1,0.983900885225028,0.983900885225028,0.983900885225028,0.983900885225028,10,0,
NKE,NKE-NIKE INC -CL B-2022.pdf,3,0.0,0,0.0,0.0,0.0,0.0,0,0,
NKE,NKE-NIKE INC -CL B-2022.pdf,4,0.0,0,0.0,0.0,0.0,0.0,0,0,
NKE,NKE-NIKE INC -CL B-2022.pdf,5,0.0,0,0.0,0.0,0.0,0.0,0,0,
NKE,NKE-NIKE INC -CL B-2022.pdf,8,0.0,0,0.0,0.0,0.0,0.0,0,0,
NKE,NKE-NIKE INC -CL B-2022.pdf,16,0.0,0,0.0,0.0,0.0,0.0,0,0,
NKE,NKE-NIKE INC -CL B-2022.pdf,20,0.0,0,0.0,0.0,0.0,0.0,0,0,
NKE,NKE-NIKE INC -CL B-2022.pdf,22,0.0,0,0.0,0.0,0.0,0.0,0,0,
NKE,NKE-NIKE INC -CL B-2022.pdf,23,0.0,0,0.0,0.0,0.0,0.0,0,0,
NKE,NKE-NIKE INC -CL B-2022.pdf,24,0.0,0,0.0,0.0,0.0,0.0,0,0,
NKE,NKE-NIKE INC -CL B-2022.pdf,26,0.0,0,0.0,0.0,0.0,0.0,0,0,
NKE,NKE-NIKE INC -CL B-2022.pdf,29,0.0,0,0.0,0.0,0.0,0.0,0,0,
NKE,NKE-NIKE INC -CL B-2022.pdf,31,0.0,0,0.0,0.0,0.0,0.0,0,0,
NKE,NKE-NIKE INC -CL B-2022.pdf,34,0.0,0,0.0,0.0,0.0,0.0,0,0,
NKE,NKE-NIKE INC -CL B-2022.pdf,35,0.1276028482884399,1,0.1276028482884399,0.1276028482884399,0.1276028482884399,0.1276028482884399,3,0,
NKE,NKE-NIKE INC -CL B-2022.pdf,36,0.0,0,0.0,0.0,0.0,0.0,0,0,
NKE,NKE-NIKE INC -CL B-2022.pdf,37,0.0,0,0.0,0.0,0.0,0.0,0,0,
NKE,NKE-NIKE INC -CL B-2022.pdf,38,0.0,0,0.0,0.0,0.0,0.0,0,0,
NKE,NKE-NIKE INC -CL B-2022.pdf,40,0.0,0,0.0,0.0,0.0,0.0,0,0,
NKE,NKE-NIKE INC -CL B-2022.pdf,42,0.0,0,0.0,0.0,0.0,0.0,0,0,
NKE,NKE-NIKE INC -CL B-2022.pdf,46,0.0,0,0.0,0.0,0.0,0.0,0,0,
NKE,NKE-NIKE INC -CL B-2022.pdf,47,0.0,0,0.0,0.0,0.0,0.0,0,0,
NKE,NKE-NIKE INC -CL B-2022.pdf,48,0.0,0,0.0,0.0,0.0,0.0,0,0,
NKE,NKE-NIKE INC -CL B-2022.pdf,49,0.0,0,0.0,0.0,0.0,0.0,0,0,
NKE,NKE-NIKE INC -CL B-2022.pdf,50,0.0,0,0.0,0.0,0.0,0.0,0,0,
NKE,NKE-NIKE INC -CL B-2022.pdf,51,0.1202064417952956,2,0.1202064417952956,0.1202064417952956,0.1202064417952956,0.0601033746645436,4,0,
NKE,NKE-NIKE INC -CL B-2022.pdf,52,0.0,0,0.0,0.0,0.0,0.0,0,0,
NKE,NKE-NIKE INC -CL B-2022.pdf,54,0.0,0,0.0,0.0,0.0,0.0,0,0,
NKE,NKE-NIKE INC -CL B-2022.pdf,55,0.0,0,0.0,0.0,0.0,0.0,0,0,
NKE,NKE-NIKE INC -CL B-2022.pdf,57,0.0,0,0.0,0.0,0.0,0.0,0,0,
NKE,NKE-NIKE INC -CL B-2022.pdf,59,0.0,0,0.0,0.0,0.0,0.0,0,0,
NKE,NKE-NIKE INC -CL B-2022.pdf,60,0.127532998829031,1,0.127532998829031,0.127532998829031,0.127532998829031,0.127532998829031,3,0,
NKE,NKE-NIKE INC -CL B-2022.pdf,62,0.0,0,0.0,0.0,0.0,0.0,0,0,
NKE,NKE-NIKE INC -CL B-2022.pdf,63,0.1273594794205013,1,0.1273594794205013,0.1273594794205013,0.1273594794205013,0.1273594794205013,3,0,
NKE,NKE-NIKE INC -CL B-2022.pdf,66,0.0,0,0.0,0.0,0.0,0.0,0,0,
NKE,NKE-NIKE INC -CL B-2022.pdf,67,0.0,0,0.0,0.0,0.0,0.0,0,0,
NKE,NKE-NIKE INC -CL B-2022.pdf,68,0.0,0,0.0,0.0,0.0,0.0,0,0,
NKE,NKE-NIKE INC -CL B-2022.pdf,69,0.0,0,0.0,0.0,0.0,0.0,0,0,
NKE,NKE-NIKE INC -CL B-2022.pdf,71,0.0,0,0.0,0.0,0.0,0.0,0,0,
NKE,NKE-NIKE INC -CL B-2022.pdf,73,0.0,0,0.0,0.0,0.0,0.0,0,0,
NKE,NKE-NIKE INC -CL B-2022.pdf,75,0.0,0,0.0,0.0,0.0,0.0,0,0,
NKE,NKE-NIKE INC -CL B-2022.pdf,76,0.0,0,0.0,0.0,0.0,0.0,0,0,
NKE,NKE-NIKE INC -CL B-2022.pdf,78,0.0,0,0.0,0.0,0.0,0.0,0,0,
NKE,NKE-NIKE INC -CL B-2022.pdf,80,0.1202064838363683,2,0.1202064838363683,0.1202064838363683,0.1202064838363683,0.0601033956851338,5,0,
NKE,NKE-NIKE INC -CL B-2022.pdf,81,0.0,0,0.0,0.0,0.0,0.0,0,0,
NKE,NKE-NIKE INC -CL B-2022.pdf,82,0.0,0,0.0,0.0,0.0,0.0,0,0,
NKE,NKE-NIKE INC -CL B-2022.pdf,85,0.0,0,0.0,0.0,0.0,0.0,0,0,
NKE,NKE-NIKE INC -CL B-2022.pdf,92,0.0,0,0.0,0.0,0.0,0.0,0,0,
NKE,NKE-NIKE INC -CL B-2022.pdf,93,0.0,0,0.0,0.0,0.0,0.0,0,0,
NKE,NKE-NIKE INC -CL B-2022.pdf,95,0.0,0,0.0,0.0,0.0,0.0,0,0,
NKE,NKE-NIKE INC -CL B-2022.pdf,98,0.0,0,0.0,0.0,0.0,0.0,0,0,
NKE,NKE-NIKE INC -CL B-2022.pdf,99,0.0,0,0.0,0.0,0.0,0.0,0,0,
NKE,NKE-NIKE INC -CL B-2022.pdf,100,0.0,0,0.0,0.0,0.0,0.0,0,0,
NKE,NKE-NIKE INC -CL B-2022.pdf,103,0.0,0,0.0,0.0,0.0,0.0,0,0,
NKE,NKE-NIKE INC -CL B-2022.pdf,104,0.0,0,0.0,0.0,0.0,0.0,0,0,
NKE,NKE-NIKE INC -CL B-2022.pdf,108,0.0,0,0.0,0.0,0.0,0.0,0,0,
NKE,NKE-NIKE INC -CL B-2022.pdf,109,0.0,0,0.0,0.0,0.0,0.0,0,0,
NKE,NKE-NIKE INC -CL B-2022.pdf,111,0.0101750037523381,1,0.0101750037523381,0.0101750037523381,0.0101750037523381,0.0101750037523381,2,0,
NKE,NKE-NIKE INC -CL B-2022.pdf,112,0.0,0,0.0,0.0,0.0,0.0,0,0,
NKE,NKE-NIKE INC -CL B-2022.pdf,115,0.0,0,0.0,0.0,0.0,0.0,0,0,
NKE,NKE-NIKE INC -CL B-2022.pdf,116,0.0,0,0.0,0.0,0.0,0.0,0,0,
NKE,NKE-NIKE INC -CL B-2022.pdf,117,0.0,0,0.0,0.0,0.0,0.0,0,0,
NKE,NKE-NIKE INC -CL B-2022.pdf,119,0.0,0,0.0,0.0,0.0,0.0,0,0,
NKE,NKE-NIKE INC -CL B-2022.pdf,120,0.0,0,0.0,0.0,0.0,0.0,0,0,
NKE,NKE-NIKE INC -CL B-2022.pdf,122,0.0,0,0.0,0.0,0.0,0.0,0,0,
NKE,NKE-NIKE INC -CL B-2022.pdf,125,0.1275509475075758,1,0.1275509475075758,0.1275509475075758,0.1275509475075758,0.1275509475075758,4,0,
NKE,NKE-NIKE INC -CL B-2022.pdf,128,0.0,0,0.0,0.0,0.0,0.0,0,0,
NKE,NKE-NIKE INC -CL B-2022.pdf,130,0.0,0,0.0,0.0,0.0,0.0,0,0,
NKE,NKE-NIKE INC -CL B-2022.pdf,133,0.0,0,0.0,0.0,0.0,0.0,0,0,
NKE,NKE-NIKE INC -CL B-2022.pdf,137,0.0,0,0.0,0.0,0.0,0.0,0,0,
NKE,NKE-NIKE INC -CL B-2022.pdf,138,0.0,0,0.0,0.0,0.0,0.0,0,0,
NKE,NKE-NIKE INC -CL B-2022.pdf,139,0.0,0,0.0,0.0,0.0,0.0,0,0,
NKE,NKE-NIKE INC -CL B-2022.pdf,140,0.0,0,0.0,0.0,0.0,0.0,0,0,
NKE,NKE-NIKE INC -CL B-2022.pdf,142,0.0,0,0.0,0.0,0.0,0.0,0,0,
NKE,NKE-NIKE INC -CL B-2022.pdf,144,0.0,0,0.0,0.0,0.0,0.0,0,0,
NKE,NKE-NIKE INC -CL B-2022.pdf,145,0.0,0,0.0,0.0,0.0,0.0,0,0,
NKE,NKE-NIKE INC -CL B-2022.pdf,146,0.0,0,0.0,0.0,0.0,0.0,0,0,
NKE,NKE-NIKE INC -CL B-2022.pdf,147,0.1275689182843715,1,0.1275689182843715,0.1275689182843715,0.1275689182843715,0.1275689182843715,4,0,
NKE,NKE-NIKE INC -CL B-2022.pdf,148,0.0,0,0.0,0.0,0.0,0.0,0,0,
NKE,NKE-NIKE INC -CL B-2022.pdf,149,0.0,0,0.0,0.0,0.0,0.0,0,0,
NKE,NKE-NIKE INC -CL B-2022.pdf,152,0.0,0,0.0,0.0,0.0,0.0,0,0,
NKE,NKE-NIKE INC -CL B-2022.pdf,153,0.1275688768020249,1,0.1275688768020249,0.1275688768020249,0.1275688768020249,0.1275688768020249,4,0,
NKE,NKE-NIKE INC -CL B-2022.pdf,154,0.0,0,0.0,0.0,0.0,0.0,0,0,
NKE,NKE-NIKE INC -CL B-2022.pdf,156,0.0,0,0.0,0.0,0.0,0.0,0,0,
NKE,NKE-NIKE INC -CL B-2022.pdf,157,0.0,0,0.0,0.0,0.0,0.0,0,0,
NKE,NKE-NIKE INC -CL B-2022.pdf,160,0.0,0,0.0,0.0,0.0,0.0,0,0,
NKE,NKE-NIKE INC -CL B-2022.pdf,161,0.0593021992570146,2,0.0593021992570146,0.0593021992570146,0.0593021992570146,0.0328282215488215,3,0,
NKE,NKE-NIKE INC -CL B-2022.pdf,173,0.0,0,0.0,0.0,0.0,0.0,0,0,
NKE,NKE-NIKE INC -CL B-2022.pdf,175,0.0,0,0.0,0.0,0.0,0.0,0,0,
NKE,NKE-NIKE INC -CL B-2022.pdf,183,0.0,0,0.0,0.0,0.0,0.0,0,0,
NKE,NKE-NIKE INC -CL B-2022.pdf,185,0.0,0,0.0,0.0,0.0,0.0,0,0,
NKE,NKE-NIKE INC -CL B-2022.pdf,199,0.0,0,0.0,0.0,0.0,0.0,0,0,
NKE,NKE-NIKE INC -CL B-2022.pdf,211,0.0,0,0.0,0.0,0.0,0.0,0,0,
NKE,NKE-NIKE INC -CL B-2022.pdf,214,0.0,0,0.0,0.0,0.0,0.0,0,0,
NKE,NKE-NIKE INC -CL B-2022.pdf,215,0.0009815153086419,1,0.0009815153086419,0.0009815153086419,0.0009815153086419,0.0009815153086419,13,0,
NKE,NKE-NIKE INC -CL B-2022.pdf,217,0.0,0,0.0,0.0,0.0,0.0,0,0,
NKE,NKE-NIKE INC -CL B-2022.pdf,219,0.0,0,0.0,0.0,0.0,0.0,0,0,
NKE,NKE-NIKE INC -CL B-2022.pdf,220,0.0,0,0.0,0.0,0.0,0.0,0,0,
NKE,NKE-NIKE INC -CL B-2022.pdf,221,0.0,0,0.0,0.0,0.0,0.0,0,0,
NKE,NKE-NIKE INC -CL B-2022.pdf,224,0.0,0,0.0,0.0,0.0,0.0,0,0,
NKE,NKE-NIKE INC -CL B-2023.pdf,2,0.0004910213243546,1,0.0004910213243546,0.0004910213243546,0.0004910213243546,0.0004910213243546,2,0,
NKE,NKE-NIKE INC -CL B-2023.pdf,3,0.0,0,0.0,0.0,0.0,0.0,0,0,
NKE,NKE-NIKE INC -CL B-2023.pdf,4,0.0,0,0.0,0.0,0.0,0.0,0,0,
NKE,NKE-NIKE INC -CL B-2023.pdf,15,0.0,0,0.0,0.0,0.0,0.0,0,0,
NKE,NKE-NIKE INC -CL B-2023.pdf,18,0.0,0,0.0,0.0,0.0,0.0,0,0,
NKE,NKE-NIKE INC -CL B-2023.pdf,19,0.0,0,0.0,0.0,0.0,0.0,0,0,
NKE,NKE-NIKE INC -CL B-2023.pdf,23,0.0005930836139169,1,0.0005930836139169,0.0005930836139169,0.0005930836139169,0.0005930836139169,2,0,
NKE,NKE-NIKE INC -CL B-2023.pdf,25,0.0,0,0.0,0.0,0.0,0.0,0,0,
NKE,NKE-NIKE INC -CL B-2023.pdf,26,0.0,0,0.0,0.0,0.0,0.0,0,0,
NKE,NKE-NIKE INC -CL B-2023.pdf,27,0.0,0,0.0,0.0,0.0,0.0,0,0,
NKE,NKE-NIKE INC -CL B-2023.pdf,29,0.0,0,0.0,0.0,0.0,0.0,0,0,
NKE,NKE-NIKE INC -CL B-2023.pdf,30,0.0,0,0.0,0.0,0.0,0.0,0,0,
NKE,NKE-NIKE INC -CL B-2023.pdf,32,0.0,0,0.0,0.0,0.0,0.0,0,0,
NKE,NKE-NIKE INC -CL B-2023.pdf,34,0.0,0,0.0,0.0,0.0,0.0,0,0,
NKE,NKE-NIKE INC -CL B-2023.pdf,37,0.0,0,0.0,0.0,0.0,0.0,0,0,
NKE,NKE-NIKE INC -CL B-2023.pdf,40,0.0006242985409652,1,0.0006242985409652,0.0006242985409652,0.0006242985409652,0.0006242985409652,2,0,
NKE,NKE-NIKE INC -CL B-2023.pdf,41,0.0,0,0.0,0.0,0.0,0.0,0,0,
NKE,NKE-NIKE INC -CL B-2023.pdf,43,0.0,0,0.0,0.0,0.0,0.0,0,0,
NKE,NKE-NIKE INC -CL B-2023.pdf,44,0.0,0,0.0,0.0,0.0,0.0,0,0,
NKE,NKE-NIKE INC -CL B-2023.pdf,46,0.0,0,0.0,0.0,0.0,0.0,0,0,
NKE,NKE-NIKE INC -CL B-2023.pdf,50,0.0,0,0.0,0.0,0.0,0.0,0,0,
NKE,NKE-NIKE INC -CL B-2023.pdf,52,0.0,0,0.0,0.0,0.0,0.0,0,0,
NKE,NKE-NIKE INC -CL B-2023.pdf,59,0.0,0,0.0,0.0,0.0,0.0,0,0,
NKE,NKE-NIKE INC -CL B-2023.pdf,61,0.0,0,0.0,0.0,0.0,0.0,0,0,
NKE,NKE-NIKE INC -CL B-2023.pdf,62,0.0,0,0.0,0.0,0.0,0.0,0,0,
NKE,NKE-NIKE INC -CL B-2023.pdf,63,0.0,0,0.0,0.0,0.0,0.0,0,0,
NKE,NKE-NIKE INC -CL B-2023.pdf,65,0.0,0,0.0,0.0,0.0,0.0,0,0,
NKE,NKE-NIKE INC -CL B-2023.pdf,67,0.0,0,0.0,0.0,0.0,0.0,0,0,
NKE,NKE-NIKE INC -CL B-2023.pdf,69,0.0,0,0.0,0.0,0.0,0.0,0,0,
NKE,NKE-NIKE INC -CL B-2023.pdf,70,0.0,0,0.0,0.0,0.0,0.0,0,0,
NKE,NKE-NIKE INC -CL B-2023.pdf,72,0.0,0,0.0,0.0,0.0,0.0,0,0,
NKE,NKE-NIKE INC -CL B-2023.pdf,74,0.0,0,0.0,0.0,0.0,0.0,0,0,
NKE,NKE-NIKE INC -CL B-2023.pdf,76,0.0,0,0.0,0.0,0.0,0.0,0,0,
NKE,NKE-NIKE INC -CL B-2023.pdf,77,0.0,0,0.0,0.0,0.0,0.0,0,0,
NKE,NKE-NIKE INC -CL B-2023.pdf,78,0.0,0,0.0,0.0,0.0,0.0,0,0,
NKE,NKE-NIKE INC -CL B-2023.pdf,84,0.0,0,0.0,0.0,0.0,0.0,0,0,
NKE,NKE-NIKE INC -CL B-2023.pdf,85,0.0,0,0.0,0.0,0.0,0.0,0,0,
NKE,NKE-NIKE INC -CL B-2023.pdf,86,0.0,0,0.0,0.0,0.0,0.0,0,0,
NKE,NKE-NIKE INC -CL B-2023.pdf,87,0.0,0,0.0,0.0,0.0,0.0,0,0,
NKE,NKE-NIKE INC -CL B-2023.pdf,88,0.0,0,0.0,0.0,0.0,0.0,0,0,
NKE,NKE-NIKE INC -CL B-2023.pdf,90,0.0,0,0.0,0.0,0.0,0.0,0,0,
NKE,NKE-NIKE INC -CL B-2023.pdf,92,0.0,0,0.0,0.0,0.0,0.0,0,0,
NKE,NKE-NIKE INC -CL B-2023.pdf,95,0.0,0,0.0,0.0,0.0,0.0,0,0,
NKE,NKE-NIKE INC -CL B-2023.pdf,96,0.0,0,0.0,0.0,0.0,0.0,0,0,
NKE,NKE-NIKE INC -CL B-2023.pdf,99,0.0,0,0.0,0.0,0.0,0.0,0,0,
NKE,NKE-NIKE INC -CL B-2023.pdf,101,0.0,0,0.0,0.0,0.0,0.0,0,0,
NKE,NKE-NIKE INC -CL B-2023.pdf,102,0.0,0,0.0,0.0,0.0,0.0,0,0,
NKE,NKE-NIKE INC -CL B-2023.pdf,105,0.0006313131313131,1,0.0006313131313131,0.0006313131313131,0.0006313131313131,0.0006313131313131,2,0,
NKE,NKE-NIKE INC -CL B-2023.pdf,108,0.0,0,0.0,0.0,0.0,0.0,0,0,
NKE,NKE-NIKE INC -CL B-2023.pdf,111,0.0,0,0.0,0.0,0.0,0.0,0,0,
NKE,NKE-NIKE INC -CL B-2023.pdf,112,0.0,0,0.0,0.0,0.0,0.0,0,0,
NKE,NKE-NIKE INC -CL B-2023.pdf,117,0.0,0,0.0,0.0,0.0,0.0,0,0,
NKE,NKE-NIKE INC -CL B-2023.pdf,120,0.0,0,0.0,0.0,0.0,0.0,0,0,
NKE,NKE-NIKE INC -CL B-2023.pdf,122,0.0,0,0.0,0.0,0.0,0.0,0,0,
NKE,NKE-NIKE INC -CL B-2023.pdf,123,0.0,0,0.0,0.0,0.0,0.0,0,0,
NKE,NKE-NIKE INC -CL B-2023.pdf,125,0.0003928170594837,1,0.0003928170594837,0.0003928170594837,0.0003928170594837,0.0003928170594837,2,0,
NKE,NKE-NIKE INC -CL B-2023.pdf,127,0.0,0,0.0,0.0,0.0,0.0,0,0,
NKE,NKE-NIKE INC -CL B-2023.pdf,128,0.0,0,0.0,0.0,0.0,0.0,0,0,
NKE,NKE-NIKE INC -CL B-2023.pdf,130,0.0003928170594837,1,0.0003928170594837,0.0003928170594837,0.0003928170594837,0.0003928170594837,2,0,
NKE,NKE-NIKE INC -CL B-2023.pdf,131,0.0,0,0.0,0.0,0.0,0.0,0,0,
NKE,NKE-NIKE INC -CL B-2023.pdf,132,0.0,0,0.0,0.0,0.0,0.0,0,0,
NKE,NKE-NIKE INC -CL B-2023.pdf,134,0.0,0,0.0,0.0,0.0,0.0,0,0,
NKE,NKE-NIKE INC -CL B-2023.pdf,140,0.0003928170594837,1,0.0003928170594837,0.0003928170594837,0.0003928170594837,0.0003928170594837,2,0,
NKE,NKE-NIKE INC -CL B-2023.pdf,142,0.0,0,0.0,0.0,0.0,0.0,0,0,
NKE,NKE-NIKE INC -CL B-2023.pdf,145,0.0,0,0.0,0.0,0.0,0.0,0,0,
NKE,NKE-NIKE INC -CL B-2023.pdf,146,0.0,0,0.0,0.0,0.0,0.0,0,0,
NKE,NKE-NIKE INC -CL B-2023.pdf,147,0.0,0,0.0,0.0,0.0,0.0,0,0,
NKE,NKE-NIKE INC -CL B-2023.pdf,159,0.0,0,0.0,0.0,0.0,0.0,0,0,
NKE,NKE-NIKE INC -CL B-2023.pdf,162,0.0,0,0.0,0.0,0.0,0.0,0,0,
NKE,NKE-NIKE INC -CL B-2023.pdf,167,0.0,0,0.0,0.0,0.0,0.0,0,0,
NKE,NKE-NIKE INC -CL B-2023.pdf,168,0.0,0,0.0,0.0,0.0,0.0,0,0,
NKE,NKE-NIKE INC -CL B-2023.pdf,169,0.0,0,0.0,0.0,0.0,0.0,0,0,
NKE,NKE-NIKE INC -CL B-2023.pdf,177,0.0,0,0.0,0.0,0.0,0.0,0,0,
NKE,NKE-NIKE INC -CL B-2023.pdf,179,0.0,0,0.0,0.0,0.0,0.0,0,0,
NKE,NKE-NIKE INC -CL B-2023.pdf,180,0.0,0,0.0,0.0,0.0,0.0,0,0,
NKE,NKE-NIKE INC -CL B-2023.pdf,183,0.0,0,0.0,0.0,0.0,0.0,0,0,
NKE,NKE-NIKE INC -CL B-2023.pdf,185,0.0,0,0.0,0.0,0.0,0.0,0,0,
NKE,NKE-NIKE INC -CL B-2023.pdf,188,0.0,0,0.0,0.0,0.0,0.0,0,0,
NKE,NKE-NIKE INC -CL B-2023.pdf,192,0.0,0,0.0,0.0,0.0,0.0,0,0,
NKE,NKE-NIKE INC -CL B-2023.pdf,195,0.0,0,0.0,0.0,0.0,0.0,0,0,
NKE,NKE-NIKE INC -CL B-2023.pdf,203,0.0,0,0.0,0.0,0.0,0.0,0,0,
NKE,NKE-NIKE INC -CL B-2023.pdf,206,0.0,0,0.0,0.0,0.0,0.0,0,0,
NKE,NKE-NIKE INC -CL B-2023.pdf,208,0.0,0,0.0,0.0,0.0,0.0,0,0,
NWL,NWL-NEWELL BRANDS INC-2023.pdf,3,0.0,0,0.0,0.0,0.0,0.0,0,0,
NWL,NWL-NEWELL BRANDS INC-2023.pdf,4,0.0,0,0.0,0.0,0.0,0.0,0,0,
NWL,NWL-NEWELL BRANDS INC-2023.pdf,5,0.0,0,0.0,0.0,0.0,0.0,0,0,
NWL,NWL-NEWELL BRANDS INC-2023.pdf,9,0.600691678391136,1,0.600691678391136,0.600691678391136,0.600691678391136,0.600691678391136,37,0,
NWL,NWL-NEWELL BRANDS INC-2023.pdf,16,0.5906256510416668,1,0.5906256510416668,0.5906256510416668,0.5906256510416668,0.5906256510416668,3,0,
NWL,NWL-NEWELL BRANDS INC-2023.pdf,18,1.0,1,0.0,0.0,0.0,1.0,3,1,
NWL,NWL-NEWELL BRANDS INC-2023.pdf,21,0.9991770351962848,1,0.0,0.0,0.0,0.9991770351962848,3,1,
NWL,NWL-NEWELL BRANDS INC-2023.pdf,22,0.0,0,0.0,0.0,0.0,0.0,0,0,
NWL,NWL-NEWELL BRANDS INC-2023.pdf,23,0.0278589075082357,2,0.0278589075082357,0.0278589075082357,0.0278589075082357,0.0166033324182528,5,0,
NWL,NWL-NEWELL BRANDS INC-2023.pdf,26,1.037111782758167,3,0.0371117827581671,0.0371117827581671,0.0371117827581671,1.0,3,1,
NWL,NWL-NEWELL BRANDS INC-2023.pdf,28,0.0,0,0.0,0.0,0.0,0.0,0,0,
NWL,NWL-NEWELL BRANDS INC-2023.pdf,30,0.2311925148795907,2,0.2311925148795907,0.2311925148795907,0.2311925148795907,0.1541715366585072,2,0,
NWL,NWL-NEWELL BRANDS INC-2023.pdf,31,0.0,0,0.0,0.0,0.0,0.0,0,0,
NWL,NWL-NEWELL BRANDS INC-2023.pdf,36,0.0,0,0.0,0.0,0.0,0.0,0,0,
NWL,NWL-NEWELL BRANDS INC-2023.pdf,39,0.0,0,0.0,0.0,0.0,0.0,0,0,
NWL,NWL-NEWELL BRANDS INC-2023.pdf,40,0.9988463629266564,1,0.0,0.0,0.0,0.9988463629266564,3,1,
NWL,NWL-NEWELL BRANDS INC-2023.pdf,42,0.5715644207444942,1,0.5715644207444942,0.5715644207444942,0.5715644207444942,0.5715644207444942,21,0,
PAG,PAG-PENSKE AUTOMOTIVE GROUP INC-2023.pdf,2,0.0,0,0.0,0.0,0.0,0.0,0,0,
PAG,PAG-PENSKE AUTOMOTIVE GROUP INC-2023.pdf,4,0.0,0,0.0,0.0,0.0,0.0,0,0,
PAG,PAG-PENSKE AUTOMOTIVE GROUP INC-2023.pdf,9,0.0,0,0.0,0.0,0.0,0.0,0,0,
PAG,PAG-PENSKE AUTOMOTIVE GROUP INC-2023.pdf,11,0.0,0,0.0,0.0,0.0,0.0,0,0,
PAG,PAG-PENSKE AUTOMOTIVE GROUP INC-2023.pdf,17,0.0,0,0.0,0.0,0.0,0.0,0,0,
PAG,PAG-PENSKE AUTOMOTIVE GROUP INC-2023.pdf,18,0.0,0,0.0,0.0,0.0,0.0,0,0,
PAG,PAG-PENSKE AUTOMOTIVE GROUP INC-2023.pdf,20,0.0,0,0.0,0.0,0.0,0.0,0,0,
PAG,PAG-PENSKE AUTOMOTIVE GROUP INC-2023.pdf,24,0.0,0,0.0,0.0,0.0,0.0,0,0,
PAG,PAG-PENSKE AUTOMOTIVE GROUP INC-2023.pdf,26,0.0,0,0.0,0.0,0.0,0.0,0,0,
PAG,PAG-PENSKE AUTOMOTIVE GROUP INC-2023.pdf,27,0.0,0,0.0,0.0,0.0,0.0,0,0,
PAG,PAG-PENSKE AUTOMOTIVE GROUP INC-2023.pdf,32,0.0,0,0.0,0.0,0.0,0.0,0,0,
PAG,PAG-PENSKE AUTOMOTIVE GROUP INC-2023.pdf,33,0.0,0,0.0,0.0,0.0,0.0,0,0,
PAG,PAG-PENSKE AUTOMOTIVE GROUP INC-2023.pdf,39,0.743541008320474,1,0.743541008320474,0.743541008320474,0.743541008320474,0.743541008320474,25,0,
PAG,PAG-PENSKE AUTOMOTIVE GROUP INC-2023.pdf,41,0.0,0,0.0,0.0,0.0,0.0,0,0,
PAG,PAG-PENSKE AUTOMOTIVE GROUP INC-2023.pdf,42,0.0,0,0.0,0.0,0.0,0.0,0,0,
PAG,PAG-PENSKE AUTOMOTIVE GROUP INC-2023.pdf,46,0.0,0,0.0,0.0,0.0,0.0,0,0,
PAG,PAG-PENSKE AUTOMOTIVE GROUP INC-2023.pdf,47,0.0,0,0.0,0.0,0.0,0.0,0,0,
PLCE,PLCE-The Childrens Place-2022.pdf,4,0.0,0,0.0,0.0,0.0,0.0,0,0,
PLCE,PLCE-The Childrens Place-2022.pdf,5,0.0,0,0.0,0.0,0.0,0.0,0,0,
PLCE,PLCE-The Childrens Place-2022.pdf,9,0.0,0,0.0,0.0,0.0,0.0,0,0,
PLCE,PLCE-The Childrens Place-2022.pdf,11,0.0,0,0.0,0.0,0.0,0.0,0,0,
PLCE,PLCE-The Childrens Place-2022.pdf,16,0.0107348157459374,3,0.0107348157459374,0.0107348157459374,0.0107348157459374,0.0035782719153125,3,0,
PLCE,PLCE-The Childrens Place-2022.pdf,17,0.0106085716959374,3,0.0106085716959374,0.0106085716959374,0.0106085716959374,0.0035361905653125,3,0,
PLCE,PLCE-The Childrens Place-2022.pdf,19,0.4874994583333333,1,0.4874994583333333,0.4874994583333333,0.4874994583333333,0.4874994583333333,3,0,
PLCE,PLCE-The Childrens Place-2022.pdf,21,0.0003,1,0.0003,0.0003,0.0003,0.0003,2,0,
PLCE,PLCE-The Childrens Place-2022.pdf,23,0.0,0,0.0,0.0,0.0,0.0,0,0,
PLCE,PLCE-The Childrens Place-2022.pdf,25,0.1217708333333333,1,0.1217708333333333,0.1217708333333333,0.1217708333333333,0.1217708333333333,2,0,
PLCE,PLCE-The Childrens Place-2022.pdf,29,0.3809425520833333,1,0.3809425520833333,0.3809425520833333,0.3809425520833333,0.3809425520833333,2,0,
PLCE,PLCE-The Childrens Place-2022.pdf,30,0.0,0,0.0,0.0,0.0,0.0,0,0,
PLCE,PLCE-The Childrens Place-2022.pdf,31,0.0,0,0.0,0.0,0.0,0.0,0,0,
PLCE,PLCE-The Childrens Place-2022.pdf,32,0.0,0,0.0,0.0,0.0,0.0,0,0,
PLCE,PLCE-The Childrens Place-2022.pdf,36,0.0,0,0.0,0.0,0.0,0.0,0,0,
PLCE,PLCE-The Childrens Place-2022.pdf,38,0.0,0,0.0,0.0,0.0,0.0,0,0,
PLCE,PLCE-The Childrens Place-2022.pdf,45,0.0,0,0.0,0.0,0.0,0.0,0,0,
PLCE,PLCE-The Childrens Place-2022.pdf,47,0.0,0,0.0,0.0,0.0,0.0,0,0,
PLCE,PLCE-The Childrens Place-2022.pdf,48,0.0,0,0.0,0.0,0.0,0.0,0,0,
PLCE,PLCE-The Childrens Place-2022.pdf,49,0.0002705476125,1,0.0002705476125,0.0002705476125,0.0002705476125,0.0002705476125,2,0,
PLCE,PLCE-The Childrens Place-2022.pdf,50,0.0,0,0.0,0.0,0.0,0.0,0,0,
PLCE,PLCE-The Childrens Place-2022.pdf,51,0.0,0,0.0,0.0,0.0,0.0,0,0,
PLCE,PLCE-The Childrens Place-2022.pdf,52,0.0,0,0.0,0.0,0.0,0.0,0,0,
PLCE,PLCE-The Childrens Place-2022.pdf,53,0.0,0,0.0,0.0,0.0,0.0,0,0,
PLCE,PLCE-The Childrens Place-2022.pdf,55,0.0,0,0.0,0.0,0.0,0.0,0,0,
PLCE,PLCE-The Childrens Place-2022.pdf,59,0.0039515653124999,1,0.0039515653124999,0.0039515653124999,0.0039515653124999,0.0039515653124999,2,0,
PLCE,PLCE-The Childrens Place-2022.pdf,60,0.0037371684375,1,0.0037371684375,0.0037371684375,0.0037371684375,0.0037371684375,3,0,
PLCE,PLCE-The Childrens Place-2022.pdf,66,0.0,0,0.0,0.0,0.0,0.0,0,0,
PLCE,PLCE-The Childrens Place-2022.pdf,67,0.0,0,0.0,0.0,0.0,0.0,0,0,
PLCE,PLCE-The Childrens Place-2022.pdf,68,0.0,0,0.0,0.0,0.0,0.0,0,0,
PLCE,PLCE-The Childrens Place-2022.pdf,69,0.0,0,0.0,0.0,0.0,0.0,0,0,
PLCE,PLCE-The Childrens Place-2022.pdf,70,0.0,0,0.0,0.0,0.0,0.0,0,0,
PLCE,PLCE-The Childrens Place-2022.pdf,72,0.1572104166666666,1,0.1572104166666666,0.1572104166666666,0.1572104166666666,0.1572104166666666,4,0,
PLCE,PLCE-The Childrens Place-2022.pdf,73,0.1981416666666666,1,0.1981416666666666,0.1981416666666666,0.1981416666666666,0.1981416666666666,6,0,
PLCE,PLCE-The Childrens Place-2022.pdf,78,0.5469188541666666,1,0.5469188541666666,0.5469188541666666,0.5469188541666666,0.5469188541666666,15,0,
PLCE,PLCE-The Childrens Place-2022.pdf,81,0.3662261458333333,1,0.3662261458333333,0.3662261458333333,0.3662261458333333,0.3662261458333333,6,0,
PLCE,PLCE-The Childrens Place-2022.pdf,87,0.3355282291666667,1,0.3355282291666667,0.3355282291666667,0.3355282291666667,0.3355282291666667,4,0,
PLCE,PLCE-The Childrens Place-2022.pdf,88,0.2881657291666667,1,0.2881657291666667,0.2881657291666667,0.2881657291666667,0.2881657291666667,4,0,
PLCE,PLCE-The Childrens Place-2022.pdf,89,0.3513157291666667,1,0.3513157291666667,0.3513157291666667,0.3513157291666667,0.3513157291666667,4,0,
PLCE,PLCE-The Childrens Place-2022.pdf,90,0.3188636458333334,1,0.3188636458333334,0.3188636458333334,0.3188636458333334,0.3188636458333334,4,0,
PLCE,PLCE-The Childrens Place-2022.pdf,91,0.3390365625,1,0.3390365625,0.3390365625,0.3390365625,0.3390365625,4,0,
PLCE,PLCE-The Childrens Place-2022.pdf,94,0.22815,1,0.22815,0.22815,0.22815,0.22815,3,0,
PLCE,PLCE-The Childrens Place-2022.pdf,95,0.18315,1,0.18315,0.18315,0.18315,0.18315,3,0,
PLCE,PLCE-The Childrens Place-2022.pdf,96,0.238275,1,0.238275,0.238275,0.238275,0.238275,3,0,
PLCE,PLCE-The Childrens Place-2022.pdf,98,0.31899375,1,0.31899375,0.31899375,0.31899375,0.31899375,3,0,
PLCE,PLCE-The Childrens Place-2022.pdf,99,0.211275,1,0.211275,0.211275,0.211275,0.211275,3,0,
PLCE,PLCE-The Childrens Place-2022.pdf,100,0.2214,1,0.2214,0.2214,0.2214,0.2214,3,0,
PLCE,PLCE-The Childrens Place-2022.pdf,102,0.36286875,1,0.36286875,0.36286875,0.36286875,0.36286875,6,0,
PLCE,PLCE-The Childrens Place-2022.pdf,108,0.0,0,0.0,0.0,0.0,0.0,0,0,
PLCE,PLCE-The Childrens Place-2022.pdf,110,0.263934375,1,0.263934375,0.263934375,0.263934375,0.263934375,20,0,
PLCE,PLCE-The Childrens Place-2022.pdf,111,0.2849138570833333,1,0.2849138570833333,0.2849138570833333,0.2849138570833333,0.2849138570833333,20,0,
PTRN,PTRN-Pattern Group-2021.pdf,4,0.0085674404372323,1,0.0085674404372323,0.0085674404372323,0.0085674404372323,0.0085674404372323,2,0,
PTRN,PTRN-Pattern Group-2021.pdf,17,0.0,0,0.0,0.0,0.0,0.0,0,0,
PTRN,PTRN-Pattern Group-2021.pdf,18,0.1519254509174617,2,0.1519254509174617,0.1519254509174617,0.1519254509174617,0.0765644391022414,3,0,
PTRN,PTRN-Pattern Group-2021.pdf,19,0.0,0,0.0,0.0,0.0,0.0,0,0,
PTRN,PTRN-Pattern Group-2021.pdf,23,0.0,0,0.0,0.0,0.0,0.0,0,0,
PTRN,PTRN-Pattern Group-2021.pdf,28,0.0,0,0.0,0.0,0.0,0.0,0,0,
PTRN,PTRN-Pattern Group-2021.pdf,30,0.0,0,0.0,0.0,0.0,0.0,0,0,
PTRN,PTRN-Pattern Group-2021.pdf,31,0.0,0,0.0,0.0,0.0,0.0,0,0,
PTRN,PTRN-Pattern Group-2021.pdf,34,0.0,0,0.0,0.0,0.0,0.0,0,0,
PTRN,PTRN-Pattern Group-2021.pdf,35,0.0,0,0.0,0.0,0.0,0.0,0,0,
PTRN,PTRN-Pattern Group-2021.pdf,42,0.0,0,0.0,0.0,0.0,0.0,0,0,
PTRN,PTRN-Pattern Group-2021.pdf,44,0.0,0,0.0,0.0,0.0,0.0,0,0,
PTRN,PTRN-Pattern Group-2021.pdf,56,0.0,0,0.0,0.0,0.0,0.0,0,0,
PTRN,PTRN-Pattern Group-2021.pdf,57,0.0,0,0.0,0.0,0.0,0.0,0,0,
PTRN,PTRN-Pattern Group-2021.pdf,58,0.0,0,0.0,0.0,0.0,0.0,0,0,
PTRN,PTRN-Pattern Group-2021.pdf,59,0.0,0,0.0,0.0,0.0,0.0,0,0,
PTRN,PTRN-Pattern Group-2021.pdf,63,0.0,0,0.0,0.0,0.0,0.0,0,0,
PTRN,PTRN-Pattern Group-2021.pdf,67,0.0,0,0.0,0.0,0.0,0.0,0,0,
PTRN,PTRN-Pattern Group-2021.pdf,68,0.0,0,0.0,0.0,0.0,0.0,0,0,
PTRN,PTRN-Pattern Group-2021.pdf,71,0.0,0,0.0,0.0,0.0,0.0,0,0,
PTRN,PTRN-Pattern Group-2021.pdf,75,0.0,0,0.0,0.0,0.0,0.0,0,0,
PTRN,PTRN-Pattern Group-2021.pdf,77,0.0,0,0.0,0.0,0.0,0.0,0,0,
PTRN,PTRN-Pattern Group-2021.pdf,85,0.1840766190941118,1,0.1840766190941118,0.1840766190941118,0.1840766190941118,0.1840766190941118,7,0,
PTRN,PTRN-Pattern Group-2021.pdf,88,0.0,0,0.0,0.0,0.0,0.0,0,0,
PTRN,PTRN-Pattern Group-2021.pdf,89,0.0,0,0.0,0.0,0.0,0.0,0,0,
PTRN,PTRN-Pattern Group-2021.pdf,90,0.0,0,0.0,0.0,0.0,0.0,0,0,
PTRN,PTRN-Pattern Group-2021.pdf,93,0.0,0,0.0,0.0,0.0,0.0,0,0,
PTRN,PTRN-Pattern Group-2021.pdf,94,0.0,0,0.0,0.0,0.0,0.0,0,0,
PTRN,PTRN-Pattern Group-2021.pdf,95,0.0,0,0.0,0.0,0.0,0.0,0,0,
PTRN,PTRN-Pattern Group-2021.pdf,98,0.0,0,0.0,0.0,0.0,0.0,0,0,
PTRN,PTRN-Pattern Group-2021.pdf,102,0.0,0,0.0,0.0,0.0,0.0,0,0,
PTRN,PTRN-Pattern Group-2021.pdf,104,0.0,0,0.0,0.0,0.0,0.0,0,0,
ROST,ROST-ROSS STORES INC-2023.pdf,3,0.0,0,0.0,0.0,0.0,0.0,0,0,
ROST,ROST-ROSS STORES INC-2023.pdf,8,0.0,0,0.0,0.0,0.0,0.0,0,0,
ROST,ROST-ROSS STORES INC-2023.pdf,9,0.0,0,0.0,0.0,0.0,0.0,0,0,
ROST,ROST-ROSS STORES INC-2023.pdf,10,0.0,0,0.0,0.0,0.0,0.0,0,0,
ROST,ROST-ROSS STORES INC-2023.pdf,11,0.0029987726530005,1,0.0029987726530005,0.0029987726530005,0.0029987726530005,0.0029987726530005,2,0,
ROST,ROST-ROSS STORES INC-2023.pdf,13,0.0,0,0.0,0.0,0.0,0.0,0,0,
ROST,ROST-ROSS STORES INC-2023.pdf,14,0.0,0,0.0,0.0,0.0,0.0,0,0,
ROST,ROST-ROSS STORES INC-2023.pdf,15,0.0,0,0.0,0.0,0.0,0.0,0,0,
ROST,ROST-ROSS STORES INC-2023.pdf,19,0.0028005545652604,1,0.0028005545652604,0.0028005545652604,0.0028005545652604,0.0028005545652604,2,0,
ROST,ROST-ROSS STORES INC-2023.pdf,23,0.0028005545652604,1,0.0028005545652604,0.0028005545652604,0.0028005545652604,0.0028005545652604,2,0,
ROST,ROST-ROSS STORES INC-2023.pdf,24,0.0,0,0.0,0.0,0.0,0.0,0,0,
ROST,ROST-ROSS STORES INC-2023.pdf,25,0.0004805449478788,1,0.0004805449478788,0.0004805449478788,0.0004805449478788,0.0004805449478788,2,0,
ROST,ROST-ROSS STORES INC-2023.pdf,33,0.0,0,0.0,0.0,0.0,0.0,0,0,
ROST,ROST-ROSS STORES INC-2023.pdf,34,0.0413874302156426,1,0.0413874302156426,0.0413874302156426,0.0413874302156426,0.0413874302156426,17,0,
ROST,ROST-ROSS STORES INC-2023.pdf,35,0.0,0,0.0,0.0,0.0,0.0,0,0,
ROST,ROST-ROSS STORES INC-2023.pdf,36,0.0,0,0.0,0.0,0.0,0.0,0,0,
ROST,ROST-ROSS STORES INC-2023.pdf,41,0.0,0,0.0,0.0,0.0,0.0,0,0,
ROST,ROST-ROSS STORES INC-2023.pdf,42,0.0,0,0.0,0.0,0.0,0.0,0,0,
ROST,ROST-ROSS STORES INC-2023.pdf,47,0.0,0,0.0,0.0,0.0,0.0,0,0,
ROST,ROST-ROSS STORES INC-2023.pdf,48,0.0,0,0.0,0.0,0.0,0.0,0,0,
ROST,ROST-ROSS STORES INC-2023.pdf,51,0.0,0,0.0,0.0,0.0,0.0,0,0,
ROST,ROST-ROSS STORES INC-2023.pdf,52,0.0,0,0.0,0.0,0.0,0.0,0,0,
ROST,ROST-ROSS STORES INC-2023.pdf,56,0.6189359962564781,1,0.6189359962564781,0.6189359962564781,0.6189359962564781,0.6189359962564781,17,0,
ROST,ROST-ROSS STORES INC-2023.pdf,57,0.6396529933750437,1,0.6396529933750437,0.6396529933750437,0.6396529933750437,0.6396529933750437,11,0,
ROST,ROST-ROSS STORES INC-2023.pdf,58,0.6094376246413734,1,0.6094376246413734,0.6094376246413734,0.6094376246413734,0.6094376246413734,25,0,
ROST,ROST-ROSS STORES INC-2023.pdf,59,0.2567903743315508,6,0.2567903743315508,0.2567903743315508,0.2567903743315508,0.0817939839572192,12,0,
ROST,ROST-ROSS STORES INC-2023.pdf,60,0.0,0,0.0,0.0,0.0,0.0,0,0,
SHOO,SHOO-MADDEN STEVEN LTD-2022.pdf,26,0.0,0,0.0,0.0,0.0,0.0,0,0,
SHOO,SHOO-MADDEN STEVEN LTD-2022.pdf,27,0.0,0,0.0,0.0,0.0,0.0,0,0,
SHOO,SHOO-MADDEN STEVEN LTD-2022.pdf,29,0.0,0,0.0,0.0,0.0,0.0,0,0,
SHOO,SHOO-MADDEN STEVEN LTD-2022.pdf,32,0.0,0,0.0,0.0,0.0,0.0,0,0,
SHOO,SHOO-MADDEN STEVEN LTD-2022.pdf,34,0.0,0,0.0,0.0,0.0,0.0,0,0,
SHOO,SHOO-MADDEN STEVEN LTD-2022.pdf,37,0.0,0,0.0,0.0,0.0,0.0,0,0,
SHOO,SHOO-MADDEN STEVEN LTD-2022.pdf,38,0.0,0,0.0,0.0,0.0,0.0,0,0,
SHOO,SHOO-MADDEN STEVEN LTD-2022.pdf,43,0.0,0,0.0,0.0,0.0,0.0,0,0,
SHOO,SHOO-MADDEN STEVEN LTD-2022.pdf,48,0.0510230532658179,1,0.0510230532658179,0.0510230532658179,0.0510230532658179,0.0510230532658179,15,0,
SHOO,SHOO-MADDEN STEVEN LTD-2022.pdf,50,0.0,0,0.0,0.0,0.0,0.0,0,0,
SHOO,SHOO-MADDEN STEVEN LTD-2022.pdf,51,0.0,0,0.0,0.0,0.0,0.0,0,0,
SHOO,SHOO-MADDEN STEVEN LTD-2022.pdf,54,0.0,0,0.0,0.0,0.0,0.0,0,0,
SHOO,SHOO-MADDEN STEVEN LTD-2022.pdf,58,0.0,0,0.0,0.0,0.0,0.0,0,0,
SHOO,SHOO-MADDEN STEVEN LTD-2022.pdf,60,0.0,0,0.0,0.0,0.0,0.0,0,0,
SHOO,SHOO-MADDEN STEVEN LTD-2022.pdf,68,0.0,0,0.0,0.0,0.0,0.0,0,0,
SHOO,SHOO-MADDEN STEVEN LTD-2022.pdf,75,0.0,0,0.0,0.0,0.0,0.0,0,0,
SHOO,SHOO-MADDEN STEVEN LTD-2022.pdf,76,0.0,0,0.0,0.0,0.0,0.0,0,0,
SHOO,SHOO-MADDEN STEVEN LTD-2022.pdf,78,0.0,0,0.0,0.0,0.0,0.0,0,0,
SONO,SONO-SONOS INC-2022.pdf,3,0.0,0,0.0,0.0,0.0,0.0,0,0,
SONO,SONO-SONOS INC-2022.pdf,4,0.0,0,0.0,0.0,0.0,0.0,0,0,
SONO,SONO-SONOS INC-2022.pdf,10,0.0,0,0.0,0.0,0.0,0.0,0,0,
SONO,SONO-SONOS INC-2022.pdf,12,0.0,0,0.0,0.0,0.0,0.0,0,0,
SONO,SONO-SONOS INC-2022.pdf,14,0.0,0,0.0,0.0,0.0,0.0,0,0,
SONO,SONO-SONOS INC-2022.pdf,15,0.0,0,0.0,0.0,0.0,0.0,0,0,
SONO,SONO-SONOS INC-2022.pdf,18,0.0,0,0.0,0.0,0.0,0.0,0,0,
SONO,SONO-SONOS INC-2022.pdf,24,0.0,0,0.0,0.0,0.0,0.0,0,0,
SONO,SONO-SONOS INC-2022.pdf,28,0.0,0,0.0,0.0,0.0,0.0,0,0,
SONO,SONO-SONOS INC-2022.pdf,36,0.0,0,0.0,0.0,0.0,0.0,0,0,
SONO,SONO-SONOS INC-2022.pdf,39,0.0,0,0.0,0.0,0.0,0.0,0,0,
SONO,SONO-SONOS INC-2022.pdf,43,0.5631340570746529,2,0.5631340570746529,0.5631340570746529,0.5631340570746529,0.2904603933376737,15,0,
SONO,SONO-SONOS INC-2022.pdf,45,0.5583778662109374,2,0.5583778662109374,0.5583778662109374,0.5583778662109374,0.369225326063368,15,0,
SONO,SONO-SONOS INC-2022.pdf,46,0.4856697184244792,3,0.4856697184244792,0.4856697184244792,0.4856697184244792,0.2097710074869792,9,0,
SONO,SONO-SONOS INC-2024.pdf,4,1.0,1,0.0,0.0,0.0,1.0,2,1,
SONO,SONO-SONOS INC-2024.pdf,5,0.0,0,0.0,0.0,0.0,0.0,0,0,
SONO,SONO-SONOS INC-2024.pdf,9,0.0,0,0.0,0.0,0.0,0.0,0,0,
SONO,SONO-SONOS INC-2024.pdf,11,0.0,0,0.0,0.0,0.0,0.0,0,0,
SONO,SONO-SONOS INC-2024.pdf,14,0.0,0,0.0,0.0,0.0,0.0,0,0,
SONO,SONO-SONOS INC-2024.pdf,16,0.0,0,0.0,0.0,0.0,0.0,0,0,
SONO,SONO-SONOS INC-2024.pdf,17,0.0,0,0.0,0.0,0.0,0.0,0,0,
SONO,SONO-SONOS INC-2024.pdf,23,0.2528936284722222,1,0.2528936284722222,0.2528936284722222,0.2528936284722222,0.2528936284722222,28,0,
SONO,SONO-SONOS INC-2024.pdf,24,0.0,0,0.0,0.0,0.0,0.0,0,0,
SONO,SONO-SONOS INC-2024.pdf,31,0.0,0,0.0,0.0,0.0,0.0,0,0,
SONO,SONO-SONOS INC-2024.pdf,32,0.0,0,0.0,0.0,0.0,0.0,0,0,
SONO,SONO-SONOS INC-2024.pdf,34,0.0,0,0.0,0.0,0.0,0.0,0,0,
SONO,SONO-SONOS INC-2024.pdf,35,0.0,0,0.0,0.0,0.0,0.0,0,0,
SONO,SONO-SONOS INC-2024.pdf,36,0.0,0,0.0,0.0,0.0,0.0,0,0,
SONO,SONO-SONOS INC-2024.pdf,39,0.573956652560764,2,0.573956652560764,0.573956652560764,0.573956652560764,0.2904604578993057,15,0,
SONO,SONO-SONOS INC-2024.pdf,41,0.5793629144965277,2,0.5793629144965277,0.5793629144965277,0.5793629144965277,0.3902103743489583,15,0,
SONO,SONO-SONOS INC-2024.pdf,42,0.5063294406467014,3,0.5063294406467014,0.5063294406467014,0.5063294406467014,0.2304307297092013,9,0,
SONO,SONO-SONOS INC-2024.pdf,44,0.6680926768663193,2,0.6680926768663193,0.6680926768663193,0.6680926768663193,0.449699076063368,8,0,
SONO,SONO-SONOS INC-2024.pdf,45,0.662369933810764,2,0.662369933810764,0.662369933810764,0.662369933810764,0.3399443017578125,8,0,
SONO,SONO-SONOS INC-2024.pdf,46,0.6739910921223958,1,0.6739910921223958,0.6739910921223958,0.6739910921223958,0.6739910921223958,14,0,
SONO,SONO-SONOS INC-2024.pdf,47,0.6378365782335069,1,0.6378365782335069,0.6378365782335069,0.6378365782335069,0.6378365782335069,14,0,
SONO,SONO-SONOS INC-2024.pdf,48,0.45413142578125,1,0.45413142578125,0.45413142578125,0.45413142578125,0.45413142578125,12,0,
SVV,SVV-Savers Value Village-2023.pdf,5,0.0,0,0.0,0.0,0.0,0.0,0,0,
SVV,SVV-Savers Value Village-2023.pdf,11,0.0,0,0.0,0.0,0.0,0.0,0,0,
SVV,SVV-Savers Value Village-2023.pdf,20,0.0,0,0.0,0.0,0.0,0.0,0,0,
SVV,SVV-Savers Value Village-2023.pdf,22,0.0,0,0.0,0.0,0.0,0.0,0,0,
SVV,SVV-Savers Value Village-2023.pdf,25,0.0,0,0.0,0.0,0.0,0.0,0,0,
SVV,SVV-Savers Value Village-2023.pdf,31,0.0,0,0.0,0.0,0.0,0.0,0,0,
SVV,SVV-Savers Value Village-2023.pdf,37,0.0,0,0.0,0.0,0.0,0.0,0,0,
SVV,SVV-Savers Value Village-2023.pdf,40,0.3761301302489903,1,0.3761301302489903,0.3761301302489903,0.3761301302489903,0.3761301302489903,15,0,
SVV,SVV-Savers Value Village-2023.pdf,44,0.4319832139132452,1,0.4319832139132452,0.4319832139132452,0.4319832139132452,0.4319832139132452,13,0,
SVV,SVV-Savers Value Village-2023.pdf,46,0.0,0,0.0,0.0,0.0,0.0,0,0,
T,T-AT&T INC-2022.pdf,3,0.8029366404658566,1,0.8029366404658566,0.0,0.8029366404658566,0.8029366404658566,2,0,
T,T-AT&T INC-2022.pdf,5,0.3018077216692916,2,0.3018077216692916,0.3018077216692916,0.3018077216692916,0.2716109449838171,10,0,
T,T-AT&T INC-2022.pdf,9,0.5411573144483602,1,0.5411573144483602,0.5411573144483602,0.5411573144483602,0.5411573144483602,3,0,
T,T-AT&T INC-2022.pdf,11,0.5411574171174913,1,0.5411574171174913,0.5411574171174913,0.5411574171174913,0.5411574171174913,3,0,
T,T-AT&T INC-2022.pdf,14,0.5411571971122107,1,0.5411571971122107,0.5411571971122107,0.5411571971122107,0.5411571971122107,2,0,
T,T-AT&T INC-2022.pdf,15,0.5411572640782011,1,0.5411572640782011,0.5411572640782011,0.5411572640782011,0.5411572640782011,2,0,
T,T-AT&T INC-2022.pdf,20,0.6962748741653405,1,0.6962748741653405,0.6962748741653405,0.6962748741653405,0.6962748741653405,2,0,
T,T-AT&T INC-2022.pdf,30,0.8029357604456019,1,0.8029357604456019,0.0,0.8029357604456019,0.8029357604456019,2,0,
T,T-AT&T INC-2022.pdf,32,0.0,0,0.0,0.0,0.0,0.0,0,0,
T,T-AT&T INC-2024.pdf,3,0.0,0,0.0,0.0,0.0,0.0,0,0,
T,T-AT&T INC-2024.pdf,4,0.0,0,0.0,0.0,0.0,0.0,0,0,
T,T-AT&T INC-2024.pdf,8,0.005072288309224,2,0.005072288309224,0.005072288309224,0.005072288309224,0.0025449619752675,2,0,
T,T-AT&T INC-2024.pdf,18,0.0,0,0.0,0.0,0.0,0.0,0,0,
T,T-AT&T INC-2024.pdf,19,0.0,0,0.0,0.0,0.0,0.0,0,0,
T,T-AT&T INC-2024.pdf,21,0.0,0,0.0,0.0,0.0,0.0,0,0,
T,T-AT&T INC-2024.pdf,22,0.0,0,0.0,0.0,0.0,0.0,0,0,
TJX,TJX-Tjx Cos Inc-2022.pdf,3,0.0,0,0.0,0.0,0.0,0.0,0,0,
TJX,TJX-Tjx Cos Inc-2022.pdf,17,0.0,0,0.0,0.0,0.0,0.0,0,0,
TJX,TJX-Tjx Cos Inc-2022.pdf,41,0.0,0,0.0,0.0,0.0,0.0,0,0,
TJX,TJX-Tjx Cos Inc-2022.pdf,91,0.2132079212715388,2,0.2132079212715388,0.2132079212715388,0.2132079212715388,0.1066039606357694,3,0,
TJX,TJX-Tjx Cos Inc-2022.pdf,92,0.0,0,0.0,0.0,0.0,0.0,0,0,
TJX,TJX-Tjx Cos Inc-2022.pdf,108,0.5894631381686813,1,0.5894631381686813,0.5894631381686813,0.5894631381686813,0.5894631381686813,21,0,
TJX,TJX-Tjx Cos Inc-2024.pdf,3,0.0,0,0.0,0.0,0.0,0.0,0,0,
TJX,TJX-Tjx Cos Inc-2024.pdf,4,0.0033308693622437,2,0.0033308693622437,0.0033308693622437,0.0033308693622437,0.0029624849553112,2,0,
TJX,TJX-Tjx Cos Inc-2024.pdf,5,0.0,0,0.0,0.0,0.0,0.0,0,0,
TJX,TJX-Tjx Cos Inc-2024.pdf,7,0.0,0,0.0,0.0,0.0,0.0,0,0,
TJX,TJX-Tjx Cos Inc-2024.pdf,11,0.0,0,0.0,0.0,0.0,0.0,0,0,
TJX,TJX-Tjx Cos Inc-2024.pdf,13,0.0,0,0.0,0.0,0.0,0.0,0,0,
TJX,TJX-Tjx Cos Inc-2024.pdf,14,0.0,0,0.0,0.0,0.0,0.0,0,0,
TJX,TJX-Tjx Cos Inc-2024.pdf,15,0.0,0,0.0,0.0,0.0,0.0,0,0,
TJX,TJX-Tjx Cos Inc-2024.pdf,18,0.0,0,0.0,0.0,0.0,0.0,0,0,
TJX,TJX-Tjx Cos Inc-2024.pdf,20,0.0,0,0.0,0.0,0.0,0.0,0,0,
TJX,TJX-Tjx Cos Inc-2024.pdf,23,0.0,0,0.0,0.0,0.0,0.0,0,0,
TJX,TJX-Tjx Cos Inc-2024.pdf,24,0.0004264476474817,1,0.0004264476474817,0.0004264476474817,0.0004264476474817,0.0004264476474817,2,0,
TJX,TJX-Tjx Cos Inc-2024.pdf,25,0.0,0,0.0,0.0,0.0,0.0,0,0,
TJX,TJX-Tjx Cos Inc-2024.pdf,26,0.0,0,0.0,0.0,0.0,0.0,0,0,
TJX,TJX-Tjx Cos Inc-2024.pdf,33,0.0,0,0.0,0.0,0.0,0.0,0,0,
TJX,TJX-Tjx Cos Inc-2024.pdf,38,0.0,0,0.0,0.0,0.0,0.0,0,0,
TJX,TJX-Tjx Cos Inc-2024.pdf,39,0.3267732322329973,4,0.3267732322329973,0.3267732322329973,0.3267732322329973,0.1267040819062,2,0,
TJX,TJX-Tjx Cos Inc-2024.pdf,40,0.0,0,0.0,0.0,0.0,0.0,0,0,
TJX,TJX-Tjx Cos Inc-2024.pdf,41,0.0,0,0.0,0.0,0.0,0.0,0,0,
TJX,TJX-Tjx Cos Inc-2024.pdf,42,0.0,0,0.0,0.0,0.0,0.0,0,0,
TJX,TJX-Tjx Cos Inc-2024.pdf,43,0.0877760334588247,1,0.0877760334588247,0.0877760334588247,0.0877760334588247,0.0877760334588247,6,0,
TJX,TJX-Tjx Cos Inc-2024.pdf,44,0.0,0,0.0,0.0,0.0,0.0,0,0,
TJX,TJX-Tjx Cos Inc-2024.pdf,49,0.0,0,0.0,0.0,0.0,0.0,0,0,
TJX,TJX-Tjx Cos Inc-2024.pdf,50,0.1523456304310294,2,0.1523456304310294,0.1523456304310294,0.1523456304310294,0.1460443829833328,139,0,
TJX,TJX-Tjx Cos Inc-2024.pdf,51,0.0,0,0.0,0.0,0.0,0.0,0,0,
TJX,TJX-Tjx Cos Inc-2024.pdf,52,0.0,0,0.0,0.0,0.0,0.0,0,0,
TJX,TJX-Tjx Cos Inc-2024.pdf,53,0.0,0,0.0,0.0,0.0,0.0,0,0,
TJX,TJX-Tjx Cos Inc-2024.pdf,54,0.0,0,0.0,0.0,0.0,0.0,0,0,
TJX,TJX-Tjx Cos Inc-2024.pdf,56,0.0,0,0.0,0.0,0.0,0.0,0,0,
TJX,TJX-Tjx Cos Inc-2024.pdf,57,0.0,0,0.0,0.0,0.0,0.0,0,0,
TJX,TJX-Tjx Cos Inc-2024.pdf,59,0.0,0,0.0,0.0,0.0,0.0,0,0,
TJX,TJX-Tjx Cos Inc-2024.pdf,60,0.0,0,0.0,0.0,0.0,0.0,0,0,
TJX,TJX-Tjx Cos Inc-2024.pdf,63,0.0,0,0.0,0.0,0.0,0.0,0,0,
TJX,TJX-Tjx Cos Inc-2024.pdf,74,0.6868408980311572,1,0.6868408980311572,0.6868408980311572,0.6868408980311572,0.6868408980311572,22,0,
TJX,TJX-Tjx Cos Inc-2024.pdf,79,0.0,0,0.0,0.0,0.0,0.0,0,0,
TJX,TJX-Tjx Cos Inc-2025.pdf,3,0.0,0,0.0,0.0,0.0,0.0,0,0,
TJX,TJX-Tjx Cos Inc-2025.pdf,4,0.0,0,0.0,0.0,0.0,0.0,0,0,
TJX,TJX-Tjx Cos Inc-2025.pdf,5,0.0,0,0.0,0.0,0.0,0.0,0,0,
TJX,TJX-Tjx Cos Inc-2025.pdf,6,0.0,0,0.0,0.0,0.0,0.0,0,0,
TJX,TJX-Tjx Cos Inc-2025.pdf,7,0.0,0,0.0,0.0,0.0,0.0,0,0,
TJX,TJX-Tjx Cos Inc-2025.pdf,11,0.0,0,0.0,0.0,0.0,0.0,0,0,
TJX,TJX-Tjx Cos Inc-2025.pdf,13,0.0,0,0.0,0.0,0.0,0.0,0,0,
TJX,TJX-Tjx Cos Inc-2025.pdf,14,0.0,0,0.0,0.0,0.0,0.0,0,0,
TJX,TJX-Tjx Cos Inc-2025.pdf,15,0.0,0,0.0,0.0,0.0,0.0,0,0,
TJX,TJX-Tjx Cos Inc-2025.pdf,18,0.0,0,0.0,0.0,0.0,0.0,0,0,
TJX,TJX-Tjx Cos Inc-2025.pdf,20,0.0,0,0.0,0.0,0.0,0.0,0,0,
TJX,TJX-Tjx Cos Inc-2025.pdf,23,0.0,0,0.0,0.0,0.0,0.0,0,0,
TJX,TJX-Tjx Cos Inc-2025.pdf,25,0.0,0,0.0,0.0,0.0,0.0,0,0,
TJX,TJX-Tjx Cos Inc-2025.pdf,26,0.0,0,0.0,0.0,0.0,0.0,0,0,
TJX,TJX-Tjx Cos Inc-2025.pdf,32,0.0,0,0.0,0.0,0.0,0.0,0,0,
TJX,TJX-Tjx Cos Inc-2025.pdf,38,0.0,0,0.0,0.0,0.0,0.0,0,0,
TJX,TJX-Tjx Cos Inc-2025.pdf,39,0.0,0,0.0,0.0,0.0,0.0,0,0,
TJX,TJX-Tjx Cos Inc-2025.pdf,40,0.0,0,0.0,0.0,0.0,0.0,0,0,
TJX,TJX-Tjx Cos Inc-2025.pdf,41,0.0,0,0.0,0.0,0.0,0.0,0,0,
TJX,TJX-Tjx Cos Inc-2025.pdf,44,0.0,0,0.0,0.0,0.0,0.0,0,0,
TJX,TJX-Tjx Cos Inc-2025.pdf,45,0.0,0,0.0,0.0,0.0,0.0,0,0,
TJX,TJX-Tjx Cos Inc-2025.pdf,48,0.0,0,0.0,0.0,0.0,0.0,0,0,
TJX,TJX-Tjx Cos Inc-2025.pdf,49,0.1507371057819099,2,0.1507371057819099,0.1507371057819099,0.1507371057819099,0.1440585833922165,126,0,
TJX,TJX-Tjx Cos Inc-2025.pdf,51,0.0,0,0.0,0.0,0.0,0.0,0,0,
TJX,TJX-Tjx Cos Inc-2025.pdf,52,0.0,0,0.0,0.0,0.0,0.0,0,0,
TJX,TJX-Tjx Cos Inc-2025.pdf,53,0.0,0,0.0,0.0,0.0,0.0,0,0,
TJX,TJX-Tjx Cos Inc-2025.pdf,54,0.0,0,0.0,0.0,0.0,0.0,0,0,
TJX,TJX-Tjx Cos Inc-2025.pdf,56,0.0,0,0.0,0.0,0.0,0.0,0,0,
TJX,TJX-Tjx Cos Inc-2025.pdf,58,0.0,0,0.0,0.0,0.0,0.0,0,0,
TJX,TJX-Tjx Cos Inc-2025.pdf,59,0.0,0,0.0,0.0,0.0,0.0,0,0,
TJX,TJX-Tjx Cos Inc-2025.pdf,62,0.0,0,0.0,0.0,0.0,0.0,0,0,
TJX,TJX-Tjx Cos Inc-2025.pdf,73,0.686840898031157,1,0.686840898031157,0.686840898031157,0.686840898031157,0.686840898031157,26,0,
TJX,TJX-Tjx Cos Inc-2025.pdf,78,0.0,0,0.0,0.0,0.0,0.0,0,0,
UEIC,UEIC-UNIVERSAL ELECTRONICS INC-2024.pdf,10,0.0,0,0.0,0.0,0.0,0.0,0,0,
UEIC,UEIC-UNIVERSAL ELECTRONICS INC-2024.pdf,12,0.0,0,0.0,0.0,0.0,0.0,0,0,
ULTA,ULTA-ULTA BEAUTY INC-2021.pdf,3,0.3988786048392421,2,0.3988786048392421,0.3988786048392421,0.3988786048392421,0.2810991394335512,2,0,
ULTA,ULTA-ULTA BEAUTY INC-2021.pdf,8,0.0,0,0.0,0.0,0.0,0.0,0,0,
ULTA,ULTA-ULTA BEAUTY INC-2021.pdf,9,0.0,0,0.0,0.0,0.0,0.0,0,0,
ULTA,ULTA-ULTA BEAUTY INC-2021.pdf,10,0.0,0,0.0,0.0,0.0,0.0,0,0,
ULTA,ULTA-ULTA BEAUTY INC-2021.pdf,15,0.0,0,0.0,0.0,0.0,0.0,0,0,
ULTA,ULTA-ULTA BEAUTY INC-2021.pdf,16,0.1826778049655047,1,0.1826778049655047,0.1826778049655047,0.1826778049655047,0.1826778049655047,2,0,
ULTA,ULTA-ULTA BEAUTY INC-2021.pdf,18,0.0,0,0.0,0.0,0.0,0.0,0,0,
ULTA,ULTA-ULTA BEAUTY INC-2021.pdf,21,0.0009844781832486,1,0.0009844781832486,0.0009844781832486,0.0009844781832486,0.0009844781832486,3,0,
ULTA,ULTA-ULTA BEAUTY INC-2021.pdf,22,0.0,0,0.0,0.0,0.0,0.0,0,0,
ULTA,ULTA-ULTA BEAUTY INC-2021.pdf,27,0.0,0,0.0,0.0,0.0,0.0,0,0,
ULTA,ULTA-ULTA BEAUTY INC-2021.pdf,28,0.735282905959101,7,0.735282905959101,0.735282905959101,0.735282905959101,0.3125327406417113,3,0,
ULTA,ULTA-ULTA BEAUTY INC-2021.pdf,29,0.638916365782003,2,0.638916365782003,0.638916365782003,0.638916365782003,0.6324182323232322,2,0,
ULTA,ULTA-ULTA BEAUTY INC-2021.pdf,31,0.0,0,0.0,0.0,0.0,0.0,0,0,
ULTA,ULTA-ULTA BEAUTY INC-2021.pdf,33,0.1233948968731432,1,0.1233948968731432,0.1233948968731432,0.1233948968731432,0.1233948968731432,2,0,
ULTA,ULTA-ULTA BEAUTY INC-2021.pdf,35,0.0,0,0.0,0.0,0.0,0.0,0,0,
ULTA,ULTA-ULTA BEAUTY INC-2021.pdf,37,0.1288321962269756,2,0.1288321962269756,0.1288321962269756,0.1288321962269756,0.1246879300356506,5,0,
ULTA,ULTA-ULTA BEAUTY INC-2021.pdf,46,0.5162639214523365,1,0.5162639214523365,0.5162639214523365,0.5162639214523365,0.5162639214523365,31,0,
UPBD,UPD-UPBOUND GROUP INC-2023.pdf,7,0.0022472928691435,1,0.0022472928691435,0.0022472928691435,0.0022472928691435,0.0022472928691435,2,0,
UPBD,UPD-UPBOUND GROUP INC-2023.pdf,13,0.0,0,0.0,0.0,0.0,0.0,0,0,
UPBD,UPD-UPBOUND GROUP INC-2023.pdf,14,0.0,0,0.0,0.0,0.0,0.0,0,0,
UPBD,UPD-UPBOUND GROUP INC-2023.pdf,19,1.000000260416667,1,0.0,0.0,0.0,1.000000260416667,4,1,
UPBD,UPD-UPBOUND GROUP INC-2023.pdf,26,0.0,0,0.0,0.0,0.0,0.0,0,0,
UPBD,UPD-UPBOUND GROUP INC-2023.pdf,33,0.0,0,0.0,0.0,0.0,0.0,0,0,
UPBD,UPD-UPBOUND GROUP INC-2023.pdf,34,0.0,0,0.0,0.0,0.0,0.0,0,0,
UPBD,UPD-UPBOUND GROUP INC-2023.pdf,37,0.0,0,0.0,0.0,0.0,0.0,0,0,
UPBD,UPD-UPBOUND GROUP INC-2023.pdf,41,0.0,0,0.0,0.0,0.0,0.0,0,0,
UPBD,UPD-UPBOUND GROUP INC-2023.pdf,44,0.8011900358196373,1,0.8011900358196373,0.8011900358196373,0.8011900358196373,0.8011900358196373,60,0,
UPBD,UPD-UPBOUND GROUP INC-2023.pdf,45,0.5980764463462964,1,0.5980764463462964,0.5980764463462964,0.5980764463462964,0.5980764463462964,32,0,
UPBD,UPD-UPBOUND GROUP INC-2023.pdf,46,0.7284963760335649,1,0.7284963760335649,0.7284963760335649,0.7284963760335649,0.7284963760335649,57,0,
UPBD,UPD-UPBOUND GROUP INC-2023.pdf,47,0.5762310485037037,1,0.5762310485037037,0.5762310485037037,0.5762310485037037,0.5762310485037037,31,0,
UPBD,UPD-UPBOUND GROUP INC-2023.pdf,48,0.4606817594328704,1,0.4606817594328704,0.4606817594328704,0.4606817594328704,0.4606817594328704,26,0,
UPBD,UPD-UPBOUND GROUP INC-2023.pdf,49,0.5796129499834362,1,0.5796129499834362,0.5796129499834362,0.5796129499834362,0.5796129499834362,31,0,
UPBD,UPD-UPBOUND GROUP INC-2023.pdf,50,0.7152863220089893,1,0.7152863220089893,0.7152863220089893,0.7152863220089893,0.7152863220089893,56,0,
UPBD,UPD-UPBOUND GROUP INC-2023.pdf,51,0.6527020195022376,1,0.6527020195022376,0.6527020195022376,0.6527020195022376,0.6527020195022376,35,0,
UPBD,UPD-UPBOUND GROUP INC-2023.pdf,52,0.6136896397106482,1,0.6136896397106482,0.6136896397106482,0.6136896397106482,0.6136896397106482,34,0,
UPBD,UPD-UPBOUND GROUP INC-2023.pdf,53,0.7465933235374614,1,0.7465933235374614,0.7465933235374614,0.7465933235374614,0.7465933235374614,40,0,
UPBD,UPD-UPBOUND GROUP INC-2023.pdf,54,0.0,0,0.0,0.0,0.0,0.0,0,0,
VFC,VFC-VF CORP-2024.pdf,3,0.0,0,0.0,0.0,0.0,0.0,0,0,
VFC,VFC-VF CORP-2024.pdf,4,0.0,0,0.0,0.0,0.0,0.0,0,0,
VFC,VFC-VF CORP-2024.pdf,8,0.0,0,0.0,0.0,0.0,0.0,0,0,
VFC,VFC-VF CORP-2024.pdf,9,0.0,0,0.0,0.0,0.0,0.0,0,0,
VFC,VFC-VF CORP-2024.pdf,17,0.0,0,0.0,0.0,0.0,0.0,0,0,
VFC,VFC-VF CORP-2024.pdf,19,0.0,0,0.0,0.0,0.0,0.0,0,0,
VFC,VFC-VF CORP-2024.pdf,21,0.0,0,0.0,0.0,0.0,0.0,0,0,
VFC,VFC-VF CORP-2024.pdf,22,0.0,0,0.0,0.0,0.0,0.0,0,0,
VFC,VFC-VF CORP-2024.pdf,23,0.0,0,0.0,0.0,0.0,0.0,0,0,
VFC,VFC-VF CORP-2024.pdf,24,0.0,0,0.0,0.0,0.0,0.0,0,0,
VFC,VFC-VF CORP-2024.pdf,25,0.0,0,0.0,0.0,0.0,0.0,0,0,
VFC,VFC-VF CORP-2024.pdf,26,0.0,0,0.0,0.0,0.0,0.0,0,0,
VFC,VFC-VF CORP-2024.pdf,29,0.0,0,0.0,0.0,0.0,0.0,0,0,
VFC,VFC-VF CORP-2024.pdf,30,0.0,0,0.0,0.0,0.0,0.0,0,0,
VFC,VFC-VF CORP-2024.pdf,32,0.0,0,0.0,0.0,0.0,0.0,0,0,
VFC,VFC-VF CORP-2024.pdf,37,0.0,0,0.0,0.0,0.0,0.0,0,0,
VFC,VFC-VF CORP-2024.pdf,42,0.0,0,0.0,0.0,0.0,0.0,0,0,
VFC,VFC-VF CORP-2024.pdf,43,0.0,0,0.0,0.0,0.0,0.0,0,0,
VFC,VFC-VF CORP-2024.pdf,44,0.0,0,0.0,0.0,0.0,0.0,0,0,
VFC,VFC-VF CORP-2024.pdf,47,0.0,0,0.0,0.0,0.0,0.0,0,0,
VFC,VFC-VF CORP-2024.pdf,49,0.0,0,0.0,0.0,0.0,0.0,0,0,
VFC,VFC-VF CORP-2024.pdf,50,0.0,0,0.0,0.0,0.0,0.0,0,0,
VFC,VFC-VF CORP-2024.pdf,51,0.0,0,0.0,0.0,0.0,0.0,0,0,
VFC,VFC-VF CORP-2024.pdf,52,0.0,0,0.0,0.0,0.0,0.0,0,0,
VFC,VFC-VF CORP-2024.pdf,55,0.0,0,0.0,0.0,0.0,0.0,0,0,
VFC,VFC-VF CORP-2024.pdf,58,0.0780962394113998,8,0.0780962394113998,0.0780962394113998,0.0780962394113998,0.0213097609706083,7,0,
VFC,VFC-VF CORP-2024.pdf,62,0.2777726970565334,2,0.2777726970565334,0.2777726970565334,0.2777726970565334,0.2230908758048004,5,0,
VFC,VFC-VF CORP-2024.pdf,63,0.309741130040664,2,0.309741130040664,0.309741130040664,0.309741130040664,0.2172735978560731,4,0,
VFC,VFC-VF CORP-2024.pdf,66,0.5832806390081369,1,0.5832806390081369,0.5832806390081369,0.5832806390081369,0.5832806390081369,30,0,
VFC,VFC-VF CORP-2024.pdf,78,0.0,0,0.0,0.0,0.0,0.0,0,0,
VSXY,VSXY-Victorias Secret-2022.pdf,4,0.9999624990624768,1,0.9999624990624768,0.9999624990624768,0.9999624990624768,0.9999624990624768,9,0,
VSXY,VSXY-Victorias Secret-2022.pdf,5,0.9999624990624768,1,0.9999624990624768,0.9999624990624768,0.9999624990624768,0.9999624990624768,9,0,
VSXY,VSXY-Victorias Secret-2022.pdf,10,0.9999624990624768,1,0.9999624990624768,0.9999624990624768,0.9999624990624768,0.9999624990624768,9,0,
VSXY,VSXY-Victorias Secret-2022.pdf,11,0.9999624990624768,1,0.9999624990624768,0.9999624990624768,0.9999624990624768,0.9999624990624768,9,0,
VSXY,VSXY-Victorias Secret-2022.pdf,13,1.1019804131466924,2,1.1019804131466924,1.1019804131466924,1.1019804131466924,0.9999624990624768,9,0,
VSXY,VSXY-Victorias Secret-2022.pdf,14,0.9999624990624768,1,0.9999624990624768,0.9999624990624768,0.9999624990624768,0.9999624990624768,9,0,
VSXY,VSXY-Victorias Secret-2022.pdf,15,0.9999624990624768,1,0.9999624990624768,0.9999624990624768,0.9999624990624768,0.9999624990624768,9,0,
VSXY,VSXY-Victorias Secret-2022.pdf,17,0.9999624990624768,1,0.9999624990624768,0.9999624990624768,0.9999624990624768,0.9999624990624768,9,0,
VSXY,VSXY-Victorias Secret-2022.pdf,18,0.9999624990624768,1,0.9999624990624768,0.9999624990624768,0.9999624990624768,0.9999624990624768,9,0,
VSXY,VSXY-Victorias Secret-2022.pdf,19,0.9999624990624768,1,0.9999624990624768,0.9999624990624768,0.9999624990624768,0.9999624990624768,9,0,
VSXY,VSXY-Victorias Secret-2022.pdf,22,0.9999624990624768,1,0.9999624990624768,0.9999624990624768,0.9999624990624768,0.9999624990624768,9,0,
VSXY,VSXY-Victorias Secret-2022.pdf,26,0.9999624990624768,1,0.9999624990624768,0.9999624990624768,0.9999624990624768,0.9999624990624768,9,0,
VSXY,VSXY-Victorias Secret-2022.pdf,27,0.9999624990624768,1,0.9999624990624768,0.9999624990624768,0.9999624990624768,0.9999624990624768,9,0,
VSXY,VSXY-Victorias Secret-2022.pdf,29,0.9999624990624768,1,0.9999624990624768,0.9999624990624768,0.9999624990624768,0.9999624990624768,9,0,
VSXY,VSXY-Victorias Secret-2022.pdf,30,0.9999624990624768,1,0.9999624990624768,0.9999624990624768,0.9999624990624768,0.9999624990624768,9,0,
VSXY,VSXY-Victorias Secret-2022.pdf,31,0.9999624990624768,1,0.9999624990624768,0.9999624990624768,0.9999624990624768,0.9999624990624768,9,0,
VSXY,VSXY-Victorias Secret-2022.pdf,32,0.9999624990624768,1,0.9999624990624768,0.9999624990624768,0.9999624990624768,0.9999624990624768,9,0,
VSXY,VSXY-Victorias Secret-2022.pdf,33,0.9999624990624768,1,0.9999624990624768,0.9999624990624768,0.9999624990624768,0.9999624990624768,9,0,
VSXY,VSXY-Victorias Secret-2022.pdf,34,0.9999624990624768,1,0.9999624990624768,0.9999624990624768,0.9999624990624768,0.9999624990624768,9,0,
VSXY,VSXY-Victorias Secret-2022.pdf,35,0.9999624990624768,1,0.9999624990624768,0.9999624990624768,0.9999624990624768,0.9999624990624768,9,0,
VSXY,VSXY-Victorias Secret-2022.pdf,36,0.9999624990624768,1,0.9999624990624768,0.9999624990624768,0.9999624990624768,0.9999624990624768,9,0,
VSXY,VSXY-Victorias Secret-2022.pdf,39,0.9999624990624768,1,0.9999624990624768,0.9999624990624768,0.9999624990624768,0.9999624990624768,9,0,
VSXY,VSXY-Victorias Secret-2022.pdf,41,0.9999624990624768,1,0.9999624990624768,0.9999624990624768,0.9999624990624768,0.9999624990624768,9,0,
VSXY,VSXY-Victorias Secret-2022.pdf,42,0.9999624990624768,1,0.9999624990624768,0.9999624990624768,0.9999624990624768,0.9999624990624768,9,0,
VSXY,VSXY-Victorias Secret-2022.pdf,44,0.9999624990624768,1,0.9999624990624768,0.9999624990624768,0.9999624990624768,0.9999624990624768,9,0,
VSXY,VSXY-Victorias Secret-2022.pdf,45,0.9999624990624768,1,0.9999624990624768,0.9999624990624768,0.9999624990624768,0.9999624990624768,9,0,
VSXY,VSXY-Victorias Secret-2022.pdf,49,1.1670180296174073,2,1.1670180296174073,1.1670180296174073,1.1670180296174073,0.9999624990624768,9,0,
VSXY,VSXY-Victorias Secret-2022.pdf,54,1.4057413935348386,3,1.4057413935348386,1.4057413935348386,1.4057413935348386,0.9999624990624768,9,0,
VSXY,VSXY-Victorias Secret-2022.pdf,55,0.9999624990624768,1,0.9999624990624768,0.9999624990624768,0.9999624990624768,0.9999624990624768,9,0,
VSXY,VSXY-Victorias Secret-2022.pdf,58,0.9999624990624768,1,0.9999624990624768,0.9999624990624768,0.9999624990624768,0.9999624990624768,9,0,
VSXY,VSXY-Victorias Secret-2022.pdf,65,1.2537647074923723,7,1.2537647074923723,1.2537647074923723,1.2537647074923723,0.9999624990624768,9,0,
VVV,VVV-VALVOLINE INC-2021.pdf,5,0.5825046939988117,1,0.5825046939988117,0.5825046939988117,0.5825046939988117,0.5825046939988117,356,0,
VVV,VVV-VALVOLINE INC-2021.pdf,6,0.0,0,0.0,0.0,0.0,0.0,0,0,
VVV,VVV-VALVOLINE INC-2021.pdf,10,0.0856232111515481,1,0.0856232111515481,0.0856232111515481,0.0856232111515481,0.0856232111515481,2,0,
VVV,VVV-VALVOLINE INC-2021.pdf,11,0.0,0,0.0,0.0,0.0,0.0,0,0,
VVV,VVV-VALVOLINE INC-2021.pdf,16,0.0,0,0.0,0.0,0.0,0.0,0,0,
VVV,VVV-VALVOLINE INC-2021.pdf,20,0.3812957628743615,1,0.3812957628743615,0.3812957628743615,0.3812957628743615,0.3812957628743615,160,0,
VVV,VVV-VALVOLINE INC-2021.pdf,21,0.1369843055555555,1,0.1369843055555555,0.1369843055555555,0.1369843055555555,0.1369843055555555,140,0,
VVV,VVV-VALVOLINE INC-2021.pdf,29,0.6033998811448431,2,0.6033998811448431,0.6033998811448431,0.6033998811448431,0.5728848969235156,34,0,
VVV,VVV-VALVOLINE INC-2021.pdf,33,0.5589487996616817,3,0.5589487996616817,0.5589487996616817,0.5589487996616817,0.4024898479421933,28,0,
VVV,VVV-VALVOLINE INC-2021.pdf,34,0.4925165079842543,4,0.4925165079842543,0.4925165079842543,0.4925165079842543,0.1826038752381659,12,0,
VVV,VVV-VALVOLINE INC-2021.pdf,35,0.4442641063075856,5,0.4442641063075856,0.4442641063075856,0.4442641063075856,0.1398464850402059,6,0,
VVV,VVV-VALVOLINE INC-2021.pdf,36,0.4637054943140827,4,0.4637054943140827,0.4637054943140827,0.4637054943140827,0.2899565116600175,12,0,
VVV,VVV-VALVOLINE INC-2021.pdf,38,0.5800822621417165,3,0.5800822621417165,0.5800822621417165,0.5800822621417165,0.3492696207707326,22,0,
VVV,VVV-VALVOLINE INC-2021.pdf,40,0.4852161637597027,4,0.4852161637597027,0.4852161637597027,0.4852161637597027,0.35403728792652,22,0,
VVV,VVV-VALVOLINE INC-2021.pdf,42,0.3945572803098342,7,0.3945572803098342,0.3945572803098342,0.3945572803098342,0.0937175059509662,6,0,
VVV,VVV-VALVOLINE INC-2021.pdf,44,0.3690855148937273,6,0.3690855148937273,0.3690855148937273,0.3690855148937273,0.146055240439592,10,0,
VVV,VVV-VALVOLINE INC-2021.pdf,45,0.0,0,0.0,0.0,0.0,0.0,0,0,
WMK,WMK-WEIS MARKETS INC-2022.pdf,27,1.3696000916280864,1,1.3696000916280864,1.3696000916280864,1.3696000916280864,1.3696000916280864,34,0,
XOM,XOM-EXXON MOBIL CORP-2022.pdf,2,0.0,0,0.0,0.0,0.0,0.0,0,0,
XOM,XOM-EXXON MOBIL CORP-2022.pdf,3,0.0,0,0.0,0.0,0.0,0.0,0,0,
XOM,XOM-EXXON MOBIL CORP-2022.pdf,10,0.0,0,0.0,0.0,0.0,0.0,0,0,
XOM,XOM-EXXON MOBIL CORP-2022.pdf,12,0.0,0,0.0,0.0,0.0,0.0,0,0,
XOM,XOM-EXXON MOBIL CORP-2022.pdf,17,0.0,0,0.0,0.0,0.0,0.0,0,0,
XOM,XOM-EXXON MOBIL CORP-2022.pdf,19,0.0,0,0.0,0.0,0.0,0.0,0,0,
XOM,XOM-EXXON MOBIL CORP-2022.pdf,20,0.0,0,0.0,0.0,0.0,0.0,0,0,
XOM,XOM-EXXON MOBIL CORP-2022.pdf,21,0.0,0,0.0,0.0,0.0,0.0,0,0,
XOM,XOM-EXXON MOBIL CORP-2022.pdf,24,0.0,0,0.0,0.0,0.0,0.0,0,0,
XOM,XOM-EXXON MOBIL CORP-2022.pdf,29,0.0,0,0.0,0.0,0.0,0.0,0,0,
XOM,XOM-EXXON MOBIL CORP-2022.pdf,30,0.0,0,0.0,0.0,0.0,0.0,0,0,
XOM,XOM-EXXON MOBIL CORP-2022.pdf,32,0.0,0,0.0,0.0,0.0,0.0,0,0,
XOM,XOM-EXXON MOBIL CORP-2022.pdf,36,0.0,0,0.0,0.0,0.0,0.0,0,0,
XOM,XOM-EXXON MOBIL CORP-2022.pdf,40,0.0,0,0.0,0.0,0.0,0.0,0,0,
XOM,XOM-EXXON MOBIL CORP-2022.pdf,41,0.0,0,0.0,0.0,0.0,0.0,0,0,
XOM,XOM-EXXON MOBIL CORP-2022.pdf,45,0.0,0,0.0,0.0,0.0,0.0,0,0,
XOM,XOM-EXXON MOBIL CORP-2022.pdf,46,0.0,0,0.0,0.0,0.0,0.0,0,0,
XOM,XOM-EXXON MOBIL CORP-2022.pdf,47,0.0,0,0.0,0.0,0.0,0.0,0,0,
XOM,XOM-EXXON MOBIL CORP-2022.pdf,48,0.0,0,0.0,0.0,0.0,0.0,0,0,
XOM,XOM-EXXON MOBIL CORP-2022.pdf,50,0.0,0,0.0,0.0,0.0,0.0,0,0,
XOM,XOM-EXXON MOBIL CORP-2022.pdf,52,0.0,0,0.0,0.0,0.0,0.0,0,0,
XOM,XOM-EXXON MOBIL CORP-2022.pdf,54,0.0,0,0.0,0.0,0.0,0.0,0,0,
XOM,XOM-EXXON MOBIL CORP-2022.pdf,57,0.0,0,0.0,0.0,0.0,0.0,0,0,
XOM,XOM-EXXON MOBIL CORP-2022.pdf,58,0.0,0,0.0,0.0,0.0,0.0,0,0,
XOM,XOM-EXXON MOBIL CORP-2022.pdf,63,0.0,0,0.0,0.0,0.0,0.0,0,0,
XOM,XOM-EXXON MOBIL CORP-2022.pdf,67,0.0,0,0.0,0.0,0.0,0.0,0,0,
XOM,XOM-EXXON MOBIL CORP-2022.pdf,68,0.0,0,0.0,0.0,0.0,0.0,0,0,
XOM,XOM-EXXON MOBIL CORP-2022.pdf,69,0.0,0,0.0,0.0,0.0,0.0,0,0,
XOM,XOM-EXXON MOBIL CORP-2022.pdf,70,0.0,0,0.0,0.0,0.0,0.0,0,0,
XOM,XOM-EXXON MOBIL CORP-2022.pdf,81,0.0,0,0.0,0.0,0.0,0.0,0,0,
XOM,XOM-EXXON MOBIL CORP-2022.pdf,83,0.0,0,0.0,0.0,0.0,0.0,0,0,
XOM,XOM-EXXON MOBIL CORP-2022.pdf,84,0.0,0,0.0,0.0,0.0,0.0,0,0,
XOM,XOM-EXXON MOBIL CORP-2026.pdf,6,0.0,0,0.0,0.0,0.0,0.0,0,0,
XOM,XOM-EXXON MOBIL CORP-2026.pdf,9,0.0304812834224599,1,0.0304812834224599,0.0304812834224599,0.0304812834224599,0.0304812834224599,2,0,
XOM,XOM-EXXON MOBIL CORP-2026.pdf,10,0.0304812834224599,1,0.0304812834224599,0.0304812834224599,0.0304812834224599,0.0304812834224599,3,0,
XOM,XOM-EXXON MOBIL CORP-2026.pdf,11,0.0304812834224599,1,0.0304812834224599,0.0304812834224599,0.0304812834224599,0.0304812834224599,2,0,
XOM,XOM-EXXON MOBIL CORP-2026.pdf,12,0.0304812834224599,1,0.0304812834224599,0.0304812834224599,0.0304812834224599,0.0304812834224599,2,0,
XOM,XOM-EXXON MOBIL CORP-2026.pdf,13,0.0304812834224599,1,0.0304812834224599,0.0304812834224599,0.0304812834224599,0.0304812834224599,2,0,
XOM,XOM-EXXON MOBIL CORP-2026.pdf,15,0.0304812834224599,1,0.0304812834224599,0.0304812834224599,0.0304812834224599,0.0304812834224599,2,0,
XOM,XOM-EXXON MOBIL CORP-2026.pdf,17,0.0304812834224599,1,0.0304812834224599,0.0304812834224599,0.0304812834224599,0.0304812834224599,2,0,
XOM,XOM-EXXON MOBIL CORP-2026.pdf,19,0.6421916339869282,2,0.6421916339869282,0.6421916339869282,0.6421916339869282,0.5933801247771837,4,0,
XOM,XOM-EXXON MOBIL CORP-2026.pdf,22,0.6495276292335116,1,0.6495276292335116,0.6495276292335116,0.6495276292335116,0.6495276292335116,4,0,
XOM,XOM-EXXON MOBIL CORP-2026.pdf,23,0.6451666047124681,4,0.6451666047124681,0.6451666047124681,0.6451666047124681,0.2799699362910148,15,0,
XOM,XOM-EXXON MOBIL CORP-2026.pdf,26,0.0304812834224599,1,0.0304812834224599,0.0304812834224599,0.0304812834224599,0.0304812834224599,2,0,
XOM,XOM-EXXON MOBIL CORP-2026.pdf,33,0.0304812834224599,1,0.0304812834224599,0.0304812834224599,0.0304812834224599,0.0304812834224599,2,0,
XOM,XOM-EXXON MOBIL CORP-2026.pdf,35,0.7643862581451774,1,0.7643862581451774,0.7643862581451774,0.7643862581451774,0.7643862581451774,6,0,
XOM,XOM-EXXON MOBIL CORP-2026.pdf,37,0.0304812834224599,1,0.0304812834224599,0.0304812834224599,0.0304812834224599,0.0304812834224599,2,0,
XOM,XOM-EXXON MOBIL CORP-2026.pdf,38,0.4393683155080214,1,0.4393683155080214,0.4393683155080214,0.4393683155080214,0.4393683155080214,4,0,
XOM,XOM-EXXON MOBIL CORP-2026.pdf,39,0.7185138146167559,1,0.7185138146167559,0.7185138146167559,0.7185138146167559,0.7185138146167559,5,0,
XOM,XOM-EXXON MOBIL CORP-2026.pdf,42,0.030468215983363,1,0.030468215983363,0.030468215983363,0.030468215983363,0.030468215983363,2,0,
XOM,XOM-EXXON MOBIL CORP-2026.pdf,43,0.0304812834224599,1,0.0304812834224599,0.0304812834224599,0.0304812834224599,0.0304812834224599,2,0,
XOM,XOM-EXXON MOBIL CORP-2026.pdf,46,0.4451437165775401,1,0.4451437165775401,0.4451437165775401,0.4451437165775401,0.4451437165775401,4,0,
XOM,XOM-EXXON MOBIL CORP-2026.pdf,51,0.0304812834224599,1,0.0304812834224599,0.0304812834224599,0.0304812834224599,0.0304812834224599,2,0,
XOM,XOM-EXXON MOBIL CORP-2026.pdf,53,0.0304812834224599,1,0.0304812834224599,0.0304812834224599,0.0304812834224599,0.0304812834224599,2,0,
XOM,XOM-EXXON MOBIL CORP-2026.pdf,59,0.4214532996137849,2,0.4214532996137849,0.4214532996137849,0.4214532996137849,0.3908963718062982,9,0,
XOM,XOM-EXXON MOBIL CORP-2026.pdf,61,0.0304812834224599,1,0.0304812834224599,0.0304812834224599,0.0304812834224599,0.0304812834224599,2,0,
XOM,XOM-EXXON MOBIL CORP-2026.pdf,63,0.6262667112299466,1,0.6262667112299466,0.6262667112299466,0.6262667112299466,0.6262667112299466,4,0,
XOM,XOM-EXXON MOBIL CORP-2026.pdf,64,0.0304812834224599,1,0.0304812834224599,0.0304812834224599,0.0304812834224599,0.0304812834224599,2,0,
XOM,XOM-EXXON MOBIL CORP-2026.pdf,66,0.7766856060606061,1,0.7766856060606061,0.7766856060606061,0.7766856060606061,0.7766856060606061,4,0,
XOM,XOM-EXXON MOBIL CORP-2026.pdf,67,0.0304812834224599,1,0.0304812834224599,0.0304812834224599,0.0304812834224599,0.0304812834224599,2,0,
XOM,XOM-EXXON MOBIL CORP-2026.pdf,69,0.0304863636363636,1,0.0304863636363636,0.0304863636363636,0.0304863636363636,0.0304863636363636,2,0,
XOM,XOM-EXXON MOBIL CORP-2026.pdf,70,0.858662005234016,4,0.858662005234016,0.858662005234016,0.858662005234016,0.7685134403309916,7,0,
XOM,XOM-EXXON MOBIL CORP-2026.pdf,71,0.368838721982901,1,0.368838721982901,0.368838721982901,0.368838721982901,0.368838721982901,4,0,
XOM,XOM-EXXON MOBIL CORP-2026.pdf,72,0.0304812834224599,1,0.0304812834224599,0.0304812834224599,0.0304812834224599,0.0304812834224599,2,0,
XOM,XOM-EXXON MOBIL CORP-2026.pdf,73,0.0304812834224599,1,0.0304812834224599,0.0304812834224599,0.0304812834224599,0.0304812834224599,2,0,
XOM,XOM-EXXON MOBIL CORP-2026.pdf,74,0.5653010710206643,1,0.5653010710206643,0.5653010710206643,0.5653010710206643,0.5653010710206643,4,0,
