ticker,pdf_file,source_pdf,source_size_bytes,source_mtime_utc,source_sha256,parse_source_kind,parse_source_pdf,parse_source_size_bytes,parse_source_mtime_utc,parse_source_sha256,parsed_text_file,page_map_file,status,error_message,page_count,char_count,table_count,content_hash,parsed_at,quality_flags,possible_wrong_doc_type,readable_word_count,readable_word_ratio,chars_per_page,garbled_char_count,pdf_stem,sections,section_chars,low_conf_sections,fallback_sections,chunks,avg_tokens,max_tokens,sections_per_100k_chars,chars_per_section
AAP,AAP-ADVANCE AUTO PARTS INC-2021.pdf,data/01_raw/sustainability/AAP/AAP-ADVANCE AUTO PARTS INC-2021.pdf,34004941,2026-07-13T09:57:08.051969+00:00,9e75b2d212c2afdf53f7de5a7ee389e4edadce4ab3b890034a456d63b28c1d98,raw,data/01_raw/sustainability/AAP/AAP-ADVANCE AUTO PARTS INC-2021.pdf,34004941,2026-07-13T09:57:08.051969+00:00,9e75b2d212c2afdf53f7de5a7ee389e4edadce4ab3b890034a456d63b28c1d98,data/02_interim/esg_text/AAP/AAP-ADVANCE AUTO PARTS INC-2021.txt,data/02_interim/esg_text/AAP/AAP-ADVANCE AUTO PARTS INC-2021.pages.csv,parsed,,64,128992,33,2400204f5c31d81e9d2678c93bd2923fef1479e48dffd5fce8836a4b6da58f2c,2026-07-13T11:22:55.210863+00:00,,False,15715,0.8098,2015.5,0,AAP-ADVANCE AUTO PARTS INC-2021,14,128980,0,0,64,474.84375,545,10.853386256512032,9213.714285714286
AAP,AAP-ADVANCE AUTO PARTS INC-2022.pdf,data/01_raw/sustainability/AAP/AAP-ADVANCE AUTO PARTS INC-2022.pdf,39878419,2026-07-13T09:57:12.758107+00:00,1cb671bfb38482ecbe667cecfc4690fd9b25bb7ed817dc744619f669ccff7c63,raw,data/01_raw/sustainability/AAP/AAP-ADVANCE AUTO PARTS INC-2022.pdf,39878419,2026-07-13T09:57:12.758107+00:00,1cb671bfb38482ecbe667cecfc4690fd9b25bb7ed817dc744619f669ccff7c63,data/02_interim/esg_text/AAP/AAP-ADVANCE AUTO PARTS INC-2022.txt,data/02_interim/esg_text/AAP/AAP-ADVANCE AUTO PARTS INC-2022.pages.csv,parsed,,63,127535,25,679e296adee3d9e93fa59fbe406292a5075cba6a17ff0eb45ec1d0603b38fce2,2026-07-13T11:22:54.935429+00:00,,False,14860,0.8075,2024.4,0,AAP-ADVANCE AUTO PARTS INC-2022,13,127509,0,0,73,468.8904109589041,575,10.193280276002666,9810.384615384615
AAPL,AAPL-APPLE INC-2021.pdf,data/01_raw/sustainability/AAPL/AAPL-APPLE INC-2021.pdf,3131079,2026-07-13T09:57:16.780893+00:00,3b17c8f0ba189c23430a947982a8dc7386ae8639fbbadf5ff21fa0b9310c1ed7,raw,data/01_raw/sustainability/AAPL/AAPL-APPLE INC-2021.pdf,3131079,2026-07-13T09:57:16.780893+00:00,3b17c8f0ba189c23430a947982a8dc7386ae8639fbbadf5ff21fa0b9310c1ed7,data/02_interim/esg_text/AAPL/AAPL-APPLE INC-2021.txt,data/02_interim/esg_text/AAPL/AAPL-APPLE INC-2021.pages.csv,parsed,,64,183911,1,433004f97583ace7040c6db1ce8c95a5e323c8638e464ad37cb86e14dfde6a32,2026-07-13T11:22:56.811693+00:00,,False,22290,0.836,2873.6,0,AAPL-APPLE INC-2021,14,183980,0,0,85,482.8588235294118,583,7.612377726182774,13136.5
AAPL,AAPL-APPLE INC-2022.pdf,data/01_raw/sustainability/AAPL/AAPL-APPLE INC-2022.pdf,9324447,2026-07-13T09:57:21.725717+00:00,48243d269275742a9aa9af16d7cb8804e5343a72a03778eb4635e27963ce95d4,raw,data/01_raw/sustainability/AAPL/AAPL-APPLE INC-2022.pdf,9324447,2026-07-13T09:57:21.725717+00:00,48243d269275742a9aa9af16d7cb8804e5343a72a03778eb4635e27963ce95d4,data/02_interim/esg_text/AAPL/AAPL-APPLE INC-2022.txt,data/02_interim/esg_text/AAPL/AAPL-APPLE INC-2022.pages.csv,parsed,,85,305668,2,8597945be431b8f5bddfa7b57f3af267193131f7b9972b3e54af23b248e6c7f7,2026-07-13T11:23:02.676356+00:00,,False,36536,0.8188,3596.1,0,AAPL-APPLE INC-2022,14,305718,0,0,144,491.2638888888889,595,4.580132692987163,21833.428571428572
AAPL,AAPL-APPLE INC-2023.pdf,data/01_raw/sustainability/AAPL/AAPL-APPLE INC-2023.pdf,15806770,2026-07-13T09:57:25.789409+00:00,da75397bede881a2a58628328ea068d53b5c44f805f117a82d8f1f63be2b339d,raw,data/01_raw/sustainability/AAPL/AAPL-APPLE INC-2023.pdf,15806770,2026-07-13T09:57:25.789409+00:00,da75397bede881a2a58628328ea068d53b5c44f805f117a82d8f1f63be2b339d,data/02_interim/esg_text/AAPL/AAPL-APPLE INC-2023.txt,data/02_interim/esg_text/AAPL/AAPL-APPLE INC-2023.pages.csv,parsed,,114,405495,11,9db4859c7361c4c815e2e1cc232254baa0073da8eda7a6b66ee03611ce3b9c8b,2026-07-13T11:23:34.454111+00:00,,False,47377,0.7998,3557.0,0,AAPL-APPLE INC-2023,13,405478,0,0,198,490.12626262626264,539,3.2059581499155354,31191.923076923078
AAPL,AAPL-APPLE INC-2024.pdf,data/01_raw/sustainability/AAPL/AAPL-APPLE INC-2024.pdf,22928608,2026-07-13T09:57:32.111419+00:00,597676e8b48ac45529303abc7ef47425ca62ff4efc3a375962a077a033525f74,raw,data/01_raw/sustainability/AAPL/AAPL-APPLE INC-2024.pdf,22928608,2026-07-13T09:57:32.111419+00:00,597676e8b48ac45529303abc7ef47425ca62ff4efc3a375962a077a033525f74,data/02_interim/esg_text/AAPL/AAPL-APPLE INC-2024.txt,data/02_interim/esg_text/AAPL/AAPL-APPLE INC-2024.pages.csv,parsed,,126,503834,45,1a068d0d58f1161cb81f6f027218d7c56fc2d28c3b3c2f481a55a5dabcf75aec,2026-07-13T11:23:39.781347+00:00,,False,59397,1.0176,3998.7,0,AAPL-APPLE INC-2024,14,503898,0,0,310,493.53225806451616,589,2.7786929822123954,35988.142857142855
AAPL,AAPL-APPLE INC-2025.pdf,data/01_raw/sustainability/AAPL/AAPL-APPLE INC-2025.pdf,23549534,2026-07-13T09:57:41.289629+00:00,dc23e8cb593f42969689c206dc7624156918d766efbbc9b20a9fb1d1c0b54518,raw,data/01_raw/sustainability/AAPL/AAPL-APPLE INC-2025.pdf,23549534,2026-07-13T09:57:41.289629+00:00,dc23e8cb593f42969689c206dc7624156918d766efbbc9b20a9fb1d1c0b54518,data/02_interim/esg_text/AAPL/AAPL-APPLE INC-2025.txt,data/02_interim/esg_text/AAPL/AAPL-APPLE INC-2025.pages.csv,parsed,,113,333837,16,22dd07dcd11fc24391480b21a2d3bbe13ada964bad8af91f50c9b5bce946e61d,2026-07-13T11:23:58.443423+00:00,,False,38230,0.802,2954.3,0,AAPL-APPLE INC-2025,14,333932,0,0,175,489.4685714285714,590,4.193663374640918,23845.5
ABG,ABG-ASBURY AUTOMOTIVE GROUP INC-2021.pdf,data/01_raw/sustainability/ABG/ABG-ASBURY AUTOMOTIVE GROUP INC-2021.pdf,9896223,2026-07-13T09:57:48.245421+00:00,5e1e954188a8e805c04906edc4cc6b959a4b237e451d11cc9bdb85cb0dea5da4,raw,data/01_raw/sustainability/ABG/ABG-ASBURY AUTOMOTIVE GROUP INC-2021.pdf,9896223,2026-07-13T09:57:48.245421+00:00,5e1e954188a8e805c04906edc4cc6b959a4b237e451d11cc9bdb85cb0dea5da4,data/02_interim/esg_text/ABG/ABG-ASBURY AUTOMOTIVE GROUP INC-2021.txt,data/02_interim/esg_text/ABG/ABG-ASBURY AUTOMOTIVE GROUP INC-2021.pages.csv,parsed,,56,93644,65,306e05e41f06ff51d11cd0ddab5fc45dde295928a212ce8622a527aa69523d83,2026-07-13T11:23:11.893197+00:00,,False,10982,0.7942,1672.2,0,ABG-ASBURY AUTOMOTIVE GROUP INC-2021,13,93713,1,0,48,466.125,565,13.882362991756011,7203.384615384615
ABG,ABG-ASBURY AUTOMOTIVE GROUP INC-2022.pdf,data/01_raw/sustainability/ABG/ABG-ASBURY AUTOMOTIVE GROUP INC-2022.pdf,20427846,2026-07-13T09:57:55.743140+00:00,0e0bc52234444738dd473441aee85057db867ca198fc94b93497cb75a21effbf,raw,data/01_raw/sustainability/ABG/ABG-ASBURY AUTOMOTIVE GROUP INC-2022.pdf,20427846,2026-07-13T09:57:55.743140+00:00,0e0bc52234444738dd473441aee85057db867ca198fc94b93497cb75a21effbf,data/02_interim/esg_text/ABG/ABG-ASBURY AUTOMOTIVE GROUP INC-2022.txt,data/02_interim/esg_text/ABG/ABG-ASBURY AUTOMOTIVE GROUP INC-2022.pages.csv,parsed,,29,76693,50,19a78c6791696aef78e8c4199e874111775604949439b4fa368e97fff31b85a5,2026-07-13T11:23:18.339628+00:00,,False,8840,0.7787,2644.6,0,ABG-ASBURY AUTOMOTIVE GROUP INC-2022,13,76747,1,0,40,455.425,572,16.95069954233111,5899.461538461538
ABG,ABG-ASBURY AUTOMOTIVE GROUP INC-2023.pdf,data/01_raw/sustainability/ABG/ABG-ASBURY AUTOMOTIVE GROUP INC-2023.pdf,19147279,2026-07-13T09:58:02.989004+00:00,0ccdc0a52b7685964dd98881b97086a9fc3b448c747259450b7daa869d18726b,raw,data/01_raw/sustainability/ABG/ABG-ASBURY AUTOMOTIVE GROUP INC-2023.pdf,19147279,2026-07-13T09:58:02.989004+00:00,0ccdc0a52b7685964dd98881b97086a9fc3b448c747259450b7daa869d18726b,data/02_interim/esg_text/ABG/ABG-ASBURY AUTOMOTIVE GROUP INC-2023.txt,data/02_interim/esg_text/ABG/ABG-ASBURY AUTOMOTIVE GROUP INC-2023.pages.csv,parsed,,47,87606,61,f88414873b7900460d7475bc701696b80fc1172d23577bbfce0ba7a93d699a5e,2026-07-13T11:23:25.147535+00:00,,False,10065,0.7941,1864.0,0,ABG-ASBURY AUTOMOTIVE GROUP INC-2023,14,87683,1,0,47,437.40425531914894,525,15.98064059539301,6257.571428571428
ABG,ABG-ASBURY AUTOMOTIVE GROUP INC-2025.pdf,data/01_raw/sustainability/ABG/ABG-ASBURY AUTOMOTIVE GROUP INC-2025.pdf,6146880,2026-07-13T09:58:05.126168+00:00,5c5373a30b4c21e5c414435d5f5636a7c833b49c5278a60bf3297a85d7d6ddb5,raw,data/01_raw/sustainability/ABG/ABG-ASBURY AUTOMOTIVE GROUP INC-2025.pdf,6146880,2026-07-13T09:58:05.126168+00:00,5c5373a30b4c21e5c414435d5f5636a7c833b49c5278a60bf3297a85d7d6ddb5,data/02_interim/esg_text/ABG/ABG-ASBURY AUTOMOTIVE GROUP INC-2025.txt,data/02_interim/esg_text/ABG/ABG-ASBURY AUTOMOTIVE GROUP INC-2025.pages.csv,parsed,,44,68884,76,98bacdedc76f05d62d34c904f5a84fbef7535b3e2fd7540f907926ea68c05a7b,2026-07-13T11:23:31.923322+00:00,,False,7958,0.8035,1565.5,0,ABG-ASBURY AUTOMOTIVE GROUP INC-2025,14,68979,1,0,35,455.74285714285713,564,20.324022995180304,4920.285714285715
ACI,ACI-ALBERTSONS COS INC-2021-2022.pdf,data/01_raw/sustainability/ACI/ACI-ALBERTSONS COS INC-2021-2022.pdf,9656950,2026-07-13T09:58:10.288774+00:00,f7cc10373a02e299a2f4fdfd8eb2cfe0c537e888796d08a7ff6d32003cb88f27,raw,data/01_raw/sustainability/ACI/ACI-ALBERTSONS COS INC-2021-2022.pdf,9656950,2026-07-13T09:58:10.288774+00:00,f7cc10373a02e299a2f4fdfd8eb2cfe0c537e888796d08a7ff6d32003cb88f27,data/02_interim/esg_text/ACI/ACI-ALBERTSONS COS INC-2021-2022.txt,data/02_interim/esg_text/ACI/ACI-ALBERTSONS COS INC-2021-2022.pages.csv,parsed,,27,52306,30,fa8a5eb9fb0e844fd3c93bb3ed699bdcc0964f36e395ec6a6209fdd2697598b2,2026-07-13T11:23:42.570287+00:00,,False,6175,0.7851,1937.3,0,ACI-ALBERTSONS COS INC-2021-2022,11,52301,0,0,31,418.03225806451616,500,21.030092150040147,4755.090909090909
ACI,ACI-ALBERTSONS COS INC-2023.pdf,data/01_raw/sustainability/ACI/ACI-ALBERTSONS COS INC-2023.pdf,6686701,2026-07-13T09:58:13.976197+00:00,7cc8d605116cebdab74d8a7912d72867d8833aafcc8adaaae2dd99985055d8b6,raw,data/01_raw/sustainability/ACI/ACI-ALBERTSONS COS INC-2023.pdf,6686701,2026-07-13T09:58:13.976197+00:00,7cc8d605116cebdab74d8a7912d72867d8833aafcc8adaaae2dd99985055d8b6,data/02_interim/esg_text/ACI/ACI-ALBERTSONS COS INC-2023.txt,data/02_interim/esg_text/ACI/ACI-ALBERTSONS COS INC-2023.pages.csv,parsed,,32,73155,34,6e6ec1d71717978ed2edcdde572d40499551c77c78af0f971faba9eeb7a45310,2026-07-13T11:23:46.310662+00:00,,False,8594,0.7935,2286.1,0,ACI-ALBERTSONS COS INC-2023,15,73177,0,0,42,422.1666666666667,593,20.50440844781628,4877.0
ACI,ACI-ALBERTSONS COS INC-2024.pdf,data/01_raw/sustainability/ACI/ACI-ALBERTSONS COS INC-2024.pdf,22920872,2026-07-13T09:58:21.579945+00:00,b9820caa4bd60d51c06a166ed78fe08ef2f3e964c08654244e1616c4e3f58c47,raw,data/01_raw/sustainability/ACI/ACI-ALBERTSONS COS INC-2024.pdf,22920872,2026-07-13T09:58:21.579945+00:00,b9820caa4bd60d51c06a166ed78fe08ef2f3e964c08654244e1616c4e3f58c47,data/02_interim/esg_text/ACI/ACI-ALBERTSONS COS INC-2024.txt,data/02_interim/esg_text/ACI/ACI-ALBERTSONS COS INC-2024.pages.csv,parsed,,30,66325,33,882f33e5de3b8402d345786f9235795117bf92e73539343d5e4a9da2af0a5f2a,2026-07-13T11:23:51.673051+00:00,,False,7722,0.8056,2210.8,0,ACI-ALBERTSONS COS INC-2024,15,66348,0,0,36,443.5,585,22.615906520919715,4421.666666666667
ACI,ACI-ALBERTSONS COS INC-2025.pdf,data/01_raw/sustainability/ACI/ACI-ALBERTSONS COS INC-2025.pdf,7333800,2026-07-13T09:58:24.296566+00:00,a8d9753f08462519709ad2d2ce02efce2650fcb767d53c898ecd248d1094e369,raw,data/01_raw/sustainability/ACI/ACI-ALBERTSONS COS INC-2025.pdf,7333800,2026-07-13T09:58:24.296566+00:00,a8d9753f08462519709ad2d2ce02efce2650fcb767d53c898ecd248d1094e369,data/02_interim/esg_text/ACI/ACI-ALBERTSONS COS INC-2025.txt,data/02_interim/esg_text/ACI/ACI-ALBERTSONS COS INC-2025.pages.csv,parsed,,18,45303,18,3447cc96278e68788ee2bf97d616c0bf01395de575b710dc6f889be4e5e3b3eb,2026-07-13T11:23:51.745844+00:00,,False,5265,0.8081,2516.8,0,ACI-ALBERTSONS COS INC-2025,12,45305,1,0,26,423.84615384615387,555,26.48831203231574,3775.25
AEO,AEO-AMERICAN EAGLE OUTFITTERS INC-2021.pdf,data/01_raw/sustainability/AEO/AEO-AMERICAN EAGLE OUTFITTERS INC-2021.pdf,35840855,2026-07-13T09:58:28.603831+00:00,fa0b5b9246f018fc3daebdea5ad84a0c4c6877194f86f959474dfbb725e02099,raw,data/01_raw/sustainability/AEO/AEO-AMERICAN EAGLE OUTFITTERS INC-2021.pdf,35840855,2026-07-13T09:58:28.603831+00:00,fa0b5b9246f018fc3daebdea5ad84a0c4c6877194f86f959474dfbb725e02099,data/02_interim/esg_text/AEO/AEO-AMERICAN EAGLE OUTFITTERS INC-2021.txt,data/02_interim/esg_text/AEO/AEO-AMERICAN EAGLE OUTFITTERS INC-2021.pages.csv,parsed,,61,98481,30,d598f17b7bf26a4406ae3ae013bf37eddde5e66588bb1b94f5a133b349516c5b,2026-07-13T11:23:54.541411+00:00,,False,11622,0.8047,1614.4,0,AEO-AMERICAN EAGLE OUTFITTERS INC-2021,16,98548,0,0,53,446.39622641509436,529,16.24678872066693,6155.0625
AEO,AEO-AMERICAN EAGLE OUTFITTERS INC-2022.pdf,data/01_raw/sustainability/AEO/AEO-AMERICAN EAGLE OUTFITTERS INC-2022.pdf,51543926,2026-07-13T09:58:36.186213+00:00,405f1c1044603bea41f32fdc4b12d3a635550747aa241c5b5f35cde62436597c,raw,data/01_raw/sustainability/AEO/AEO-AMERICAN EAGLE OUTFITTERS INC-2022.pdf,51543926,2026-07-13T09:58:36.186213+00:00,405f1c1044603bea41f32fdc4b12d3a635550747aa241c5b5f35cde62436597c,data/02_interim/esg_text/AEO/AEO-AMERICAN EAGLE OUTFITTERS INC-2022.txt,data/02_interim/esg_text/AEO/AEO-AMERICAN EAGLE OUTFITTERS INC-2022.pages.csv,parsed,,81,155625,62,192da59a342e17de4195cbcada900ffa32c38815a6129b8e77be6cac3eee11d3,2026-07-13T11:24:42.795698+00:00,,False,18294,0.7983,1921.3,0,AEO-AMERICAN EAGLE OUTFITTERS INC-2022,17,155599,0,0,82,463.7439024390244,579,10.923694779116465,9154.411764705883
AEO,AEO-AMERICAN EAGLE OUTFITTERS INC-2023.pdf,data/01_raw/sustainability/AEO/AEO-AMERICAN EAGLE OUTFITTERS INC-2023.pdf,4901540,2026-07-13T09:58:38.218354+00:00,1f6562a7cf63ed7f8d4027d7300426ae851a755a06e46210426a3631c150424a,raw,data/01_raw/sustainability/AEO/AEO-AMERICAN EAGLE OUTFITTERS INC-2023.pdf,4901540,2026-07-13T09:58:38.218354+00:00,1f6562a7cf63ed7f8d4027d7300426ae851a755a06e46210426a3631c150424a,data/02_interim/esg_text/AEO/AEO-AMERICAN EAGLE OUTFITTERS INC-2023.txt,data/02_interim/esg_text/AEO/AEO-AMERICAN EAGLE OUTFITTERS INC-2023.pages.csv,parsed,,10,7555,28,c5cbdcb861168b7b6f70f87652ecb96d5554c71d3278d39d1fc15ad9ed400e78,2026-07-13T11:23:53.068170+00:00,,False,711,0.5572,755.5,0,AEO-AMERICAN EAGLE OUTFITTERS INC-2023,5,7561,0,0,6,424.0,500,66.18133686300463,1511.0
AEO,AEO-AMERICAN EAGLE OUTFITTERS INC-2024.pdf,data/01_raw/sustainability/AEO/AEO-AMERICAN EAGLE OUTFITTERS INC-2024.pdf,5175036,2026-07-13T09:58:40.172069+00:00,9b6383b244c3da4929194cabc1cc918c6bda94f6ec24d6c72b5d7b5987765f9f,raw,data/01_raw/sustainability/AEO/AEO-AMERICAN EAGLE OUTFITTERS INC-2024.pdf,5175036,2026-07-13T09:58:40.172069+00:00,9b6383b244c3da4929194cabc1cc918c6bda94f6ec24d6c72b5d7b5987765f9f,data/02_interim/esg_text/AEO/AEO-AMERICAN EAGLE OUTFITTERS INC-2024.txt,data/02_interim/esg_text/AEO/AEO-AMERICAN EAGLE OUTFITTERS INC-2024.pages.csv,parsed,,10,8144,37,1aa4ba8bbaa8a336ef5202cf935e6954ca19a0577d48c5287a874394349fe7d5,2026-07-13T11:23:54.645672+00:00,,False,746,0.5371,814.4,0,AEO-AMERICAN EAGLE OUTFITTERS INC-2024,6,8147,0,0,8,355.5,500,73.67387033398822,1357.3333333333333
AMZN,AMZN-Amazon-2021.pdf,data/01_raw/sustainability/AMZN/AMZN-Amazon-2021.pdf,15390742,2026-07-13T09:58:44.960252+00:00,ef2198933d0413be930b4416c5795fc86eb64e528b21b705b47dce62e09a93ab,raw,data/01_raw/sustainability/AMZN/AMZN-Amazon-2021.pdf,15390742,2026-07-13T09:58:44.960252+00:00,ef2198933d0413be930b4416c5795fc86eb64e528b21b705b47dce62e09a93ab,data/02_interim/esg_text/AMZN/AMZN-Amazon-2021.txt,data/02_interim/esg_text/AMZN/AMZN-Amazon-2021.pages.csv,parsed,,101,328891,146,ebfab5a7929bf258ec47b18b830abaa51dbcbc47b3d079fad25d74a88f917962,2026-07-13T11:25:05.735591+00:00,,False,38246,0.802,3256.3,0,AMZN-Amazon-2021,16,328884,1,0,154,489.1948051948052,572,4.86483363789219,20555.6875
AMZN,AMZN-Amazon-2022.pdf,data/01_raw/sustainability/AMZN/AMZN-Amazon-2022.pdf,8330454,2026-07-13T09:58:51.154775+00:00,07ef245377a4e02ef49cf5a17cee03f93b79b20fb720482432216caa94047669,raw,data/01_raw/sustainability/AMZN/AMZN-Amazon-2022.pdf,8330454,2026-07-13T09:58:51.154775+00:00,07ef245377a4e02ef49cf5a17cee03f93b79b20fb720482432216caa94047669,data/02_interim/esg_text/AMZN/AMZN-Amazon-2022.txt,data/02_interim/esg_text/AMZN/AMZN-Amazon-2022.pages.csv,parsed,,82,14628,94,06a49133666f95dad63bedb79be8a03e46a6a86cc9da84a320b74b0c255398ac,2026-07-13T11:24:10.960546+00:00,low_text_per_page,False,1546,0.7586,178.4,0,AMZN-Amazon-2022,8,14603,0,0,12,363.5833333333333,521,54.68963631391851,1828.5
AMZN,AMZN-Amazon-2023.pdf,data/01_raw/sustainability/AMZN/AMZN-Amazon-2023.pdf,15753155,2026-07-13T09:58:55.193636+00:00,f48d2859b1f6ab91277fd39553c6351c0cf1b5d2291bd3038958f08d2abab99f,raw,data/01_raw/sustainability/AMZN/AMZN-Amazon-2023.pdf,15753155,2026-07-13T09:58:55.193636+00:00,f48d2859b1f6ab91277fd39553c6351c0cf1b5d2291bd3038958f08d2abab99f,data/02_interim/esg_text/AMZN/AMZN-Amazon-2023.txt,data/02_interim/esg_text/AMZN/AMZN-Amazon-2023.pages.csv,parsed,,98,451004,52,7bde2e3484f6eb0d1e516403111b57fce3c604e5c2d1c48250ab753716b45998,2026-07-13T11:25:08.382269+00:00,,False,53303,0.8078,4602.1,0,AMZN-Amazon-2023,15,450964,0,0,217,487.60829493087556,577,3.325912852214171,30066.933333333334
AMZN,AMZN-Amazon-2024.pdf,data/01_raw/sustainability/AMZN/AMZN-Amazon-2024.pdf,7038949,2026-07-13T09:59:02.222802+00:00,654b1e1cd9e0d3b6709d4c1e2a83e6c0fc8553e91556dca74bfcc78a0a44af6a,raw,data/01_raw/sustainability/AMZN/AMZN-Amazon-2024.pdf,7038949,2026-07-13T09:59:02.222802+00:00,654b1e1cd9e0d3b6709d4c1e2a83e6c0fc8553e91556dca74bfcc78a0a44af6a,data/02_interim/esg_text/AMZN/AMZN-Amazon-2024.txt,data/02_interim/esg_text/AMZN/AMZN-Amazon-2024.pages.csv,parsed,,57,308830,19,fb96d2afd6c4a9e03cda9a7324c92cc47f03b71e98f55327eba880a0fd986135,2026-07-13T11:24:39.866790+00:00,,False,36207,0.8124,5418.1,0,AMZN-Amazon-2024,15,308799,0,0,147,486.10884353741494,540,4.857041090567626,20588.666666666668
AMZN,AMZN-Amazon-2025.pdf,data/01_raw/sustainability/AMZN/AMZN-Amazon-2025.pdf,8513830,2026-07-13T09:59:05.654500+00:00,f5b2856c0415b84d080191a5925d009377519f0af07a29d379aaee075026a91e,raw,data/01_raw/sustainability/AMZN/AMZN-Amazon-2025.pdf,8513830,2026-07-13T09:59:05.654500+00:00,f5b2856c0415b84d080191a5925d009377519f0af07a29d379aaee075026a91e,data/02_interim/esg_text/AMZN/AMZN-Amazon-2025.txt,data/02_interim/esg_text/AMZN/AMZN-Amazon-2025.pages.csv,parsed,,51,269577,22,f0b645682111447eb34eb0c599e638f2bda810fdedbc750b45f60561c2192015,2026-07-13T11:24:56.266276+00:00,,False,31371,0.8116,5285.8,0,AMZN-Amazon-2025,12,269429,0,0,126,490.63492063492066,557,4.451418333166405,22464.75
AN,AN-AUTONATION INC-2021.pdf,data/01_raw/sustainability/AN/AN-AUTONATION INC-2021.pdf,2667907,2026-07-13T09:59:08.368272+00:00,38822315241cccc5016473e81271c15d6f2cc128fe6e4b2eb24eaf7f16e91688,raw,data/01_raw/sustainability/AN/AN-AUTONATION INC-2021.pdf,2667907,2026-07-13T09:59:08.368272+00:00,38822315241cccc5016473e81271c15d6f2cc128fe6e4b2eb24eaf7f16e91688,data/02_interim/esg_text/AN/AN-AUTONATION INC-2021.txt,data/02_interim/esg_text/AN/AN-AUTONATION INC-2021.pages.csv,parsed,,35,61492,54,3ded2ea1f9ca4f797249661e17f5560e44a369ca03df2b5cc932466390a0e03b,2026-07-13T11:24:46.531800+00:00,,False,7154,0.8221,1756.9,0,AN-AUTONATION INC-2021,9,61490,0,0,27,482.7037037037037,594,14.636050217914525,6832.444444444444
AN,AN-AUTONATION INC-2022.pdf,data/01_raw/sustainability/AN/AN-AUTONATION INC-2022.pdf,20422649,2026-07-13T09:59:13.667471+00:00,f301a12f94303d05f5f865a257bec567b5c12caf5453b8d7186eeb8c746b815e,raw,data/01_raw/sustainability/AN/AN-AUTONATION INC-2022.pdf,20422649,2026-07-13T09:59:13.667471+00:00,f301a12f94303d05f5f865a257bec567b5c12caf5453b8d7186eeb8c746b815e,data/02_interim/esg_text/AN/AN-AUTONATION INC-2022.txt,data/02_interim/esg_text/AN/AN-AUTONATION INC-2022.pages.csv,parsed,,33,61274,16,0ec87e411e8476a49daf30726156fa5e630a29ac33f4cc6b8016f676dcc4fb5f,2026-07-13T11:24:49.662893+00:00,,False,7138,0.8179,1856.8,0,AN-AUTONATION INC-2022,8,61283,0,0,29,448.8965517241379,500,13.056108626823777,7659.25
AN,AN-AUTONATION INC-2023.pdf,data/01_raw/sustainability/AN/AN-AUTONATION INC-2023.pdf,15855566,2026-07-13T09:59:18.158076+00:00,85e8594617491dfc2038817dc09ac678caeea775b348a125c30be3f82a2947e6,raw,data/01_raw/sustainability/AN/AN-AUTONATION INC-2023.pdf,15855566,2026-07-13T09:59:18.158076+00:00,85e8594617491dfc2038817dc09ac678caeea775b348a125c30be3f82a2947e6,data/02_interim/esg_text/AN/AN-AUTONATION INC-2023.txt,data/02_interim/esg_text/AN/AN-AUTONATION INC-2023.pages.csv,parsed,,34,63396,10,39dbd54100609d62500b02d5516b3a379ee135e974e699d76b4f995cd522c9f6,2026-07-13T11:24:52.391365+00:00,,False,7385,0.8181,1864.6,0,AN-AUTONATION INC-2023,8,63409,0,0,29,460.0344827586207,596,12.619092687235787,7924.5
AN,AN-AUTONATION INC-2024.pdf,data/01_raw/sustainability/AN/AN-AUTONATION INC-2024.pdf,24938717,2026-07-13T09:59:23.637520+00:00,59beb67183abfa5bf8ca9fd3f28c2ee2b9b8d587d68e267b8194829ae9c7dcdf,raw,data/01_raw/sustainability/AN/AN-AUTONATION INC-2024.pdf,24938717,2026-07-13T09:59:23.637520+00:00,59beb67183abfa5bf8ca9fd3f28c2ee2b9b8d587d68e267b8194829ae9c7dcdf,data/02_interim/esg_text/AN/AN-AUTONATION INC-2024.txt,data/02_interim/esg_text/AN/AN-AUTONATION INC-2024.pages.csv,parsed,,35,51926,22,e4d1c2acedbad0c109a9fcce339501cdbc2d9e6311331d1c445fda191fc288e5,2026-07-13T11:24:55.150567+00:00,,False,5913,0.819,1483.6,0,AN-AUTONATION INC-2024,11,51980,0,0,27,413.44444444444446,529,21.183992604860762,4720.545454545455
AN,AN-AUTONATION INC-2025.pdf,data/01_raw/sustainability/AN/AN-AUTONATION INC-2025.pdf,6446624,2026-07-13T09:59:28.081021+00:00,c309cb8618b500db5b4122a2499dd20c3e52932b6b157cc9f942b92a7f959c26,raw,data/01_raw/sustainability/AN/AN-AUTONATION INC-2025.pdf,6446624,2026-07-13T09:59:28.081021+00:00,c309cb8618b500db5b4122a2499dd20c3e52932b6b157cc9f942b92a7f959c26,data/02_interim/esg_text/AN/AN-AUTONATION INC-2025.txt,data/02_interim/esg_text/AN/AN-AUTONATION INC-2025.pages.csv,parsed,,19,12216,9,2d0bae63d3ba28a368eb54ee7384f1c8f0d484991d7ba72833211aef2cbddff9,2026-07-13T11:25:03.916259+00:00,,False,1461,0.844,642.9,0,AN-AUTONATION INC-2025,3,12222,0,0,6,492.0,596,24.55795677799607,4072.0
ANF,ANF-ABERCROMBIE & FITCH -CL A-2021.pdf,data/01_raw/sustainability/ANF/ANF-ABERCROMBIE & FITCH -CL A-2021.pdf,429530,2026-07-13T09:59:29.787474+00:00,79478462823d1156bfbb11d982e94c11e924632e5c2837f4a41ab299f6a32c6a,raw,data/01_raw/sustainability/ANF/ANF-ABERCROMBIE & FITCH -CL A-2021.pdf,429530,2026-07-13T09:59:29.787474+00:00,79478462823d1156bfbb11d982e94c11e924632e5c2837f4a41ab299f6a32c6a,data/02_interim/esg_text/ANF/ANF-ABERCROMBIE & FITCH -CL A-2021.txt,data/02_interim/esg_text/ANF/ANF-ABERCROMBIE & FITCH -CL A-2021.pages.csv,parsed,,33,77264,66,636a7bc29b69b19e9f7b3487022225e4fab5652091c6b188561a900e78e1e149,2026-07-13T11:25:07.744138+00:00,,False,9146,0.8089,2341.3,0,ANF-ABERCROMBIE & FITCH -CL A-2021,7,77388,0,0,38,474.5,509,9.059846759163387,11037.714285714286
ANF,ANF-ABERCROMBIE & FITCH -CL A-2022.pdf,data/01_raw/sustainability/ANF/ANF-ABERCROMBIE & FITCH -CL A-2022.pdf,567573,2026-07-13T09:59:31.407756+00:00,c427dffd9991b9a1457e4fbe08de42f25f52e9a2d084a24c10df0f8bf0ba5674,raw,data/01_raw/sustainability/ANF/ANF-ABERCROMBIE & FITCH -CL A-2022.pdf,567573,2026-07-13T09:59:31.407756+00:00,c427dffd9991b9a1457e4fbe08de42f25f52e9a2d084a24c10df0f8bf0ba5674,data/02_interim/esg_text/ANF/ANF-ABERCROMBIE & FITCH -CL A-2022.txt,data/02_interim/esg_text/ANF/ANF-ABERCROMBIE & FITCH -CL A-2022.pages.csv,parsed,,45,127498,89,064c0893453c9d3becc3f2ac2ba9dff98bfb0a622a75d4a871aeb033cf91f571,2026-07-13T11:25:22.591935+00:00,,False,15034,0.8121,2833.3,0,ANF-ABERCROMBIE & FITCH -CL A-2022,10,127728,0,0,62,481.9193548387097,597,7.843260286435865,12749.8
ANF,ANF-ABERCROMBIE & FITCH -CL A-2023.pdf,data/01_raw/sustainability/ANF/ANF-ABERCROMBIE & FITCH -CL A-2023.pdf,673018,2026-07-13T09:59:33.260395+00:00,e3590dbc9abcfbc466134fc040961409a9a4fdecee6556c43d59019c7df322fa,raw,data/01_raw/sustainability/ANF/ANF-ABERCROMBIE & FITCH -CL A-2023.pdf,673018,2026-07-13T09:59:33.260395+00:00,e3590dbc9abcfbc466134fc040961409a9a4fdecee6556c43d59019c7df322fa,data/02_interim/esg_text/ANF/ANF-ABERCROMBIE & FITCH -CL A-2023.txt,data/02_interim/esg_text/ANF/ANF-ABERCROMBIE & FITCH -CL A-2023.pages.csv,parsed,,53,169958,98,f497cbc32652de8d1020726e617f7b742d3dfe0729de513af16be23c682526c7,2026-07-13T11:25:29.835997+00:00,,False,20068,0.8093,3206.8,0,ANF-ABERCROMBIE & FITCH -CL A-2023,9,170232,0,0,80,491.3375,581,5.29542592875887,18884.222222222223
APC,APC-ARKO PETROLEUM CORP-2021.pdf,data/01_raw/sustainability/APC/APC-ARKO PETROLEUM CORP-2021.pdf,9324735,2026-07-13T09:59:37.602983+00:00,a98cf48ac29936fb5a1c384ee4c587994a29e4bb4d3a29a132c8d5f6ab912da6,raw,data/01_raw/sustainability/APC/APC-ARKO PETROLEUM CORP-2021.pdf,9324735,2026-07-13T09:59:37.602983+00:00,a98cf48ac29936fb5a1c384ee4c587994a29e4bb4d3a29a132c8d5f6ab912da6,data/02_interim/esg_text/APC/APC-ARKO PETROLEUM CORP-2021.txt,data/02_interim/esg_text/APC/APC-ARKO PETROLEUM CORP-2021.pages.csv,parsed,,37,70153,23,547eb64d9a182bac349a78c640dfbf29979d359d79c4cb625cc55577cb4e161c,2026-07-13T11:25:15.578492+00:00,,False,8050,0.7864,1896.0,0,APC-ARKO PETROLEUM CORP-2021,12,70180,0,0,39,443.28205128205127,500,17.105469473864268,5846.083333333333
APC,APC-ARKO PETROLEUM CORP-2022.pdf,data/01_raw/sustainability/APC/APC-ARKO PETROLEUM CORP-2022.pdf,17829112,2026-07-13T09:59:42.195103+00:00,ccb026add08ac5b740659bf6500b8a9403bd8179b3826091788c28b5c9a31184,raw,data/01_raw/sustainability/APC/APC-ARKO PETROLEUM CORP-2022.pdf,17829112,2026-07-13T09:59:42.195103+00:00,ccb026add08ac5b740659bf6500b8a9403bd8179b3826091788c28b5c9a31184,data/02_interim/esg_text/APC/APC-ARKO PETROLEUM CORP-2022.txt,data/02_interim/esg_text/APC/APC-ARKO PETROLEUM CORP-2022.pages.csv,parsed,,46,82970,23,9a4284d0ce1fb64ccaabb5402e3a1adc69678452e72b56cf8a2a7972f96a7ed3,2026-07-13T11:25:15.112277+00:00,,False,9375,0.7697,1803.7,0,APC-ARKO PETROLEUM CORP-2022,14,82892,0,0,46,446.2173913043478,571,16.873568759792697,5926.428571428572
APC,APC-ARKO PETROLEUM CORP-2023.pdf,data/01_raw/sustainability/APC/APC-ARKO PETROLEUM CORP-2023.pdf,8951949,2026-07-13T09:59:45.320705+00:00,db6c3311bff59a46eeecdcfc73c40008f96d3c0a9c7f9e01e76719f4eaf79538,raw,data/01_raw/sustainability/APC/APC-ARKO PETROLEUM CORP-2023.pdf,8951949,2026-07-13T09:59:45.320705+00:00,db6c3311bff59a46eeecdcfc73c40008f96d3c0a9c7f9e01e76719f4eaf79538,data/02_interim/esg_text/APC/APC-ARKO PETROLEUM CORP-2023.txt,data/02_interim/esg_text/APC/APC-ARKO PETROLEUM CORP-2023.pages.csv,parsed,,52,105351,36,7203cb7fc07d926085df7aed96561d695e6a52db91c25677c9ed61e5ff91b659,2026-07-13T11:25:23.353045+00:00,,False,11935,0.7753,2026.0,0,APC-ARKO PETROLEUM CORP-2023,13,105399,0,0,56,456.875,547,12.339702518248522,8103.923076923077
APC,APC-ARKO PETROLEUM CORP-2024.pdf,data/01_raw/sustainability/APC/APC-ARKO PETROLEUM CORP-2024.pdf,24432549,2026-07-13T09:59:51.180419+00:00,18112e345c65f7f8229f47b4371e5bc1101285ab87490625764e098444a061a9,raw,data/01_raw/sustainability/APC/APC-ARKO PETROLEUM CORP-2024.pdf,24432549,2026-07-13T09:59:51.180419+00:00,18112e345c65f7f8229f47b4371e5bc1101285ab87490625764e098444a061a9,data/02_interim/esg_text/APC/APC-ARKO PETROLEUM CORP-2024.txt,data/02_interim/esg_text/APC/APC-ARKO PETROLEUM CORP-2024.pages.csv,parsed,,54,112477,38,96535db90296788c3bcd9c20e1d52f7161261f05b72e6df838e59d5692e40214,2026-07-13T11:25:23.951546+00:00,,False,12531,0.7781,2082.9,0,APC-ARKO PETROLEUM CORP-2024,16,112532,0,0,60,455.1166666666667,564,14.22513047111854,7029.8125
ARKO,ARKO-ARKO CORP-2021.pdf,data/01_raw/sustainability/ARKO/ARKO-ARKO CORP-2021.pdf,9324735,2026-07-13T09:59:55.263543+00:00,a98cf48ac29936fb5a1c384ee4c587994a29e4bb4d3a29a132c8d5f6ab912da6,raw,data/01_raw/sustainability/ARKO/ARKO-ARKO CORP-2021.pdf,9324735,2026-07-13T09:59:55.263543+00:00,a98cf48ac29936fb5a1c384ee4c587994a29e4bb4d3a29a132c8d5f6ab912da6,data/02_interim/esg_text/ARKO/ARKO-ARKO CORP-2021.txt,data/02_interim/esg_text/ARKO/ARKO-ARKO CORP-2021.pages.csv,parsed,,37,70153,23,547eb64d9a182bac349a78c640dfbf29979d359d79c4cb625cc55577cb4e161c,2026-07-13T11:25:29.491530+00:00,,False,8050,0.7864,1896.0,0,ARKO-ARKO CORP-2021,12,70180,0,0,39,443.28205128205127,500,17.105469473864268,5846.083333333333
ARKO,ARKO-ARKO CORP-2022.pdf,data/01_raw/sustainability/ARKO/ARKO-ARKO CORP-2022.pdf,17829112,2026-07-13T09:59:59.601555+00:00,ccb026add08ac5b740659bf6500b8a9403bd8179b3826091788c28b5c9a31184,raw,data/01_raw/sustainability/ARKO/ARKO-ARKO CORP-2022.pdf,17829112,2026-07-13T09:59:59.601555+00:00,ccb026add08ac5b740659bf6500b8a9403bd8179b3826091788c28b5c9a31184,data/02_interim/esg_text/ARKO/ARKO-ARKO CORP-2022.txt,data/02_interim/esg_text/ARKO/ARKO-ARKO CORP-2022.pages.csv,parsed,,46,82970,23,9a4284d0ce1fb64ccaabb5402e3a1adc69678452e72b56cf8a2a7972f96a7ed3,2026-07-13T11:25:29.757205+00:00,,False,9375,0.7697,1803.7,0,ARKO-ARKO CORP-2022,14,82892,0,0,46,446.2173913043478,571,16.873568759792697,5926.428571428572
ARKO,ARKO-ARKO CORP-2023.pdf,data/01_raw/sustainability/ARKO/ARKO-ARKO CORP-2023.pdf,8951949,2026-07-13T10:00:03.488521+00:00,db6c3311bff59a46eeecdcfc73c40008f96d3c0a9c7f9e01e76719f4eaf79538,raw,data/01_raw/sustainability/ARKO/ARKO-ARKO CORP-2023.pdf,8951949,2026-07-13T10:00:03.488521+00:00,db6c3311bff59a46eeecdcfc73c40008f96d3c0a9c7f9e01e76719f4eaf79538,data/02_interim/esg_text/ARKO/ARKO-ARKO CORP-2023.txt,data/02_interim/esg_text/ARKO/ARKO-ARKO CORP-2023.pages.csv,parsed,,52,105351,36,7203cb7fc07d926085df7aed96561d695e6a52db91c25677c9ed61e5ff91b659,2026-07-13T11:25:32.213103+00:00,,False,11935,0.7753,2026.0,0,ARKO-ARKO CORP-2023,13,105399,0,0,56,456.875,547,12.339702518248522,8103.923076923077
ARKO,ARKO-ARKO CORP-2024.pdf,data/01_raw/sustainability/ARKO/ARKO-ARKO CORP-2024.pdf,24432549,2026-07-13T10:00:06.070710+00:00,18112e345c65f7f8229f47b4371e5bc1101285ab87490625764e098444a061a9,raw,data/01_raw/sustainability/ARKO/ARKO-ARKO CORP-2024.pdf,24432549,2026-07-13T10:00:06.070710+00:00,18112e345c65f7f8229f47b4371e5bc1101285ab87490625764e098444a061a9,data/02_interim/esg_text/ARKO/ARKO-ARKO CORP-2024.txt,data/02_interim/esg_text/ARKO/ARKO-ARKO CORP-2024.pages.csv,parsed,,54,112477,38,96535db90296788c3bcd9c20e1d52f7161261f05b72e6df838e59d5692e40214,2026-07-13T11:25:38.386741+00:00,,False,12531,0.7781,2082.9,0,ARKO-ARKO CORP-2024,16,112532,0,0,60,455.1166666666667,564,14.22513047111854,7029.8125
ASO,ASO-ACADEMY SPO AND OU INC-2021.pdf,data/01_raw/sustainability/ASO/ASO-ACADEMY SPO AND OU INC-2021.pdf,26072804,2026-07-13T10:00:19.422620+00:00,8ebdaaf40326375c1fa9439d66871bcd0f293d1baf75614d9b59117659ed919f,raw,data/01_raw/sustainability/ASO/ASO-ACADEMY SPO AND OU INC-2021.pdf,26072804,2026-07-13T10:00:19.422620+00:00,8ebdaaf40326375c1fa9439d66871bcd0f293d1baf75614d9b59117659ed919f,data/02_interim/esg_text/ASO/ASO-ACADEMY SPO AND OU INC-2021.txt,data/02_interim/esg_text/ASO/ASO-ACADEMY SPO AND OU INC-2021.pages.csv,parsed,,40,97844,28,4938ef98481775558f7d6469d2f61ed7e5770c4e538b739320fd0a13f3b888b0,2026-07-13T11:25:38.056843+00:00,,False,11466,0.7987,2446.1,0,ASO-ACADEMY SPO AND OU INC-2021,10,97898,0,0,48,481.7291666666667,585,10.220350762438168,9784.4
AZO,AZO-AUTOZONE INC-2021.pdf,data/01_raw/sustainability/AZO/AZO-AUTOZONE INC-2021.pdf,23008803,2026-07-13T10:00:25.418413+00:00,d87bc4576d810e4556faab4fdaaf3b43501b76701e2c43737cec7b529b5b2ddf,raw,data/01_raw/sustainability/AZO/AZO-AUTOZONE INC-2021.pdf,23008803,2026-07-13T10:00:25.418413+00:00,d87bc4576d810e4556faab4fdaaf3b43501b76701e2c43737cec7b529b5b2ddf,data/02_interim/esg_text/AZO/AZO-AUTOZONE INC-2021.txt,data/02_interim/esg_text/AZO/AZO-AUTOZONE INC-2021.pages.csv,parsed,,69,129762,29,13c82c041baca700d7bc9de47879044321492efa092ef7090bef73bfb5a5a821,2026-07-13T11:25:43.254541+00:00,,False,14214,0.8041,1880.6,0,AZO-AUTOZONE INC-2021,14,129701,0,0,68,472.29411764705884,593,10.788982907168508,9268.714285714286
AZO,AZO-AUTOZONE INC-2022.pdf,data/01_raw/sustainability/AZO/AZO-AUTOZONE INC-2022.pdf,69339167,2026-07-13T10:00:31.843360+00:00,24d9e350d4a51cd027c6da0e47be2eb780d75292c553798429540f231ccca553,raw,data/01_raw/sustainability/AZO/AZO-AUTOZONE INC-2022.pdf,69339167,2026-07-13T10:00:31.843360+00:00,24d9e350d4a51cd027c6da0e47be2eb780d75292c553798429540f231ccca553,data/02_interim/esg_text/AZO/AZO-AUTOZONE INC-2022.txt,data/02_interim/esg_text/AZO/AZO-AUTOZONE INC-2022.pages.csv,parsed,,71,148289,33,cbce1665c0b77482154e324a8c94a000f8b6da2e20ff2493d6a327ee3f769725,2026-07-13T11:25:43.429405+00:00,,False,17367,0.7991,2088.6,0,AZO-AUTOZONE INC-2022,14,148401,0,0,79,476.8607594936709,599,9.441023946482881,10592.07142857143
AZO,AZO-AUTOZONE INC-2023.pdf,data/01_raw/sustainability/AZO/AZO-AUTOZONE INC-2023.pdf,20463624,2026-07-13T10:00:43.222639+00:00,11c9e3c1c16405bf399dd518fe05f1375c7bbf3ab18f1b4d7c8410ef7f72e902,raw,data/01_raw/sustainability/AZO/AZO-AUTOZONE INC-2023.pdf,20463624,2026-07-13T10:00:43.222639+00:00,11c9e3c1c16405bf399dd518fe05f1375c7bbf3ab18f1b4d7c8410ef7f72e902,data/02_interim/esg_text/AZO/AZO-AUTOZONE INC-2023.txt,data/02_interim/esg_text/AZO/AZO-AUTOZONE INC-2023.pages.csv,parsed,,76,146384,37,f8b9cc2f7b0a985274226ae0088db6dd8910feb139439e70cc4de4ac005979f6,2026-07-13T11:25:46.252084+00:00,,False,17018,0.7838,1926.1,0,AZO-AUTOZONE INC-2023,15,146419,0,0,79,474.7721518987342,567,10.247021532407913,9758.933333333332
AZO,AZO-AUTOZONE INC-2024.pdf,data/01_raw/sustainability/AZO/AZO-AUTOZONE INC-2024.pdf,67164078,2026-07-13T10:00:49.172142+00:00,f1a9de1471d4f28bc8660dc037df611327d081e1029673745bfb65d3648b719e,raw,data/01_raw/sustainability/AZO/AZO-AUTOZONE INC-2024.pdf,67164078,2026-07-13T10:00:49.172142+00:00,f1a9de1471d4f28bc8660dc037df611327d081e1029673745bfb65d3648b719e,data/02_interim/esg_text/AZO/AZO-AUTOZONE INC-2024.txt,data/02_interim/esg_text/AZO/AZO-AUTOZONE INC-2024.pages.csv,parsed,,76,155948,37,f3300c2348e301af04dc300395ab610f727896c05f280c42ab371c47aef96b15,2026-07-13T11:25:48.789162+00:00,,False,18128,0.79,2051.9,0,AZO-AUTOZONE INC-2024,14,156090,0,0,83,477.69879518072287,585,8.97735142483392,11139.142857142857
AZO,AZO-AUTOZONE INC-2025.pdf,data/01_raw/sustainability/AZO/AZO-AUTOZONE INC-2025.pdf,9075396,2026-07-13T10:00:53.093645+00:00,9bed99558d674fea537855a96fdf0f5e4144a39ba272990fc6afbf72db9c1719,raw,data/01_raw/sustainability/AZO/AZO-AUTOZONE INC-2025.pdf,9075396,2026-07-13T10:00:53.093645+00:00,9bed99558d674fea537855a96fdf0f5e4144a39ba272990fc6afbf72db9c1719,data/02_interim/esg_text/AZO/AZO-AUTOZONE INC-2025.txt,data/02_interim/esg_text/AZO/AZO-AUTOZONE INC-2025.pages.csv,parsed,,35,62332,21,92b820c16e25053832f04eb4a424cd73eb331efc969c8d6a3574bf8b7ac6592f,2026-07-13T11:25:47.157155+00:00,,False,6988,0.7635,1780.9,0,AZO-AUTOZONE INC-2025,15,62416,1,0,40,405.45,500,24.064685875633703,4155.466666666666
AZO,AZO-AUTOZONE INC-2026.pdf,data/01_raw/sustainability/AZO/AZO-AUTOZONE INC-2026.pdf,9074754,2026-07-13T10:00:56.766251+00:00,f40b37a04eeae6d95be24db20b3f7e58abfee0ecdc6e4535f6d0501c13d7040e,raw,data/01_raw/sustainability/AZO/AZO-AUTOZONE INC-2026.pdf,9074754,2026-07-13T10:00:56.766251+00:00,f40b37a04eeae6d95be24db20b3f7e58abfee0ecdc6e4535f6d0501c13d7040e,data/02_interim/esg_text/AZO/AZO-AUTOZONE INC-2026.txt,data/02_interim/esg_text/AZO/AZO-AUTOZONE INC-2026.pages.csv,parsed,,32,55277,21,8556aec8fef825c41b0daf015fee8f7c551fe314c4a4c62a2e6e4b540eb45d24,2026-07-13T11:25:46.894363+00:00,,False,6194,0.7662,1727.4,0,AZO-AUTOZONE INC-2026,12,55182,0,0,31,455.03225806451616,592,21.708848164697795,4606.416666666667
BBW,BBW-BUILD-A-BEAR WORKSHOP INC-2023.pdf,data/01_raw/sustainability/BBW/BBW-BUILD-A-BEAR WORKSHOP INC-2023.pdf,10886270,2026-07-13T10:01:01.894532+00:00,a388b5f939473ceba2fabd4b2e0944f6cb14bb4cec74c83a4cd941c0e5711777,raw,data/01_raw/sustainability/BBW/BBW-BUILD-A-BEAR WORKSHOP INC-2023.pdf,10886270,2026-07-13T10:01:01.894532+00:00,a388b5f939473ceba2fabd4b2e0944f6cb14bb4cec74c83a4cd941c0e5711777,data/02_interim/esg_text/BBW/BBW-BUILD-A-BEAR WORKSHOP INC-2023.txt,data/02_interim/esg_text/BBW/BBW-BUILD-A-BEAR WORKSHOP INC-2023.pages.csv,parsed,,44,97973,31,7f3d6608949c73b39dc6238560e46aa037de6dad27d9750b3765fe2152f57548,2026-07-13T11:25:57.728556+00:00,,False,11857,0.8321,2226.7,0,BBW-BUILD-A-BEAR WORKSHOP INC-2023,11,97979,0,0,46,474.95652173913044,563,11.227583109632246,8906.636363636364
BBW,BBW-BUILD-A-BEAR WORKSHOP INC-2024.pdf,data/01_raw/sustainability/BBW/BBW-BUILD-A-BEAR WORKSHOP INC-2024.pdf,10001293,2026-07-13T10:01:05.681679+00:00,22bb5ee131e2720cceef8afa688699b83651860f1c7aa846c1247b74ffec0f1d,raw,data/01_raw/sustainability/BBW/BBW-BUILD-A-BEAR WORKSHOP INC-2024.pdf,10001293,2026-07-13T10:01:05.681679+00:00,22bb5ee131e2720cceef8afa688699b83651860f1c7aa846c1247b74ffec0f1d,data/02_interim/esg_text/BBW/BBW-BUILD-A-BEAR WORKSHOP INC-2024.txt,data/02_interim/esg_text/BBW/BBW-BUILD-A-BEAR WORKSHOP INC-2024.pages.csv,parsed,,19,40152,5,06971d7fd0c85e0fc68961d03cbfff8f14772b75e218b6a51f9b9ed5002cfdac,2026-07-13T11:25:51.370267+00:00,,False,4831,0.8564,2113.3,0,BBW-BUILD-A-BEAR WORKSHOP INC-2024,8,40122,0,0,20,436.3,562,19.924287706714484,5019.0
BBWI,BBWI-BATH & BODY WORKS INC-2022.pdf,data/01_raw/sustainability/BBWI/BBWI-BATH & BODY WORKS INC-2022.pdf,4564088,2026-07-13T10:01:09.551433+00:00,73922a7098f791bd0ec8035ed865dec90b03a74e6106f5c7ba93f165a360abc7,raw,data/01_raw/sustainability/BBWI/BBWI-BATH & BODY WORKS INC-2022.pdf,4564088,2026-07-13T10:01:09.551433+00:00,73922a7098f791bd0ec8035ed865dec90b03a74e6106f5c7ba93f165a360abc7,data/02_interim/esg_text/BBWI/BBWI-BATH & BODY WORKS INC-2022.txt,data/02_interim/esg_text/BBWI/BBWI-BATH & BODY WORKS INC-2022.pages.csv,parsed,,61,166729,40,64a2733060fe9b956fd4b3d520c85020d3198dfe5279d2559c2dc123ea4537a5,2026-07-13T11:25:58.782300+00:00,,False,19792,0.7965,2733.3,0,BBWI-BATH & BODY WORKS INC-2022,13,166777,0,0,82,485.9634146341463,591,7.797083890624906,12825.307692307691
BBWI,BBWI-BATH & BODY WORKS INC-2023.pdf,data/01_raw/sustainability/BBWI/BBWI-BATH & BODY WORKS INC-2023.pdf,22523967,2026-07-13T10:01:18.879149+00:00,3d5869a2b79261ec76f9f878fb64bce89a1f9a054a5068276dd57478c911af2a,raw,data/01_raw/sustainability/BBWI/BBWI-BATH & BODY WORKS INC-2023.pdf,22523967,2026-07-13T10:01:18.879149+00:00,3d5869a2b79261ec76f9f878fb64bce89a1f9a054a5068276dd57478c911af2a,data/02_interim/esg_text/BBWI/BBWI-BATH & BODY WORKS INC-2023.txt,data/02_interim/esg_text/BBWI/BBWI-BATH & BODY WORKS INC-2023.pages.csv,parsed,,78,245368,64,5bda9b8c5a07a25d6c6d7479db69889292e55fa87f62bb286c5699defb11f023,2026-07-13T11:26:04.069737+00:00,,False,28914,0.7832,3145.7,0,BBWI-BATH & BODY WORKS INC-2023,16,245498,0,0,125,478.688,540,6.520817710540903,15335.5
BBWI,BBWI-BATH & BODY WORKS INC-2024.pdf,data/01_raw/sustainability/BBWI/BBWI-BATH & BODY WORKS INC-2024.pdf,20207684,2026-07-13T10:01:25.147656+00:00,b1479c1be7eb74f234be60c85a62585b7f6b980c02e97e70e61c09968fe84b5a,raw,data/01_raw/sustainability/BBWI/BBWI-BATH & BODY WORKS INC-2024.pdf,20207684,2026-07-13T10:01:25.147656+00:00,b1479c1be7eb74f234be60c85a62585b7f6b980c02e97e70e61c09968fe84b5a,data/02_interim/esg_text/BBWI/BBWI-BATH & BODY WORKS INC-2024.txt,data/02_interim/esg_text/BBWI/BBWI-BATH & BODY WORKS INC-2024.pages.csv,parsed,,98,213846,45,317526325b6e00d2d22b8a90fd5e00e56d3a4f46a42661d505b64c8aafa3ba7a,2026-07-13T11:26:04.112749+00:00,,False,24874,0.7606,2182.1,0,BBWI-BATH & BODY WORKS INC-2024,16,213926,0,0,105,492.74285714285713,596,7.482019771237245,13365.375
BBWI,BBWI-BATH & BODY WORKS INC-2025.pdf,data/01_raw/sustainability/BBWI/BBWI-BATH & BODY WORKS INC-2025.pdf,7315995,2026-07-13T10:01:29.391056+00:00,3dcb44efe989e8570490fe1fd9793d6890b2f51c009da569a48c0bc8001a03de,raw,data/01_raw/sustainability/BBWI/BBWI-BATH & BODY WORKS INC-2025.pdf,7315995,2026-07-13T10:01:29.391056+00:00,3dcb44efe989e8570490fe1fd9793d6890b2f51c009da569a48c0bc8001a03de,data/02_interim/esg_text/BBWI/BBWI-BATH & BODY WORKS INC-2025.txt,data/02_interim/esg_text/BBWI/BBWI-BATH & BODY WORKS INC-2025.pages.csv,parsed,,104,231973,71,23ea4d868d55ceb9c273e03113f153c53d2bce190cc8f2998be1085c825ae8cb,2026-07-13T11:26:11.888024+00:00,,False,27001,0.7825,2230.5,0,BBWI-BATH & BODY WORKS INC-2025,16,232216,1,0,118,478.10169491525426,562,6.897354433490104,14498.3125
BBY,BBY-BEST BUY CO INC-2021.pdf,data/01_raw/sustainability/BBY/BBY-BEST BUY CO INC-2021.pdf,14168382,2026-07-13T10:01:32.579351+00:00,06156134ea493a1714b969ea0dc28eb040280a0015ced74a77cd8de355e940ef,raw,data/01_raw/sustainability/BBY/BBY-BEST BUY CO INC-2021.pdf,14168382,2026-07-13T10:01:32.579351+00:00,06156134ea493a1714b969ea0dc28eb040280a0015ced74a77cd8de355e940ef,data/02_interim/esg_text/BBY/BBY-BEST BUY CO INC-2021.txt,data/02_interim/esg_text/BBY/BBY-BEST BUY CO INC-2021.pages.csv,parsed,,98,159814,46,cead3db59d6e11e746e9cbad63595f26b40b94640b1c69777b02f0b5f0b5b074,2026-07-13T11:26:09.421548+00:00,,False,19198,0.7883,1630.8,0,BBY-BEST BUY CO INC-2021,16,159957,0,0,81,475.1111111111111,567,10.011638529790881,9988.375
BBY,BBY-BEST BUY CO INC-2022.pdf,data/01_raw/sustainability/BBY/BBY-BEST BUY CO INC-2022.pdf,5472665,2026-07-13T10:01:35.826960+00:00,fc10f7d3bfaf06fa73739876bb17e9589aa57807e4e1025a3fb240c2156c4bdb,raw,data/01_raw/sustainability/BBY/BBY-BEST BUY CO INC-2022.pdf,5472665,2026-07-13T10:01:35.826960+00:00,fc10f7d3bfaf06fa73739876bb17e9589aa57807e4e1025a3fb240c2156c4bdb,data/02_interim/esg_text/BBY/BBY-BEST BUY CO INC-2022.txt,data/02_interim/esg_text/BBY/BBY-BEST BUY CO INC-2022.pages.csv,parsed,,104,175100,46,86cc1b9b5a8e8b071a9b534e50f42e5e0a9f0d92ba54f0f3bce94129722931ee,2026-07-13T11:26:14.858611+00:00,,False,20308,0.7713,1683.7,9,BBY-BEST BUY CO INC-2022,16,175237,0,0,96,464.3854166666667,500,9.137635636778985,10943.75
BBY,BBY-BEST BUY CO INC-2023.pdf,data/01_raw/sustainability/BBY/BBY-BEST BUY CO INC-2023.pdf,14883698,2026-07-13T10:01:41.545676+00:00,297334e6dae375e84a735cd1f8a1d306deb79dd1cd13e37262753af3105a3972,raw,data/01_raw/sustainability/BBY/BBY-BEST BUY CO INC-2023.pdf,14883698,2026-07-13T10:01:41.545676+00:00,297334e6dae375e84a735cd1f8a1d306deb79dd1cd13e37262753af3105a3972,data/02_interim/esg_text/BBY/BBY-BEST BUY CO INC-2023.txt,data/02_interim/esg_text/BBY/BBY-BEST BUY CO INC-2023.pages.csv,parsed,,106,202241,166,cb820512ebf828fa99e19a024b46b68a5dc7837332dacf4ca5bb6aa72dbe7acf,2026-07-13T11:26:15.995857+00:00,,False,23184,0.7852,1907.9,12,BBY-BEST BUY CO INC-2023,17,202442,0,0,109,467.8073394495413,500,8.405812866827201,11896.529411764706
BBY,BBY-BEST BUY CO INC-2024.pdf,data/01_raw/sustainability/BBY/BBY-BEST BUY CO INC-2024.pdf,23783732,2026-07-13T10:01:47.933601+00:00,72f2178ce7e691bbb7f40ba8344c0647676420dcd3a0fc633ea66375f9d91a24,raw,data/01_raw/sustainability/BBY/BBY-BEST BUY CO INC-2024.pdf,23783732,2026-07-13T10:01:47.933601+00:00,72f2178ce7e691bbb7f40ba8344c0647676420dcd3a0fc633ea66375f9d91a24,data/02_interim/esg_text/BBY/BBY-BEST BUY CO INC-2024.txt,data/02_interim/esg_text/BBY/BBY-BEST BUY CO INC-2024.pages.csv,parsed,,73,166256,21,7236f777e2b32f7d694c1f947aaf38cfa6e06b6c58049be0c3feeb4d54b1723f,2026-07-13T11:26:16.757601+00:00,,False,19532,0.7964,2277.5,0,BBY-BEST BUY CO INC-2024,17,166368,1,0,81,472.30864197530866,598,10.225194880184775,9779.764705882353
BBY,BBY-BEST BUY CO INC-2025.pdf,data/01_raw/sustainability/BBY/BBY-BEST BUY CO INC-2025.pdf,3899848,2026-07-13T10:01:50.304338+00:00,f25b2224db8894d996a0497ea503e10ac05ab11c102f994d9a4c279b954b346d,raw,data/01_raw/sustainability/BBY/BBY-BEST BUY CO INC-2025.pdf,3899848,2026-07-13T10:01:50.304338+00:00,f25b2224db8894d996a0497ea503e10ac05ab11c102f994d9a4c279b954b346d,data/02_interim/esg_text/BBY/BBY-BEST BUY CO INC-2025.txt,data/02_interim/esg_text/BBY/BBY-BEST BUY CO INC-2025.pages.csv,parsed,,65,164984,19,b48bc1d18458907f4b0c235ab190e0de9a87dcaedacfca8a8b2aa913857584fa,2026-07-13T11:26:19.126664+00:00,,False,19379,0.8023,2538.2,0,BBY-BEST BUY CO INC-2025,17,165082,0,0,81,467.71604938271605,596,10.304029481646705,9704.941176470587
BIRD,BIRD-ALLBIRDS INC-2021.pdf,data/01_raw/sustainability/BIRD/BIRD-ALLBIRDS INC-2021.pdf,2142464,2026-07-13T10:01:52.789435+00:00,f444b23f3741ee13ee6c3e14a00e3def05d58cec651dc61c270113b19fc0991a,raw,data/01_raw/sustainability/BIRD/BIRD-ALLBIRDS INC-2021.pdf,2142464,2026-07-13T10:01:52.789435+00:00,f444b23f3741ee13ee6c3e14a00e3def05d58cec651dc61c270113b19fc0991a,data/02_interim/esg_text/BIRD/BIRD-ALLBIRDS INC-2021.txt,data/02_interim/esg_text/BIRD/BIRD-ALLBIRDS INC-2021.pages.csv,parsed,,24,17217,1,ef549805d7424f508a4d357b6dce418f66e2c91d455e4bb42b666b01334d14c8,2026-07-13T11:26:16.515146+00:00,,False,2013,0.7138,717.4,0,BIRD-ALLBIRDS INC-2021,5,17218,0,0,11,419.3636363636364,500,29.041064064587328,3443.4
BIRD,BIRD-ALLBIRDS INC-2022.pdf,data/01_raw/sustainability/BIRD/BIRD-ALLBIRDS INC-2022.pdf,42960563,2026-07-13T10:01:56.441923+00:00,e626a88d588e767e55054a6e454b0c1b7f05a482ff4a3e428a4dd652bea6c4a7,raw,data/01_raw/sustainability/BIRD/BIRD-ALLBIRDS INC-2022.pdf,42960563,2026-07-13T10:01:56.441923+00:00,e626a88d588e767e55054a6e454b0c1b7f05a482ff4a3e428a4dd652bea6c4a7,data/02_interim/esg_text/BIRD/BIRD-ALLBIRDS INC-2022.txt,data/02_interim/esg_text/BIRD/BIRD-ALLBIRDS INC-2022.pages.csv,parsed,,28,24365,2,7716a1ce3d9c15e0d8c2921c9e86f9d86393cdde29912ba24701099b0a6be342,2026-07-13T11:26:18.415039+00:00,,False,2918,0.7425,870.2,0,BIRD-ALLBIRDS INC-2022,5,24377,0,0,14,458.07142857142856,521,20.521239482864765,4873.0
BIRD,BIRD-ALLBIRDS INC-2023.pdf,data/01_raw/sustainability/BIRD/BIRD-ALLBIRDS INC-2023.pdf,34013295,2026-07-13T10:02:03.986312+00:00,827964da9d6b8ffcb2e16047425f020a659b577ce32c743ca05ba75e83fc2a1e,raw,data/01_raw/sustainability/BIRD/BIRD-ALLBIRDS INC-2023.pdf,34013295,2026-07-13T10:02:03.986312+00:00,827964da9d6b8ffcb2e16047425f020a659b577ce32c743ca05ba75e83fc2a1e,data/02_interim/esg_text/BIRD/BIRD-ALLBIRDS INC-2023.txt,data/02_interim/esg_text/BIRD/BIRD-ALLBIRDS INC-2023.pages.csv,parsed,,46,79111,38,395ecc56373c888b2e2952874ae2caf254e2f16724e058326d6a514ef497d33d,2026-07-13T11:26:21.246827+00:00,,False,9240,0.7956,1719.8,0,BIRD-ALLBIRDS INC-2023,13,79195,0,0,40,461.925,507,16.432607349167625,6085.461538461538
BIRD,BIRD-ALLBIRDS-2024.pdf,data/01_raw/sustainability/BIRD/BIRD-ALLBIRDS-2024.pdf,20162461,2026-07-13T10:02:08.693351+00:00,861ba398d35cf5cf2fa2974734827bd151f4dc7792b331026f078e56183f3961,raw,data/01_raw/sustainability/BIRD/BIRD-ALLBIRDS-2024.pdf,20162461,2026-07-13T10:02:08.693351+00:00,861ba398d35cf5cf2fa2974734827bd151f4dc7792b331026f078e56183f3961,data/02_interim/esg_text/BIRD/BIRD-ALLBIRDS-2024.txt,data/02_interim/esg_text/BIRD/BIRD-ALLBIRDS-2024.pages.csv,parsed,,15,7017,0,0a07ef3485f0a11515178ef798c1ae0ba9bfa9b2db655718d71c6a8154d12485,2026-07-13T11:26:18.040258+00:00,,False,848,0.7794,467.8,0,BIRD-ALLBIRDS-2024,5,7012,1,0,5,348.0,500,71.25552230297848,1403.4
BJ,BJ-BJS WHSL CLUB HLDGS INC-2022.PDF,data/01_raw/sustainability/BJ/BJ-BJS WHSL CLUB HLDGS INC-2022.PDF,1308328,2026-07-13T10:02:10.880502+00:00,2262923a9c2c83e4fbbceee0cb9de0d7f9a5fdcd2fe6aaf01fa8e738a97db01c,raw,data/01_raw/sustainability/BJ/BJ-BJS WHSL CLUB HLDGS INC-2022.PDF,1308328,2026-07-13T10:02:10.880502+00:00,2262923a9c2c83e4fbbceee0cb9de0d7f9a5fdcd2fe6aaf01fa8e738a97db01c,data/02_interim/esg_text/BJ/BJ-BJS WHSL CLUB HLDGS INC-2022.txt,data/02_interim/esg_text/BJ/BJ-BJS WHSL CLUB HLDGS INC-2022.pages.csv,parsed,,26,48854,23,4dd221596608759e054ad504dab230d341b6e14ba4940dc2f3f80e277fe1e8bb,2026-07-13T11:26:20.870601+00:00,,False,5641,0.8061,1879.0,0,BJ-BJS WHSL CLUB HLDGS INC-2022,15,48845,0,0,26,409.2692307692308,586,30.70372947967413,3256.9333333333334
BRLT,BRLT-BRILLIANT EARTH GP INC-2021.pdf,data/01_raw/sustainability/BRLT/BRLT-BRILLIANT EARTH GP INC-2021.pdf,18421130,2026-07-13T10:02:14.472540+00:00,7cc665de4523f17cb11aadc445b430a3dadee2d5f0189777c5c880693255a239,raw,data/01_raw/sustainability/BRLT/BRLT-BRILLIANT EARTH GP INC-2021.pdf,18421130,2026-07-13T10:02:14.472540+00:00,7cc665de4523f17cb11aadc445b430a3dadee2d5f0189777c5c880693255a239,data/02_interim/esg_text/BRLT/BRLT-BRILLIANT EARTH GP INC-2021.txt,data/02_interim/esg_text/BRLT/BRLT-BRILLIANT EARTH GP INC-2021.pages.csv,parsed,,61,100574,26,c043888697ffa9025694ca72f388987c5f41b37f4bbdfc48cf3b0da8eb40e430,2026-07-13T11:26:44.349638+00:00,,False,11599,0.8173,1648.8,0,BRLT-BRILLIANT EARTH GP INC-2021,14,100569,0,0,53,446.8867924528302,562,13.920098633841748,7183.857142857143
BRLT,BRLT-BRILLIANT EARTH GP INC-2022.pdf,data/01_raw/sustainability/BRLT/BRLT-BRILLIANT EARTH GP INC-2022.pdf,13135817,2026-07-13T10:02:17.831705+00:00,0acb98c4599c441869acc724e66c03bea105607554f627deb04ccd7babe53cbe,raw,data/01_raw/sustainability/BRLT/BRLT-BRILLIANT EARTH GP INC-2022.pdf,13135817,2026-07-13T10:02:17.831705+00:00,0acb98c4599c441869acc724e66c03bea105607554f627deb04ccd7babe53cbe,data/02_interim/esg_text/BRLT/BRLT-BRILLIANT EARTH GP INC-2022.txt,data/02_interim/esg_text/BRLT/BRLT-BRILLIANT EARTH GP INC-2022.pages.csv,parsed,,60,134103,175,76a26f4f6c0a3ffec3c6c3ea085f33f82e40f8d75c89fd4089f2e634219ef04e,2026-07-13T11:26:30.065279+00:00,,False,15804,0.8278,2235.1,0,BRLT-BRILLIANT EARTH GP INC-2022,15,134141,1,0,65,473.9076923076923,586,11.185432093241761,8940.2
BRLT,BRLT-BRILLIANT EARTH GP INC-2023.pdf,data/01_raw/sustainability/BRLT/BRLT-BRILLIANT EARTH GP INC-2023.pdf,9524597,2026-07-13T10:02:20.749166+00:00,f20604e4a07bd4a4d4f36fd862ecd320858c6d8c4feb41d25c4d26288a370efa,raw,data/01_raw/sustainability/BRLT/BRLT-BRILLIANT EARTH GP INC-2023.pdf,9524597,2026-07-13T10:02:20.749166+00:00,f20604e4a07bd4a4d4f36fd862ecd320858c6d8c4feb41d25c4d26288a370efa,data/02_interim/esg_text/BRLT/BRLT-BRILLIANT EARTH GP INC-2023.txt,data/02_interim/esg_text/BRLT/BRLT-BRILLIANT EARTH GP INC-2023.pages.csv,parsed,,29,58814,16,57b0f5b6f8a145931b089d32fcbcd7efec0a0994a9591b399ac467f8d2507519,2026-07-13T11:26:29.222238+00:00,,False,6570,0.6933,2028.1,0,BRLT-BRILLIANT EARTH GP INC-2023,15,58806,1,0,35,453.57142857142856,570,25.50413166933043,3920.9333333333334
BURL,BURL-Burlington Stores-2021.pdf,data/01_raw/sustainability/BURL/BURL-Burlington Stores-2021.pdf,34666,2026-07-13T10:02:21.985820+00:00,6d221da51ed59b9797406112809dce6de5c9d8bd62e950a03c336d6904144f9a,raw,data/01_raw/sustainability/BURL/BURL-Burlington Stores-2021.pdf,34666,2026-07-13T10:02:21.985820+00:00,6d221da51ed59b9797406112809dce6de5c9d8bd62e950a03c336d6904144f9a,data/02_interim/esg_text/BURL/BURL-Burlington Stores-2021.txt,data/02_interim/esg_text/BURL/BURL-Burlington Stores-2021.pages.csv,parsed,,2,6823,0,4bbf8e872cff2be12adc36078007a06367e5e27f9fbcaaefe8b871b8e57bbc1a,2026-07-13T11:26:22.254377+00:00,,False,818,0.8083,3411.5,0,BURL-Burlington Stores-2021,1,6823,1,1,3,515.0,545,14.656309541257512,6823.0
BURL,BURL-Burlington Stores-2022.pdf,data/01_raw/sustainability/BURL/BURL-Burlington Stores-2022.pdf,12106338,2026-07-13T10:02:24.837609+00:00,0a7e4568624ba053ab8e5565afbce65aaeea5824dc267391497d1f813dc7e2f7,raw,data/01_raw/sustainability/BURL/BURL-Burlington Stores-2022.pdf,12106338,2026-07-13T10:02:24.837609+00:00,0a7e4568624ba053ab8e5565afbce65aaeea5824dc267391497d1f813dc7e2f7,data/02_interim/esg_text/BURL/BURL-Burlington Stores-2022.txt,data/02_interim/esg_text/BURL/BURL-Burlington Stores-2022.pages.csv,parsed,,65,151001,41,55d4ab4134fdc4a675823c26d4878599e888119460619aedd2c9dbcfa8a60de3,2026-07-13T11:26:31.408735+00:00,,False,17057,0.7882,2323.1,0,BURL-Burlington Stores-2022,15,150341,0,0,81,469.85185185185185,534,9.933709048284449,10066.733333333334
BURL,BURL-Burlington Stores-2023.pdf,data/01_raw/sustainability/BURL/BURL-Burlington Stores-2023.pdf,11771126,2026-07-13T10:02:30.039430+00:00,8830319e6a580eae5d9b4dde63f77a415247847aeeed3a20512329619d9e1cc1,raw,data/01_raw/sustainability/BURL/BURL-Burlington Stores-2023.pdf,11771126,2026-07-13T10:02:30.039430+00:00,8830319e6a580eae5d9b4dde63f77a415247847aeeed3a20512329619d9e1cc1,data/02_interim/esg_text/BURL/BURL-Burlington Stores-2023.txt,data/02_interim/esg_text/BURL/BURL-Burlington Stores-2023.pages.csv,parsed,,47,126738,83,74e32da051b549af7917a54df100707a2a67ae71733d3600f28cc8809ba12e25,2026-07-13T11:26:37.526448+00:00,,False,13299,0.6634,2696.6,0,BURL-Burlington Stores-2023,15,126855,0,0,77,474.4025974025974,568,11.83544004166075,8449.2
BURL,BURL-Burlington Stores-2024.pdf,data/01_raw/sustainability/BURL/BURL-Burlington Stores-2024.pdf,10899018,2026-07-13T10:02:33.077072+00:00,163a33081cebb4a64e763decf472790c67920f0c597588ba7e5df7627ca41fce,raw,data/01_raw/sustainability/BURL/BURL-Burlington Stores-2024.pdf,10899018,2026-07-13T10:02:33.077072+00:00,163a33081cebb4a64e763decf472790c67920f0c597588ba7e5df7627ca41fce,data/02_interim/esg_text/BURL/BURL-Burlington Stores-2024.txt,data/02_interim/esg_text/BURL/BURL-Burlington Stores-2024.pages.csv,parsed,,37,101645,18,c10e3ac4335b9162929cbeb817db30d533bd7b6666ba5244da86d12a91fb5595,2026-07-13T11:26:35.804739+00:00,,False,11599,0.7922,2747.2,0,BURL-Burlington Stores-2024,16,101472,0,0,52,476.1923076923077,591,15.74105957007231,6352.8125
CAL,CAL-CALERES INC-2021.pdf,data/01_raw/sustainability/CAL/CAL-CALERES INC-2021.pdf,4199864,2026-07-13T10:02:37.020955+00:00,e90d9ad7c4b83b05883b80e3ac501a62589c1184b414e27d4f98d786d2b35189,raw,data/01_raw/sustainability/CAL/CAL-CALERES INC-2021.pdf,4199864,2026-07-13T10:02:37.020955+00:00,e90d9ad7c4b83b05883b80e3ac501a62589c1184b414e27d4f98d786d2b35189,data/02_interim/esg_text/CAL/CAL-CALERES INC-2021.txt,data/02_interim/esg_text/CAL/CAL-CALERES INC-2021.pages.csv,parsed,,47,102386,33,acf0919e183072f72c32e32898eb91ed10edd10cbd05265ebb8fc5dffe6726c1,2026-07-13T11:26:37.474026+00:00,,False,11808,0.7901,2178.4,0,CAL-CALERES INC-2021,14,102378,0,0,59,448.4237288135593,500,13.673744457250015,7313.285714285715
CAL,CAL-CALERES INC-2022.pdf,data/01_raw/sustainability/CAL/CAL-CALERES INC-2022.pdf,3755226,2026-07-13T10:02:39.264218+00:00,a966bb6525991f9f82cb77f118e4f37f6e8896f6bc37f8f2bd5fb7f22ab819fa,raw,data/01_raw/sustainability/CAL/CAL-CALERES INC-2022.pdf,3755226,2026-07-13T10:02:39.264218+00:00,a966bb6525991f9f82cb77f118e4f37f6e8896f6bc37f8f2bd5fb7f22ab819fa,data/02_interim/esg_text/CAL/CAL-CALERES INC-2022.txt,data/02_interim/esg_text/CAL/CAL-CALERES INC-2022.pages.csv,parsed,,22,41716,13,594f327247dee03945cedad835316b99f0f89b3319f6acb6f1a0c08741af70c2,2026-07-13T11:26:39.362219+00:00,,False,4696,0.7788,1896.2,0,CAL-CALERES INC-2022,8,41675,0,0,26,436.2692307692308,500,19.177294083804775,5214.5
CAL,CAL-CALERES INC-2023.pdf,data/01_raw/sustainability/CAL/CAL-CALERES INC-2023.pdf,5049340,2026-07-13T10:02:42.657497+00:00,ac5f4059db0d4f2353a4b2fa683e8da31ac1ba122ad16bf6c70afaa1114c3f88,raw,data/01_raw/sustainability/CAL/CAL-CALERES INC-2023.pdf,5049340,2026-07-13T10:02:42.657497+00:00,ac5f4059db0d4f2353a4b2fa683e8da31ac1ba122ad16bf6c70afaa1114c3f88,data/02_interim/esg_text/CAL/CAL-CALERES INC-2023.txt,data/02_interim/esg_text/CAL/CAL-CALERES INC-2023.pages.csv,parsed,,51,98175,24,260c9a5be8336cb17fb40abcc366cd09b99ef042204476f306d8ee1975a2969d,2026-07-13T11:26:44.316660+00:00,,False,11059,0.7598,1925.0,0,CAL-CALERES INC-2023,13,98147,0,0,55,478.27272727272725,596,13.241660300483831,7551.923076923077
CAL,CAL-CALERES INC-2024.pdf,data/01_raw/sustainability/CAL/CAL-CALERES INC-2024.pdf,572220,2026-07-13T10:02:43.607640+00:00,becbd8eb40b64fc8bbd12e3611c1a79cd1a895d808f63bcdfed63ba233316c86,raw,data/01_raw/sustainability/CAL/CAL-CALERES INC-2024.pdf,572220,2026-07-13T10:02:43.607640+00:00,becbd8eb40b64fc8bbd12e3611c1a79cd1a895d808f63bcdfed63ba233316c86,data/02_interim/esg_text/CAL/CAL-CALERES INC-2024.txt,data/02_interim/esg_text/CAL/CAL-CALERES INC-2024.pages.csv,parsed,,8,19015,8,57c05544218358f9e02db695d41d6165306068c6a146397f81ebf0384cbfb95e,2026-07-13T11:26:39.537448+00:00,,False,1949,0.6996,2376.9,0,CAL-CALERES INC-2024,7,19021,0,0,12,444.75,537,36.813042334998684,2716.4285714285716
CASY,CASY-CASEYS GENERAL STORES INC-2021.pdf,data/01_raw/sustainability/CASY/CASY-CASEYS GENERAL STORES INC-2021.pdf,5640261,2026-07-13T10:02:49.203072+00:00,19574b63b0a083e443ee53954a136653700e0d63a427f6c401916262b54f7489,raw,data/01_raw/sustainability/CASY/CASY-CASEYS GENERAL STORES INC-2021.pdf,5640261,2026-07-13T10:02:49.203072+00:00,19574b63b0a083e443ee53954a136653700e0d63a427f6c401916262b54f7489,data/02_interim/esg_text/CASY/CASY-CASEYS GENERAL STORES INC-2021.txt,data/02_interim/esg_text/CASY/CASY-CASEYS GENERAL STORES INC-2021.pages.csv,parsed,,44,84441,7,cf736727c494b6bbc18463259fdf8d296e9ea8b96ad1806b882564e04d6dd4ac,2026-07-13T11:26:47.591658+00:00,,False,9975,0.8358,1919.1,0,CASY-CASEYS GENERAL STORES INC-2021,12,84475,0,0,39,469.3076923076923,591,14.211105979322841,7036.75
CASY,CASY-CASEYS GENERAL STORES INC-2022.pdf,data/01_raw/sustainability/CASY/CASY-CASEYS GENERAL STORES INC-2022.pdf,5448757,2026-07-13T10:02:51.126361+00:00,332b926bee0db3529799c7ed492579bf459401297a71be88fa233d72ebce20d4,raw,data/01_raw/sustainability/CASY/CASY-CASEYS GENERAL STORES INC-2022.pdf,5448757,2026-07-13T10:02:51.126361+00:00,332b926bee0db3529799c7ed492579bf459401297a71be88fa233d72ebce20d4,data/02_interim/esg_text/CASY/CASY-CASEYS GENERAL STORES INC-2022.txt,data/02_interim/esg_text/CASY/CASY-CASEYS GENERAL STORES INC-2022.pages.csv,parsed,,65,128227,37,4ba5e6a068490076509d40b700f996ce17d9261afb8980e7d306efe61943e4b6,2026-07-13T11:26:48.510895+00:00,,False,15042,0.812,1972.7,0,CASY-CASEYS GENERAL STORES INC-2022,14,128336,0,0,61,485.8196721311475,593,10.918137365765402,9159.07142857143
CASY,CASY-CASEYS GENERAL STORES INC-2023.pdf,data/01_raw/sustainability/CASY/CASY-CASEYS GENERAL STORES INC-2023.pdf,5503608,2026-07-13T10:02:55.082484+00:00,fd0360a54bd254ebea02e7250ea5ad46c832a125662dcee07cda2bd4849ec206,raw,data/01_raw/sustainability/CASY/CASY-CASEYS GENERAL STORES INC-2023.pdf,5503608,2026-07-13T10:02:55.082484+00:00,fd0360a54bd254ebea02e7250ea5ad46c832a125662dcee07cda2bd4849ec206,data/02_interim/esg_text/CASY/CASY-CASEYS GENERAL STORES INC-2023.txt,data/02_interim/esg_text/CASY/CASY-CASEYS GENERAL STORES INC-2023.pages.csv,parsed,,57,131510,110,ffd2d57cce1582e25c592a173e5fcf954bb51c3a033456020a65b098b6c5a1ac,2026-07-13T11:26:56.871324+00:00,,False,15388,0.81,2307.2,0,CASY-CASEYS GENERAL STORES INC-2023,15,131364,0,0,65,469.2153846153846,561,11.405976731807467,8767.333333333334
CASY,CASY-CASEYS GENERAL STORES INC-2024.pdf,data/01_raw/sustainability/CASY/CASY-CASEYS GENERAL STORES INC-2024.pdf,6754355,2026-07-13T10:02:56.887086+00:00,20c05f5da9bd997b86463be8e8a7807fe1cb8d3679e1af295a7fd732d5419caa,raw,data/01_raw/sustainability/CASY/CASY-CASEYS GENERAL STORES INC-2024.pdf,6754355,2026-07-13T10:02:56.887086+00:00,20c05f5da9bd997b86463be8e8a7807fe1cb8d3679e1af295a7fd732d5419caa,data/02_interim/esg_text/CASY/CASY-CASEYS GENERAL STORES INC-2024.txt,data/02_interim/esg_text/CASY/CASY-CASEYS GENERAL STORES INC-2024.pages.csv,parsed,,66,167199,41,727e582e94e652605479efe4777d7e4dc1c9d3d0774fba800f2afac6a9bf3bb5,2026-07-13T11:26:55.393338+00:00,,False,19543,0.8198,2533.3,0,CASY-CASEYS GENERAL STORES INC-2024,14,167118,0,0,82,477.109756097561,592,8.37325582090802,11942.785714285714
CASY,CASY-CASEYS GENERAL STORES INC-2025.pdf,data/01_raw/sustainability/CASY/CASY-CASEYS GENERAL STORES INC-2025.pdf,22797373,2026-07-13T10:03:01.891352+00:00,66b278374789b1ee8d092fc666ea6eab5d031e052b812591f874df9c312c1b09,raw,data/01_raw/sustainability/CASY/CASY-CASEYS GENERAL STORES INC-2025.pdf,22797373,2026-07-13T10:03:01.891352+00:00,66b278374789b1ee8d092fc666ea6eab5d031e052b812591f874df9c312c1b09,data/02_interim/esg_text/CASY/CASY-CASEYS GENERAL STORES INC-2025.txt,data/02_interim/esg_text/CASY/CASY-CASEYS GENERAL STORES INC-2025.pages.csv,parsed,,67,168881,68,e1016430b3bffb2fc50c13d6d53576e50e33bb8e2dc11f4f06e2ca18ec7301aa,2026-07-13T11:27:02.029716+00:00,,False,19588,0.8135,2520.6,0,CASY-CASEYS GENERAL STORES INC-2025,15,168469,0,0,82,463.9634146341463,538,8.881993829974954,11258.733333333334
COLM,COLM-COLUMBIA SPORTSWEAR CO-2021.pdf,data/01_raw/sustainability/COLM/COLM-COLUMBIA SPORTSWEAR CO-2021.pdf,41982349,2026-07-13T10:03:10.052619+00:00,86d229a334058f96b63333515494dde496114c5f89fe193bf5e68a97eea6c820,raw,data/01_raw/sustainability/COLM/COLM-COLUMBIA SPORTSWEAR CO-2021.pdf,41982349,2026-07-13T10:03:10.052619+00:00,86d229a334058f96b63333515494dde496114c5f89fe193bf5e68a97eea6c820,data/02_interim/esg_text/COLM/COLM-COLUMBIA SPORTSWEAR CO-2021.txt,data/02_interim/esg_text/COLM/COLM-COLUMBIA SPORTSWEAR CO-2021.pages.csv,parsed,,52,97012,30,ed765a90e8e392fd2660862c209eedcaaa6d55f683e31b99da5d4cbca4f4cd9b,2026-07-13T11:27:00.444705+00:00,,False,10118,0.6274,1865.6,0,COLM-COLUMBIA SPORTSWEAR CO-2021,16,97084,0,0,66,461.1666666666667,587,16.492805013812724,6063.25
COLM,COLM-COLUMBIA SPORTSWEAR CO-2022.pdf,data/01_raw/sustainability/COLM/COLM-COLUMBIA SPORTSWEAR CO-2022.pdf,11788833,2026-07-13T10:03:16.549897+00:00,31ab95810ebd83d06bd6e956ba60bcf4ea770caa5343e497c658cf21445f2a58,raw,data/01_raw/sustainability/COLM/COLM-COLUMBIA SPORTSWEAR CO-2022.pdf,11788833,2026-07-13T10:03:16.549897+00:00,31ab95810ebd83d06bd6e956ba60bcf4ea770caa5343e497c658cf21445f2a58,data/02_interim/esg_text/COLM/COLM-COLUMBIA SPORTSWEAR CO-2022.txt,data/02_interim/esg_text/COLM/COLM-COLUMBIA SPORTSWEAR CO-2022.pages.csv,parsed,,63,106783,61,0a12f7b5eacd69bd722ab1561bb32e469aa1c2fd58361701819272fafd21a7a0,2026-07-13T11:27:03.445403+00:00,,False,11963,0.7628,1695.0,0,COLM-COLUMBIA SPORTSWEAR CO-2022,16,106795,0,0,58,456.7586206896552,548,14.98365844750569,6673.9375
COLM,COLM-COLUMBIA SPORTSWEAR CO-2023.pdf,data/01_raw/sustainability/COLM/COLM-COLUMBIA SPORTSWEAR CO-2023.pdf,21296496,2026-07-13T10:03:22.875691+00:00,747c7ce2175f36828dffba31bd9422c9f1fe761282f596d987f67b15afcdb619,raw,data/01_raw/sustainability/COLM/COLM-COLUMBIA SPORTSWEAR CO-2023.pdf,21296496,2026-07-13T10:03:22.875691+00:00,747c7ce2175f36828dffba31bd9422c9f1fe761282f596d987f67b15afcdb619,data/02_interim/esg_text/COLM/COLM-COLUMBIA SPORTSWEAR CO-2023.txt,data/02_interim/esg_text/COLM/COLM-COLUMBIA SPORTSWEAR CO-2023.pages.csv,parsed,,54,82396,14,ff389863652eb47910fe33804222746340870c0ec46ff53ad9ce7bf28e8eeb5e,2026-07-13T11:27:03.896672+00:00,,False,9400,0.7826,1525.9,0,COLM-COLUMBIA SPORTSWEAR CO-2023,18,82407,0,0,47,426.78723404255317,559,21.84572066605175,4577.555555555556
COLM,COLM-COLUMBIA SPORTSWEAR CO-2024.pdf,data/01_raw/sustainability/COLM/COLM-COLUMBIA SPORTSWEAR CO-2024.pdf,11569190,2026-07-13T10:03:33.348257+00:00,49cdc9b8d77e760b7e8dddfe919c19d9b72f042df688d5a4530ff5ed6801c9fc,raw,data/01_raw/sustainability/COLM/COLM-COLUMBIA SPORTSWEAR CO-2024.pdf,11569190,2026-07-13T10:03:33.348257+00:00,49cdc9b8d77e760b7e8dddfe919c19d9b72f042df688d5a4530ff5ed6801c9fc,data/02_interim/esg_text/COLM/COLM-COLUMBIA SPORTSWEAR CO-2024.txt,data/02_interim/esg_text/COLM/COLM-COLUMBIA SPORTSWEAR CO-2024.pages.csv,parsed,,73,86126,10,c999605abee91a193bc2adcf96b0a6c1b29474489436838520caa6611fdbbeec,2026-07-13T11:27:06.881861+00:00,,False,10179,0.8089,1179.8,0,COLM-COLUMBIA SPORTSWEAR CO-2024,15,85960,0,0,45,434.4222222222222,599,17.41634349673734,5741.733333333334
COST,COST-COSTCO WHOLESALE CORP-2021.pdf,data/01_raw/sustainability/COST/COST-COSTCO WHOLESALE CORP-2021.pdf,6622870,2026-07-13T10:03:35.971310+00:00,5bb182eaa1830126e95e1170f4be462abfdc597e6aa23f259c801f4cc7190b63,raw,data/01_raw/sustainability/COST/COST-COSTCO WHOLESALE CORP-2021.pdf,6622870,2026-07-13T10:03:35.971310+00:00,5bb182eaa1830126e95e1170f4be462abfdc597e6aa23f259c801f4cc7190b63,data/02_interim/esg_text/COST/COST-COSTCO WHOLESALE CORP-2021.txt,data/02_interim/esg_text/COST/COST-COSTCO WHOLESALE CORP-2021.pages.csv,parsed,,109,272658,22,cde82fb938784b8371d8729ca4b772252cf57f4133b7241455e4ded10b66d08a,2026-07-13T11:27:15.596883+00:00,,False,32855,0.7995,2501.4,0,COST-COSTCO WHOLESALE CORP-2021,14,272753,0,0,133,488.36842105263156,557,5.134637531266275,19475.571428571428
COST,COST-COSTCO WHOLESALE CORP-2022.pdf,data/01_raw/sustainability/COST/COST-COSTCO WHOLESALE CORP-2022.pdf,63414164,2026-07-13T10:03:41.092808+00:00,8ad1093dfaf69183f45ae83567cc87fcf34cc217c58b80cf43a77f541c6c9e7c,raw,data/01_raw/sustainability/COST/COST-COSTCO WHOLESALE CORP-2022.pdf,63414164,2026-07-13T10:03:41.092808+00:00,8ad1093dfaf69183f45ae83567cc87fcf34cc217c58b80cf43a77f541c6c9e7c,data/02_interim/esg_text/COST/COST-COSTCO WHOLESALE CORP-2022.txt,data/02_interim/esg_text/COST/COST-COSTCO WHOLESALE CORP-2022.pages.csv,parsed,,176,282683,471,7b0795afdffda5ca43d8e87a45d7990018ec4d1316702f9ea94239627922595b,2026-07-13T11:27:20.373424+00:00,,False,32990,0.7968,1606.2,0,COST-COSTCO WHOLESALE CORP-2022,15,282795,0,0,151,482.3245033112583,573,5.3062971597160065,18845.533333333333
COST,COST-COSTCO WHOLESALE CORP-2025.pdf,data/01_raw/sustainability/COST/COST-COSTCO WHOLESALE CORP-2025.pdf,11576743,2026-07-13T10:03:48.566696+00:00,822f9a6be177a2fd8bc16fa919a04ff73136beaafa922cf6e3e8f71137c96574,raw,data/01_raw/sustainability/COST/COST-COSTCO WHOLESALE CORP-2025.pdf,11576743,2026-07-13T10:03:48.566696+00:00,822f9a6be177a2fd8bc16fa919a04ff73136beaafa922cf6e3e8f71137c96574,data/02_interim/esg_text/COST/COST-COSTCO WHOLESALE CORP-2025.txt,data/02_interim/esg_text/COST/COST-COSTCO WHOLESALE CORP-2025.pages.csv,parsed,,86,277723,53,84de3a4b66d9f6644e9d609d7eab51571adbd010742b108942baf8ee628d3278,2026-07-13T11:27:17.603295+00:00,,False,32289,0.8014,3229.3,0,COST-COSTCO WHOLESALE CORP-2025,16,277806,0,0,138,487.768115942029,586,5.761136096038139,17357.6875
CPNG,CPNG-Coupang-2022.pdf,data/01_raw/sustainability/CPNG/CPNG-Coupang-2022.pdf,11853502,2026-07-13T10:03:52.847887+00:00,299ad07c9b7d015d58d8c8af7a57ad935599cfed5da3665d71582ec4d25e1665,raw,data/01_raw/sustainability/CPNG/CPNG-Coupang-2022.pdf,11853502,2026-07-13T10:03:52.847887+00:00,299ad07c9b7d015d58d8c8af7a57ad935599cfed5da3665d71582ec4d25e1665,data/02_interim/esg_text/CPNG/CPNG-Coupang-2022.txt,data/02_interim/esg_text/CPNG/CPNG-Coupang-2022.pages.csv,parsed,,17,27766,10,020b0828dbb57801d9e14f68f2b66254374a02be2eaa521b5583e8971214fbb3,2026-07-13T11:27:13.357559+00:00,,False,3333,0.8262,1633.3,0,CPNG-Coupang-2022,7,27767,1,0,13,470.0769230769231,521,25.210689332276882,3966.5714285714284
CPNG,CPNG-Coupang-2023.pdf,data/01_raw/sustainability/CPNG/CPNG-Coupang-2023.pdf,5174918,2026-07-13T10:03:54.901757+00:00,cbfa56e463e0e4743621e427e1c9086d3c81fcaa4d90b4842f52f915c2e779d9,raw,data/01_raw/sustainability/CPNG/CPNG-Coupang-2023.pdf,5174918,2026-07-13T10:03:54.901757+00:00,cbfa56e463e0e4743621e427e1c9086d3c81fcaa4d90b4842f52f915c2e779d9,data/02_interim/esg_text/CPNG/CPNG-Coupang-2023.txt,data/02_interim/esg_text/CPNG/CPNG-Coupang-2023.pages.csv,parsed,,19,33965,4,b79b6837e37d1de91f9f769b7aab61713d52cbe722d9c52f071693160d841c48,2026-07-13T11:27:18.728902+00:00,,False,3986,0.8145,1787.6,0,CPNG-Coupang-2023,9,33961,1,0,19,391.2631578947368,518,26.49786544972766,3773.8888888888887
CPNG,CPNG-Coupang-2024.pdf,data/01_raw/sustainability/CPNG/CPNG-Coupang-2024.pdf,6809003,2026-07-13T10:03:57.420397+00:00,4af4bb11b389c328507678eb5899a3dde39660d6d01aa2f4675307ce8cf06f60,raw,data/01_raw/sustainability/CPNG/CPNG-Coupang-2024.pdf,6809003,2026-07-13T10:03:57.420397+00:00,4af4bb11b389c328507678eb5899a3dde39660d6d01aa2f4675307ce8cf06f60,data/02_interim/esg_text/CPNG/CPNG-Coupang-2024.txt,data/02_interim/esg_text/CPNG/CPNG-Coupang-2024.pages.csv,parsed,,24,53209,8,96a969bbf28b42e723d93e2971e89f613811eac5a6db0ee4a7e70ea8595a77d4,2026-07-13T11:27:19.738569+00:00,,False,6188,0.8309,2217.0,0,CPNG-Coupang-2024,10,53205,1,0,28,456.10714285714283,577,18.793813076735137,5320.9
CRI,CRI-CARTER'S INC-2021.pdf,data/01_raw/sustainability/CRI/CRI-CARTER'S INC-2021.pdf,58705844,2026-07-13T10:04:04.395668+00:00,a91a4eb4f3639319f2bb1038f542bcf9cc378aa81c5edb1044e1944d574b2dff,raw,data/01_raw/sustainability/CRI/CRI-CARTER'S INC-2021.pdf,58705844,2026-07-13T10:04:04.395668+00:00,a91a4eb4f3639319f2bb1038f542bcf9cc378aa81c5edb1044e1944d574b2dff,data/02_interim/esg_text/CRI/CRI-CARTER'S INC-2021.txt,data/02_interim/esg_text/CRI/CRI-CARTER'S INC-2021.pages.csv,parsed,,63,133643,12,b06542abb32c324ac400a329e780149b7834b16c06e635d0613aaa621263d6c8,2026-07-13T11:27:34.004160+00:00,,False,15300,0.7679,2121.3,0,CRI-CARTER'S INC-2021,15,133571,0,0,70,467.9428571428571,568,11.223932416961608,8909.533333333333
CRI,CRI-CARTER'S INC-2022.pdf,data/01_raw/sustainability/CRI/CRI-CARTER'S INC-2022.pdf,19180692,2026-07-13T10:04:08.064944+00:00,2368d14b6241ced5864746371cfa57fb170d6f0141670f4033b64c99e6d723c9,raw,data/01_raw/sustainability/CRI/CRI-CARTER'S INC-2022.pdf,19180692,2026-07-13T10:04:08.064944+00:00,2368d14b6241ced5864746371cfa57fb170d6f0141670f4033b64c99e6d723c9,data/02_interim/esg_text/CRI/CRI-CARTER'S INC-2022.txt,data/02_interim/esg_text/CRI/CRI-CARTER'S INC-2022.pages.csv,parsed,,71,151608,28,26df911cf96da27bd91fe4b5080b9e1a1a371e483e58ea179588c2cd87b1f41b,2026-07-13T11:27:38.102319+00:00,,False,16933,0.7698,2135.3,0,CRI-CARTER'S INC-2022,17,151663,0,0,93,472.5268817204301,593,11.213128594797109,8918.117647058823
CRI,CRI-CARTER'S INC-2023.pdf,data/01_raw/sustainability/CRI/CRI-CARTER'S INC-2023.pdf,35414744,2026-07-13T10:04:13.389064+00:00,5262a50317a13d1ecc9b2a96625d545a472649a40f5e44f931a0f8b33b7f2d52,raw,data/01_raw/sustainability/CRI/CRI-CARTER'S INC-2023.pdf,35414744,2026-07-13T10:04:13.389064+00:00,5262a50317a13d1ecc9b2a96625d545a472649a40f5e44f931a0f8b33b7f2d52,data/02_interim/esg_text/CRI/CRI-CARTER'S INC-2023.txt,data/02_interim/esg_text/CRI/CRI-CARTER'S INC-2023.pages.csv,parsed,,73,150506,52,ad9c0aac78acbaf31b76faeddac0f943b5c0893b663228c4e40c1f2c50fdf601,2026-07-13T11:27:36.482838+00:00,,False,17126,0.775,2061.7,0,CRI-CARTER'S INC-2023,17,150504,0,0,84,467.32142857142856,595,11.29523075492007,8853.29411764706
CRI,CRI-CARTER'S INC-2024.pdf,data/01_raw/sustainability/CRI/CRI-CARTER'S INC-2024.pdf,23170458,2026-07-13T10:04:18.077763+00:00,8bcb97b39480e2d4fd6a44f6f0e179e68b89f63dcd438f6ce165945ac88c8027,raw,data/01_raw/sustainability/CRI/CRI-CARTER'S INC-2024.pdf,23170458,2026-07-13T10:04:18.077763+00:00,8bcb97b39480e2d4fd6a44f6f0e179e68b89f63dcd438f6ce165945ac88c8027,data/02_interim/esg_text/CRI/CRI-CARTER'S INC-2024.txt,data/02_interim/esg_text/CRI/CRI-CARTER'S INC-2024.pages.csv,parsed,,76,165685,65,8e78453b9bc96bb755918ed3cef45a5b9aa8f8ec24536aa56753cee481593b5d,2026-07-13T11:27:36.976974+00:00,,False,18669,0.7825,2180.1,0,CRI-CARTER'S INC-2024,15,165755,0,0,84,476.1666666666667,539,9.053324078824275,11045.666666666666
CRI,CRI-CARTER2S INC-2025.pdf,data/01_raw/sustainability/CRI/CRI-CARTER2S INC-2025.pdf,11191388,2026-07-13T10:04:20.889174+00:00,d375008b6a059f6386343162dfe76f1d9c197534ca069fa6f14c9e021b5f9ecb,raw,data/01_raw/sustainability/CRI/CRI-CARTER2S INC-2025.pdf,11191388,2026-07-13T10:04:20.889174+00:00,d375008b6a059f6386343162dfe76f1d9c197534ca069fa6f14c9e021b5f9ecb,data/02_interim/esg_text/CRI/CRI-CARTER2S INC-2025.txt,data/02_interim/esg_text/CRI/CRI-CARTER2S INC-2025.pages.csv,parsed,,77,155843,146,1be8d9f44eace71b82bed9715d579b09c35f9c6e3be7a2c0cf5c41e87209b31d,2026-07-13T11:27:48.719615+00:00,,False,17482,0.7803,2023.9,0,CRI-CARTER2S INC-2025,16,155892,0,0,81,475.0740740740741,565,10.266742811675853,9740.1875
CRMT,CRMT-AMERICA'S CAR-MART INC-2021.pdf,data/01_raw/sustainability/CRMT/CRMT-AMERICA'S CAR-MART INC-2021.pdf,3809404,2026-07-13T10:04:23.710360+00:00,ad5783d3603c8bbd3583a611e3d9801b82cb786eb6cee8ad56cf535387253e45,raw,data/01_raw/sustainability/CRMT/CRMT-AMERICA'S CAR-MART INC-2021.pdf,3809404,2026-07-13T10:04:23.710360+00:00,ad5783d3603c8bbd3583a611e3d9801b82cb786eb6cee8ad56cf535387253e45,data/02_interim/esg_text/CRMT/CRMT-AMERICA'S CAR-MART INC-2021.txt,data/02_interim/esg_text/CRMT/CRMT-AMERICA'S CAR-MART INC-2021.pages.csv,parsed,,30,84468,4,5ab99cc674c81c82b34d3dd2a42d7652eb39f7fa86592453ea4553fcc15720b4,2026-07-13T11:27:42.030925+00:00,,False,10193,0.815,2815.6,0,CRMT-AMERICA'S CAR-MART INC-2021,11,84345,0,0,41,443.3658536585366,500,13.022683146280249,7678.909090909091
CRMT,CRMT-AMERICA'S CAR-MART INC-2022.pdf,data/01_raw/sustainability/CRMT/CRMT-AMERICA'S CAR-MART INC-2022.pdf,19242862,2026-07-13T10:04:28.633445+00:00,fcc6f2b267ee09e6b3229939fd7d0d3206f561e32c8765148ed0b5ad888b02d3,raw,data/01_raw/sustainability/CRMT/CRMT-AMERICA'S CAR-MART INC-2022.pdf,19242862,2026-07-13T10:04:28.633445+00:00,fcc6f2b267ee09e6b3229939fd7d0d3206f561e32c8765148ed0b5ad888b02d3,data/02_interim/esg_text/CRMT/CRMT-AMERICA'S CAR-MART INC-2022.txt,data/02_interim/esg_text/CRMT/CRMT-AMERICA'S CAR-MART INC-2022.pages.csv,parsed,,32,85795,2,cbac84f0943f763a98a84edabdc8bb3ea5f43e2c794f3df183ab01a50f22b3ed,2026-07-13T11:27:41.739557+00:00,,False,10335,0.8157,2681.1,0,CRMT-AMERICA'S CAR-MART INC-2022,11,85789,0,0,40,459.0,502,12.821259980185326,7799.545454545455
CRMT,CRMT-AMERICA'S CAR-MART INC-2023.pdf,data/01_raw/sustainability/CRMT/CRMT-AMERICA'S CAR-MART INC-2023.pdf,8080374,2026-07-13T10:04:31.890545+00:00,3c30b9e29ae62cf21ad87b14dd8d5a1bd4eb2342b68994a2207ed9dfb7126665,raw,data/01_raw/sustainability/CRMT/CRMT-AMERICA'S CAR-MART INC-2023.pdf,8080374,2026-07-13T10:04:31.890545+00:00,3c30b9e29ae62cf21ad87b14dd8d5a1bd4eb2342b68994a2207ed9dfb7126665,data/02_interim/esg_text/CRMT/CRMT-AMERICA'S CAR-MART INC-2023.txt,data/02_interim/esg_text/CRMT/CRMT-AMERICA'S CAR-MART INC-2023.pages.csv,parsed,,32,89019,4,257c645bf484465282760021548d7b7e9aae35dc1bf6abdd1d1abc55644cf8eb,2026-07-13T11:27:42.335511+00:00,,False,10763,0.8189,2781.8,0,CRMT-AMERICA'S CAR-MART INC-2023,12,89093,0,0,41,469.6829268292683,556,13.48026825733832,7418.25
CRMT,CRMT-AMERICA'S CAR-MART INC-2024.pdf,data/01_raw/sustainability/CRMT/CRMT-AMERICA'S CAR-MART INC-2024.pdf,2786263,2026-07-13T10:04:34.622292+00:00,7a4f28dcf6c7175ec2c3d3a85f4f4500e6ba9d14913a5fe9394e72727b780ba8,raw,data/01_raw/sustainability/CRMT/CRMT-AMERICA'S CAR-MART INC-2024.pdf,2786263,2026-07-13T10:04:34.622292+00:00,7a4f28dcf6c7175ec2c3d3a85f4f4500e6ba9d14913a5fe9394e72727b780ba8,data/02_interim/esg_text/CRMT/CRMT-AMERICA'S CAR-MART INC-2024.txt,data/02_interim/esg_text/CRMT/CRMT-AMERICA'S CAR-MART INC-2024.pages.csv,parsed,,33,89117,5,ef8719e55f2b4f12f366b06eed30425b1de02dcf949df1618a5be0aabd8edbb1,2026-07-13T11:27:46.117857+00:00,,False,10687,0.8189,2700.5,0,CRMT-AMERICA'S CAR-MART INC-2024,12,89189,0,0,42,458.85714285714283,514,13.465444303555998,7426.416666666667
CROX,CROX-CROCS INC-2021.pdf,data/01_raw/sustainability/CROX/CROX-CROCS INC-2021.pdf,37489948,2026-07-13T10:04:39.062356+00:00,ac4484a6cdad1de4e0777be4d7a99d8bf05ff861cc511969dedef7623b62af2c,raw,data/01_raw/sustainability/CROX/CROX-CROCS INC-2021.pdf,37489948,2026-07-13T10:04:39.062356+00:00,ac4484a6cdad1de4e0777be4d7a99d8bf05ff861cc511969dedef7623b62af2c,data/02_interim/esg_text/CROX/CROX-CROCS INC-2021.txt,data/02_interim/esg_text/CROX/CROX-CROCS INC-2021.pages.csv,parsed,,47,138380,74,870183d9fd6b70ed7eef89dad2139a8562df17353ffa28c515b455d5350761fb,2026-07-13T11:27:51.841383+00:00,,False,16307,0.8086,2944.3,0,CROX-CROCS INC-2021,16,138408,0,0,70,472.8285714285714,559,11.562364503540975,8648.75
CROX,CROX-CROCS INC-2022.pdf,data/01_raw/sustainability/CROX/CROX-CROCS INC-2022.pdf,33050861,2026-07-13T10:04:47.178192+00:00,3d99a0f298fa4de8ad57fbd29e9fbcbd6aed5410b140c02f9c9ce96ec0bb3fa2,raw,data/01_raw/sustainability/CROX/CROX-CROCS INC-2022.pdf,33050861,2026-07-13T10:04:47.178192+00:00,3d99a0f298fa4de8ad57fbd29e9fbcbd6aed5410b140c02f9c9ce96ec0bb3fa2,data/02_interim/esg_text/CROX/CROX-CROCS INC-2022.txt,data/02_interim/esg_text/CROX/CROX-CROCS INC-2022.pages.csv,parsed,,43,146443,56,5d11900c16f1e22ce9fc35de197c817d612f9ed42e6b4af843ce1e4697df92a5,2026-07-13T11:27:50.497268+00:00,,False,17129,0.7326,3405.7,0,CROX-CROCS INC-2022,15,146491,0,0,83,467.2530120481928,500,10.242893139310175,9762.866666666667
CROX,CROX-CROCS INC-2023.pdf,data/01_raw/sustainability/CROX/CROX-CROCS INC-2023.pdf,48495806,2026-07-13T10:04:52.279641+00:00,a86b533b720d64d827615aea00648ba9c716431ddd3b9349de1f9a70af382a52,raw,data/01_raw/sustainability/CROX/CROX-CROCS INC-2023.pdf,48495806,2026-07-13T10:04:52.279641+00:00,a86b533b720d64d827615aea00648ba9c716431ddd3b9349de1f9a70af382a52,data/02_interim/esg_text/CROX/CROX-CROCS INC-2023.txt,data/02_interim/esg_text/CROX/CROX-CROCS INC-2023.pages.csv,parsed,,53,208655,98,f88ea142fc494cb556ff2c671addb6b2ddab085768780784795c081ece1d4b8a,2026-07-13T11:27:59.876316+00:00,,False,24009,0.7388,3936.9,0,CROX-CROCS INC-2023,13,208577,0,0,112,485.58035714285717,573,6.230380292827873,16050.384615384615
CROX,CROX-CROCS INC-2024.pdf,data/01_raw/sustainability/CROX/CROX-CROCS INC-2024.pdf,50701831,2026-07-13T10:04:58.143389+00:00,3f19a7c41825d850de72392a1f34fad7f348788142f31b283262afcfb8527270,raw,data/01_raw/sustainability/CROX/CROX-CROCS INC-2024.pdf,50701831,2026-07-13T10:04:58.143389+00:00,3f19a7c41825d850de72392a1f34fad7f348788142f31b283262afcfb8527270,data/02_interim/esg_text/CROX/CROX-CROCS INC-2024.txt,data/02_interim/esg_text/CROX/CROX-CROCS INC-2024.pages.csv,parsed,,53,200205,84,048a8b2da3a3b059cba47b374b1effab09ab269d48fb975d814d40e9be9babdb,2026-07-13T11:27:59.125680+00:00,,False,22839,0.7308,3777.5,0,CROX-CROCS INC-2024,17,200259,0,0,109,481.23853211009174,598,8.491296421168302,11776.764705882353
CROX,CROX-CROCS INC-2025.pdf,data/01_raw/sustainability/CROX/CROX-CROCS INC-2025.pdf,82659833,2026-07-13T10:05:07.695802+00:00,18d84098184cf280396b04a1c060e4ef5a01c05923f2e6732579a006f3ac5e8e,raw,data/01_raw/sustainability/CROX/CROX-CROCS INC-2025.pdf,82659833,2026-07-13T10:05:07.695802+00:00,18d84098184cf280396b04a1c060e4ef5a01c05923f2e6732579a006f3ac5e8e,data/02_interim/esg_text/CROX/CROX-CROCS INC-2025.txt,data/02_interim/esg_text/CROX/CROX-CROCS INC-2025.pages.csv,parsed,,36,131717,68,60e8cc4ae106acf21ca338241ba059c504148e8fa4f43c1eb4cdfc239ff7c710,2026-07-13T11:32:00.991215+00:00,,False,14818,0.7365,3658.8,0,CROX-CROCS INC-2025,14,131527,0,0,75,482.44,574,10.628848212455491,9408.357142857143
CURV,CURV-TORRID HOLDINGS-2021.pdf,data/01_raw/sustainability/CURV/CURV-TORRID HOLDINGS-2021.pdf,43978379,2026-07-13T10:05:12.132135+00:00,beb928007ec8d6e3663826d3e9fa860506f3e16712d321989a29955f26116353,raw,data/01_raw/sustainability/CURV/CURV-TORRID HOLDINGS-2021.pdf,43978379,2026-07-13T10:05:12.132135+00:00,beb928007ec8d6e3663826d3e9fa860506f3e16712d321989a29955f26116353,data/02_interim/esg_text/CURV/CURV-TORRID HOLDINGS-2021.txt,data/02_interim/esg_text/CURV/CURV-TORRID HOLDINGS-2021.pages.csv,parsed,,31,57089,17,eb46ff2483f1162c2911eaf06d9d5265cb555c43f3c4701f97a64a09e9ef2304,2026-07-13T11:27:55.899695+00:00,,False,6458,0.7836,1841.6,0,CURV-TORRID HOLDINGS-2021,15,57109,1,0,29,456.2068965517241,596,26.274763965037046,3805.9333333333334
CURV,CURV-TORRID HOLDINGS-2022.pdf,data/01_raw/sustainability/CURV/CURV-TORRID HOLDINGS-2022.pdf,24915256,2026-07-13T10:05:16.503225+00:00,b41a1e3e22021cdd7a6ec7ae86aa218e5ca906bac75b44cac9bb79c4b3cf5ee0,raw,data/01_raw/sustainability/CURV/CURV-TORRID HOLDINGS-2022.pdf,24915256,2026-07-13T10:05:16.503225+00:00,b41a1e3e22021cdd7a6ec7ae86aa218e5ca906bac75b44cac9bb79c4b3cf5ee0,data/02_interim/esg_text/CURV/CURV-TORRID HOLDINGS-2022.txt,data/02_interim/esg_text/CURV/CURV-TORRID HOLDINGS-2022.pages.csv,parsed,,36,65872,28,7553335631312f7a163a9073b84422e357d7ae33db918a3e2df33b4050add1c0,2026-07-13T11:28:00.174905+00:00,,False,7489,0.7877,1829.8,0,CURV-TORRID HOLDINGS-2022,15,65913,1,0,35,448.0,501,22.771435511294634,4391.466666666666
CURV,CURV-TORRID HOLDINGS-2023.pdf,data/01_raw/sustainability/CURV/CURV-TORRID HOLDINGS-2023.pdf,6739205,2026-07-13T10:05:18.761332+00:00,86fe37f1df529c1470e453d5381e57fd94ba5c4d2f326773a61a5ecfc14873d7,raw,data/01_raw/sustainability/CURV/CURV-TORRID HOLDINGS-2023.pdf,6739205,2026-07-13T10:05:18.761332+00:00,86fe37f1df529c1470e453d5381e57fd94ba5c4d2f326773a61a5ecfc14873d7,data/02_interim/esg_text/CURV/CURV-TORRID HOLDINGS-2023.txt,data/02_interim/esg_text/CURV/CURV-TORRID HOLDINGS-2023.pages.csv,parsed,,35,69606,30,c250d45cbfeecdd01ccf272f9b5b3f4ca45ad4c5a1abc71d90cbf9344a16c9a5,2026-07-13T11:28:02.918595+00:00,,False,7915,0.7864,1988.7,0,CURV-TORRID HOLDINGS-2023,14,69655,1,0,37,453.7837837837838,575,20.113208631439818,4971.857142857143
CVS,CVS-CVS HEALTH CORP-2021.pdf,data/01_raw/sustainability/CVS/CVS-CVS HEALTH CORP-2021.pdf,14831633,2026-07-13T10:05:30.902043+00:00,c2b8e7e86e91d318ad40e68908f1ceaaf3f9e01d74fd0cd7101dd981c6e771ee,raw,data/01_raw/sustainability/CVS/CVS-CVS HEALTH CORP-2021.pdf,14831633,2026-07-13T10:05:30.902043+00:00,c2b8e7e86e91d318ad40e68908f1ceaaf3f9e01d74fd0cd7101dd981c6e771ee,data/02_interim/esg_text/CVS/CVS-CVS HEALTH CORP-2021.txt,data/02_interim/esg_text/CVS/CVS-CVS HEALTH CORP-2021.pages.csv,parsed,,69,105515,37,6ef001048e2c42ce532bfc2581af453844581e2ee530dcbd240e26298134c498,2026-07-13T11:28:06.340212+00:00,,False,12691,0.8098,1529.2,0,CVS-CVS HEALTH CORP-2021,14,105520,0,0,54,457.14814814814815,511,13.268255698241957,7536.785714285715
CVS,CVS-CVS HEALTH CORP-2022.pdf,data/01_raw/sustainability/CVS/CVS-CVS HEALTH CORP-2022.pdf,14819147,2026-07-13T10:05:36.007168+00:00,fc77519f1a37ab4dec7c41e638939852e84078713f4c959198e36d5ed96898c1,raw,data/01_raw/sustainability/CVS/CVS-CVS HEALTH CORP-2022.pdf,14819147,2026-07-13T10:05:36.007168+00:00,fc77519f1a37ab4dec7c41e638939852e84078713f4c959198e36d5ed96898c1,data/02_interim/esg_text/CVS/CVS-CVS HEALTH CORP-2022.txt,data/02_interim/esg_text/CVS/CVS-CVS HEALTH CORP-2022.pages.csv,parsed,,39,66900,6,25aa43d802e890fe2c3f95079809eea9fe526443f62c63f5efa7db7689da5c5d,2026-07-13T11:28:03.801833+00:00,,False,7999,0.8127,1715.4,0,CVS-CVS HEALTH CORP-2022,8,66913,0,0,32,467.46875,566,11.958146487294469,8362.5
CVS,CVS-CVS HEALTH CORP-2023.pdf,data/01_raw/sustainability/CVS/CVS-CVS HEALTH CORP-2023.pdf,21249620,2026-07-13T10:05:42.390976+00:00,df0cd5aaf6639d65d5796516b7eedaedacfa438457b21a453064296b2cc505b4,raw,data/01_raw/sustainability/CVS/CVS-CVS HEALTH CORP-2023.pdf,21249620,2026-07-13T10:05:42.390976+00:00,df0cd5aaf6639d65d5796516b7eedaedacfa438457b21a453064296b2cc505b4,data/02_interim/esg_text/CVS/CVS-CVS HEALTH CORP-2023.txt,data/02_interim/esg_text/CVS/CVS-CVS HEALTH CORP-2023.pages.csv,parsed,,41,68391,4,93454784e5ae054debec7219181dce9d3fe4b218c661bdd047a97f9141af8a3b,2026-07-13T11:28:07.408679+00:00,,False,7984,0.8018,1668.1,0,CVS-CVS HEALTH CORP-2023,9,68348,0,0,33,460.8181818181818,594,13.15962626661403,7599.0
CVS,CVS-CVS HEALTH CORP-2025.pdf,data/01_raw/sustainability/CVS/CVS-CVS HEALTH CORP-2025.pdf,3665668,2026-07-13T10:05:47.103799+00:00,40592725221afeea82ba1a11d39b801167a4f35548a9b832cbdd1e4b890567d4,raw,data/01_raw/sustainability/CVS/CVS-CVS HEALTH CORP-2025.pdf,3665668,2026-07-13T10:05:47.103799+00:00,40592725221afeea82ba1a11d39b801167a4f35548a9b832cbdd1e4b890567d4,data/02_interim/esg_text/CVS/CVS-CVS HEALTH CORP-2025.txt,data/02_interim/esg_text/CVS/CVS-CVS HEALTH CORP-2025.pages.csv,parsed,,46,156483,42,e3edf948411e50b57cb27e2d11a8d1267ae705c5a1154db02fcb0a1160908f60,2026-07-13T11:28:14.640393+00:00,,False,17756,0.7786,3401.8,0,CVS-CVS HEALTH CORP-2025,15,156469,0,0,78,482.61538461538464,599,9.585705795517724,10432.2
DECK,DECK-DECKERS OUTDOOR CORP-2021.pdf,data/01_raw/sustainability/DECK/DECK-DECKERS OUTDOOR CORP-2021.pdf,21507902,2026-07-13T10:05:52.360401+00:00,8f6c67df74babae956d68d2f2c1ab50023370ef1f9970ec1d295128f4db59c0d,raw,data/01_raw/sustainability/DECK/DECK-DECKERS OUTDOOR CORP-2021.pdf,21507902,2026-07-13T10:05:52.360401+00:00,8f6c67df74babae956d68d2f2c1ab50023370ef1f9970ec1d295128f4db59c0d,data/02_interim/esg_text/DECK/DECK-DECKERS OUTDOOR CORP-2021.txt,data/02_interim/esg_text/DECK/DECK-DECKERS OUTDOOR CORP-2021.pages.csv,parsed,,245,587256,479,f0d3e05122bd5d0aeb22623c904a358282b51fe04d34b05eb70359a549f6866d,2026-07-13T11:28:54.766536+00:00,,False,62808,0.7079,2397.0,0,DECK-DECKERS OUTDOOR CORP-2021,16,587581,0,0,422,493.563981042654,535,2.724535807211846,36703.5
DECK,DECK-DECKERS OUTDOOR CORP-2022.pdf,data/01_raw/sustainability/DECK/DECK-DECKERS OUTDOOR CORP-2022.pdf,25068362,2026-07-13T10:05:58.358303+00:00,1069db1f28d2c1e67b62c4971b878cf3bedd95ac25cb4f48d8f2d13dcb4c2e91,raw,data/01_raw/sustainability/DECK/DECK-DECKERS OUTDOOR CORP-2022.pdf,25068362,2026-07-13T10:05:58.358303+00:00,1069db1f28d2c1e67b62c4971b878cf3bedd95ac25cb4f48d8f2d13dcb4c2e91,data/02_interim/esg_text/DECK/DECK-DECKERS OUTDOOR CORP-2022.txt,data/02_interim/esg_text/DECK/DECK-DECKERS OUTDOOR CORP-2022.pages.csv,parsed,,138,377456,203,c7eeb8cc2c39d2bea5fc5dfe8748ae54e18e50ca7ee2935f4302d0c6b0856cc9,2026-07-13T11:29:05.078829+00:00,,False,41612,0.7227,2735.2,0,DECK-DECKERS OUTDOOR CORP-2022,15,377690,0,0,243,491.7283950617284,586,3.973973125344411,25163.733333333334
DECK,DECK-DECKERS OUTDOOR CORP-2023.pdf,data/01_raw/sustainability/DECK/DECK-DECKERS OUTDOOR CORP-2023.pdf,34287508,2026-07-13T10:06:04.546643+00:00,2ad85c9ce8b67edaf554596f250424b1b84dc2e4b1cff4c4cd1e322bd27d832c,raw,data/01_raw/sustainability/DECK/DECK-DECKERS OUTDOOR CORP-2023.pdf,34287508,2026-07-13T10:06:04.546643+00:00,2ad85c9ce8b67edaf554596f250424b1b84dc2e4b1cff4c4cd1e322bd27d832c,data/02_interim/esg_text/DECK/DECK-DECKERS OUTDOOR CORP-2023.txt,data/02_interim/esg_text/DECK/DECK-DECKERS OUTDOOR CORP-2023.pages.csv,parsed,,186,465748,341,11c82feacf8422d788d692146c97a73342be70a6c9934e87e6d27aaca4c4a6b0,2026-07-13T11:28:59.024388+00:00,,False,48193,0.7372,2504.0,0,DECK-DECKERS OUTDOOR CORP-2023,17,466097,0,0,284,492.32394366197184,532,3.6500425122598488,27396.941176470587
DECK,DECK-DECKERS OUTDOOR CORP-2024.pdf,data/01_raw/sustainability/DECK/DECK-DECKERS OUTDOOR CORP-2024.pdf,34646579,2026-07-13T10:06:12.406397+00:00,41b1c6c9991ad91fa5c8ba0d775a271bfa738cb60b186a04fe28c47047034c50,raw,data/01_raw/sustainability/DECK/DECK-DECKERS OUTDOOR CORP-2024.pdf,34646579,2026-07-13T10:06:12.406397+00:00,41b1c6c9991ad91fa5c8ba0d775a271bfa738cb60b186a04fe28c47047034c50,data/02_interim/esg_text/DECK/DECK-DECKERS OUTDOOR CORP-2024.txt,data/02_interim/esg_text/DECK/DECK-DECKERS OUTDOOR CORP-2024.pages.csv,parsed,,192,521764,292,5ea7e08135cc421f250de61cd7bceba456f1209d36746ec0962a083836f9b3d5,2026-07-13T11:29:32.770451+00:00,,False,55865,0.7592,2717.5,0,DECK-DECKERS OUTDOOR CORP-2024,17,521936,0,0,323,492.1640866873065,597,3.258178026847387,30692.0
DECK,DECK-DECKERS OUTDOOR CORP-2025.pdf,data/01_raw/sustainability/DECK/DECK-DECKERS OUTDOOR CORP-2025.pdf,31929845,2026-07-13T10:06:19.301473+00:00,cdf9208625d8be61065dfcefa050af66398a39e759930592bcaf6a5547068370,raw,data/01_raw/sustainability/DECK/DECK-DECKERS OUTDOOR CORP-2025.pdf,31929845,2026-07-13T10:06:19.301473+00:00,cdf9208625d8be61065dfcefa050af66398a39e759930592bcaf6a5547068370,data/02_interim/esg_text/DECK/DECK-DECKERS OUTDOOR CORP-2025.txt,data/02_interim/esg_text/DECK/DECK-DECKERS OUTDOOR CORP-2025.pages.csv,parsed,,201,538825,224,2ed2a7fdf89d3377f9610914f3a90cc303eba7d6b703e19d97c4b02a49e1a2ea,2026-07-13T11:31:18.109995+00:00,,False,57721,0.7542,2680.7,0,DECK-DECKERS OUTDOOR CORP-2025,17,538614,0,0,323,495.1888544891641,591,3.1550132232171855,31695.58823529412
DELL,DELL-DELL TECHNOLOGIES INC-2021.pdf,data/01_raw/sustainability/DELL/DELL-DELL TECHNOLOGIES INC-2021.pdf,78068859,2026-07-13T10:06:31.359968+00:00,9dbe53fb0ab30e372f817017930247ee1e9c54d019293f49d7eebb8dc772a9f5,raw,data/01_raw/sustainability/DELL/DELL-DELL TECHNOLOGIES INC-2021.pdf,78068859,2026-07-13T10:06:31.359968+00:00,9dbe53fb0ab30e372f817017930247ee1e9c54d019293f49d7eebb8dc772a9f5,data/02_interim/esg_text/DELL/DELL-DELL TECHNOLOGIES INC-2021.txt,data/02_interim/esg_text/DELL/DELL-DELL TECHNOLOGIES INC-2021.pages.csv,parsed,,90,276517,31,645adc2a217a8f05202945eb7b133ae0988efd6e39f81ecee22c5e21fb2274c4,2026-07-13T11:29:24.069511+00:00,,False,32734,0.7938,3072.4,0,DELL-DELL TECHNOLOGIES INC-2021,15,276384,0,0,138,481.7391304347826,575,5.424621271024928,18434.466666666667
DELL,DELL-DELL TECHNOLOGIES INC-2022.pdf,data/01_raw/sustainability/DELL/DELL-DELL TECHNOLOGIES INC-2022.pdf,34358050,2026-07-13T10:06:37.514789+00:00,357afbc6a87e1b9e8c3da44277f40b59e2adbcadc463f504983959b7356cd11f,raw,data/01_raw/sustainability/DELL/DELL-DELL TECHNOLOGIES INC-2022.pdf,34358050,2026-07-13T10:06:37.514789+00:00,357afbc6a87e1b9e8c3da44277f40b59e2adbcadc463f504983959b7356cd11f,data/02_interim/esg_text/DELL/DELL-DELL TECHNOLOGIES INC-2022.txt,data/02_interim/esg_text/DELL/DELL-DELL TECHNOLOGIES INC-2022.pages.csv,parsed,,159,368544,222,cd981129bc2a95f85e6ad1afa0c8f142663a8a77ece2fe60d9fab3dce02157ad,2026-07-13T11:29:54.890320+00:00,,False,41512,0.7907,2317.9,0,DELL-DELL TECHNOLOGIES INC-2022,16,368640,0,0,192,487.7708333333333,566,4.341408352869671,23034.0
DELL,DELL-DELL TECHNOLOGIES INC-2023.pdf,data/01_raw/sustainability/DELL/DELL-DELL TECHNOLOGIES INC-2023.pdf,81027148,2026-07-13T10:06:45.646351+00:00,c4a2ffa23e2121f11aca0414f0c336c80419f2652a9963a93cc289d8a82b028f,raw,data/01_raw/sustainability/DELL/DELL-DELL TECHNOLOGIES INC-2023.pdf,81027148,2026-07-13T10:06:45.646351+00:00,c4a2ffa23e2121f11aca0414f0c336c80419f2652a9963a93cc289d8a82b028f,data/02_interim/esg_text/DELL/DELL-DELL TECHNOLOGIES INC-2023.txt,data/02_interim/esg_text/DELL/DELL-DELL TECHNOLOGIES INC-2023.pages.csv,parsed,,156,346058,64,27bf033e71d0cc56af9c4a9c5441da38cf7a405e7656bb835ec8de368749bffa,2026-07-13T11:30:02.794740+00:00,,False,39491,0.8006,2218.3,0,DELL-DELL TECHNOLOGIES INC-2023,16,346231,0,0,185,488.9135135135135,557,4.623502418669703,21628.625
DELL,DELL-DELL TECHNOLOGIES INC-2024.pdf,data/01_raw/sustainability/DELL/DELL-DELL TECHNOLOGIES INC-2024.pdf,12049968,2026-07-13T10:06:49.727443+00:00,f106d79ba93cd474658c1375bce2b8a3548482e8d8288d394bf2710b254a3ddd,raw,data/01_raw/sustainability/DELL/DELL-DELL TECHNOLOGIES INC-2024.pdf,12049968,2026-07-13T10:06:49.727443+00:00,f106d79ba93cd474658c1375bce2b8a3548482e8d8288d394bf2710b254a3ddd,data/02_interim/esg_text/DELL/DELL-DELL TECHNOLOGIES INC-2024.txt,data/02_interim/esg_text/DELL/DELL-DELL TECHNOLOGIES INC-2024.pages.csv,parsed,,116,375009,113,779fe1b17302a217518923af4a203797655501069505367d1bf99a93039a7330,2026-07-13T11:30:23.908144+00:00,,False,43865,0.8097,3232.8,0,DELL-DELL TECHNOLOGIES INC-2024,15,374992,0,0,184,488.0380434782609,556,3.999904002303945,25000.6
DELL,DELL-DELL TECHNOLOGIES INC-2025.pdf,data/01_raw/sustainability/DELL/DELL-DELL TECHNOLOGIES INC-2025.pdf,879294,2026-07-13T10:06:51.034231+00:00,783a920ef8b0f56e4f662013226cac02cee53a010aa812e47c3ae3943fd21585,raw,data/01_raw/sustainability/DELL/DELL-DELL TECHNOLOGIES INC-2025.pdf,879294,2026-07-13T10:06:51.034231+00:00,783a920ef8b0f56e4f662013226cac02cee53a010aa812e47c3ae3943fd21585,data/02_interim/esg_text/DELL/DELL-DELL TECHNOLOGIES INC-2025.txt,data/02_interim/esg_text/DELL/DELL-DELL TECHNOLOGIES INC-2025.pages.csv,parsed,,7,17940,2,478856cac40cbdad7549cc11e0ec1b7f1facaaa9a9b8c3740aaa77228a23064a,2026-07-13T11:30:05.888569+00:00,,False,2106,0.8128,2562.9,0,DELL-DELL TECHNOLOGIES INC-2025,5,17936,0,0,9,431.8888888888889,526,27.870680044593087,3588.0
DG,DG-DOLLAR GENERAL CORP-2022.pdf,data/01_raw/sustainability/DG/DG-DOLLAR GENERAL CORP-2022.pdf,5346855,2026-07-13T10:06:53.514699+00:00,e7b37c1555615ee76f905d0858c897de770eca99bd4883c28467d5890b2c389c,raw,data/01_raw/sustainability/DG/DG-DOLLAR GENERAL CORP-2022.pdf,5346855,2026-07-13T10:06:53.514699+00:00,e7b37c1555615ee76f905d0858c897de770eca99bd4883c28467d5890b2c389c,data/02_interim/esg_text/DG/DG-DOLLAR GENERAL CORP-2022.txt,data/02_interim/esg_text/DG/DG-DOLLAR GENERAL CORP-2022.pages.csv,parsed,,59,106631,30,8b980af35fe6eb46738428f268203b55955f64c35c9802c52285cf6c7b53f700,2026-07-13T11:30:14.481710+00:00,,False,12740,0.8261,1807.3,0,DG-DOLLAR GENERAL CORP-2022,13,106762,0,0,52,460.63461538461536,572,12.19157655841172,8202.384615384615
DG,DG-DOLLAR GENERAL CORP-2023.pdf,data/01_raw/sustainability/DG/DG-DOLLAR GENERAL CORP-2023.pdf,50172145,2026-07-13T10:06:58.778784+00:00,8e6ba1b5fa793e28cfe5277b0cecd098b978a7356244e816c0a691986ec1802b,raw,data/01_raw/sustainability/DG/DG-DOLLAR GENERAL CORP-2023.pdf,50172145,2026-07-13T10:06:58.778784+00:00,8e6ba1b5fa793e28cfe5277b0cecd098b978a7356244e816c0a691986ec1802b,data/02_interim/esg_text/DG/DG-DOLLAR GENERAL CORP-2023.txt,data/02_interim/esg_text/DG/DG-DOLLAR GENERAL CORP-2023.pages.csv,parsed,,54,102310,12,39e861eddc608536594c3a6b6790123c85fc9e644462c8d164dacb251e038b12,2026-07-13T11:30:22.680436+00:00,,False,12155,0.8135,1894.6,0,DG-DOLLAR GENERAL CORP-2023,14,102315,0,0,48,468.6875,579,13.683901866875184,7307.857142857143
DG,DG-DOLLAR GENERAL CORP-2024.pdf,data/01_raw/sustainability/DG/DG-DOLLAR GENERAL CORP-2024.pdf,9210611,2026-07-13T10:07:01.823749+00:00,72377312b12dde42e3bd1189d8b990b1f30de3e6bc50d2f5cfe0b3373ac79970,raw,data/01_raw/sustainability/DG/DG-DOLLAR GENERAL CORP-2024.pdf,9210611,2026-07-13T10:07:01.823749+00:00,72377312b12dde42e3bd1189d8b990b1f30de3e6bc50d2f5cfe0b3373ac79970,data/02_interim/esg_text/DG/DG-DOLLAR GENERAL CORP-2024.txt,data/02_interim/esg_text/DG/DG-DOLLAR GENERAL CORP-2024.pages.csv,parsed,,47,78700,6,ede76716638cb80dd6b93c7c374546e74a33029831e9a2e7284aff1fb2642449,2026-07-13T11:30:29.309605+00:00,,False,9306,0.8279,1674.5,0,DG-DOLLAR GENERAL CORP-2024,15,78702,0,0,40,433.0,566,19.05972045743329,5246.666666666667
DG,DG-DOLLAR GENERAL CORP-2025.pdf,data/01_raw/sustainability/DG/DG-DOLLAR GENERAL CORP-2025.pdf,10953701,2026-07-13T10:07:06.778334+00:00,51a92f915f4428e4d1d0cad99986f06dc826979bc7b764eb525d1fe7f164ccac,raw,data/01_raw/sustainability/DG/DG-DOLLAR GENERAL CORP-2025.pdf,10953701,2026-07-13T10:07:06.778334+00:00,51a92f915f4428e4d1d0cad99986f06dc826979bc7b764eb525d1fe7f164ccac,data/02_interim/esg_text/DG/DG-DOLLAR GENERAL CORP-2025.txt,data/02_interim/esg_text/DG/DG-DOLLAR GENERAL CORP-2025.pages.csv,parsed,,42,81023,19,82ca0d822cb1b17bc1136a3e8441ab84c1c8998de2fc3a967b73c45414be3546,2026-07-13T11:30:30.965322+00:00,,False,9310,0.8256,1929.1,0,DG-DOLLAR GENERAL CORP-2025,17,81024,0,0,42,425.14285714285717,541,20.981696555299113,4766.058823529412
DKS,DKS-DICKS SPORTING GOODS INC-2021.pdf,data/01_raw/sustainability/DKS/DKS-DICKS SPORTING GOODS INC-2021.pdf,16581286,2026-07-13T10:07:10.627039+00:00,a6192cbd2b2e51d66ef3f3393fcddad8cc13199cbe6c19dfa486ecb59013bccf,raw,data/01_raw/sustainability/DKS/DKS-DICKS SPORTING GOODS INC-2021.pdf,16581286,2026-07-13T10:07:10.627039+00:00,a6192cbd2b2e51d66ef3f3393fcddad8cc13199cbe6c19dfa486ecb59013bccf,data/02_interim/esg_text/DKS/DKS-DICKS SPORTING GOODS INC-2021.txt,data/02_interim/esg_text/DKS/DKS-DICKS SPORTING GOODS INC-2021.pages.csv,parsed,,91,173321,92,ad6adf5e7e5f4ee0261e05653ccc83f799436585162bbf73b079a1b9804538ec,2026-07-13T11:30:48.669718+00:00,,False,19678,0.6996,1904.6,0,DKS-DICKS SPORTING GOODS INC-2021,16,173409,1,0,99,479.67676767676767,589,9.231426082240468,10832.5625
DKS,DKS-DICKS SPORTING GOODS INC-2022.pdf,data/01_raw/sustainability/DKS/DKS-DICKS SPORTING GOODS INC-2022.pdf,16289226,2026-07-13T10:07:14.202705+00:00,318290ba9e87b332403046aa266199daa056e411598df5549946b4921d31e693,raw,data/01_raw/sustainability/DKS/DKS-DICKS SPORTING GOODS INC-2022.pdf,16289226,2026-07-13T10:07:14.202705+00:00,318290ba9e87b332403046aa266199daa056e411598df5549946b4921d31e693,data/02_interim/esg_text/DKS/DKS-DICKS SPORTING GOODS INC-2022.txt,data/02_interim/esg_text/DKS/DKS-DICKS SPORTING GOODS INC-2022.pages.csv,parsed,,73,148990,70,73e9d91f09c51c3777376c570a692ec19506468e6b046e6bc8ca1d28b8786e60,2026-07-13T11:30:46.072895+00:00,,False,16952,0.8008,2041.0,0,DKS-DICKS SPORTING GOODS INC-2022,15,148774,0,0,76,475.0394736842105,513,10.0677897845493,9932.666666666666
DLTR,DLTR-DOLLAR TREE INC-2021.pdf,data/01_raw/sustainability/DLTR/DLTR-DOLLAR TREE INC-2021.pdf,6561260,2026-07-13T10:07:17.404587+00:00,7ac5a99987266403d62c560d62b8199519bfd4abf733d1efcb4d9edbb3a45e0e,raw,data/01_raw/sustainability/DLTR/DLTR-DOLLAR TREE INC-2021.pdf,6561260,2026-07-13T10:07:17.404587+00:00,7ac5a99987266403d62c560d62b8199519bfd4abf733d1efcb4d9edbb3a45e0e,data/02_interim/esg_text/DLTR/DLTR-DOLLAR TREE INC-2021.txt,data/02_interim/esg_text/DLTR/DLTR-DOLLAR TREE INC-2021.pages.csv,parsed,,52,135059,28,4b79118fc58cac8afda2e09c21d975455ebdae263225456433bfa4c7ec3be804,2026-07-13T11:31:00.169110+00:00,,False,15407,0.7153,2597.3,0,DLTR-DOLLAR TREE INC-2021,15,134832,0,0,70,487.72857142857146,591,11.106257265343295,9003.933333333332
DLTR,DLTR-DOLLAR TREE INC-2022.pdf,data/01_raw/sustainability/DLTR/DLTR-DOLLAR TREE INC-2022.pdf,2405035,2026-07-13T10:07:19.341879+00:00,ffe23f69cde7c591d681c323a4dfccd40b4e63ab4ebcec2621d8fe9e16010a40,raw,data/01_raw/sustainability/DLTR/DLTR-DOLLAR TREE INC-2022.pdf,2405035,2026-07-13T10:07:19.341879+00:00,ffe23f69cde7c591d681c323a4dfccd40b4e63ab4ebcec2621d8fe9e16010a40,data/02_interim/esg_text/DLTR/DLTR-DOLLAR TREE INC-2022.txt,data/02_interim/esg_text/DLTR/DLTR-DOLLAR TREE INC-2022.pages.csv,parsed,,57,136146,41,a1527f42993d54068d634d05b86b229f60bcc0ed029366641ee80a8d0e935fec,2026-07-13T11:30:59.550234+00:00,,False,16106,0.8129,2388.5,0,DLTR-DOLLAR TREE INC-2022,15,135904,0,0,67,463.7014925373134,591,11.017584064166408,9076.4
DLTR,DLTR-DOLLAR TREE INC-2023.pdf,data/01_raw/sustainability/DLTR/DLTR-DOLLAR TREE INC-2023.pdf,3739702,2026-07-13T10:07:22.761241+00:00,6e8e31ba4e0736d6c2984a91dd96900e50475467e567373e84337402eec3bef1,raw,data/01_raw/sustainability/DLTR/DLTR-DOLLAR TREE INC-2023.pdf,3739702,2026-07-13T10:07:22.761241+00:00,6e8e31ba4e0736d6c2984a91dd96900e50475467e567373e84337402eec3bef1,data/02_interim/esg_text/DLTR/DLTR-DOLLAR TREE INC-2023.txt,data/02_interim/esg_text/DLTR/DLTR-DOLLAR TREE INC-2023.pages.csv,parsed,,34,89147,23,d73c82b1f4b8faf5829bd7f10d4d6641166eebef27e3762e14ab2d97ee6ccefa,2026-07-13T11:31:07.420028+00:00,,False,10375,0.8065,2622.0,0,DLTR-DOLLAR TREE INC-2023,13,89183,0,0,45,449.1777777777778,500,14.58265561376154,6857.461538461538
DLTR,DLTR-DOLLAR TREE INC-2024.pdf,data/01_raw/sustainability/DLTR/DLTR-DOLLAR TREE INC-2024.pdf,3814204,2026-07-13T10:07:25.262234+00:00,8e76b7b8b950643d290d0fcd33814fc8adbf4d7ae5ca475c63bf165938410da9,raw,data/01_raw/sustainability/DLTR/DLTR-DOLLAR TREE INC-2024.pdf,3814204,2026-07-13T10:07:25.262234+00:00,8e76b7b8b950643d290d0fcd33814fc8adbf4d7ae5ca475c63bf165938410da9,data/02_interim/esg_text/DLTR/DLTR-DOLLAR TREE INC-2024.txt,data/02_interim/esg_text/DLTR/DLTR-DOLLAR TREE INC-2024.pages.csv,parsed,,46,136858,13,14c769a88a6c2da050709eee9e9c631669f1a7f8aeb9ec9994418fbc00c49544,2026-07-13T11:31:12.751183+00:00,,False,16059,0.8139,2975.2,0,DLTR-DOLLAR TREE INC-2024,13,136868,0,0,64,481.09375,579,9.498896666617956,10527.538461538461
DLTR,DLTR-DOLLAR TREE INC-202E.pdf,data/01_raw/sustainability/DLTR/DLTR-DOLLAR TREE INC-202E.pdf,9788156,2026-07-13T10:07:29.075966+00:00,3e3b1072042217ea9d9d8665e815ff501b8ab96e600045509bf29c61edf52297,raw,data/01_raw/sustainability/DLTR/DLTR-DOLLAR TREE INC-202E.pdf,9788156,2026-07-13T10:07:29.075966+00:00,3e3b1072042217ea9d9d8665e815ff501b8ab96e600045509bf29c61edf52297,data/02_interim/esg_text/DLTR/DLTR-DOLLAR TREE INC-202E.txt,data/02_interim/esg_text/DLTR/DLTR-DOLLAR TREE INC-202E.pages.csv,parsed,,70,148682,12,c133458500151272f91640a28bcadb39f46882c8c318691ca6a185a626fe2794,2026-07-13T11:31:18.057568+00:00,,False,17293,0.837,2124.0,0,DLTR-DOLLAR TREE INC-202E,15,148581,0,0,67,473.02985074626866,593,10.088645565703986,9912.133333333333
DXLG,DXLG-Destination XL Group-2024.pdf,data/01_raw/sustainability/DXLG/DXLG-Destination XL Group-2024.pdf,726014,2026-07-13T10:07:30.965629+00:00,8bb25b46d75e95b4ee88aa5e89853b71a25df639cd144ed7fa5d66dc57b95d46,raw,data/01_raw/sustainability/DXLG/DXLG-Destination XL Group-2024.pdf,726014,2026-07-13T10:07:30.965629+00:00,8bb25b46d75e95b4ee88aa5e89853b71a25df639cd144ed7fa5d66dc57b95d46,data/02_interim/esg_text/DXLG/DXLG-Destination XL Group-2024.txt,data/02_interim/esg_text/DXLG/DXLG-Destination XL Group-2024.pages.csv,parsed,,22,48259,34,3d5ff34a46cce4c3a71d2da6ba3cb08e370e1cf12935d5cfe194c5996843cd72,2026-07-13T11:31:16.976871+00:00,,False,5011,0.728,2193.6,0,DXLG-Destination XL Group-2024,12,47973,0,0,29,409.0,512,24.865828135684534,4021.5833333333335
EBAY,EBAY-eBay-2021-Report.pdf,data/01_raw/sustainability/EBAY/EBAY-eBay-2021-Report.pdf,13082098,2026-07-13T10:07:34.887218+00:00,8ecbae2dc17aa630a3a0c1ef71ab2eb4eceee7a91f3f7be69ba91004d57f5647,raw,data/01_raw/sustainability/EBAY/EBAY-eBay-2021-Report.pdf,13082098,2026-07-13T10:07:34.887218+00:00,8ecbae2dc17aa630a3a0c1ef71ab2eb4eceee7a91f3f7be69ba91004d57f5647,data/02_interim/esg_text/EBAY/EBAY-eBay-2021-Report.txt,data/02_interim/esg_text/EBAY/EBAY-eBay-2021-Report.pages.csv,parsed,,38,74008,3,483c6e8569df6d1850725f283dff95b488312845884cacbbe69cbaa99974bc82,2026-07-13T11:31:21.569780+00:00,,False,8881,0.8028,1947.6,0,EBAY-eBay-2021-Report,13,74004,0,0,38,437.1578947368421,547,17.565668576370122,5692.923076923077
EBAY,EBAY-eBay-2022-Report.pdf,data/01_raw/sustainability/EBAY/EBAY-eBay-2022-Report.pdf,494993,2026-07-13T10:07:36.269770+00:00,e4c61a3f504c3a7235cd50c4561cfa2923f8d3da1bb8deef238d2fd969a1504b,raw,data/01_raw/sustainability/EBAY/EBAY-eBay-2022-Report.pdf,494993,2026-07-13T10:07:36.269770+00:00,e4c61a3f504c3a7235cd50c4561cfa2923f8d3da1bb8deef238d2fd969a1504b,data/02_interim/esg_text/EBAY/EBAY-eBay-2022-Report.txt,data/02_interim/esg_text/EBAY/EBAY-eBay-2022-Report.pages.csv,parsed,,12,16421,24,662983b9d0d7c2e0bb76585b5412e1a9e845bebb161dbdd6acb6026b1192660b,2026-07-13T11:31:19.630753+00:00,,False,1702,0.6967,1368.4,0,EBAY-eBay-2022-Report,10,16315,0,0,12,342.3333333333333,585,60.8976310821509,1642.1
EBAY,EBAY-eBay-2023-Report.pdf,data/01_raw/sustainability/EBAY/EBAY-eBay-2023-Report.pdf,4343653,2026-07-13T10:07:39.239695+00:00,1ee8051d84ec8d09785f48eda600b97e0b28b65598daffba779177c8b360f780,raw,data/01_raw/sustainability/EBAY/EBAY-eBay-2023-Report.pdf,4343653,2026-07-13T10:07:39.239695+00:00,1ee8051d84ec8d09785f48eda600b97e0b28b65598daffba779177c8b360f780,data/02_interim/esg_text/EBAY/EBAY-eBay-2023-Report.txt,data/02_interim/esg_text/EBAY/EBAY-eBay-2023-Report.pages.csv,parsed,,43,88594,43,b66fa39874db56c12459c5d0180ff79fa35e4391fa5bdae607e9a7ffb28e298a,2026-07-13T11:31:23.069027+00:00,,False,10423,0.8092,2060.3,0,EBAY-eBay-2023-Report,11,88551,0,0,45,444.26666666666665,500,12.416190712689348,8054.0
EBAY,EBAY-eBay-2024-Report.pdf,data/01_raw/sustainability/EBAY/EBAY-eBay-2024-Report.pdf,9084199,2026-07-13T10:07:41.761343+00:00,132d5e446cce1bb27cbe3b2621351241dd9d42db0093669d290caefc7fc5ef88,raw,data/01_raw/sustainability/EBAY/EBAY-eBay-2024-Report.pdf,9084199,2026-07-13T10:07:41.761343+00:00,132d5e446cce1bb27cbe3b2621351241dd9d42db0093669d290caefc7fc5ef88,data/02_interim/esg_text/EBAY/EBAY-eBay-2024-Report.txt,data/02_interim/esg_text/EBAY/EBAY-eBay-2024-Report.pages.csv,parsed,,52,113657,161,945f9731fb67cfb6c16fe4de791c3843d557958cc4c754752f55192a586d8d11,2026-07-13T11:31:25.607838+00:00,,False,13049,0.8215,2185.7,0,EBAY-eBay-2024-Report,12,113791,0,0,55,455.6,559,10.558082652190363,9471.416666666666
EBAY,EBAY-eBay-2025-Report.pdf,data/01_raw/sustainability/EBAY/EBAY-eBay-2025-Report.pdf,55372114,2026-07-13T10:07:47.326932+00:00,35ad857d59cde6b8f032eaa0d67eeb5648c84d2e96b6eb61635ac51bc23ac0b0,raw,data/01_raw/sustainability/EBAY/EBAY-eBay-2025-Report.pdf,55372114,2026-07-13T10:07:47.326932+00:00,35ad857d59cde6b8f032eaa0d67eeb5648c84d2e96b6eb61635ac51bc23ac0b0,data/02_interim/esg_text/EBAY/EBAY-eBay-2025-Report.txt,data/02_interim/esg_text/EBAY/EBAY-eBay-2025-Report.pages.csv,parsed,,68,111544,17,73c2ceea8b6961a9d75e2c1eb050ec5e09f0bb3290aaf0348d4e070a28fa73a9,2026-07-13T11:31:28.515217+00:00,,False,13009,0.7968,1640.4,0,EBAY-eBay-2025-Report,15,111554,0,0,56,466.9642857142857,516,13.447608118769274,7436.266666666666
ETSY,ETSY-ETSY INC-2024.pdf,data/01_raw/sustainability/ETSY/ETSY-ETSY INC-2024.pdf,948915,2026-07-13T10:07:48.855266+00:00,42bb78fe32c3dc179d35e3f069bd85dff508c68e6bbbf39e9e1bc460fdfa47bc,ocr,data/02_interim/ocr_fixed/ETSY/ETSY-ETSY INC-2024.pdf,11289687,2026-07-13T12:38:01.210969+00:00,1c227df19a173e1ce6b2038738530a6b12cbf1581b18eddd29e2f77366192d2c,data/02_interim/esg_text/ETSY/ETSY-ETSY INC-2024.txt,data/02_interim/esg_text/ETSY/ETSY-ETSY INC-2024.pages.csv,parsed,,20,78740,0,81a38cbf344ce5e05c80666504a053f3ad444147bf9d0fafbaf7cfad25160077,2026-07-13T12:38:46.417394+00:00,,False,9351,0.7814,3937.0,0,ETSY-ETSY INC-2024,14,78831,0,0,41,440.1463414634146,584,17.78003556007112,5624.285714285715
ETSY,ETSY-Etsy-2022.pdf,data/01_raw/sustainability/ETSY/ETSY-Etsy-2022.pdf,11070969,2026-07-13T10:07:53.174040+00:00,260b43d5948d8a19876338bf55047ebb0d93680f064c2aacfcde1fa723fa5ede,raw,data/01_raw/sustainability/ETSY/ETSY-Etsy-2022.pdf,11070969,2026-07-13T10:07:53.174040+00:00,260b43d5948d8a19876338bf55047ebb0d93680f064c2aacfcde1fa723fa5ede,data/02_interim/esg_text/ETSY/ETSY-Etsy-2022.txt,data/02_interim/esg_text/ETSY/ETSY-Etsy-2022.pages.csv,parsed,,156,600541,143,503c93283466b5a5c9ce993ed0278efbe9170030a886a4bbc14e79c74fe29302,2026-07-13T12:39:08.262925+00:00,,False,69850,0.769,3849.6,0,ETSY-Etsy-2022,12,600535,0,0,291,493.8041237113402,547,1.998198291207428,50045.083333333336
ETSY,ETSY-Etsy-2023.pdf,data/01_raw/sustainability/ETSY/ETSY-Etsy-2023.pdf,5039839,2026-07-13T10:07:55.661365+00:00,1c7f7a0896662e1d12adcc2e74e17a74fc813ea83789833605c25272fead0374,raw,data/01_raw/sustainability/ETSY/ETSY-Etsy-2023.pdf,5039839,2026-07-13T10:07:55.661365+00:00,1c7f7a0896662e1d12adcc2e74e17a74fc813ea83789833605c25272fead0374,data/02_interim/esg_text/ETSY/ETSY-Etsy-2023.txt,data/02_interim/esg_text/ETSY/ETSY-Etsy-2023.pages.csv,parsed,,150,581355,138,bced692d7ffa22b9cf85e82fac93a0d9a3fa1e26835790dd484df7842f5aac55,2026-07-13T12:39:11.336244+00:00,,False,67618,0.7697,3875.7,0,ETSY-Etsy-2023,14,581427,0,0,281,491.44839857651243,557,2.4081671267986,41525.357142857145
ETSY,ETSY-Etsy-2025(Climate Index).pdf,data/01_raw/sustainability/ETSY/ETSY-Etsy-2025(Climate Index).pdf,1017588,2026-07-13T10:07:57.065597+00:00,4d3a046ff732f374c800a196fcc7604071c0d21d4d751d08c2f9345cd6ef38d3,raw,data/01_raw/sustainability/ETSY/ETSY-Etsy-2025(Climate Index).pdf,1017588,2026-07-13T10:07:57.065597+00:00,4d3a046ff732f374c800a196fcc7604071c0d21d4d751d08c2f9345cd6ef38d3,data/02_interim/esg_text/ETSY/ETSY-Etsy-2025(Climate Index).txt,data/02_interim/esg_text/ETSY/ETSY-Etsy-2025(Climate Index).pages.csv,parsed,,21,61995,12,238a01dfefb026708a6ae9c5b740048b984b5c2f5e280d91349d85eacda454af,2026-07-13T12:39:10.451968+00:00,,False,7212,0.787,2952.1,0,ETSY-Etsy-2025(Climate Index),8,62043,0,0,32,462.6875,504,12.904266473102671,7749.375
EYE,EYE-NATIONAL VISION HOLDINGS INC-2021.pdf,data/01_raw/sustainability/EYE/EYE-NATIONAL VISION HOLDINGS INC-2021.pdf,4741584,2026-07-13T10:07:59.984661+00:00,76a5da6a8e04c3c2a3f2597d5873730b1a2df169306df4e8b04a19ddc7afec8e,raw,data/01_raw/sustainability/EYE/EYE-NATIONAL VISION HOLDINGS INC-2021.pdf,4741584,2026-07-13T10:07:59.984661+00:00,76a5da6a8e04c3c2a3f2597d5873730b1a2df169306df4e8b04a19ddc7afec8e,data/02_interim/esg_text/EYE/EYE-NATIONAL VISION HOLDINGS INC-2021.txt,data/02_interim/esg_text/EYE/EYE-NATIONAL VISION HOLDINGS INC-2021.pages.csv,parsed,,98,190763,137,c730c47c4227b77fa33d6c062163726162f888b56a2cf47c362ecdddc780aa0c,2026-07-13T11:31:51.672821+00:00,,False,22159,0.8067,1946.6,0,EYE-NATIONAL VISION HOLDINGS INC-2021,12,190718,0,0,93,475.1290322580645,500,6.2905280374076735,15896.916666666666
EYE,EYE-NATIONAL VISION HOLDINGS INC-2022.pdf,data/01_raw/sustainability/EYE/EYE-NATIONAL VISION HOLDINGS INC-2022.pdf,12397567,2026-07-13T10:08:06.038280+00:00,17550a03237b11f46a0e244ce7e9cb9c144d2f2eca398075f792a99d97d7d537,raw,data/01_raw/sustainability/EYE/EYE-NATIONAL VISION HOLDINGS INC-2022.pdf,12397567,2026-07-13T10:08:06.038280+00:00,17550a03237b11f46a0e244ce7e9cb9c144d2f2eca398075f792a99d97d7d537,data/02_interim/esg_text/EYE/EYE-NATIONAL VISION HOLDINGS INC-2022.txt,data/02_interim/esg_text/EYE/EYE-NATIONAL VISION HOLDINGS INC-2022.pages.csv,parsed,,75,192734,24,fc575eb501d3c15e9652e03394d77169bcd49e0122125cb373a43969664ec3d8,2026-07-13T11:32:11.239121+00:00,,False,22441,0.8111,2569.8,0,EYE-NATIONAL VISION HOLDINGS INC-2022,15,192647,0,0,93,474.8709677419355,582,7.782747205993752,12848.933333333332
EYE,EYE-NATIONAL VISION HOLDINGS INC-2023.pdf,data/01_raw/sustainability/EYE/EYE-NATIONAL VISION HOLDINGS INC-2023.pdf,19402067,2026-07-13T10:08:13.156842+00:00,7d6f8bb44960f333a640bf3d4cfafd9cfbd1db309b12c5881bd1b43694e0481f,raw,data/01_raw/sustainability/EYE/EYE-NATIONAL VISION HOLDINGS INC-2023.pdf,19402067,2026-07-13T10:08:13.156842+00:00,7d6f8bb44960f333a640bf3d4cfafd9cfbd1db309b12c5881bd1b43694e0481f,data/02_interim/esg_text/EYE/EYE-NATIONAL VISION HOLDINGS INC-2023.txt,data/02_interim/esg_text/EYE/EYE-NATIONAL VISION HOLDINGS INC-2023.pages.csv,parsed,,73,193994,31,37a0ed7f3436898c7ab17972f1b6abf619a9982aa9e8516921bfd53c2577cd04,2026-07-13T11:32:40.823787+00:00,,False,22696,0.8099,2657.5,0,EYE-NATIONAL VISION HOLDINGS INC-2023,15,193834,0,0,90,483.93333333333334,590,7.732197903027929,12932.933333333332
EYE,EYE-NATIONAL VISION HOLDINGS INC-2024.pdf,data/01_raw/sustainability/EYE/EYE-NATIONAL VISION HOLDINGS INC-2024.pdf,17546224,2026-07-13T10:08:19.574329+00:00,9b3dd1980a3ea9515026f865435b84684c23beb26ce1a46e846a6323f6a60d20,raw,data/01_raw/sustainability/EYE/EYE-NATIONAL VISION HOLDINGS INC-2024.pdf,17546224,2026-07-13T10:08:19.574329+00:00,9b3dd1980a3ea9515026f865435b84684c23beb26ce1a46e846a6323f6a60d20,data/02_interim/esg_text/EYE/EYE-NATIONAL VISION HOLDINGS INC-2024.txt,data/02_interim/esg_text/EYE/EYE-NATIONAL VISION HOLDINGS INC-2024.pages.csv,parsed,,61,140065,37,6e8127d91365fffe827ca45e8353a95749aa47b0c24cc7d6e09853334c218929,2026-07-13T11:32:13.289904+00:00,,False,16231,0.8068,2296.1,0,EYE-NATIONAL VISION HOLDINGS INC-2024,14,139880,0,0,68,468.3970588235294,540,9.995359297469033,10004.642857142857
FIGS,FIGS-FIGS INC-2021.pdf,data/01_raw/sustainability/FIGS/FIGS-FIGS INC-2021.pdf,2413898,2026-07-13T10:08:21.455099+00:00,dfbafab008123ca885ec93ee0b3046b1ab01f5670ca03b51209fe272b229e8e3,raw,data/01_raw/sustainability/FIGS/FIGS-FIGS INC-2021.pdf,2413898,2026-07-13T10:08:21.455099+00:00,dfbafab008123ca885ec93ee0b3046b1ab01f5670ca03b51209fe272b229e8e3,data/02_interim/esg_text/FIGS/FIGS-FIGS INC-2021.txt,data/02_interim/esg_text/FIGS/FIGS-FIGS INC-2021.pages.csv,parsed,,36,35719,90,c0305d6e28c23ed33bc5ff7054bfaf222ec4801fb957b73d84582807c0ed9383,2026-07-13T11:32:05.897595+00:00,,False,4305,0.7681,992.2,0,FIGS-FIGS INC-2021,7,35669,0,0,19,455.63157894736844,526,19.597413141465328,5102.714285714285
FIGS,FIGS-FIGS INC-2022.pdf,data/01_raw/sustainability/FIGS/FIGS-FIGS INC-2022.pdf,6455041,2026-07-13T10:08:24.392134+00:00,cfbc4e99a442a652c02a0a4565a83a1b4eb4f64b96527e922c06e16a781d8f76,raw,data/01_raw/sustainability/FIGS/FIGS-FIGS INC-2022.pdf,6455041,2026-07-13T10:08:24.392134+00:00,cfbc4e99a442a652c02a0a4565a83a1b4eb4f64b96527e922c06e16a781d8f76,data/02_interim/esg_text/FIGS/FIGS-FIGS INC-2022.txt,data/02_interim/esg_text/FIGS/FIGS-FIGS INC-2022.pages.csv,parsed,,45,61376,7,b50b4cffcb1284d241f9f07b50747a0052e3a784226431f6d32c9cb2424a1b82,2026-07-13T11:32:10.310529+00:00,,False,7530,0.7921,1363.9,0,FIGS-FIGS INC-2022,7,61229,0,0,32,476.625,524,11.405109489051094,8768.0
FIGS,FIGS-FIGS INC-2023.pdf,data/01_raw/sustainability/FIGS/FIGS-FIGS INC-2023.pdf,34382821,2026-07-13T10:08:31.649105+00:00,c20f751641f56c4969ff01be367e8047e9d89f18f6b3b763ba5280457d9c3c95,raw,data/01_raw/sustainability/FIGS/FIGS-FIGS INC-2023.pdf,34382821,2026-07-13T10:08:31.649105+00:00,c20f751641f56c4969ff01be367e8047e9d89f18f6b3b763ba5280457d9c3c95,data/02_interim/esg_text/FIGS/FIGS-FIGS INC-2023.txt,data/02_interim/esg_text/FIGS/FIGS-FIGS INC-2023.pages.csv,parsed,,39,59928,7,c2141ebe20ae81539e21a242cd20f9cbab3f355f43bb4a59956bef46706bebc2,2026-07-13T11:32:14.789181+00:00,,False,7386,0.7935,1536.6,0,FIGS-FIGS INC-2023,8,59839,0,0,30,482.1,562,13.349352556401014,7491.0
FIGS,FIGS-FIGS INC-2024.pdf,data/01_raw/sustainability/FIGS/FIGS-FIGS INC-2024.pdf,33505523,2026-07-13T10:08:38.282753+00:00,0cadfe4cfe61e30536e48953955c77949c411d8ba43f640b625130362932ce96,raw,data/01_raw/sustainability/FIGS/FIGS-FIGS INC-2024.pdf,33505523,2026-07-13T10:08:38.282753+00:00,0cadfe4cfe61e30536e48953955c77949c411d8ba43f640b625130362932ce96,data/02_interim/esg_text/FIGS/FIGS-FIGS INC-2024.txt,data/02_interim/esg_text/FIGS/FIGS-FIGS INC-2024.pages.csv,parsed,,36,45072,22,4d21c025454c652ad741857711b416baa4c006f23d95c89c68f5ea32e0bc2935,2026-07-13T11:32:14.739184+00:00,,False,5391,0.7867,1252.0,0,FIGS-FIGS INC-2024,6,45095,0,0,25,465.96,598,13.312034078807242,7512.0
FIGS,FIGS-FIGS INC-2025.pdf,data/01_raw/sustainability/FIGS/FIGS-FIGS INC-2025.pdf,4816645,2026-07-13T10:08:40.820219+00:00,223522bac131c70a12f3ee266690ce963a55c1fe7dff9064f84f156d45034ba2,raw,data/01_raw/sustainability/FIGS/FIGS-FIGS INC-2025.pdf,4816645,2026-07-13T10:08:40.820219+00:00,223522bac131c70a12f3ee266690ce963a55c1fe7dff9064f84f156d45034ba2,data/02_interim/esg_text/FIGS/FIGS-FIGS INC-2025.txt,data/02_interim/esg_text/FIGS/FIGS-FIGS INC-2025.pages.csv,parsed,,39,41693,12,289361a6043763cb7f26ffd73beac7821acdba03987986b3f4a88c8068c21aaa,2026-07-13T11:32:20.785073+00:00,,False,5208,0.8234,1069.1,0,FIGS-FIGS INC-2025,7,41539,0,0,24,444.1666666666667,513,16.789389106084954,5956.142857142857
FIVE,FIVE-FIVE BELOW INC-2021.pdf,data/01_raw/sustainability/FIVE/FIVE-FIVE BELOW INC-2021.pdf,1525373,2026-07-13T10:08:43.647090+00:00,c743cf193e29920900b1f23b40c89e1e406ee5fb6e120ae0d73bda2af4b0c02f,raw,data/01_raw/sustainability/FIVE/FIVE-FIVE BELOW INC-2021.pdf,1525373,2026-07-13T10:08:43.647090+00:00,c743cf193e29920900b1f23b40c89e1e406ee5fb6e120ae0d73bda2af4b0c02f,data/02_interim/esg_text/FIVE/FIVE-FIVE BELOW INC-2021.txt,data/02_interim/esg_text/FIVE/FIVE-FIVE BELOW INC-2021.pages.csv,parsed,,9,12329,5,8875a8cf24576b9e27a0d64ad9625a659a376a9fc50aba6ab501025a4dbd2c40,2026-07-13T11:32:16.324909+00:00,,False,1517,0.7783,1369.9,0,FIVE-FIVE BELOW INC-2021,5,12327,0,0,7,391.85714285714283,500,40.55478952064239,2465.8
FIVE,FIVE-FIVE BELOW INC-2022.pdf,data/01_raw/sustainability/FIVE/FIVE-FIVE BELOW INC-2022.pdf,1579342,2026-07-13T10:08:46.737572+00:00,98cc022a578fe81ab62521e0ff773917e34956e034e590768f1c00b5c2702575,raw,data/01_raw/sustainability/FIVE/FIVE-FIVE BELOW INC-2022.pdf,1579342,2026-07-13T10:08:46.737572+00:00,98cc022a578fe81ab62521e0ff773917e34956e034e590768f1c00b5c2702575,data/02_interim/esg_text/FIVE/FIVE-FIVE BELOW INC-2022.txt,data/02_interim/esg_text/FIVE/FIVE-FIVE BELOW INC-2022.pages.csv,parsed,,8,9595,4,92e76a9b86483fc1369efe5e9b585e7973021990250d2e0849e42f74db7aad98,2026-07-13T11:32:16.096495+00:00,,False,1168,0.7694,1199.4,0,FIVE-FIVE BELOW INC-2022,3,9599,0,0,6,380.6666666666667,500,31.26628452318916,3198.3333333333335
FIVE,FIVE-FIVE BELOW INC-2023.pdf,data/01_raw/sustainability/FIVE/FIVE-FIVE BELOW INC-2023.pdf,2603281,2026-07-13T10:08:49.360753+00:00,169516acd5bb3c93783b4ebcbc73f9de29fe2a1711ee99ce528a2a06ec2f6a83,raw,data/01_raw/sustainability/FIVE/FIVE-FIVE BELOW INC-2023.pdf,2603281,2026-07-13T10:08:49.360753+00:00,169516acd5bb3c93783b4ebcbc73f9de29fe2a1711ee99ce528a2a06ec2f6a83,data/02_interim/esg_text/FIVE/FIVE-FIVE BELOW INC-2023.txt,data/02_interim/esg_text/FIVE/FIVE-FIVE BELOW INC-2023.pages.csv,parsed,,8,12744,5,eaec523ab2c4e85c9b9b1ccc2ea16bef26be1dc87c8f63ccc8b33de741a4e9f7,2026-07-13T11:32:17.671055+00:00,,False,1528,0.7651,1593.0,0,FIVE-FIVE BELOW INC-2023,5,12741,0,0,7,414.14285714285717,577,39.23414940364093,2548.8
FIVE,FIVE-FIVE BELOW INC-2024.pdf,data/01_raw/sustainability/FIVE/FIVE-FIVE BELOW INC-2024.pdf,3454627,2026-07-13T10:08:52.663823+00:00,a6a3770818d017f79d9abf9ca742176a3fd61ea0a2d40e3870f8c6cf60ce0696,raw,data/01_raw/sustainability/FIVE/FIVE-FIVE BELOW INC-2024.pdf,3454627,2026-07-13T10:08:52.663823+00:00,a6a3770818d017f79d9abf9ca742176a3fd61ea0a2d40e3870f8c6cf60ce0696,data/02_interim/esg_text/FIVE/FIVE-FIVE BELOW INC-2024.txt,data/02_interim/esg_text/FIVE/FIVE-FIVE BELOW INC-2024.pages.csv,parsed,,10,17821,11,92e1738a52032bcfc0cae11a29532234b65a4924c25353b2d5702ecd0018a149,2026-07-13T11:32:18.109914+00:00,,False,2111,0.7594,1782.1,0,FIVE-FIVE BELOW INC-2024,6,17816,0,0,10,406.3,500,33.668144324112006,2970.1666666666665
FIVE,FIVE-FIVE BELOW INC-2025.pdf,data/01_raw/sustainability/FIVE/FIVE-FIVE BELOW INC-2025.pdf,3179525,2026-07-13T10:08:55.256757+00:00,7f1be9621fc9789cefb885d6d338f9d8f311cfee9409cd9f847d66f9b5612121,raw,data/01_raw/sustainability/FIVE/FIVE-FIVE BELOW INC-2025.pdf,3179525,2026-07-13T10:08:55.256757+00:00,7f1be9621fc9789cefb885d6d338f9d8f311cfee9409cd9f847d66f9b5612121,data/02_interim/esg_text/FIVE/FIVE-FIVE BELOW INC-2025.txt,data/02_interim/esg_text/FIVE/FIVE-FIVE BELOW INC-2025.pages.csv,parsed,,9,16892,9,c098da64bfaa2ca7866c9f5a243f6f59b887b870da35b594c51c84c046c3767b,2026-07-13T11:32:19.297963+00:00,,False,1981,0.7602,1876.9,0,FIVE-FIVE BELOW INC-2025,5,16890,0,0,9,429.8888888888889,500,29.599810561212408,3378.4
FIVE,FIVE-FIVE BELOW INC-2026.pdf,data/01_raw/sustainability/FIVE/FIVE-FIVE BELOW INC-2026.pdf,2720855,2026-07-13T10:08:57.760482+00:00,1ef0dbf40b3af41f26e54e9be673395ae946d9b4b71e277cf2a3b963d044799d,raw,data/01_raw/sustainability/FIVE/FIVE-FIVE BELOW INC-2026.pdf,2720855,2026-07-13T10:08:57.760482+00:00,1ef0dbf40b3af41f26e54e9be673395ae946d9b4b71e277cf2a3b963d044799d,data/02_interim/esg_text/FIVE/FIVE-FIVE BELOW INC-2026.txt,data/02_interim/esg_text/FIVE/FIVE-FIVE BELOW INC-2026.pages.csv,parsed,,7,16911,10,e4fc902a12faea11d6ad4f26dc05f3e6f95de2cdb222ac3259d5bc94d0d00f9a,2026-07-13T11:32:19.783278+00:00,,False,1993,0.7924,2415.9,0,FIVE-FIVE BELOW INC-2026,7,16910,0,0,10,374.5,500,41.39317603926438,2415.8571428571427
FL,FL-FOOT LOCKER INC-2021.pdf,data/01_raw/sustainability/FL/FL-FOOT LOCKER INC-2021.pdf,113839622,2026-07-13T10:09:05.250647+00:00,3c4d8146b8abb7770c8e193ea86e8d8a33071a3340f33949812ef4090bfd1633,raw,data/01_raw/sustainability/FL/FL-FOOT LOCKER INC-2021.pdf,113839622,2026-07-13T10:09:05.250647+00:00,3c4d8146b8abb7770c8e193ea86e8d8a33071a3340f33949812ef4090bfd1633,data/02_interim/esg_text/FL/FL-FOOT LOCKER INC-2021.txt,data/02_interim/esg_text/FL/FL-FOOT LOCKER INC-2021.pages.csv,parsed,,80,190534,66,c0eedd4b5ea9b9f35bede2bfd2ba1ad05d10e8efaed39282ee7b2e7c9504fe95,2026-07-13T11:32:59.918433+00:00,,False,23035,0.8281,2381.7,0,FL-FOOT LOCKER INC-2021,16,190633,0,0,95,471.69473684210527,531,8.39745137350814,11908.375
FL,FL-FOOT LOCKER INC-2022.pdf,data/01_raw/sustainability/FL/FL-FOOT LOCKER INC-2022.pdf,14064023,2026-07-13T10:09:12.335836+00:00,a3f021310fcbb1518ae3b0964c0e3489a6ba6479263b8cf71d73a795adbf1877,raw,data/01_raw/sustainability/FL/FL-FOOT LOCKER INC-2022.pdf,14064023,2026-07-13T10:09:12.335836+00:00,a3f021310fcbb1518ae3b0964c0e3489a6ba6479263b8cf71d73a795adbf1877,data/02_interim/esg_text/FL/FL-FOOT LOCKER INC-2022.txt,data/02_interim/esg_text/FL/FL-FOOT LOCKER INC-2022.pages.csv,parsed,,53,203459,17,56ab40f3334cb787d992e1dee965c6671e15664b565a1d3ffebad2268743bd9f,2026-07-13T11:32:41.212485+00:00,,False,24383,0.8252,3838.8,0,FL-FOOT LOCKER INC-2022,16,203509,0,0,100,483.49,576,7.86399225396763,12716.1875
FL,FL-FOOT LOCKER INC-2023.pdf,data/01_raw/sustainability/FL/FL-FOOT LOCKER INC-2023.pdf,6097805,2026-07-13T10:09:16.766173+00:00,7234adaa6fc1e8b6e5728749c247d5999420e3292cd9a7ee65f81d6c31073e37,raw,data/01_raw/sustainability/FL/FL-FOOT LOCKER INC-2023.pdf,6097805,2026-07-13T10:09:16.766173+00:00,7234adaa6fc1e8b6e5728749c247d5999420e3292cd9a7ee65f81d6c31073e37,data/02_interim/esg_text/FL/FL-FOOT LOCKER INC-2023.txt,data/02_interim/esg_text/FL/FL-FOOT LOCKER INC-2023.pages.csv,parsed,,78,222342,14,bcf5159ce266ec9467601f01ecc25441feb786cc17298a6294cd6fe97489a1fe,2026-07-13T11:32:39.049501+00:00,,False,26545,0.8287,2850.5,0,FL-FOOT LOCKER INC-2023,15,222434,0,0,108,482.6296296296296,587,6.746363709960331,14822.8
FLXS,FLXS-FLEXSTEEL INDUSTRIES INC-2022.pdf,data/01_raw/sustainability/FLXS/FLXS-FLEXSTEEL INDUSTRIES INC-2022.pdf,7993989,2026-07-13T10:09:20.543194+00:00,60f1c3b0cefc52fd7fac2e74489e339afd4e1f36a278a3208770a4113c7e0255,raw,data/01_raw/sustainability/FLXS/FLXS-FLEXSTEEL INDUSTRIES INC-2022.pdf,7993989,2026-07-13T10:09:20.543194+00:00,60f1c3b0cefc52fd7fac2e74489e339afd4e1f36a278a3208770a4113c7e0255,data/02_interim/esg_text/FLXS/FLXS-FLEXSTEEL INDUSTRIES INC-2022.txt,data/02_interim/esg_text/FLXS/FLXS-FLEXSTEEL INDUSTRIES INC-2022.pages.csv,parsed,,21,52856,8,d4c82613dee9356526fefd42755f672a4aa1d4c68566fd692231a1ee1ab081c6,2026-07-13T11:32:41.591682+00:00,,False,6150,0.732,2517.0,0,FLXS-FLEXSTEEL INDUSTRIES INC-2022,14,52803,0,0,27,441.3333333333333,581,26.48705917965794,3775.4285714285716
FLXS,FLXS-FLEXSTEEL INDUSTRIES INC-2024.pdf,data/01_raw/sustainability/FLXS/FLXS-FLEXSTEEL INDUSTRIES INC-2024.pdf,6302053,2026-07-13T10:09:22.514292+00:00,537fb1421b11d528bc2df05726635673b47e349581549645496e46d7c383a3a7,raw,data/01_raw/sustainability/FLXS/FLXS-FLEXSTEEL INDUSTRIES INC-2024.pdf,6302053,2026-07-13T10:09:22.514292+00:00,537fb1421b11d528bc2df05726635673b47e349581549645496e46d7c383a3a7,data/02_interim/esg_text/FLXS/FLXS-FLEXSTEEL INDUSTRIES INC-2024.txt,data/02_interim/esg_text/FLXS/FLXS-FLEXSTEEL INDUSTRIES INC-2024.pages.csv,parsed,,7,9939,4,d3302e262022df5d7feea58e5eaa51b03016ce35c887bdb8053f5bff0c5efa89,2026-07-13T11:32:55.563063+00:00,,False,1189,0.805,1419.9,0,FLXS-FLEXSTEEL INDUSTRIES INC-2024,4,9894,0,0,7,316.2857142857143,500,40.24549753496328,2484.75
FND,FND-FLOOR & DECOR HLDGS-2023.pdf,data/01_raw/sustainability/FND/FND-FLOOR & DECOR HLDGS-2023.pdf,724393,2026-07-13T10:09:24.281703+00:00,565d76d95340d94b89f43e0a51c6c6f1376985724a2e2bee1e264ae6e862f0f6,raw,data/01_raw/sustainability/FND/FND-FLOOR & DECOR HLDGS-2023.pdf,724393,2026-07-13T10:09:24.281703+00:00,565d76d95340d94b89f43e0a51c6c6f1376985724a2e2bee1e264ae6e862f0f6,data/02_interim/esg_text/FND/FND-FLOOR & DECOR HLDGS-2023.txt,data/02_interim/esg_text/FND/FND-FLOOR & DECOR HLDGS-2023.pages.csv,parsed,,35,73339,18,de21805668401c046bda4de36655d3cd69f8d8a101961b7684c54927b9009ca6,2026-07-13T11:32:47.112435+00:00,,False,7901,0.7855,2095.4,0,FND-FLOOR & DECOR HLDGS-2023,11,73145,0,0,37,444.5405405405405,574,14.998840998650104,6667.181818181818
FND,FND-FLOOR & DECOR HLDGS-2024.pdf,data/01_raw/sustainability/FND/FND-FLOOR & DECOR HLDGS-2024.pdf,654690,2026-07-13T10:09:25.748717+00:00,59f0f082624562f00e466d5751e28da3522273a60702564f99e357523840ce5b,raw,data/01_raw/sustainability/FND/FND-FLOOR & DECOR HLDGS-2024.pdf,654690,2026-07-13T10:09:25.748717+00:00,59f0f082624562f00e466d5751e28da3522273a60702564f99e357523840ce5b,data/02_interim/esg_text/FND/FND-FLOOR & DECOR HLDGS-2024.txt,data/02_interim/esg_text/FND/FND-FLOOR & DECOR HLDGS-2024.pages.csv,parsed,,33,73955,17,99c4c0ed04ec99fe0e72eab7fe00997d72ad1ac3ef85767b78aec61698624b38,2026-07-13T11:32:47.359011+00:00,,False,7582,0.7888,2241.1,0,FND-FLOOR & DECOR HLDGS-2024,12,73747,0,0,35,449.74285714285713,588,16.226083429112297,6162.916666666667
FOSL,FOSL-FOSSIL GROUP INC-2021.pdf,data/01_raw/sustainability/FOSL/FOSL-FOSSIL GROUP INC-2021.pdf,19364971,2026-07-13T10:09:29.781795+00:00,27915f46509008517ef4657dfc24f125dd0febe0e40f62dc7311502cd2e3da51,raw,data/01_raw/sustainability/FOSL/FOSL-FOSSIL GROUP INC-2021.pdf,19364971,2026-07-13T10:09:29.781795+00:00,27915f46509008517ef4657dfc24f125dd0febe0e40f62dc7311502cd2e3da51,data/02_interim/esg_text/FOSL/FOSL-FOSSIL GROUP INC-2021.txt,data/02_interim/esg_text/FOSL/FOSL-FOSSIL GROUP INC-2021.pages.csv,parsed,,93,152550,39,1ce8053f9e755f00cf5630240e62ff6e40b66da03abe15aef8257138462aca0d,2026-07-13T11:32:56.216589+00:00,,False,18106,0.7936,1640.3,0,FOSL-FOSSIL GROUP INC-2021,15,152408,0,0,79,479.2278481012658,584,9.83284169124877,10170.0
FOSL,FOSL-FOSSIL GROUP INC-2022.pdf,data/01_raw/sustainability/FOSL/FOSL-FOSSIL GROUP INC-2022.pdf,15451970,2026-07-13T10:09:33.321476+00:00,9ddc61f5c22c6662cbb7f4b8862fcb939570046f25f29664c206d329fa4a86b2,raw,data/01_raw/sustainability/FOSL/FOSL-FOSSIL GROUP INC-2022.pdf,15451970,2026-07-13T10:09:33.321476+00:00,9ddc61f5c22c6662cbb7f4b8862fcb939570046f25f29664c206d329fa4a86b2,data/02_interim/esg_text/FOSL/FOSL-FOSSIL GROUP INC-2022.txt,data/02_interim/esg_text/FOSL/FOSL-FOSSIL GROUP INC-2022.pages.csv,parsed,,49,71721,159,7af2e9ad5393ffcf8485922e39672a0cbf373f23a68c2bd239cafa05850dc225,2026-07-13T11:32:51.774194+00:00,,False,8608,0.7889,1463.7,0,FOSL-FOSSIL GROUP INC-2022,10,71638,0,0,38,478.13157894736844,573,13.942917694956847,7172.1
FOSL,FOSL-FOSSIL GROUP INC-2023.pdf,data/01_raw/sustainability/FOSL/FOSL-FOSSIL GROUP INC-2023.pdf,16929519,2026-07-13T10:09:38.372984+00:00,d184e9b929c73cb406a99f2793e50f8b36c029a2db0f846af54e67de3a2a7264,raw,data/01_raw/sustainability/FOSL/FOSL-FOSSIL GROUP INC-2023.pdf,16929519,2026-07-13T10:09:38.372984+00:00,d184e9b929c73cb406a99f2793e50f8b36c029a2db0f846af54e67de3a2a7264,data/02_interim/esg_text/FOSL/FOSL-FOSSIL GROUP INC-2023.txt,data/02_interim/esg_text/FOSL/FOSL-FOSSIL GROUP INC-2023.pages.csv,parsed,,50,71577,159,8e7d26d94d22356e985760652058a53e9cac9c4ce32da2a1dfa0103848e37788,2026-07-13T11:32:56.363690+00:00,,False,8590,0.7924,1431.5,0,FOSL-FOSSIL GROUP INC-2023,9,71498,0,0,39,466.0,563,12.57387149503332,7953.0
FOSL,FOSL-FOSSIL GROUP INC-2024.pdf,data/01_raw/sustainability/FOSL/FOSL-FOSSIL GROUP INC-2024.pdf,15289428,2026-07-13T10:09:43.283231+00:00,6c65a43826262c4706f085ede2d38963df4ee7f5782e23d84bf03045907a4c68,raw,data/01_raw/sustainability/FOSL/FOSL-FOSSIL GROUP INC-2024.pdf,15289428,2026-07-13T10:09:43.283231+00:00,6c65a43826262c4706f085ede2d38963df4ee7f5782e23d84bf03045907a4c68,data/02_interim/esg_text/FOSL/FOSL-FOSSIL GROUP INC-2024.txt,data/02_interim/esg_text/FOSL/FOSL-FOSSIL GROUP INC-2024.pages.csv,parsed,,48,69795,161,4d2aac53b64a1d5ce2cf2974fedb956e4aa6da32e16b6c49d0674d82cc920aa1,2026-07-13T11:33:00.666015+00:00,,False,8344,0.8026,1454.1,0,FOSL-FOSSIL GROUP INC-2024,11,69731,0,0,38,455.6578947368421,589,15.760441292356187,6345.0
GAP,GAP-GAP-2021.pdf,data/01_raw/sustainability/GAP/GAP-GAP-2021.pdf,9361510,2026-07-13T10:09:46.424039+00:00,0e428fbe8492ef8dd3f29f83ca952ec3ada81da86135a8bdfa45b9bde3f06bfb,raw,data/01_raw/sustainability/GAP/GAP-GAP-2021.pdf,9361510,2026-07-13T10:09:46.424039+00:00,0e428fbe8492ef8dd3f29f83ca952ec3ada81da86135a8bdfa45b9bde3f06bfb,data/02_interim/esg_text/GAP/GAP-GAP-2021.txt,data/02_interim/esg_text/GAP/GAP-GAP-2021.pages.csv,parsed,,74,193349,56,c8451cf3d9ea456581306dd5fa07b7949228942844161df734545ee39684ab11,2026-07-13T11:33:17.879950+00:00,,False,22617,0.7962,2612.8,0,GAP-GAP-2021,15,193413,0,0,103,478.02912621359224,548,7.7579920247841985,12889.933333333332
GAP,GAP-GAP-2022.pdf,data/01_raw/sustainability/GAP/GAP-GAP-2022.pdf,16488173,2026-07-13T10:10:00.389894+00:00,e22db32b859558685e560eee5dd72930391dd3689e9a73f1c52937ab17dfe505,raw,data/01_raw/sustainability/GAP/GAP-GAP-2022.pdf,16488173,2026-07-13T10:10:00.389894+00:00,e22db32b859558685e560eee5dd72930391dd3689e9a73f1c52937ab17dfe505,data/02_interim/esg_text/GAP/GAP-GAP-2022.txt,data/02_interim/esg_text/GAP/GAP-GAP-2022.pages.csv,parsed,,78,291584,74,bc423a972ee9a295fda4af8aa331be210064a0d0cb94bf4fcd0128db8afe6c85,2026-07-13T11:33:14.296394+00:00,,False,33947,0.8033,3738.3,0,GAP-GAP-2022,16,291461,0,0,155,483.13548387096773,565,5.487269534679544,18224.0
GAP,GAP-GAP-2023.pdf,data/01_raw/sustainability/GAP/GAP-GAP-2023.pdf,7259056,2026-07-13T10:10:03.000535+00:00,dd5e168e92fdbec3bf4cbaccf1942f143d9c595ce40aa6d3361b0d851611e553,raw,data/01_raw/sustainability/GAP/GAP-GAP-2023.pdf,7259056,2026-07-13T10:10:03.000535+00:00,dd5e168e92fdbec3bf4cbaccf1942f143d9c595ce40aa6d3361b0d851611e553,data/02_interim/esg_text/GAP/GAP-GAP-2023.txt,data/02_interim/esg_text/GAP/GAP-GAP-2023.pages.csv,parsed,,83,298821,92,fb04d73cb770e6b7575529dcd0d455ed4570dee771dee141c51a3fcbc0406f92,2026-07-13T11:33:19.634229+00:00,,False,34780,0.8075,3600.3,0,GAP-GAP-2023,16,298917,0,0,156,483.53846153846155,558,5.354376031135697,18676.3125
GAP,GAP-GAP-2024.pdf,data/01_raw/sustainability/GAP/GAP-GAP-2024.pdf,17569956,2026-07-13T10:10:07.303910+00:00,85623b286d9b12775608de248fd25879b2537bf1bb15f1a5a5a876ead8f957a7,raw,data/01_raw/sustainability/GAP/GAP-GAP-2024.pdf,17569956,2026-07-13T10:10:07.303910+00:00,85623b286d9b12775608de248fd25879b2537bf1bb15f1a5a5a876ead8f957a7,data/02_interim/esg_text/GAP/GAP-GAP-2024.txt,data/02_interim/esg_text/GAP/GAP-GAP-2024.pages.csv,parsed,,58,197818,38,5e952733707373a3a31cad3fb05ff6e4c0e6a1d6fcebe64f393d149a97e9063d,2026-07-13T11:33:11.948103+00:00,,False,22547,0.8053,3410.7,0,GAP-GAP-2024,16,197944,0,0,101,482.1188118811881,595,8.088242728164273,12363.625
GAP,GAP-GAP-2025.pdf,data/01_raw/sustainability/GAP/GAP-GAP-2025.pdf,120503222,2026-07-13T10:10:19.154930+00:00,debeaba012b4364285987931c8dfe5b2ce72a0c8b8ed0181a062ce369a369366,raw,data/01_raw/sustainability/GAP/GAP-GAP-2025.pdf,120503222,2026-07-13T10:10:19.154930+00:00,debeaba012b4364285987931c8dfe5b2ce72a0c8b8ed0181a062ce369a369366,data/02_interim/esg_text/GAP/GAP-GAP-2025.txt,data/02_interim/esg_text/GAP/GAP-GAP-2025.pages.csv,parsed,,58,196581,41,5e1eacc1fb65f3a7bbe27fdc374a5e9ba6b5e9144a40280bb8a394404452bf7d,2026-07-13T11:33:22.759429+00:00,,False,22369,0.8078,3389.3,0,GAP-GAP-2025,17,196713,0,0,102,475.05882352941177,544,8.647834734791257,11563.588235294117
GCO,GCO-GENESCO INC-2022.pdf,data/01_raw/sustainability/GCO/GCO-GENESCO INC-2022.pdf,17674385,2026-07-13T10:10:26.240730+00:00,cc5affa5b58737ba27754742232c517c360b5db92af39e399d854317552b3ac5,raw,data/01_raw/sustainability/GCO/GCO-GENESCO INC-2022.pdf,17674385,2026-07-13T10:10:26.240730+00:00,cc5affa5b58737ba27754742232c517c360b5db92af39e399d854317552b3ac5,data/02_interim/esg_text/GCO/GCO-GENESCO INC-2022.txt,data/02_interim/esg_text/GCO/GCO-GENESCO INC-2022.pages.csv,parsed,,36,50946,20,6f941acdea350b4c96ecf07883253f80be27876bec6d84be7e3cd573ee41c800,2026-07-13T11:33:20.768294+00:00,,False,5931,0.7992,1415.2,0,GCO-GENESCO INC-2022,12,50918,0,0,27,450.25925925925924,592,23.55435166647038,4245.5
GCO,GCO-GENESCO INC-2025.pdf,data/01_raw/sustainability/GCO/GCO-GENESCO INC-2025.pdf,2194751,2026-07-13T10:10:28.456205+00:00,e4ef802348c45f8f5e86dde4885425e56fe2b8ae4a7470cf2e7850a329b84f42,raw,data/01_raw/sustainability/GCO/GCO-GENESCO INC-2025.pdf,2194751,2026-07-13T10:10:28.456205+00:00,e4ef802348c45f8f5e86dde4885425e56fe2b8ae4a7470cf2e7850a329b84f42,data/02_interim/esg_text/GCO/GCO-GENESCO INC-2025.txt,data/02_interim/esg_text/GCO/GCO-GENESCO INC-2025.pages.csv,parsed,,30,39727,68,bbfc0efce63d6e9b8e53d604a241576d742636c55c109b0d521e977a5b4fe161,2026-07-13T11:33:22.391316+00:00,,False,4414,0.7832,1324.2,0,GCO-GENESCO INC-2025,12,39592,0,0,23,411.1304347826087,577,30.20615702167292,3310.5833333333335
GES,GES-GUESS-2021-2020.pdf,data/01_raw/sustainability/GES/GES-GUESS-2021-2020.pdf,18601652,2026-07-13T10:10:37.858172+00:00,733bdefc530b54b589ca1a0e35fef93c583490ab636b96e1401aa5be86eaf204,raw,data/01_raw/sustainability/GES/GES-GUESS-2021-2020.pdf,18601652,2026-07-13T10:10:37.858172+00:00,733bdefc530b54b589ca1a0e35fef93c583490ab636b96e1401aa5be86eaf204,data/02_interim/esg_text/GES/GES-GUESS-2021-2020.txt,data/02_interim/esg_text/GES/GES-GUESS-2021-2020.pages.csv,parsed,,57,297725,59,6b59e425d0a1f6e732eff026d1473f14335c179c7b735ddde41f00acad824ef2,2026-07-13T11:33:41.624185+00:00,,False,34767,0.8031,5223.2,0,GES-GUESS-2021-2020,17,297838,0,0,155,488.1483870967742,591,5.7099672516584095,17513.235294117647
GES,GES-GUESS-2023-2022.pdf,data/01_raw/sustainability/GES/GES-GUESS-2023-2022.pdf,10557620,2026-07-13T10:10:42.657987+00:00,dba71c7d82e2bb6129636def3bcd134a75accd6d4f75ca9d39d692fd16a36d9b,raw,data/01_raw/sustainability/GES/GES-GUESS-2023-2022.pdf,10557620,2026-07-13T10:10:42.657987+00:00,dba71c7d82e2bb6129636def3bcd134a75accd6d4f75ca9d39d692fd16a36d9b,data/02_interim/esg_text/GES/GES-GUESS-2023-2022.txt,data/02_interim/esg_text/GES/GES-GUESS-2023-2022.pages.csv,parsed,,112,332844,107,989438100afe1177b4700c698239d0b809eb3938a372bfa5d9b8baa2517991f5,2026-07-13T11:33:49.619113+00:00,,False,38551,0.7841,2971.8,0,GES-GUESS-2023-2022,16,333092,0,0,169,494.84615384615387,596,4.807056759322686,20802.75
GES,GES-GUESS-2024.pdf,data/01_raw/sustainability/GES/GES-GUESS-2024.pdf,1407383,2026-07-13T10:10:44.350954+00:00,e7187b0b09f346279a62e33fe0443e5be6f4dadefd6d6fc1099fa261b5cd3723,raw,data/01_raw/sustainability/GES/GES-GUESS-2024.pdf,1407383,2026-07-13T10:10:44.350954+00:00,e7187b0b09f346279a62e33fe0443e5be6f4dadefd6d6fc1099fa261b5cd3723,data/02_interim/esg_text/GES/GES-GUESS-2024.txt,data/02_interim/esg_text/GES/GES-GUESS-2024.pages.csv,parsed,,19,36745,2,69364aefee01c862556429c1899f7d904b4b5931efd35b3a794e96f9421b1ce2,2026-07-13T11:33:25.093933+00:00,,False,3811,0.7817,1933.9,0,GES-GUESS-2024,10,36698,0,0,19,444.4736842105263,594,27.214587018641993,3674.5
GES,GES-GUESS-2025.pdf,data/01_raw/sustainability/GES/GES-GUESS-2025.pdf,15929963,2026-07-13T10:10:48.010903+00:00,7c8e1bc3f7a1159118b4ae0e51ae087dbde11a68ea0264e6f0897c00e4f1f630,raw,data/01_raw/sustainability/GES/GES-GUESS-2025.pdf,15929963,2026-07-13T10:10:48.010903+00:00,7c8e1bc3f7a1159118b4ae0e51ae087dbde11a68ea0264e6f0897c00e4f1f630,data/02_interim/esg_text/GES/GES-GUESS-2025.txt,data/02_interim/esg_text/GES/GES-GUESS-2025.pages.csv,parsed,,111,560252,170,0397579079baf073ed6bf03cea1f50d0bad1557c3f964f08694f8a3492c167e9,2026-07-13T11:34:22.299488+00:00,,False,64669,0.812,5047.3,0,GES-GUESS-2025,17,560310,0,0,372,496.2016129032258,595,3.034348828741352,32956.0
GIII,GII-G-III APPAREL GROUP LTD-2023.pdf,data/01_raw/sustainability/GIII/GII-G-III APPAREL GROUP LTD-2023.pdf,1515592,2026-07-13T10:10:49.677063+00:00,ed989c3f66aad6af6c1e2650f0fde600776d25c44a62ab726432bb815faaf6e2,raw,data/01_raw/sustainability/GIII/GII-G-III APPAREL GROUP LTD-2023.pdf,1515592,2026-07-13T10:10:49.677063+00:00,ed989c3f66aad6af6c1e2650f0fde600776d25c44a62ab726432bb815faaf6e2,data/02_interim/esg_text/GIII/GII-G-III APPAREL GROUP LTD-2023.txt,data/02_interim/esg_text/GIII/GII-G-III APPAREL GROUP LTD-2023.pages.csv,parsed,,24,20732,16,3e88c158de6186e525eef59aaa6b9ecbf16d57b7e203361a3d0c8a8ab21e7a50,2026-07-13T11:33:26.846082+00:00,,False,2456,0.8,863.8,0,GII-G-III APPAREL GROUP LTD-2023,8,20739,0,0,12,382.4166666666667,500,38.58769052672198,2591.5
GIII,GII-G-III APPAREL GROUP LTD-2024.pdf,data/01_raw/sustainability/GIII/GII-G-III APPAREL GROUP LTD-2024.pdf,4822941,2026-07-13T10:10:52.198892+00:00,c7b750ac7cef1c3e806febd6632255115fbd64e5f74b11b4c68283a114c7c29e,raw,data/01_raw/sustainability/GIII/GII-G-III APPAREL GROUP LTD-2024.pdf,4822941,2026-07-13T10:10:52.198892+00:00,c7b750ac7cef1c3e806febd6632255115fbd64e5f74b11b4c68283a114c7c29e,data/02_interim/esg_text/GIII/GII-G-III APPAREL GROUP LTD-2024.txt,data/02_interim/esg_text/GIII/GII-G-III APPAREL GROUP LTD-2024.pages.csv,parsed,,35,32321,24,9cb6b8530f5e4b7244f35f304176317e655abde526eeba5924363e1ce78707f9,2026-07-13T11:33:29.576306+00:00,,False,3797,0.8222,923.5,0,GII-G-III APPAREL GROUP LTD-2024,12,32357,1,0,19,379.7368421052632,565,37.1275641223972,2693.4166666666665
GIII,GII-G-III APPAREL GROUP LTD-2025.pdf,data/01_raw/sustainability/GIII/GII-G-III APPAREL GROUP LTD-2025.pdf,13342015,2026-07-13T10:10:55.740478+00:00,baa85975744c01d7b0958a890ef7fead70b14a0b74e28a6188b2c04a4ba42fdf,raw,data/01_raw/sustainability/GIII/GII-G-III APPAREL GROUP LTD-2025.pdf,13342015,2026-07-13T10:10:55.740478+00:00,baa85975744c01d7b0958a890ef7fead70b14a0b74e28a6188b2c04a4ba42fdf,data/02_interim/esg_text/GIII/GII-G-III APPAREL GROUP LTD-2025.txt,data/02_interim/esg_text/GIII/GII-G-III APPAREL GROUP LTD-2025.pages.csv,parsed,,29,43784,14,524fa7ac1023e031790067d254a43ab1216e648c36750128f4c63a70a1d7ef11,2026-07-13T11:33:32.463137+00:00,,False,5111,0.8229,1509.8,0,GII-G-III APPAREL GROUP LTD-2025,13,43824,1,0,24,410.1666666666667,552,29.69121140142518,3368.0
GO,GO-GROCERY OUTLET HLDNG CORP-2022.pdf,data/01_raw/sustainability/GO/GO-GROCERY OUTLET HLDNG CORP-2022.pdf,15074513,2026-07-13T10:11:01.455763+00:00,2943918cb89bf42273e886272656f504b4c36305ab6f074511634d8296c941d2,raw,data/01_raw/sustainability/GO/GO-GROCERY OUTLET HLDNG CORP-2022.pdf,15074513,2026-07-13T10:11:01.455763+00:00,2943918cb89bf42273e886272656f504b4c36305ab6f074511634d8296c941d2,data/02_interim/esg_text/GO/GO-GROCERY OUTLET HLDNG CORP-2022.txt,data/02_interim/esg_text/GO/GO-GROCERY OUTLET HLDNG CORP-2022.pages.csv,parsed,,28,59139,20,0720a53d28eb8e6b72cbdbbdbcd38d9307fe339fee86d7183d0dd4cc1e4b6cbb,2026-07-13T11:33:40.252224+00:00,,False,7044,0.8117,2112.1,0,GO-GROCERY OUTLET HLDNG CORP-2022,13,59178,0,0,31,435.6774193548387,571,21.982109944368354,4549.153846153846
GO,GO-GROCERY OUTLET HLDNG CORP-2023.pdf,data/01_raw/sustainability/GO/GO-GROCERY OUTLET HLDNG CORP-2023.pdf,25468087,2026-07-13T10:11:08.146117+00:00,66355c24ad94b584f3032dee7f6a322991764b5231237e5c5d020c4372e1f33a,raw,data/01_raw/sustainability/GO/GO-GROCERY OUTLET HLDNG CORP-2023.pdf,25468087,2026-07-13T10:11:08.146117+00:00,66355c24ad94b584f3032dee7f6a322991764b5231237e5c5d020c4372e1f33a,data/02_interim/esg_text/GO/GO-GROCERY OUTLET HLDNG CORP-2023.txt,data/02_interim/esg_text/GO/GO-GROCERY OUTLET HLDNG CORP-2023.pages.csv,parsed,,35,82002,56,5b14ce537c0b55c6db8ac6ade53667f34b9bdbaea8e78fe0130e4fb16b55c655,2026-07-13T11:33:54.960791+00:00,,False,9558,0.8168,2342.9,0,GO-GROCERY OUTLET HLDNG CORP-2023,14,82037,0,0,44,429.20454545454544,500,17.072754323065293,5857.285714285715
GO,GO-GROCERY OUTLET HLDNG CORP-2024.pdf,data/01_raw/sustainability/GO/GO-GROCERY OUTLET HLDNG CORP-2024.pdf,12646148,2026-07-13T10:11:11.830030+00:00,0c0fc047f33b3b768c8c650a05e82f984f4a79cd6423a535d7f7c065d9dbdc55,raw,data/01_raw/sustainability/GO/GO-GROCERY OUTLET HLDNG CORP-2024.pdf,12646148,2026-07-13T10:11:11.830030+00:00,0c0fc047f33b3b768c8c650a05e82f984f4a79cd6423a535d7f7c065d9dbdc55,data/02_interim/esg_text/GO/GO-GROCERY OUTLET HLDNG CORP-2024.txt,data/02_interim/esg_text/GO/GO-GROCERY OUTLET HLDNG CORP-2024.pages.csv,parsed,,45,93252,58,133af08125bb7723da0d9f85b7dcdd9045d01c39195f9c6f3f6d07740eaac77a,2026-07-13T11:33:51.207989+00:00,,False,10609,0.8176,2072.3,0,GO-GROCERY OUTLET HLDNG CORP-2024,15,93093,0,0,46,472.4130434782609,589,16.08544588856003,6216.8
GPI,GPI-GROUP 1 AUTOMOTIVE INC-2021.pdf,data/01_raw/sustainability/GPI/GPI-GROUP 1 AUTOMOTIVE INC-2021.pdf,13450008,2026-07-13T10:11:15.117190+00:00,f42610a357c80f7d74a4e1c29c8c5c0f12458847b5581b4345489207fa53859a,raw,data/01_raw/sustainability/GPI/GPI-GROUP 1 AUTOMOTIVE INC-2021.pdf,13450008,2026-07-13T10:11:15.117190+00:00,f42610a357c80f7d74a4e1c29c8c5c0f12458847b5581b4345489207fa53859a,data/02_interim/esg_text/GPI/GPI-GROUP 1 AUTOMOTIVE INC-2021.txt,data/02_interim/esg_text/GPI/GPI-GROUP 1 AUTOMOTIVE INC-2021.pages.csv,parsed,,42,63085,11,3f18d43f1a11f261aa89582150b21f963700051495dfa4d3f3c702ec0e6bd522,2026-07-13T11:34:00.403755+00:00,,False,7312,0.7944,1502.0,0,GPI-GROUP 1 AUTOMOTIVE INC-2021,12,62946,0,0,33,435.54545454545456,511,19.021954505825473,5257.083333333333
GPI,GPI-GROUP 1 AUTOMOTIVE INC-2022.pdf,data/01_raw/sustainability/GPI/GPI-GROUP 1 AUTOMOTIVE INC-2022.pdf,23156121,2026-07-13T10:11:19.939126+00:00,0dc050620112c2c9eda31b160a3692a3a384ce940f8a7c0bca59c08730fa0a3a,raw,data/01_raw/sustainability/GPI/GPI-GROUP 1 AUTOMOTIVE INC-2022.pdf,23156121,2026-07-13T10:11:19.939126+00:00,0dc050620112c2c9eda31b160a3692a3a384ce940f8a7c0bca59c08730fa0a3a,data/02_interim/esg_text/GPI/GPI-GROUP 1 AUTOMOTIVE INC-2022.txt,data/02_interim/esg_text/GPI/GPI-GROUP 1 AUTOMOTIVE INC-2022.pages.csv,parsed,,56,97162,74,6b8add300c49c7ba30f732e09bc23eca10196d5f5c4a5d500caaf6baa3f3400a,2026-07-13T11:33:58.182199+00:00,,False,11210,0.8137,1735.0,0,GPI-GROUP 1 AUTOMOTIVE INC-2022,12,97141,0,0,48,456.9375,562,12.35050740001235,8096.833333333333
GPI,GPI-GROUP 1 AUTOMOTIVE INC-2023.pdf,data/01_raw/sustainability/GPI/GPI-GROUP 1 AUTOMOTIVE INC-2023.pdf,12532134,2026-07-13T10:11:22.610073+00:00,6d1e56f8785ace1e508445447f44edb866a2cd39d783c823501205aab2b97686,raw,data/01_raw/sustainability/GPI/GPI-GROUP 1 AUTOMOTIVE INC-2023.pdf,12532134,2026-07-13T10:11:22.610073+00:00,6d1e56f8785ace1e508445447f44edb866a2cd39d783c823501205aab2b97686,data/02_interim/esg_text/GPI/GPI-GROUP 1 AUTOMOTIVE INC-2023.txt,data/02_interim/esg_text/GPI/GPI-GROUP 1 AUTOMOTIVE INC-2023.pages.csv,parsed,,45,88199,22,ac501a6af1739eaa588dcccf4b0c90777617c329352c4c8a1cbe800a2c0831c5,2026-07-13T11:34:00.699024+00:00,,False,9839,0.8135,1960.0,0,GPI-GROUP 1 AUTOMOTIVE INC-2023,13,87956,0,0,43,456.8837209302326,595,14.739396138278211,6784.538461538462
GPI,GPI-GROUP 1 AUTOMOTIVE INC-2024.pdf,data/01_raw/sustainability/GPI/GPI-GROUP 1 AUTOMOTIVE INC-2024.pdf,10322495,2026-07-13T10:11:27.037500+00:00,25725716e64fb0b3cebd499112d5bb6512ef4ee0000be4a765c07dfa6cbf0323,raw,data/01_raw/sustainability/GPI/GPI-GROUP 1 AUTOMOTIVE INC-2024.pdf,10322495,2026-07-13T10:11:27.037500+00:00,25725716e64fb0b3cebd499112d5bb6512ef4ee0000be4a765c07dfa6cbf0323,data/02_interim/esg_text/GPI/GPI-GROUP 1 AUTOMOTIVE INC-2024.txt,data/02_interim/esg_text/GPI/GPI-GROUP 1 AUTOMOTIVE INC-2024.pages.csv,parsed,,18,48195,4,9905e9a7b0962bb5f98e8c44f5393fbf339f0c456379a4752c17d0450124eae8,2026-07-13T11:34:00.653959+00:00,,False,5522,0.8117,2677.5,0,GPI-GROUP 1 AUTOMOTIVE INC-2024,9,48166,0,0,24,430.1666666666667,599,18.674136321195142,5355.0
GPRO,GPRO-GOPRO INC-2022.pdf,data/01_raw/sustainability/GPRO/GPRO-GOPRO INC-2022.pdf,10849559,2026-07-13T10:11:30.085556+00:00,a633d155dba5ae782918cf813afa150808502f6063282c1f2d05608ee9c6643e,raw,data/01_raw/sustainability/GPRO/GPRO-GOPRO INC-2022.pdf,10849559,2026-07-13T10:11:30.085556+00:00,a633d155dba5ae782918cf813afa150808502f6063282c1f2d05608ee9c6643e,data/02_interim/esg_text/GPRO/GPRO-GOPRO INC-2022.txt,data/02_interim/esg_text/GPRO/GPRO-GOPRO INC-2022.pages.csv,parsed,,40,35593,15,201afd8ccd9e631ab5dc3ad148fdb196ef4e7e1921043bcb1d567798d448d874,2026-07-13T11:34:39.023200+00:00,,False,4103,0.7865,889.8,0,GPRO-GOPRO INC-2022,9,35504,0,0,19,433.2631578947368,583,25.285870817295535,3954.777777777778
GPRO,GPRO-GOPRO INC-2023.pdf,data/01_raw/sustainability/GPRO/GPRO-GOPRO INC-2023.pdf,47139927,2026-07-13T10:11:34.389437+00:00,99cfa1f0275c06c75fc0f0b5d6e0d6bb4fbebf4641410180089ecc19a40a1512,raw,data/01_raw/sustainability/GPRO/GPRO-GOPRO INC-2023.pdf,47139927,2026-07-13T10:11:34.389437+00:00,99cfa1f0275c06c75fc0f0b5d6e0d6bb4fbebf4641410180089ecc19a40a1512,data/02_interim/esg_text/GPRO/GPRO-GOPRO INC-2023.txt,data/02_interim/esg_text/GPRO/GPRO-GOPRO INC-2023.pages.csv,parsed,,19,20681,6,7a6bef089e6a24592bda19654fe5ba0e52a8cbc68ed1a44b2a2bf2d62fb2adfd,2026-07-13T11:34:22.639863+00:00,,False,2411,0.7952,1088.5,0,GPRO-GOPRO INC-2023,6,20609,0,0,11,423.8181818181818,588,29.012136743871185,3446.8333333333335
GPRO,GPRO-GOPRO INC-2024.pdf,data/01_raw/sustainability/GPRO/GPRO-GOPRO INC-2024.pdf,34241061,2026-07-13T10:11:40.079539+00:00,631ae49a95ed0f6c17171b633cd67a20c0f439db25206e1f6ca7a4f7e8d35b00,raw,data/01_raw/sustainability/GPRO/GPRO-GOPRO INC-2024.pdf,34241061,2026-07-13T10:11:40.079539+00:00,631ae49a95ed0f6c17171b633cd67a20c0f439db25206e1f6ca7a4f7e8d35b00,data/02_interim/esg_text/GPRO/GPRO-GOPRO INC-2024.txt,data/02_interim/esg_text/GPRO/GPRO-GOPRO INC-2024.pages.csv,parsed,,37,39585,20,a15f2b460c1e40505eed0553b0af596f44be613007ad81743e453285ba805b8c,2026-07-13T11:34:40.899806+00:00,,False,4661,0.8018,1069.9,0,GPRO-GOPRO INC-2024,9,39579,0,0,21,430.3333333333333,600,22.735884804850322,4398.333333333333
GROV,GROV-GROVE COLLABORATIVE HLDG INC-2021.pdf,data/01_raw/sustainability/GROV/GROV-GROVE COLLABORATIVE HLDG INC-2021.pdf,3376496,2026-07-13T10:11:42.436491+00:00,310e98c06db65b4e556147ae9902a26c870168c53f8a620a725dd3fff810b88d,raw,data/01_raw/sustainability/GROV/GROV-GROVE COLLABORATIVE HLDG INC-2021.pdf,3376496,2026-07-13T10:11:42.436491+00:00,310e98c06db65b4e556147ae9902a26c870168c53f8a620a725dd3fff810b88d,data/02_interim/esg_text/GROV/GROV-GROVE COLLABORATIVE HLDG INC-2021.txt,data/02_interim/esg_text/GROV/GROV-GROVE COLLABORATIVE HLDG INC-2021.pages.csv,parsed,,72,110665,46,42e7fa394ab20417b51abb01c78b2d1caddd1829457a3de0a9be4a7304333c99,2026-07-13T11:34:28.017499+00:00,,False,12195,0.7068,1537.0,0,GROV-GROVE COLLABORATIVE HLDG INC-2021,14,110674,0,0,66,471.0151515151515,500,12.65079293362852,7904.642857142857
GROV,GROV-GROVE COLLABORATIVE HLDG INC-2022.pdf,data/01_raw/sustainability/GROV/GROV-GROVE COLLABORATIVE HLDG INC-2022.pdf,5152752,2026-07-13T10:11:44.702070+00:00,9548e28a0acbe15b24b24c722aab95aba356ab874e3b8ea6c92e3e728ee2e335,raw,data/01_raw/sustainability/GROV/GROV-GROVE COLLABORATIVE HLDG INC-2022.pdf,5152752,2026-07-13T10:11:44.702070+00:00,9548e28a0acbe15b24b24c722aab95aba356ab874e3b8ea6c92e3e728ee2e335,data/02_interim/esg_text/GROV/GROV-GROVE COLLABORATIVE HLDG INC-2022.txt,data/02_interim/esg_text/GROV/GROV-GROVE COLLABORATIVE HLDG INC-2022.pages.csv,parsed,,66,112464,68,fb4c4c8f22f61f2e5d02d6d10e8ded6986c994cffe886fad8c486608120af894,2026-07-13T11:34:30.658214+00:00,,False,12509,0.6939,1704.0,0,GROV-GROVE COLLABORATIVE HLDG INC-2022,15,112472,0,0,64,470.796875,559,13.33760136577038,7497.6
GROV,GROV-GROVE COLLABORATIVE HLDG INC-2023.pdf,data/01_raw/sustainability/GROV/GROV-GROVE COLLABORATIVE HLDG INC-2023.pdf,3301535,2026-07-13T10:11:47.155395+00:00,2c4d87e1cf83d9c56e3202a1e0b9077146869f1b87f76d772265cec2ed072c4f,raw,data/01_raw/sustainability/GROV/GROV-GROVE COLLABORATIVE HLDG INC-2023.pdf,3301535,2026-07-13T10:11:47.155395+00:00,2c4d87e1cf83d9c56e3202a1e0b9077146869f1b87f76d772265cec2ed072c4f,data/02_interim/esg_text/GROV/GROV-GROVE COLLABORATIVE HLDG INC-2023.txt,data/02_interim/esg_text/GROV/GROV-GROVE COLLABORATIVE HLDG INC-2023.pages.csv,parsed,,70,116418,63,c327f1ed4c8fbb209bd6aaac1b843b27421076996f15cec2ca93effc1f76cc55,2026-07-13T11:34:33.585705+00:00,,False,12958,0.7065,1663.1,0,GROV-GROVE COLLABORATIVE HLDG INC-2023,14,116368,0,0,67,464.7313432835821,532,12.025631775155045,8315.57142857143
GROV,GROV-GROVE COLLABORATIVE HLDG INC-2024.pdf,data/01_raw/sustainability/GROV/GROV-GROVE COLLABORATIVE HLDG INC-2024.pdf,3864101,2026-07-13T10:11:50.371112+00:00,b3744eba4265e4d595bdad5c5f96073d15e78c24c5a7334da512266d2dd6d612,raw,data/01_raw/sustainability/GROV/GROV-GROVE COLLABORATIVE HLDG INC-2024.pdf,3864101,2026-07-13T10:11:50.371112+00:00,b3744eba4265e4d595bdad5c5f96073d15e78c24c5a7334da512266d2dd6d612,data/02_interim/esg_text/GROV/GROV-GROVE COLLABORATIVE HLDG INC-2024.txt,data/02_interim/esg_text/GROV/GROV-GROVE COLLABORATIVE HLDG INC-2024.pages.csv,parsed,,72,127857,61,229875e404d511e4c1147235d29b4ae8e3d27d0ae7950c95445d513ab7b28a3a,2026-07-13T11:34:36.983694+00:00,,False,14382,0.7166,1775.8,0,GROV-GROVE COLLABORATIVE HLDG INC-2024,14,127846,0,0,70,478.4428571428571,572,10.949732904729503,9132.642857142857
GROV,GROV-GROVE COLLABORATIVE HLDG INC-2025.pdf,data/01_raw/sustainability/GROV/GROV-GROVE COLLABORATIVE HLDG INC-2025.pdf,7373804,2026-07-13T10:11:53.469950+00:00,85eaa2980e81545745bc52b0efbe733eeccfd71d31dfebce668a7f30891b687d,raw,data/01_raw/sustainability/GROV/GROV-GROVE COLLABORATIVE HLDG INC-2025.pdf,7373804,2026-07-13T10:11:53.469950+00:00,85eaa2980e81545745bc52b0efbe733eeccfd71d31dfebce668a7f30891b687d,data/02_interim/esg_text/GROV/GROV-GROVE COLLABORATIVE HLDG INC-2025.txt,data/02_interim/esg_text/GROV/GROV-GROVE COLLABORATIVE HLDG INC-2025.pages.csv,parsed,,63,108014,44,cd6880a0137896263fec972f9bc729f1540a3b02382ce68c61dca766d36c8f06,2026-07-13T11:34:38.817297+00:00,,False,12181,0.7212,1714.5,0,GROV-GROVE COLLABORATIVE HLDG INC-2025,15,107974,0,0,60,470.8,555,13.887088710722685,7200.933333333333
GRPN,GRPN-Groupon Inc-2021.pdf,data/01_raw/sustainability/GRPN/GRPN-Groupon Inc-2021.pdf,13060996,2026-07-13T10:11:58.200382+00:00,15daee036e746e50a48bf522ab6ddbf0cdfaa95d0d8eca8d223738506111bfb1,raw,data/01_raw/sustainability/GRPN/GRPN-Groupon Inc-2021.pdf,13060996,2026-07-13T10:11:58.200382+00:00,15daee036e746e50a48bf522ab6ddbf0cdfaa95d0d8eca8d223738506111bfb1,data/02_interim/esg_text/GRPN/GRPN-Groupon Inc-2021.txt,data/02_interim/esg_text/GRPN/GRPN-Groupon Inc-2021.pages.csv,parsed,,58,92764,45,ba4486f8aa74f12e3f32fd8e8b5930d0ef16700f5c0f8e66d65c8ba620b270e4,2026-07-13T11:34:42.222074+00:00,,False,11031,0.7856,1599.4,0,GRPN-Groupon Inc-2021,12,92812,1,0,48,459.3958333333333,580,12.936052779095338,7730.333333333333
HD,HD-HOME DEPOT INC-2021.pdf,data/01_raw/sustainability/HD/HD-HOME DEPOT INC-2021.pdf,26759817,2026-07-13T10:12:04.176026+00:00,fcc1ba3295d49ec8ccf7b4f4713ce4b7be176297bfa43ec751f84a3219a1ebf3,raw,data/01_raw/sustainability/HD/HD-HOME DEPOT INC-2021.pdf,26759817,2026-07-13T10:12:04.176026+00:00,fcc1ba3295d49ec8ccf7b4f4713ce4b7be176297bfa43ec751f84a3219a1ebf3,data/02_interim/esg_text/HD/HD-HOME DEPOT INC-2021.txt,data/02_interim/esg_text/HD/HD-HOME DEPOT INC-2021.pages.csv,parsed,,150,269295,140,4c523d0d59356f4b47cb108c15f85584fc439cd1b4929ecf263231f9eada6333,2026-07-13T11:35:33.382304+00:00,,False,31232,0.7822,1795.3,0,HD-HOME DEPOT INC-2021,15,269594,0,0,143,487.3706293706294,579,5.570099704784716,17953.0
HD,HD-HOME DEPOT INC-2022.pdf,data/01_raw/sustainability/HD/HD-HOME DEPOT INC-2022.pdf,14771760,2026-07-13T10:12:07.883074+00:00,68171a299fa15fc8570aa198e52772a8ae28f40a20edd9482ee1d3b3cf758e23,raw,data/01_raw/sustainability/HD/HD-HOME DEPOT INC-2022.pdf,14771760,2026-07-13T10:12:07.883074+00:00,68171a299fa15fc8570aa198e52772a8ae28f40a20edd9482ee1d3b3cf758e23,data/02_interim/esg_text/HD/HD-HOME DEPOT INC-2022.txt,data/02_interim/esg_text/HD/HD-HOME DEPOT INC-2022.pages.csv,parsed,,98,249533,130,c3355bd5a4deea80f1c7aef71c97400a6585b4fb3552e275d2f162d40c4c548b,2026-07-13T11:34:50.960001+00:00,,False,28415,0.7861,2546.3,0,HD-HOME DEPOT INC-2022,15,249583,0,0,131,483.25954198473283,580,6.011228975726657,16635.533333333333
HD,HD-HOME DEPOT INC-2023.pdf,data/01_raw/sustainability/HD/HD-HOME DEPOT INC-2023.pdf,52886418,2026-07-13T10:12:13.512706+00:00,bab50ba1938fbb3de56601e3891ff7e89db0ce783f0a0baaf4724c8b0e402488,raw,data/01_raw/sustainability/HD/HD-HOME DEPOT INC-2023.pdf,52886418,2026-07-13T10:12:13.512706+00:00,bab50ba1938fbb3de56601e3891ff7e89db0ce783f0a0baaf4724c8b0e402488,data/02_interim/esg_text/HD/HD-HOME DEPOT INC-2023.txt,data/02_interim/esg_text/HD/HD-HOME DEPOT INC-2023.pages.csv,parsed,,126,298485,96,681b3b5b4ff0f7a6562b7df326feaec3af828046fd124a1d5bb3eb871c2e6a69,2026-07-13T11:34:55.117597+00:00,,False,35282,0.7998,2368.9,0,HD-HOME DEPOT INC-2023,14,298343,0,0,150,483.86,508,4.690352949059417,21320.35714285714
HD,HD-HOME DEPOT INC-2024.pdf,data/01_raw/sustainability/HD/HD-HOME DEPOT INC-2024.pdf,36803885,2026-07-13T10:12:19.976638+00:00,2b4e6685136cf0bd804aedcdf7ee3a04182dacb6e04faa6218348b46bf21a519,raw,data/01_raw/sustainability/HD/HD-HOME DEPOT INC-2024.pdf,36803885,2026-07-13T10:12:19.976638+00:00,2b4e6685136cf0bd804aedcdf7ee3a04182dacb6e04faa6218348b46bf21a519,data/02_interim/esg_text/HD/HD-HOME DEPOT INC-2024.txt,data/02_interim/esg_text/HD/HD-HOME DEPOT INC-2024.pages.csv,parsed,,112,266353,146,5fa150adb9d51aba93f2afd8fa75bf6253eb3301331298d0330f697bb539a68f,2026-07-13T11:34:55.105771+00:00,,False,31440,0.8067,2378.2,0,HD-HOME DEPOT INC-2024,15,266538,0,0,131,487.19083969465646,599,5.631624197962854,17756.866666666665
HOFT,HOOKER FURNISHINGS CORP-HOFT-2023.pdf,data/01_raw/sustainability/HOFT/HOOKER FURNISHINGS CORP-HOFT-2023.pdf,4309884,2026-07-13T10:12:22.525209+00:00,90f240ef4e3ea34a4210be7162efc22e63e18fc7b4121d4974245e00121b97ee,raw,data/01_raw/sustainability/HOFT/HOOKER FURNISHINGS CORP-HOFT-2023.pdf,4309884,2026-07-13T10:12:22.525209+00:00,90f240ef4e3ea34a4210be7162efc22e63e18fc7b4121d4974245e00121b97ee,data/02_interim/esg_text/HOFT/HOOKER FURNISHINGS CORP-HOFT-2023.txt,data/02_interim/esg_text/HOFT/HOOKER FURNISHINGS CORP-HOFT-2023.pages.csv,parsed,,55,54859,11,4279f598ea59ff5f08e89480f265b98fd1c6365bd865667f419f7a972e70c9ca,2026-07-13T11:35:03.030554+00:00,,False,5949,0.6667,997.4,0,HOOKER FURNISHINGS CORP-HOFT-2023,10,54886,0,0,31,452.19354838709677,572,18.228549554311964,5485.9
HOFT,HOOKER FURNISHINGS CORP-HOFT-2024.pdf,data/01_raw/sustainability/HOFT/HOOKER FURNISHINGS CORP-HOFT-2024.pdf,6956473,2026-07-13T10:12:25.024687+00:00,d4f3f33d7c313829444cb79db60fca055dbc3588a09e47fd9e301f52e3e2cc44,raw,data/01_raw/sustainability/HOFT/HOOKER FURNISHINGS CORP-HOFT-2024.pdf,6956473,2026-07-13T10:12:25.024687+00:00,d4f3f33d7c313829444cb79db60fca055dbc3588a09e47fd9e301f52e3e2cc44,data/02_interim/esg_text/HOFT/HOOKER FURNISHINGS CORP-HOFT-2024.txt,data/02_interim/esg_text/HOFT/HOOKER FURNISHINGS CORP-HOFT-2024.pages.csv,parsed,,56,62784,75,66a8a1f68f72c150373c3a854e78ff945f9e44fc03e94ea87098850e33ffabed,2026-07-13T11:35:11.483659+00:00,,False,6750,0.6532,1121.1,0,HOOKER FURNISHINGS CORP-HOFT-2024,10,62702,0,0,37,453.5945945945946,590,15.927624872579,6278.4
HVT,HVT-HAVERTY FURNITURE-2024.pdf,data/01_raw/sustainability/HVT/HVT-HAVERTY FURNITURE-2024.pdf,2377127,2026-07-13T10:12:27.010862+00:00,11c1dc9b0052d04edd257daac600c2a34a38a0c21e907d3b317ce7d1455fd745,raw,data/01_raw/sustainability/HVT/HVT-HAVERTY FURNITURE-2024.pdf,2377127,2026-07-13T10:12:27.010862+00:00,11c1dc9b0052d04edd257daac600c2a34a38a0c21e907d3b317ce7d1455fd745,data/02_interim/esg_text/HVT/HVT-HAVERTY FURNITURE-2024.txt,data/02_interim/esg_text/HVT/HVT-HAVERTY FURNITURE-2024.pages.csv,parsed,,18,29748,68,9603d525c9208c1ac9288deb4514245a929728917fc9a80e95989209958d6e79,2026-07-13T11:34:59.415317+00:00,,False,3376,0.7732,1652.7,0,HVT-HAVERTY FURNITURE-2024,12,29762,0,0,18,392.5,511,40.338846308995564,2479.0
JILL,JILL-J.Jill-2024.pdf,data/01_raw/sustainability/JILL/JILL-J.Jill-2024.pdf,8752646,2026-07-13T10:12:31.415946+00:00,b06e4a79c9dafafda6d46753ee329c5693cf07e8e9e98cfe4abb7e5f3ceb3927,raw,data/01_raw/sustainability/JILL/JILL-J.Jill-2024.pdf,8752646,2026-07-13T10:12:31.415946+00:00,b06e4a79c9dafafda6d46753ee329c5693cf07e8e9e98cfe4abb7e5f3ceb3927,data/02_interim/esg_text/JILL/JILL-J.Jill-2024.txt,data/02_interim/esg_text/JILL/JILL-J.Jill-2024.pages.csv,parsed,,41,91752,23,723fa504946b3aa0aefbd901faa40ec7706745d55283dd3b0156047fe265bf1c,2026-07-13T11:35:04.488960+00:00,,False,11011,0.7901,2237.9,0,JILL-J.Jill-2024,12,91778,0,0,48,463.4791666666667,570,13.078733978550876,7646.0
JWN,JWN-NORSTROM-2021.pdf,data/01_raw/sustainability/JWN/JWN-NORSTROM-2021.pdf,32064537,2026-07-13T10:12:36.887968+00:00,f2d0fc69b6ddaabec56408ff0a54ad40c2a1eeedaebaf476e9f2d92d8a608a7d,raw,data/01_raw/sustainability/JWN/JWN-NORSTROM-2021.pdf,32064537,2026-07-13T10:12:36.887968+00:00,f2d0fc69b6ddaabec56408ff0a54ad40c2a1eeedaebaf476e9f2d92d8a608a7d,data/02_interim/esg_text/JWN/JWN-NORSTROM-2021.txt,data/02_interim/esg_text/JWN/JWN-NORSTROM-2021.pages.csv,parsed,,40,75950,7,94a1898509108dd27f3240b855f500a915b54f0a1a8f952c9f8b000b99a53949,2026-07-13T11:35:07.223376+00:00,,False,8915,0.8019,1898.8,0,JWN-NORSTROM-2021,11,75629,0,0,39,452.71794871794873,521,14.483212639894669,6904.545454545455
JWN,JWN-NORSTROM-2022.pdf,data/01_raw/sustainability/JWN/JWN-NORSTROM-2022.pdf,27976801,2026-07-13T10:12:44.168449+00:00,285f0ba0abdea392ac579b2ff72a0b5467665af3e724a1621447c42581557290,raw,data/01_raw/sustainability/JWN/JWN-NORSTROM-2022.pdf,27976801,2026-07-13T10:12:44.168449+00:00,285f0ba0abdea392ac579b2ff72a0b5467665af3e724a1621447c42581557290,data/02_interim/esg_text/JWN/JWN-NORSTROM-2022.txt,data/02_interim/esg_text/JWN/JWN-NORSTROM-2022.pages.csv,parsed,,61,126768,1,85bbef77f8fd7986cf7797784b1ef9853f421afb71083eab32f22cc377e848a7,2026-07-13T11:35:10.868942+00:00,,False,14926,0.8038,2078.2,0,JWN-NORSTROM-2022,14,126702,0,0,63,474.42857142857144,579,11.043796541713997,9054.857142857143
JWN,JWN-NORSTROM-2023.pdf,data/01_raw/sustainability/JWN/JWN-NORSTROM-2023.pdf,25160413,2026-07-13T10:12:49.104685+00:00,7f7401cba5a8294d608996f925253b950603b3405f27ebaa96f3ceacc9dca502,raw,data/01_raw/sustainability/JWN/JWN-NORSTROM-2023.pdf,25160413,2026-07-13T10:12:49.104685+00:00,7f7401cba5a8294d608996f925253b950603b3405f27ebaa96f3ceacc9dca502,data/02_interim/esg_text/JWN/JWN-NORSTROM-2023.txt,data/02_interim/esg_text/JWN/JWN-NORSTROM-2023.pages.csv,parsed,,59,131880,1,4f996f9e0fbcc995421c2d08f78ad13dff3cd9b8d950d94f558dcfcafce1849d,2026-07-13T11:35:13.971805+00:00,,False,15476,0.8095,2235.3,0,JWN-NORSTROM-2023,14,131790,0,0,64,475.609375,572,10.615711252653929,9420.0
JWN,JWN-NORSTROM-2024.pdf,data/01_raw/sustainability/JWN/JWN-NORSTROM-2024.pdf,5144084,2026-07-13T10:12:51.207997+00:00,431e8cc3ec8a0b61be24ad8b73c220349178ed1b98fd3d62e055f83b25b51b02,raw,data/01_raw/sustainability/JWN/JWN-NORSTROM-2024.pdf,5144084,2026-07-13T10:12:51.207997+00:00,431e8cc3ec8a0b61be24ad8b73c220349178ed1b98fd3d62e055f83b25b51b02,data/02_interim/esg_text/JWN/JWN-NORSTROM-2024.txt,data/02_interim/esg_text/JWN/JWN-NORSTROM-2024.pages.csv,parsed,,50,131054,31,fcc4299eb90b3446597bdc48d35f092cb89534489bd923df1dbc067c5f33a69f,2026-07-13T11:35:17.304362+00:00,,False,15324,0.7986,2621.1,0,JWN-NORSTROM-2024,12,130926,0,0,65,484.2,539,9.15653089566133,10921.166666666666
KMX,KMX-CARMAX INC-2021.pdf,data/01_raw/sustainability/KMX/KMX-CARMAX INC-2021.pdf,3873936,2026-07-13T10:12:54.078829+00:00,cb4e6e1847396d9930c7f8412eddf0a70f4e60398efc64e55284d5b4b047c4b4,raw,data/01_raw/sustainability/KMX/KMX-CARMAX INC-2021.pdf,3873936,2026-07-13T10:12:54.078829+00:00,cb4e6e1847396d9930c7f8412eddf0a70f4e60398efc64e55284d5b4b047c4b4,data/02_interim/esg_text/KMX/KMX-CARMAX INC-2021.txt,data/02_interim/esg_text/KMX/KMX-CARMAX INC-2021.pages.csv,parsed,,31,86972,20,0deea3cec8b43175ad1449ca52af5efa1df5afb260410ed60ff18233a32ae1f5,2026-07-13T11:35:15.080201+00:00,,False,10301,0.8128,2805.5,0,KMX-CARMAX INC-2021,11,86953,0,0,41,472.8536585365854,573,12.64774870073127,7906.545454545455
KMX,KMX-CARMAX INC-2022.pdf,data/01_raw/sustainability/KMX/KMX-CARMAX INC-2022.pdf,2940232,2026-07-13T10:12:56.017344+00:00,14038f4254b3b6603a1b8375443608622f7319cb0dd9474faf21fcf8897f7fcb,raw,data/01_raw/sustainability/KMX/KMX-CARMAX INC-2022.pdf,2940232,2026-07-13T10:12:56.017344+00:00,14038f4254b3b6603a1b8375443608622f7319cb0dd9474faf21fcf8897f7fcb,data/02_interim/esg_text/KMX/KMX-CARMAX INC-2022.txt,data/02_interim/esg_text/KMX/KMX-CARMAX INC-2022.pages.csv,parsed,,39,95335,23,7a99e8b491a3e29d4c38f41d2d3d148ecdf30a32a55ad296189c28440332ad17,2026-07-13T11:35:18.169148+00:00,,False,11075,0.8,2444.5,0,KMX-CARMAX INC-2022,13,95353,1,0,47,460.17021276595744,548,13.63612524256569,7333.461538461538
KMX,KMX-CARMAX INC-2023.pdf,data/01_raw/sustainability/KMX/KMX-CARMAX INC-2023.pdf,3509167,2026-07-13T10:12:57.802933+00:00,23587d106c62420d80e363291f59bb4a566e96fc21ad78d74f12a991a7945e8b,raw,data/01_raw/sustainability/KMX/KMX-CARMAX INC-2023.pdf,3509167,2026-07-13T10:12:57.802933+00:00,23587d106c62420d80e363291f59bb4a566e96fc21ad78d74f12a991a7945e8b,data/02_interim/esg_text/KMX/KMX-CARMAX INC-2023.txt,data/02_interim/esg_text/KMX/KMX-CARMAX INC-2023.pages.csv,parsed,,57,149119,34,2350c64773c90e761467017f3673706ad7632769db7b54bc163f68999a4f388c,2026-07-13T11:35:21.991911+00:00,,False,17192,0.7977,2616.1,0,KMX-CARMAX INC-2023,15,149204,1,0,70,483.1857142857143,563,10.05908033181553,9941.266666666666
KMX,KMX-CARMAX INC-2024.pdf,data/01_raw/sustainability/KMX/KMX-CARMAX INC-2024.pdf,3084362,2026-07-13T10:13:01.256898+00:00,102f1e7c895e179f4d86b4b8e1ccce60e638cfa32de83392c062ad3112f92952,raw,data/01_raw/sustainability/KMX/KMX-CARMAX INC-2024.pdf,3084362,2026-07-13T10:13:01.256898+00:00,102f1e7c895e179f4d86b4b8e1ccce60e638cfa32de83392c062ad3112f92952,data/02_interim/esg_text/KMX/KMX-CARMAX INC-2024.txt,data/02_interim/esg_text/KMX/KMX-CARMAX INC-2024.pages.csv,parsed,,42,125845,15,0b2b73dc5ff1659d83cbb1ed22890b59fd043caf00ef9236903f37a6c01ed17b,2026-07-13T11:35:23.656606+00:00,,False,14290,0.7731,2996.3,0,KMX-CARMAX INC-2024,15,125884,0,0,65,448.0769230769231,500,11.919424689101673,8389.666666666666
KMX,KMX-CARMAX INC-2025.pdf,data/01_raw/sustainability/KMX/KMX-CARMAX INC-2025.pdf,8661475,2026-07-13T10:13:05.007936+00:00,9fe4e5937b32d2331ebbb6e11f20911f088065d036b9b146082715213e0f6d8d,raw,data/01_raw/sustainability/KMX/KMX-CARMAX INC-2025.pdf,8661475,2026-07-13T10:13:05.007936+00:00,9fe4e5937b32d2331ebbb6e11f20911f088065d036b9b146082715213e0f6d8d,data/02_interim/esg_text/KMX/KMX-CARMAX INC-2025.txt,data/02_interim/esg_text/KMX/KMX-CARMAX INC-2025.pages.csv,parsed,,45,115807,59,55f78086a9f5ae5b332ad5e6f691072ea5ab21f3d8cbcc4cb96362626ed915dd,2026-07-13T11:35:23.885954+00:00,,False,13112,0.8128,2573.5,0,KMX-CARMAX INC-2025,13,115725,0,0,56,468.2857142857143,591,11.22557358363484,8908.23076923077
KMX,KMX-CARMAX INC-2026.pdf,data/01_raw/sustainability/KMX/KMX-CARMAX INC-2026.pdf,4730282,2026-07-13T10:13:07.192910+00:00,f2585f103ef3ff96db037f248b35ca80ddaf4b7e6a99ca0f15d6de3a24a23e5f,raw,data/01_raw/sustainability/KMX/KMX-CARMAX INC-2026.pdf,4730282,2026-07-13T10:13:07.192910+00:00,f2585f103ef3ff96db037f248b35ca80ddaf4b7e6a99ca0f15d6de3a24a23e5f,data/02_interim/esg_text/KMX/KMX-CARMAX INC-2026.txt,data/02_interim/esg_text/KMX/KMX-CARMAX INC-2026.pages.csv,parsed,,12,35628,8,3aab0cf6fbf40957722e7c858741959f345f4a8420d30ae95182643fdbeaf7d2,2026-07-13T11:35:24.193556+00:00,,False,4028,0.7945,2969.0,0,KMX-CARMAX INC-2026,12,35621,0,0,21,381.04761904761904,543,33.68137420006736,2969.0
KR,KR-KROGER CO-2021.pdf,data/01_raw/sustainability/KR/KR-KROGER CO-2021.pdf,15574378,2026-07-13T10:13:10.999549+00:00,0379d35ff65020d8c91bde151c5d8bae7ef985b11bca5cd4c9a929de107ee833,raw,data/01_raw/sustainability/KR/KR-KROGER CO-2021.pdf,15574378,2026-07-13T10:13:10.999549+00:00,0379d35ff65020d8c91bde151c5d8bae7ef985b11bca5cd4c9a929de107ee833,data/02_interim/esg_text/KR/KR-KROGER CO-2021.txt,data/02_interim/esg_text/KR/KR-KROGER CO-2021.pages.csv,parsed,,47,159231,56,e7fd19f22229464bf7c9510f18ce630227ff4e72598ecef4b5440e10648285fa,2026-07-13T11:35:31.989752+00:00,,False,18587,0.8084,3387.9,0,KR-KROGER CO-2021,16,159236,0,0,83,472.66265060240966,585,10.048294615998142,9951.9375
KR,KR-KROGER CO-2022.pdf,data/01_raw/sustainability/KR/KR-KROGER CO-2022.pdf,19056845,2026-07-13T10:13:15.169960+00:00,2fdffe32a0bce1f5dd4bed3a5154a2342d8155cbf8e1f446f6a572dc2aa23c1d,raw,data/01_raw/sustainability/KR/KR-KROGER CO-2022.pdf,19056845,2026-07-13T10:13:15.169960+00:00,2fdffe32a0bce1f5dd4bed3a5154a2342d8155cbf8e1f446f6a572dc2aa23c1d,data/02_interim/esg_text/KR/KR-KROGER CO-2022.txt,data/02_interim/esg_text/KR/KR-KROGER CO-2022.pages.csv,parsed,,68,222821,83,13a23b91785694f8dab9836a2ba42eb1bbf186c5a8d510b2040df93ea63d3980,2026-07-13T11:35:35.817685+00:00,,False,26175,0.8205,3276.8,0,KR-KROGER CO-2022,15,222704,0,0,107,489.93457943925233,596,6.731861000534061,14854.733333333334
KR,KR-KROGER CO-2023.pdf,data/01_raw/sustainability/KR/KR-KROGER CO-2023.pdf,9134485,2026-07-13T10:13:17.428106+00:00,7cbc26e717a73bd7560d4e35e72aad5d5ce57d09c243230777e3c1386a871b47,raw,data/01_raw/sustainability/KR/KR-KROGER CO-2023.pdf,9134485,2026-07-13T10:13:17.428106+00:00,7cbc26e717a73bd7560d4e35e72aad5d5ce57d09c243230777e3c1386a871b47,data/02_interim/esg_text/KR/KR-KROGER CO-2023.txt,data/02_interim/esg_text/KR/KR-KROGER CO-2023.pages.csv,parsed,,71,253220,76,ee85ece1e2b7c4a9c7c5bec567785a387c88d25b88dcd7cd45844f44a8a81cf3,2026-07-13T11:35:40.715636+00:00,,False,29652,0.8143,3566.5,0,KR-KROGER CO-2023,15,253270,0,0,128,483.5,570,5.923702709106705,16881.333333333332
KR,KR-KROGER CO-2024.pdf,data/01_raw/sustainability/KR/KR-KROGER CO-2024.pdf,7322123,2026-07-13T10:13:24.309284+00:00,70426a05e5c9b1c5b8fbb486da4fb6d7da29b32284b91cc9904194f209e15227,raw,data/01_raw/sustainability/KR/KR-KROGER CO-2024.pdf,7322123,2026-07-13T10:13:24.309284+00:00,70426a05e5c9b1c5b8fbb486da4fb6d7da29b32284b91cc9904194f209e15227,data/02_interim/esg_text/KR/KR-KROGER CO-2024.txt,data/02_interim/esg_text/KR/KR-KROGER CO-2024.pages.csv,parsed,,78,281592,64,46d6099a3062bef1666b973ed4070ecff8915d5c2c1157631f31469b2a6520a1,2026-07-13T11:35:47.842766+00:00,,False,33350,0.8142,3610.2,0,KR-KROGER CO-2024,16,281704,0,0,140,475.3642857142857,500,5.6819796016932305,17599.5
KR,KR-KROGER CO-2025.pdf,data/01_raw/sustainability/KR/KR-KROGER CO-2025.pdf,8761950,2026-07-13T10:13:26.886953+00:00,28316204fcf00247594cde913b37ffae8a2042315305bc02db2dab246dadb1ec,raw,data/01_raw/sustainability/KR/KR-KROGER CO-2025.pdf,8761950,2026-07-13T10:13:26.886953+00:00,28316204fcf00247594cde913b37ffae8a2042315305bc02db2dab246dadb1ec,data/02_interim/esg_text/KR/KR-KROGER CO-2025.txt,data/02_interim/esg_text/KR/KR-KROGER CO-2025.pages.csv,parsed,,71,262905,57,e0b60295936e5b2b7e69107443056ee2ea32ba94b3d6fce4c0779e204e89c129,2026-07-13T11:35:48.266140+00:00,,False,31007,0.8195,3702.9,0,KR-KROGER CO-2025,16,263015,0,0,125,487.464,578,6.085848500408893,16431.5625
KSS,KSS-KOHL'S CORP-2021.pdf,data/01_raw/sustainability/KSS/KSS-KOHL'S CORP-2021.pdf,11498336,2026-07-13T10:13:29.885879+00:00,eb2fb11e2c1c4778739e079d89cce703c9b5d54534feb44789a99953f75ab85e,raw,data/01_raw/sustainability/KSS/KSS-KOHL'S CORP-2021.pdf,11498336,2026-07-13T10:13:29.885879+00:00,eb2fb11e2c1c4778739e079d89cce703c9b5d54534feb44789a99953f75ab85e,data/02_interim/esg_text/KSS/KSS-KOHL'S CORP-2021.txt,data/02_interim/esg_text/KSS/KSS-KOHL'S CORP-2021.pages.csv,parsed,,81,151919,89,2823659dde4fc1f99ded76e621ccc238f45c246ee5757e36f97c6dc219cca7a2,2026-07-13T11:35:45.053089+00:00,,False,17934,0.812,1875.5,0,KSS-KOHL'S CORP-2021,15,151825,0,0,75,455.17333333333335,513,9.873682686168287,10127.933333333332
KSS,KSS-KOHL'S-2022.pdf,data/01_raw/sustainability/KSS/KSS-KOHL'S-2022.pdf,60597663,2026-07-13T10:13:35.486225+00:00,a7fbdfd63080b7e367fcb7a2403548b5692ce0be11323fd6628f4f5a09b51989,raw,data/01_raw/sustainability/KSS/KSS-KOHL'S-2022.pdf,60597663,2026-07-13T10:13:35.486225+00:00,a7fbdfd63080b7e367fcb7a2403548b5692ce0be11323fd6628f4f5a09b51989,data/02_interim/esg_text/KSS/KSS-KOHL'S-2022.txt,data/02_interim/esg_text/KSS/KSS-KOHL'S-2022.pages.csv,parsed,,93,192633,78,d8e1ed7080219b7ed3627272f0a8015a97bdaee0e5f2a183def4e403d3da03fa,2026-07-13T11:35:55.342652+00:00,,False,22743,0.8138,2071.3,0,KSS-KOHL'S-2022,15,192446,0,0,93,476.73118279569894,595,7.786827802089984,12842.2
KSS,KSS-KOHL'S-2023.pdf,data/01_raw/sustainability/KSS/KSS-KOHL'S-2023.pdf,22338103,2026-07-13T10:13:42.089478+00:00,9e6ca79b0630fff9fafda173914c3cd7d568608caf3dbc474888b48680e83713,raw,data/01_raw/sustainability/KSS/KSS-KOHL'S-2023.pdf,22338103,2026-07-13T10:13:42.089478+00:00,9e6ca79b0630fff9fafda173914c3cd7d568608caf3dbc474888b48680e83713,data/02_interim/esg_text/KSS/KSS-KOHL'S-2023.txt,data/02_interim/esg_text/KSS/KSS-KOHL'S-2023.pages.csv,parsed,,73,161642,38,83918f78e397f68b31c203fd9f5ccc1c53333298a80104c5c7eb2bf5b9c4ee2e,2026-07-13T11:35:53.935285+00:00,,False,19192,0.8142,2214.3,0,KSS-KOHL'S-2023,16,161520,0,0,78,479.8205128205128,590,9.898417490503705,10102.625
KSS,KSS-KOHL'S-2024.pdf,data/01_raw/sustainability/KSS/KSS-KOHL'S-2024.pdf,4765059,2026-07-13T10:13:43.915834+00:00,98e8da3b247fdda232eb3f089e085437cfdf9ae9451d9b82429a2be525bde315,raw,data/01_raw/sustainability/KSS/KSS-KOHL'S-2024.pdf,4765059,2026-07-13T10:13:43.915834+00:00,98e8da3b247fdda232eb3f089e085437cfdf9ae9451d9b82429a2be525bde315,data/02_interim/esg_text/KSS/KSS-KOHL'S-2024.txt,data/02_interim/esg_text/KSS/KSS-KOHL'S-2024.pages.csv,parsed,,43,117515,11,690699c15d8dbf85b81dfe14c553dc6476244f5f06fb8081bbd87da211555252,2026-07-13T11:35:53.360911+00:00,,False,13766,0.8274,2732.9,0,KSS-KOHL'S-2024,15,117479,0,0,56,472.0892857142857,596,12.764327958133006,7834.333333333333
KTB,KTB-KONTOOR BRANDS INC-2021.pdf,data/01_raw/sustainability/KTB/KTB-KONTOOR BRANDS INC-2021.pdf,18907189,2026-07-13T10:13:51.389875+00:00,2bd3884484b3c092d6c1312ff95a3e74cb74646e8e5983311fae841be12c8969,raw,data/01_raw/sustainability/KTB/KTB-KONTOOR BRANDS INC-2021.pdf,18907189,2026-07-13T10:13:51.389875+00:00,2bd3884484b3c092d6c1312ff95a3e74cb74646e8e5983311fae841be12c8969,data/02_interim/esg_text/KTB/KTB-KONTOOR BRANDS INC-2021.txt,data/02_interim/esg_text/KTB/KTB-KONTOOR BRANDS INC-2021.pages.csv,parsed,,98,268369,129,f63dca65b9126fc7e38b7abcccfa0b40aa23bcd0d26ebdb79269cac75cd44649,2026-07-13T11:36:03.352101+00:00,,False,31523,0.818,2738.5,0,KTB-KONTOOR BRANDS INC-2021,15,268210,0,0,135,489.162962962963,568,5.589319183661303,17891.266666666666
KTB,KTB-KONTOOR BRANDS INC-2023.pdf,data/01_raw/sustainability/KTB/KTB-KONTOOR BRANDS INC-2023.pdf,8626698,2026-07-13T10:13:55.489342+00:00,833d99e8649ded87eb9db3417b78fa0b6560f6a5884046f2df895a3c136d91e1,raw,data/01_raw/sustainability/KTB/KTB-KONTOOR BRANDS INC-2023.pdf,8626698,2026-07-13T10:13:55.489342+00:00,833d99e8649ded87eb9db3417b78fa0b6560f6a5884046f2df895a3c136d91e1,data/02_interim/esg_text/KTB/KTB-KONTOOR BRANDS INC-2023.txt,data/02_interim/esg_text/KTB/KTB-KONTOOR BRANDS INC-2023.pages.csv,parsed,,24,58352,32,a8f05463654b7c8000be90d140087f0db979fc125de7dbb147ed5dd3321fb7ca,2026-07-13T11:35:57.043128+00:00,,False,6740,0.805,2431.3,0,KTB-KONTOOR BRANDS INC-2023,12,58343,0,0,32,445.5625,578,20.564847820126133,4862.666666666667
KTB,KTB-KONTOOR BRANDS INC-2024.pdf,data/01_raw/sustainability/KTB/KTB-KONTOOR BRANDS INC-2024.pdf,16473189,2026-07-13T10:14:03.600015+00:00,0b31448dc1cd1ebc316579733eafc80a69e50a6e92743b6b04f4b1ab992e310e,raw,data/01_raw/sustainability/KTB/KTB-KONTOOR BRANDS INC-2024.pdf,16473189,2026-07-13T10:14:03.600015+00:00,0b31448dc1cd1ebc316579733eafc80a69e50a6e92743b6b04f4b1ab992e310e,data/02_interim/esg_text/KTB/KTB-KONTOOR BRANDS INC-2024.txt,data/02_interim/esg_text/KTB/KTB-KONTOOR BRANDS INC-2024.pages.csv,parsed,,61,137198,24,9b3fe3adb4f1142a9c20f178b2f483848c203b7ac966c446f0eb6334f5f35132,2026-07-13T11:36:00.956351+00:00,,False,16018,0.8256,2249.1,0,KTB-KONTOOR BRANDS INC-2024,10,137025,0,0,65,481.32307692307694,579,7.288735987405064,13719.8
LAD,LAD-LITHIA MOTORS INC -CL A-2021.pdf,data/01_raw/sustainability/LAD/LAD-LITHIA MOTORS INC -CL A-2021.pdf,6304308,2026-07-13T10:14:07.718553+00:00,5a086af27401576225bae19bb95e3056fc0853cc291d6609501237e4ea7724ad,raw,data/01_raw/sustainability/LAD/LAD-LITHIA MOTORS INC -CL A-2021.pdf,6304308,2026-07-13T10:14:07.718553+00:00,5a086af27401576225bae19bb95e3056fc0853cc291d6609501237e4ea7724ad,data/02_interim/esg_text/LAD/LAD-LITHIA MOTORS INC -CL A-2021.txt,data/02_interim/esg_text/LAD/LAD-LITHIA MOTORS INC -CL A-2021.pages.csv,parsed,,41,50490,29,6a738725fc9ad8689c68dac0a0cf0c14388b200e4a3ffe6359c38c654e98bb30,2026-07-13T11:36:01.103235+00:00,,False,5677,0.7488,1231.5,0,LAD-LITHIA MOTORS INC -CL A-2021,11,50437,1,0,31,433.8709677419355,578,21.78649237472767,4590.0
LAD,LAD-LITHIA MOTORS INC -CL A-2022.pdf,data/01_raw/sustainability/LAD/LAD-LITHIA MOTORS INC -CL A-2022.pdf,9411438,2026-07-13T10:14:12.617845+00:00,afded6d5d5ca47300ad8085cad41c2420360bb36718e1bcad747efcef3f60940,raw,data/01_raw/sustainability/LAD/LAD-LITHIA MOTORS INC -CL A-2022.pdf,9411438,2026-07-13T10:14:12.617845+00:00,afded6d5d5ca47300ad8085cad41c2420360bb36718e1bcad747efcef3f60940,data/02_interim/esg_text/LAD/LAD-LITHIA MOTORS INC -CL A-2022.txt,data/02_interim/esg_text/LAD/LAD-LITHIA MOTORS INC -CL A-2022.pages.csv,parsed,,39,54237,119,5bd4fa84ab85d354cacaa62250d75ac0eb586f6c3e1eeea12e5de3ce1345b5e9,2026-07-13T11:36:01.407246+00:00,,False,6316,0.7632,1390.7,0,LAD-LITHIA MOTORS INC -CL A-2022,10,54209,0,0,29,463.2758620689655,597,18.437597949739107,5423.7
LAD,LAD-LITHIA MOTORS INC -CL A-2023.pdf,data/01_raw/sustainability/LAD/LAD-LITHIA MOTORS INC -CL A-2023.pdf,6966010,2026-07-13T10:14:16.165754+00:00,5d188bd49595ba34bf30bdec588a8f4dce38c44c1ca067cc1f48f036cdc427b1,raw,data/01_raw/sustainability/LAD/LAD-LITHIA MOTORS INC -CL A-2023.pdf,6966010,2026-07-13T10:14:16.165754+00:00,5d188bd49595ba34bf30bdec588a8f4dce38c44c1ca067cc1f48f036cdc427b1,data/02_interim/esg_text/LAD/LAD-LITHIA MOTORS INC -CL A-2023.txt,data/02_interim/esg_text/LAD/LAD-LITHIA MOTORS INC -CL A-2023.pages.csv,parsed,,15,25793,20,53cefc4be25fdd30ca2556d4df55d8de81ca00ad51e45b39751c23f68e1c313f,2026-07-13T11:36:03.356015+00:00,,False,3110,0.8236,1719.5,0,LAD-LITHIA MOTORS INC -CL A-2023,4,25719,0,0,13,456.38461538461536,500,15.508083588570543,6448.25
LAD,LAD-LITHIA MOTORS INC -CL A-2024.pdf,data/01_raw/sustainability/LAD/LAD-LITHIA MOTORS INC -CL A-2024.pdf,6956113,2026-07-13T10:14:17.798359+00:00,a7873f9375f48f4f60766d564ddcc1e27cda0647f829cfa9333d43fc64a50aab,raw,data/01_raw/sustainability/LAD/LAD-LITHIA MOTORS INC -CL A-2024.pdf,6956113,2026-07-13T10:14:17.798359+00:00,a7873f9375f48f4f60766d564ddcc1e27cda0647f829cfa9333d43fc64a50aab,data/02_interim/esg_text/LAD/LAD-LITHIA MOTORS INC -CL A-2024.txt,data/02_interim/esg_text/LAD/LAD-LITHIA MOTORS INC -CL A-2024.pages.csv,parsed,,41,95578,74,ffcd165f455db56f660f732cbb292c7c2c9f5fb6cacf15d943b4fee397bf93ba,2026-07-13T11:36:07.256820+00:00,,False,10846,0.8165,2331.2,0,LAD-LITHIA MOTORS INC -CL A-2024,12,95530,0,0,46,469.10869565217394,583,12.555190525016217,7964.833333333333
LAD,LAD-LITHIA MOTORS INC -CL A-2025.pdf,data/01_raw/sustainability/LAD/LAD-LITHIA MOTORS INC -CL A-2025.pdf,8600984,2026-07-13T10:14:22.839902+00:00,44d17a9c4b851e3b2f37cc2c4b307394f6515a9b441c8ddf192c63e072dd768e,raw,data/01_raw/sustainability/LAD/LAD-LITHIA MOTORS INC -CL A-2025.pdf,8600984,2026-07-13T10:14:22.839902+00:00,44d17a9c4b851e3b2f37cc2c4b307394f6515a9b441c8ddf192c63e072dd768e,data/02_interim/esg_text/LAD/LAD-LITHIA MOTORS INC -CL A-2025.txt,data/02_interim/esg_text/LAD/LAD-LITHIA MOTORS INC -CL A-2025.pages.csv,parsed,,53,131469,82,26cd12b355852e119c4ea5ef9b6a2bd89fcba2b3927b1ff5c714e9a8687822f1,2026-07-13T11:36:07.986994+00:00,,False,15089,0.8144,2480.5,0,LAD-LITHIA MOTORS INC -CL A-2025,11,131445,0,0,66,474.22727272727275,589,8.366991458062357,11951.727272727272
LE,LE-Lands End-2024.pdf,data/01_raw/sustainability/LE/LE-Lands End-2024.pdf,4818589,2026-07-13T10:14:26.679846+00:00,b3bc27493dda6422c6d3139a195a2d417af93ae878929ce6cf3a00adf9806e31,raw,data/01_raw/sustainability/LE/LE-Lands End-2024.pdf,4818589,2026-07-13T10:14:26.679846+00:00,b3bc27493dda6422c6d3139a195a2d417af93ae878929ce6cf3a00adf9806e31,data/02_interim/esg_text/LE/LE-Lands End-2024.txt,data/02_interim/esg_text/LE/LE-Lands End-2024.pages.csv,parsed,,57,118239,96,a3cb9434d2a46fb34a6ed1277b434883aa6589d6e30a3423cdec04c9d151fe19,2026-07-13T11:36:12.996242+00:00,,False,13415,0.7756,2074.4,0,LE-Lands End-2024,13,117952,0,0,64,466.671875,566,10.994680266240412,9095.307692307691
LEG,LEG-LEGGETT & PLATT INC-2021.pdf,data/01_raw/sustainability/LEG/LEG-LEGGETT & PLATT INC-2021.pdf,2219791,2026-07-13T10:14:29.446227+00:00,b61d0327dd60f99738e3c942ff5ff6411e4992e6de5a05d653e58d900597b07c,raw,data/01_raw/sustainability/LEG/LEG-LEGGETT & PLATT INC-2021.pdf,2219791,2026-07-13T10:14:29.446227+00:00,b61d0327dd60f99738e3c942ff5ff6411e4992e6de5a05d653e58d900597b07c,data/02_interim/esg_text/LEG/LEG-LEGGETT & PLATT INC-2021.txt,data/02_interim/esg_text/LEG/LEG-LEGGETT & PLATT INC-2021.pages.csv,parsed,,37,69944,2,d4cb8450f33d8a4b918968197b7db0e725ea001a135543979aabee283516e525,2026-07-13T11:36:07.526072+00:00,,False,8203,0.8259,1890.4,0,LEG-LEGGETT & PLATT INC-2021,13,69924,0,0,32,467.03125,548,18.586297609516187,5380.307692307692
LEG,LEG-LEGGETT & PLATT INC-2022.pdf,data/01_raw/sustainability/LEG/LEG-LEGGETT & PLATT INC-2022.pdf,3350412,2026-07-13T10:14:33.297553+00:00,986cd3437caeb9c5061562f8ed8463d85154b5b95ce0b2f8a45f14983ed1414e,raw,data/01_raw/sustainability/LEG/LEG-LEGGETT & PLATT INC-2022.pdf,3350412,2026-07-13T10:14:33.297553+00:00,986cd3437caeb9c5061562f8ed8463d85154b5b95ce0b2f8a45f14983ed1414e,data/02_interim/esg_text/LEG/LEG-LEGGETT & PLATT INC-2022.txt,data/02_interim/esg_text/LEG/LEG-LEGGETT & PLATT INC-2022.pages.csv,parsed,,49,102580,7,2889d333a3571c68688838804fe67ed9c51fc6a7c5e8e5e937427bf34c291787,2026-07-13T11:36:12.981534+00:00,,False,11934,0.8187,2093.5,0,LEG-LEGGETT & PLATT INC-2022,13,102548,0,0,48,471.3125,591,12.673035679469681,7890.7692307692305
LEG,LEG-LEGGETT & PLATT INC-2023.pdf,data/01_raw/sustainability/LEG/LEG-LEGGETT & PLATT INC-2023.pdf,2533155,2026-07-13T10:14:36.977382+00:00,ac21acf44f02e8b30f53e42674f97e4302c3f71a377d08fabd5d1e650ee92010,raw,data/01_raw/sustainability/LEG/LEG-LEGGETT & PLATT INC-2023.pdf,2533155,2026-07-13T10:14:36.977382+00:00,ac21acf44f02e8b30f53e42674f97e4302c3f71a377d08fabd5d1e650ee92010,data/02_interim/esg_text/LEG/LEG-LEGGETT & PLATT INC-2023.txt,data/02_interim/esg_text/LEG/LEG-LEGGETT & PLATT INC-2023.pages.csv,parsed,,59,131146,15,8841300e032ad36972a3ce24220acaffa047243b970ff0f6a26a8a0d997c3d25,2026-07-13T11:36:15.263989+00:00,,False,15172,0.8109,2222.8,0,LEG-LEGGETT & PLATT INC-2023,14,131108,0,0,63,461.968253968254,556,10.675125432723835,9367.57142857143
LEG,LEG-LEGGETT & PLATT INC-2024.pdf,data/01_raw/sustainability/LEG/LEG-LEGGETT & PLATT INC-2024.pdf,8051958,2026-07-13T10:14:39.559611+00:00,356b20898d3a01c034a3ca399b9c36b3524bcbc1f123f5aa20fcb662889a128b,raw,data/01_raw/sustainability/LEG/LEG-LEGGETT & PLATT INC-2024.pdf,8051958,2026-07-13T10:14:39.559611+00:00,356b20898d3a01c034a3ca399b9c36b3524bcbc1f123f5aa20fcb662889a128b,data/02_interim/esg_text/LEG/LEG-LEGGETT & PLATT INC-2024.txt,data/02_interim/esg_text/LEG/LEG-LEGGETT & PLATT INC-2024.pages.csv,parsed,,71,151383,39,9e6bbdc698dfcfe49f100726f90288ceb09a84b92f1ab29f3d92b7eb96f6411e,2026-07-13T11:36:18.375407+00:00,,False,17376,0.8082,2132.2,0,LEG-LEGGETT & PLATT INC-2024,16,151426,0,0,75,481.81333333333333,578,10.569218472351585,9461.4375
LEG,LEG-LEGGETT & PLATT INC-2025.pdf,data/01_raw/sustainability/LEG/LEG-LEGGETT & PLATT INC-2025.pdf,1340423,2026-07-13T10:14:42.235621+00:00,937485f91b6cc266fbb5530e465c3217b9f21a98c251da812f98847a1e6252cc,raw,data/01_raw/sustainability/LEG/LEG-LEGGETT & PLATT INC-2025.pdf,1340423,2026-07-13T10:14:42.235621+00:00,937485f91b6cc266fbb5530e465c3217b9f21a98c251da812f98847a1e6252cc,data/02_interim/esg_text/LEG/LEG-LEGGETT & PLATT INC-2025.txt,data/02_interim/esg_text/LEG/LEG-LEGGETT & PLATT INC-2025.pages.csv,parsed,,56,105088,24,15d0b098ae0ca6d289da4e9137538ec9f48d4541c0a72378c24b9ce5a013cb55,2026-07-13T11:36:17.270903+00:00,,False,11076,0.7866,1876.6,0,LEG-LEGGETT & PLATT INC-2025,15,105120,0,0,54,437.75925925925924,500,14.273751522533496,7005.866666666667
LESL,LESL-LESLIE'S INC-2021.pdf,data/01_raw/sustainability/LESL/LESL-LESLIE'S INC-2021.pdf,11920143,2026-07-13T10:14:46.501385+00:00,3ae94a2f390b7fafbec7be488f08e3070a30b6be6d23f542db1e52f94b86d23f,raw,data/01_raw/sustainability/LESL/LESL-LESLIE'S INC-2021.pdf,11920143,2026-07-13T10:14:46.501385+00:00,3ae94a2f390b7fafbec7be488f08e3070a30b6be6d23f542db1e52f94b86d23f,data/02_interim/esg_text/LESL/LESL-LESLIE'S INC-2021.txt,data/02_interim/esg_text/LESL/LESL-LESLIE'S INC-2021.pages.csv,parsed,,45,95114,67,d759560bd01581a3b708ca50906334074df289782eb8258d6dab66cc10fa7547,2026-07-13T11:36:17.978877+00:00,,False,11128,0.8159,2113.6,0,LESL-LESLIE'S INC-2021,14,95319,0,0,52,459.5192307692308,589,14.719179090354732,6793.857142857143
LESL,LESL-LESLIE'S INC-2022.pdf,data/01_raw/sustainability/LESL/LESL-LESLIE'S INC-2022.pdf,3339333,2026-07-13T10:14:48.563433+00:00,46a1f8fd5cb735ad8e8f1be5ea5614a6fcc2d7604e1cf22fc9209e26fa35aa9f,raw,data/01_raw/sustainability/LESL/LESL-LESLIE'S INC-2022.pdf,3339333,2026-07-13T10:14:48.563433+00:00,46a1f8fd5cb735ad8e8f1be5ea5614a6fcc2d7604e1cf22fc9209e26fa35aa9f,data/02_interim/esg_text/LESL/LESL-LESLIE'S INC-2022.txt,data/02_interim/esg_text/LESL/LESL-LESLIE'S INC-2022.pages.csv,parsed,,27,55282,40,3f09a52f3210dda48e18fa569e66314936a50ad4dc1e56641dafd79fa7984c8a,2026-07-13T11:36:18.407773+00:00,,False,6336,0.7928,2047.5,0,LESL-LESLIE'S INC-2022,12,55349,0,0,29,456.6896551724138,569,21.7068847002641,4606.833333333333
LESL,LESL-LESLIE'S INC-2023.pdf,data/01_raw/sustainability/LESL/LESL-LESLIE'S INC-2023.pdf,3301061,2026-07-13T10:14:50.636815+00:00,e0ccd332183ee11433d6d74e82bb3f04a4c2e64e55ae909a7bd842985146b41f,raw,data/01_raw/sustainability/LESL/LESL-LESLIE'S INC-2023.pdf,3301061,2026-07-13T10:14:50.636815+00:00,e0ccd332183ee11433d6d74e82bb3f04a4c2e64e55ae909a7bd842985146b41f,data/02_interim/esg_text/LESL/LESL-LESLIE'S INC-2023.txt,data/02_interim/esg_text/LESL/LESL-LESLIE'S INC-2023.pages.csv,parsed,,30,63064,33,13cfe88d36bbd5267d3430fb94fd2a818dbae54157ae20b6889a3cb22928cbb4,2026-07-13T11:36:20.485536+00:00,,False,7238,0.7967,2102.1,0,LESL-LESLIE'S INC-2023,13,63119,0,0,32,454.5625,586,20.61397944944818,4851.076923076923
LESL,LESL-LESLIE'S INC-2024.pdf,data/01_raw/sustainability/LESL/LESL-LESLIE'S INC-2024.pdf,10936421,2026-07-13T10:14:55.018357+00:00,0a679616150650edb915bfdeca74dfa082fd14e4a7b49ec4d8e5a063feefc9dc,raw,data/01_raw/sustainability/LESL/LESL-LESLIE'S INC-2024.pdf,10936421,2026-07-13T10:14:55.018357+00:00,0a679616150650edb915bfdeca74dfa082fd14e4a7b49ec4d8e5a063feefc9dc,data/02_interim/esg_text/LESL/LESL-LESLIE'S INC-2024.txt,data/02_interim/esg_text/LESL/LESL-LESLIE'S INC-2024.pages.csv,parsed,,26,65920,16,88a3d2753e0ec58b69174ec7d827add30858782a3656f4af46317ea1fecdd19b,2026-07-13T11:36:21.897961+00:00,,False,7506,0.8053,2535.4,0,LESL-LESLIE'S INC-2024,14,65974,1,0,34,444.29411764705884,563,21.237864077669904,4708.571428571428
LEVI,LEVI-LEVI STRAUSS & CO-2021.pdf,data/01_raw/sustainability/LEVI/LEVI-LEVI STRAUSS & CO-2021.pdf,72837070,2026-07-13T10:15:04.054222+00:00,b682055eff20d0138d40d2c168d18b9d234e3788ef8b85bbae70a30ba455c4a4,raw,data/01_raw/sustainability/LEVI/LEVI-LEVI STRAUSS & CO-2021.pdf,72837070,2026-07-13T10:15:04.054222+00:00,b682055eff20d0138d40d2c168d18b9d234e3788ef8b85bbae70a30ba455c4a4,data/02_interim/esg_text/LEVI/LEVI-LEVI STRAUSS & CO-2021.txt,data/02_interim/esg_text/LEVI/LEVI-LEVI STRAUSS & CO-2021.pages.csv,parsed,,265,401283,66,3d42508cab5ddc48fc1f3e35abb5118b7f54f81a39f942eff301f466230bdc88,2026-07-13T11:36:33.631569+00:00,,False,48374,0.8038,1514.3,0,LEVI-LEVI STRAUSS & CO-2021,17,401634,0,0,190,483.0842105263158,519,4.236411709441965,23604.882352941175
LEVI,LEVI-LEVI STRAUSS & CO-2022.pdf,data/01_raw/sustainability/LEVI/LEVI-LEVI STRAUSS & CO-2022.pdf,1904951,2026-07-13T10:15:06.979190+00:00,c4da833b88544f4b5e4dd8a8412afd9f9ac38754ec7c28efded13f6737beade3,raw,data/01_raw/sustainability/LEVI/LEVI-LEVI STRAUSS & CO-2022.pdf,1904951,2026-07-13T10:15:06.979190+00:00,c4da833b88544f4b5e4dd8a8412afd9f9ac38754ec7c28efded13f6737beade3,data/02_interim/esg_text/LEVI/LEVI-LEVI STRAUSS & CO-2022.txt,data/02_interim/esg_text/LEVI/LEVI-LEVI STRAUSS & CO-2022.pages.csv,parsed,,27,51901,6,0ee4da5bb0d4f01d6874dc1666ba72d7f2123840ddec0ade95a74e1f63677a63,2026-07-13T11:36:21.049340+00:00,,False,5957,0.7769,1922.3,0,LEVI-LEVI STRAUSS & CO-2022,12,51894,1,0,27,440.7037037037037,508,23.120941793029036,4325.083333333333
LEVI,LEVI-LEVI STRAUSS & CO-2023.pdf,data/01_raw/sustainability/LEVI/LEVI-LEVI STRAUSS & CO-2023.pdf,387628,2026-07-13T10:15:08.033542+00:00,d48332c5f9d005b13a7bace3ac1443e9fe124516d78f234f478088d4f4ba85ea,raw,data/01_raw/sustainability/LEVI/LEVI-LEVI STRAUSS & CO-2023.pdf,387628,2026-07-13T10:15:08.033542+00:00,d48332c5f9d005b13a7bace3ac1443e9fe124516d78f234f478088d4f4ba85ea,data/02_interim/esg_text/LEVI/LEVI-LEVI STRAUSS & CO-2023.txt,data/02_interim/esg_text/LEVI/LEVI-LEVI STRAUSS & CO-2023.pages.csv,parsed,,16,46828,53,d00529ee2591d482b4c11de54c8808bca8e317f9653d784426220918263df0e3,2026-07-13T11:36:23.785716+00:00,,False,4988,0.7478,2926.8,0,LEVI-LEVI STRAUSS & CO-2023,8,46663,0,0,25,457.48,592,17.08379601947553,5853.5
LEVI,LEVI-LEVI STRAUSS & CO-2024.pdf,data/01_raw/sustainability/LEVI/LEVI-LEVI STRAUSS & CO-2024.pdf,316458,2026-07-13T10:15:09.366144+00:00,98e328d7b891ebda7683787e37ae11a8f82399e079ed21300000daf662c712c9,raw,data/01_raw/sustainability/LEVI/LEVI-LEVI STRAUSS & CO-2024.pdf,316458,2026-07-13T10:15:09.366144+00:00,98e328d7b891ebda7683787e37ae11a8f82399e079ed21300000daf662c712c9,data/02_interim/esg_text/LEVI/LEVI-LEVI STRAUSS & CO-2024.txt,data/02_interim/esg_text/LEVI/LEVI-LEVI STRAUSS & CO-2024.pages.csv,parsed,,25,83651,56,7da40ef0d4ff0ba006395519d8a6a0f1b1a52369618f967433728f5766d7da0f,2026-07-13T11:36:25.306612+00:00,,False,9267,0.6834,3346.0,0,LEVI-LEVI STRAUSS & CO-2024,11,83582,0,0,42,483.3095238095238,576,13.149872685323547,7604.636363636364
LOVE,LOVE-LOVESAC CO (THE)-2021.pdf,data/01_raw/sustainability/LOVE/LOVE-LOVESAC CO (THE)-2021.pdf,1664092,2026-07-13T10:15:11.566076+00:00,7e8147e05b832b7de19ba43a9d6ae6f5f9e0ece745ddc3489376183ae4e646e9,raw,data/01_raw/sustainability/LOVE/LOVE-LOVESAC CO (THE)-2021.pdf,1664092,2026-07-13T10:15:11.566076+00:00,7e8147e05b832b7de19ba43a9d6ae6f5f9e0ece745ddc3489376183ae4e646e9,data/02_interim/esg_text/LOVE/LOVE-LOVESAC CO (THE)-2021.txt,data/02_interim/esg_text/LOVE/LOVE-LOVESAC CO (THE)-2021.pages.csv,parsed,,27,49820,31,0e754c62624440fea5955a32f480d254c8f8d30c822e13627706c0750012494d,2026-07-13T11:36:24.677733+00:00,,False,6212,0.8002,1845.2,0,LOVE-LOVESAC CO (THE)-2021,9,49782,0,0,27,440.18518518518516,526,18.06503412284223,5535.555555555556
LOVE,LOVE-LOVESAC CO (THE)-2022.pdf,data/01_raw/sustainability/LOVE/LOVE-LOVESAC CO (THE)-2022.pdf,45309,2026-07-13T10:15:12.700750+00:00,75b4d099b27f25427b39514330323b3521d4b81896f3ae4de0c43e4b29618c84,raw,data/01_raw/sustainability/LOVE/LOVE-LOVESAC CO (THE)-2022.pdf,45309,2026-07-13T10:15:12.700750+00:00,75b4d099b27f25427b39514330323b3521d4b81896f3ae4de0c43e4b29618c84,data/02_interim/esg_text/LOVE/LOVE-LOVESAC CO (THE)-2022.txt,data/02_interim/esg_text/LOVE/LOVE-LOVESAC CO (THE)-2022.pages.csv,parsed,,3,6195,0,f183d1fbe96ad95681b79f5e0546badb1512dbfc29bd8ecef67e1a1a7f508d7a,2026-07-13T11:36:25.016745+00:00,,False,757,0.8506,2065.0,0,LOVE-LOVESAC CO (THE)-2022,1,6195,1,1,3,478.6666666666667,500,16.142050040355127,6195.0
LOVE,LOVE-LOVESAC CO (THE)-2023.pdf,data/01_raw/sustainability/LOVE/LOVE-LOVESAC CO (THE)-2023.pdf,12422491,2026-07-13T10:15:15.549469+00:00,5e537a0a1bb2af0df9e3e45b9a298d227663d7cf7ef2c53f21b994fa68d45cc8,raw,data/01_raw/sustainability/LOVE/LOVE-LOVESAC CO (THE)-2023.pdf,12422491,2026-07-13T10:15:15.549469+00:00,5e537a0a1bb2af0df9e3e45b9a298d227663d7cf7ef2c53f21b994fa68d45cc8,data/02_interim/esg_text/LOVE/LOVE-LOVESAC CO (THE)-2023.txt,data/02_interim/esg_text/LOVE/LOVE-LOVESAC CO (THE)-2023.pages.csv,parsed,,53,132062,40,21657a44727cffc473a3d36361df4c435372071be154d5931eca5de20cc12733,2026-07-13T11:36:40.914978+00:00,,False,15576,0.7991,2491.7,0,LOVE-LOVESAC CO (THE)-2023,13,132050,0,0,67,471.97014925373134,551,9.843861216701248,10158.615384615385
LOVE,LOVE-LOVESAC CO (THE)-2024.pdf,data/01_raw/sustainability/LOVE/LOVE-LOVESAC CO (THE)-2024.pdf,10903336,2026-07-13T10:15:18.461775+00:00,e7cf6fbd0dd18f87846cb419211fb771ebcbb5d66ebdae52424543afcd61995e,raw,data/01_raw/sustainability/LOVE/LOVE-LOVESAC CO (THE)-2024.pdf,10903336,2026-07-13T10:15:18.461775+00:00,e7cf6fbd0dd18f87846cb419211fb771ebcbb5d66ebdae52424543afcd61995e,data/02_interim/esg_text/LOVE/LOVE-LOVESAC CO (THE)-2024.txt,data/02_interim/esg_text/LOVE/LOVE-LOVESAC CO (THE)-2024.pages.csv,parsed,,56,138389,48,403ec321e831c392d774f82b7fc77935172c396a487da708f99b74c5d4f0f3b5,2026-07-13T11:36:36.748333+00:00,,False,16259,0.8011,2471.2,0,LOVE-LOVESAC CO (THE)-2024,15,138426,0,0,69,474.71014492753625,590,10.839011771166783,9225.933333333332
LOVE,LOVE-LOVESAC CO (THE)-2025.pdf,data/01_raw/sustainability/LOVE/LOVE-LOVESAC CO (THE)-2025.pdf,8165524,2026-07-13T10:15:21.958136+00:00,ea0e83ad87bb3b3b639edd209e94ad46716eb9b170455160fdf5b5e2da356aff,raw,data/01_raw/sustainability/LOVE/LOVE-LOVESAC CO (THE)-2025.pdf,8165524,2026-07-13T10:15:21.958136+00:00,ea0e83ad87bb3b3b639edd209e94ad46716eb9b170455160fdf5b5e2da356aff,data/02_interim/esg_text/LOVE/LOVE-LOVESAC CO (THE)-2025.txt,data/02_interim/esg_text/LOVE/LOVE-LOVESAC CO (THE)-2025.pages.csv,parsed,,64,162458,46,6293b9ed3ccf99cebc08a23dde0beb96f30b01dafffbf72550c5755717c32d72,2026-07-13T11:36:34.885376+00:00,,False,19194,0.8119,2538.4,0,LOVE-LOVESAC CO (THE)-2025,15,162521,0,0,80,478.375,575,9.23315564638245,10830.533333333333
LOW,LOW-LOWE'S COS INC-2021.pdf,data/01_raw/sustainability/LOW/LOW-LOWE'S COS INC-2021.pdf,6250222,2026-07-13T10:15:24.791346+00:00,c5d637090c64138668dd54970c5adde683effdf88c0dcc958705f84c3ffef8b8,raw,data/01_raw/sustainability/LOW/LOW-LOWE'S COS INC-2021.pdf,6250222,2026-07-13T10:15:24.791346+00:00,c5d637090c64138668dd54970c5adde683effdf88c0dcc958705f84c3ffef8b8,data/02_interim/esg_text/LOW/LOW-LOWE'S COS INC-2021.txt,data/02_interim/esg_text/LOW/LOW-LOWE'S COS INC-2021.pages.csv,parsed,,66,189322,59,1802dedc150e6b0a400dcadfa8c18ab9f59dc46dd065c8e2590d9762e468f38a,2026-07-13T11:37:00.663864+00:00,,False,21638,0.812,2868.5,0,LOW-LOWE'S COS INC-2021,13,189204,0,0,93,481.19354838709677,584,6.866608212463422,14563.23076923077
LOW,LOW-LOWE'S COS INC-2022.pdf,data/01_raw/sustainability/LOW/LOW-LOWE'S COS INC-2022.pdf,7447821,2026-07-13T10:15:27.100931+00:00,63b4444c5a6eead24ebf21e7040626a4b5c8d5d0e634e169f123920ca43eb5f5,raw,data/01_raw/sustainability/LOW/LOW-LOWE'S COS INC-2022.pdf,7447821,2026-07-13T10:15:27.100931+00:00,63b4444c5a6eead24ebf21e7040626a4b5c8d5d0e634e169f123920ca43eb5f5,data/02_interim/esg_text/LOW/LOW-LOWE'S COS INC-2022.txt,data/02_interim/esg_text/LOW/LOW-LOWE'S COS INC-2022.pages.csv,parsed,,60,168817,168,3888dd9d01ea0aeab679b7ce3ad7bc09d2da9b0fe904dcc65d91e5423f0e7d56,2026-07-13T11:36:49.419481+00:00,,False,18876,0.8083,2813.6,0,LOW-LOWE'S COS INC-2022,12,168625,0,0,80,493.7375,592,7.108288857164859,14068.083333333334
LOW,LOW-LOWE'S COS INC-2023.pdf,data/01_raw/sustainability/LOW/LOW-LOWE'S COS INC-2023.pdf,13177869,2026-07-13T10:15:36.178382+00:00,3b3f691c328c02e07666fdb28117b0ac967fd1c141e7cd5a68237b4466486e2d,raw,data/01_raw/sustainability/LOW/LOW-LOWE'S COS INC-2023.pdf,13177869,2026-07-13T10:15:36.178382+00:00,3b3f691c328c02e07666fdb28117b0ac967fd1c141e7cd5a68237b4466486e2d,data/02_interim/esg_text/LOW/LOW-LOWE'S COS INC-2023.txt,data/02_interim/esg_text/LOW/LOW-LOWE'S COS INC-2023.pages.csv,parsed,,59,177325,147,a0b0b7d46a57f0b7574c98317de7cd8fbe40595236dfd9bba792358dc1efa6a4,2026-07-13T11:37:47.030537+00:00,,False,19643,0.8057,3005.5,0,LOW-LOWE'S COS INC-2023,15,177236,0,0,91,483.85714285714283,555,8.459044128013534,11821.666666666666
LOW,LOW-LOWE'S COS INC-2024.pdf,data/01_raw/sustainability/LOW/LOW-LOWE'S COS INC-2024.pdf,15078961,2026-07-13T10:15:53.069812+00:00,52611589578ef621ca413aa44e39bf049e153db588ecc71272673a6f9d108f8d,raw,data/01_raw/sustainability/LOW/LOW-LOWE'S COS INC-2024.pdf,15078961,2026-07-13T10:15:53.069812+00:00,52611589578ef621ca413aa44e39bf049e153db588ecc71272673a6f9d108f8d,data/02_interim/esg_text/LOW/LOW-LOWE'S COS INC-2024.txt,data/02_interim/esg_text/LOW/LOW-LOWE'S COS INC-2024.pages.csv,parsed,,60,187539,61,26377e8f340aa2650effba54239dacb08c95a6080ecdffd6d9838fa14d2ae45f,2026-07-13T11:37:03.294500+00:00,,False,21235,0.8057,3125.7,0,LOW-LOWE'S COS INC-2024,14,187467,0,0,94,477.02127659574467,546,7.465113922970689,13395.642857142857
LULU,LULU-LULULEMON ATHLETICA INC-2021.pdf,data/01_raw/sustainability/LULU/LULU-LULULEMON ATHLETICA INC-2021.pdf,7422604,2026-07-13T10:15:55.571224+00:00,f7ee81a1bede76e8308b0fa3907769e58fe1f342c44e345178560c80fa2dab3f,raw,data/01_raw/sustainability/LULU/LULU-LULULEMON ATHLETICA INC-2021.pdf,7422604,2026-07-13T10:15:55.571224+00:00,f7ee81a1bede76e8308b0fa3907769e58fe1f342c44e345178560c80fa2dab3f,data/02_interim/esg_text/LULU/LULU-LULULEMON ATHLETICA INC-2021.txt,data/02_interim/esg_text/LULU/LULU-LULULEMON ATHLETICA INC-2021.pages.csv,parsed,,79,207027,30,0a70eab6b20036f5b575ff4eba0661ee3ffa0ac2bd04f3d8aa893ced53fb4f79,2026-07-13T11:37:04.826829+00:00,,False,22826,0.681,2620.6,0,LULU-LULULEMON ATHLETICA INC-2021,16,207114,0,0,122,487.57377049180326,593,7.728460538963517,12939.1875
LULU,LULU-LULULEMON ATHLETICA INC-2022.pdf,data/01_raw/sustainability/LULU/LULU-LULULEMON ATHLETICA INC-2022.pdf,9434749,2026-07-13T10:16:00.407069+00:00,8bde5ff8a8ce8fe15fdb437a9b4490921ea778f2f0ba048feb5e1339b3cda6a2,raw,data/01_raw/sustainability/LULU/LULU-LULULEMON ATHLETICA INC-2022.pdf,9434749,2026-07-13T10:16:00.407069+00:00,8bde5ff8a8ce8fe15fdb437a9b4490921ea778f2f0ba048feb5e1339b3cda6a2,data/02_interim/esg_text/LULU/LULU-LULULEMON ATHLETICA INC-2022.txt,data/02_interim/esg_text/LULU/LULU-LULULEMON ATHLETICA INC-2022.pages.csv,parsed,,93,234028,6,8141a5023c41cc72adbe25b7e2ef107da622d87b2a14500a85b1e75dae5c3b17,2026-07-13T11:37:14.765669+00:00,,False,27219,0.784,2516.4,1,LULU-LULULEMON ATHLETICA INC-2022,16,234223,0,0,116,483.9568965517241,568,6.836788760319279,14626.75
LULU,LULU-LULULEMON ATHLETICA INC-2024.pdf,data/01_raw/sustainability/LULU/LULU-LULULEMON ATHLETICA INC-2024.pdf,18550040,2026-07-13T10:16:03.673785+00:00,ac200ad08b3a53e4cbfbe1dadbb4daa00e7b5077806c5f254634e77d9a6222fa,raw,data/01_raw/sustainability/LULU/LULU-LULULEMON ATHLETICA INC-2024.pdf,18550040,2026-07-13T10:16:03.673785+00:00,ac200ad08b3a53e4cbfbe1dadbb4daa00e7b5077806c5f254634e77d9a6222fa,data/02_interim/esg_text/LULU/LULU-LULULEMON ATHLETICA INC-2024.txt,data/02_interim/esg_text/LULU/LULU-LULULEMON ATHLETICA INC-2024.pages.csv,parsed,,35,140539,13,c3bd3e966f7c1f3d7a0eed01db504aa30aa0192c37ee6873a3a11f6a90851df0,2026-07-13T11:37:12.616649+00:00,,False,16532,0.7971,4015.4,0,LULU-LULULEMON ATHLETICA INC-2024,14,140494,0,0,72,462.9583333333333,500,9.96164765652239,10038.5
LZB,LZB-LA-Z-BOY INC-2021.pdf,data/01_raw/sustainability/LZB/LZB-LA-Z-BOY INC-2021.pdf,7305185,2026-07-13T10:16:07.558198+00:00,b6af49b7dbc05adb229903768c459eab3a707f75771564ba42b41b526e0bc8a5,raw,data/01_raw/sustainability/LZB/LZB-LA-Z-BOY INC-2021.pdf,7305185,2026-07-13T10:16:07.558198+00:00,b6af49b7dbc05adb229903768c459eab3a707f75771564ba42b41b526e0bc8a5,data/02_interim/esg_text/LZB/LZB-LA-Z-BOY INC-2021.txt,data/02_interim/esg_text/LZB/LZB-LA-Z-BOY INC-2021.pages.csv,parsed,,38,73365,38,0fc7c699317faa0dcbdc01f7f1229d837c415a4a0f2d1fe5fc7f342e495131d6,2026-07-13T11:37:10.491401+00:00,,False,8511,0.8158,1930.7,0,LZB-LA-Z-BOY INC-2021,16,73321,0,0,44,430.70454545454544,563,21.80876439719212,4585.3125
LZB,LZB-LA-Z-BOY INC-2022.pdf,data/01_raw/sustainability/LZB/LZB-LA-Z-BOY INC-2022.pdf,8081017,2026-07-13T10:16:11.016972+00:00,3f554ef04a7461755d02d319f4d4caee2756bf368900f9dcbc81f0825481f585,raw,data/01_raw/sustainability/LZB/LZB-LA-Z-BOY INC-2022.pdf,8081017,2026-07-13T10:16:11.016972+00:00,3f554ef04a7461755d02d319f4d4caee2756bf368900f9dcbc81f0825481f585,data/02_interim/esg_text/LZB/LZB-LA-Z-BOY INC-2022.txt,data/02_interim/esg_text/LZB/LZB-LA-Z-BOY INC-2022.pages.csv,parsed,,38,73542,39,7eb916683b4a30eeccb8f3bab01ff18ad3f073074aa6a90d50a2308be9622ab2,2026-07-13T11:37:16.232842+00:00,,False,8539,0.8152,1935.3,0,LZB-LA-Z-BOY INC-2022,16,73489,0,0,43,440.90697674418607,587,21.756275325664248,4596.375
LZB,LZB-LA-Z-BOY INC-2023.pdf,data/01_raw/sustainability/LZB/LZB-LA-Z-BOY INC-2023.pdf,21157574,2026-07-13T10:16:17.204619+00:00,1b7139c408c2833d3738d8eac7ac7ba671bf67e90c00cd5461ee29da4f09f794,raw,data/01_raw/sustainability/LZB/LZB-LA-Z-BOY INC-2023.pdf,21157574,2026-07-13T10:16:17.204619+00:00,1b7139c408c2833d3738d8eac7ac7ba671bf67e90c00cd5461ee29da4f09f794,data/02_interim/esg_text/LZB/LZB-LA-Z-BOY INC-2023.txt,data/02_interim/esg_text/LZB/LZB-LA-Z-BOY INC-2023.pages.csv,parsed,,60,102899,26,2ac5f1da12805798ebf636a624c1d75407b21b9bdb6a08a52dd1ba2d0301b1bb,2026-07-13T11:37:19.277315+00:00,,False,11799,0.8083,1715.0,0,LZB-LA-Z-BOY INC-2023,14,102822,0,0,51,467.52941176470586,588,13.605574398196289,7349.928571428572
LZB,LZB-LA-Z-BOY INC-2024.pdf,data/01_raw/sustainability/LZB/LZB-LA-Z-BOY INC-2024.pdf,10089475,2026-07-13T10:16:19.730255+00:00,427f2394c948725976b01cde22d0a10ae9aba8a436e79983e4455be8239f5ace,raw,data/01_raw/sustainability/LZB/LZB-LA-Z-BOY INC-2024.pdf,10089475,2026-07-13T10:16:19.730255+00:00,427f2394c948725976b01cde22d0a10ae9aba8a436e79983e4455be8239f5ace,data/02_interim/esg_text/LZB/LZB-LA-Z-BOY INC-2024.txt,data/02_interim/esg_text/LZB/LZB-LA-Z-BOY INC-2024.pages.csv,parsed,,60,102952,16,2a331fc82a7e26a499f9a37156f70c1a58425942bd8191a5e89880cac64334be,2026-07-13T11:37:28.888061+00:00,,False,11881,0.8407,1715.9,0,LZB-LA-Z-BOY INC-2024,14,102951,0,0,52,451.0192307692308,528,13.59857020747533,7353.714285714285
LZB,LZB-LA-Z-BOY INC-2025.pdf,data/01_raw/sustainability/LZB/LZB-LA-Z-BOY INC-2025.pdf,26437642,2026-07-13T10:16:37.285795+00:00,ddd05d46a8469db117418815e46a001ce4da5b4d57556a52309e5af484b4dff7,raw,data/01_raw/sustainability/LZB/LZB-LA-Z-BOY INC-2025.pdf,26437642,2026-07-13T10:16:37.285795+00:00,ddd05d46a8469db117418815e46a001ce4da5b4d57556a52309e5af484b4dff7,data/02_interim/esg_text/LZB/LZB-LA-Z-BOY INC-2025.txt,data/02_interim/esg_text/LZB/LZB-LA-Z-BOY INC-2025.pages.csv,parsed,,33,72424,11,32d12ee60d7febe0a6fc8ce192cb31473f5623a2cceca85c41d287d66a364ae6,2026-07-13T11:37:21.226470+00:00,,False,8284,0.8063,2194.7,0,LZB-LA-Z-BOY INC-2025,14,72294,0,0,38,445.6578947368421,505,19.330608638020546,5173.142857142857
M,M-MACY'S INC-2021.pdf,data/01_raw/sustainability/M/M-MACY'S INC-2021.pdf,1976075,2026-07-13T10:16:39.070485+00:00,b26c471fb0d3b1e5098b8458de8d97a0e9ec6afc189ef91392cd71355344a75d,raw,data/01_raw/sustainability/M/M-MACY'S INC-2021.pdf,1976075,2026-07-13T10:16:39.070485+00:00,b26c471fb0d3b1e5098b8458de8d97a0e9ec6afc189ef91392cd71355344a75d,data/02_interim/esg_text/M/M-MACY'S INC-2021.txt,data/02_interim/esg_text/M/M-MACY'S INC-2021.pages.csv,parsed,,10,40979,14,7df2f097c3047c3eb64f2d2cfef8437957f292a6be90814d85c670645a9e34fb,2026-07-13T11:37:21.679442+00:00,,False,4859,0.8063,4097.9,0,M-MACY'S INC-2021,13,40977,0,0,22,449.6363636363636,566,31.723565728787914,3152.230769230769
M,M-MACY'S INC-2022.pdf,data/01_raw/sustainability/M/M-MACY'S INC-2022.pdf,11911330,2026-07-13T10:16:43.739588+00:00,f73a2f10e4edac979686a83508433de4c786849dc7983e8afd1c45c2bc06d076,raw,data/01_raw/sustainability/M/M-MACY'S INC-2022.pdf,11911330,2026-07-13T10:16:43.739588+00:00,f73a2f10e4edac979686a83508433de4c786849dc7983e8afd1c45c2bc06d076,data/02_interim/esg_text/M/M-MACY'S INC-2022.txt,data/02_interim/esg_text/M/M-MACY'S INC-2022.pages.csv,parsed,,73,131539,57,fc326f9c5fbe69236c70e3a3505654fc0383d3b68f4bf308b2829ebf5404f3ba,2026-07-13T11:37:28.502000+00:00,,False,15330,0.798,1801.9,0,M-MACY'S INC-2022,17,131592,1,0,68,458.8529411764706,581,12.923923703236301,7737.588235294118
M,M-MACY'S INC-2023.pdf,data/01_raw/sustainability/M/M-MACY'S INC-2023.pdf,16912496,2026-07-13T10:16:47.867059+00:00,dd3f2cc3ecda065b59105e9e9c9ca2ff1f57ac4d06264ba62eb4d0179ac84b6e,raw,data/01_raw/sustainability/M/M-MACY'S INC-2023.pdf,16912496,2026-07-13T10:16:47.867059+00:00,dd3f2cc3ecda065b59105e9e9c9ca2ff1f57ac4d06264ba62eb4d0179ac84b6e,data/02_interim/esg_text/M/M-MACY'S INC-2023.txt,data/02_interim/esg_text/M/M-MACY'S INC-2023.pages.csv,parsed,,118,233791,43,4af9304ad2afcd6ff2aabe9f5cfc9e2105562573f67bfeb8a7030940360bdd4a,2026-07-13T11:37:34.355988+00:00,,False,26790,0.8095,1981.3,0,M-MACY'S INC-2023,16,233403,0,0,114,488.43859649122805,597,6.843719390395696,14611.9375
M,M-MACY'S INC-2024.pdf,data/01_raw/sustainability/M/M-MACY'S INC-2024.pdf,5924157,2026-07-13T10:16:52.051289+00:00,88a1ed624d24352f33e2aac23622ab7291d11c5e5edddeeb9f6bff86ada91ffb,raw,data/01_raw/sustainability/M/M-MACY'S INC-2024.pdf,5924157,2026-07-13T10:16:52.051289+00:00,88a1ed624d24352f33e2aac23622ab7291d11c5e5edddeeb9f6bff86ada91ffb,data/02_interim/esg_text/M/M-MACY'S INC-2024.txt,data/02_interim/esg_text/M/M-MACY'S INC-2024.pages.csv,parsed,,75,157786,6,9062ca2e65ca2c1769059ee2c9ed26c639706278221e16ed7f517b960fb90128,2026-07-13T11:37:36.192813+00:00,,False,18222,0.8199,2103.8,0,M-MACY'S INC-2024,15,157692,0,0,80,470.325,596,9.50654684192514,10519.066666666668
M,M-MACY'S INC-2025.pdf,data/01_raw/sustainability/M/M-MACY'S INC-2025.pdf,5961662,2026-07-13T10:16:54.926721+00:00,0ac09a499b55da5fa61cc2a9dc75fc4f3c0cafdfe7c842af3c5b148e085c253e,raw,data/01_raw/sustainability/M/M-MACY'S INC-2025.pdf,5961662,2026-07-13T10:16:54.926721+00:00,0ac09a499b55da5fa61cc2a9dc75fc4f3c0cafdfe7c842af3c5b148e085c253e,data/02_interim/esg_text/M/M-MACY'S INC-2025.txt,data/02_interim/esg_text/M/M-MACY'S INC-2025.pages.csv,parsed,,69,157463,7,3ae0841becff2436c6c61747d1ba05268cf3be5fc65d4a134e2474f63e9113a3,2026-07-13T11:37:36.536549+00:00,,False,18337,0.8328,2282.1,0,M-MACY'S INC-2025,15,157526,0,0,75,478.16,521,9.526047388910412,10497.533333333333
MELI,MELI-MERCADOLIBRE-2021.pdf,data/01_raw/sustainability/MELI/MELI-MERCADOLIBRE-2021.pdf,24455195,2026-07-13T10:17:01.364585+00:00,12f182819a8e69e2768d0372598487f625d880b49e2c380b0fe5538cca4a5aa1,raw,data/01_raw/sustainability/MELI/MELI-MERCADOLIBRE-2021.pdf,24455195,2026-07-13T10:17:01.364585+00:00,12f182819a8e69e2768d0372598487f625d880b49e2c380b0fe5538cca4a5aa1,data/02_interim/esg_text/MELI/MELI-MERCADOLIBRE-2021.txt,data/02_interim/esg_text/MELI/MELI-MERCADOLIBRE-2021.pages.csv,parsed,,28,37549,11,98fe4c85f9100fb7937ad66fdd6f929622a1461bc524c702352b87c3e8e98107,2026-07-13T11:37:37.219105+00:00,,False,4296,0.7787,1341.0,0,MELI-MERCADOLIBRE-2021,7,37562,0,0,20,447.7,572,18.64230738501691,5364.142857142857
MELI,MELI-MERCADOLIBRE-2022.pdf,data/01_raw/sustainability/MELI/MELI-MERCADOLIBRE-2022.pdf,3545068,2026-07-13T10:17:03.380000+00:00,7551f897204e0d2d04fd4aec59cd6682a0b4e8e226181a4c03b5c1f827237608,raw,data/01_raw/sustainability/MELI/MELI-MERCADOLIBRE-2022.pdf,3545068,2026-07-13T10:17:03.380000+00:00,7551f897204e0d2d04fd4aec59cd6682a0b4e8e226181a4c03b5c1f827237608,data/02_interim/esg_text/MELI/MELI-MERCADOLIBRE-2022.txt,data/02_interim/esg_text/MELI/MELI-MERCADOLIBRE-2022.pages.csv,parsed,,28,46638,157,9b9ff006a55d11c1eb9df7a1ba6d109372453d789107602f117634bcaf7df3ad,2026-07-13T11:37:39.233114+00:00,,False,5147,0.784,1665.6,0,MELI-MERCADOLIBRE-2022,7,46638,0,0,25,473.4,506,15.009219949397487,6662.571428571428
MELI,MELI-MERCADOLIBRE-2023.pdf,data/01_raw/sustainability/MELI/MELI-MERCADOLIBRE-2023.pdf,3774438,2026-07-13T10:17:05.778555+00:00,8abfbf510b2fc8d7a8d3797eab1af7f2a41e50c086070db47b671e507695444e,raw,data/01_raw/sustainability/MELI/MELI-MERCADOLIBRE-2023.pdf,3774438,2026-07-13T10:17:05.778555+00:00,8abfbf510b2fc8d7a8d3797eab1af7f2a41e50c086070db47b671e507695444e,data/02_interim/esg_text/MELI/MELI-MERCADOLIBRE-2023.txt,data/02_interim/esg_text/MELI/MELI-MERCADOLIBRE-2023.pages.csv,parsed,,91,187337,221,34c0b918b6adf6626f5e2f685fb919ef5774d2ac0272402b391e50c40581c517,2026-07-13T11:37:45.219029+00:00,,False,21102,0.7425,2058.6,0,MELI-MERCADOLIBRE-2023,14,187485,1,0,101,494.0495049504951,594,7.4731633366606705,13381.214285714286
MELI,MELI-MERCADOLIBRE-2024.pdf,data/01_raw/sustainability/MELI/MELI-MERCADOLIBRE-2024.pdf,9947644,2026-07-13T10:17:11.625535+00:00,002a4da0e00614249cf71ff5eedac1694766652a78074728c318bd20d86408ba,raw,data/01_raw/sustainability/MELI/MELI-MERCADOLIBRE-2024.pdf,9947644,2026-07-13T10:17:11.625535+00:00,002a4da0e00614249cf71ff5eedac1694766652a78074728c318bd20d86408ba,data/02_interim/esg_text/MELI/MELI-MERCADOLIBRE-2024.txt,data/02_interim/esg_text/MELI/MELI-MERCADOLIBRE-2024.pages.csv,parsed,,95,186591,63,d8a93281f47fd0af99e8b84e4ef718b266b34821b805c2e4dfc40de9658572ea,2026-07-13T11:37:49.875600+00:00,,False,21047,0.7688,1964.1,0,MELI-MERCADOLIBRE-2024,14,186789,1,0,99,478.07070707070704,500,7.503041411429276,13327.92857142857
MELI,MELI-MERCADOLIBRE-2025.pdf,data/01_raw/sustainability/MELI/MELI-MERCADOLIBRE-2025.pdf,24759564,2026-07-13T10:17:16.094062+00:00,522f078c6635288fb9bb06e8bb3d3b02f75d2ad712fb0d2ea5c64b616ea9e5ef,raw,data/01_raw/sustainability/MELI/MELI-MERCADOLIBRE-2025.pdf,24759564,2026-07-13T10:17:16.094062+00:00,522f078c6635288fb9bb06e8bb3d3b02f75d2ad712fb0d2ea5c64b616ea9e5ef,data/02_interim/esg_text/MELI/MELI-MERCADOLIBRE-2025.txt,data/02_interim/esg_text/MELI/MELI-MERCADOLIBRE-2025.pages.csv,parsed,,115,227553,208,b22559e629b0a35a584ae597d6eebb98873eac685fbfdfb6d890600117d26198,2026-07-13T11:38:03.387802+00:00,,False,25712,0.771,1978.7,0,MELI-MERCADOLIBRE-2025,12,227441,0,0,117,478.3333333333333,500,5.27349672384016,18962.75
MHK,MHK-MOHAWK INDUSTRIES INC-2021.pdf,data/01_raw/sustainability/MHK/MHK-MOHAWK INDUSTRIES INC-2021.pdf,14024310,2026-07-13T10:17:22.821025+00:00,5b33863b6c07226c3173954c989d112c07a7fd0d45f50c7fcd9d72614497c705,raw,data/01_raw/sustainability/MHK/MHK-MOHAWK INDUSTRIES INC-2021.pdf,14024310,2026-07-13T10:17:22.821025+00:00,5b33863b6c07226c3173954c989d112c07a7fd0d45f50c7fcd9d72614497c705,data/02_interim/esg_text/MHK/MHK-MOHAWK INDUSTRIES INC-2021.txt,data/02_interim/esg_text/MHK/MHK-MOHAWK INDUSTRIES INC-2021.pages.csv,parsed,,71,118032,70,46cf82a133f8d897af309189891c2db3c57246ccf88a4f7f06adf1fbf69daa2a,2026-07-13T11:38:13.806306+00:00,,False,14061,0.8232,1662.4,0,MHK-MOHAWK INDUSTRIES INC-2021,14,118084,0,0,56,478.2857142857143,557,11.86119018571235,8430.857142857143
MHK,MHK-MOHAWK INDUSTRIES INC-2022.pdf,data/01_raw/sustainability/MHK/MHK-MOHAWK INDUSTRIES INC-2022.pdf,14780015,2026-07-13T10:17:34.089488+00:00,7fa482dcbeb98e6234c727fdc18b6850cdaa5f16c10a654dfac872deaee29d6c,raw,data/01_raw/sustainability/MHK/MHK-MOHAWK INDUSTRIES INC-2022.pdf,14780015,2026-07-13T10:17:34.089488+00:00,7fa482dcbeb98e6234c727fdc18b6850cdaa5f16c10a654dfac872deaee29d6c,data/02_interim/esg_text/MHK/MHK-MOHAWK INDUSTRIES INC-2022.txt,data/02_interim/esg_text/MHK/MHK-MOHAWK INDUSTRIES INC-2022.pages.csv,parsed,,84,198875,170,05455069f2fcbf36d1e6bb6697b65429945731347b81e55a20fbb5554f128459,2026-07-13T11:38:01.009428+00:00,,False,23501,0.8114,2367.6,0,MHK-MOHAWK INDUSTRIES INC-2022,15,198979,0,0,100,477.03,579,7.542426147077309,13258.333333333334
MHK,MHK-MOHAWK INDUSTRIES INC-2023.pdf,data/01_raw/sustainability/MHK/MHK-MOHAWK INDUSTRIES INC-2023.pdf,32197628,2026-07-13T10:17:40.518501+00:00,9157c2dfcaf0845c084b9e03b8830127549c5980d044eb6e33c5d1001baa7db3,raw,data/01_raw/sustainability/MHK/MHK-MOHAWK INDUSTRIES INC-2023.pdf,32197628,2026-07-13T10:17:40.518501+00:00,9157c2dfcaf0845c084b9e03b8830127549c5980d044eb6e33c5d1001baa7db3,data/02_interim/esg_text/MHK/MHK-MOHAWK INDUSTRIES INC-2023.txt,data/02_interim/esg_text/MHK/MHK-MOHAWK INDUSTRIES INC-2023.pages.csv,parsed,,75,148702,109,4cecc95536e95f13fded228f62b93c17ebe086e1ede09b49e32eb0a27865face,2026-07-13T11:38:20.451102+00:00,,False,17737,0.8156,1982.7,0,MHK-MOHAWK INDUSTRIES INC-2023,15,148494,0,0,77,471.2207792207792,551,10.087288671302337,9913.466666666667
MHK,MHK-MOHAWK INDUSTRIES INC-2024.pdf,data/01_raw/sustainability/MHK/MHK-MOHAWK INDUSTRIES INC-2024.pdf,22167116,2026-07-13T10:17:48.207486+00:00,f332c05b9ed8484089618bd88aed560a0c310f233167b92b49a0f5b63a1e2513,raw,data/01_raw/sustainability/MHK/MHK-MOHAWK INDUSTRIES INC-2024.pdf,22167116,2026-07-13T10:17:48.207486+00:00,f332c05b9ed8484089618bd88aed560a0c310f233167b92b49a0f5b63a1e2513,data/02_interim/esg_text/MHK/MHK-MOHAWK INDUSTRIES INC-2024.txt,data/02_interim/esg_text/MHK/MHK-MOHAWK INDUSTRIES INC-2024.pages.csv,parsed,,81,157287,111,38f4d8ce3222c3cc09433d149cbb66994fbb465387abb3a95daef2a6c67e6493,2026-07-13T11:38:29.067345+00:00,,False,18620,0.8232,1941.8,0,MHK-MOHAWK INDUSTRIES INC-2024,14,157095,0,0,80,472.5875,582,8.900926332118992,11234.785714285714
MNRO,MNRO-MONRO INC-2021.pdf,data/01_raw/sustainability/MNRO/MNRO-MONRO INC-2021.pdf,14982541,2026-07-13T10:18:21.408977+00:00,ea0ec144e367b341b47bbf6e7c6645f7965bd68bb39026b3568c8e9a488c33af,raw,data/01_raw/sustainability/MNRO/MNRO-MONRO INC-2021.pdf,14982541,2026-07-13T10:18:21.408977+00:00,ea0ec144e367b341b47bbf6e7c6645f7965bd68bb39026b3568c8e9a488c33af,data/02_interim/esg_text/MNRO/MNRO-MONRO INC-2021.txt,data/02_interim/esg_text/MNRO/MNRO-MONRO INC-2021.pages.csv,parsed,,33,57598,3,baab8a06e993657a81762d3b94a45d006b96f248c3d76193aa4d7212838be362,2026-07-13T11:38:07.148788+00:00,,False,6655,0.7964,1745.4,0,MNRO-MONRO INC-2021,10,57416,0,0,27,455.44444444444446,520,17.361713948400986,5759.8
MNRO,MNRO-MONRO INC-2022.pdf,data/01_raw/sustainability/MNRO/MNRO-MONRO INC-2022.pdf,16229145,2026-07-13T10:18:25.547188+00:00,ec75f5de283b34a7a0f066f96658064259eaff50ec1b30705cab3da1b12df97b,raw,data/01_raw/sustainability/MNRO/MNRO-MONRO INC-2022.pdf,16229145,2026-07-13T10:18:25.547188+00:00,ec75f5de283b34a7a0f066f96658064259eaff50ec1b30705cab3da1b12df97b,data/02_interim/esg_text/MNRO/MNRO-MONRO INC-2022.txt,data/02_interim/esg_text/MNRO/MNRO-MONRO INC-2022.pages.csv,parsed,,33,56937,5,f33af8860010f8febf19e844d7db868749fd055b9a819bfa38d63818d4a92e73,2026-07-13T11:38:12.879709+00:00,,False,6779,0.8091,1725.4,0,MNRO-MONRO INC-2022,11,56670,0,0,27,461.14814814814815,588,19.319598854874688,5176.090909090909
MNRO,MNRO-MONRO INC-2023.pdf,data/01_raw/sustainability/MNRO/MNRO-MONRO INC-2023.pdf,16259260,2026-07-13T10:18:32.902558+00:00,f019dcfece25943811c76c5d81ab426bf0fb00bea92d58f9f25f7271210227ff,raw,data/01_raw/sustainability/MNRO/MNRO-MONRO INC-2023.pdf,16259260,2026-07-13T10:18:32.902558+00:00,f019dcfece25943811c76c5d81ab426bf0fb00bea92d58f9f25f7271210227ff,data/02_interim/esg_text/MNRO/MNRO-MONRO INC-2023.txt,data/02_interim/esg_text/MNRO/MNRO-MONRO INC-2023.pages.csv,parsed,,38,63537,15,55e479cd66135c3b9037c02aae1c98c98db6bbaad715264c15acc20ebd638d78,2026-07-13T11:38:16.616533+00:00,,False,7498,0.8102,1672.0,0,MNRO-MONRO INC-2023,10,63398,0,0,29,484.6551724137931,593,15.738860821253757,6353.7
MNRO,MNRO-MONRO INC-2024.pdf,data/01_raw/sustainability/MNRO/MNRO-MONRO INC-2024.pdf,14905778,2026-07-13T10:18:36.106019+00:00,b2cd07c22ef452b93d442acc8c312d5fe15d72fde08d617706b92ad494c4c079,raw,data/01_raw/sustainability/MNRO/MNRO-MONRO INC-2024.pdf,14905778,2026-07-13T10:18:36.106019+00:00,b2cd07c22ef452b93d442acc8c312d5fe15d72fde08d617706b92ad494c4c079,data/02_interim/esg_text/MNRO/MNRO-MONRO INC-2024.txt,data/02_interim/esg_text/MNRO/MNRO-MONRO INC-2024.pages.csv,parsed,,37,65222,41,47ccd20fc43c43dbd7d42ad5a2d5231c50e43befe63afda87bad53843ab6ff00,2026-07-13T11:38:17.806696+00:00,,False,7585,0.8135,1762.8,0,MNRO-MONRO INC-2024,10,65115,0,0,30,472.73333333333335,596,15.332249854343628,6522.2
MNRO,MNRO-MONRO INC-2025.pdf,data/01_raw/sustainability/MNRO/MNRO-MONRO INC-2025.pdf,29758901,2026-07-13T10:18:39.751344+00:00,ea7615bc918e3423b839fb0c69ea6e9197ea21e9545fc837b9a9457bdb2ffc4c,raw,data/01_raw/sustainability/MNRO/MNRO-MONRO INC-2025.pdf,29758901,2026-07-13T10:18:39.751344+00:00,ea7615bc918e3423b839fb0c69ea6e9197ea21e9545fc837b9a9457bdb2ffc4c,data/02_interim/esg_text/MNRO/MNRO-MONRO INC-2025.txt,data/02_interim/esg_text/MNRO/MNRO-MONRO INC-2025.pages.csv,parsed,,40,65033,20,7889870a8dac6a237c9b58c3cb1252d82d541f9793909a0c44b26e7535ea7513,2026-07-13T11:38:21.217420+00:00,,False,7634,0.8159,1625.8,0,MNRO-MONRO INC-2025,10,64929,0,0,30,474.1666666666667,588,15.376808697123,6503.3
MOV,MOV-MOVADO GROUP INC-2021.pdf,data/01_raw/sustainability/MOV/MOV-MOVADO GROUP INC-2021.pdf,2956652,2026-07-13T10:18:41.837334+00:00,d4cf266b5ed30d22d6f660d223712082b62eceef4f42ffbad217052acb701f28,raw,data/01_raw/sustainability/MOV/MOV-MOVADO GROUP INC-2021.pdf,2956652,2026-07-13T10:18:41.837334+00:00,d4cf266b5ed30d22d6f660d223712082b62eceef4f42ffbad217052acb701f28,data/02_interim/esg_text/MOV/MOV-MOVADO GROUP INC-2021.txt,data/02_interim/esg_text/MOV/MOV-MOVADO GROUP INC-2021.pages.csv,parsed,,93,141845,93,7e13cd51f2ab990e540edf5778fa6df6aa1e90f5a7c62f3d49f0cbaf76e416bd,2026-07-13T11:38:24.764406+00:00,,False,16662,0.7813,1525.2,0,MOV-MOVADO GROUP INC-2021,7,141997,0,0,71,487.7464788732394,583,4.934964221509394,20263.571428571428
MOV,MOV-MOVADO GROUP INC-2022.pdf,data/01_raw/sustainability/MOV/MOV-MOVADO GROUP INC-2022.pdf,1886736,2026-07-13T10:18:43.595996+00:00,6aa6dd4072744f8f2cc6e80922a0d86b06bf420b8f3d5a2b3c5357f95b2a69c6,raw,data/01_raw/sustainability/MOV/MOV-MOVADO GROUP INC-2022.pdf,1886736,2026-07-13T10:18:43.595996+00:00,6aa6dd4072744f8f2cc6e80922a0d86b06bf420b8f3d5a2b3c5357f95b2a69c6,data/02_interim/esg_text/MOV/MOV-MOVADO GROUP INC-2022.txt,data/02_interim/esg_text/MOV/MOV-MOVADO GROUP INC-2022.pages.csv,parsed,,68,136837,40,7198a16e9fc8ca680875601fed250f643c845268b25cdbd4a7f1ab93e2177047,2026-07-13T11:38:29.694684+00:00,,False,16409,0.8298,2012.3,0,MOV-MOVADO GROUP INC-2022,10,136765,0,0,71,475.16901408450707,569,7.307964951000096,13683.7
MOV,MOV-MOVADO GROUP INC-2023.pdf,data/01_raw/sustainability/MOV/MOV-MOVADO GROUP INC-2023.pdf,9326446,2026-07-13T10:18:47.035558+00:00,e221a4f6c2e5c00bd60361e571b1682a349439d43ad3f645a8373cdc7d80876a,raw,data/01_raw/sustainability/MOV/MOV-MOVADO GROUP INC-2023.pdf,9326446,2026-07-13T10:18:47.035558+00:00,e221a4f6c2e5c00bd60361e571b1682a349439d43ad3f645a8373cdc7d80876a,data/02_interim/esg_text/MOV/MOV-MOVADO GROUP INC-2023.txt,data/02_interim/esg_text/MOV/MOV-MOVADO GROUP INC-2023.pages.csv,parsed,,80,140080,129,be10f9c6c2e7ef5137133e8ba5a1104349364b17a48d43df846e6dc7eb33b317,2026-07-13T11:39:18.082474+00:00,,False,16262,0.7955,1751.0,0,MOV-MOVADO GROUP INC-2023,11,140053,0,0,75,478.06666666666666,551,7.852655625356938,12734.545454545454
MOV,MOV-MOVADO GROUP INC-2024.pdf,data/01_raw/sustainability/MOV/MOV-MOVADO GROUP INC-2024.pdf,21742674,2026-07-13T10:18:51.602420+00:00,85ac0ef1db28196f1b61e647043d19431d32a493328bd130aa323b26fafceaf8,raw,data/01_raw/sustainability/MOV/MOV-MOVADO GROUP INC-2024.pdf,21742674,2026-07-13T10:18:51.602420+00:00,85ac0ef1db28196f1b61e647043d19431d32a493328bd130aa323b26fafceaf8,data/02_interim/esg_text/MOV/MOV-MOVADO GROUP INC-2024.txt,data/02_interim/esg_text/MOV/MOV-MOVADO GROUP INC-2024.pages.csv,parsed,,63,133988,25,e784410a90531c353eeb5b7731ccfae240ffc34f641a287aa3fcc9ab6b6fd8dd,2026-07-13T11:40:14.952655+00:00,,False,15723,0.824,2126.8,0,MOV-MOVADO GROUP INC-2024,11,133937,0,0,66,472.3939393939394,594,8.209690420037616,12180.727272727272
MOV,MOV-MOVADO GROUP INC-2025.pdf,data/01_raw/sustainability/MOV/MOV-MOVADO GROUP INC-2025.pdf,28076458,2026-07-13T10:18:58.719032+00:00,5a8a47d39c0337ba70c9d56fb1873e43275d66c3cfbc7bf987364c3ea96bcdc9,raw,data/01_raw/sustainability/MOV/MOV-MOVADO GROUP INC-2025.pdf,28076458,2026-07-13T10:18:58.719032+00:00,5a8a47d39c0337ba70c9d56fb1873e43275d66c3cfbc7bf987364c3ea96bcdc9,data/02_interim/esg_text/MOV/MOV-MOVADO GROUP INC-2025.txt,data/02_interim/esg_text/MOV/MOV-MOVADO GROUP INC-2025.pages.csv,parsed,,60,119677,20,69fb8709aec759c6fb682fc2203135928c867243c1bf5d14628573604347a898,2026-07-13T11:40:10.154215+00:00,,False,14131,0.8414,1994.6,0,MOV-MOVADO GROUP INC-2025,11,119534,0,0,57,473.4736842105263,541,9.191406870158845,10879.727272727272
MUSA,MUSA-MURPHY USA INC-2021.pdf,data/01_raw/sustainability/MUSA/MUSA-MURPHY USA INC-2021.pdf,4208913,2026-07-13T10:19:01.617126+00:00,f4b0d8c6b2f747a46fe9e0f860b1468f0595689cd5cdfe9a4820f328ea1496dd,raw,data/01_raw/sustainability/MUSA/MUSA-MURPHY USA INC-2021.pdf,4208913,2026-07-13T10:19:01.617126+00:00,f4b0d8c6b2f747a46fe9e0f860b1468f0595689cd5cdfe9a4820f328ea1496dd,data/02_interim/esg_text/MUSA/MUSA-MURPHY USA INC-2021.txt,data/02_interim/esg_text/MUSA/MUSA-MURPHY USA INC-2021.pages.csv,parsed,,32,59298,20,638c2a2e4ab57c498c552ea825a268abab471cec48f8b360e2dc9bb6d6356b59,2026-07-13T11:38:32.655123+00:00,,False,6878,0.8037,1853.1,0,MUSA-MURPHY USA INC-2021,10,59288,0,0,29,452.44827586206895,591,16.86397517622854,5929.8
MUSA,MUSA-MURPHY USA INC-2022.pdf,data/01_raw/sustainability/MUSA/MUSA-MURPHY USA INC-2022.pdf,17163498,2026-07-13T10:19:04.321074+00:00,ee5e4de079253a665412528030edc041a50772360958738e47d4ba82425ae0af,raw,data/01_raw/sustainability/MUSA/MUSA-MURPHY USA INC-2022.pdf,17163498,2026-07-13T10:19:04.321074+00:00,ee5e4de079253a665412528030edc041a50772360958738e47d4ba82425ae0af,data/02_interim/esg_text/MUSA/MUSA-MURPHY USA INC-2022.txt,data/02_interim/esg_text/MUSA/MUSA-MURPHY USA INC-2022.pages.csv,parsed,,40,72184,13,f38ab32233041fca2bfcdeb9f761f6b8b5d98a31cca39548ce090bc24c297ec5,2026-07-13T11:38:39.487957+00:00,,False,8510,0.8017,1804.6,0,MUSA-MURPHY USA INC-2022,10,72039,0,0,37,450.86486486486484,500,13.853485536961099,7218.4
MUSA,MUSA-MURPHY USA INC-2023.pdf,data/01_raw/sustainability/MUSA/MUSA-MURPHY USA INC-2023.pdf,7737054,2026-07-13T10:19:07.245336+00:00,ee8c27ea6534db16d1974d876ac667b42c3575c053d4a83d3e7e066efc09db93,raw,data/01_raw/sustainability/MUSA/MUSA-MURPHY USA INC-2023.pdf,7737054,2026-07-13T10:19:07.245336+00:00,ee8c27ea6534db16d1974d876ac667b42c3575c053d4a83d3e7e066efc09db93,data/02_interim/esg_text/MUSA/MUSA-MURPHY USA INC-2023.txt,data/02_interim/esg_text/MUSA/MUSA-MURPHY USA INC-2023.pages.csv,parsed,,39,74167,25,4f044d147d1ff5414d0946aa4e9768d1d896ad483b2a0d25b621d5ff8e5d9053,2026-07-13T11:38:43.174861+00:00,,False,8734,0.8139,1901.7,0,MUSA-MURPHY USA INC-2023,11,74169,0,0,37,447.0810810810811,534,14.831394016206668,6742.454545454545
MUSA,MUSA-MURPHY USA INC-2024.pdf,data/01_raw/sustainability/MUSA/MUSA-MURPHY USA INC-2024.pdf,100918589,2026-07-13T10:19:23.357458+00:00,4852fcda5152862ae54f95eff6ec02ef9f11eb632a4ff2e2ed719010d26bf8d2,raw,data/01_raw/sustainability/MUSA/MUSA-MURPHY USA INC-2024.pdf,100918589,2026-07-13T10:19:23.357458+00:00,4852fcda5152862ae54f95eff6ec02ef9f11eb632a4ff2e2ed719010d26bf8d2,data/02_interim/esg_text/MUSA/MUSA-MURPHY USA INC-2024.txt,data/02_interim/esg_text/MUSA/MUSA-MURPHY USA INC-2024.pages.csv,parsed,,36,76362,226,ff3cbca7e460c093432e6a4b52db543340a904e8326782e92c669f397c137200,2026-07-13T11:38:47.918430+00:00,,False,8965,0.8203,2121.2,0,MUSA-MURPHY USA INC-2024,11,76351,0,0,38,451.89473684210526,527,14.405070584845864,6942.0
NGVC,NGVC-NATURAL GROCERS VITAMIN CTGE-2021.pdf,data/01_raw/sustainability/NGVC/NGVC-NATURAL GROCERS VITAMIN CTGE-2021.pdf,21478736,2026-07-13T10:19:31.039171+00:00,3a3666bc89faba4a47fdd2fe115c2f909a8d6493530ac62ed1338c86fd4ebbf2,raw,data/01_raw/sustainability/NGVC/NGVC-NATURAL GROCERS VITAMIN CTGE-2021.pdf,21478736,2026-07-13T10:19:31.039171+00:00,3a3666bc89faba4a47fdd2fe115c2f909a8d6493530ac62ed1338c86fd4ebbf2,data/02_interim/esg_text/NGVC/NGVC-NATURAL GROCERS VITAMIN CTGE-2021.txt,data/02_interim/esg_text/NGVC/NGVC-NATURAL GROCERS VITAMIN CTGE-2021.pages.csv,parsed,,33,5930,37,42100c4fb2824deeaa14611484056b62734afbded394d7073f482152a8ab6c9d,2026-07-13T11:46:09.489825+00:00,low_text_per_page,False,629,0.7255,179.7,0,NGVC-NATURAL GROCERS VITAMIN CTGE-2021,2,5904,0,0,3,473.0,575,33.72681281618887,2965.0
NGVC,NGVC-NATURAL GROCERS VITAMIN CTGE-2022.pdf,data/01_raw/sustainability/NGVC/NGVC-NATURAL GROCERS VITAMIN CTGE-2022.pdf,25048660,2026-07-13T10:19:41.489908+00:00,e39e4e8cc9999308d833973aedf653355d70d2204ae67dd53861f961573a529a,raw,data/01_raw/sustainability/NGVC/NGVC-NATURAL GROCERS VITAMIN CTGE-2022.pdf,25048660,2026-07-13T10:19:41.489908+00:00,e39e4e8cc9999308d833973aedf653355d70d2204ae67dd53861f961573a529a,data/02_interim/esg_text/NGVC/NGVC-NATURAL GROCERS VITAMIN CTGE-2022.txt,data/02_interim/esg_text/NGVC/NGVC-NATURAL GROCERS VITAMIN CTGE-2022.pages.csv,parsed,,37,5731,39,944384763b03749d76884bfeb9813c879933fe853ef2864ed667e7f9dc3d4c49,2026-07-13T11:47:15.239898+00:00,low_text_per_page,False,606,0.703,154.9,0,NGVC-NATURAL GROCERS VITAMIN CTGE-2022,6,5728,1,0,6,227.0,500,104.69377072064212,955.1666666666666
NGVC,NGVC-NATURAL GROCERS VITAMIN CTGE-2023.pdf,data/01_raw/sustainability/NGVC/NGVC-NATURAL GROCERS VITAMIN CTGE-2023.pdf,28372782,2026-07-13T10:19:46.955648+00:00,de08aa36eb53799d5e83ba31e6526bbe3d12a2279e6d09f357b5f5046bf4c187,raw,data/01_raw/sustainability/NGVC/NGVC-NATURAL GROCERS VITAMIN CTGE-2023.pdf,28372782,2026-07-13T10:19:46.955648+00:00,de08aa36eb53799d5e83ba31e6526bbe3d12a2279e6d09f357b5f5046bf4c187,data/02_interim/esg_text/NGVC/NGVC-NATURAL GROCERS VITAMIN CTGE-2023.txt,data/02_interim/esg_text/NGVC/NGVC-NATURAL GROCERS VITAMIN CTGE-2023.pages.csv,parsed,,38,85088,27,33ff36f89dd09bc9ea17a5455db8fd5d1771ded814be000052553bcba5e6f371,2026-07-13T11:40:30.183082+00:00,,False,10069,0.8204,2239.2,0,NGVC-NATURAL GROCERS VITAMIN CTGE-2023,12,85074,0,0,47,453.6808510638298,553,14.103046257991727,7090.666666666667
NGVC,NGVC-NATURAL GROCERS VITAMIN CTGE-2024.pdf,data/01_raw/sustainability/NGVC/NGVC-NATURAL GROCERS VITAMIN CTGE-2024.pdf,57089142,2026-07-13T10:19:57.900262+00:00,aa1797fb657a1a973f8d952762c8c989d5a27666500f192e411a4b4f5a168752,raw,data/01_raw/sustainability/NGVC/NGVC-NATURAL GROCERS VITAMIN CTGE-2024.pdf,57089142,2026-07-13T10:19:57.900262+00:00,aa1797fb657a1a973f8d952762c8c989d5a27666500f192e411a4b4f5a168752,data/02_interim/esg_text/NGVC/NGVC-NATURAL GROCERS VITAMIN CTGE-2024.txt,data/02_interim/esg_text/NGVC/NGVC-NATURAL GROCERS VITAMIN CTGE-2024.pages.csv,parsed,,38,96564,19,46035adc9a2ee01f8c68298a12571e5fbc54a3aa84d0edc6931242c0deea7f7b,2026-07-13T11:42:48.355121+00:00,,False,11613,0.823,2541.2,0,NGVC-NATURAL GROCERS VITAMIN CTGE-2024,11,96549,0,0,51,461.5098039215686,580,11.39140880659459,8778.545454545454
NGVC,NGVC-NATURAL GROCERS VITAMIN CTGE-2025.pdf,data/01_raw/sustainability/NGVC/NGVC-NATURAL GROCERS VITAMIN CTGE-2025.pdf,42242328,2026-07-13T10:20:04.421082+00:00,6bd1ee8ccd245f025d834937d27f73057d58411f1dc152165e39d4902e1a7ba8,raw,data/01_raw/sustainability/NGVC/NGVC-NATURAL GROCERS VITAMIN CTGE-2025.pdf,42242328,2026-07-13T10:20:04.421082+00:00,6bd1ee8ccd245f025d834937d27f73057d58411f1dc152165e39d4902e1a7ba8,data/02_interim/esg_text/NGVC/NGVC-NATURAL GROCERS VITAMIN CTGE-2025.txt,data/02_interim/esg_text/NGVC/NGVC-NATURAL GROCERS VITAMIN CTGE-2025.pages.csv,parsed,,40,84562,47,0c01b04f6a8a69589402fc146a38e64b61157fff62564cb8267d85cd8ee895c9,2026-07-13T11:42:17.119337+00:00,,False,10092,0.8399,2114.1,0,NGVC-NATURAL GROCERS VITAMIN CTGE-2025,11,84581,0,0,44,455.6818181818182,588,13.008206996050236,7687.454545454545
NKE,NKE-NIKE INC -CL B-2021.pdf,data/01_raw/sustainability/NKE/NKE-NIKE INC -CL B-2021.pdf,10462766,2026-07-13T10:20:08.209224+00:00,66c3f41c5bc8cd55439b44d5e2c42b9891d53459a10f0c3ec3dfea761215acb6,raw,data/01_raw/sustainability/NKE/NKE-NIKE INC -CL B-2021.pdf,10462766,2026-07-13T10:20:08.209224+00:00,66c3f41c5bc8cd55439b44d5e2c42b9891d53459a10f0c3ec3dfea761215acb6,data/02_interim/esg_text/NKE/NKE-NIKE INC -CL B-2021.txt,data/02_interim/esg_text/NKE/NKE-NIKE INC -CL B-2021.pages.csv,parsed,,184,360210,147,ca04ce45bac8304e4ee47e2fdfdc157efa7628f31aa90c43e6c64de9c731d2d5,2026-07-13T11:42:36.577758+00:00,,False,41450,0.7706,1957.7,0,NKE-NIKE INC -CL B-2021,15,360661,0,0,183,495.8688524590164,587,4.164237528108603,24014.0
NKE,NKE-NIKE INC -CL B-2022.pdf,data/01_raw/sustainability/NKE/NKE-NIKE INC -CL B-2022.pdf,25406264,2026-07-13T10:20:13.241737+00:00,b6ac4f5e4835a4351d186bc1b790009507c7f8eacdc36172f008a1c15b076241,raw,data/01_raw/sustainability/NKE/NKE-NIKE INC -CL B-2022.pdf,25406264,2026-07-13T10:20:13.241737+00:00,b6ac4f5e4835a4351d186bc1b790009507c7f8eacdc36172f008a1c15b076241,data/02_interim/esg_text/NKE/NKE-NIKE INC -CL B-2022.txt,data/02_interim/esg_text/NKE/NKE-NIKE INC -CL B-2022.pages.csv,parsed,,225,460689,46,aefd38580b585a6b0ca98bb9b3561bb72d0d37c8ee15190e1b95e06a89f554e4,2026-07-13T11:43:07.963622+00:00,,False,53571,0.7709,2047.5,0,NKE-NIKE INC -CL B-2022,14,461403,0,0,239,493.3389121338912,585,3.0389264775152003,32906.357142857145
NKE,NKE-NIKE INC -CL B-2023.pdf,data/01_raw/sustainability/NKE/NKE-NIKE INC -CL B-2023.pdf,23075168,2026-07-13T10:20:18.861421+00:00,cf68e0a2fcf537037b354186fb5f4e2abbf2a7c55bf85caf09553a25b0e32d71,raw,data/01_raw/sustainability/NKE/NKE-NIKE INC -CL B-2023.pdf,23075168,2026-07-13T10:20:18.861421+00:00,cf68e0a2fcf537037b354186fb5f4e2abbf2a7c55bf85caf09553a25b0e32d71,data/02_interim/esg_text/NKE/NKE-NIKE INC -CL B-2023.txt,data/02_interim/esg_text/NKE/NKE-NIKE INC -CL B-2023.pages.csv,parsed,,210,466276,24,ba3dca05a7709a9d43d9092c38be5f45f2d273b061932961a49341ae7ec774cb,2026-07-13T11:43:16.230996+00:00,,False,53434,0.7608,2220.4,0,NKE-NIKE INC -CL B-2023,15,466452,0,0,255,492.80392156862746,585,3.2169787850972384,31085.066666666666
NKE,NKE-NIKE INC -CL B-2024.pdf,data/01_raw/sustainability/NKE/NKE-NIKE INC -CL B-2024.pdf,1386026,2026-07-13T10:20:21.048928+00:00,0327eaa5b5bc9140d1d890c504bdfe95c60054edbda7a2fad8dc1b26c420f690,raw,data/01_raw/sustainability/NKE/NKE-NIKE INC -CL B-2024.pdf,1386026,2026-07-13T10:20:21.048928+00:00,0327eaa5b5bc9140d1d890c504bdfe95c60054edbda7a2fad8dc1b26c420f690,data/02_interim/esg_text/NKE/NKE-NIKE INC -CL B-2024.txt,data/02_interim/esg_text/NKE/NKE-NIKE INC -CL B-2024.pages.csv,parsed,,52,132186,6,2d9a76b40d5ccc600d5faa015c006332d3448933ac5168c70222079e154124c7,2026-07-13T11:43:18.349607+00:00,,False,13835,0.6994,2542.0,0,NKE-NIKE INC -CL B-2024,12,132245,0,0,80,473.225,572,9.078117198493032,11015.5
NWL,NWL-NEWELL BRANDS INC-2021.pdf,data/01_raw/sustainability/NWL/NWL-NEWELL BRANDS INC-2021.pdf,12326074,2026-07-13T10:20:24.135520+00:00,0f12624ac2369dad1249f762e8a2612db74a7b4dec38f5acca8140a973792453,raw,data/01_raw/sustainability/NWL/NWL-NEWELL BRANDS INC-2021.pdf,12326074,2026-07-13T10:20:24.135520+00:00,0f12624ac2369dad1249f762e8a2612db74a7b4dec38f5acca8140a973792453,data/02_interim/esg_text/NWL/NWL-NEWELL BRANDS INC-2021.txt,data/02_interim/esg_text/NWL/NWL-NEWELL BRANDS INC-2021.pages.csv,parsed,,73,167178,22,408dcd463423074c064064b68a28fc980f4786891ca141cfe3bb5e2afe7c1747,2026-07-13T11:43:27.884275+00:00,,False,19223,0.8175,2290.1,0,NWL-NEWELL BRANDS INC-2021,17,167228,0,0,82,462.6951219512195,500,10.168802115110841,9834.0
NWL,NWL-NEWELL BRANDS INC-2022.pdf,data/01_raw/sustainability/NWL/NWL-NEWELL BRANDS INC-2022.pdf,9868702,2026-07-13T10:20:26.764526+00:00,1d5d41b75f434a16a00ad0c3cd2dc1e5475e87383c7896b483ba7643b31cb390,raw,data/01_raw/sustainability/NWL/NWL-NEWELL BRANDS INC-2022.pdf,9868702,2026-07-13T10:20:26.764526+00:00,1d5d41b75f434a16a00ad0c3cd2dc1e5475e87383c7896b483ba7643b31cb390,data/02_interim/esg_text/NWL/NWL-NEWELL BRANDS INC-2022.txt,data/02_interim/esg_text/NWL/NWL-NEWELL BRANDS INC-2022.pages.csv,parsed,,60,146188,72,c80b8bb6c47083799fdb3ba0faeb7e318be19d5bae3ec1064828f435cd84f448,2026-07-13T11:43:30.077582+00:00,,False,16454,0.7359,2436.5,0,NWL-NEWELL BRANDS INC-2022,16,146197,0,0,78,468.94871794871796,557,10.944810791583441,9136.75
NWL,NWL-NEWELL BRANDS INC-2023.pdf,data/01_raw/sustainability/NWL/NWL-NEWELL BRANDS INC-2023.pdf,11911499,2026-07-13T10:20:29.672473+00:00,08348eddc845d16d9ba9003f39c6bf987b98cf967dcf8be5a03223a4efdca0aa,raw,data/01_raw/sustainability/NWL/NWL-NEWELL BRANDS INC-2023.pdf,11911499,2026-07-13T10:20:29.672473+00:00,08348eddc845d16d9ba9003f39c6bf987b98cf967dcf8be5a03223a4efdca0aa,data/02_interim/esg_text/NWL/NWL-NEWELL BRANDS INC-2023.txt,data/02_interim/esg_text/NWL/NWL-NEWELL BRANDS INC-2023.pages.csv,parsed,,43,101331,48,a324bf94ab52f6326133b8d88983b397f2f86650a6c5b7381d1dc6424971c2d4,2026-07-13T11:43:36.911905+00:00,,False,11393,0.7556,2356.5,0,NWL-NEWELL BRANDS INC-2023,12,101407,0,0,53,474.58490566037733,593,11.842377949492258,8444.25
NWL,NWL-NEWELL BRANDS INC-2024.pdf,data/01_raw/sustainability/NWL/NWL-NEWELL BRANDS INC-2024.pdf,5928379,2026-07-13T10:20:32.548829+00:00,23da49d58c6abb5594ce0c47f5e3a3b05f22fc7cbe33235d12c0dba421badcfe,raw,data/01_raw/sustainability/NWL/NWL-NEWELL BRANDS INC-2024.pdf,5928379,2026-07-13T10:20:32.548829+00:00,23da49d58c6abb5594ce0c47f5e3a3b05f22fc7cbe33235d12c0dba421badcfe,data/02_interim/esg_text/NWL/NWL-NEWELL BRANDS INC-2024.txt,data/02_interim/esg_text/NWL/NWL-NEWELL BRANDS INC-2024.pages.csv,parsed,,35,90706,17,85d21b0eb1f3c4a1cac874e981f798a7cb3026c44fa1c3b3af7891d6a7ca01ad,2026-07-13T11:43:35.965595+00:00,,False,10289,0.8219,2591.6,0,NWL-NEWELL BRANDS INC-2024,15,90732,0,0,43,454.8837209302326,593,16.536943531850152,6047.066666666667
NWL,NWL-NEWELL BRANDS INC-2025.pdf,data/01_raw/sustainability/NWL/NWL-NEWELL BRANDS INC-2025.pdf,8012163,2026-07-13T10:20:34.961050+00:00,5875c83463126c04d80f84e3cfc9f2ad6ac6dff6b84b4a67ae5762104332685e,raw,data/01_raw/sustainability/NWL/NWL-NEWELL BRANDS INC-2025.pdf,8012163,2026-07-13T10:20:34.961050+00:00,5875c83463126c04d80f84e3cfc9f2ad6ac6dff6b84b4a67ae5762104332685e,data/02_interim/esg_text/NWL/NWL-NEWELL BRANDS INC-2025.txt,data/02_interim/esg_text/NWL/NWL-NEWELL BRANDS INC-2025.pages.csv,parsed,,44,111181,13,9d18f5c06c241a3dc5491077b8646aaacfbbe609803db5de2682acc882071d6b,2026-07-13T11:43:42.917643+00:00,,False,12446,0.8205,2526.8,0,NWL-NEWELL BRANDS INC-2025,13,111214,0,0,53,457.24528301886795,591,11.69264532608989,8552.384615384615
ORLY,ORLY-O'REILLY AUTOMOTIVE INC-2024.pdf,data/01_raw/sustainability/ORLY/ORLY-O'REILLY AUTOMOTIVE INC-2024.pdf,40162793,2026-07-13T10:20:46.233494+00:00,10d54604db8b5fe51e894342cf2d1d3db4a76f51350e20cfc4a899f5c25ddd57,raw,data/01_raw/sustainability/ORLY/ORLY-O'REILLY AUTOMOTIVE INC-2024.pdf,40162793,2026-07-13T10:20:46.233494+00:00,10d54604db8b5fe51e894342cf2d1d3db4a76f51350e20cfc4a899f5c25ddd57,data/02_interim/esg_text/ORLY/ORLY-O'REILLY AUTOMOTIVE INC-2024.txt,data/02_interim/esg_text/ORLY/ORLY-O'REILLY AUTOMOTIVE INC-2024.pages.csv,parsed,,51,106596,35,371877faadc2a98e3263837395bd3e0ed8c2d9649dfff757795d7e0935af06c7,2026-07-13T11:43:51.078110+00:00,,False,12393,0.7741,2090.1,0,ORLY-O'REILLY AUTOMOTIVE INC-2024,12,106595,0,0,60,464.3,555,11.257458065968704,8883.0
OXM,OXM-OXFORD INDUSTRIES INC-2021.pdf,data/01_raw/sustainability/OXM/OXM-OXFORD INDUSTRIES INC-2021.pdf,4516749,2026-07-13T10:20:48.951343+00:00,d1209854f0bdc27a76a2e7302fe68b414791884e602fe846828544ca5c1e40bc,raw,data/01_raw/sustainability/OXM/OXM-OXFORD INDUSTRIES INC-2021.pdf,4516749,2026-07-13T10:20:48.951343+00:00,d1209854f0bdc27a76a2e7302fe68b414791884e602fe846828544ca5c1e40bc,data/02_interim/esg_text/OXM/OXM-OXFORD INDUSTRIES INC-2021.txt,data/02_interim/esg_text/OXM/OXM-OXFORD INDUSTRIES INC-2021.pages.csv,parsed,,52,113379,46,cf87e16c677a5851524b8385d1aee9529007da4d5c8c308a2253b29da7c3ed7a,2026-07-13T11:43:48.722974+00:00,,False,12599,0.8043,2180.4,0,OXM-OXFORD INDUSTRIES INC-2021,12,113242,0,0,60,461.6,579,10.583970576561796,9448.25
PLCE,PLCE-The Childrens Place-2021.pdf,data/01_raw/sustainability/PLCE/PLCE-The Childrens Place-2021.pdf,34409808,2026-07-13T10:20:59.686541+00:00,fac9f894c193dbdef414d1ca48e03f5fe8337a1adde1f9f9219912972f7179dc,raw,data/01_raw/sustainability/PLCE/PLCE-The Childrens Place-2021.pdf,34409808,2026-07-13T10:20:59.686541+00:00,fac9f894c193dbdef414d1ca48e03f5fe8337a1adde1f9f9219912972f7179dc,data/02_interim/esg_text/PLCE/PLCE-The Childrens Place-2021.txt,data/02_interim/esg_text/PLCE/PLCE-The Childrens Place-2021.pages.csv,parsed,,108,224152,64,9ad979a98e8f09612a61c858454582b9f3f6750f02265d79f160a189c36aacc5,2026-07-13T11:44:01.125674+00:00,,False,25994,0.7839,2075.5,0,PLCE-The Childrens Place-2021,15,224412,0,0,114,473.06140350877195,579,6.691887647667654,14943.466666666667
PLCE,PLCE-The Childrens Place-2022.pdf,data/01_raw/sustainability/PLCE/PLCE-The Childrens Place-2022.pdf,20144081,2026-07-13T10:21:07.076833+00:00,dcba5fa8d29361c87bff828c3dc792b9aab9b301c0b8be6dc4c73fa7c59e0bb4,raw,data/01_raw/sustainability/PLCE/PLCE-The Childrens Place-2022.pdf,20144081,2026-07-13T10:21:07.076833+00:00,dcba5fa8d29361c87bff828c3dc792b9aab9b301c0b8be6dc4c73fa7c59e0bb4,data/02_interim/esg_text/PLCE/PLCE-The Childrens Place-2022.txt,data/02_interim/esg_text/PLCE/PLCE-The Childrens Place-2022.pages.csv,parsed,,112,234500,126,3f95ba2c870ab723b5ce7be8b18c9c0b9f9235e0609ccdd07acdeb2f1abe7a47,2026-07-13T11:44:56.596796+00:00,,False,27397,0.8026,2093.8,0,PLCE-The Childrens Place-2022,15,234572,0,0,121,480.3305785123967,582,6.396588486140725,15633.333333333334
PLCE,PLCE-The Childrens Place-2023.pdf,data/01_raw/sustainability/PLCE/PLCE-The Childrens Place-2023.pdf,25972972,2026-07-13T10:21:15.734596+00:00,e3ee400b66df898f29cef5ecf6e51b67268848a95528668935109e2331bda630,raw,data/01_raw/sustainability/PLCE/PLCE-The Childrens Place-2023.pdf,25972972,2026-07-13T10:21:15.734596+00:00,e3ee400b66df898f29cef5ecf6e51b67268848a95528668935109e2331bda630,data/02_interim/esg_text/PLCE/PLCE-The Childrens Place-2023.txt,data/02_interim/esg_text/PLCE/PLCE-The Childrens Place-2023.pages.csv,parsed,,23,28939,20,26b183f4c4f9d45828fd0dd40fc23c261fb6db5953c9d4106c7a23ae3f92244e,2026-07-13T11:44:03.777509+00:00,,False,3092,0.7975,1258.2,0,PLCE-The Childrens Place-2023,11,28907,0,0,20,400.75,558,38.010988631258854,2630.818181818182
PRTS,PRTS-CARPARTS COM INC-2022.pdf,data/01_raw/sustainability/PRTS/PRTS-CARPARTS COM INC-2022.pdf,57482036,2026-07-13T10:21:29.892003+00:00,5211a541a1d8b5f4428900fa548945b082edd87cf2ed80ae899d57c8a6895802,raw,data/01_raw/sustainability/PRTS/PRTS-CARPARTS COM INC-2022.pdf,57482036,2026-07-13T10:21:29.892003+00:00,5211a541a1d8b5f4428900fa548945b082edd87cf2ed80ae899d57c8a6895802,data/02_interim/esg_text/PRTS/PRTS-CARPARTS COM INC-2022.txt,data/02_interim/esg_text/PRTS/PRTS-CARPARTS COM INC-2022.pages.csv,parsed,,56,65921,37,22adc7538f0cadd390b236e8e781ad79f80b391aa9728b9b82eba48a19f98ca6,2026-07-13T11:44:10.648196+00:00,,False,7663,0.8082,1177.2,0,PRTS-CARPARTS COM INC-2022,13,65963,0,0,32,466.0,581,19.72057462720529,5070.846153846154
PSMT,PSMT-PRICESMART INC-2021.pdf,data/01_raw/sustainability/PSMT/PSMT-PRICESMART INC-2021.pdf,11574637,2026-07-13T10:21:34.325536+00:00,cba8eaa54c43d4cadfd64a364d531b17d3f3ee72b7524baeaacdc5ff25cc6a3c,raw,data/01_raw/sustainability/PSMT/PSMT-PRICESMART INC-2021.pdf,11574637,2026-07-13T10:21:34.325536+00:00,cba8eaa54c43d4cadfd64a364d531b17d3f3ee72b7524baeaacdc5ff25cc6a3c,data/02_interim/esg_text/PSMT/PSMT-PRICESMART INC-2021.txt,data/02_interim/esg_text/PSMT/PSMT-PRICESMART INC-2021.pages.csv,parsed,,86,109311,78,1f82e8f608276f6c03a762e3e039590c0d6e3ec0b67a85ff2464794fe73a8329,2026-07-13T11:44:23.425581+00:00,,False,10492,0.8358,1271.1,0,PSMT-PRICESMART INC-2021,11,109435,0,0,60,465.55,545,10.06303116795199,9937.363636363636
PSMT,PSMT-PRICESMART INC-2022.pdf,data/01_raw/sustainability/PSMT/PSMT-PRICESMART INC-2022.pdf,20709244,2026-07-13T10:21:39.934086+00:00,1f51781541667511714f46392a8e60bfb9976e904c7bfe7d2bbd3219a59a4dd1,raw,data/01_raw/sustainability/PSMT/PSMT-PRICESMART INC-2022.pdf,20709244,2026-07-13T10:21:39.934086+00:00,1f51781541667511714f46392a8e60bfb9976e904c7bfe7d2bbd3219a59a4dd1,data/02_interim/esg_text/PSMT/PSMT-PRICESMART INC-2022.txt,data/02_interim/esg_text/PSMT/PSMT-PRICESMART INC-2022.pages.csv,parsed,,52,97231,40,52ecbaf5b28ede26c7d90d2503a8d688a6322984a236f99047029afa4df8839c,2026-07-13T11:44:29.591863+00:00,,False,11615,0.8102,1869.8,0,PSMT-PRICESMART INC-2022,13,97283,0,0,46,486.5869565217391,591,13.370221431436477,7479.307692307692
PSMT,PSMT-PRICESMART INC-2023.pdf,data/01_raw/sustainability/PSMT/PSMT-PRICESMART INC-2023.pdf,130936664,2026-07-13T10:21:56.062801+00:00,116163afb8b615f7a9002a903bf45d8095664087b7fa0bdb6128d4b5eca6dde9,raw,data/01_raw/sustainability/PSMT/PSMT-PRICESMART INC-2023.pdf,130936664,2026-07-13T10:21:56.062801+00:00,116163afb8b615f7a9002a903bf45d8095664087b7fa0bdb6128d4b5eca6dde9,data/02_interim/esg_text/PSMT/PSMT-PRICESMART INC-2023.txt,data/02_interim/esg_text/PSMT/PSMT-PRICESMART INC-2023.pages.csv,parsed,,55,88199,62,bc40a8663186cce9188d01214e1953d77b0725bac1a913f7ceae6be70edb4015,2026-07-13T11:44:45.325023+00:00,,False,10665,0.8224,1603.6,0,PSMT-PRICESMART INC-2023,13,88251,0,0,45,451.4,567,14.739396138278211,6784.538461538462
PSMT,PSMT-PRICESMART INC-2024.pdf,data/01_raw/sustainability/PSMT/PSMT-PRICESMART INC-2024.pdf,93367190,2026-07-13T10:22:16.827306+00:00,7a7d23adf102c5f66273a069f7e987b60ae4708da89ec734f26beabb75242610,raw,data/01_raw/sustainability/PSMT/PSMT-PRICESMART INC-2024.pdf,93367190,2026-07-13T10:22:16.827306+00:00,7a7d23adf102c5f66273a069f7e987b60ae4708da89ec734f26beabb75242610,data/02_interim/esg_text/PSMT/PSMT-PRICESMART INC-2024.txt,data/02_interim/esg_text/PSMT/PSMT-PRICESMART INC-2024.pages.csv,parsed,,57,96910,22,b25a3d94ba456e25cf686cb7ce710e71438e396f19fe1f5935e9fcb3ce16b843,2026-07-13T11:45:39.092040+00:00,,False,11120,0.8069,1700.2,0,PSMT-PRICESMART INC-2024,11,96959,0,0,50,477.8,568,11.350737797956867,8810.0
PSMT,PSMT-PRICESMART INC-2025.pdf,data/01_raw/sustainability/PSMT/PSMT-PRICESMART INC-2025.pdf,62177993,2026-07-13T10:22:36.054235+00:00,7b7631e15083554a64fd1c97d886b026f0cd14ffc2bd3db7d9147ab95b175e88,raw,data/01_raw/sustainability/PSMT/PSMT-PRICESMART INC-2025.pdf,62177993,2026-07-13T10:22:36.054235+00:00,7b7631e15083554a64fd1c97d886b026f0cd14ffc2bd3db7d9147ab95b175e88,data/02_interim/esg_text/PSMT/PSMT-PRICESMART INC-2025.txt,data/02_interim/esg_text/PSMT/PSMT-PRICESMART INC-2025.pages.csv,parsed,,64,99829,60,b84fb75806f20a1a3800f8d69ae326b8878299f4d75ed3c54cb95283766b7816,2026-07-13T11:45:04.935211+00:00,,False,11397,0.8037,1559.8,0,PSMT-PRICESMART INC-2025,13,99871,0,0,52,477.9423076923077,577,13.022268078414088,7679.153846153846
PTRN,PTRN-Pattern Group-2021.pdf,data/01_raw/sustainability/PTRN/PTRN-Pattern Group-2021.pdf,6215942,2026-07-13T10:22:38.684989+00:00,5c111da9d3eb5cd2ae3c86c14e06e0d61d2bc87d2ec37c60669d8ec0857c13f1,raw,data/01_raw/sustainability/PTRN/PTRN-Pattern Group-2021.pdf,6215942,2026-07-13T10:22:38.684989+00:00,5c111da9d3eb5cd2ae3c86c14e06e0d61d2bc87d2ec37c60669d8ec0857c13f1,data/02_interim/esg_text/PTRN/PTRN-Pattern Group-2021.txt,data/02_interim/esg_text/PTRN/PTRN-Pattern Group-2021.pages.csv,parsed,,108,224098,24,75b5eaa35f7a77f0b396933359e625dce6a3fbe80c6fb2a6d27f673e2033a17a,2026-07-13T11:45:18.688270+00:00,,False,26373,0.7825,2075.0,0,PTRN-Pattern Group-2021,16,224020,0,0,113,484.72566371681415,587,7.13973350944676,14006.125
PTRN,PTRN-Pattern Group-2022.pdf,data/01_raw/sustainability/PTRN/PTRN-Pattern Group-2022.pdf,5586805,2026-07-13T10:22:40.487181+00:00,cd1d5c94fb3b4e21563ade6e52998f13fc9fd2d3ff55c0abe0f64bde2a9017ca,raw,data/01_raw/sustainability/PTRN/PTRN-Pattern Group-2022.pdf,5586805,2026-07-13T10:22:40.487181+00:00,cd1d5c94fb3b4e21563ade6e52998f13fc9fd2d3ff55c0abe0f64bde2a9017ca,data/02_interim/esg_text/PTRN/PTRN-Pattern Group-2022.txt,data/02_interim/esg_text/PTRN/PTRN-Pattern Group-2022.pages.csv,parsed,,126,250351,81,038ceaa6ffe81574ea2e5e77b3d77f2fdb0cfde00cc4aec2224e2dd2087b7700,2026-07-13T11:45:32.541673+00:00,,False,28512,0.7793,1986.9,0,PTRN-Pattern Group-2022,16,250595,0,0,127,483.7165354330709,564,6.3910269980946754,15646.9375
PTRN,PTRN-Pattern Group-2023.pdf,data/01_raw/sustainability/PTRN/PTRN-Pattern Group-2023.pdf,7345385,2026-07-13T10:22:42.733885+00:00,01f1f72d952735967d823280f983c37e26b46ef92f0dd055f795768f79487ea5,raw,data/01_raw/sustainability/PTRN/PTRN-Pattern Group-2023.pdf,7345385,2026-07-13T10:22:42.733885+00:00,01f1f72d952735967d823280f983c37e26b46ef92f0dd055f795768f79487ea5,data/02_interim/esg_text/PTRN/PTRN-Pattern Group-2023.txt,data/02_interim/esg_text/PTRN/PTRN-Pattern Group-2023.pages.csv,parsed,,140,274080,131,98fc2e61f103a43936af199aab4d45b1680fa9b56f9e793c58753bcadf227ee7,2026-07-13T11:45:47.711492+00:00,garbled_text,False,29445,0.7296,1957.7,1494,PTRN-Pattern Group-2023,16,274083,0,0,156,485.31410256410254,595,5.837711617046118,17130.0
PTRN,PTRN-Pattern Group-2024(Italian).pdf,data/01_raw/sustainability/PTRN/PTRN-Pattern Group-2024(Italian).pdf,3127640,2026-07-13T10:22:45.206031+00:00,6629465f7a7a645b7f1aaae6bf696beb6ddb70d9c01188f617243958b12bfc79,raw,data/01_raw/sustainability/PTRN/PTRN-Pattern Group-2024(Italian).pdf,3127640,2026-07-13T10:22:45.206031+00:00,6629465f7a7a645b7f1aaae6bf696beb6ddb70d9c01188f617243958b12bfc79,data/02_interim/esg_text/PTRN/PTRN-Pattern Group-2024(Italian).txt,data/02_interim/esg_text/PTRN/PTRN-Pattern Group-2024(Italian).pages.csv,parsed,,84,146219,29,ae9d8b87ac156605680d97ca574c60b4433e60a4f7651ed615888759f6eabb85,2026-07-13T11:45:45.805850+00:00,,False,14273,0.6901,1740.7,0,PTRN-Pattern Group-2024(Italian),10,146110,0,0,103,488.2135922330097,588,6.839056483767499,14621.9
PVH,PVH-PVH CORP-2021.pdf,data/01_raw/sustainability/PVH/PVH-PVH CORP-2021.pdf,9793138,2026-07-13T10:22:49.590935+00:00,141fed063b7f135fb103ad9af6c04fdb122cf389746769411eeae66141388136,raw,data/01_raw/sustainability/PVH/PVH-PVH CORP-2021.pdf,9793138,2026-07-13T10:22:49.590935+00:00,141fed063b7f135fb103ad9af6c04fdb122cf389746769411eeae66141388136,data/02_interim/esg_text/PVH/PVH-PVH CORP-2021.txt,data/02_interim/esg_text/PVH/PVH-PVH CORP-2021.pages.csv,parsed,,99,229367,110,f32788db41a1efbcd341eff0d73de6cb4143445c8d1a127357135381712eff1f,2026-07-13T11:45:58.804584+00:00,,False,24909,0.7458,2316.8,0,PVH-PVH CORP-2021,15,229511,0,0,135,487.5851851851852,592,6.539737625726456,15291.133333333333
PVH,PVH-PVH CORP-2022.pdf,data/01_raw/sustainability/PVH/PVH-PVH CORP-2022.pdf,19446900,2026-07-13T10:22:53.442030+00:00,0d98f0d798df9f2a4d221d208842c4a3f0d3fa7d0087724046489d01e38d88eb,raw,data/01_raw/sustainability/PVH/PVH-PVH CORP-2022.pdf,19446900,2026-07-13T10:22:53.442030+00:00,0d98f0d798df9f2a4d221d208842c4a3f0d3fa7d0087724046489d01e38d88eb,data/02_interim/esg_text/PVH/PVH-PVH CORP-2022.txt,data/02_interim/esg_text/PVH/PVH-PVH CORP-2022.pages.csv,parsed,,111,262319,68,4dd70ca2e4bb82613949979f7f9ce8b083f80abdd834e32be1cc5db15a4d8559,2026-07-13T11:46:00.646817+00:00,,False,28506,0.7645,2363.2,0,PVH-PVH CORP-2022,14,262555,0,0,138,489.463768115942,593,5.337013331096871,18737.071428571428
PVH,PVH-PVH CORP-2023.pdf,data/01_raw/sustainability/PVH/PVH-PVH CORP-2023.pdf,24691041,2026-07-13T10:22:58.603383+00:00,454df8aa6e604e7d2ab7f62dc47af918a3090faec863263ebe40be294811a92c,raw,data/01_raw/sustainability/PVH/PVH-PVH CORP-2023.pdf,24691041,2026-07-13T10:22:58.603383+00:00,454df8aa6e604e7d2ab7f62dc47af918a3090faec863263ebe40be294811a92c,data/02_interim/esg_text/PVH/PVH-PVH CORP-2023.txt,data/02_interim/esg_text/PVH/PVH-PVH CORP-2023.pages.csv,parsed,,71,190376,102,bbb8ea25caded841d1a265538e6170b1d35a5f5811d5f3c18efb2994b1cbdf99,2026-07-13T11:46:11.178959+00:00,,False,21018,0.7512,2681.4,0,PVH-PVH CORP-2023,14,190494,0,0,102,491.29411764705884,574,7.35386813463882,13598.285714285714
PVH,PVH-PVH CORP-2024.pdf,data/01_raw/sustainability/PVH/PVH-PVH CORP-2024.pdf,6519735,2026-07-13T10:23:01.106957+00:00,a5cdb10ff02c6fea33d99af1c46e981c0ae2c9fb513ed403481fa17484d6fe0b,raw,data/01_raw/sustainability/PVH/PVH-PVH CORP-2024.pdf,6519735,2026-07-13T10:23:01.106957+00:00,a5cdb10ff02c6fea33d99af1c46e981c0ae2c9fb513ed403481fa17484d6fe0b,data/02_interim/esg_text/PVH/PVH-PVH CORP-2024.txt,data/02_interim/esg_text/PVH/PVH-PVH CORP-2024.pages.csv,parsed,,54,160819,93,a2befde1002ed9f7d988c141942237aca044bda62beaa57a5de18f00b5567258,2026-07-13T11:46:08.561860+00:00,,False,17584,0.7509,2978.1,0,PVH-PVH CORP-2024,15,160831,0,0,88,474.625,587,9.327256107798208,10721.266666666666
RCKY,RCKY-ROCKY BRANDS INC-2023.pdf,data/01_raw/sustainability/RCKY/RCKY-ROCKY BRANDS INC-2023.pdf,4595672,2026-07-13T10:23:03.274905+00:00,ec01fa31989baf20138cf63520976d5989f6da15641a880f7ba2b1351c9573e6,raw,data/01_raw/sustainability/RCKY/RCKY-ROCKY BRANDS INC-2023.pdf,4595672,2026-07-13T10:23:03.274905+00:00,ec01fa31989baf20138cf63520976d5989f6da15641a880f7ba2b1351c9573e6,data/02_interim/esg_text/RCKY/RCKY-ROCKY BRANDS INC-2023.txt,data/02_interim/esg_text/RCKY/RCKY-ROCKY BRANDS INC-2023.pages.csv,parsed,,51,107282,26,17c3737824a9a1ce4bc9eb248e0a0b1e2e52335c9cab2a0acfe965aef3e93690,2026-07-13T11:46:14.049631+00:00,,False,12735,0.8288,2103.6,0,RCKY-ROCKY BRANDS INC-2023,13,107256,0,0,51,464.15686274509807,585,12.11759661452993,8252.461538461539
RL,RL-RALPH LAUREN CORP-2021.pdf,data/01_raw/sustainability/RL/RL-RALPH LAUREN CORP-2021.pdf,4878841,2026-07-13T10:23:06.045051+00:00,a9e5c16838b069b5c43d57b29355b38711edf3317700480f08752b68b2c08c90,raw,data/01_raw/sustainability/RL/RL-RALPH LAUREN CORP-2021.pdf,4878841,2026-07-13T10:23:06.045051+00:00,a9e5c16838b069b5c43d57b29355b38711edf3317700480f08752b68b2c08c90,data/02_interim/esg_text/RL/RL-RALPH LAUREN CORP-2021.txt,data/02_interim/esg_text/RL/RL-RALPH LAUREN CORP-2021.pages.csv,parsed,,64,193441,32,79b7294a3fc01fe1ec7f8bf9ebef7835f74074cad70ba6f542b5c777cb54bbd5,2026-07-13T11:46:18.526140+00:00,,False,22577,0.7906,3022.5,0,RL-RALPH LAUREN CORP-2021,14,193413,0,0,94,485.0531914893617,564,7.237348855723451,13817.214285714286
RL,RL-RALPH LAUREN CORP-2022.pdf,data/01_raw/sustainability/RL/RL-RALPH LAUREN CORP-2022.pdf,17017793,2026-07-13T10:23:09.848008+00:00,d8aa8d72ba7adfcc25c1658ce74ad19ace80595eb6c7a6ec7aaa2962603e2169,raw,data/01_raw/sustainability/RL/RL-RALPH LAUREN CORP-2022.pdf,17017793,2026-07-13T10:23:09.848008+00:00,d8aa8d72ba7adfcc25c1658ce74ad19ace80595eb6c7a6ec7aaa2962603e2169,data/02_interim/esg_text/RL/RL-RALPH LAUREN CORP-2022.txt,data/02_interim/esg_text/RL/RL-RALPH LAUREN CORP-2022.pages.csv,parsed,,96,231659,143,b55f6a30ba3d2e0a47f8b6889469f5f61da49c1149856e589e856dbff531e742,2026-07-13T11:46:21.884264+00:00,,False,26726,0.7846,2413.1,0,RL-RALPH LAUREN CORP-2022,16,231209,0,0,113,485.0619469026549,508,6.906703387306342,14478.6875
RL,RL-RALPH LAUREN CORP-2023.pdf,data/01_raw/sustainability/RL/RL-RALPH LAUREN CORP-2023.pdf,7557257,2026-07-13T10:23:13.519598+00:00,c25e7d0f456028a3d99dbac24926fe124620b06441be09a25e1db780d135c058,raw,data/01_raw/sustainability/RL/RL-RALPH LAUREN CORP-2023.pdf,7557257,2026-07-13T10:23:13.519598+00:00,c25e7d0f456028a3d99dbac24926fe124620b06441be09a25e1db780d135c058,data/02_interim/esg_text/RL/RL-RALPH LAUREN CORP-2023.txt,data/02_interim/esg_text/RL/RL-RALPH LAUREN CORP-2023.pages.csv,parsed,,113,257931,93,dfed87e28d9a42bae26a37553940c917354efb683b6f4a05950c1cb4c4af59e5,2026-07-13T11:46:26.292584+00:00,,False,29748,0.7915,2282.6,0,RL-RALPH LAUREN CORP-2023,15,257586,0,0,129,482.4108527131783,544,5.815508798864813,17195.4
RL,RL-RALPH LAUREN CORP-2024.pdf,data/01_raw/sustainability/RL/RL-RALPH LAUREN CORP-2024.pdf,17488051,2026-07-13T10:23:17.511826+00:00,286e7de82f5678eb90b2d9eb75deadbc72af8cb0e13e6865f450c276a60ed712,raw,data/01_raw/sustainability/RL/RL-RALPH LAUREN CORP-2024.pdf,17488051,2026-07-13T10:23:17.511826+00:00,286e7de82f5678eb90b2d9eb75deadbc72af8cb0e13e6865f450c276a60ed712,data/02_interim/esg_text/RL/RL-RALPH LAUREN CORP-2024.txt,data/02_interim/esg_text/RL/RL-RALPH LAUREN CORP-2024.pages.csv,parsed,,111,259680,102,16966033523bdd7f66f07bdd39ff06bc85f99c5ccf30f8d2309ed3a801578d47,2026-07-13T11:46:30.041234+00:00,,False,29864,0.7919,2339.5,0,RL-RALPH LAUREN CORP-2024,15,259557,0,0,131,479.7328244274809,501,5.77634011090573,17312.0
RL,RL-RALPH LAUREN CORP-2025.pdf,data/01_raw/sustainability/RL/RL-RALPH LAUREN CORP-2025.pdf,11345167,2026-07-13T10:23:20.320595+00:00,e87ec87e3ff8f70046ef75a03ff8524b114133828ed36c0daa0b467229e064b9,raw,data/01_raw/sustainability/RL/RL-RALPH LAUREN CORP-2025.pdf,11345167,2026-07-13T10:23:20.320595+00:00,e87ec87e3ff8f70046ef75a03ff8524b114133828ed36c0daa0b467229e064b9,data/02_interim/esg_text/RL/RL-RALPH LAUREN CORP-2025.txt,data/02_interim/esg_text/RL/RL-RALPH LAUREN CORP-2025.pages.csv,parsed,,52,147572,38,68f7d95be19dce323e2457343283a0e8c223a07f361a67ddddc03e067f320168,2026-07-13T11:46:28.402263+00:00,,False,16862,0.7958,2837.9,0,RL-RALPH LAUREN CORP-2025,12,147629,0,0,72,478.7916666666667,575,8.131623885289892,12297.666666666666
ROST,ROST-ROSS STORES INC-2021.pdf,data/01_raw/sustainability/ROST/ROST-ROSS STORES INC-2021.pdf,15322018,2026-07-13T10:23:26.853540+00:00,9de983f4c5524acab37af52a0468b33bff75e9d787877f9df78fe535098fa19f,raw,data/01_raw/sustainability/ROST/ROST-ROSS STORES INC-2021.pdf,15322018,2026-07-13T10:23:26.853540+00:00,9de983f4c5524acab37af52a0468b33bff75e9d787877f9df78fe535098fa19f,data/02_interim/esg_text/ROST/ROST-ROSS STORES INC-2021.txt,data/02_interim/esg_text/ROST/ROST-ROSS STORES INC-2021.pages.csv,parsed,,63,116084,13,78d473e2c0a688d704d1ac69ea2f897621d19fe5aa387a9c2bb635a4d90db0ad,2026-07-13T11:46:34.726005+00:00,,False,13695,0.8147,1842.6,0,ROST-ROSS STORES INC-2021,13,116074,1,0,56,474.60714285714283,567,11.198787085214155,8929.538461538461
ROST,ROST-ROSS STORES INC-2022.pdf,data/01_raw/sustainability/ROST/ROST-ROSS STORES INC-2022.pdf,11416038,2026-07-13T10:23:32.195349+00:00,a12ee554c1df0c4ad3ccc4e1cdb0ba900ecd0adbd220f9bc32d1a66d1c0d06e8,raw,data/01_raw/sustainability/ROST/ROST-ROSS STORES INC-2022.pdf,11416038,2026-07-13T10:23:32.195349+00:00,a12ee554c1df0c4ad3ccc4e1cdb0ba900ecd0adbd220f9bc32d1a66d1c0d06e8,data/02_interim/esg_text/ROST/ROST-ROSS STORES INC-2022.txt,data/02_interim/esg_text/ROST/ROST-ROSS STORES INC-2022.pages.csv,parsed,,59,123881,17,9417b94036c85d70739c9667b000aa7b31ba4cdf5d32b93c31f630db8cb9a323,2026-07-13T11:46:37.003862+00:00,,False,14598,0.8092,2099.7,0,ROST-ROSS STORES INC-2022,14,123932,1,0,60,467.76666666666665,538,11.301168056441263,8848.642857142857
ROST,ROST-ROSS STORES INC-2023.pdf,data/01_raw/sustainability/ROST/ROST-ROSS STORES INC-2023.pdf,9158343,2026-07-13T10:23:36.204409+00:00,f63bccac848a6ffd6778eb2d00d70fbe1719938d1f2ce19abbc8265d9ad242dc,raw,data/01_raw/sustainability/ROST/ROST-ROSS STORES INC-2023.pdf,9158343,2026-07-13T10:23:36.204409+00:00,f63bccac848a6ffd6778eb2d00d70fbe1719938d1f2ce19abbc8265d9ad242dc,data/02_interim/esg_text/ROST/ROST-ROSS STORES INC-2023.txt,data/02_interim/esg_text/ROST/ROST-ROSS STORES INC-2023.pages.csv,parsed,,60,126995,17,90db6f3ae99d15a97d49cb8fddae85bce670012671cd9bd08ea71a580276d4af,2026-07-13T11:47:13.396837+00:00,,False,15049,0.8154,2116.6,0,ROST-ROSS STORES INC-2023,14,127053,0,0,61,468.62295081967216,535,11.024056065199417,9071.07142857143
ROST,ROST-ROSS STORES INC-2024.pdf,data/01_raw/sustainability/ROST/ROST-ROSS STORES INC-2024.pdf,9075575,2026-07-13T10:23:46.683324+00:00,70ce615a1f0d087a0b43b3e9f02e345dfa5af11106330b9801dadf18852e8d1e,raw,data/01_raw/sustainability/ROST/ROST-ROSS STORES INC-2024.pdf,9075575,2026-07-13T10:23:46.683324+00:00,70ce615a1f0d087a0b43b3e9f02e345dfa5af11106330b9801dadf18852e8d1e,data/02_interim/esg_text/ROST/ROST-ROSS STORES INC-2024.txt,data/02_interim/esg_text/ROST/ROST-ROSS STORES INC-2024.pages.csv,parsed,,57,125728,20,43c08a471744de941c674e6d2429691c0566883ed74d80824d4a22871136bed4,2026-07-13T11:47:24.583508+00:00,,False,14824,0.8143,2205.8,0,ROST-ROSS STORES INC-2024,14,125795,0,0,59,478.47457627118644,595,11.135148892848052,8980.57142857143
SBH,SBH-SALLY BEAUTY HOLDINGS INC-2021.pdf,data/01_raw/sustainability/SBH/SBH-SALLY BEAUTY HOLDINGS INC-2021.pdf,322448,2026-07-13T10:23:48.218142+00:00,27bb67eaf669aeca69179b51f1716caded84fa22ef8b60ef20f02bd17d7f80c8,raw,data/01_raw/sustainability/SBH/SBH-SALLY BEAUTY HOLDINGS INC-2021.pdf,322448,2026-07-13T10:23:48.218142+00:00,27bb67eaf669aeca69179b51f1716caded84fa22ef8b60ef20f02bd17d7f80c8,data/02_interim/esg_text/SBH/SBH-SALLY BEAUTY HOLDINGS INC-2021.txt,data/02_interim/esg_text/SBH/SBH-SALLY BEAUTY HOLDINGS INC-2021.pages.csv,parsed,,8,34930,0,5716ef3112dfed9217841b27e6a3518ebf9036e018fc6726db8e556ac81290af,2026-07-13T11:46:38.887364+00:00,,False,4296,0.8202,4366.2,0,SBH-SALLY BEAUTY HOLDINGS INC-2021,7,34891,0,0,17,443.4117647058824,536,20.04008016032064,4990.0
SBH,SBH-SALLY BEAUTY HOLDINGS INC-2022.pdf.pdf,data/01_raw/sustainability/SBH/SBH-SALLY BEAUTY HOLDINGS INC-2022.pdf.pdf,520032,2026-07-13T10:23:49.351697+00:00,1cb9cb637106e407567a43fd1bc05a5186a325ffeae062a088696d323355f84c,raw,data/01_raw/sustainability/SBH/SBH-SALLY BEAUTY HOLDINGS INC-2022.pdf.pdf,520032,2026-07-13T10:23:49.351697+00:00,1cb9cb637106e407567a43fd1bc05a5186a325ffeae062a088696d323355f84c,data/02_interim/esg_text/SBH/SBH-SALLY BEAUTY HOLDINGS INC-2022.pdf.txt,data/02_interim/esg_text/SBH/SBH-SALLY BEAUTY HOLDINGS INC-2022.pdf.pages.csv,parsed,,11,38863,0,9b0bdd6b8e5534647dc38d5bb242e7a9a7d85c48562c07fe7bcbd03f7452dcf9,2026-07-13T11:46:41.160988+00:00,,False,4852,0.8284,3533.0,0,SBH-SALLY BEAUTY HOLDINGS INC-2022.pdf,8,38824,0,0,18,455.1111111111111,576,20.58513238813267,4857.875
SBH,SBH-SALLY BEAUTY HOLDINGS INC-2023.pdf.pdf,data/01_raw/sustainability/SBH/SBH-SALLY BEAUTY HOLDINGS INC-2023.pdf.pdf,619842,2026-07-13T10:23:51.150428+00:00,f5e4e4ea612c59803b9e92c334b05bd89278c97df27970337f40369e6fe5ba68,raw,data/01_raw/sustainability/SBH/SBH-SALLY BEAUTY HOLDINGS INC-2023.pdf.pdf,619842,2026-07-13T10:23:51.150428+00:00,f5e4e4ea612c59803b9e92c334b05bd89278c97df27970337f40369e6fe5ba68,data/02_interim/esg_text/SBH/SBH-SALLY BEAUTY HOLDINGS INC-2023.pdf.txt,data/02_interim/esg_text/SBH/SBH-SALLY BEAUTY HOLDINGS INC-2023.pdf.pages.csv,parsed,,12,37315,1,f1beecdbc78e1e43e6d8996dc62c70d619fa9a7c30c86f96c20958a46b53fbd2,2026-07-13T11:46:43.081652+00:00,,False,4605,0.8266,3109.6,0,SBH-SALLY BEAUTY HOLDINGS INC-2023.pdf,9,37276,1,0,19,408.89473684210526,500,24.118987002545893,4146.111111111111
SBH,SBH-SALLY BEAUTY HOLDINGS INC-2024.pdf,data/01_raw/sustainability/SBH/SBH-SALLY BEAUTY HOLDINGS INC-2024.pdf,874871,2026-07-13T10:23:53.492162+00:00,2fca103e2e2535dbe672ac5647e0b0b7c225ea0a3657a33152bb6559f0ec9128,raw,data/01_raw/sustainability/SBH/SBH-SALLY BEAUTY HOLDINGS INC-2024.pdf,874871,2026-07-13T10:23:53.492162+00:00,2fca103e2e2535dbe672ac5647e0b0b7c225ea0a3657a33152bb6559f0ec9128,data/02_interim/esg_text/SBH/SBH-SALLY BEAUTY HOLDINGS INC-2024.txt,data/02_interim/esg_text/SBH/SBH-SALLY BEAUTY HOLDINGS INC-2024.pages.csv,parsed,,11,30484,0,386c83a73e47a2ee61b2f49f91c0afe74de0c2a738288163d7547dbd256bf6af,2026-07-13T11:46:44.444461+00:00,,False,1030,1.9145,2771.3,0,SBH-SALLY BEAUTY HOLDINGS INC-2024,7,30484,1,0,19,452.94736842105266,500,22.962865765647553,4354.857142857143
SFM,SFM-SPROUTS FARMERS MARKET-2021.pdf,data/01_raw/sustainability/SFM/SFM-SPROUTS FARMERS MARKET-2021.pdf,12787015,2026-07-13T10:24:04.415510+00:00,cd4ead28b8e7014b4b3cbab62ea8216d6818f9689e84a3dcb9f749c26cd20059,raw,data/01_raw/sustainability/SFM/SFM-SPROUTS FARMERS MARKET-2021.pdf,12787015,2026-07-13T10:24:04.415510+00:00,cd4ead28b8e7014b4b3cbab62ea8216d6818f9689e84a3dcb9f749c26cd20059,data/02_interim/esg_text/SFM/SFM-SPROUTS FARMERS MARKET-2021.txt,data/02_interim/esg_text/SFM/SFM-SPROUTS FARMERS MARKET-2021.pages.csv,parsed,,44,72192,54,cb6db1b93f0213e2d3fdee2d5c6566b320ba98fe241c34307fec064e88b7d185,2026-07-13T11:46:53.886420+00:00,,False,8680,0.8151,1640.7,0,SFM-SPROUTS FARMERS MARKET-2021,14,72126,0,0,36,470.5833333333333,593,19.3927304964539,5156.571428571428
SFM,SFM-SPROUTS FARMERS MARKET-2022.pdf,data/01_raw/sustainability/SFM/SFM-SPROUTS FARMERS MARKET-2022.pdf,15370137,2026-07-13T10:24:12.385046+00:00,3aaa8399d768fa5c3d6e48e8a10d00c348d605489aad6545031949d977db1683,raw,data/01_raw/sustainability/SFM/SFM-SPROUTS FARMERS MARKET-2022.pdf,15370137,2026-07-13T10:24:12.385046+00:00,3aaa8399d768fa5c3d6e48e8a10d00c348d605489aad6545031949d977db1683,data/02_interim/esg_text/SFM/SFM-SPROUTS FARMERS MARKET-2022.txt,data/02_interim/esg_text/SFM/SFM-SPROUTS FARMERS MARKET-2022.pages.csv,parsed,,52,77068,25,650e3be63060c60f32a044e3e62522664e594f4b8c4978bf0f668455e54cf248,2026-07-13T11:47:06.438459+00:00,,False,8991,0.7395,1482.1,0,SFM-SPROUTS FARMERS MARKET-2022,14,77084,0,0,43,454.6046511627907,557,18.16577567862148,5504.857142857143
SFM,SFM-SPROUTS FARMERS MARKET-2023.pdf,data/01_raw/sustainability/SFM/SFM-SPROUTS FARMERS MARKET-2023.pdf,13988343,2026-07-13T10:24:19.344067+00:00,bb4159ede83dd330edf88afb5117522cd1c120786cc033c934fa7f408d26c000,raw,data/01_raw/sustainability/SFM/SFM-SPROUTS FARMERS MARKET-2023.pdf,13988343,2026-07-13T10:24:19.344067+00:00,bb4159ede83dd330edf88afb5117522cd1c120786cc033c934fa7f408d26c000,data/02_interim/esg_text/SFM/SFM-SPROUTS FARMERS MARKET-2023.txt,data/02_interim/esg_text/SFM/SFM-SPROUTS FARMERS MARKET-2023.pages.csv,parsed,,52,85326,20,4a14b4d43d8bcf5d5852d4ef5b530a4660d699f3912b1f6d66cff9d9f11084ac,2026-07-13T11:47:12.968955+00:00,,False,10152,0.8119,1640.9,0,SFM-SPROUTS FARMERS MARKET-2023,13,85288,0,0,45,453.0444444444444,589,15.23568431662096,6563.538461538462
SFM,SFM-SPROUTS FARMERS MARKET-2024.pdf,data/01_raw/sustainability/SFM/SFM-SPROUTS FARMERS MARKET-2024.pdf,56747851,2026-07-13T10:24:33.103703+00:00,6c544d62dd4e468d6166e4d56d1e07a2a3503f344d33951c210a645f7cedfdd7,raw,data/01_raw/sustainability/SFM/SFM-SPROUTS FARMERS MARKET-2024.pdf,56747851,2026-07-13T10:24:33.103703+00:00,6c544d62dd4e468d6166e4d56d1e07a2a3503f344d33951c210a645f7cedfdd7,data/02_interim/esg_text/SFM/SFM-SPROUTS FARMERS MARKET-2024.txt,data/02_interim/esg_text/SFM/SFM-SPROUTS FARMERS MARKET-2024.pages.csv,parsed,,43,58418,4,5cf22a61ae0a1c22f9aef2872c1764098f56084ef1d46e1f8bf424d4953efc6d,2026-07-13T11:47:27.060225+00:00,,False,5974,0.8213,1358.6,0,SFM-SPROUTS FARMERS MARKET-2024,13,58450,1,0,41,462.5365853658537,546,22.25341504330857,4493.692307692308
SFM,SFM-SPROUTS FARMERS MARKET-2025.pdf,data/01_raw/sustainability/SFM/SFM-SPROUTS FARMERS MARKET-2025.pdf,185669,2026-07-13T10:24:34.119407+00:00,8f39fe32786699905144eaec6e1749d32750a358fc907e3752aa99db86d7b1c7,raw,data/01_raw/sustainability/SFM/SFM-SPROUTS FARMERS MARKET-2025.pdf,185669,2026-07-13T10:24:34.119407+00:00,8f39fe32786699905144eaec6e1749d32750a358fc907e3752aa99db86d7b1c7,data/02_interim/esg_text/SFM/SFM-SPROUTS FARMERS MARKET-2025.txt,data/02_interim/esg_text/SFM/SFM-SPROUTS FARMERS MARKET-2025.pages.csv,parsed,,4,6072,5,5e31ba6274866684d5f8e2aacd2c4caeeea2f681660ee7091ce63461c03d0e85,2026-07-13T11:47:14.543862+00:00,,False,562,0.6862,1518.0,0,SFM-SPROUTS FARMERS MARKET-2025,7,5966,0,0,7,249.0,561,115.2832674571805,867.4285714285714
SGC,SGC-SUPERIOR GROUP OF COS INC-2021.pdf,data/01_raw/sustainability/SGC/SGC-SUPERIOR GROUP OF COS INC-2021.pdf,24721410,2026-07-13T10:24:40.363597+00:00,a73b809760ed319d7047d4cd97916c1098a5c7965ebff998ef32676f4848db36,raw,data/01_raw/sustainability/SGC/SGC-SUPERIOR GROUP OF COS INC-2021.pdf,24721410,2026-07-13T10:24:40.363597+00:00,a73b809760ed319d7047d4cd97916c1098a5c7965ebff998ef32676f4848db36,data/02_interim/esg_text/SGC/SGC-SUPERIOR GROUP OF COS INC-2021.txt,data/02_interim/esg_text/SGC/SGC-SUPERIOR GROUP OF COS INC-2021.pages.csv,parsed,,42,99469,75,bfbe024bc2f58ebbbf8c4cd409cf18561c9445208771a3779b03e730ecfe83c3,2026-07-13T11:47:23.627183+00:00,,False,11538,0.7961,2368.3,0,SGC-SUPERIOR GROUP OF COS INC-2021,9,99451,0,0,50,478.7,539,9.048045119584996,11052.111111111111
SGC,SGC-SUPERIOR GROUP OF COS INC-2022.pdf,data/01_raw/sustainability/SGC/SGC-SUPERIOR GROUP OF COS INC-2022.pdf,9058583,2026-07-13T10:24:43.543999+00:00,595ccba3322f89bf73f0ec2a37a11b328ad7797d64c5ad00c2c3c017181bc5c3,raw,data/01_raw/sustainability/SGC/SGC-SUPERIOR GROUP OF COS INC-2022.pdf,9058583,2026-07-13T10:24:43.543999+00:00,595ccba3322f89bf73f0ec2a37a11b328ad7797d64c5ad00c2c3c017181bc5c3,data/02_interim/esg_text/SGC/SGC-SUPERIOR GROUP OF COS INC-2022.txt,data/02_interim/esg_text/SGC/SGC-SUPERIOR GROUP OF COS INC-2022.pages.csv,parsed,,35,64146,6,fd6427bed4cb8deb4868f30a0e439496839e5cf7a7407f988e68d2b7cb9ea8d7,2026-07-13T11:47:18.109462+00:00,,False,7565,0.816,1832.7,0,SGC-SUPERIOR GROUP OF COS INC-2022,7,64210,0,0,31,463.2903225806452,521,10.91260561843295,9163.714285714286
SGC,SGC-SUPERIOR GROUP OF COS INC-2023.pdf,data/01_raw/sustainability/SGC/SGC-SUPERIOR GROUP OF COS INC-2023.pdf,5106327,2026-07-13T10:24:47.325898+00:00,c49a0a87e9cb56a55b734e993aeb0dcfc4115e07a37c4978d29f1e1a23fa968e,raw,data/01_raw/sustainability/SGC/SGC-SUPERIOR GROUP OF COS INC-2023.pdf,5106327,2026-07-13T10:24:47.325898+00:00,c49a0a87e9cb56a55b734e993aeb0dcfc4115e07a37c4978d29f1e1a23fa968e,data/02_interim/esg_text/SGC/SGC-SUPERIOR GROUP OF COS INC-2023.txt,data/02_interim/esg_text/SGC/SGC-SUPERIOR GROUP OF COS INC-2023.pages.csv,parsed,,41,79358,11,1367634014e2eba640624da7f50cb6b50f986dc1fe9bb6114e7698e4c3b9a29f,2026-07-13T11:47:21.713017+00:00,,False,9308,0.8124,1935.6,0,SGC-SUPERIOR GROUP OF COS INC-2023,9,79327,0,0,41,465.1463414634146,538,11.341011618236347,8817.555555555555
SGC,SGC-SUPERIOR GROUP OF COS INC-2024.pdf,data/01_raw/sustainability/SGC/SGC-SUPERIOR GROUP OF COS INC-2024.pdf,23094270,2026-07-13T10:24:50.544660+00:00,b1aa85bb17ce49316b0cf5da11ecb67b8d1f9a2543200933d03899e7a6daac21,raw,data/01_raw/sustainability/SGC/SGC-SUPERIOR GROUP OF COS INC-2024.pdf,23094270,2026-07-13T10:24:50.544660+00:00,b1aa85bb17ce49316b0cf5da11ecb67b8d1f9a2543200933d03899e7a6daac21,data/02_interim/esg_text/SGC/SGC-SUPERIOR GROUP OF COS INC-2024.txt,data/02_interim/esg_text/SGC/SGC-SUPERIOR GROUP OF COS INC-2024.pages.csv,parsed,,37,90206,4,63f2c8ca41a6016fdea0f132fb88f91e2f36fdde94326fe6dabae2ee8bbbf2d8,2026-07-13T11:47:26.076818+00:00,,False,10376,0.8344,2438.0,0,SGC-SUPERIOR GROUP OF COS INC-2024,11,90150,0,0,43,457.74418604651163,587,12.194310799725073,8200.545454545454
SGC,SGC-SUPERIOR GROUP OF COS INC-2025.pdf,data/01_raw/sustainability/SGC/SGC-SUPERIOR GROUP OF COS INC-2025.pdf,82900867,2026-07-13T10:24:59.964025+00:00,fe76dd6ce422c1485d86b60eccc078c7815161df92d2ad238dd4f94edea37e74,raw,data/01_raw/sustainability/SGC/SGC-SUPERIOR GROUP OF COS INC-2025.pdf,82900867,2026-07-13T10:24:59.964025+00:00,fe76dd6ce422c1485d86b60eccc078c7815161df92d2ad238dd4f94edea37e74,data/02_interim/esg_text/SGC/SGC-SUPERIOR GROUP OF COS INC-2025.txt,data/02_interim/esg_text/SGC/SGC-SUPERIOR GROUP OF COS INC-2025.pages.csv,parsed,,50,98582,6,a63a3edf3033751e28dc8ffe0d60517a5cddd4780021eabbdb994987c641a609,2026-07-13T11:47:29.887051+00:00,,False,10302,0.8368,1971.6,0,SGC-SUPERIOR GROUP OF COS INC-2025,11,97345,0,0,64,481.84375,548,11.15822361080116,8962.0
SGI,SGI-SOMNIGROUP INTERNATIONAL INC-2021.pdf,data/01_raw/sustainability/SGI/SGI-SOMNIGROUP INTERNATIONAL INC-2021.pdf,6803563,2026-07-13T10:25:03.493029+00:00,966fb852c221c4f71cc92c568d0d6929b45ed00622af0a92a9b267329371d479,raw,data/01_raw/sustainability/SGI/SGI-SOMNIGROUP INTERNATIONAL INC-2021.pdf,6803563,2026-07-13T10:25:03.493029+00:00,966fb852c221c4f71cc92c568d0d6929b45ed00622af0a92a9b267329371d479,data/02_interim/esg_text/SGI/SGI-SOMNIGROUP INTERNATIONAL INC-2021.txt,data/02_interim/esg_text/SGI/SGI-SOMNIGROUP INTERNATIONAL INC-2021.pages.csv,parsed,,35,59590,9,0716e3f4aaa5545b70f779f05c205a1fa67ad734ffbab8f5e4198c0c61ea2534,2026-07-13T11:47:27.567510+00:00,,False,7036,0.8129,1702.6,0,SGI-SOMNIGROUP INTERNATIONAL INC-2021,11,59585,1,0,30,439.26666666666665,547,18.459473065950665,5417.272727272727
SGI,SGI-SOMNIGROUP INTERNATIONAL INC-2022.pdf,data/01_raw/sustainability/SGI/SGI-SOMNIGROUP INTERNATIONAL INC-2022.pdf,4312072,2026-07-13T10:25:05.759069+00:00,269bf401b3b242ebfaf0966b12cf790dab864bf8817570aaf1b30499be8a3258,raw,data/01_raw/sustainability/SGI/SGI-SOMNIGROUP INTERNATIONAL INC-2022.pdf,4312072,2026-07-13T10:25:05.759069+00:00,269bf401b3b242ebfaf0966b12cf790dab864bf8817570aaf1b30499be8a3258,data/02_interim/esg_text/SGI/SGI-SOMNIGROUP INTERNATIONAL INC-2022.txt,data/02_interim/esg_text/SGI/SGI-SOMNIGROUP INTERNATIONAL INC-2022.pages.csv,parsed,,27,69863,21,69da6ee667e74c0334f48d2ecbd9410030fdd36391ef827d4ab786f72625aef6,2026-07-13T11:47:29.285837+00:00,,False,8157,0.8099,2587.5,0,SGI-SOMNIGROUP INTERNATIONAL INC-2022,12,69623,0,0,36,440.05555555555554,500,17.176473956171364,5821.916666666667
SGI,SGI-SOMNIGROUP INTERNATIONAL INC-2023.pdf,data/01_raw/sustainability/SGI/SGI-SOMNIGROUP INTERNATIONAL INC-2023.pdf,23792569,2026-07-13T10:25:12.320329+00:00,7e39fc2d572bf34731d420ca7527b8b8d3b9edb193239d3747f70f3638fb4d47,raw,data/01_raw/sustainability/SGI/SGI-SOMNIGROUP INTERNATIONAL INC-2023.pdf,23792569,2026-07-13T10:25:12.320329+00:00,7e39fc2d572bf34731d420ca7527b8b8d3b9edb193239d3747f70f3638fb4d47,data/02_interim/esg_text/SGI/SGI-SOMNIGROUP INTERNATIONAL INC-2023.txt,data/02_interim/esg_text/SGI/SGI-SOMNIGROUP INTERNATIONAL INC-2023.pages.csv,parsed,,31,103789,11,4d2ad046b0bf56900a348c3fd68bea36a4aa54b31c1a6b52f5babf3f7fdaf2b6,2026-07-13T11:47:31.207754+00:00,,False,12054,0.808,3348.0,0,SGI-SOMNIGROUP INTERNATIONAL INC-2023,16,103585,0,0,52,453.28846153846155,575,15.415891857518622,6486.8125
SGI,SGI-SOMNIGROUP INTERNATIONAL INC-2024.pdf,data/01_raw/sustainability/SGI/SGI-SOMNIGROUP INTERNATIONAL INC-2024.pdf,23109171,2026-07-13T10:25:20.202860+00:00,8688418a48b4ccb3fc2bc157876399038e09d4dc7b5dd7d50a86d57ef8be6f08,raw,data/01_raw/sustainability/SGI/SGI-SOMNIGROUP INTERNATIONAL INC-2024.pdf,23109171,2026-07-13T10:25:20.202860+00:00,8688418a48b4ccb3fc2bc157876399038e09d4dc7b5dd7d50a86d57ef8be6f08,data/02_interim/esg_text/SGI/SGI-SOMNIGROUP INTERNATIONAL INC-2024.txt,data/02_interim/esg_text/SGI/SGI-SOMNIGROUP INTERNATIONAL INC-2024.pages.csv,parsed,,33,115278,19,a6c51312cf1d03f44e95de31fee5c28b19da365c0d82626eeeebff2b53886550,2026-07-13T11:47:32.581705+00:00,,False,13304,0.805,3493.3,0,SGI-SOMNIGROUP INTERNATIONAL INC-2024,13,115127,0,0,56,473.4107142857143,580,11.277086694772636,8867.538461538461
SGI,SGI-SOMNIGROUP INTERNATIONAL INC-2025.pdf,data/01_raw/sustainability/SGI/SGI-SOMNIGROUP INTERNATIONAL INC-2025.pdf,13526677,2026-07-13T10:25:26.693658+00:00,7385cff6713040c27d923c4935da12ec2a7bca0981214e5eed054ba19db2034f,raw,data/01_raw/sustainability/SGI/SGI-SOMNIGROUP INTERNATIONAL INC-2025.pdf,13526677,2026-07-13T10:25:26.693658+00:00,7385cff6713040c27d923c4935da12ec2a7bca0981214e5eed054ba19db2034f,data/02_interim/esg_text/SGI/SGI-SOMNIGROUP INTERNATIONAL INC-2025.txt,data/02_interim/esg_text/SGI/SGI-SOMNIGROUP INTERNATIONAL INC-2025.pages.csv,parsed,,36,123923,12,5dd60ecd690a04dfc21b2b15cc93006e726e468257a53cfe67a2e2f2f5e06b3b,2026-07-13T11:47:34.020017+00:00,,False,14291,0.8078,3442.3,0,SGI-SOMNIGROUP INTERNATIONAL INC-2025,11,123788,0,0,60,472.85,500,8.87647974952188,11265.727272727272
SHOO,SHOO-MADDEN STEVEN LTD-2021.pdf,data/01_raw/sustainability/SHOO/SHOO-MADDEN STEVEN LTD-2021.pdf,8805234,2026-07-13T10:25:29.987901+00:00,5806af53bb4c1ba07ed1a5987c0ac2bb877b9e57faf422a460c550b32c6f53fd,raw,data/01_raw/sustainability/SHOO/SHOO-MADDEN STEVEN LTD-2021.pdf,8805234,2026-07-13T10:25:29.987901+00:00,5806af53bb4c1ba07ed1a5987c0ac2bb877b9e57faf422a460c550b32c6f53fd,data/02_interim/esg_text/SHOO/SHOO-MADDEN STEVEN LTD-2021.txt,data/02_interim/esg_text/SHOO/SHOO-MADDEN STEVEN LTD-2021.pages.csv,parsed,,57,79395,21,f9fe808f5f5fbe5e6df7ff37b6b4a36b32b29014370f81d00ac7be1ac0ac0ddf,2026-07-13T11:47:34.311400+00:00,low_readable_word_ratio,False,137,0.0816,1392.9,0,SHOO-MADDEN STEVEN LTD-2021,1,79395,1,1,127,497.755905511811,500,1.2595251590150514,79395.0
SHOO,SHOO-MADDEN STEVEN LTD-2022.pdf,data/01_raw/sustainability/SHOO/SHOO-MADDEN STEVEN LTD-2022.pdf,25819270,2026-07-13T10:25:35.283090+00:00,1d7b5eccdd4dfab827671c8f249277abc3f78bce725a4dbe7fd140b39d23f48a,raw,data/01_raw/sustainability/SHOO/SHOO-MADDEN STEVEN LTD-2022.pdf,25819270,2026-07-13T10:25:35.283090+00:00,1d7b5eccdd4dfab827671c8f249277abc3f78bce725a4dbe7fd140b39d23f48a,data/02_interim/esg_text/SHOO/SHOO-MADDEN STEVEN LTD-2022.txt,data/02_interim/esg_text/SHOO/SHOO-MADDEN STEVEN LTD-2022.pages.csv,parsed,,85,152049,27,455374c006da782d4b202f5e0fe3bd7b22db4925d64df73f7d0ccc23e8728879,2026-07-13T11:47:38.332934+00:00,,False,17528,0.8067,1788.8,0,SHOO-MADDEN STEVEN LTD-2022,15,152114,0,0,80,475.675,598,9.865240810528185,10136.6
SHOO,SHOO-MADDEN STEVEN LTD-2023.pdf,data/01_raw/sustainability/SHOO/SHOO-MADDEN STEVEN LTD-2023.pdf,8841538,2026-07-13T10:25:37.849153+00:00,b9035e75f019538b1d37ccb3eb4f2356ad48a1cc4c8d7e37e6b6ab9f6dcd6bb5,raw,data/01_raw/sustainability/SHOO/SHOO-MADDEN STEVEN LTD-2023.pdf,8841538,2026-07-13T10:25:37.849153+00:00,b9035e75f019538b1d37ccb3eb4f2356ad48a1cc4c8d7e37e6b6ab9f6dcd6bb5,data/02_interim/esg_text/SHOO/SHOO-MADDEN STEVEN LTD-2023.txt,data/02_interim/esg_text/SHOO/SHOO-MADDEN STEVEN LTD-2023.pages.csv,parsed,,79,154673,23,ec4786fa8d05d1b7b76e65b3650e405b49fc7d41673b44effba34778ebca69cb,2026-07-13T11:47:40.617310+00:00,,False,18027,0.7996,1957.9,0,SHOO-MADDEN STEVEN LTD-2023,15,154735,1,0,82,476.5487804878049,569,9.697878750654606,10311.533333333333
SHOO,SHOO-MADDEN STEVEN LTD-2024.pdf,data/01_raw/sustainability/SHOO/SHOO-MADDEN STEVEN LTD-2024.pdf,27396415,2026-07-13T10:25:46.708423+00:00,3e2cc2aefa3ce23c3a6b2b26676a27b3d9882afe9a73c909f9705eef1f435434,raw,data/01_raw/sustainability/SHOO/SHOO-MADDEN STEVEN LTD-2024.pdf,27396415,2026-07-13T10:25:46.708423+00:00,3e2cc2aefa3ce23c3a6b2b26676a27b3d9882afe9a73c909f9705eef1f435434,data/02_interim/esg_text/SHOO/SHOO-MADDEN STEVEN LTD-2024.txt,data/02_interim/esg_text/SHOO/SHOO-MADDEN STEVEN LTD-2024.pages.csv,parsed,,35,70070,25,9af1913d025623ed9a4547a5f0f25fd76054edb3380cc69aa06a4b02bffecb01,2026-07-13T11:47:37.394041+00:00,,False,8181,0.7955,2002.0,0,SHOO-MADDEN STEVEN LTD-2024,13,69897,0,0,36,467.0,598,18.552875695732837,5390.0
SNBR,SNBR-SLEEP NUMBER CORP-2021.pdf,data/01_raw/sustainability/SNBR/SNBR-SLEEP NUMBER CORP-2021.pdf,3158481,2026-07-13T10:25:49.285518+00:00,61af5399bc4c0f2cbcb809024c35e5bc2ba390b683d22f8ac849e9265818a1a5,raw,data/01_raw/sustainability/SNBR/SNBR-SLEEP NUMBER CORP-2021.pdf,3158481,2026-07-13T10:25:49.285518+00:00,61af5399bc4c0f2cbcb809024c35e5bc2ba390b683d22f8ac849e9265818a1a5,data/02_interim/esg_text/SNBR/SNBR-SLEEP NUMBER CORP-2021.txt,data/02_interim/esg_text/SNBR/SNBR-SLEEP NUMBER CORP-2021.pages.csv,parsed,,48,109156,16,ff0c60b716fc6e06c375f70a9bd3ac82884cfb2b0dfe85b5074ca513ab8e28e7,2026-07-13T11:47:39.364866+00:00,,False,12819,0.7896,2274.1,0,SNBR-SLEEP NUMBER CORP-2021,11,109151,0,0,54,490.1111111111111,577,10.077320532082524,9923.272727272728
SNBR,SNBR-SLEEP NUMBER CORP-2022.pdf,data/01_raw/sustainability/SNBR/SNBR-SLEEP NUMBER CORP-2022.pdf,5909213,2026-07-13T10:25:52.917175+00:00,6c25970d99299a3fc137a9019b8535a81dd2f5d425e8091a94ce449b5b58705e,raw,data/01_raw/sustainability/SNBR/SNBR-SLEEP NUMBER CORP-2022.pdf,5909213,2026-07-13T10:25:52.917175+00:00,6c25970d99299a3fc137a9019b8535a81dd2f5d425e8091a94ce449b5b58705e,data/02_interim/esg_text/SNBR/SNBR-SLEEP NUMBER CORP-2022.txt,data/02_interim/esg_text/SNBR/SNBR-SLEEP NUMBER CORP-2022.pages.csv,parsed,,78,124365,60,f4e1e9ca8293c971edb43c8f5fc9970f50f075185133491307073bd42b46a5a9,2026-07-13T11:47:42.669742+00:00,,False,14574,0.8037,1594.4,0,SNBR-SLEEP NUMBER CORP-2022,15,124158,0,0,63,472.015873015873,595,12.061271257990592,8291.0
SNBR,SNBR-SLEEP NUMBER CORP-2023.pdf,data/01_raw/sustainability/SNBR/SNBR-SLEEP NUMBER CORP-2023.pdf,4514144,2026-07-13T10:25:56.488300+00:00,7ba2cf4be59891bb127b81bb9453ea909fbcf41f7d8d33b18fd75ab130e710ba,raw,data/01_raw/sustainability/SNBR/SNBR-SLEEP NUMBER CORP-2023.pdf,4514144,2026-07-13T10:25:56.488300+00:00,7ba2cf4be59891bb127b81bb9453ea909fbcf41f7d8d33b18fd75ab130e710ba,data/02_interim/esg_text/SNBR/SNBR-SLEEP NUMBER CORP-2023.txt,data/02_interim/esg_text/SNBR/SNBR-SLEEP NUMBER CORP-2023.pages.csv,parsed,,71,141490,38,c455ab1dd2b800dd48c1455c572daf5db9d4d44b9babcc58fcdc7962a1e14451,2026-07-13T11:47:44.588857+00:00,,False,16404,0.8017,1992.8,0,SNBR-SLEEP NUMBER CORP-2023,15,141363,0,0,70,474.0857142857143,581,10.601455933281503,9432.666666666666
SNBR,SNBR-SLEEP NUMBER CORP-2024.pdf,data/01_raw/sustainability/SNBR/SNBR-SLEEP NUMBER CORP-2024.pdf,4336252,2026-07-13T10:25:59.445125+00:00,54497451cd66ec5fea8413fa096462fd5c81ab9d2efe7c718fc977c15ab729e7,raw,data/01_raw/sustainability/SNBR/SNBR-SLEEP NUMBER CORP-2024.pdf,4336252,2026-07-13T10:25:59.445125+00:00,54497451cd66ec5fea8413fa096462fd5c81ab9d2efe7c718fc977c15ab729e7,data/02_interim/esg_text/SNBR/SNBR-SLEEP NUMBER CORP-2024.txt,data/02_interim/esg_text/SNBR/SNBR-SLEEP NUMBER CORP-2024.pages.csv,parsed,,70,152434,35,5141e063ccec770cf29e9594446ea3460ba1e8ac2597b53cff1cee9fcec2313d,2026-07-13T11:47:46.627250+00:00,,False,17726,0.8132,2177.6,0,SNBR-SLEEP NUMBER CORP-2024,15,152391,0,0,74,474.47297297297297,578,9.84032433709015,10162.266666666666
SNBR,SNBR-SLEEP NUMBER CORP-2025.pdf,data/01_raw/sustainability/SNBR/SNBR-SLEEP NUMBER CORP-2025.pdf,4466052,2026-07-13T10:26:02.155838+00:00,c7338a335adc9b5dffcc587716b1065de20b3f29901ee9364bb24ea85cb3cf07,raw,data/01_raw/sustainability/SNBR/SNBR-SLEEP NUMBER CORP-2025.pdf,4466052,2026-07-13T10:26:02.155838+00:00,c7338a335adc9b5dffcc587716b1065de20b3f29901ee9364bb24ea85cb3cf07,data/02_interim/esg_text/SNBR/SNBR-SLEEP NUMBER CORP-2025.txt,data/02_interim/esg_text/SNBR/SNBR-SLEEP NUMBER CORP-2025.pages.csv,parsed,,62,132442,25,44177f319ca7390930b47def257e79423ba3c23f9b74329afb465d327a270435,2026-07-13T11:47:47.026722+00:00,,False,15406,0.8116,2136.2,0,SNBR-SLEEP NUMBER CORP-2025,13,132449,0,0,63,473.57142857142856,582,9.815617402334606,10187.846153846154
SONO,SONO-SONOS INC-2021.pdf,data/01_raw/sustainability/SONO/SONO-SONOS INC-2021.pdf,4900989,2026-07-13T10:26:04.187380+00:00,bcf47358dfd3b6d11c2298d28bebbcbe7fbab724b8497ddc3caac4aff9eb9847,raw,data/01_raw/sustainability/SONO/SONO-SONOS INC-2021.pdf,4900989,2026-07-13T10:26:04.187380+00:00,bcf47358dfd3b6d11c2298d28bebbcbe7fbab724b8497ddc3caac4aff9eb9847,data/02_interim/esg_text/SONO/SONO-SONOS INC-2021.txt,data/02_interim/esg_text/SONO/SONO-SONOS INC-2021.pages.csv,parsed,,32,56693,24,1484f5d6bd4cf620ea73dcfcf4c5cef930b30528fa67cdc811b33df3982945e8,2026-07-13T11:47:46.056123+00:00,,False,6418,0.717,1771.7,0,SONO-SONOS INC-2021,12,56680,0,0,31,466.80645161290323,575,21.16663432875311,4724.416666666667
SONO,SONO-SONOS INC-2022.pdf,data/01_raw/sustainability/SONO/SONO-SONOS INC-2022.pdf,6923257,2026-07-13T10:26:06.709312+00:00,5fe1cab548c0fb34f44aa576a09a64fc02897fa2504ffe65acbf86b0d1e835a4,raw,data/01_raw/sustainability/SONO/SONO-SONOS INC-2022.pdf,6923257,2026-07-13T10:26:06.709312+00:00,5fe1cab548c0fb34f44aa576a09a64fc02897fa2504ffe65acbf86b0d1e835a4,data/02_interim/esg_text/SONO/SONO-SONOS INC-2022.txt,data/02_interim/esg_text/SONO/SONO-SONOS INC-2022.pages.csv,parsed,,49,74564,19,a9a3b10ea907da7bedc976a07dca71a5cfd7f44bac2c7f8a73e92217a938cc1b,2026-07-13T11:47:49.659549+00:00,,False,8210,0.7006,1521.7,0,SONO-SONOS INC-2022,12,74635,0,0,42,470.2142857142857,583,16.09355721259589,6213.666666666667
SONO,SONO-SONOS INC-2023.pdf,data/01_raw/sustainability/SONO/SONO-SONOS INC-2023.pdf,14207686,2026-07-13T10:26:13.674206+00:00,c2ac462209b9cd7a1f2ac6b120d3b60d7597d708995ff48a8d73ea4685a2627d,raw,data/01_raw/sustainability/SONO/SONO-SONOS INC-2023.pdf,14207686,2026-07-13T10:26:13.674206+00:00,c2ac462209b9cd7a1f2ac6b120d3b60d7597d708995ff48a8d73ea4685a2627d,data/02_interim/esg_text/SONO/SONO-SONOS INC-2023.txt,data/02_interim/esg_text/SONO/SONO-SONOS INC-2023.pages.csv,parsed,,46,83793,28,05ccb613ceb6a590e68b08fd6ac2ee77e2a5e6e63d16e3738ba44055f572cfd6,2026-07-13T11:47:51.271066+00:00,,False,9358,0.7351,1821.6,0,SONO-SONOS INC-2023,13,83828,0,0,46,462.30434782608694,586,15.514422445789029,6445.615384615385
SONO,SONO-SONOS INC-2024.pdf,data/01_raw/sustainability/SONO/SONO-SONOS INC-2024.pdf,5162718,2026-07-13T10:26:17.468905+00:00,42dfaf41621ade508806cff078d0f52ecbad7721f90fc07f5b02ec5583fae323,raw,data/01_raw/sustainability/SONO/SONO-SONOS INC-2024.pdf,5162718,2026-07-13T10:26:17.468905+00:00,42dfaf41621ade508806cff078d0f52ecbad7721f90fc07f5b02ec5583fae323,data/02_interim/esg_text/SONO/SONO-SONOS INC-2024.txt,data/02_interim/esg_text/SONO/SONO-SONOS INC-2024.pages.csv,parsed,,52,97647,32,39e7546f62f3d1118ea41a35f75893a128b08681d0ba701c2bd0c96861d992f0,2026-07-13T11:47:52.559188+00:00,,False,11004,0.7606,1877.8,0,SONO-SONOS INC-2024,14,97747,0,0,53,468.0566037735849,599,14.337358034553034,6974.785714285715
SVV,SVV-Savers Value Village-2022.pdf,data/01_raw/sustainability/SVV/SVV-Savers Value Village-2022.pdf,12357072,2026-07-13T10:26:21.655971+00:00,65fb56b5fac3ecd11fab066f5c1b6de2d011ae2a492f9df9f7224a025163f754,raw,data/01_raw/sustainability/SVV/SVV-Savers Value Village-2022.pdf,12357072,2026-07-13T10:26:21.655971+00:00,65fb56b5fac3ecd11fab066f5c1b6de2d011ae2a492f9df9f7224a025163f754,data/02_interim/esg_text/SVV/SVV-Savers Value Village-2022.txt,data/02_interim/esg_text/SVV/SVV-Savers Value Village-2022.pages.csv,parsed,,28,21887,14,33af946ba35c3f74984f151f9d672d60b9d4d96e056bec9c5c2125214371f269,2026-07-13T11:47:52.594374+00:00,,False,2554,0.7976,781.7,0,SVV-Savers Value Village-2022,10,21888,0,0,14,356.14285714285717,554,45.68922191255083,2188.7
SVV,SVV-Savers Value Village-2023.pdf,data/01_raw/sustainability/SVV/SVV-Savers Value Village-2023.pdf,66346468,2026-07-13T10:26:30.733386+00:00,fcb11cc470c2434ca99a32144e030c8f70ebd4bf2b732da7d1037b9030bca82c,raw,data/01_raw/sustainability/SVV/SVV-Savers Value Village-2023.pdf,66346468,2026-07-13T10:26:30.733386+00:00,fcb11cc470c2434ca99a32144e030c8f70ebd4bf2b732da7d1037b9030bca82c,data/02_interim/esg_text/SVV/SVV-Savers Value Village-2023.txt,data/02_interim/esg_text/SVV/SVV-Savers Value Village-2023.pages.csv,parsed,,47,59120,12,07cbee481eed9bb1bb1381fac0dcca67789129d211b8cda7d3210fca03447267,2026-07-13T11:47:55.712592+00:00,,False,6215,0.7818,1257.9,0,SVV-Savers Value Village-2023,11,59068,0,0,38,442.2368421052632,529,18.606224627875505,5374.545454545455
SVV,SVV-Savers Value Village-2024.pdf,data/01_raw/sustainability/SVV/SVV-Savers Value Village-2024.pdf,27688453,2026-07-13T10:26:38.098971+00:00,a0ecc46d654833e1ff14a907b25e250a018c7bb7eb6f2c543fcea4bcb84a14e8,raw,data/01_raw/sustainability/SVV/SVV-Savers Value Village-2024.pdf,27688453,2026-07-13T10:26:38.098971+00:00,a0ecc46d654833e1ff14a907b25e250a018c7bb7eb6f2c543fcea4bcb84a14e8,data/02_interim/esg_text/SVV/SVV-Savers Value Village-2024.txt,data/02_interim/esg_text/SVV/SVV-Savers Value Village-2024.pages.csv,parsed,,44,48559,11,d5331da2e6e348953cfa6433c52ba892f138748aa5f3ba88d4059169d20d056b,2026-07-13T11:47:55.864223+00:00,,False,5368,0.7682,1103.6,0,SVV-Savers Value Village-2024,11,48533,0,0,28,444.92857142857144,524,22.65285528944171,4414.454545454545
SVV,SVV-Savers Value Village-2025.pdf,data/01_raw/sustainability/SVV/SVV-Savers Value Village-2025.pdf,2333068,2026-07-13T10:26:39.822675+00:00,0908a156cf6e251f2b91cc2eeedba554cfe09c30cfe410fcf72f5206c996b4b9,raw,data/01_raw/sustainability/SVV/SVV-Savers Value Village-2025.pdf,2333068,2026-07-13T10:26:39.822675+00:00,0908a156cf6e251f2b91cc2eeedba554cfe09c30cfe410fcf72f5206c996b4b9,data/02_interim/esg_text/SVV/SVV-Savers Value Village-2025.txt,data/02_interim/esg_text/SVV/SVV-Savers Value Village-2025.pages.csv,parsed,,46,58250,14,da5f4f66016350111c40283b8935a0544fcce0281f72356fbfd0b177cb30e971,2026-07-13T11:47:57.535481+00:00,,False,6607,0.7741,1266.3,0,SVV-Savers Value Village-2025,13,58259,0,0,35,436.4,581,22.317596566523605,4480.7692307692305
T,T-AT&T INC-2021.pdf,data/01_raw/sustainability/T/T-AT&T INC-2021.pdf,6176080,2026-07-13T10:26:42.424894+00:00,d37f0fcf1c6681d1de262a4fa7f9c741f6e98227fdd4390f9b175a3018f35d53,raw,data/01_raw/sustainability/T/T-AT&T INC-2021.pdf,6176080,2026-07-13T10:26:42.424894+00:00,d37f0fcf1c6681d1de262a4fa7f9c741f6e98227fdd4390f9b175a3018f35d53,data/02_interim/esg_text/T/T-AT&T INC-2021.txt,data/02_interim/esg_text/T/T-AT&T INC-2021.pages.csv,parsed,,23,101454,36,c3f3547e44948a917f5c594d235260169c15471c78c7b384450063bd9cb5ed2c,2026-07-13T11:47:59.767390+00:00,,False,11346,0.7729,4411.0,0,T-AT&T INC-2021,16,101479,0,0,56,452.26785714285717,589,15.770694107674414,6340.875
T,T-AT&T INC-2022.pdf,data/01_raw/sustainability/T/T-AT&T INC-2022.pdf,7527268,2026-07-13T10:26:47.036058+00:00,2157e5d13b6e4c6c22fd769a56f32c48778905a4acf7344d9ffd0644b8c962a1,raw,data/01_raw/sustainability/T/T-AT&T INC-2022.pdf,7527268,2026-07-13T10:26:47.036058+00:00,2157e5d13b6e4c6c22fd769a56f32c48778905a4acf7344d9ffd0644b8c962a1,data/02_interim/esg_text/T/T-AT&T INC-2022.txt,data/02_interim/esg_text/T/T-AT&T INC-2022.pages.csv,parsed,,33,79005,34,bb526f7fecb91cb9819dfe4adb74d58141e5dea69894c375e6237bd86534d57c,2026-07-13T11:48:00.732860+00:00,,False,8832,0.7569,2394.1,0,T-AT&T INC-2022,11,79025,0,0,43,466.3255813953488,599,13.923169419656983,7182.272727272727
T,T-AT&T INC-2023.pdf,data/01_raw/sustainability/T/T-AT&T INC-2023.pdf,24368616,2026-07-13T10:26:52.015879+00:00,2ba7da303823587083b55d830b122dede90501f2962c734782a4af4459f8f839,raw,data/01_raw/sustainability/T/T-AT&T INC-2023.pdf,24368616,2026-07-13T10:26:52.015879+00:00,2ba7da303823587083b55d830b122dede90501f2962c734782a4af4459f8f839,data/02_interim/esg_text/T/T-AT&T INC-2023.txt,data/02_interim/esg_text/T/T-AT&T INC-2023.pages.csv,parsed,,50,114118,21,3ec0ec122f8431bf7033e13d4656b4088f0675c3e1b5a24f563a25c2b73a5687,2026-07-13T11:48:01.062476+00:00,,False,13264,0.7841,2282.4,2,T-AT&T INC-2023,11,114115,0,0,57,476.8421052631579,596,9.63914544594192,10374.363636363636
T,T-AT&T INC-2024.pdf,data/01_raw/sustainability/T/T-AT&T INC-2024.pdf,3578232,2026-07-13T10:26:54.359556+00:00,d91eda17d29eecbdddeb3242e23ecde36fd29f51a8c2b28b0b00410e22f937fa,raw,data/01_raw/sustainability/T/T-AT&T INC-2024.pdf,3578232,2026-07-13T10:26:54.359556+00:00,d91eda17d29eecbdddeb3242e23ecde36fd29f51a8c2b28b0b00410e22f937fa,data/02_interim/esg_text/T/T-AT&T INC-2024.txt,data/02_interim/esg_text/T/T-AT&T INC-2024.pages.csv,parsed,,24,49335,20,99bd3836c48a97dab6c08af63720acbea83a677b559d653f2d57d9ff724a3dc5,2026-07-13T11:48:01.121444+00:00,,False,5551,0.7791,2055.6,0,T-AT&T INC-2024,11,49337,0,0,30,463.23333333333335,586,22.296544035674472,4485.0
T,T-AT&T INC-2025.pdf,data/01_raw/sustainability/T/T-AT&T INC-2025.pdf,8484849,2026-07-13T10:26:57.461812+00:00,e26dade0e7e1f7658b6dbdbba11d7b06e33f162363558cbe5da1b1f7516e8337,raw,data/01_raw/sustainability/T/T-AT&T INC-2025.pdf,8484849,2026-07-13T10:26:57.461812+00:00,e26dade0e7e1f7658b6dbdbba11d7b06e33f162363558cbe5da1b1f7516e8337,data/02_interim/esg_text/T/T-AT&T INC-2025.txt,data/02_interim/esg_text/T/T-AT&T INC-2025.pages.csv,parsed,,26,56355,17,3219bafab14443150e64ce35338dbb533b5e2404a31bb2a1c8cd57b08d1a8638,2026-07-13T11:48:04.273520+00:00,,False,6309,0.7925,2167.5,0,T-AT&T INC-2025,11,56391,0,0,29,449.2068965517241,542,19.519119865140627,5123.181818181818
TDUP,TDUP-THREDUP INC-2021.pdf,data/01_raw/sustainability/TDUP/TDUP-THREDUP INC-2021.pdf,10071559,2026-07-13T10:27:01.915771+00:00,aea4581c4ac46e65b23ce0adc7c87aa5d3b8c0650902b528a7cd5df51c89ae35,raw,data/01_raw/sustainability/TDUP/TDUP-THREDUP INC-2021.pdf,10071559,2026-07-13T10:27:01.915771+00:00,aea4581c4ac46e65b23ce0adc7c87aa5d3b8c0650902b528a7cd5df51c89ae35,data/02_interim/esg_text/TDUP/TDUP-THREDUP INC-2021.txt,data/02_interim/esg_text/TDUP/TDUP-THREDUP INC-2021.pages.csv,parsed,,58,68784,113,38445f38636415a12a62638948cb695f42ad871048aef1ea1516e3422628a999,2026-07-13T11:48:07.673368+00:00,,False,7809,0.7567,1185.9,2,TDUP-THREDUP INC-2021,10,68749,0,0,40,447.35,500,14.538264712723889,6878.4
TDUP,TDUP-THREDUP INC-2022.pdf,data/01_raw/sustainability/TDUP/TDUP-THREDUP INC-2022.pdf,28216306,2026-07-13T10:27:09.533602+00:00,b68af0e3ea7b07c16cad7b34583369409c24fa173306392e1a4f0c6a02a6e027,raw,data/01_raw/sustainability/TDUP/TDUP-THREDUP INC-2022.pdf,28216306,2026-07-13T10:27:09.533602+00:00,b68af0e3ea7b07c16cad7b34583369409c24fa173306392e1a4f0c6a02a6e027,data/02_interim/esg_text/TDUP/TDUP-THREDUP INC-2022.txt,data/02_interim/esg_text/TDUP/TDUP-THREDUP INC-2022.pages.csv,parsed,,71,72449,74,e9d536b58cef0ab801da4ea89a22e1ae65ed4e4b2a68292c9600bd659958eebf,2026-07-13T11:49:16.262597+00:00,,False,8291,0.7704,1020.4,0,TDUP-THREDUP INC-2022,12,72585,0,0,40,438.825,500,16.56337561595053,6037.416666666667
TDUP,TDUP-THREDUP INC-2023.pdf,data/01_raw/sustainability/TDUP/TDUP-THREDUP INC-2023.pdf,6498505,2026-07-13T10:27:12.153411+00:00,277b1d1701d1e42344da80d064cdd4d901d10587feb5af9e64a4b703d011cbe0,raw,data/01_raw/sustainability/TDUP/TDUP-THREDUP INC-2023.pdf,6498505,2026-07-13T10:27:12.153411+00:00,277b1d1701d1e42344da80d064cdd4d901d10587feb5af9e64a4b703d011cbe0,data/02_interim/esg_text/TDUP/TDUP-THREDUP INC-2023.txt,data/02_interim/esg_text/TDUP/TDUP-THREDUP INC-2023.pages.csv,parsed,,48,36702,0,4a6a49a282c926e7d55169a1fa62e28c3ca5e200863a2635208720a73c8c7e5b,2026-07-13T11:48:06.193048+00:00,,False,4434,0.8052,764.6,0,TDUP-THREDUP INC-2023,10,36684,0,0,20,429.9,543,27.246471581930138,3670.2
TDUP,TDUP-THREDUP INC-2024.pdf,data/01_raw/sustainability/TDUP/TDUP-THREDUP INC-2024.pdf,13309190,2026-07-13T10:27:15.839300+00:00,ac85cc90d47471a4a394fa30b99915e25360bfe2e9d74184bc215770c16a2b7f,raw,data/01_raw/sustainability/TDUP/TDUP-THREDUP INC-2024.pdf,13309190,2026-07-13T10:27:15.839300+00:00,ac85cc90d47471a4a394fa30b99915e25360bfe2e9d74184bc215770c16a2b7f,data/02_interim/esg_text/TDUP/TDUP-THREDUP INC-2024.txt,data/02_interim/esg_text/TDUP/TDUP-THREDUP INC-2024.pages.csv,parsed,,44,33506,0,4656da27da54c4c88af8c438877cc553c8699df0806ac8b6edee90fcfdc0152e,2026-07-13T11:48:06.052010+00:00,,False,4049,0.8258,761.5,0,TDUP-THREDUP INC-2024,8,33538,0,0,17,449.8235294117647,572,23.87632065898645,4188.25
TGT,TGT-TARGET CORP-2021.pdf,data/01_raw/sustainability/TGT/TGT-TARGET CORP-2021.pdf,5545572,2026-07-13T10:27:24.568299+00:00,ba6df6adab1b88f581361af7790fceb73eb197462e7c91be3075dfa422a15bbe,raw,data/01_raw/sustainability/TGT/TGT-TARGET CORP-2021.pdf,5545572,2026-07-13T10:27:24.568299+00:00,ba6df6adab1b88f581361af7790fceb73eb197462e7c91be3075dfa422a15bbe,data/02_interim/esg_text/TGT/TGT-TARGET CORP-2021.txt,data/02_interim/esg_text/TGT/TGT-TARGET CORP-2021.pages.csv,parsed,,105,350038,168,ee266f9ea36189b9a0be44c0e7c6edbfbe7ac0f31b07049a61b5299534b7a3c0,2026-07-13T11:48:31.637455+00:00,,False,40498,0.7921,3333.7,0,TGT-TARGET CORP-2021,14,349850,0,0,176,489.4318181818182,583,3.9995657614316156,25002.714285714286
TGT,TGT-TARGET CORP-2022.pdf,data/01_raw/sustainability/TGT/TGT-TARGET CORP-2022.pdf,5097233,2026-07-13T10:27:27.397650+00:00,9e7d5aa9a025ee6ef4d4da5aa42463a64ee6361bb9f08e1149a4e5082ad21e5c,raw,data/01_raw/sustainability/TGT/TGT-TARGET CORP-2022.pdf,5097233,2026-07-13T10:27:27.397650+00:00,9e7d5aa9a025ee6ef4d4da5aa42463a64ee6361bb9f08e1149a4e5082ad21e5c,data/02_interim/esg_text/TGT/TGT-TARGET CORP-2022.txt,data/02_interim/esg_text/TGT/TGT-TARGET CORP-2022.pages.csv,parsed,,108,388072,118,af7f042e8a102866df7a98292793ee11d09845afef812b48cdd1c2be0fcebb0a,2026-07-13T11:48:25.946656+00:00,,False,43462,0.7839,3593.3,0,TGT-TARGET CORP-2022,15,387907,0,0,201,491.88557213930346,596,3.8652621163083136,25871.466666666667
TGT,TGT-TARGET CORP-2023.pdf,data/01_raw/sustainability/TGT/TGT-TARGET CORP-2023.pdf,10277649,2026-07-13T10:27:31.769558+00:00,da1cd4a969fc01b2468e1cb9ae3042332550c92f80c0056c2cf6052415467b7b,raw,data/01_raw/sustainability/TGT/TGT-TARGET CORP-2023.pdf,10277649,2026-07-13T10:27:31.769558+00:00,da1cd4a969fc01b2468e1cb9ae3042332550c92f80c0056c2cf6052415467b7b,data/02_interim/esg_text/TGT/TGT-TARGET CORP-2023.txt,data/02_interim/esg_text/TGT/TGT-TARGET CORP-2023.pages.csv,parsed,,119,446003,115,1f814c426fa2c71aa8957dc0f8ff03f037d6a818a5990591792704c517650b0e,2026-07-13T11:48:51.467636+00:00,,False,50339,0.8017,3747.9,0,TGT-TARGET CORP-2023,15,446278,0,0,221,491.9457013574661,580,3.3632060770891674,29733.533333333333
TGT,TGT-TARGET CORP-2024.pdf,data/01_raw/sustainability/TGT/TGT-TARGET CORP-2024.pdf,21278411,2026-07-13T10:27:42.348734+00:00,f28d2b6655427ec60ee38a8ddd6abdbeb763b71867ef6f0e3a0d131ba14eb26b,raw,data/01_raw/sustainability/TGT/TGT-TARGET CORP-2024.pdf,21278411,2026-07-13T10:27:42.348734+00:00,f28d2b6655427ec60ee38a8ddd6abdbeb763b71867ef6f0e3a0d131ba14eb26b,data/02_interim/esg_text/TGT/TGT-TARGET CORP-2024.txt,data/02_interim/esg_text/TGT/TGT-TARGET CORP-2024.pages.csv,parsed,,50,194365,8,2960266492b1199721e14b5fe831d4078becd31681bae2e3c204ef4e95ff2c43,2026-07-13T11:48:38.513341+00:00,,False,23071,0.818,3887.3,0,TGT-TARGET CORP-2024,13,194421,0,0,88,483.47727272727275,564,6.688446994057571,14951.153846153846
TGT,TGT-TARGET CORP-2025.pdf,data/01_raw/sustainability/TGT/TGT-TARGET CORP-2025.pdf,31411235,2026-07-13T10:27:50.479913+00:00,0170723d21f9e04a50cbdffaf63376d52d6e0ce0f3f1c38ed2d1cabedb03c0cd,raw,data/01_raw/sustainability/TGT/TGT-TARGET CORP-2025.pdf,31411235,2026-07-13T10:27:50.479913+00:00,0170723d21f9e04a50cbdffaf63376d52d6e0ce0f3f1c38ed2d1cabedb03c0cd,data/02_interim/esg_text/TGT/TGT-TARGET CORP-2025.txt,data/02_interim/esg_text/TGT/TGT-TARGET CORP-2025.pages.csv,parsed,,111,205043,27,1311eb90475ea87684f0600c4c88451e26b17cf685fda98436beada39513ed63,2026-07-13T11:48:47.535173+00:00,,False,24427,0.82,1847.2,0,TGT-TARGET CORP-2025,15,205115,0,0,95,481.9263157894737,595,7.315538691884141,13669.533333333333
TJX,TJX-Tjx Cos Inc-2021.pdf,data/01_raw/sustainability/TJX/TJX-Tjx Cos Inc-2021.pdf,11181039,2026-07-13T10:27:54.152828+00:00,17e4244a55348ccda6c5b9b4094518b79a1384813dc66904fd1baf1f84becad5,raw,data/01_raw/sustainability/TJX/TJX-Tjx Cos Inc-2021.pdf,11181039,2026-07-13T10:27:54.152828+00:00,17e4244a55348ccda6c5b9b4094518b79a1384813dc66904fd1baf1f84becad5,data/02_interim/esg_text/TJX/TJX-Tjx Cos Inc-2021.txt,data/02_interim/esg_text/TJX/TJX-Tjx Cos Inc-2021.pages.csv,parsed,,124,300337,205,d5945ab0e2c4c2f65083fc282a635daa175071f831264705f6f06ce310ce7ad4,2026-07-13T11:48:55.425693+00:00,,False,33016,0.8025,2422.1,0,TJX-Tjx Cos Inc-2021,16,298265,0,0,138,484.28985507246375,595,5.32734894468547,18771.0625
TJX,TJX-Tjx Cos Inc-2022.pdf,data/01_raw/sustainability/TJX/TJX-Tjx Cos Inc-2022.pdf,18137185,2026-07-13T10:27:58.595661+00:00,2329425c57a7cfe6e2a88e68dc54066d84e5fd1b5be20a90f8fadcb8ae5dd4e3,raw,data/01_raw/sustainability/TJX/TJX-Tjx Cos Inc-2022.pdf,18137185,2026-07-13T10:27:58.595661+00:00,2329425c57a7cfe6e2a88e68dc54066d84e5fd1b5be20a90f8fadcb8ae5dd4e3,data/02_interim/esg_text/TJX/TJX-Tjx Cos Inc-2022.txt,data/02_interim/esg_text/TJX/TJX-Tjx Cos Inc-2022.pages.csv,parsed,,110,242554,30,ec5d0b5d52d2f5e617353f7d29313d54a15377b2aaa8e9994bab7510621b152b,2026-07-13T11:48:59.881861+00:00,,False,28225,0.7903,2205.0,0,TJX-Tjx Cos Inc-2022,16,242114,0,0,115,482.9478260869565,588,6.596469239839376,15159.625
TJX,TJX-Tjx Cos Inc-2023.pdf,data/01_raw/sustainability/TJX/TJX-Tjx Cos Inc-2023.pdf,20642095,2026-07-13T10:28:04.169565+00:00,dcc7989d6043ef44f73e954bd84e44b7fee12a3fa3b7e2d8e498179c66d298fb,raw,data/01_raw/sustainability/TJX/TJX-Tjx Cos Inc-2023.pdf,20642095,2026-07-13T10:28:04.169565+00:00,dcc7989d6043ef44f73e954bd84e44b7fee12a3fa3b7e2d8e498179c66d298fb,data/02_interim/esg_text/TJX/TJX-Tjx Cos Inc-2023.txt,data/02_interim/esg_text/TJX/TJX-Tjx Cos Inc-2023.pages.csv,parsed,,73,213457,32,9a2270cf8123bef867c3130df09424ab7ece9f1c6c0ff138a10357269575ceb9,2026-07-13T11:49:01.421107+00:00,,False,24829,0.7914,2924.1,0,TJX-Tjx Cos Inc-2023,17,213252,0,0,100,476.7,587,7.964133291482593,12556.29411764706
TJX,TJX-Tjx Cos Inc-2024.pdf,data/01_raw/sustainability/TJX/TJX-Tjx Cos Inc-2024.pdf,13313478,2026-07-13T10:28:07.703851+00:00,fd75f8941b10308a6ef33bb18119b1eb9b87a2c43a3d68af086f31d71781311f,raw,data/01_raw/sustainability/TJX/TJX-Tjx Cos Inc-2024.pdf,13313478,2026-07-13T10:28:07.703851+00:00,fd75f8941b10308a6ef33bb18119b1eb9b87a2c43a3d68af086f31d71781311f,data/02_interim/esg_text/TJX/TJX-Tjx Cos Inc-2024.txt,data/02_interim/esg_text/TJX/TJX-Tjx Cos Inc-2024.pages.csv,parsed,,82,232156,39,49eefd83abb03cb64e8e4eff8e00589d932073bfd3c49381c1b27e1a63ef1815,2026-07-13T11:49:06.194114+00:00,,False,26836,0.7902,2831.2,0,TJX-Tjx Cos Inc-2024,17,232008,0,0,109,479.4678899082569,504,7.322662347731698,13656.235294117647
TJX,TJX-Tjx Cos Inc-2025.pdf,data/01_raw/sustainability/TJX/TJX-Tjx Cos Inc-2025.pdf,24120310,2026-07-13T10:28:13.055337+00:00,d13e6316923a4561afa053e13e84077147f482a5495261d4492d689c1a25835e,raw,data/01_raw/sustainability/TJX/TJX-Tjx Cos Inc-2025.pdf,24120310,2026-07-13T10:28:13.055337+00:00,d13e6316923a4561afa053e13e84077147f482a5495261d4492d689c1a25835e,data/02_interim/esg_text/TJX/TJX-Tjx Cos Inc-2025.txt,data/02_interim/esg_text/TJX/TJX-Tjx Cos Inc-2025.pages.csv,parsed,,80,224569,33,99f5d84a0bad70283503d4f2d7051a350556a34a58832d65378a348ce5cf46f0,2026-07-13T11:49:08.995422+00:00,,False,26015,0.7942,2807.1,0,TJX-Tjx Cos Inc-2025,16,224182,0,0,106,475.75471698113205,529,7.124758982762536,14035.5625
TPR,TPR-TAPESTRY INC-2021.pdf,data/01_raw/sustainability/TPR/TPR-TAPESTRY INC-2021.pdf,4236177,2026-07-13T10:28:18.904141+00:00,eb5bfeeef6c16843a595fa24e4abe65fe9e75fe7aaabbc0feea9523036af0da1,raw,data/01_raw/sustainability/TPR/TPR-TAPESTRY INC-2021.pdf,4236177,2026-07-13T10:28:18.904141+00:00,eb5bfeeef6c16843a595fa24e4abe65fe9e75fe7aaabbc0feea9523036af0da1,data/02_interim/esg_text/TPR/TPR-TAPESTRY INC-2021.txt,data/02_interim/esg_text/TPR/TPR-TAPESTRY INC-2021.pages.csv,parsed,,75,166861,73,717b38b647110f7ae67404dd85b281613f20ccf23d5e830fdcc70b30889e01cd,2026-07-13T11:49:11.118189+00:00,,False,19383,0.8057,2224.8,0,TPR-TAPESTRY INC-2021,16,166943,1,0,85,467.22352941176473,563,9.588819436536998,10428.8125
TPR,TPR-TAPESTRY INC-2022.pdf,data/01_raw/sustainability/TPR/TPR-TAPESTRY INC-2022.pdf,11947541,2026-07-13T10:28:22.886230+00:00,143f20598c5bc96e9f79c5c1f062efdfac1d2e6a3c2ebdf19e8c43ead3fdc0fe,raw,data/01_raw/sustainability/TPR/TPR-TAPESTRY INC-2022.pdf,11947541,2026-07-13T10:28:22.886230+00:00,143f20598c5bc96e9f79c5c1f062efdfac1d2e6a3c2ebdf19e8c43ead3fdc0fe,data/02_interim/esg_text/TPR/TPR-TAPESTRY INC-2022.txt,data/02_interim/esg_text/TPR/TPR-TAPESTRY INC-2022.pages.csv,parsed,,73,157741,19,6b8cd9d6286342032c9927830b32c1606c7b531763eb94222102db425a28e50d,2026-07-13T11:49:14.825766+00:00,,False,18225,0.7986,2160.8,0,TPR-TAPESTRY INC-2022,13,157609,0,0,80,474.0375,540,8.24135766858331,12133.923076923076
TPR,TPR-TAPESTRY INC-2023.pdf,data/01_raw/sustainability/TPR/TPR-TAPESTRY INC-2023.pdf,14468810,2026-07-13T10:28:26.215702+00:00,15b8ce4d39b19df8349a5defa3f40f2092a9088987916a6b3a30ea007ef1b0b0,raw,data/01_raw/sustainability/TPR/TPR-TAPESTRY INC-2023.pdf,14468810,2026-07-13T10:28:26.215702+00:00,15b8ce4d39b19df8349a5defa3f40f2092a9088987916a6b3a30ea007ef1b0b0,data/02_interim/esg_text/TPR/TPR-TAPESTRY INC-2023.txt,data/02_interim/esg_text/TPR/TPR-TAPESTRY INC-2023.pages.csv,parsed,,91,183057,52,43c3d23d5b905d789ee9804c6195e4db828da94187a860e92c03b95ff4937840,2026-07-13T11:49:19.349486+00:00,,False,21547,0.7961,2011.6,0,TPR-TAPESTRY INC-2023,14,183054,0,0,93,479.59139784946234,592,7.647891094030821,13075.5
TPR,TPR-TAPESTRY INC-2024.pdf,data/01_raw/sustainability/TPR/TPR-TAPESTRY INC-2024.pdf,14732306,2026-07-13T10:28:33.162908+00:00,4b5186c600bf0927103c4ffca242988e2db7103b1aaae0a241a3bcd7f46238a8,raw,data/01_raw/sustainability/TPR/TPR-TAPESTRY INC-2024.pdf,14732306,2026-07-13T10:28:33.162908+00:00,4b5186c600bf0927103c4ffca242988e2db7103b1aaae0a241a3bcd7f46238a8,data/02_interim/esg_text/TPR/TPR-TAPESTRY INC-2024.txt,data/02_interim/esg_text/TPR/TPR-TAPESTRY INC-2024.pages.csv,parsed,,78,178403,141,5060bd46d3bb77dcaf4534d6953a4647f13c5563ad3bf682bd1238cdac055a91,2026-07-13T11:49:22.875797+00:00,,False,20953,0.802,2287.2,0,TPR-TAPESTRY INC-2024,15,178218,0,0,91,479.032967032967,565,8.407930359915472,11893.533333333333
TPR,TPR-TAPESTRY INC-2025.pdf,data/01_raw/sustainability/TPR/TPR-TAPESTRY INC-2025.pdf,35723691,2026-07-13T10:28:36.971172+00:00,c3acaabdee07c495d7e39ed847d81b4b762dbc73b13c18c8de5dc2a207597231,raw,data/01_raw/sustainability/TPR/TPR-TAPESTRY INC-2025.pdf,35723691,2026-07-13T10:28:36.971172+00:00,c3acaabdee07c495d7e39ed847d81b4b762dbc73b13c18c8de5dc2a207597231,data/02_interim/esg_text/TPR/TPR-TAPESTRY INC-2025.txt,data/02_interim/esg_text/TPR/TPR-TAPESTRY INC-2025.pages.csv,parsed,,74,164386,54,a1d140a5dab3b574d6744ac6809a2acd6326340be9128dc3c3b47434353116e1,2026-07-13T11:49:22.335090+00:00,,False,19232,0.8063,2221.4,0,TPR-TAPESTRY INC-2025,15,164330,0,0,80,481.25,572,9.124864647841058,10959.066666666668
TSCO,TSCO-TRACTOR SUPPLY CO-2024.pdf,data/01_raw/sustainability/TSCO/TSCO-TRACTOR SUPPLY CO-2024.pdf,3525454,2026-07-13T10:28:39.107854+00:00,a239b416fca2c7f14fb86f819f203a64f1cfd345583ed9b05dd716c85901b38b,raw,data/01_raw/sustainability/TSCO/TSCO-TRACTOR SUPPLY CO-2024.pdf,3525454,2026-07-13T10:28:39.107854+00:00,a239b416fca2c7f14fb86f819f203a64f1cfd345583ed9b05dd716c85901b38b,data/02_interim/esg_text/TSCO/TSCO-TRACTOR SUPPLY CO-2024.txt,data/02_interim/esg_text/TSCO/TSCO-TRACTOR SUPPLY CO-2024.pages.csv,parsed,,17,37159,21,3d598815176d5905de81b5219173f9c7a0ea31b3b6b0b8acfbf8f2bdeea845ce,2026-07-13T11:49:18.416223+00:00,,False,4391,0.8337,2185.8,0,TSCO-TRACTOR SUPPLY CO-2024,8,37156,0,0,20,401.2,500,21.52910465836002,4644.875
TSCO,TSCO-TRACTOR SUPPLY CO-2025.pdf,data/01_raw/sustainability/TSCO/TSCO-TRACTOR SUPPLY CO-2025.pdf,24602598,2026-07-13T10:28:46.800469+00:00,2533a345b7d4b938a7b3a9658eb029f7c317c4a74aceb323ebd1f517c83cc985,raw,data/01_raw/sustainability/TSCO/TSCO-TRACTOR SUPPLY CO-2025.pdf,24602598,2026-07-13T10:28:46.800469+00:00,2533a345b7d4b938a7b3a9658eb029f7c317c4a74aceb323ebd1f517c83cc985,data/02_interim/esg_text/TSCO/TSCO-TRACTOR SUPPLY CO-2025.txt,data/02_interim/esg_text/TSCO/TSCO-TRACTOR SUPPLY CO-2025.pages.csv,parsed,,55,140692,51,89856aad68a9757abf5958484a19c979a655b2d02c3b961b70bd2b4dfc6185c7,2026-07-13T11:49:30.391683+00:00,,False,17152,0.8462,2558.0,0,TSCO-TRACTOR SUPPLY CO-2025,13,140510,0,0,67,464.2985074626866,563,9.240042077730077,10822.461538461539
UAA,UAA-UNDER ARMOUR INC-2021.pdf,data/01_raw/sustainability/UAA/UAA-UNDER ARMOUR INC-2021.pdf,12936710,2026-07-13T10:28:52.297987+00:00,efcb567ac8d56cd7cd176dac45191e40c4ba43b659a98b7333c97868f46ee00a,raw,data/01_raw/sustainability/UAA/UAA-UNDER ARMOUR INC-2021.pdf,12936710,2026-07-13T10:28:52.297987+00:00,efcb567ac8d56cd7cd176dac45191e40c4ba43b659a98b7333c97868f46ee00a,data/02_interim/esg_text/UAA/UAA-UNDER ARMOUR INC-2021.txt,data/02_interim/esg_text/UAA/UAA-UNDER ARMOUR INC-2021.pages.csv,parsed,,97,211669,57,0f6fde8c86f7d9f998c7b2d958ac2ded574f46f272cb42051dc988f138d10037,2026-07-13T11:49:29.586272+00:00,,False,24679,0.7886,2182.2,0,UAA-UNDER ARMOUR INC-2021,16,211808,0,0,110,482.0181818181818,568,7.558971790862148,13229.3125
UAA,UAA-UNDER ARMOUR INC-2023.pdf,data/01_raw/sustainability/UAA/UAA-UNDER ARMOUR INC-2023.pdf,17297496,2026-07-13T10:28:57.729315+00:00,edc8526d89c7b97466c3f2d9c572e254ff1012653ec09cd759ae560705da9066,raw,data/01_raw/sustainability/UAA/UAA-UNDER ARMOUR INC-2023.pdf,17297496,2026-07-13T10:28:57.729315+00:00,edc8526d89c7b97466c3f2d9c572e254ff1012653ec09cd759ae560705da9066,data/02_interim/esg_text/UAA/UAA-UNDER ARMOUR INC-2023.txt,data/02_interim/esg_text/UAA/UAA-UNDER ARMOUR INC-2023.pages.csv,parsed,,28,51655,22,f11874294a53f49d332d3c57f6241ae33e142824961588b2df59de9200a7ddac,2026-07-13T11:49:25.322653+00:00,,False,6113,0.7888,1844.8,0,UAA-UNDER ARMOUR INC-2023,8,51616,0,0,28,433.39285714285717,500,15.487368115380892,6456.875
UEIC,UEIC-UNIVERSAL ELECTRONICS INC-2023.pdf,data/01_raw/sustainability/UEIC/UEIC-UNIVERSAL ELECTRONICS INC-2023.pdf,2935566,2026-07-13T10:31:27.629041+00:00,26e2dcc505ab53db2b06781ce09b47053cb9e10688bee9fa0a7439d9182c457f,raw,data/01_raw/sustainability/UEIC/UEIC-UNIVERSAL ELECTRONICS INC-2023.pdf,2935566,2026-07-13T10:31:27.629041+00:00,26e2dcc505ab53db2b06781ce09b47053cb9e10688bee9fa0a7439d9182c457f,data/02_interim/esg_text/UEIC/UEIC-UNIVERSAL ELECTRONICS INC-2023.txt,data/02_interim/esg_text/UEIC/UEIC-UNIVERSAL ELECTRONICS INC-2023.pages.csv,parsed,,33,85998,1,fa4b92e9b284cb648a9b100c80616d93f9be4b5fa0915425ed0f58630af1e151,2026-07-13T11:49:27.588903+00:00,,False,9998,0.8202,2606.0,0,UEIC-UNIVERSAL ELECTRONICS INC-2023,13,86096,0,0,43,452.6046511627907,593,15.116630619316728,6615.2307692307695
UEIC,UEIC-UNIVERSAL ELECTRONICS INC-2024.pdf,data/01_raw/sustainability/UEIC/UEIC-UNIVERSAL ELECTRONICS INC-2024.pdf,3681267,2026-07-13T10:31:30.436640+00:00,9ee60ae77918685665589a2522d0b8c86acfb7394b65a997498cfa77572c9f2b,raw,data/01_raw/sustainability/UEIC/UEIC-UNIVERSAL ELECTRONICS INC-2024.pdf,3681267,2026-07-13T10:31:30.436640+00:00,9ee60ae77918685665589a2522d0b8c86acfb7394b65a997498cfa77572c9f2b,data/02_interim/esg_text/UEIC/UEIC-UNIVERSAL ELECTRONICS INC-2024.txt,data/02_interim/esg_text/UEIC/UEIC-UNIVERSAL ELECTRONICS INC-2024.pages.csv,parsed,,32,88530,1,58a81358202d067737413ad33c0316adfa70b6f9ae9f7cd581e0663c8f897266,2026-07-13T11:49:29.961025+00:00,,False,10408,0.8306,2766.6,0,UEIC-UNIVERSAL ELECTRONICS INC-2024,11,88459,0,0,40,478.1,593,12.425166610188638,8048.181818181818
UEIC,UEIC-UNIVERSAL ELECTRONICS INC-2025.pdf,data/01_raw/sustainability/UEIC/UEIC-UNIVERSAL ELECTRONICS INC-2025.pdf,3952764,2026-07-13T10:31:33.375228+00:00,7d47d9fc0d84d01f5a001735b5cb2527421a1f08a6d8a8c12f02a749db6daac8,raw,data/01_raw/sustainability/UEIC/UEIC-UNIVERSAL ELECTRONICS INC-2025.pdf,3952764,2026-07-13T10:31:33.375228+00:00,7d47d9fc0d84d01f5a001735b5cb2527421a1f08a6d8a8c12f02a749db6daac8,data/02_interim/esg_text/UEIC/UEIC-UNIVERSAL ELECTRONICS INC-2025.txt,data/02_interim/esg_text/UEIC/UEIC-UNIVERSAL ELECTRONICS INC-2025.pages.csv,parsed,,61,141507,130,b16dd127f39965e7709efdf7418e5d4b043fd1f5258b22e5f31fec4d99d972e9,2026-07-13T11:49:42.186027+00:00,,False,14658,0.9318,2319.8,0,UEIC-UNIVERSAL ELECTRONICS INC-2025,15,141533,0,0,67,474.25373134328356,564,10.600182323135957,9433.8
ULTA,ULTA-ULTA BEAUTY INC-2021.pdf,data/01_raw/sustainability/ULTA/ULTA-ULTA BEAUTY INC-2021.pdf,17765718,2026-07-13T10:31:40.892044+00:00,d77846a9b7dc3d8de36f73c73609f61325bfebf44d9d370dcb167816c9fa30b1,raw,data/01_raw/sustainability/ULTA/ULTA-ULTA BEAUTY INC-2021.pdf,17765718,2026-07-13T10:31:40.892044+00:00,d77846a9b7dc3d8de36f73c73609f61325bfebf44d9d370dcb167816c9fa30b1,data/02_interim/esg_text/ULTA/ULTA-ULTA BEAUTY INC-2021.txt,data/02_interim/esg_text/ULTA/ULTA-ULTA BEAUTY INC-2021.pages.csv,parsed,,56,102906,65,6a8c51052d8f7151a41c8db394d3d595c7495353af85f4fd9499d182bc77cd68,2026-07-13T11:49:37.191479+00:00,,False,12172,0.7999,1837.6,0,ULTA-ULTA BEAUTY INC-2021,12,102886,0,0,52,473.90384615384613,558,11.661127631041921,8575.5
ULTA,ULTA-ULTA BEAUTY INC-2022.pdf,data/01_raw/sustainability/ULTA/ULTA-ULTA BEAUTY INC-2022.pdf,7756768,2026-07-13T10:31:43.205845+00:00,a553f3c311ef282560f64dded8ee754838a00922cfea72ea0a5f64defd5c9f56,raw,data/01_raw/sustainability/ULTA/ULTA-ULTA BEAUTY INC-2022.pdf,7756768,2026-07-13T10:31:43.205845+00:00,a553f3c311ef282560f64dded8ee754838a00922cfea72ea0a5f64defd5c9f56,data/02_interim/esg_text/ULTA/ULTA-ULTA BEAUTY INC-2022.txt,data/02_interim/esg_text/ULTA/ULTA-ULTA BEAUTY INC-2022.pages.csv,parsed,,53,95345,99,dd3d88b9564cf6933652801de23a15b9dab937f9eef3e0d3d2b57d9e4d118257,2026-07-13T11:49:38.508800+00:00,,False,11320,0.7971,1799.0,0,ULTA-ULTA BEAUTY INC-2022,16,95445,1,0,52,448.6923076923077,592,16.781163144370446,5959.0625
ULTA,ULTA-ULTA BEAUTY INC-2023.pdf,data/01_raw/sustainability/ULTA/ULTA-ULTA BEAUTY INC-2023.pdf,7084793,2026-07-13T10:31:48.130755+00:00,94da1624f46848e5840463658ae390fb9af4d24e97943b8b43311f56444921b5,raw,data/01_raw/sustainability/ULTA/ULTA-ULTA BEAUTY INC-2023.pdf,7084793,2026-07-13T10:31:48.130755+00:00,94da1624f46848e5840463658ae390fb9af4d24e97943b8b43311f56444921b5,data/02_interim/esg_text/ULTA/ULTA-ULTA BEAUTY INC-2023.txt,data/02_interim/esg_text/ULTA/ULTA-ULTA BEAUTY INC-2023.pages.csv,parsed,,47,103949,108,d704340b141aea60fa3c53bdbf480f987849e83a19ae8fe43ac5c13f7fd2aa05,2026-07-13T11:49:38.315957+00:00,,False,12372,0.7971,2211.7,0,ULTA-ULTA BEAUTY INC-2023,13,103978,0,0,53,464.0943396226415,551,12.506132815130497,7996.076923076923
ULTA,ULTA-ULTA BEAUTY INC-2024.pdf,data/01_raw/sustainability/ULTA/ULTA-ULTA BEAUTY INC-2024.pdf,8144642,2026-07-13T10:31:50.217193+00:00,f49310521f284e74d0daaafaa113046b53f5bb436784cba0a190e9115248f0d0,raw,data/01_raw/sustainability/ULTA/ULTA-ULTA BEAUTY INC-2024.pdf,8144642,2026-07-13T10:31:50.217193+00:00,f49310521f284e74d0daaafaa113046b53f5bb436784cba0a190e9115248f0d0,data/02_interim/esg_text/ULTA/ULTA-ULTA BEAUTY INC-2024.txt,data/02_interim/esg_text/ULTA/ULTA-ULTA BEAUTY INC-2024.pages.csv,parsed,,46,92942,49,c15336153958ad21c64f786ce443c6274c21afa5971f9b8dc93976f1dc90994c,2026-07-13T11:49:44.113010+00:00,,False,10992,0.7961,2020.5,0,ULTA-ULTA BEAUTY INC-2024,14,92987,0,0,49,460.6938775510204,596,15.063157668223191,6638.714285714285
ULTA,ULTA-ULTA BEAUTY INC-2025.pdf,data/01_raw/sustainability/ULTA/ULTA-ULTA BEAUTY INC-2025.pdf,17006858,2026-07-13T10:31:58.631354+00:00,60babfd015a9f14a9f7fe9f2225fcf4a192ad32fe2e4b0d7ba46be3efbbca639,raw,data/01_raw/sustainability/ULTA/ULTA-ULTA BEAUTY INC-2025.pdf,17006858,2026-07-13T10:31:58.631354+00:00,60babfd015a9f14a9f7fe9f2225fcf4a192ad32fe2e4b0d7ba46be3efbbca639,data/02_interim/esg_text/ULTA/ULTA-ULTA BEAUTY INC-2025.txt,data/02_interim/esg_text/ULTA/ULTA-ULTA BEAUTY INC-2025.pages.csv,parsed,,50,128400,62,f71c8c333fd91810cf95a44a3ad9d298cf0bf8a9a7914047e5f1687002f4eee3,2026-07-13T11:50:50.278882+00:00,,False,15108,0.8195,2568.0,0,ULTA-ULTA BEAUTY INC-2025,16,128413,0,0,64,475.0,587,12.461059190031152,8025.0
UPBD,UPD-UPBOUND GROUP INC-2023.pdf,data/01_raw/sustainability/UPBD/UPD-UPBOUND GROUP INC-2023.pdf,5076334,2026-07-13T10:32:05.094000+00:00,c11c55e5a203fb203240c774e5a59db7d23c76e9405f1ca8ecf9eb42898fbc76,raw,data/01_raw/sustainability/UPBD/UPD-UPBOUND GROUP INC-2023.pdf,5076334,2026-07-13T10:32:05.094000+00:00,c11c55e5a203fb203240c774e5a59db7d23c76e9405f1ca8ecf9eb42898fbc76,data/02_interim/esg_text/UPBD/UPD-UPBOUND GROUP INC-2023.txt,data/02_interim/esg_text/UPBD/UPD-UPBOUND GROUP INC-2023.pages.csv,parsed,,61,99088,49,27418e4ff2ea9fc336faea5caf0be4ffb6b1cde6a4da9b864d93278a526ea6f3,2026-07-13T11:49:44.994660+00:00,,False,11349,0.7858,1624.4,0,UPD-UPBOUND GROUP INC-2023,16,99092,0,0,51,461.5098039215686,580,16.147263038914904,6193.0
URBN,URBN-URBAN OUTFITTERS INC-2024-2025.pdf,data/01_raw/sustainability/URBN/URBN-URBAN OUTFITTERS INC-2024-2025.pdf,2558829,2026-07-13T10:32:10.384461+00:00,df4ae0f4c5f8cdc3b57b652f950e2df8625e95a70d15889b0257c408de269341,raw,data/01_raw/sustainability/URBN/URBN-URBAN OUTFITTERS INC-2024-2025.pdf,2558829,2026-07-13T10:32:10.384461+00:00,df4ae0f4c5f8cdc3b57b652f950e2df8625e95a70d15889b0257c408de269341,data/02_interim/esg_text/URBN/URBN-URBAN OUTFITTERS INC-2024-2025.txt,data/02_interim/esg_text/URBN/URBN-URBAN OUTFITTERS INC-2024-2025.pages.csv,parsed,,10,14530,8,2edfc8f50bbe49a923855ae6fa9fd7767becb971a490db728b19fecbf32f5f9c,2026-07-13T11:49:43.723985+00:00,,False,1721,0.8141,1453.0,0,URBN-URBAN OUTFITTERS INC-2024-2025,2,14547,0,0,8,445.875,500,13.764624913971096,7265.0
URBN,URBN-Urban Outfitters-2021-2022.pdf,data/01_raw/sustainability/URBN/URBN-Urban Outfitters-2021-2022.pdf,43970957,2026-07-13T10:32:17.374626+00:00,69da3cff444e3f482c6d62aa0f13139b51642bb6697677e678570ccff5da5297,raw,data/01_raw/sustainability/URBN/URBN-Urban Outfitters-2021-2022.pdf,43970957,2026-07-13T10:32:17.374626+00:00,69da3cff444e3f482c6d62aa0f13139b51642bb6697677e678570ccff5da5297,data/02_interim/esg_text/URBN/URBN-Urban Outfitters-2021-2022.txt,data/02_interim/esg_text/URBN/URBN-Urban Outfitters-2021-2022.pages.csv,parsed,,44,96435,27,a041692c89e10243b875187846561c22c8483f69081064a02c4a3be64a3894ae,2026-07-13T11:49:50.218860+00:00,,False,11694,0.8128,2191.7,0,URBN-Urban Outfitters-2021-2022,13,96426,0,0,50,459.16,529,13.480582775963082,7418.076923076923
URBN,URBN-Urban Outfitters-2023-2024.pdf,data/01_raw/sustainability/URBN/URBN-Urban Outfitters-2023-2024.pdf,50637267,2026-07-13T10:32:24.924452+00:00,2347428e6d60400e19c396c6610074fc8896a723390047858939b1c16523fbef,raw,data/01_raw/sustainability/URBN/URBN-Urban Outfitters-2023-2024.pdf,50637267,2026-07-13T10:32:24.924452+00:00,2347428e6d60400e19c396c6610074fc8896a723390047858939b1c16523fbef,data/02_interim/esg_text/URBN/URBN-Urban Outfitters-2023-2024.txt,data/02_interim/esg_text/URBN/URBN-Urban Outfitters-2023-2024.pages.csv,parsed,,43,88085,24,52e53e0ea92ffd059035d3bdcdb4ba227a9a1d3768cd627a60a2007b7abab159,2026-07-13T11:49:50.816714+00:00,,False,10658,0.8204,2048.5,0,URBN-Urban Outfitters-2023-2024,13,88073,0,0,44,460.09090909090907,565,14.758471930521655,6775.7692307692305
VFC,VFC-VF CORP-2022.pdf,data/01_raw/sustainability/VFC/VFC-VF CORP-2022.pdf,19332761,2026-07-13T10:32:33.853961+00:00,c51791e7d00a98a2552ff6d04be42d40c638483050565cb28a24c8df99efd8ee,raw,data/01_raw/sustainability/VFC/VFC-VF CORP-2022.pdf,19332761,2026-07-13T10:32:33.853961+00:00,c51791e7d00a98a2552ff6d04be42d40c638483050565cb28a24c8df99efd8ee,data/02_interim/esg_text/VFC/VFC-VF CORP-2022.txt,data/02_interim/esg_text/VFC/VFC-VF CORP-2022.pages.csv,parsed,,98,203803,99,b444234e72a07a94d8589eb4ee0c6297d8cbbb3b3c9c46a95cc37d52807283f0,2026-07-13T11:50:01.929156+00:00,,False,23007,0.7715,2079.6,0,VFC-VF CORP-2022,15,203887,0,0,104,489.3942307692308,597,7.360048674455234,13586.866666666667
VFC,VFC-VF CORP-2023.pdf,data/01_raw/sustainability/VFC/VFC-VF CORP-2023.pdf,18233188,2026-07-13T10:32:43.153789+00:00,20a4aae3d148b1059be9d35129912309064a21bd88c81521b17adb97d26a85f6,raw,data/01_raw/sustainability/VFC/VFC-VF CORP-2023.pdf,18233188,2026-07-13T10:32:43.153789+00:00,20a4aae3d148b1059be9d35129912309064a21bd88c81521b17adb97d26a85f6,data/02_interim/esg_text/VFC/VFC-VF CORP-2023.txt,data/02_interim/esg_text/VFC/VFC-VF CORP-2023.pages.csv,parsed,,86,176770,91,59be7b9784c68448da3ee0d8525aa9dd336d64125a19570c81c9033c709d94fd,2026-07-13T11:50:17.921022+00:00,,False,19929,0.7724,2055.5,0,VFC-VF CORP-2023,15,176905,0,0,91,475.010989010989,572,8.485602760649432,11784.666666666666
VFC,VFC-VF CORP-2024.pdf,data/01_raw/sustainability/VFC/VFC-VF CORP-2024.pdf,23802890,2026-07-13T10:32:48.108465+00:00,85decea25d3bd9a3219c2372aefc68c3b96cbc3fdf65bddce8b49f2fbe1185bb,raw,data/01_raw/sustainability/VFC/VFC-VF CORP-2024.pdf,23802890,2026-07-13T10:32:48.108465+00:00,85decea25d3bd9a3219c2372aefc68c3b96cbc3fdf65bddce8b49f2fbe1185bb,data/02_interim/esg_text/VFC/VFC-VF CORP-2024.txt,data/02_interim/esg_text/VFC/VFC-VF CORP-2024.pages.csv,parsed,,79,156692,63,c49e8c7d7c2b64be8401895f75019c689a0cd52a5dd205cf9121343ffbb2053f,2026-07-13T11:50:14.583551+00:00,,False,17442,0.7674,1983.4,0,VFC-VF CORP-2024,16,156773,0,0,81,465.037037037037,559,10.211114798458121,9793.25
VFC,VFC-VF CORP-2025.pdf,data/01_raw/sustainability/VFC/VFC-VF CORP-2025.pdf,16555174,2026-07-13T10:32:52.052229+00:00,3bab1b67a43be7582155057585d161742a0002b0618b0ebfb40ea242abb38e6b,raw,data/01_raw/sustainability/VFC/VFC-VF CORP-2025.pdf,16555174,2026-07-13T10:32:52.052229+00:00,3bab1b67a43be7582155057585d161742a0002b0618b0ebfb40ea242abb38e6b,data/02_interim/esg_text/VFC/VFC-VF CORP-2025.txt,data/02_interim/esg_text/VFC/VFC-VF CORP-2025.pages.csv,parsed,,57,122760,93,5729d538466960af95a7b7d86b9882f3c7cb3070e32a4e247b4ba097e2b0507e,2026-07-13T11:50:09.957320+00:00,,False,13527,0.766,2153.7,0,VFC-VF CORP-2025,15,122822,0,0,61,469.6885245901639,551,12.218963831867057,8184.0
VRA,VRA-VERA BRADLEY INC-2021.pdf,data/01_raw/sustainability/VRA/VRA-VERA BRADLEY INC-2021.pdf,4567523,2026-07-13T10:32:59.638943+00:00,5b58e2347c29f723c85aa7366a3bf23cababc892c19affb3a6a3ec26858eca52,raw,data/01_raw/sustainability/VRA/VRA-VERA BRADLEY INC-2021.pdf,4567523,2026-07-13T10:32:59.638943+00:00,5b58e2347c29f723c85aa7366a3bf23cababc892c19affb3a6a3ec26858eca52,data/02_interim/esg_text/VRA/VRA-VERA BRADLEY INC-2021.txt,data/02_interim/esg_text/VRA/VRA-VERA BRADLEY INC-2021.pages.csv,parsed,,56,83871,23,b6585c72c430762c1725e25a8c60bc5bf1e18489cbe8ce0366362aee5c7780d2,2026-07-13T11:50:16.262795+00:00,,False,10326,0.8232,1497.7,0,VRA-VERA BRADLEY INC-2021,11,83890,0,0,41,463.7317073170732,582,13.115379571007857,7624.636363636364
VRA,VRA-VERA BRADLEY INC-2022.pdf,data/01_raw/sustainability/VRA/VRA-VERA BRADLEY INC-2022.pdf,16159543,2026-07-13T10:33:05.100115+00:00,2eeafb54b51cfa57cc754dafd39d38cd6e2514f75824f55093e25703478986b1,raw,data/01_raw/sustainability/VRA/VRA-VERA BRADLEY INC-2022.pdf,16159543,2026-07-13T10:33:05.100115+00:00,2eeafb54b51cfa57cc754dafd39d38cd6e2514f75824f55093e25703478986b1,data/02_interim/esg_text/VRA/VRA-VERA BRADLEY INC-2022.txt,data/02_interim/esg_text/VRA/VRA-VERA BRADLEY INC-2022.pages.csv,parsed,,73,106717,7,38ab2ce4811347864d117f1d8b411a2847f5e03148c829b6b1dadfb60125304d,2026-07-13T11:50:20.378738+00:00,,False,13133,0.8235,1461.9,0,VRA-VERA BRADLEY INC-2022,12,106753,1,0,53,455.8679245283019,564,11.24469391006119,8893.083333333334
VRA,VRA-VERA BRADLEY INC-2023.pdf,data/01_raw/sustainability/VRA/VRA-VERA BRADLEY INC-2023.pdf,16477964,2026-07-13T10:33:10.806174+00:00,c0139099119b0bbb6e7640864fde3ee63bb0b07cda6d3d98962383d24d080aab,raw,data/01_raw/sustainability/VRA/VRA-VERA BRADLEY INC-2023.pdf,16477964,2026-07-13T10:33:10.806174+00:00,c0139099119b0bbb6e7640864fde3ee63bb0b07cda6d3d98962383d24d080aab,data/02_interim/esg_text/VRA/VRA-VERA BRADLEY INC-2023.txt,data/02_interim/esg_text/VRA/VRA-VERA BRADLEY INC-2023.pages.csv,parsed,,36,86320,25,0fde33587ab640daacad843c7213bd95b9c74b1bab3b7231d849e9db8da504b0,2026-07-13T11:50:21.169440+00:00,,False,10309,0.8123,2397.8,0,VRA-VERA BRADLEY INC-2023,11,86342,0,0,43,473.6744186046512,587,12.743280815569971,7847.272727272727
VRA,VRA-VERA BRADLEY INC-2024.pdf,data/01_raw/sustainability/VRA/VRA-VERA BRADLEY INC-2024.pdf,3169782,2026-07-13T10:33:12.477219+00:00,900c85113f4115aead4c78753707d4139ceff05014ee8f852aa8382a37403739,raw,data/01_raw/sustainability/VRA/VRA-VERA BRADLEY INC-2024.pdf,3169782,2026-07-13T10:33:12.477219+00:00,900c85113f4115aead4c78753707d4139ceff05014ee8f852aa8382a37403739,data/02_interim/esg_text/VRA/VRA-VERA BRADLEY INC-2024.txt,data/02_interim/esg_text/VRA/VRA-VERA BRADLEY INC-2024.pages.csv,parsed,,13,47776,16,4d38f7671b0af774c8c3eadcec99847e9903041510375360a5b74bbbaaf186aa,2026-07-13T11:50:21.368265+00:00,,False,5471,0.8008,3675.1,0,VRA-VERA BRADLEY INC-2024,10,47659,0,0,23,480.0,593,20.931011386470193,4777.6
VRA,VRA-VERA BRADLEY INC-2025.pdf,data/01_raw/sustainability/VRA/VRA-VERA BRADLEY INC-2025.pdf,9079234,2026-07-13T10:33:15.778788+00:00,016651d92e94b15ecc3d8fc3329f2bfa9f425d64176277e128d740789dadf6e7,raw,data/01_raw/sustainability/VRA/VRA-VERA BRADLEY INC-2025.pdf,9079234,2026-07-13T10:33:15.778788+00:00,016651d92e94b15ecc3d8fc3329f2bfa9f425d64176277e128d740789dadf6e7,data/02_interim/esg_text/VRA/VRA-VERA BRADLEY INC-2025.txt,data/02_interim/esg_text/VRA/VRA-VERA BRADLEY INC-2025.pages.csv,parsed,,28,52247,12,db665f4d96033a9e46c7bf1e2e90161acbed7ed06d8b0bc44607e967ae9ad76d,2026-07-13T11:50:23.934881+00:00,,False,6097,0.8187,1866.0,0,VRA-VERA BRADLEY INC-2025,12,52293,0,0,28,438.32142857142856,500,22.96782590387965,4353.916666666667
VSXY,VSXY-Victorias Secret-2021.pdf,data/01_raw/sustainability/VSXY/VSXY-Victorias Secret-2021.pdf,1454400,2026-07-13T10:33:23.016831+00:00,73766c4620b2b4547e44a798e8c99dd6535d8095ceca0e9d9ee762f85bba8419,raw,data/01_raw/sustainability/VSXY/VSXY-Victorias Secret-2021.pdf,1454400,2026-07-13T10:33:23.016831+00:00,73766c4620b2b4547e44a798e8c99dd6535d8095ceca0e9d9ee762f85bba8419,data/02_interim/esg_text/VSXY/VSXY-Victorias Secret-2021.txt,data/02_interim/esg_text/VSXY/VSXY-Victorias Secret-2021.pages.csv,parsed,,21,55480,7,d8300fd0262ef1fd64169c5a07dd7c28ee8321abfa31170464f4853e140f6187,2026-07-13T11:50:24.120509+00:00,,False,6507,0.7852,2641.9,0,VSXY-Victorias Secret-2021,12,55332,0,0,29,437.37931034482756,527,21.629416005767844,4623.333333333333
VSXY,VSXY-Victorias Secret-2022.pdf,data/01_raw/sustainability/VSXY/VSXY-Victorias Secret-2022.pdf,2736556,2026-07-13T10:33:25.372278+00:00,1d4e02b3aea0d956b8df894fd1da385200bedf0df73e7e0786afc0948a7a5795,raw,data/01_raw/sustainability/VSXY/VSXY-Victorias Secret-2022.pdf,2736556,2026-07-13T10:33:25.372278+00:00,1d4e02b3aea0d956b8df894fd1da385200bedf0df73e7e0786afc0948a7a5795,data/02_interim/esg_text/VSXY/VSXY-Victorias Secret-2022.txt,data/02_interim/esg_text/VSXY/VSXY-Victorias Secret-2022.pages.csv,parsed,,73,177532,125,b0771d7c207d2c39b85d01d741220c586171b351f201c8b2b1c0cb4ee9d47ee2,2026-07-13T11:50:32.567262+00:00,,False,20623,0.7798,2431.9,0,VSXY-Victorias Secret-2022,11,177359,0,0,91,483.8791208791209,584,6.196066061329788,16139.272727272728
VSXY,VSXY-Victorias Secret-2023.pdf,data/01_raw/sustainability/VSXY/VSXY-Victorias Secret-2023.pdf,6124331,2026-07-13T10:33:27.364349+00:00,b7bf152307626af3ad58a61e651c4f2185dbfbbc4dcce6d10ed8ac116c44b531,raw,data/01_raw/sustainability/VSXY/VSXY-Victorias Secret-2023.pdf,6124331,2026-07-13T10:33:27.364349+00:00,b7bf152307626af3ad58a61e651c4f2185dbfbbc4dcce6d10ed8ac116c44b531,data/02_interim/esg_text/VSXY/VSXY-Victorias Secret-2023.txt,data/02_interim/esg_text/VSXY/VSXY-Victorias Secret-2023.pages.csv,parsed,,111,304789,107,5331a30f146f99c4ff9346b556e9608e07b4fe219c67ea7e18dab2b7411a1fc3,2026-07-13T11:50:42.937418+00:00,,False,33749,0.7753,2745.8,0,VSXY-Victorias Secret-2023,17,304807,0,0,161,487.37888198757764,577,5.577629113911591,17928.764705882353
VSXY,VSXY-Victorias Secret-2024.pdf,data/01_raw/sustainability/VSXY/VSXY-Victorias Secret-2024.pdf,47629356,2026-07-13T10:33:34.201195+00:00,e79909afb0ebb4fde57eb5087cae8a7fbca0f73b051e91b50f941fe85fde29fa,raw,data/01_raw/sustainability/VSXY/VSXY-Victorias Secret-2024.pdf,47629356,2026-07-13T10:33:34.201195+00:00,e79909afb0ebb4fde57eb5087cae8a7fbca0f73b051e91b50f941fe85fde29fa,data/02_interim/esg_text/VSXY/VSXY-Victorias Secret-2024.txt,data/02_interim/esg_text/VSXY/VSXY-Victorias Secret-2024.pages.csv,parsed,,45,104542,17,baffa0b5e10940f01bde62ea0c76e20863ad885c0d4b4949e654a3a7f7348e4e,2026-07-13T11:50:32.641537+00:00,garbled_text,False,11904,0.774,2323.2,888,VSXY-Victorias Secret-2024,9,104495,0,0,60,488.68333333333334,591,8.60898012282145,11615.777777777777
VSXY,VSXY-Victorias Secret-2025.pdf,data/01_raw/sustainability/VSXY/VSXY-Victorias Secret-2025.pdf,19840411,2026-07-13T10:33:38.897650+00:00,d4a12b2578290cc5e454f18c23d851f4f09cee919bc74fb97c1365d1da49db72,raw,data/01_raw/sustainability/VSXY/VSXY-Victorias Secret-2025.pdf,19840411,2026-07-13T10:33:38.897650+00:00,d4a12b2578290cc5e454f18c23d851f4f09cee919bc74fb97c1365d1da49db72,data/02_interim/esg_text/VSXY/VSXY-Victorias Secret-2025.txt,data/02_interim/esg_text/VSXY/VSXY-Victorias Secret-2025.pages.csv,parsed,,89,200478,131,39f4c147672cf48c7bf4ef9bc39003b01debafe0b1d976cbe825d68602e91761,2026-07-13T11:50:44.433060+00:00,,False,22578,0.7627,2252.6,0,VSXY-Victorias Secret-2025,16,200688,0,0,97,481.5670103092784,578,7.98092558784505,12529.875
VSXY,VSXY-Victorias Secret-2026.pdf,data/01_raw/sustainability/VSXY/VSXY-Victorias Secret-2026.pdf,11977121,2026-07-13T10:33:43.131605+00:00,83b3c541781653b4a259919e3d2e600b4f9ce06387c72f2c003f9e1e194dd55b,raw,data/01_raw/sustainability/VSXY/VSXY-Victorias Secret-2026.pdf,11977121,2026-07-13T10:33:43.131605+00:00,83b3c541781653b4a259919e3d2e600b4f9ce06387c72f2c003f9e1e194dd55b,data/02_interim/esg_text/VSXY/VSXY-Victorias Secret-2026.txt,data/02_interim/esg_text/VSXY/VSXY-Victorias Secret-2026.pages.csv,parsed,,32,56083,9,ac4d4b54d0d5af5aa30bb4554ca03a1412262a402b8104beb1898e2db892ee2b,2026-07-13T11:50:37.320851+00:00,,False,6841,0.8093,1752.6,0,VSXY-Victorias Secret-2026,3,56066,0,0,30,472.3,500,5.349214556995881,18694.333333333332
VVV,VVV-VALVOLINE INC-2021.pdf,data/01_raw/sustainability/VVV/VVV-VALVOLINE INC-2021.pdf,9483391,2026-07-13T10:33:49.247257+00:00,bdf037f9cad9ce8fbd55cd3204a187dfd7d279edc349485f13a01cc574a68f42,raw,data/01_raw/sustainability/VVV/VVV-VALVOLINE INC-2021.pdf,9483391,2026-07-13T10:33:49.247257+00:00,bdf037f9cad9ce8fbd55cd3204a187dfd7d279edc349485f13a01cc574a68f42,data/02_interim/esg_text/VVV/VVV-VALVOLINE INC-2021.txt,data/02_interim/esg_text/VVV/VVV-VALVOLINE INC-2021.pages.csv,parsed,,46,70280,85,33ba18c5e56ee4acbc9711dabe53d6bc6c757184bf9edd0486918f903d96296f,2026-07-13T11:50:42.859852+00:00,,False,8249,0.8374,1527.8,0,VVV-VALVOLINE INC-2021,12,70349,0,0,36,473.1388888888889,590,17.07455890722823,5856.666666666667
VVV,VVV-VALVOLINE INC-2022.pdf,data/01_raw/sustainability/VVV/VVV-VALVOLINE INC-2022.pdf,11252443,2026-07-13T10:33:52.008848+00:00,14a221e67c82cf49a8bf9285fda6eea3affba76cd32d1eae29bb165e3dd9c85c,raw,data/01_raw/sustainability/VVV/VVV-VALVOLINE INC-2022.pdf,11252443,2026-07-13T10:33:52.008848+00:00,14a221e67c82cf49a8bf9285fda6eea3affba76cd32d1eae29bb165e3dd9c85c,data/02_interim/esg_text/VVV/VVV-VALVOLINE INC-2022.txt,data/02_interim/esg_text/VVV/VVV-VALVOLINE INC-2022.pages.csv,parsed,,45,70586,74,1d8df95092263626fa96a2bd3131ce4eae5dc5f1ed691c4bba0542959bd47334,2026-07-13T11:50:49.160841+00:00,,False,7885,0.8262,1568.6,0,VVV-VALVOLINE INC-2022,16,70662,0,0,44,431.95454545454544,589,22.66738446717479,4411.625
VVV,VVV-VALVOLINE INC-2023.pdf,data/01_raw/sustainability/VVV/VVV-VALVOLINE INC-2023.pdf,14119693,2026-07-13T10:33:55.913420+00:00,58e6bf5bc4a14a936c382321cf8daa6488783d765c1b073e407a17d8dcaab7cd,raw,data/01_raw/sustainability/VVV/VVV-VALVOLINE INC-2023.pdf,14119693,2026-07-13T10:33:55.913420+00:00,58e6bf5bc4a14a936c382321cf8daa6488783d765c1b073e407a17d8dcaab7cd,data/02_interim/esg_text/VVV/VVV-VALVOLINE INC-2023.txt,data/02_interim/esg_text/VVV/VVV-VALVOLINE INC-2023.pages.csv,parsed,,52,94787,25,92dfe21bf66dfa82686edb79337981b13dee1654fa3626331476c432a402f687,2026-07-13T11:50:50.394103+00:00,,False,10422,0.798,1822.8,0,VVV-VALVOLINE INC-2023,15,94949,0,0,61,459.60655737704917,579,15.824954898878538,6319.133333333333
VVV,VVV-VALVOLINE INC-2024.pdf,data/01_raw/sustainability/VVV/VVV-VALVOLINE INC-2024.pdf,12516734,2026-07-13T10:33:58.616014+00:00,8d2821efad2e8d69181617e83650b0d761c02f605df13cb4199dd1aededbceaa,raw,data/01_raw/sustainability/VVV/VVV-VALVOLINE INC-2024.pdf,12516734,2026-07-13T10:33:58.616014+00:00,8d2821efad2e8d69181617e83650b0d761c02f605df13cb4199dd1aededbceaa,data/02_interim/esg_text/VVV/VVV-VALVOLINE INC-2024.txt,data/02_interim/esg_text/VVV/VVV-VALVOLINE INC-2024.pages.csv,parsed,,61,124264,96,d5c50f6fa760f31fd408ba0c83e79f19ba9f6b52616c48ace1c57f29b5564bd6,2026-07-13T11:50:51.916097+00:00,,False,14285,0.8072,2037.1,0,VVV-VALVOLINE INC-2024,14,124466,0,0,66,471.7878787878788,540,11.266336187471834,8876.0
VZ,VZ-VERIZON COMMUNICATIONS INC-2021.pdf,data/01_raw/sustainability/VZ/VZ-VERIZON COMMUNICATIONS INC-2021.pdf,2587848,2026-07-13T10:34:05.435706+00:00,cdb15541ef13014700eb5c22771adb2b480a3d3c54d6347825c02c8375505ee3,raw,data/01_raw/sustainability/VZ/VZ-VERIZON COMMUNICATIONS INC-2021.pdf,2587848,2026-07-13T10:34:05.435706+00:00,cdb15541ef13014700eb5c22771adb2b480a3d3c54d6347825c02c8375505ee3,data/02_interim/esg_text/VZ/VZ-VERIZON COMMUNICATIONS INC-2021.txt,data/02_interim/esg_text/VZ/VZ-VERIZON COMMUNICATIONS INC-2021.pages.csv,parsed,,95,256187,30,2366aaca6808a729dd563af11a8f2d9d5746aa08d6fa7effe3a815785c07515b,2026-07-13T11:50:59.202802+00:00,,False,28818,0.7603,2696.7,0,VZ-VERIZON COMMUNICATIONS INC-2021,15,256016,0,0,128,481.203125,585,5.85509803385808,17079.133333333335
VZ,VZ-VERIZON COMMUNICATIONS INC-2022.pdf,data/01_raw/sustainability/VZ/VZ-VERIZON COMMUNICATIONS INC-2022.pdf,1738137,2026-07-13T10:34:07.361229+00:00,ffe62bc0af5c62488aa7449036750d3c0f281a597b522861238647e41898c648,raw,data/01_raw/sustainability/VZ/VZ-VERIZON COMMUNICATIONS INC-2022.pdf,1738137,2026-07-13T10:34:07.361229+00:00,ffe62bc0af5c62488aa7449036750d3c0f281a597b522861238647e41898c648,data/02_interim/esg_text/VZ/VZ-VERIZON COMMUNICATIONS INC-2022.txt,data/02_interim/esg_text/VZ/VZ-VERIZON COMMUNICATIONS INC-2022.pages.csv,parsed,,93,273043,25,f98689bb1497bbbd6516714414efb3fff946224ff5c30fb7990c375f4f1c6bea,2026-07-13T11:51:01.026827+00:00,,False,30705,0.7596,2935.9,0,VZ-VERIZON COMMUNICATIONS INC-2022,16,272870,0,0,133,482.8796992481203,588,5.859882875591024,17065.1875
VZ,VZ-VERIZON COMMUNICATIONS INC-2023.pdf,data/01_raw/sustainability/VZ/VZ-VERIZON COMMUNICATIONS INC-2023.pdf,941780,2026-07-13T10:34:08.896090+00:00,ad3c6c0bfd88fbc053c967e01e4e924c29a6b5fa1327997cd9308197703489f0,raw,data/01_raw/sustainability/VZ/VZ-VERIZON COMMUNICATIONS INC-2023.pdf,941780,2026-07-13T10:34:08.896090+00:00,ad3c6c0bfd88fbc053c967e01e4e924c29a6b5fa1327997cd9308197703489f0,data/02_interim/esg_text/VZ/VZ-VERIZON COMMUNICATIONS INC-2023.txt,data/02_interim/esg_text/VZ/VZ-VERIZON COMMUNICATIONS INC-2023.pages.csv,parsed,,71,215803,102,68135747cef7e34ae48dab5a95eeae370c51f03672c14643228b386190d61e0a,2026-07-13T11:50:59.376146+00:00,,False,24808,0.8159,3039.5,0,VZ-VERIZON COMMUNICATIONS INC-2023,14,215809,0,0,104,481.9230769230769,564,6.487398228940284,15414.5
VZ,VZ-VERIZON COMMUNICATIONS INC-2024.pdf,data/01_raw/sustainability/VZ/VZ-VERIZON COMMUNICATIONS INC-2024.pdf,2268388,2026-07-13T10:34:10.647744+00:00,2c915f3c7b19ea0ed488d52cbaa901289b040ee490a82c4733c5f0901c59a3bd,raw,data/01_raw/sustainability/VZ/VZ-VERIZON COMMUNICATIONS INC-2024.pdf,2268388,2026-07-13T10:34:10.647744+00:00,2c915f3c7b19ea0ed488d52cbaa901289b040ee490a82c4733c5f0901c59a3bd,data/02_interim/esg_text/VZ/VZ-VERIZON COMMUNICATIONS INC-2024.txt,data/02_interim/esg_text/VZ/VZ-VERIZON COMMUNICATIONS INC-2024.pages.csv,parsed,,23,90534,12,76f4cf4a0bf745235ceac25a6d95ce621f3af4015a3d28b1b5c48bdfea9880e5,2026-07-13T11:50:57.511651+00:00,,False,10618,0.8386,3936.3,0,VZ-VERIZON COMMUNICATIONS INC-2024,10,90511,0,0,41,468.5609756097561,589,11.04557403848278,9053.4
W,W-WAYFAIR INC-2021.pdf,data/01_raw/sustainability/W/W-WAYFAIR INC-2021.pdf,3634908,2026-07-13T10:34:16.874646+00:00,9df15a049517de268b9b281cb5a79684f8ebf24056bc8e1a7c342ca8ce1748b1,raw,data/01_raw/sustainability/W/W-WAYFAIR INC-2021.pdf,3634908,2026-07-13T10:34:16.874646+00:00,9df15a049517de268b9b281cb5a79684f8ebf24056bc8e1a7c342ca8ce1748b1,data/02_interim/esg_text/W/W-WAYFAIR INC-2021.txt,data/02_interim/esg_text/W/W-WAYFAIR INC-2021.pages.csv,parsed,,18,42027,11,fec41cc973022b973623894ee3d46fc13d288bf1b94dc781cd9e15784b07d4cc,2026-07-13T11:51:00.675238+00:00,,False,5046,0.81,2334.8,0,W-WAYFAIR INC-2021,11,42026,0,0,23,418.9130434782609,581,26.173650272443904,3820.6363636363635
W,W-WAYFAIR INC-2022.pdf,data/01_raw/sustainability/W/W-WAYFAIR INC-2022.pdf,49496088,2026-07-13T10:34:25.667427+00:00,22c041475ff0eaed9f7346f51e8efed97d702721dd7efa25880659029dd5b42b,raw,data/01_raw/sustainability/W/W-WAYFAIR INC-2022.pdf,49496088,2026-07-13T10:34:25.667427+00:00,22c041475ff0eaed9f7346f51e8efed97d702721dd7efa25880659029dd5b42b,data/02_interim/esg_text/W/W-WAYFAIR INC-2022.txt,data/02_interim/esg_text/W/W-WAYFAIR INC-2022.pages.csv,parsed,,46,81486,70,35071951c96dac9c6ce69751c178fd791f6bc670ecacf1645b30cf1ba84b85b6,2026-07-13T11:51:06.346428+00:00,,False,9230,0.7881,1771.4,0,W-WAYFAIR INC-2022,13,81414,0,0,44,465.04545454545456,598,15.953660751540143,6268.153846153846
W,W-WAYFAIR INC-2023.pdf,data/01_raw/sustainability/W/W-WAYFAIR INC-2023.pdf,48475978,2026-07-13T10:34:31.030638+00:00,f61c21bfc8635deb51239bd87881c64f4057af96ed9bcd3a8155970a95cd764c,raw,data/01_raw/sustainability/W/W-WAYFAIR INC-2023.pdf,48475978,2026-07-13T10:34:31.030638+00:00,f61c21bfc8635deb51239bd87881c64f4057af96ed9bcd3a8155970a95cd764c,data/02_interim/esg_text/W/W-WAYFAIR INC-2023.txt,data/02_interim/esg_text/W/W-WAYFAIR INC-2023.pages.csv,parsed,,43,72605,71,5b5f45bbdee050c733d82c8f523934e5c65fc007d0296c751326f6e237bce89d,2026-07-13T11:51:05.128005+00:00,,False,8069,0.7737,1688.5,0,W-WAYFAIR INC-2023,12,72548,0,0,40,464.775,580,16.527787342469527,6050.416666666667
W,W-WAYFAIR INC-2024.pdf,data/01_raw/sustainability/W/W-WAYFAIR INC-2024.pdf,35655596,2026-07-13T10:34:34.498393+00:00,60eeee7a94b7bc85cd0748257732947617d642a91a057a262deec2757ae95983,raw,data/01_raw/sustainability/W/W-WAYFAIR INC-2024.pdf,35655596,2026-07-13T10:34:34.498393+00:00,60eeee7a94b7bc85cd0748257732947617d642a91a057a262deec2757ae95983,data/02_interim/esg_text/W/W-WAYFAIR INC-2024.txt,data/02_interim/esg_text/W/W-WAYFAIR INC-2024.pages.csv,parsed,,22,40334,20,605739d05944f9402225be9556f21cc0223581cc320a00ecb9812a006234f311,2026-07-13T11:51:04.629799+00:00,,False,4635,0.8247,1833.4,0,W-WAYFAIR INC-2024,10,40290,0,0,20,447.45,598,24.792978628452424,4033.4
W,W-WAYFAIR INC-2025.pdf,data/01_raw/sustainability/W/W-WAYFAIR INC-2025.pdf,40019002,2026-07-13T10:34:39.423089+00:00,7d269f1f48ce711e155779442876af40ab1cf383f44be630973a2c4ae3367bb3,raw,data/01_raw/sustainability/W/W-WAYFAIR INC-2025.pdf,40019002,2026-07-13T10:34:39.423089+00:00,7d269f1f48ce711e155779442876af40ab1cf383f44be630973a2c4ae3367bb3,data/02_interim/esg_text/W/W-WAYFAIR INC-2025.txt,data/02_interim/esg_text/W/W-WAYFAIR INC-2025.pages.csv,parsed,,47,102574,62,0145ff7da357b896b0a266faa6f053a81d989744d5c97e9098cf327613ee8be0,2026-07-13T11:51:07.582445+00:00,,False,11743,0.8141,2182.4,0,W-WAYFAIR INC-2025,14,102423,0,0,51,470.3333333333333,575,13.648682902099948,7326.714285714285
WHR,WHR-WHIRLPOOL CORP-2021.pdf,data/01_raw/sustainability/WHR/WHR-WHIRLPOOL CORP-2021.pdf,16082072,2026-07-13T10:34:47.776212+00:00,fc6997e031f26d6d530dddf2467a76792133c949014d99839ac6bfb13323c965,raw,data/01_raw/sustainability/WHR/WHR-WHIRLPOOL CORP-2021.pdf,16082072,2026-07-13T10:34:47.776212+00:00,fc6997e031f26d6d530dddf2467a76792133c949014d99839ac6bfb13323c965,data/02_interim/esg_text/WHR/WHR-WHIRLPOOL CORP-2021.txt,data/02_interim/esg_text/WHR/WHR-WHIRLPOOL CORP-2021.pages.csv,parsed,,127,323295,215,0aa7c95f0dddd504cce1c24ccd2855108ad954dc082855ae296112b55f123659,2026-07-13T11:51:31.318037+00:00,,False,37750,0.7963,2545.6,0,WHR-WHIRLPOOL CORP-2021,18,323512,0,0,160,480.84375,599,5.567670393912681,17960.833333333332
WHR,WHR-WHIRLPOOL CORP-2022.pdf,data/01_raw/sustainability/WHR/WHR-WHIRLPOOL CORP-2022.pdf,9976093,2026-07-13T10:34:51.198636+00:00,29422dcc77d0146f8a5d5849d5c023cae0fb4c809b2f62e9baf7a7f1acc7392f,raw,data/01_raw/sustainability/WHR/WHR-WHIRLPOOL CORP-2022.pdf,9976093,2026-07-13T10:34:51.198636+00:00,29422dcc77d0146f8a5d5849d5c023cae0fb4c809b2f62e9baf7a7f1acc7392f,data/02_interim/esg_text/WHR/WHR-WHIRLPOOL CORP-2022.txt,data/02_interim/esg_text/WHR/WHR-WHIRLPOOL CORP-2022.pages.csv,parsed,,134,312496,75,395b4e97fc582655b270cbc70627650fcf79fadd979d806938338d1264479714,2026-07-13T11:51:34.207284+00:00,,False,36148,0.8087,2332.1,0,WHR-WHIRLPOOL CORP-2022,16,312676,0,0,151,481.58940397350995,590,5.1200655368388714,19531.0
WHR,WHR-WHIRLPOOL CORP-2023.pdf,data/01_raw/sustainability/WHR/WHR-WHIRLPOOL CORP-2023.pdf,15646824,2026-07-13T10:34:54.678326+00:00,98a4be09a280802e2e5574ae8bd8535037e2b78c5489391eeede27b9eca7561d,raw,data/01_raw/sustainability/WHR/WHR-WHIRLPOOL CORP-2023.pdf,15646824,2026-07-13T10:34:54.678326+00:00,98a4be09a280802e2e5574ae8bd8535037e2b78c5489391eeede27b9eca7561d,data/02_interim/esg_text/WHR/WHR-WHIRLPOOL CORP-2023.txt,data/02_interim/esg_text/WHR/WHR-WHIRLPOOL CORP-2023.pages.csv,parsed,,109,255020,435,8e8ae0d23964dc2db00978d117ed3d40dccc78231841b398e448aa955c254a48,2026-07-13T11:51:34.945202+00:00,,False,30472,0.8142,2339.6,0,WHR-WHIRLPOOL CORP-2023,15,254870,0,0,124,485.741935483871,598,5.881891616343816,17001.333333333332
WHR,WHR-WHIRLPOOL CORP-2024.pdf,data/01_raw/sustainability/WHR/WHR-WHIRLPOOL CORP-2024.pdf,9879430,2026-07-13T10:35:01.337499+00:00,dd7d808fda8315c8a2524394257f17aaa4824924350030fa9c333e34547c25fa,raw,data/01_raw/sustainability/WHR/WHR-WHIRLPOOL CORP-2024.pdf,9879430,2026-07-13T10:35:01.337499+00:00,dd7d808fda8315c8a2524394257f17aaa4824924350030fa9c333e34547c25fa,data/02_interim/esg_text/WHR/WHR-WHIRLPOOL CORP-2024.txt,data/02_interim/esg_text/WHR/WHR-WHIRLPOOL CORP-2024.pages.csv,parsed,,88,230471,224,5e418f3c7116923529951b9bb45f460b4babff08d17cd07ddf64429fbc6ee410,2026-07-13T11:51:20.123189+00:00,,False,26793,0.8105,2619.0,0,WHR-WHIRLPOOL CORP-2024,16,230412,0,0,111,482.2522522522523,567,6.942305105631512,14404.4375
WHR,WHR-WHIRLPOOL CORP-2025.pdf,data/01_raw/sustainability/WHR/WHR-WHIRLPOOL CORP-2025.pdf,26330269,2026-07-13T10:35:11.000576+00:00,838b54b0212df3198471cc9dff281fbe8f53798122f255a81f9783f1f7626afa,raw,data/01_raw/sustainability/WHR/WHR-WHIRLPOOL CORP-2025.pdf,26330269,2026-07-13T10:35:11.000576+00:00,838b54b0212df3198471cc9dff281fbe8f53798122f255a81f9783f1f7626afa,data/02_interim/esg_text/WHR/WHR-WHIRLPOOL CORP-2025.txt,data/02_interim/esg_text/WHR/WHR-WHIRLPOOL CORP-2025.pages.csv,parsed,,32,75267,25,5e0a57062b9bc0fad37a09e4575b43766aeb0f9b3a6d3d0b6ba44692afee99e5,2026-07-13T11:51:25.240385+00:00,,False,8436,0.7355,2352.1,0,WHR-WHIRLPOOL CORP-2025,12,75129,0,0,43,459.72093023255815,551,15.943242058272551,6272.25
WMK,WMK-WEIS MARKETS INC-2021.pdf,data/01_raw/sustainability/WMK/WMK-WEIS MARKETS INC-2021.pdf,10544316,2026-07-13T10:35:16.619706+00:00,7d370f9be3fb6e6e5606ee67486d1b47fdccf351ec93b6ddab9a1d8b7ea93986,raw,data/01_raw/sustainability/WMK/WMK-WEIS MARKETS INC-2021.pdf,10544316,2026-07-13T10:35:16.619706+00:00,7d370f9be3fb6e6e5606ee67486d1b47fdccf351ec93b6ddab9a1d8b7ea93986,data/02_interim/esg_text/WMK/WMK-WEIS MARKETS INC-2021.txt,data/02_interim/esg_text/WMK/WMK-WEIS MARKETS INC-2021.pages.csv,parsed,,32,38316,10,ea42e1e9a90a92deaee9ee2502cd4e7fe5ddef71af69f2d5be4dcf75c1b133f2,2026-07-13T11:51:34.612862+00:00,,False,4599,0.7753,1197.4,0,WMK-WEIS MARKETS INC-2021,9,38314,0,0,22,446.95454545454544,591,23.48888192922017,4257.333333333333
WMK,WMK-WEIS MARKETS INC-2022.pdf,data/01_raw/sustainability/WMK/WMK-WEIS MARKETS INC-2022.pdf,8119625,2026-07-13T10:35:18.546136+00:00,e0cc8deda32c1a432e5f04820dae437ee6a314bebc8d205f5c7cde169038bb1f,raw,data/01_raw/sustainability/WMK/WMK-WEIS MARKETS INC-2022.pdf,8119625,2026-07-13T10:35:18.546136+00:00,e0cc8deda32c1a432e5f04820dae437ee6a314bebc8d205f5c7cde169038bb1f,data/02_interim/esg_text/WMK/WMK-WEIS MARKETS INC-2022.txt,data/02_interim/esg_text/WMK/WMK-WEIS MARKETS INC-2022.pages.csv,parsed,,27,34514,29,7452be659023c11252649bb95af9526b47c7b7c662173837cd01276c3937b7a3,2026-07-13T11:51:49.245083+00:00,,False,3961,0.7806,1278.3,0,WMK-WEIS MARKETS INC-2022,7,34520,0,0,18,485.1666666666667,555,20.281624847887812,4930.571428571428
WMK,WMK-WEIS MARKETS INC-2023.pdf,data/01_raw/sustainability/WMK/WMK-WEIS MARKETS INC-2023.pdf,6717491,2026-07-13T10:35:21.045511+00:00,d0590bb126d92cdd87c18a6b037e4c2f22dc35d1af2b0517ca9de8d3b4df0b0a,raw,data/01_raw/sustainability/WMK/WMK-WEIS MARKETS INC-2023.pdf,6717491,2026-07-13T10:35:21.045511+00:00,d0590bb126d92cdd87c18a6b037e4c2f22dc35d1af2b0517ca9de8d3b4df0b0a,data/02_interim/esg_text/WMK/WMK-WEIS MARKETS INC-2023.txt,data/02_interim/esg_text/WMK/WMK-WEIS MARKETS INC-2023.pages.csv,parsed,,25,35526,19,0c1900f2cd5bfc89dd3edc4d3b0bc7ef9b80f97200105ce2ff784d2b635cb9a7,2026-07-13T11:51:37.030021+00:00,,False,4112,0.7852,1421.0,0,WMK-WEIS MARKETS INC-2023,6,35382,0,0,21,439.1904761904762,500,16.889039013680122,5921.0
WMK,WMK-WEIS MARKETS INC-2024-2025.pdf,data/01_raw/sustainability/WMK/WMK-WEIS MARKETS INC-2024-2025.pdf,7882107,2026-07-13T10:35:24.421315+00:00,43c13c70cc15d3c95e145dee56e1b3df756ca7c8835996d24a596e1ff851d9d2,raw,data/01_raw/sustainability/WMK/WMK-WEIS MARKETS INC-2024-2025.pdf,7882107,2026-07-13T10:35:24.421315+00:00,43c13c70cc15d3c95e145dee56e1b3df756ca7c8835996d24a596e1ff851d9d2,data/02_interim/esg_text/WMK/WMK-WEIS MARKETS INC-2024-2025.txt,data/02_interim/esg_text/WMK/WMK-WEIS MARKETS INC-2024-2025.pages.csv,parsed,,16,14329,15,22edc3543692ed7cd134afdacbaf883dd6a0dd281b25391ee06645288f71deae,2026-07-13T11:51:36.942824+00:00,,False,1594,0.7245,895.6,0,WMK-WEIS MARKETS INC-2024-2025,6,14329,0,0,10,369.1,500,41.87312443296811,2388.1666666666665
WMT,WMT-WALMART INC-2021.pdf,data/01_raw/sustainability/WMT/WMT-WALMART INC-2021.pdf,15361349,2026-07-13T10:35:31.684184+00:00,040f48744776345f33b5ca91a11ab9497494287351a4185ba7cae3062700b0bc,raw,data/01_raw/sustainability/WMT/WMT-WALMART INC-2021.pdf,15361349,2026-07-13T10:35:31.684184+00:00,040f48744776345f33b5ca91a11ab9497494287351a4185ba7cae3062700b0bc,data/02_interim/esg_text/WMT/WMT-WALMART INC-2021.txt,data/02_interim/esg_text/WMT/WMT-WALMART INC-2021.pages.csv,parsed,,39,89128,28,287fd2bbb287f711953fefa1137a7934e78aa88abc28d9eee3b1959494168c21,2026-07-13T12:38:16.833001+00:00,,False,10434,0.7924,2285.3,0,WMT-WALMART INC-2021,12,89145,0,0,49,446.7551020408163,500,13.463782425276007,7427.333333333333
WMT,WMT-WALMART INC-2022.pdf,data/01_raw/sustainability/WMT/WMT-WALMART INC-2022.pdf,10711338,2026-07-13T10:35:36.990623+00:00,f88d006ef62510b1bb75efe42fbdc1872dd31eb812b03cb093c32f1cb29894c3,raw,data/01_raw/sustainability/WMT/WMT-WALMART INC-2022.pdf,10711338,2026-07-13T10:35:36.990623+00:00,f88d006ef62510b1bb75efe42fbdc1872dd31eb812b03cb093c32f1cb29894c3,data/02_interim/esg_text/WMT/WMT-WALMART INC-2022.txt,data/02_interim/esg_text/WMT/WMT-WALMART INC-2022.pages.csv,parsed,,50,119045,77,51dbbf4a815aa615ce86ba236f2ea2b6ace3823c177bbd93689fa89e45679357,2026-07-13T12:38:19.613379+00:00,,False,13161,0.6735,2380.9,0,WMT-WALMART INC-2022,13,119113,0,0,68,471.86764705882354,529,10.920240245285397,9157.307692307691
WMT,WMT-WALMART INC-2023.pdf,data/01_raw/sustainability/WMT/WMT-WALMART INC-2023.pdf,4700060,2026-07-13T10:35:38.601851+00:00,8dd814e83427b50786113ebc49981027bd3eb3051c0e9ce4166ddfdb92d225c0,raw,data/01_raw/sustainability/WMT/WMT-WALMART INC-2023.pdf,4700060,2026-07-13T10:35:38.601851+00:00,8dd814e83427b50786113ebc49981027bd3eb3051c0e9ce4166ddfdb92d225c0,data/02_interim/esg_text/WMT/WMT-WALMART INC-2023.txt,data/02_interim/esg_text/WMT/WMT-WALMART INC-2023.pages.csv,parsed,,43,86391,33,a5c1782e58730753e20a4517ae2cf5361a5922d951b78ca05044999a3055fc10,2026-07-13T12:38:20.938171+00:00,,False,10098,0.8049,2009.1,0,WMT-WALMART INC-2023,12,86401,0,0,45,445.4222222222222,549,13.890335798867937,7199.25
WMT,WMT-WALMART INC-2024.pdf,data/01_raw/sustainability/WMT/WMT-WALMART INC-2024.pdf,101968027,2026-07-13T10:35:51.334655+00:00,fcb3938d0906aed80a76458865936fdc154f5bd7be8afebd0b139655252f2043,ocr,data/02_interim/ocr_fixed/WMT/WMT-WALMART INC-2024.pdf,103068798,2026-07-13T12:33:10.579377+00:00,fd927036ea0a4c4e5da7daceb73ac3d82c4c094a80d11439c56709e59e88d67b,data/02_interim/esg_text/WMT/WMT-WALMART INC-2024.txt,data/02_interim/esg_text/WMT/WMT-WALMART INC-2024.pages.csv,parsed,,132,479075,0,f1d805d9a742218b0b60dfd276374ca0a50d64aefd7b73a676814aeeec87d362,2026-07-13T12:38:36.112672+00:00,,False,57247,0.8285,3629.4,0,WMT-WALMART INC-2024,17,479765,0,0,216,491.1990740740741,563,3.5485049313781767,28180.882352941175
WMT,WMT-WALMART INC-2025.pdf,data/01_raw/sustainability/WMT/WMT-WALMART INC-2025.pdf,21725562,2026-07-13T10:35:58.020164+00:00,d8541a5b72e8376f708871aaac504a310600d818ff1b4e369feb96f6b49b8c1a,raw,data/01_raw/sustainability/WMT/WMT-WALMART INC-2025.pdf,21725562,2026-07-13T10:35:58.020164+00:00,d8541a5b72e8376f708871aaac504a310600d818ff1b4e369feb96f6b49b8c1a,data/02_interim/esg_text/WMT/WMT-WALMART INC-2025.txt,data/02_interim/esg_text/WMT/WMT-WALMART INC-2025.pages.csv,parsed,,113,441788,113,568805ba08b6a470f55a243ad86113e8ab9f3e1954b7143e594488d44b5bfc91,2026-07-13T12:38:43.507317+00:00,,False,51093,0.8279,3909.6,0,WMT-WALMART INC-2025,15,441837,0,0,211,491.8909952606635,576,3.395293670267187,29452.533333333333
WOOF,WOOF-PETCO HEALTH AND WELLNESS CO-2021.pdf,data/01_raw/sustainability/WOOF/WOOF-PETCO HEALTH AND WELLNESS CO-2021.pdf,5848959,2026-07-13T10:36:04.907109+00:00,da910fd344971716416fdc361f7c87a0e4d476eb79101377b19b4fe868e342cc,raw,data/01_raw/sustainability/WOOF/WOOF-PETCO HEALTH AND WELLNESS CO-2021.pdf,5848959,2026-07-13T10:36:04.907109+00:00,da910fd344971716416fdc361f7c87a0e4d476eb79101377b19b4fe868e342cc,data/02_interim/esg_text/WOOF/WOOF-PETCO HEALTH AND WELLNESS CO-2021.txt,data/02_interim/esg_text/WOOF/WOOF-PETCO HEALTH AND WELLNESS CO-2021.pages.csv,parsed,,95,145663,63,221ff21ebf457eec7b24c770cf057a3fd94379abe2b8a4dc26ee2f26cbaab061,2026-07-13T11:51:58.628110+00:00,,False,17084,0.7986,1533.3,0,WOOF-PETCO HEALTH AND WELLNESS CO-2021,14,145790,0,0,73,483.86301369863014,579,9.61122591186506,10404.5
WOOF,WOOF-PETCO HEALTH AND WELLNESS CO-2022.pdf,data/01_raw/sustainability/WOOF/WOOF-PETCO HEALTH AND WELLNESS CO-2022.pdf,13572628,2026-07-13T10:36:08.036986+00:00,7cf230e4d7668e9005393053802024f60423dee5f20a2b415cdb1a1e5f2a0a87,raw,data/01_raw/sustainability/WOOF/WOOF-PETCO HEALTH AND WELLNESS CO-2022.pdf,13572628,2026-07-13T10:36:08.036986+00:00,7cf230e4d7668e9005393053802024f60423dee5f20a2b415cdb1a1e5f2a0a87,data/02_interim/esg_text/WOOF/WOOF-PETCO HEALTH AND WELLNESS CO-2022.txt,data/02_interim/esg_text/WOOF/WOOF-PETCO HEALTH AND WELLNESS CO-2022.pages.csv,parsed,,58,126262,59,c65343c42ab8c6727ad98f2211db3a39fc3bc02e97910e0a2d69d715b740aacb,2026-07-13T11:52:23.677070+00:00,,False,15262,0.816,2176.9,0,WOOF-PETCO HEALTH AND WELLNESS CO-2022,14,126173,0,0,57,477.64912280701753,559,11.088054996752785,9018.714285714286
WOOF,WOOF-PETCO HEALTH AND WELLNESS CO-2023.pdf,data/01_raw/sustainability/WOOF/WOOF-PETCO HEALTH AND WELLNESS CO-2023.pdf,56248714,2026-07-13T10:36:14.385101+00:00,bda52717f016886e007ab2aca8a570b88e8a419a18ab76ada8b06efb809ca824,raw,data/01_raw/sustainability/WOOF/WOOF-PETCO HEALTH AND WELLNESS CO-2023.pdf,56248714,2026-07-13T10:36:14.385101+00:00,bda52717f016886e007ab2aca8a570b88e8a419a18ab76ada8b06efb809ca824,data/02_interim/esg_text/WOOF/WOOF-PETCO HEALTH AND WELLNESS CO-2023.txt,data/02_interim/esg_text/WOOF/WOOF-PETCO HEALTH AND WELLNESS CO-2023.pages.csv,parsed,,64,146750,56,a4655c69db158350aa3ae804934d0e37b00cd506505aa166e4341c3fb9f78a76,2026-07-13T11:52:21.823492+00:00,,False,17740,0.8065,2293.0,0,WOOF-PETCO HEALTH AND WELLNESS CO-2023,14,146509,0,0,69,468.2463768115942,600,9.540034071550256,10482.142857142857
WOOF,WOOF-PETCO HEALTH AND WELLNESS CO-2024.pdf,data/01_raw/sustainability/WOOF/WOOF-PETCO HEALTH AND WELLNESS CO-2024.pdf,42387875,2026-07-13T10:36:21.460167+00:00,5ccd40f127cfbccb4cf50d8cc46659d63428434ff6491ca5f104f3485a2330d8,raw,data/01_raw/sustainability/WOOF/WOOF-PETCO HEALTH AND WELLNESS CO-2024.pdf,42387875,2026-07-13T10:36:21.460167+00:00,5ccd40f127cfbccb4cf50d8cc46659d63428434ff6491ca5f104f3485a2330d8,data/02_interim/esg_text/WOOF/WOOF-PETCO HEALTH AND WELLNESS CO-2024.txt,data/02_interim/esg_text/WOOF/WOOF-PETCO HEALTH AND WELLNESS CO-2024.pages.csv,parsed,,46,85686,37,242113f77340253252bcf540426c888cd0005bc5729e6b84f406c28d8aac8c89,2026-07-13T11:52:21.901275+00:00,,False,10228,0.805,1862.7,0,WOOF-PETCO HEALTH AND WELLNESS CO-2024,12,85584,0,0,40,466.95,576,14.004621525103286,7140.5
WRBY,WRBY-WARBY PARKER INC-2021.pdf,data/01_raw/sustainability/WRBY/WRBY-WARBY PARKER INC-2021.pdf,31469479,2026-07-13T10:36:36.227495+00:00,cbec4f0a438d5ccd9dbadc7fb6320d2d1de196384275317ba1e21b866034214f,raw,data/01_raw/sustainability/WRBY/WRBY-WARBY PARKER INC-2021.pdf,31469479,2026-07-13T10:36:36.227495+00:00,cbec4f0a438d5ccd9dbadc7fb6320d2d1de196384275317ba1e21b866034214f,data/02_interim/esg_text/WRBY/WRBY-WARBY PARKER INC-2021.txt,data/02_interim/esg_text/WRBY/WRBY-WARBY PARKER INC-2021.pages.csv,parsed,,79,175289,33,f7359e83b985094f908fbb7bbadb0f836ad8492f5732be36c1bd4a9193d61a97,2026-07-13T11:52:26.161553+00:00,,False,20950,0.7925,2218.8,0,WRBY-WARBY PARKER INC-2021,16,175361,0,0,90,478.06666666666666,513,9.127783260786472,10955.5625
WRBY,WRBY-WARBY PARKER INC-2022.pdf,data/01_raw/sustainability/WRBY/WRBY-WARBY PARKER INC-2022.pdf,15210299,2026-07-13T10:36:41.638217+00:00,3739db6bb172f869becb203b9fa37b4f872d5d2dcc260f195cf782402f2ce323,raw,data/01_raw/sustainability/WRBY/WRBY-WARBY PARKER INC-2022.pdf,15210299,2026-07-13T10:36:41.638217+00:00,3739db6bb172f869becb203b9fa37b4f872d5d2dcc260f195cf782402f2ce323,data/02_interim/esg_text/WRBY/WRBY-WARBY PARKER INC-2022.txt,data/02_interim/esg_text/WRBY/WRBY-WARBY PARKER INC-2022.pages.csv,parsed,,91,163414,21,a2614c4f3cb950a57842a3508395df1073a769c36e7a969152a48f0cb08c870d,2026-07-13T11:52:35.089605+00:00,,False,19679,0.7938,1795.8,0,WRBY-WARBY PARKER INC-2022,16,163353,0,0,84,476.07142857142856,566,9.791082771365978,10213.375
WRBY,WRBY-WARBY PARKER INC-2023.pdf,data/01_raw/sustainability/WRBY/WRBY-WARBY PARKER INC-2023.pdf,9371164,2026-07-13T10:36:45.822703+00:00,0ca6071fcfcd9f3c36219e7cf0a1ef50120ef1ebed630b44aadaf51d4cf9290c,raw,data/01_raw/sustainability/WRBY/WRBY-WARBY PARKER INC-2023.pdf,9371164,2026-07-13T10:36:45.822703+00:00,0ca6071fcfcd9f3c36219e7cf0a1ef50120ef1ebed630b44aadaf51d4cf9290c,data/02_interim/esg_text/WRBY/WRBY-WARBY PARKER INC-2023.txt,data/02_interim/esg_text/WRBY/WRBY-WARBY PARKER INC-2023.pages.csv,parsed,,96,165374,24,7906861d5d302a728ff43ed07727565fba4b9cc806630fb69fe7f40c48e5f703,2026-07-13T11:52:44.742484+00:00,,False,19659,0.7742,1722.6,0,WRBY-WARBY PARKER INC-2023,15,165529,0,0,87,483.85057471264366,548,9.070349631743806,11024.933333333332
WRBY,WRBY-WARBY PARKER INC-2024.pdf,data/01_raw/sustainability/WRBY/WRBY-WARBY PARKER INC-2024.pdf,9754571,2026-07-13T10:36:50.189812+00:00,f25f6e591495f7128b74d742e5dbf7ce754c221a563d93963d5c223ab77f0e1f,raw,data/01_raw/sustainability/WRBY/WRBY-WARBY PARKER INC-2024.pdf,9754571,2026-07-13T10:36:50.189812+00:00,f25f6e591495f7128b74d742e5dbf7ce754c221a563d93963d5c223ab77f0e1f,data/02_interim/esg_text/WRBY/WRBY-WARBY PARKER INC-2024.txt,data/02_interim/esg_text/WRBY/WRBY-WARBY PARKER INC-2024.pages.csv,parsed,,94,148354,11,f804f81ba88da9ce5d395e7fe041c8002e3625d0dfc26eb5904282b39bc9e070,2026-07-13T11:52:35.241724+00:00,,False,17624,0.786,1578.2,0,WRBY-WARBY PARKER INC-2024,15,148438,0,0,77,475.09090909090907,551,10.110950833816412,9890.266666666666
WRBY,WRBY-WARBY PARKER INC-2025.pdf,data/01_raw/sustainability/WRBY/WRBY-WARBY PARKER INC-2025.pdf,9657937,2026-07-13T10:36:53.968293+00:00,7eef6ee7124997a48609b84e2d3f18344bb1fe9558e1ff4444bda5d9cc744d1f,raw,data/01_raw/sustainability/WRBY/WRBY-WARBY PARKER INC-2025.pdf,9657937,2026-07-13T10:36:53.968293+00:00,7eef6ee7124997a48609b84e2d3f18344bb1fe9558e1ff4444bda5d9cc744d1f,data/02_interim/esg_text/WRBY/WRBY-WARBY PARKER INC-2025.txt,data/02_interim/esg_text/WRBY/WRBY-WARBY PARKER INC-2025.pages.csv,parsed,,86,134671,19,386e8b1b232c292e6167d528f848d0dbee1494595fd0630827e9813bafacaf6a,2026-07-13T11:52:43.917945+00:00,,False,16026,0.7863,1565.9,0,WRBY-WARBY PARKER INC-2025,13,134757,0,0,70,471.9142857142857,538,9.653154725219238,10359.307692307691
WSM,WSM-WILLIAMS-SONOMA INC-2021.pdf,data/01_raw/sustainability/WSM/WSM-WILLIAMS-SONOMA INC-2021.pdf,2975347,2026-07-13T10:36:59.094961+00:00,48f49757e304f41dccfa0a7634b023d6171b553af263060b7538cd7f83337c8e,raw,data/01_raw/sustainability/WSM/WSM-WILLIAMS-SONOMA INC-2021.pdf,2975347,2026-07-13T10:36:59.094961+00:00,48f49757e304f41dccfa0a7634b023d6171b553af263060b7538cd7f83337c8e,data/02_interim/esg_text/WSM/WSM-WILLIAMS-SONOMA INC-2021.txt,data/02_interim/esg_text/WSM/WSM-WILLIAMS-SONOMA INC-2021.pages.csv,parsed,,59,144008,116,71de796202315ccf33071d3cd55a631d7afa1b5d1b3a3145a77a90611549e82e,2026-07-13T11:52:42.570161+00:00,,False,15654,0.6856,2440.8,0,WSM-WILLIAMS-SONOMA INC-2021,16,143813,0,0,84,481.7261904761905,590,11.110493861452142,9000.5
WSM,WSM-WILLIAMS-SONOMA INC-2022.pdf,data/01_raw/sustainability/WSM/WSM-WILLIAMS-SONOMA INC-2022.pdf,3026642,2026-07-13T10:37:00.791833+00:00,5a6701fd9a7bf197c10cb9e36f730c61d76e66ae14f27a61db7cf84e6ddad629,raw,data/01_raw/sustainability/WSM/WSM-WILLIAMS-SONOMA INC-2022.pdf,3026642,2026-07-13T10:37:00.791833+00:00,5a6701fd9a7bf197c10cb9e36f730c61d76e66ae14f27a61db7cf84e6ddad629,data/02_interim/esg_text/WSM/WSM-WILLIAMS-SONOMA INC-2022.txt,data/02_interim/esg_text/WSM/WSM-WILLIAMS-SONOMA INC-2022.pages.csv,parsed,,55,125301,103,65d3c95e0acb8b6e02472dccd896be6b979d997765d3152da5331964a4d2420a,2026-07-13T11:52:42.008731+00:00,,False,13512,0.6842,2278.2,0,WSM-WILLIAMS-SONOMA INC-2022,16,125370,1,0,77,464.4415584415584,532,12.769251642045953,7831.3125
WSM,WSM-WILLIAMS-SONOMA INC-2023.pdf,data/01_raw/sustainability/WSM/WSM-WILLIAMS-SONOMA INC-2023.pdf,6348346,2026-07-13T10:37:05.988238+00:00,097914efb82a14f60c77fa254775b61b73013223fd5a27cbf00bd8e826e93a6e,raw,data/01_raw/sustainability/WSM/WSM-WILLIAMS-SONOMA INC-2023.pdf,6348346,2026-07-13T10:37:05.988238+00:00,097914efb82a14f60c77fa254775b61b73013223fd5a27cbf00bd8e826e93a6e,data/02_interim/esg_text/WSM/WSM-WILLIAMS-SONOMA INC-2023.txt,data/02_interim/esg_text/WSM/WSM-WILLIAMS-SONOMA INC-2023.pages.csv,parsed,,61,130696,47,f01342bb656be3f29979f49dddeaf8cf36d3a2a0dc35f61a37df228d26b63bec,2026-07-13T11:52:49.692475+00:00,,False,14207,0.6915,2142.6,0,WSM-WILLIAMS-SONOMA INC-2023,17,130765,1,0,78,475.11538461538464,570,13.007284079084288,7688.0
WWW,WWW-WOLVERINE WORLD WIDE-2021.pdf,data/01_raw/sustainability/WWW/WWW-WOLVERINE WORLD WIDE-2021.pdf,8554802,2026-07-13T10:37:12.757307+00:00,20e10fecae7f4ce5127274607c298760e7876a0db9c02b6fe0114c7ab3a9fe99,raw,data/01_raw/sustainability/WWW/WWW-WOLVERINE WORLD WIDE-2021.pdf,8554802,2026-07-13T10:37:12.757307+00:00,20e10fecae7f4ce5127274607c298760e7876a0db9c02b6fe0114c7ab3a9fe99,data/02_interim/esg_text/WWW/WWW-WOLVERINE WORLD WIDE-2021.txt,data/02_interim/esg_text/WWW/WWW-WOLVERINE WORLD WIDE-2021.pages.csv,parsed,,28,70338,28,601e2195181f021713ff1bfad6d9ec111d42cc56313364255b5a05e79b682531,2026-07-13T11:52:55.646451+00:00,,False,8438,0.81,2512.1,0,WWW-WOLVERINE WORLD WIDE-2021,9,70289,0,0,39,450.6923076923077,574,12.795359549603344,7815.333333333333
WWW,WWW-WOLVERINE WORLD WIDE-2022.pdf,data/01_raw/sustainability/WWW/WWW-WOLVERINE WORLD WIDE-2022.pdf,31301914,2026-07-13T10:37:17.121469+00:00,615040813c7b9db8fa1fcb77d79d9b12aefd6eca82dae900f4b78d2f88947c10,raw,data/01_raw/sustainability/WWW/WWW-WOLVERINE WORLD WIDE-2022.pdf,31301914,2026-07-13T10:37:17.121469+00:00,615040813c7b9db8fa1fcb77d79d9b12aefd6eca82dae900f4b78d2f88947c10,data/02_interim/esg_text/WWW/WWW-WOLVERINE WORLD WIDE-2022.txt,data/02_interim/esg_text/WWW/WWW-WOLVERINE WORLD WIDE-2022.pages.csv,parsed,,41,120191,18,4416328db4ee6155af1f51444e75d2e8173f6fcbe1f208ab5b8b39f931fb846b,2026-07-13T11:52:51.410130+00:00,,False,13996,0.7983,2931.5,0,WWW-WOLVERINE WORLD WIDE-2022,15,120002,0,0,63,473.44444444444446,590,12.480135783877328,8012.733333333334
WWW,WWW-WOLVERINE WORLD WIDE-2023.pdf,data/01_raw/sustainability/WWW/WWW-WOLVERINE WORLD WIDE-2023.pdf,19761071,2026-07-13T10:37:29.693639+00:00,026f0564ba8fb2c9a1c3eaffb1a44ba35afbbed9518878dbbf960946ff034ad3,raw,data/01_raw/sustainability/WWW/WWW-WOLVERINE WORLD WIDE-2023.pdf,19761071,2026-07-13T10:37:29.693639+00:00,026f0564ba8fb2c9a1c3eaffb1a44ba35afbbed9518878dbbf960946ff034ad3,data/02_interim/esg_text/WWW/WWW-WOLVERINE WORLD WIDE-2023.txt,data/02_interim/esg_text/WWW/WWW-WOLVERINE WORLD WIDE-2023.pages.csv,parsed,,50,98407,21,ed2d3adff078621995e10aeb917c6bb51f35a7d3e58799c23fc3e62938ae3de2,2026-07-13T11:52:52.491795+00:00,,False,11347,0.797,1968.1,0,WWW-WOLVERINE WORLD WIDE-2023,14,98197,0,0,51,459.078431372549,552,14.226630219394963,7029.071428571428
WWW,WWW-WOLVERINE WORLD WIDE-2024.pdf,data/01_raw/sustainability/WWW/WWW-WOLVERINE WORLD WIDE-2024.pdf,26132127,2026-07-13T10:37:42.077468+00:00,93ccf3fa6727f1047007681b771a146898b392bcabddfa7a7bb79a94d1cbf938,raw,data/01_raw/sustainability/WWW/WWW-WOLVERINE WORLD WIDE-2024.pdf,26132127,2026-07-13T10:37:42.077468+00:00,93ccf3fa6727f1047007681b771a146898b392bcabddfa7a7bb79a94d1cbf938,data/02_interim/esg_text/WWW/WWW-WOLVERINE WORLD WIDE-2024.txt,data/02_interim/esg_text/WWW/WWW-WOLVERINE WORLD WIDE-2024.pages.csv,parsed,,73,140117,102,23b916f56bd176cf1e3121a4813b2ed05a0f9363388c1d7b9e85171b278f5be9,2026-07-13T11:52:58.108049+00:00,,False,16193,0.8048,1919.4,0,WWW-WOLVERINE WORLD WIDE-2024,16,140157,0,0,70,474.14285714285717,569,11.419028383422425,8757.3125
XOM,XOM-EXXON MOBIL CORP-2021.pdf,data/01_raw/sustainability/XOM/XOM-EXXON MOBIL CORP-2021.pdf,2693862,2026-07-13T10:37:51.360305+00:00,b7ae98948a6745a37813242a47cc62a073fd65fffa9f60e3a9495cb98a8daa96,raw,data/01_raw/sustainability/XOM/XOM-EXXON MOBIL CORP-2021.pdf,2693862,2026-07-13T10:37:51.360305+00:00,b7ae98948a6745a37813242a47cc62a073fd65fffa9f60e3a9495cb98a8daa96,data/02_interim/esg_text/XOM/XOM-EXXON MOBIL CORP-2021.txt,data/02_interim/esg_text/XOM/XOM-EXXON MOBIL CORP-2021.pages.csv,parsed,,43,104546,7,b649b878146d59c5cac4f0d51197ef6124eb60bc965bf4e2687e7b3943f6e36b,2026-07-13T11:52:58.618925+00:00,,False,11633,0.7762,2431.3,0,XOM-EXXON MOBIL CORP-2021,17,104575,1,0,55,444.23636363636365,562,16.26078472634056,6149.764705882353
XOM,XOM-EXXON MOBIL CORP-2022.pdf,data/01_raw/sustainability/XOM/XOM-EXXON MOBIL CORP-2022.pdf,76740812,2026-07-13T10:38:01.747770+00:00,a436469ee8a762d68f90f0ac54a06a2abe359839c91a108d29f1d6b650be79b7,raw,data/01_raw/sustainability/XOM/XOM-EXXON MOBIL CORP-2022.pdf,76740812,2026-07-13T10:38:01.747770+00:00,a436469ee8a762d68f90f0ac54a06a2abe359839c91a108d29f1d6b650be79b7,data/02_interim/esg_text/XOM/XOM-EXXON MOBIL CORP-2022.txt,data/02_interim/esg_text/XOM/XOM-EXXON MOBIL CORP-2022.pages.csv,parsed,,84,159590,3,960297e74ae93af13e736f6f4646a54fa13e3d4ec12009d7fb1e1b34977f2057,2026-07-13T11:53:02.428299+00:00,,False,17956,0.8337,1899.9,0,XOM-EXXON MOBIL CORP-2022,15,159578,0,0,72,474.9583333333333,586,9.39908515571151,10639.333333333334
XOM,XOM-EXXON MOBIL CORP-2023.pdf,data/01_raw/sustainability/XOM/XOM-EXXON MOBIL CORP-2023.pdf,6903378,2026-07-13T10:38:04.604920+00:00,46ae6bca985d37527ee521ac7989ad88b5a404ffab02ae0b72a662f54911ee54,raw,data/01_raw/sustainability/XOM/XOM-EXXON MOBIL CORP-2023.pdf,6903378,2026-07-13T10:38:04.604920+00:00,46ae6bca985d37527ee521ac7989ad88b5a404ffab02ae0b72a662f54911ee54,data/02_interim/esg_text/XOM/XOM-EXXON MOBIL CORP-2023.txt,data/02_interim/esg_text/XOM/XOM-EXXON MOBIL CORP-2023.pages.csv,parsed,,12,37087,12,ef0acdcf8af78c41e7cb5873111e8e2ff8e1c9d02d21740b449b41c9907a4aff,2026-07-13T11:52:57.851028+00:00,,False,4384,0.8224,3090.6,0,XOM-EXXON MOBIL CORP-2023,6,37082,0,0,17,458.94117647058823,590,16.17817564106021,6181.166666666667
XOM,XOM-EXXON MOBIL CORP-2025.pdf,data/01_raw/sustainability/XOM/XOM-EXXON MOBIL CORP-2025.pdf,2363607,2026-07-13T10:38:06.879379+00:00,2c34cbfd57e06abe08244ee62ba98da5c88b7d747cb4ab1a9c6983bd96bc803e,raw,data/01_raw/sustainability/XOM/XOM-EXXON MOBIL CORP-2025.pdf,2363607,2026-07-13T10:38:06.879379+00:00,2c34cbfd57e06abe08244ee62ba98da5c88b7d747cb4ab1a9c6983bd96bc803e,data/02_interim/esg_text/XOM/XOM-EXXON MOBIL CORP-2025.txt,data/02_interim/esg_text/XOM/XOM-EXXON MOBIL CORP-2025.pages.csv,parsed,,10,33776,10,00ea8b9a5d714f9f9b087a5af8fa24a6ca509e4d8e4759db3b3a07d545c25197,2026-07-13T11:53:00.606972+00:00,,False,4016,0.8246,3377.6,0,XOM-EXXON MOBIL CORP-2025,5,33495,0,0,17,424.11764705882354,500,14.803410705826623,6755.2
XOM,XOM-EXXON MOBIL CORP-2026.pdf,data/01_raw/sustainability/XOM/XOM-EXXON MOBIL CORP-2026.pdf,6036956,2026-07-13T10:38:08.946443+00:00,8ab0737a4e7f21622c91aeebf908efc2ffc7e7b430f44a20ee7e597a0d560d36,raw,data/01_raw/sustainability/XOM/XOM-EXXON MOBIL CORP-2026.pdf,6036956,2026-07-13T10:38:08.946443+00:00,8ab0737a4e7f21622c91aeebf908efc2ffc7e7b430f44a20ee7e597a0d560d36,data/02_interim/esg_text/XOM/XOM-EXXON MOBIL CORP-2026.txt,data/02_interim/esg_text/XOM/XOM-EXXON MOBIL CORP-2026.pages.csv,parsed,,79,265150,105,5e6e36bd9cb3be4a7dc22b82e151f089e85aef3f799ca624dbcd013a68f5437f,2026-07-13T11:53:11.880987+00:00,,False,30685,0.8076,3356.3,0,XOM-EXXON MOBIL CORP-2026,14,265226,1,0,127,481.61417322834643,568,5.2800301716009805,18939.285714285714
