report_label,ticker,year,heading,canonical_section_code,calibration_decision,notes,source_review_flag,source_line
AEO 2021,AEO,2021,ABOUT THIS REPORT,about_this_report,use_for_splitter,matched calibrated ESG heading pattern,,2
AEO 2021,AEO,2021,CEO WELCOME,ceo_letter,use_for_splitter,matched calibrated ESG heading pattern,,3
AEO 2021,AEO,2021,BUILDING A BETTER WORLD HIGHLIGHTS,,skip_generic_subheader,generic repeated subheader; keep inside parent ESG section,,4
AEO 2021,AEO,2021,OUR JOURNEY,about_this_report,use_for_splitter,matched calibrated ESG heading pattern,,5
AEO 2021,AEO,2021,"About AEO, Inc. and Our Brands",about_this_report,use_for_splitter,matched calibrated ESG heading pattern,,6
AEO 2021,AEO,2021,American Eagle,,skip_brand_or_story_title,brand/story title does not identify a reusable ESG topic,,8
AEO 2021,AEO,2021,Aerie,,skip_brand_or_story_title,brand/story title does not identify a reusable ESG topic,,9
AEO 2021,AEO,2021,Unsubscribed,,skip_brand_or_story_title,brand/story title does not identify a reusable ESG topic,,10
AEO 2021,AEO,2021,ESG Oversight and Collaboration Setting Best Practices,governance,use_for_splitter,matched calibrated ESG heading pattern,,11
AEO 2021,AEO,2021,Material ESG Topics,about_this_report,use_for_splitter,matched calibrated ESG heading pattern,,13
AEO 2021,AEO,2021,PLANET,environmental,use_for_splitter,matched calibrated ESG heading pattern,,14
AEO 2021,AEO,2021,A Decade of Water Leadership,water,use_for_splitter,matched calibrated ESG heading pattern,,15
AEO 2021,AEO,2021,Sustainable Materials,environmental,use_for_splitter,matched calibrated ESG heading pattern,,16
AEO 2021,AEO,2021,Real Good. Made with the Planet in Mind,environmental,use_for_splitter,matched calibrated ESG heading pattern,,17
AEO 2021,AEO,2021,Climate: Energy and Emissions,emissions,use_for_splitter,matched calibrated ESG heading pattern,,19
AEO 2021,AEO,2021,Circularity and Waste Reduction,waste,use_for_splitter,matched calibrated ESG heading pattern,,20
AEO 2021,AEO,2021,PEOPLE,human_capital,use_for_splitter,matched calibrated ESG heading pattern,,21
AEO 2021,AEO,2021,Building a Better Workplace and Community - Social Goals,human_capital,use_for_splitter,matched calibrated ESG heading pattern,,22
AEO 2021,AEO,2021,Our People and Values Are at the Center of Everything We Do,,manual_review,not matched to canonical ESG code; review before adding pattern,sentence_like_review,24
AEO 2021,AEO,2021,Our Culture is a Competitive Advantage,human_capital,use_for_splitter,matched calibrated ESG heading pattern,,26
AEO 2021,AEO,2021,Our Total Rewards Approach,human_capital,use_for_splitter,matched calibrated ESG heading pattern,,27
AEO 2021,AEO,2021,"IDEA: Inclusion, Diversity, Equity and Access",diversity_equity_inclusion,use_for_splitter,matched calibrated ESG heading pattern,,28
AEO 2021,AEO,2021,IDEA Alliance and Guiding Principles,diversity_equity_inclusion,use_for_splitter,matched calibrated ESG heading pattern,,29
AEO 2021,AEO,2021,People Data,human_capital,use_for_splitter,matched calibrated ESG heading pattern,,30
AEO 2021,AEO,2021,Associate Networks & Connections,human_capital,use_for_splitter,matched calibrated ESG heading pattern,,31
AEO 2021,AEO,2021,Caring for Our People: Human Rights in Our Supply Chain,supply_chain_ethics,use_for_splitter,matched calibrated ESG heading pattern,,32
AEO 2021,AEO,2021,"We are committed to safe working conditions, supplier relations and human rights across our supply chain.",,manual_review,not matched to canonical ESG code; review before adding pattern,sentence_like_review,33
AEO 2021,AEO,2021,Consumer Trust,ethics_compliance,use_for_splitter,matched calibrated ESG heading pattern,,35
AEO 2021,AEO,2021,Partnerships That Make a Difference,community,use_for_splitter,matched calibrated ESG heading pattern,,36
AEO 2021,AEO,2021,Supporting People and Strengthening Our Communities,human_capital,use_for_splitter,matched calibrated ESG heading pattern,,37
AEO 2021,AEO,2021,We give back and roll up our sleeves to make a difference in the communities where we live and work.,,manual_review,not matched to canonical ESG code; review before adding pattern,sentence_like_review,38
AEO 2021,AEO,2021,PRACTICES,governance,use_for_splitter,matched calibrated ESG heading pattern,,40
AEO 2021,AEO,2021,Corporate Governance and Board of Directors,governance,use_for_splitter,matched calibrated ESG heading pattern,,41
AEO 2021,AEO,2021,Responsible Business,governance,use_for_splitter,matched calibrated ESG heading pattern,,42
AEO 2021,AEO,2021,Key Sourcing Policies and Protocols,supply_chain_ethics,use_for_splitter,matched calibrated ESG heading pattern,,43
AEO 2021,AEO,2021,Data Privacy and Security,ethics_compliance,use_for_splitter,matched calibrated ESG heading pattern,,44
AEO 2021,AEO,2021,In Memoriam of Steven A. Davis,,skip_brand_or_story_title,brand/story title does not identify a reusable ESG topic,,45
AEO 2021,AEO,2021,Forward-looking Statements,,manual_review,not matched to canonical ESG code; review before adding pattern,,46
AEO 2021,AEO,2021,APPENDIX,appendix,use_for_splitter,matched calibrated ESG heading pattern,,47
AEO 2021,AEO,2021,SASB Index,appendix,use_for_splitter,matched calibrated ESG heading pattern,,48
AEO 2021,AEO,2021,Annual GHG Inventory Results,emissions,use_for_splitter,matched calibrated ESG heading pattern,,49
AEO 2021,AEO,2021,GHG Verification Statement,appendix,use_for_splitter,matched calibrated ESG heading pattern,,50
AEO 2021,AEO,2021,Complete Material Topic List,appendix,use_for_splitter,matched calibrated ESG heading pattern,,51
AEO 2021,AEO,2021,Memberships and Associations,appendix,use_for_splitter,matched calibrated ESG heading pattern,,52
AEO 2022,AEO,2022,CEO WELCOME,ceo_letter,use_for_splitter,matched calibrated ESG heading pattern,,54
AEO 2022,AEO,2022,OUR LEGACY,,skip_brand_or_story_title,brand/story title does not identify a reusable ESG topic,,55
AEO 2022,AEO,2022,BUILDING A BETTER WORLD: 2022 HIGHLIGHTS,,skip_generic_subheader,generic repeated subheader; keep inside parent ESG section,,56
AEO 2022,AEO,2022,OUR JOURNEY,about_this_report,use_for_splitter,matched calibrated ESG heading pattern,,57
AEO 2022,AEO,2022,A COMPANY LED BY PURPOSE,,skip_generic_subheader,generic repeated subheader; keep inside parent ESG section,,58
AEO 2022,AEO,2022,American Eagle,,skip_brand_or_story_title,brand/story title does not identify a reusable ESG topic,contains_ocr_note,59
AEO 2022,AEO,2022,Aerie,,skip_brand_or_story_title,brand/story title does not identify a reusable ESG topic,contains_ocr_note,60
AEO 2022,AEO,2022,TODD SNYDER,,skip_brand_or_story_title,brand/story title does not identify a reusable ESG topic,contains_ocr_note,61
AEO 2022,AEO,2022,UNSUBSCRIBED,,skip_brand_or_story_title,brand/story title does not identify a reusable ESG topic,contains_ocr_note,62
AEO 2022,AEO,2022,OUR JOURNEY TO BUILD A BETTER WORLD: 20+ YEARS OF PROGRESS,about_this_report,use_for_splitter,matched calibrated ESG heading pattern,,63
AEO 2022,AEO,2022,ESG OVERSIGHT & COLLABORATION: Setting Best Practices,governance,use_for_splitter,matched calibrated ESG heading pattern,,64
AEO 2022,AEO,2022,MATERIAL ESG TOPICS,about_this_report,use_for_splitter,matched calibrated ESG heading pattern,,65
AEO 2022,AEO,2022,ESG RATINGS OF AEO,data_summary,use_for_splitter,matched calibrated ESG heading pattern,,66
AEO 2022,AEO,2022,PLANET,environmental,use_for_splitter,matched calibrated ESG heading pattern,,67
AEO 2022,AEO,2022,BUILDING A BETTER PLANET - GOALS,environmental,use_for_splitter,matched calibrated ESG heading pattern,,68
AEO 2022,AEO,2022,BUILDING A BETTER PLANET,environmental,use_for_splitter,matched calibrated ESG heading pattern,,69
AEO 2022,AEO,2022,CONTINUING OUR WATER LEADERSHIP,water,use_for_splitter,matched calibrated ESG heading pattern,,70
AEO 2022,AEO,2022,OUR JEANS STORY,,skip_brand_or_story_title,brand/story title does not identify a reusable ESG topic,,71
AEO 2022,AEO,2022,INCREASING SUSTAINABLE RAW MATERIALS,environmental,use_for_splitter,matched calibrated ESG heading pattern,,72
AEO 2022,AEO,2022,EXPANDING REAL GOOD,,manual_review,not matched to canonical ESG code; review before adding pattern,,73
AEO 2022,AEO,2022,BREAKDOWN BY MATERIAL,environmental,use_for_splitter,matched calibrated ESG heading pattern,,74
AEO 2022,AEO,2022,OUR APPROACH TO CHEMICAL MANAGEMENT,environmental,use_for_splitter,matched calibrated ESG heading pattern,,75
AEO 2022,AEO,2022,CLIMATE: REDUCING ENERGY & EMISSIONS,emissions,use_for_splitter,matched calibrated ESG heading pattern,,76
AEO 2022,AEO,2022,OUR EMISSIONS REDUCTION PROGRESS,emissions,use_for_splitter,matched calibrated ESG heading pattern,,77
AEO 2022,AEO,2022,CLIMATE: PARTNERSHIPS & PROGRAMS,climate,use_for_splitter,matched calibrated ESG heading pattern,,78
AEO 2022,AEO,2022,WASTE REDUCTION,waste,use_for_splitter,matched calibrated ESG heading pattern,,79
AEO 2022,AEO,2022,BUILDING A BETTER WORKPLACE & COMMUNITY - GOALS,human_capital,use_for_splitter,matched calibrated ESG heading pattern,,80
AEO 2022,AEO,2022,OUR VALUES,human_capital,use_for_splitter,matched calibrated ESG heading pattern,,82
AEO 2022,AEO,2022,OUR CULTURE,human_capital,use_for_splitter,matched calibrated ESG heading pattern,,83
AEO 2022,AEO,2022,A 360o APPROACH TO SUPPORTING OUR PEOPLE,human_capital,use_for_splitter,matched calibrated ESG heading pattern,,84
AEO 2022,AEO,2022,REAL OPPORTUNITIES,human_capital,use_for_splitter,matched calibrated ESG heading pattern,,85
AEO 2022,AEO,2022,"IDEA: Inclusion, Diversity, Equity and Access",diversity_equity_inclusion,use_for_splitter,matched calibrated ESG heading pattern,,86
AEO 2022,AEO,2022,IDEA: Notable New Initiatives in 2022,,manual_review,not matched to canonical ESG code; review before adding pattern,,87
AEO 2022,AEO,2022,"GUIDING PRINCIPLES & PILLARS: Hiring, Community and Development",community,use_for_splitter,matched calibrated ESG heading pattern,,88
AEO 2022,AEO,2022,PEOPLE DATA: Five Years of Progress,human_capital,use_for_splitter,matched calibrated ESG heading pattern,,89
AEO 2022,AEO,2022,ASSOCIATE NETWORKS & CONNECTIONS,human_capital,use_for_splitter,matched calibrated ESG heading pattern,,90
AEO 2022,AEO,2022,CREATING IMPACT: Partnerships That Make a Difference,community,use_for_splitter,matched calibrated ESG heading pattern,,91
AEO 2022,AEO,2022,CREATING IMPACT: Together with Our Customers,,manual_review,not matched to canonical ESG code; review before adding pattern,,92
AEO 2022,AEO,2022,GIVING BACK TO OUR PEOPLE & COMMUNITIES,human_capital,use_for_splitter,matched calibrated ESG heading pattern,,93
AEO 2022,AEO,2022,CREATING IMPACT: Advancing Educational Opportunities for Our Associates,human_capital,use_for_splitter,matched calibrated ESG heading pattern,,94
AEO 2022,AEO,2022,"POSITIVE ACTION ACROSS OUR SUPPLY CHAIN: Women’s Equity, Safety & Workers’ Voice",,manual_review,not matched to canonical ESG code; review before adding pattern,,95
AEO 2022,AEO,2022,FACTORY RATING SYSTEM,supply_chain_ethics,use_for_splitter,matched calibrated ESG heading pattern,,97
AEO 2022,AEO,2022,BetterWork,supply_chain_ethics,use_for_splitter,matched calibrated ESG heading pattern,contains_ocr_note,98
AEO 2022,AEO,2022,"Investing in women workers through health, life skills and employment training RISE",,manual_review,not matched to canonical ESG code; review before adding pattern,,99
AEO 2022,AEO,2022,RESPONSIBLE SOURCING SUPPLIER COUNCIL,supply_chain_ethics,use_for_splitter,matched calibrated ESG heading pattern,,100
AEO 2022,AEO,2022,PRACTICES,governance,use_for_splitter,matched calibrated ESG heading pattern,,101
AEO 2022,AEO,2022,CORPORATE GOVERNANCE & BOARD OF DIRECTORS HIGHLIGHTS,governance,use_for_splitter,matched calibrated ESG heading pattern,,102
AEO 2022,AEO,2022,GOVERNANCE OVERVIEW,governance,use_for_splitter,matched calibrated ESG heading pattern,,103
AEO 2022,AEO,2022,"HIGHLY TALENTED, SKILLED & DIVERSE BOARD OF DIRECTORS",governance,use_for_splitter,matched calibrated ESG heading pattern,,104
AEO 2022,AEO,2022,MEET TWO OF AEO’S DIRECTORS,,manual_review,not matched to canonical ESG code; review before adding pattern,,105
AEO 2022,AEO,2022,CODE OF ETHICS & WORKPLACE CULTURE,human_capital,use_for_splitter,matched calibrated ESG heading pattern,,106
AEO 2022,AEO,2022,PURCHASING PRACTICES,supply_chain_ethics,use_for_splitter,matched calibrated ESG heading pattern,,107
AEO 2022,AEO,2022,DATA PRIVACY & SECURITY,ethics_compliance,use_for_splitter,matched calibrated ESG heading pattern,,108
AEO 2022,AEO,2022,FORWARD-LOOKING STATEMENTS,,manual_review,not matched to canonical ESG code; review before adding pattern,,109
AEO 2022,AEO,2022,APPENDIX,appendix,use_for_splitter,matched calibrated ESG heading pattern,,110
AEO 2022,AEO,2022,SUSTAINABILITY ACCOUNTING STANDARDS BOARD (SASB) INDEX,appendix,use_for_splitter,matched calibrated ESG heading pattern,,111
AEO 2022,AEO,2022,TASK FORCE ON CLIMATE-RELATED FINANCIAL DISCLOSURES (TCFD) INDEX,appendix,use_for_splitter,matched calibrated ESG heading pattern,,112
AEO 2022,AEO,2022,ANNUAL GHG INVENTORY RESULTS,emissions,use_for_splitter,matched calibrated ESG heading pattern,,113
AEO 2022,AEO,2022,GHG VERIFICATION STATEMENT,appendix,use_for_splitter,matched calibrated ESG heading pattern,,114
AEO 2022,AEO,2022,COMPLETE MATERIAL TOPIC LIST,appendix,use_for_splitter,matched calibrated ESG heading pattern,,115
AEO 2022,AEO,2022,MEMBERSHIPS & ASSOCIATIONS,appendix,use_for_splitter,matched calibrated ESG heading pattern,,116
AEO 2024,AEO,2024,INTRODUCTION,about_this_report,use_for_splitter,matched calibrated ESG heading pattern,,118
AEO 2024,AEO,2024,BUILDING A BETTER PLANET - GOALS,environmental,use_for_splitter,matched calibrated ESG heading pattern,,119
AEO 2024,AEO,2024,WATER GOALS,water,use_for_splitter,matched calibrated ESG heading pattern,,120
AEO 2024,AEO,2024,2024 REAL GOOD BY THE NUMBERS,data_summary,use_for_splitter,matched calibrated ESG heading pattern,,121
AEO 2024,AEO,2024,CONTINUED INCREASE IN THE USE OF SUSTAINABLE RAW MATERIALS,environmental,use_for_splitter,matched calibrated ESG heading pattern,,122
AEO 2024,AEO,2024,CONTINUED INCREASE IN USE OF SUSTAINABLE RAW MATERIALS,environmental,use_for_splitter,matched calibrated ESG heading pattern,,123
AEO 2024,AEO,2024,2023 SUSTAINABLE COTTON BREAKDOWN,environmental,use_for_splitter,matched calibrated ESG heading pattern,,124
AEO 2024,AEO,2024,2024 SUSTAINABLE POLYESTER BREAKDOWN,environmental,use_for_splitter,matched calibrated ESG heading pattern,,125
CROX 2021,CROX,2021,A MESSAGE FROM OUR CEO,ceo_letter,use_for_splitter,matched calibrated ESG heading pattern,,127
CROX 2021,CROX,2021,ABOUT,about_this_report,use_for_splitter,matched calibrated ESG heading pattern,,128
CROX 2021,CROX,2021,COMPANY OVERVIEW,about_this_report,use_for_splitter,matched calibrated ESG heading pattern,,129
CROX 2021,CROX,2021,SUSTAINABLE VALUE CREATION,about_this_report,use_for_splitter,matched calibrated ESG heading pattern,,130
CROX 2021,CROX,2021,GOVERNANCE OF ESG,governance,use_for_splitter,matched calibrated ESG heading pattern,,131
CROX 2021,CROX,2021,MANAGING ESG RISK,governance,use_for_splitter,matched calibrated ESG heading pattern,,132
CROX 2021,CROX,2021,FRAMEWORK ALIGNMENT AND INITIATIVES,about_this_report,use_for_splitter,matched calibrated ESG heading pattern,,133
CROX 2021,CROX,2021,2021 PERFORMANCE AT A GLANCE,data_summary,use_for_splitter,matched calibrated ESG heading pattern,,134
CROX 2021,CROX,2021,ENVIRONMENTAL SUSTAINABILITY COMFORT WITHOUT CARBON,climate,use_for_splitter,matched calibrated ESG heading pattern,,135
CROX 2021,CROX,2021,GOVERNANCE OF ENVIRONMENTAL SUSTAINABILITY,environmental,use_for_splitter,matched calibrated ESG heading pattern,,138
CROX 2021,CROX,2021,CLIMATE,climate,use_for_splitter,matched calibrated ESG heading pattern,,140
CROX 2021,CROX,2021,CLIMATE-RELATED RISK STRATEGY,climate,use_for_splitter,matched calibrated ESG heading pattern,,141
CROX 2021,CROX,2021,EMISSIONS MANAGEMENT,emissions,use_for_splitter,matched calibrated ESG heading pattern,,142
CROX 2021,CROX,2021,PRODUCT CARBON FOOTPRINT TRANSPARENCY,emissions,use_for_splitter,matched calibrated ESG heading pattern,,143
CROX 2021,CROX,2021,RESOURCE MANAGEMENT,environmental,use_for_splitter,matched calibrated ESG heading pattern,,145
CROX 2021,CROX,2021,WATER USE,water,use_for_splitter,matched calibrated ESG heading pattern,,146
CROX 2021,CROX,2021,WASTE MANAGEMENT,waste,use_for_splitter,matched calibrated ESG heading pattern,,147
CROX 2021,CROX,2021,MATERIALS,environmental,use_for_splitter,matched calibrated ESG heading pattern,,148
CROX 2021,CROX,2021,RAW MATERIALS,environmental,use_for_splitter,matched calibrated ESG heading pattern,,149
CROX 2021,CROX,2021,SUSTAINABLE INGREDIENTS,environmental,use_for_splitter,matched calibrated ESG heading pattern,,150
CROX 2021,CROX,2021,PACKAGING,waste,use_for_splitter,matched calibrated ESG heading pattern,,151
CROX 2021,CROX,2021,‘END-OF-LIFE’ SOLUTIONS,waste,use_for_splitter,matched calibrated ESG heading pattern,,152
CROX 2021,CROX,2021,SOCIAL: COMMUNITY AND INCLUSIVITY,diversity_equity_inclusion,use_for_splitter,matched calibrated ESG heading pattern,,153
CROX 2021,CROX,2021,GOVERNANCE OF SOCIAL RISKS AND OPPORTUNITIES,social,use_for_splitter,matched calibrated ESG heading pattern,,155
CROX 2021,CROX,2021,COMMUNITY ENGAGEMENT,community,use_for_splitter,matched calibrated ESG heading pattern,,156
CROX 2021,CROX,2021,CROCS CARES,community,use_for_splitter,matched calibrated ESG heading pattern,,157
CROX 2021,CROX,2021,GIVING BACK IN 2021,community,use_for_splitter,matched calibrated ESG heading pattern,,158
CROX 2021,CROX,2021,HUMAN CAPITAL MANAGEMENT,human_capital,use_for_splitter,matched calibrated ESG heading pattern,,159
CROX 2021,CROX,2021,"PROFESSIONAL DEVELOPMENT, TALENT ACQUISITION AND RETENTION STRATEGIES",human_capital,use_for_splitter,matched calibrated ESG heading pattern,,160
CROX 2021,CROX,2021,PAY EQUITY AND COMPENSATION TRANSPARENCY,diversity_equity_inclusion,use_for_splitter,matched calibrated ESG heading pattern,,162
CROX 2021,CROX,2021,FAIR COMPENSATION THROUGHOUT THE SUPPLY CHAIN,supply_chain_ethics,use_for_splitter,matched calibrated ESG heading pattern,,164
CROX 2021,CROX,2021,EMPLOYEE ENGAGEMENT,human_capital,use_for_splitter,matched calibrated ESG heading pattern,,166
CROX 2021,CROX,2021,WORKPLACE FLEXIBILITY,human_capital,use_for_splitter,matched calibrated ESG heading pattern,,167
CROX 2021,CROX,2021,MENTAL HEALTH,human_capital,use_for_splitter,matched calibrated ESG heading pattern,,168
CROX 2021,CROX,2021,"DIVERSITY, EQUITY AND INCLUSION",diversity_equity_inclusion,use_for_splitter,matched calibrated ESG heading pattern,,169
CROX 2021,CROX,2021,CAYA CULTURE,human_capital,use_for_splitter,matched calibrated ESG heading pattern,,170
CROX 2021,CROX,2021,ENHANCING WORKFORCE DIVERSITY,diversity_equity_inclusion,use_for_splitter,matched calibrated ESG heading pattern,,171
CROX 2021,CROX,2021,SUPPLY CHAIN,supply_chain_ethics,use_for_splitter,matched calibrated ESG heading pattern,,172
CROX 2021,CROX,2021,SUPPLY CHAIN MANAGEMENT,supply_chain_ethics,use_for_splitter,matched calibrated ESG heading pattern,,173
CROX 2021,CROX,2021,SUPPLY CHAIN RISKS,supply_chain_ethics,use_for_splitter,matched calibrated ESG heading pattern,,174
CROX 2021,CROX,2021,SUPPLIER ASSESSMENTS,supply_chain_ethics,use_for_splitter,matched calibrated ESG heading pattern,,175
CROX 2021,CROX,2021,POLICIES AND GUIDELINES,governance,use_for_splitter,matched calibrated ESG heading pattern,,176
CROX 2021,CROX,2021,SOCIAL COMPLIANCE AND AUDITS,social,use_for_splitter,matched calibrated ESG heading pattern,,177
CROX 2021,CROX,2021,ADDRESSING NON-COMPLIANCE,ethics_compliance,use_for_splitter,matched calibrated ESG heading pattern,,178
CROX 2021,CROX,2021,HEALTH AND SAFETY MANAGEMENT SYSTEM,human_capital,use_for_splitter,matched calibrated ESG heading pattern,,179
CROX 2021,CROX,2021,TRAINING AND DUE DILIGENCE,supply_chain_ethics,use_for_splitter,matched calibrated ESG heading pattern,,180
CROX 2021,CROX,2021,HUMAN RIGHTS IN THE SUPPLY CHAIN,supply_chain_ethics,use_for_splitter,matched calibrated ESG heading pattern,,181
CROX 2021,CROX,2021,PRODUCT AND CONSUMER SAFETY,ethics_compliance,use_for_splitter,matched calibrated ESG heading pattern,,182
CROX 2021,CROX,2021,CHEMICAL SAFETY IN PRODUCTS,environmental,use_for_splitter,matched calibrated ESG heading pattern,,183
CROX 2021,CROX,2021,GOVERNANCE,governance,use_for_splitter,matched calibrated ESG heading pattern,,184
CROX 2021,CROX,2021,APPROACH TO GOVERNANCE,governance,use_for_splitter,matched calibrated ESG heading pattern,,185
CROX 2021,CROX,2021,INVESTOR RELATIONS AND ENGAGEMENT,governance,use_for_splitter,matched calibrated ESG heading pattern,,186
CROX 2021,CROX,2021,BOARD OF DIRECTORS,governance,use_for_splitter,matched calibrated ESG heading pattern,,187
CROX 2021,CROX,2021,CYBER SECURITY,ethics_compliance,use_for_splitter,matched calibrated ESG heading pattern,,188
CROX 2021,CROX,2021,ETHICS AND COMPLIANCE,ethics_compliance,use_for_splitter,matched calibrated ESG heading pattern,,189
CROX 2021,CROX,2021,CODE OF CONDUCT AND WORLDWIDE CODE OF ETHICS,ethics_compliance,use_for_splitter,matched calibrated ESG heading pattern,,190
CROX 2021,CROX,2021,GOVERNANCE OF SUPPLIERS AND THIRD PARTIES,governance,use_for_splitter,matched calibrated ESG heading pattern,,192
CROX 2021,CROX,2021,TRAINING,,skip_generic_subheader,generic repeated subheader; keep inside parent ESG section,,193
CROX 2021,CROX,2021,APPENDICES,appendix,use_for_splitter,matched calibrated ESG heading pattern,,194
CROX 2021,CROX,2021,SASB,about_this_report,use_for_splitter,matched calibrated ESG heading pattern,contains_ocr_note,195
CROX 2021,CROX,2021,Task Force on Climate-Related Financial Disclosures,climate,use_for_splitter,matched calibrated ESG heading pattern,,196
CROX 2021,CROX,2021,AWARDS,,skip_generic_subheader,generic repeated subheader; keep inside parent ESG section,,197
CROX 2021,CROX,2021,ALLIANCES AND PARTNERSHIPS,,manual_review,not matched to canonical ESG code; review before adding pattern,,198
CROX 2023,CROX,2023,Inclusivity,diversity_equity_inclusion,use_for_splitter,matched calibrated ESG heading pattern,,200
CROX 2023,CROX,2023,Circularity,waste,use_for_splitter,matched calibrated ESG heading pattern,,201
CROX 2023,CROX,2023,Climate Stability,climate,use_for_splitter,matched calibrated ESG heading pattern,,202
CROX 2023,CROX,2023,Community,community,use_for_splitter,matched calibrated ESG heading pattern,,203
CROX 2023,CROX,2023,A Letter from Our CEO,ceo_letter,use_for_splitter,matched calibrated ESG heading pattern,,204
CROX 2023,CROX,2023,A Year in Review,,skip_generic_subheader,generic repeated subheader; keep inside parent ESG section,,206
CROX 2023,CROX,2023,Acting on Purpose,,skip_generic_subheader,generic repeated subheader; keep inside parent ESG section,,207
CROX 2023,CROX,2023,Real-World Influencers,,skip_brand_or_story_title,brand/story title does not identify a reusable ESG topic,,208
CROX 2023,CROX,2023,A Continuous Pulse Check,,skip_generic_subheader,generic repeated subheader; keep inside parent ESG section,,209
CROX 2023,CROX,2023,Creating a Safe and Inclusive Workplace,diversity_equity_inclusion,use_for_splitter,matched calibrated ESG heading pattern,,211
CROX 2023,CROX,2023,Employee Essentials,human_capital,use_for_splitter,matched calibrated ESG heading pattern,,213
CROX 2023,CROX,2023,Wages & Well-Being,human_capital,use_for_splitter,matched calibrated ESG heading pattern,,214
CROX 2023,CROX,2023,Physical and Mental Health,human_capital,use_for_splitter,matched calibrated ESG heading pattern,,215
CROX 2023,CROX,2023,"New Year, New Policies",,skip_generic_subheader,generic repeated subheader; keep inside parent ESG section,,216
CROX 2023,CROX,2023,Employee Training and Development,human_capital,use_for_splitter,matched calibrated ESG heading pattern,,217
CROX 2023,CROX,2023,Enterprise-Wide Strides,,skip_generic_subheader,generic repeated subheader; keep inside parent ESG section,,219
CROX 2023,CROX,2023,Fostering Connections for New Hires,human_capital,use_for_splitter,matched calibrated ESG heading pattern,,220
CROX 2023,CROX,2023,Celebrating One-of-a-Kinds,,skip_brand_or_story_title,brand/story title does not identify a reusable ESG topic,,221
CROX 2023,CROX,2023,"United, From One Region to Another",,manual_review,not matched to canonical ESG code; review before adding pattern,,223
CROX 2023,CROX,2023,In Service of CAYA,,skip_brand_or_story_title,brand/story title does not identify a reusable ESG topic,,225
CROX 2023,CROX,2023,Sourcing to Scale,supply_chain_ethics,use_for_splitter,matched calibrated ESG heading pattern,,227
CROX 2023,CROX,2023,Bio-Circular Innovation,environmental,use_for_splitter,matched calibrated ESG heading pattern,,228
CROX 2023,CROX,2023,A Tale of Two Brands,,skip_brand_or_story_title,brand/story title does not identify a reusable ESG topic,,229
CROX 2023,CROX,2023,Safer Inputs and Smarter Packaging,waste,use_for_splitter,matched calibrated ESG heading pattern,,232
CROX 2023,CROX,2023,Safety-First Chemical Management Strategy,environmental,use_for_splitter,matched calibrated ESG heading pattern,,235
CROX 2023,CROX,2023,The Full Package,,manual_review,not matched to canonical ESG code; review before adding pattern,,237
CROX 2023,CROX,2023,Bags & Boxes,waste,use_for_splitter,matched calibrated ESG heading pattern,,238
CROX 2023,CROX,2023,Making Strides in Circularity,waste,use_for_splitter,matched calibrated ESG heading pattern,,239
CROX 2023,CROX,2023,Giving Old Crocs New Life,community,use_for_splitter,matched calibrated ESG heading pattern,,241
CROX 2023,CROX,2023,Our Main Sources of Emissions,emissions,use_for_splitter,matched calibrated ESG heading pattern,,246
CROX 2023,CROX,2023,Where are we today,,skip_generic_subheader,generic repeated subheader; keep inside parent ESG section,,248
CROX 2023,CROX,2023,Our Path to Net Zero,climate,use_for_splitter,matched calibrated ESG heading pattern,,249
CROX 2023,CROX,2023,Where are we going,,skip_generic_subheader,generic repeated subheader; keep inside parent ESG section,,250
CROX 2023,CROX,2023,Powering Our Operations and Moving Our Products,,manual_review,not matched to canonical ESG code; review before adding pattern,,252
CROX 2023,CROX,2023,Analyzing the Impact of Our Physical Spaces,,manual_review,not matched to canonical ESG code; review before adding pattern,,258
CROX 2023,CROX,2023,Optimizing Our Transportation & distribution logistics,,manual_review,not matched to canonical ESG code; review before adding pattern,,259
CROX 2023,CROX,2023,Innovating and Optimizing Our Material Footprint,environmental,use_for_splitter,matched calibrated ESG heading pattern,,260
CROX 2023,CROX,2023,Carbon Footprints by Style,emissions,use_for_splitter,matched calibrated ESG heading pattern,,261
CROX 2023,CROX,2023,Raw Materials Interventions,environmental,use_for_splitter,matched calibrated ESG heading pattern,,262
CROX 2023,CROX,2023,Packaging Interventions,waste,use_for_splitter,matched calibrated ESG heading pattern,,264
CROX 2023,CROX,2023,Emissions and Environmental Impacts of Making Our Products,emissions,use_for_splitter,matched calibrated ESG heading pattern,,265
CROX 2023,CROX,2023,Emissions from Tier 1 Manufacturing,emissions,use_for_splitter,matched calibrated ESG heading pattern,,266
CROX 2023,CROX,2023,Assessing Our Supply Chain’s Impact on Natural Resources,supply_chain_ethics,use_for_splitter,matched calibrated ESG heading pattern,,267
CROX 2023,CROX,2023,Warding off Waste,waste,use_for_splitter,matched calibrated ESG heading pattern,,270
CROX 2023,CROX,2023,Managing Wastewater,water,use_for_splitter,matched calibrated ESG heading pattern,,271
CROX 2023,CROX,2023,Step Up to Greatness,,manual_review,not matched to canonical ESG code; review before adding pattern,,273
CROX 2023,CROX,2023,Supporting Our Nonprofit Partners,community,use_for_splitter,matched calibrated ESG heading pattern,,275
CROX 2023,CROX,2023,Building New Impact Partnerships,community,use_for_splitter,matched calibrated ESG heading pattern,,276
CROX 2023,CROX,2023,Supporting Relief Efforts,community,use_for_splitter,matched calibrated ESG heading pattern,,279
CROX 2023,CROX,2023,Extending Our Impact through Our Value Chain,,manual_review,not matched to canonical ESG code; review before adding pattern,,280
CROX 2023,CROX,2023,Representation Matters,diversity_equity_inclusion,use_for_splitter,matched calibrated ESG heading pattern,,284
CROX 2023,CROX,2023,Back to Basics,,manual_review,not matched to canonical ESG code; review before adding pattern,,287
CROX 2023,CROX,2023,Inclusivity in Action,diversity_equity_inclusion,use_for_splitter,matched calibrated ESG heading pattern,,288
CROX 2023,CROX,2023,Setting Supply Chain Standards,supply_chain_ethics,use_for_splitter,matched calibrated ESG heading pattern,,289
CROX 2023,CROX,2023,Strengthening Oversight Mechanisms,governance,use_for_splitter,matched calibrated ESG heading pattern,,292
CROX 2023,CROX,2023,Policy Expansion,,manual_review,not matched to canonical ESG code; review before adding pattern,,294
CROX 2023,CROX,2023,Taskforce Assembled,,manual_review,not matched to canonical ESG code; review before adding pattern,,295
CROX 2023,CROX,2023,Spheres of Influence,,manual_review,not matched to canonical ESG code; review before adding pattern,,296
CROX 2023,CROX,2023,Responsibility,,skip_generic_subheader,generic repeated subheader; keep inside parent ESG section,,297
CROX 2023,CROX,2023,Systematizing Continuous Improvement,,manual_review,not matched to canonical ESG code; review before adding pattern,,298
CROX 2023,CROX,2023,Tackling Industry-Wide Supplier Performance Management Through Collaboration,,manual_review,not matched to canonical ESG code; review before adding pattern,,301
CROX 2023,CROX,2023,Auditing Our Supply Chain for Compliance,supply_chain_ethics,use_for_splitter,matched calibrated ESG heading pattern,,303
CROX 2023,CROX,2023,Strengthening Our Systems,,skip_generic_subheader,generic repeated subheader; keep inside parent ESG section,,304
CROX 2023,CROX,2023,Expanding Our Disclosures,,skip_generic_subheader,generic repeated subheader; keep inside parent ESG section,,305
CROX 2023,CROX,2023,Managing Ourselves and Our Risks,,manual_review,not matched to canonical ESG code; review before adding pattern,,306
CROX 2023,CROX,2023,Ethics and Oversight,ethics_compliance,use_for_splitter,matched calibrated ESG heading pattern,,309
CROX 2023,CROX,2023,Risk Management,governance,use_for_splitter,matched calibrated ESG heading pattern,,310
CROX 2023,CROX,2023,Policies,,skip_generic_subheader,generic repeated subheader; keep inside parent ESG section,,311
CROX 2023,CROX,2023,Key Metrics,data_summary,use_for_splitter,matched calibrated ESG heading pattern,,312
CROX 2023,CROX,2023,People,human_capital,use_for_splitter,matched calibrated ESG heading pattern,,313
CROX 2023,CROX,2023,Materials,environmental,use_for_splitter,matched calibrated ESG heading pattern,,314
CROX 2023,CROX,2023,Greenhouse Gas (GHG) Emissions,emissions,use_for_splitter,matched calibrated ESG heading pattern,,315
CROX 2023,CROX,2023,Wastewater,water,use_for_splitter,matched calibrated ESG heading pattern,,317
CROX 2023,CROX,2023,ESG Frameworks,,skip_generic_subheader,generic repeated subheader; keep inside parent ESG section,,318
CROX 2023,CROX,2023,SASB Reference Table,about_this_report,use_for_splitter,matched calibrated ESG heading pattern,,319
CROX 2023,CROX,2023,TCFD Guidance on Climate-Related Risk Management & Integration,about_this_report,use_for_splitter,matched calibrated ESG heading pattern,,320
CROX 2023,CROX,2023,TCFD Guidance,about_this_report,use_for_splitter,matched calibrated ESG heading pattern,,323
CROX 2023,CROX,2023,United Nations Sustainable Development Goals (SDGs),,skip_generic_subheader,generic repeated subheader; keep inside parent ESG section,,324
CROX 2025,CROX,2025,A Message from Our Chief Sustainability & Compliance Officer,ethics_compliance,use_for_splitter,matched calibrated ESG heading pattern,,327
CROX 2025,CROX,2025,A Year In Review,,skip_generic_subheader,generic repeated subheader; keep inside parent ESG section,,330
CROX 2025,CROX,2025,Progress on Purpose,,skip_generic_subheader,generic repeated subheader; keep inside parent ESG section,,331
CROX 2025,CROX,2025,Connected Employee Experience,human_capital,use_for_splitter,matched calibrated ESG heading pattern,,332
CROX 2025,CROX,2025,Leveraging Employee Input,human_capital,use_for_splitter,matched calibrated ESG heading pattern,,334
CROX 2025,CROX,2025,Personalized Growth,human_capital,use_for_splitter,matched calibrated ESG heading pattern,,335
CROX 2025,CROX,2025,Shared Safety Models,,manual_review,not matched to canonical ESG code; review before adding pattern,,336
CROX 2025,CROX,2025,Creating Catalysts for Change,,manual_review,not matched to canonical ESG code; review before adding pattern,,337
CROX 2025,CROX,2025,Supporting Mentorship at Scale,human_capital,use_for_splitter,matched calibrated ESG heading pattern,,339
CROX 2025,CROX,2025,Let’s Talk Purpose,,skip_generic_subheader,generic repeated subheader; keep inside parent ESG section,,340
CROX 2025,CROX,2025,Opportunity Village,community,use_for_splitter,matched calibrated ESG heading pattern,,341
CROX 2025,CROX,2025,Connecting People with Opportunity,human_capital,use_for_splitter,matched calibrated ESG heading pattern,,342
CROX 2025,CROX,2025,Culture-Forward Campaigns,human_capital,use_for_splitter,matched calibrated ESG heading pattern,,344
CROX 2025,CROX,2025,Honoring Native Origins,community,use_for_splitter,matched calibrated ESG heading pattern,,347
CROX 2025,CROX,2025,Compliance and Continuous Improvement,ethics_compliance,use_for_splitter,matched calibrated ESG heading pattern,,348
CROX 2025,CROX,2025,Operationalizing Purpose,,skip_generic_subheader,generic repeated subheader; keep inside parent ESG section,,351
CROX 2025,CROX,2025,Factory Compliance,supply_chain_ethics,use_for_splitter,matched calibrated ESG heading pattern,,353
CROX 2025,CROX,2025,Environmental Sustainability Performance Scorecard,data_summary,use_for_splitter,matched calibrated ESG heading pattern,,354
CROX 2025,CROX,2025,Making Mindful Material Choices,environmental,use_for_splitter,matched calibrated ESG heading pattern,,357
CROX 2025,CROX,2025,Resource Extraction & Raw Material Sourcing,environmental,use_for_splitter,matched calibrated ESG heading pattern,,359
CROX 2025,CROX,2025,Enterprise Raw Materials,environmental,use_for_splitter,matched calibrated ESG heading pattern,,361
CROX 2025,CROX,2025,"Out With the Old, In With the New",,manual_review,not matched to canonical ESG code; review before adding pattern,,363
CROX 2025,CROX,2025,Collaborating for Systemic Change,,manual_review,not matched to canonical ESG code; review before adding pattern,,365
CROX 2025,CROX,2025,Breaking Down Our Footprint,,manual_review,not matched to canonical ESG code; review before adding pattern,,366
CROX 2025,CROX,2025,Moving Smarter,,manual_review,not matched to canonical ESG code; review before adding pattern,,369
CROX 2025,CROX,2025,Key Metrics,data_summary,use_for_splitter,matched calibrated ESG heading pattern,,370
CROX 2025,CROX,2025,People,human_capital,use_for_splitter,matched calibrated ESG heading pattern,,373
CROX 2025,CROX,2025,Product Materials,environmental,use_for_splitter,matched calibrated ESG heading pattern,,374
CROX 2025,CROX,2025,Packaging Materials,waste,use_for_splitter,matched calibrated ESG heading pattern,,375
CROX 2025,CROX,2025,Greenhouse Gas (GHG) Emissions,emissions,use_for_splitter,matched calibrated ESG heading pattern,,376
CROX 2025,CROX,2025,Wastewater,water,use_for_splitter,matched calibrated ESG heading pattern,,379
CROX 2025,CROX,2025,Waste,waste,use_for_splitter,matched calibrated ESG heading pattern,,380
CROX 2025,CROX,2025,ESG Frameworks,,skip_generic_subheader,generic repeated subheader; keep inside parent ESG section,,381
CROX 2025,CROX,2025,SASB Reference Table,about_this_report,use_for_splitter,matched calibrated ESG heading pattern,,384
CROX 2025,CROX,2025,TCFD Guidance on Climate-Related Risk Management & Integration,about_this_report,use_for_splitter,matched calibrated ESG heading pattern,,385
CROX 2025,CROX,2025,United Nations Sustainable Development Goals (SDGs) ETSY 2021 (FORM 10-k) ETSY 2024 (FORM 10-k),,wrong_document_type_review,looks like SEC/10-K or non-ESG document marker,,388
CROX 2025,CROX,2025,"Etsy, Inc. Climate Index",appendix,use_for_splitter,matched calibrated ESG heading pattern,,392
CROX 2025,CROX,2025,Taskforce on Climate-Related Financial Disclosures (TCFD),about_this_report,use_for_splitter,matched calibrated ESG heading pattern,,393
CROX 2025,CROX,2025,Governance,governance,use_for_splitter,matched calibrated ESG heading pattern,,394
CROX 2025,CROX,2025,Board of Directors oversight of climate-related risks & opportunities,climate,use_for_splitter,matched calibrated ESG heading pattern,,395
CROX 2025,CROX,2025,Management’s role in assessing and managing climate-related risks and opportunities,,manual_review,not matched to canonical ESG code; review before adding pattern,,397
CROX 2025,CROX,2025,Strategy,,skip_generic_subheader,generic repeated subheader; keep inside parent ESG section,,398
CROX 2025,CROX,2025,Climate-related risks and opportunities identified & impact on strategy,climate,use_for_splitter,matched calibrated ESG heading pattern,,399
CROX 2025,CROX,2025,Identified Climate Opportunities & Management Response,climate,use_for_splitter,matched calibrated ESG heading pattern,,400
CROX 2025,CROX,2025,Resilience of strategy across different climate-related scenarios,,skip_generic_subheader,generic repeated subheader; keep inside parent ESG section,,401
CROX 2025,CROX,2025,Risk Management,governance,use_for_splitter,matched calibrated ESG heading pattern,,402
CROX 2025,CROX,2025,Processes for identifying and assessing climate-related risks,climate,use_for_splitter,matched calibrated ESG heading pattern,,403
CROX 2025,CROX,2025,Processes for managing climate-related risks,climate,use_for_splitter,matched calibrated ESG heading pattern,,404
CROX 2025,CROX,2025,Processes for integrating climate-related risks into the overall risk management,climate,use_for_splitter,matched calibrated ESG heading pattern,,405
CROX 2025,CROX,2025,Metrics and Targets,data_summary,use_for_splitter,matched calibrated ESG heading pattern,,406
CROX 2025,CROX,2025,Metrics used to assess climate-related risks and opportunities in line with strategy and risk management process,,skip_generic_subheader,generic repeated subheader; keep inside parent ESG section,,407
CROX 2025,CROX,2025,"Scope 1, Scope 2, and Scope 3 GHG emissions, and the related risks",emissions,use_for_splitter,matched calibrated ESG heading pattern,,408
CROX 2025,CROX,2025,Targets used to manage climate-related risks and opportunities and performance,,manual_review,not matched to canonical ESG code; review before adding pattern,,409
CROX 2025,CROX,2025,Taskforce for Climate Action Transparency (TCAT),climate,use_for_splitter,matched calibrated ESG heading pattern,,410
CROX 2025,CROX,2025,Target Commitment Report,data_summary,use_for_splitter,matched calibrated ESG heading pattern,,411
CROX 2025,CROX,2025,Base Year Emissions Report (2020),,manual_review,not matched to canonical ESG code; review before adding pattern,,412
CROX 2025,CROX,2025,Emissions Reduction Target Accounting Report: Scope 1 & 2 (2021-2025),,manual_review,not matched to canonical ESG code; review before adding pattern,,413
CROX 2025,CROX,2025,Emissions Reduction Target Accounting Report: Scope 3 (2021-2025),,manual_review,not matched to canonical ESG code; review before adding pattern,,414
CROX 2025,CROX,2025,Mitigation Action Report (2025),data_summary,use_for_splitter,matched calibrated ESG heading pattern,,415
CROX 2025,CROX,2025,Renewable Electricity Certificate Retirement Table (2025),energy,use_for_splitter,matched calibrated ESG heading pattern,,416
CROX 2025,CROX,2025,Voluntary Carbon Market Disclosure,data_summary,use_for_splitter,matched calibrated ESG heading pattern,,417
CROX 2025,CROX,2025,[2025] Etsy’s Voluntary Carbon Market Disclosure Act (AB 1305),data_summary,use_for_splitter,matched calibrated ESG heading pattern,,418
CROX 2025,CROX,2025,"Statements Regarding Etsy’s Net Zero Goals, Emissions Reductions and Similar",,skip_generic_subheader,generic repeated subheader; keep inside parent ESG section,,419
CROX 2025,CROX,2025,"Statements Relating to Carbon Offsets, Carbon Credits, and Similar",,manual_review,not matched to canonical ESG code; review before adding pattern,,420
CROX 2025,CROX,2025,SASB Disclosure,about_this_report,use_for_splitter,matched calibrated ESG heading pattern,,421
CROX 2025,CROX,2025,SASB Metrics,data_summary,use_for_splitter,matched calibrated ESG heading pattern,,422
CROX 2025,CROX,2025,Hardware Infrastructure Energy & Water Management,energy,use_for_splitter,matched calibrated ESG heading pattern,,423
CROX 2025,CROX,2025,Data Privacy and Advertising Standards,ethics_compliance,use_for_splitter,matched calibrated ESG heading pattern,,424
CROX 2025,CROX,2025,Data Security,ethics_compliance,use_for_splitter,matched calibrated ESG heading pattern,,425
CROX 2025,CROX,2025,"Employee Recruitment, Inclusion and Performance",diversity_equity_inclusion,use_for_splitter,matched calibrated ESG heading pattern,,426
CROX 2025,CROX,2025,Product Packaging and Distribution,waste,use_for_splitter,matched calibrated ESG heading pattern,,427
CROX 2025,CROX,2025,Note Regarding Forward-Looking Statements,,manual_review,not matched to canonical ESG code; review before adding pattern,,428
GAP 2021,GAP,2021,THE BIG PICTURE,,manual_review,not matched to canonical ESG code; review before adding pattern,,430
GAP 2021,GAP,2021,ABOUT GAP INC.,,manual_review,not matched to canonical ESG code; review before adding pattern,,431
GAP 2021,GAP,2021,ABOUT THIS REPORT,about_this_report,use_for_splitter,matched calibrated ESG heading pattern,,432
GAP 2021,GAP,2021,"OUR COMMITMENT TO ENVIRONMENT, SOCIAL, AND GOVERNANCE (ESG)",environmental,use_for_splitter,matched calibrated ESG heading pattern,,433
GAP 2021,GAP,2021,2021 HIGHLIGHTS,,skip_generic_subheader,generic repeated subheader; keep inside parent ESG section,,436
GAP 2021,GAP,2021,OUR APPROACH,,skip_generic_subheader,generic repeated subheader; keep inside parent ESG section,,437
GAP 2021,GAP,2021,OUR PURPOSE- LED BRANDS,,skip_generic_subheader,generic repeated subheader; keep inside parent ESG section,,438
GAP 2021,GAP,2021,EMPOWERING WOMEN,diversity_equity_inclusion,use_for_splitter,matched calibrated ESG heading pattern,,442
GAP 2021,GAP,2021,ENABLING OPPORTUNITY,human_capital,use_for_splitter,matched calibrated ESG heading pattern,,443
GAP 2021,GAP,2021,ENRICHING COMMUNITIES,community,use_for_splitter,matched calibrated ESG heading pattern,,444
GAP 2021,GAP,2021,GOALS AND PROGRESS,,skip_generic_subheader,generic repeated subheader; keep inside parent ESG section,,451
GAP 2021,GAP,2021,EMPOWERING WOMEN & HUMAN RIGHTS,diversity_equity_inclusion,use_for_splitter,matched calibrated ESG heading pattern,,452
GAP 2021,GAP,2021,GAP INC. P.A.C.E.,,manual_review,not matched to canonical ESG code; review before adding pattern,,455
GAP 2021,GAP,2021,GOAL ACHIEVED,,skip_generic_subheader,generic repeated subheader; keep inside parent ESG section,,456
GAP 2021,GAP,2021,P.A.C.E. SKILLS IN ACTION,,manual_review,not matched to canonical ESG code; review before adding pattern,,458
GAP 2021,GAP,2021,2021 P.A.C.E. PROGRESS,,skip_generic_subheader,generic repeated subheader; keep inside parent ESG section,,460
GAP 2021,GAP,2021,EMPOWER WORK COLLABORATIVE,,manual_review,not matched to canonical ESG code; review before adding pattern,contains_ocr_note,461
GAP 2021,GAP,2021,HUMAN RIGHTS AND SOCIAL DIALOGUE,supply_chain_ethics,use_for_splitter,matched calibrated ESG heading pattern,,462
GAP 2021,GAP,2021,OUR KEY HUMAN RIGHTS ISSUES,supply_chain_ethics,use_for_splitter,matched calibrated ESG heading pattern,,465
GAP 2021,GAP,2021,ASSESSMENT AND REMEDIATION,supply_chain_ethics,use_for_splitter,matched calibrated ESG heading pattern,,466
GAP 2021,GAP,2021,SOCIAL & LABOR CONVERGENCE PROGRAM (SLCP),social,use_for_splitter,matched calibrated ESG heading pattern,,467
GAP 2021,GAP,2021,CAPABILITY BUILDING,supply_chain_ethics,use_for_splitter,matched calibrated ESG heading pattern,,470
GAP 2021,GAP,2021,WORKFORCE ENGAGEMENT PROGRAM (WEP): A DIGITAL TOOL FOR CAPABILITY BUILDING,supply_chain_ethics,use_for_splitter,matched calibrated ESG heading pattern,,471
GAP 2021,GAP,2021,Workplace Cooperation Program (WCP),human_capital,use_for_splitter,matched calibrated ESG heading pattern,,474
GAP 2021,GAP,2021,Supervisory Skills Training (SST),human_capital,use_for_splitter,matched calibrated ESG heading pattern,,475
GAP 2021,GAP,2021,Gender-Based Violence (GBV) Prevention and Response,supply_chain_ethics,use_for_splitter,matched calibrated ESG heading pattern,,476
GAP 2021,GAP,2021,Digital Wage Payments,supply_chain_ethics,use_for_splitter,matched calibrated ESG heading pattern,,478
GAP 2021,GAP,2021,HELPING KEEP OUR SUPPLY CHAIN SAFE DURING COVID-19,supply_chain_ethics,use_for_splitter,matched calibrated ESG heading pattern,,479
GAP 2021,GAP,2021,COVID-19 RESILIENCE FUND FOR WOMEN,,manual_review,not matched to canonical ESG code; review before adding pattern,,482
GAP 2021,GAP,2021,Gap Inc. prioritizes fostering a culture of equality and belonging and developing sustainable economies.,,manual_review,not matched to canonical ESG code; review before adding pattern,,485
GAP 2021,GAP,2021,THIS WAY ONWARD,community,use_for_splitter,matched calibrated ESG heading pattern,,488
GAP 2021,GAP,2021,THIS WAY ONWARD TEACHES RICHARD GREENE ABOUT THE POWER OF RELATIONSHIPS,,manual_review,not matched to canonical ESG code; review before adding pattern,,489
GAP 2021,GAP,2021,PROGRAM SPOTLIGHT,,manual_review,not matched to canonical ESG code; review before adding pattern,,492
GAP 2021,GAP,2021,TALENT DEVELOPMENT,human_capital,use_for_splitter,matched calibrated ESG heading pattern,,493
GAP 2021,GAP,2021,2021 PROGRESS,,skip_generic_subheader,generic repeated subheader; keep inside parent ESG section,,495
GAP 2021,GAP,2021,OPPORTUNITY HIRING,human_capital,use_for_splitter,matched calibrated ESG heading pattern,,496
GAP 2021,GAP,2021,AWARDS,,skip_generic_subheader,generic repeated subheader; keep inside parent ESG section,,497
GAP 2021,GAP,2021,TENT PARTNERSHIP FOR REFUGEES,community,use_for_splitter,matched calibrated ESG heading pattern,,498
GAP 2021,GAP,2021,SECOND CHANCE BUSINESS COALITION,,manual_review,not matched to canonical ESG code; review before adding pattern,,500
GAP 2021,GAP,2021,STARS,,manual_review,not matched to canonical ESG code; review before adding pattern,,502
GAP 2021,GAP,2021,EQUALITY & BELONGING,diversity_equity_inclusion,use_for_splitter,matched calibrated ESG heading pattern,,503
GAP 2021,GAP,2021,OUR EMPLOYEES,human_capital,use_for_splitter,matched calibrated ESG heading pattern,,505
GAP 2021,GAP,2021,OUR CUSTOMERS,,manual_review,not matched to canonical ESG code; review before adding pattern,,506
GAP 2021,GAP,2021,OUR COMMUNITIES,community,use_for_splitter,matched calibrated ESG heading pattern,,507
GAP 2021,GAP,2021,EMPLOYEES AND COMMUNITY IMPACT,human_capital,use_for_splitter,matched calibrated ESG heading pattern,,508
GAP 2021,GAP,2021,DISASTER RELIEF,community,use_for_splitter,matched calibrated ESG heading pattern,,511
GAP 2021,GAP,2021,WATER STEWARDSHIP,water,use_for_splitter,matched calibrated ESG heading pattern,,514
GAP 2021,GAP,2021,PARTNERSHIPS FOR ADVOCACY AND INDUSTRY CHANGE,,manual_review,not matched to canonical ESG code; review before adding pattern,,516
GAP 2021,GAP,2021,WOMAN + WATER,water,use_for_splitter,matched calibrated ESG heading pattern,contains_ocr_note,519
GAP 2021,GAP,2021,HIGHLIGHTS,,skip_generic_subheader,generic repeated subheader; keep inside parent ESG section,,520
GAP 2021,GAP,2021,GOAL BY 2023,,skip_generic_subheader,generic repeated subheader; keep inside parent ESG section,,521
GAP 2021,GAP,2021,PROGRESS IN 2021,,skip_generic_subheader,generic repeated subheader; keep inside parent ESG section,,522
GAP 2021,GAP,2021,RESOURCE EFFICIENCY AND MANUFACTURING,environmental,use_for_splitter,matched calibrated ESG heading pattern,,523
GAP 2021,GAP,2021,RAW MATERIALS AND PRODUCT,environmental,use_for_splitter,matched calibrated ESG heading pattern,,527
GAP 2021,GAP,2021,WATER SAVINGS PROGRAMS IN KEY SOURCING COUNTRIES,water,use_for_splitter,matched calibrated ESG heading pattern,,528
GAP 2021,GAP,2021,CHEMICALS MANAGEMENT,environmental,use_for_splitter,matched calibrated ESG heading pattern,,529
GAP 2021,GAP,2021,Supply Chain,supply_chain_ethics,use_for_splitter,matched calibrated ESG heading pattern,,532
GAP 2021,GAP,2021,Chemicals and Circularity,waste,use_for_splitter,matched calibrated ESG heading pattern,,533
GAP 2021,GAP,2021,Elimination of PFC-Based Finishes,,manual_review,not matched to canonical ESG code; review before adding pattern,,534
GAP 2021,GAP,2021,HOW WE MANAGE CHEMICALS,,manual_review,not matched to canonical ESG code; review before adding pattern,,535
GAP 2021,GAP,2021,CLIMATE STEWARDSHIP,climate,use_for_splitter,matched calibrated ESG heading pattern,,536
GAP 2021,GAP,2021,GOALS BY 2030,,skip_generic_subheader,generic repeated subheader; keep inside parent ESG section,,538
GAP 2021,GAP,2021,GOAL BY 2050,,skip_generic_subheader,generic repeated subheader; keep inside parent ESG section,,540
GAP 2021,GAP,2021,ATHLETA: POWERED BY RENEWABLES,energy,use_for_splitter,matched calibrated ESG heading pattern,,541
GAP 2021,GAP,2021,Addressing Emissions: Scope 1 and 2,emissions,use_for_splitter,matched calibrated ESG heading pattern,,543
GAP 2021,GAP,2021,Addressing Emissions: Scope 3,emissions,use_for_splitter,matched calibrated ESG heading pattern,,544
GAP 2021,GAP,2021,TASK FORCE ON CLIMATE-RELATED FINANCIAL DISCLOSURES (TCFD),about_this_report,use_for_splitter,matched calibrated ESG heading pattern,,545
GAP 2021,GAP,2021,OUR EXTERNAL COMMITMENTS,governance,use_for_splitter,matched calibrated ESG heading pattern,,549
GAP 2021,GAP,2021,PROTECTING BIODIVERSITY,environmental,use_for_splitter,matched calibrated ESG heading pattern,,554
GAP 2021,GAP,2021,PREFERRED FIBERS STRATEGY,,skip_generic_subheader,generic repeated subheader; keep inside parent ESG section,,555
GAP 2021,GAP,2021,Natural Fibers,environmental,use_for_splitter,matched calibrated ESG heading pattern,,557
GAP 2021,GAP,2021,GOALS BY 2025,,skip_generic_subheader,generic repeated subheader; keep inside parent ESG section,,558
GAP 2021,GAP,2021,Synthetics,environmental,use_for_splitter,matched calibrated ESG heading pattern,,560
GAP 2021,GAP,2021,Manufactured Cellulosics,environmental,use_for_splitter,matched calibrated ESG heading pattern,,561
GAP 2021,GAP,2021,CIRCULARITY AND WASTE,waste,use_for_splitter,matched calibrated ESG heading pattern,,562
GAP 2021,GAP,2021,Design for Circularity,waste,use_for_splitter,matched calibrated ESG heading pattern,,564
GAP 2021,GAP,2021,Materials and Manufacturing,environmental,use_for_splitter,matched calibrated ESG heading pattern,,565
GAP 2021,GAP,2021,Advanced Resource Recovery,environmental,use_for_splitter,matched calibrated ESG heading pattern,,566
GAP 2021,GAP,2021,Circular Business Models,environmental,use_for_splitter,matched calibrated ESG heading pattern,,567
GAP 2021,GAP,2021,PACKAGING WASTE AND SINGLE-USE PLASTICS,waste,use_for_splitter,matched calibrated ESG heading pattern,,568
GAP 2021,GAP,2021,GOVERNANCE,governance,use_for_splitter,matched calibrated ESG heading pattern,,570
GAP 2021,GAP,2021,ESG OVERSIGHT,governance,use_for_splitter,matched calibrated ESG heading pattern,,571
GAP 2021,GAP,2021,INTEGRATING ESG INTO OUR CORPORATE STRATEGY,,skip_generic_subheader,generic repeated subheader; keep inside parent ESG section,,572
GAP 2021,GAP,2021,OUR OVERSIGHT STRUCTURE,governance,use_for_splitter,matched calibrated ESG heading pattern,,574
GAP 2021,GAP,2021,MANAGEMENT APPROACH,,skip_generic_subheader,generic repeated subheader; keep inside parent ESG section,,575
GAP 2021,GAP,2021,Risk Management,governance,use_for_splitter,matched calibrated ESG heading pattern,,576
GAP 2021,GAP,2021,RESPONSIBLE BUSINESS PRACTICES,governance,use_for_splitter,matched calibrated ESG heading pattern,,577
GAP 2021,GAP,2021,CODE OF BUSINESS CONDUCT (COBC),,manual_review,not matched to canonical ESG code; review before adding pattern,,580
GAP 2021,GAP,2021,EMPLOYEE TRAINING,human_capital,use_for_splitter,matched calibrated ESG heading pattern,,582
GAP 2021,GAP,2021,ENABLING EMPLOYEES TO SPEAK UP,human_capital,use_for_splitter,matched calibrated ESG heading pattern,,583
GAP 2021,GAP,2021,ANTI-CORRUPTION AND ANTI-BRIBERY,ethics_compliance,use_for_splitter,matched calibrated ESG heading pattern,,585
GAP 2021,GAP,2021,CODE OF VENDOR CONDUCT (COVC),supply_chain_ethics,use_for_splitter,matched calibrated ESG heading pattern,,587
GAP 2021,GAP,2021,DATA PRIVACY,ethics_compliance,use_for_splitter,matched calibrated ESG heading pattern,,588
GAP 2021,GAP,2021,STAKEHOLDER ENGAGEMENT,governance,use_for_splitter,matched calibrated ESG heading pattern,,589
GAP 2021,GAP,2021,HUMAN RIGHTS ENGAGEMENT IN OUR SUPPLY CHAIN,supply_chain_ethics,use_for_splitter,matched calibrated ESG heading pattern,,591
GAP 2021,GAP,2021,COMMUNICATING WITH WORKERS,supply_chain_ethics,use_for_splitter,matched calibrated ESG heading pattern,,593
GAP 2021,GAP,2021,PUBLIC POLICY INVOLVEMENT,governance,use_for_splitter,matched calibrated ESG heading pattern,,594
GAP 2021,GAP,2021,DESIGN AND DEVELOPMENT,,manual_review,not matched to canonical ESG code; review before adding pattern,,595
GAP 2021,GAP,2021,RAW MATERIALS AND PROCESSING (TIER 3 SUPPLIERS),environmental,use_for_splitter,matched calibrated ESG heading pattern,,596
GAP 2021,GAP,2021,CONSUMER USE AND CIRCULARITY,waste,use_for_splitter,matched calibrated ESG heading pattern,,598
GAP 2021,GAP,2021,RETAIL STORES,,manual_review,not matched to canonical ESG code; review before adding pattern,,599
GAP 2021,GAP,2021,TEXTILE MANUFACTURING (TIER 2 SUPPLIERS),supply_chain_ethics,use_for_splitter,matched calibrated ESG heading pattern,,600
GAP 2021,GAP,2021,PRODUCT AND FINISHING (TIER 1 SUPPLIERS),supply_chain_ethics,use_for_splitter,matched calibrated ESG heading pattern,,602
GAP 2021,GAP,2021,LOGISTICS AND DISTRIBUTION,,manual_review,not matched to canonical ESG code; review before adding pattern,,604
GAP 2021,GAP,2021,ESG APPENDIX AND FORWARD- LOOKING STATEMENTS,appendix,use_for_splitter,matched calibrated ESG heading pattern,,605
GAP 2021,GAP,2021,MATERIALITY,about_this_report,use_for_splitter,matched calibrated ESG heading pattern,,607
GAP 2021,GAP,2021,ESG FRAMEWORKS,,skip_generic_subheader,generic repeated subheader; keep inside parent ESG section,,608
GAP 2021,GAP,2021,CAUTIONARY NOTE ON FORWARD-LOOKING STATEMENTS,,manual_review,not matched to canonical ESG code; review before adding pattern,,609
GAP 2021,GAP,2021,Sustainability Accounting Standards Board (SASB),about_this_report,use_for_splitter,matched calibrated ESG heading pattern,,610
GAP 2021,GAP,2021,GAP INC. 2021 GRI INDEX – 2016 UNIVERSAL STANDARDS,appendix,use_for_splitter,matched calibrated ESG heading pattern,,614
GAP 2021,GAP,2021,GENERAL DISCLOSURES,governance,use_for_splitter,matched calibrated ESG heading pattern,,616
GAP 2021,GAP,2021,ENVIRONMENTAL,environmental,use_for_splitter,matched calibrated ESG heading pattern,,617
GAP 2021,GAP,2021,SUSTAINABILITY ACCOUNTING STANDARDS BOARD (SASB) INDEX,appendix,use_for_splitter,matched calibrated ESG heading pattern,,618
GAP 2021,GAP,2021,TASK FORCE ON CLIMATE-RELATED FINANCIAL DISCLOSURES (TCFD) INDEX,appendix,use_for_splitter,matched calibrated ESG heading pattern,,620
GAP 2023,GAP,2023,ABOUT GAP INC.,,manual_review,not matched to canonical ESG code; review before adding pattern,,623
GAP 2023,GAP,2023,ABOUT THIS REPORT,about_this_report,use_for_splitter,matched calibrated ESG heading pattern,,624
GAP 2023,GAP,2023,OUR COMMITMENT TO ESG: CEO MESSAGE,ceo_letter,use_for_splitter,matched calibrated ESG heading pattern,,625
GAP 2023,GAP,2023,OUR VALUE CREATION MODEL,about_this_report,use_for_splitter,matched calibrated ESG heading pattern,,627
GAP 2023,GAP,2023,OUR PRODUCT LIFE CYCLE,environmental,use_for_splitter,matched calibrated ESG heading pattern,,629
GAP 2023,GAP,2023,ESG THROUGH THE YEARS,,manual_review,not matched to canonical ESG code; review before adding pattern,,630
GAP 2023,GAP,2023,2023 HIGHLIGHTS,,skip_generic_subheader,generic repeated subheader; keep inside parent ESG section,,631
GAP 2023,GAP,2023,OUR ESG APPROACH,,skip_generic_subheader,generic repeated subheader; keep inside parent ESG section,,632
GAP 2023,GAP,2023,OUR SUPPLIER SUSTAINABILITY APPROACH,supply_chain_ethics,use_for_splitter,matched calibrated ESG heading pattern,,634
GAP 2023,GAP,2023,GAP INC. GOALS AND PROGRESS,,skip_generic_subheader,generic repeated subheader; keep inside parent ESG section,,636
GAP 2023,GAP,2023,OUR HOUSE OF BRANDS,,manual_review,not matched to canonical ESG code; review before adding pattern,,637
GAP 2023,GAP,2023,BRAND PROGRESS,,skip_generic_subheader,generic repeated subheader; keep inside parent ESG section,,638
GAP 2023,GAP,2023,ENVIRONMENT,environmental,use_for_splitter,matched calibrated ESG heading pattern,,639
GAP 2023,GAP,2023,WATER STEWARDSHIP,water,use_for_splitter,matched calibrated ESG heading pattern,,640
GAP 2023,GAP,2023,CHALLENGE,,skip_generic_subheader,generic repeated subheader; keep inside parent ESG section,,642
GAP 2023,GAP,2023,STRATEGY,,skip_generic_subheader,generic repeated subheader; keep inside parent ESG section,,643
GAP 2023,GAP,2023,IMPACT,,skip_generic_subheader,generic repeated subheader; keep inside parent ESG section,,644
GAP 2023,GAP,2023,PARTNERSHIPS,,skip_generic_subheader,generic repeated subheader; keep inside parent ESG section,,645
GAP 2023,GAP,2023,A CALL TO WATER ACTION,water,use_for_splitter,matched calibrated ESG heading pattern,,646
GAP 2023,GAP,2023,ACCESS: COMMUNITY WATER RESILIENCE,water,use_for_splitter,matched calibrated ESG heading pattern,,647
GAP 2023,GAP,2023,GOAL BY 2030,,skip_generic_subheader,generic repeated subheader; keep inside parent ESG section,,649
GAP 2023,GAP,2023,PROGRESS,,skip_generic_subheader,generic repeated subheader; keep inside parent ESG section,,650
GAP 2023,GAP,2023,2023 PROGRESS,,skip_generic_subheader,generic repeated subheader; keep inside parent ESG section,,654
GAP 2023,GAP,2023,The Women + Water Collaborative:,water,use_for_splitter,matched calibrated ESG heading pattern,,655
GAP 2023,GAP,2023,WaterEquity:,,manual_review,not matched to canonical ESG code; review before adding pattern,,656
GAP 2023,GAP,2023,HOW KUSUM LED HER COMMUNITY TO CLEAN WATER ACCESS,water,use_for_splitter,matched calibrated ESG heading pattern,,657
GAP 2023,GAP,2023,REDUCTION AND REPLENISHMENT: TACKLING WATER CONSUMPTION,water,use_for_splitter,matched calibrated ESG heading pattern,,660
GAP 2023,GAP,2023,Reduce water risk:,water,use_for_splitter,matched calibrated ESG heading pattern,,665
GAP 2023,GAP,2023,Generate cost-saving opportunities:,,manual_review,not matched to canonical ESG code; review before adding pattern,,666
GAP 2023,GAP,2023,Improve long-term water security:,,manual_review,not matched to canonical ESG code; review before adding pattern,,667
GAP 2023,GAP,2023,REDUCTION,,skip_generic_subheader,generic repeated subheader; keep inside parent ESG section,,669
GAP 2023,GAP,2023,Context-Based Water Targets:,water,use_for_splitter,matched calibrated ESG heading pattern,,670
GAP 2023,GAP,2023,Resource Efficiency Programs:,environmental,use_for_splitter,matched calibrated ESG heading pattern,,671
GAP 2023,GAP,2023,Washwell:,,manual_review,not matched to canonical ESG code; review before adding pattern,,672
GAP 2023,GAP,2023,Arvind Water Partnership:,water,use_for_splitter,matched calibrated ESG heading pattern,,673
GAP 2023,GAP,2023,REPLENISHMENT,,skip_generic_subheader,generic repeated subheader; keep inside parent ESG section,,674
GAP 2023,GAP,2023,WATER RISK MAPPING,water,use_for_splitter,matched calibrated ESG heading pattern,,675
GAP 2023,GAP,2023,WATER SAVINGS,water,use_for_splitter,matched calibrated ESG heading pattern,,676
GAP 2023,GAP,2023,CHEMICALS MANAGEMENT,environmental,use_for_splitter,matched calibrated ESG heading pattern,,677
GAP 2023,GAP,2023,Uphold stringent standards for production and finished product:,,manual_review,not matched to canonical ESG code; review before adding pattern,,680
GAP 2023,GAP,2023,"Assess supplier performance against established quality and safety parameters through third-party testing, verification, and audits:",,manual_review,not matched to canonical ESG code; review before adding pattern,,682
GAP 2023,GAP,2023,Strengthen supply chain capabilities and remediate noncompliance issues:,supply_chain_ethics,use_for_splitter,matched calibrated ESG heading pattern,,686
GAP 2023,GAP,2023,HOW WE MANAGE CHEMICALS,,manual_review,not matched to canonical ESG code; review before adding pattern,,689
GAP 2023,GAP,2023,INPUT MANAGEMENT,,manual_review,not matched to canonical ESG code; review before adding pattern,,690
GAP 2023,GAP,2023,PROCESS MANAGEMENT,,manual_review,not matched to canonical ESG code; review before adding pattern,,691
GAP 2023,GAP,2023,OUTPUT MANAGEMENT,,manual_review,not matched to canonical ESG code; review before adding pattern,,692
GAP 2023,GAP,2023,"Dimethylformamide (DMF),",,manual_review,not matched to canonical ESG code; review before adding pattern,,694
GAP 2023,GAP,2023,"Potassium permanganate (PP),",,manual_review,not matched to canonical ESG code; review before adding pattern,,695
GAP 2023,GAP,2023,WATER QUALITY PROGRAM PROGRESS,water,use_for_splitter,matched calibrated ESG heading pattern,,696
GAP 2023,GAP,2023,CLIMATE ACTION,climate,use_for_splitter,matched calibrated ESG heading pattern,,697
GAP 2023,GAP,2023,RAW MATERIALS AND PRODUCT,environmental,use_for_splitter,matched calibrated ESG heading pattern,,698
GAP 2023,GAP,2023,PREFERRED MATERIALS STANDARDS PORTFOLIO,environmental,use_for_splitter,matched calibrated ESG heading pattern,,699
GAP 2023,GAP,2023,CIRCULARITY,waste,use_for_splitter,matched calibrated ESG heading pattern,,701
GAP 2023,GAP,2023,WASTE,waste,use_for_splitter,matched calibrated ESG heading pattern,,702
GAP 2023,GAP,2023,SOCIAL/ S U P P LY C H A I N,,manual_review,not matched to canonical ESG code; review before adding pattern,,703
GAP 2023,GAP,2023,HUMAN RIGHTS,supply_chain_ethics,use_for_splitter,matched calibrated ESG heading pattern,,704
GAP 2023,GAP,2023,OUR HUMAN RIGHTS ISSUES,supply_chain_ethics,use_for_splitter,matched calibrated ESG heading pattern,,705
GAP 2023,GAP,2023,FAIR TRADE,,manual_review,not matched to canonical ESG code; review before adding pattern,,706
GAP 2023,GAP,2023,ASSESSMENT AND REMEDIATION,supply_chain_ethics,use_for_splitter,matched calibrated ESG heading pattern,,707
GAP 2023,GAP,2023,CAPABILITY BUILDING,supply_chain_ethics,use_for_splitter,matched calibrated ESG heading pattern,,709
GAP 2023,GAP,2023,WORKPLACE COOPERATION PROGRAM,human_capital,use_for_splitter,matched calibrated ESG heading pattern,,710
GAP 2023,GAP,2023,SUPERVISORY SKILLS TRAINING,human_capital,use_for_splitter,matched calibrated ESG heading pattern,,711
GAP 2023,GAP,2023,GENDER-BASED VIOLENCE AND HARASSMENT PREVENTION AND RESPONSE,supply_chain_ethics,use_for_splitter,matched calibrated ESG heading pattern,,712
GAP 2023,GAP,2023,DIGITAL WAGES,,manual_review,not matched to canonical ESG code; review before adding pattern,,714
GAP 2023,GAP,2023,GAP INC. P.A.C.E. AND RISE,,manual_review,not matched to canonical ESG code; review before adding pattern,,715
GAP 2023,GAP,2023,SUPPLY CHAIN AND COMMUNITY STORIES,supply_chain_ethics,use_for_splitter,matched calibrated ESG heading pattern,,716
GAP 2023,GAP,2023,SOCIAL / W O R K P L A C E A N D COMMUNITY,,manual_review,not matched to canonical ESG code; review before adding pattern,,718
GAP 2023,GAP,2023,ENABLING OPPORTUNITY AND SOCIAL IMPACT,human_capital,use_for_splitter,matched calibrated ESG heading pattern,,720
GAP 2023,GAP,2023,THIS WAY ONWARD 2023 PROGRESS IN OUR STORES,community,use_for_splitter,matched calibrated ESG heading pattern,,722
GAP 2023,GAP,2023,REFUGEE AND IMMIGRANT HIRING 2023 PROGRESS IN OUR DISTRIBUTION CENTERS,,skip_generic_subheader,generic repeated subheader; keep inside parent ESG section,,723
GAP 2023,GAP,2023,REFUGEE AND IMMIGRANT HIRING,,manual_review,not matched to canonical ESG code; review before adding pattern,,724
GAP 2023,GAP,2023,WRAPAROUND SUPPORT,,manual_review,not matched to canonical ESG code; review before adding pattern,,725
GAP 2023,GAP,2023,SUPPORTING REFUGEE RESETTLEMENT IN THE U.S.,,manual_review,not matched to canonical ESG code; review before adding pattern,,726
GAP 2023,GAP,2023,FINDING STABILITY WITH GAP INC.,,manual_review,not matched to canonical ESG code; review before adding pattern,,728
GAP 2023,GAP,2023,EQUALITY & BELONGING,diversity_equity_inclusion,use_for_splitter,matched calibrated ESG heading pattern,,730
GAP 2023,GAP,2023,LEADING COMPANY FOR DIVERSITY AND INCLUSION,diversity_equity_inclusion,use_for_splitter,matched calibrated ESG heading pattern,,731
GAP 2023,GAP,2023,Equality & Belonging Employee Ecosystem,diversity_equity_inclusion,use_for_splitter,matched calibrated ESG heading pattern,,732
GAP 2023,GAP,2023,HERITAGE MONTHS AND CULTURAL ACTIVATIONS,,manual_review,not matched to canonical ESG code; review before adding pattern,,733
GAP 2023,GAP,2023,PEOPLE,human_capital,use_for_splitter,matched calibrated ESG heading pattern,,735
GAP 2023,GAP,2023,ENSURING EQUAL OPPORTUNITIES AND EQUAL PAY,,manual_review,not matched to canonical ESG code; review before adding pattern,,736
GAP 2023,GAP,2023,EMPLOYEE PERFORMANCE AND SATISFACTION,human_capital,use_for_splitter,matched calibrated ESG heading pattern,,738
GAP 2023,GAP,2023,BENEFITS AND WORK-LIFE INTEGRATION,human_capital,use_for_splitter,matched calibrated ESG heading pattern,,740
GAP 2023,GAP,2023,HEALTH AND WELL-BEING,human_capital,use_for_splitter,matched calibrated ESG heading pattern,,742
GAP 2023,GAP,2023,OCCUPATIONAL HEALTH AND SAFETY,human_capital,use_for_splitter,matched calibrated ESG heading pattern,,743
GAP 2023,GAP,2023,EMPLOYEE ENGAGEMENT AND CORPORATE GIVING,human_capital,use_for_splitter,matched calibrated ESG heading pattern,,745
GAP 2023,GAP,2023,EMPLOYEE ENGAGEMENT,human_capital,use_for_splitter,matched calibrated ESG heading pattern,,747
GAP 2023,GAP,2023,GOVERNANCE,governance,use_for_splitter,matched calibrated ESG heading pattern,,748
GAP 2023,GAP,2023,ESG OVERSIGHT,governance,use_for_splitter,matched calibrated ESG heading pattern,,749
GAP 2023,GAP,2023,RISK MANAGEMENT,governance,use_for_splitter,matched calibrated ESG heading pattern,,750
GAP 2023,GAP,2023,STAKEHOLDER AND POLITICAL ENGAGEMENT,,manual_review,not matched to canonical ESG code; review before adding pattern,,751
GAP 2023,GAP,2023,BUSINESS ETHICS AND INTEGRITY,ethics_compliance,use_for_splitter,matched calibrated ESG heading pattern,,753
GAP 2023,GAP,2023,APPENDIX,appendix,use_for_splitter,matched calibrated ESG heading pattern,,755
GAP 2023,GAP,2023,MATERIALITY,about_this_report,use_for_splitter,matched calibrated ESG heading pattern,,756
GAP 2023,GAP,2023,UNITED NATIONS SDGs ALIGNMENT,,skip_generic_subheader,generic repeated subheader; keep inside parent ESG section,,757
GAP 2023,GAP,2023,GLOBAL REPORTING INITIATIVE (GRI) INDEX,appendix,use_for_splitter,matched calibrated ESG heading pattern,,758
GAP 2023,GAP,2023,SUSTAINABILITY ACCOUNTING STANDARDS BOARD (SASB) INDEX,appendix,use_for_splitter,matched calibrated ESG heading pattern,,760
GAP 2023,GAP,2023,TASK FORCE ON CLIMATE-RELATED FINANCIAL DISCLOSURES (TCFD) INDEX,appendix,use_for_splitter,matched calibrated ESG heading pattern,,762
GAP 2023,GAP,2023,SUPPLEMENTAL DATA,,manual_review,not matched to canonical ESG code; review before adding pattern,,764
GAP 2023,GAP,2023,DATA ASSURANCE,appendix,use_for_splitter,matched calibrated ESG heading pattern,,765
GAP 2023,GAP,2023,CAUTIONARY NOTE ON FORWARD-LOOKING STATEMENTS,,manual_review,not matched to canonical ESG code; review before adding pattern,,766
GAP 2023,GAP,2023,Our Commitment CEO Message,ceo_letter,use_for_splitter,matched calibrated ESG heading pattern,,770
GAP 2023,GAP,2023,Who We Are,,manual_review,not matched to canonical ESG code; review before adding pattern,,772
GAP 2023,GAP,2023,AWARDS AND RECOGNITION,,manual_review,not matched to canonical ESG code; review before adding pattern,,773
GAP 2023,GAP,2023,GAP INC. BY THE NUMBERS IN FISCAL 2025,data_summary,use_for_splitter,matched calibrated ESG heading pattern,,774
GAP 2023,GAP,2023,Our Impact Approach,,skip_generic_subheader,generic repeated subheader; keep inside parent ESG section,,776
GAP 2023,GAP,2023,Our Impact Through the Years,,manual_review,not matched to canonical ESG code; review before adding pattern,,779
GAP 2023,GAP,2023,2025 Highlights,,skip_generic_subheader,generic repeated subheader; keep inside parent ESG section,,783
GAP 2023,GAP,2023,Bridging the Climate Gap,climate,use_for_splitter,matched calibrated ESG heading pattern,,786
GAP 2023,GAP,2023,Product,,manual_review,not matched to canonical ESG code; review before adding pattern,,790
GAP 2023,GAP,2023,Waste and Circularity,waste,use_for_splitter,matched calibrated ESG heading pattern,,791
GAP 2023,GAP,2023,Social,social,use_for_splitter,matched calibrated ESG heading pattern,,793
GAP 2023,GAP,2023,Bridging the Equity Gap,diversity_equity_inclusion,use_for_splitter,matched calibrated ESG heading pattern,,795
GAP 2023,GAP,2023,CapabilityBuilding Programs,,manual_review,not matched to canonical ESG code; review before adding pattern,,796
GAP 2023,GAP,2023,Bridging the Opportunity Gap,,manual_review,not matched to canonical ESG code; review before adding pattern,,797
GAP 2023,GAP,2023,Opportunity Programs,,manual_review,not matched to canonical ESG code; review before adding pattern,,798
GAP 2023,GAP,2023,Bridging the Inclusion Gap,diversity_equity_inclusion,use_for_splitter,matched calibrated ESG heading pattern,,800
GAP 2023,GAP,2023,Inclusion and Belonging,diversity_equity_inclusion,use_for_splitter,matched calibrated ESG heading pattern,,801
GAP 2023,GAP,2023,Human Capital Management,human_capital,use_for_splitter,matched calibrated ESG heading pattern,,803
GAP 2023,GAP,2023,HEALTH AND MENTAL WELL-BEING,human_capital,use_for_splitter,matched calibrated ESG heading pattern,,807
GAP 2023,GAP,2023,BENEFITS AND WORKLIFE INTEGRATION,human_capital,use_for_splitter,matched calibrated ESG heading pattern,,809
GAP 2023,GAP,2023,FINANCIAL WELL-BEING AND PROTECTION,human_capital,use_for_splitter,matched calibrated ESG heading pattern,,810
GAP 2023,GAP,2023,LEAVE AND FLEXIBLE WORK,,manual_review,not matched to canonical ESG code; review before adding pattern,,812
GAP 2023,GAP,2023,Community Engagement,community,use_for_splitter,matched calibrated ESG heading pattern,,816
GAP 2023,GAP,2023,OUR APPROACH,,skip_generic_subheader,generic repeated subheader; keep inside parent ESG section,,818
GAP 2023,GAP,2023,VOLUNTEERING,,manual_review,not matched to canonical ESG code; review before adding pattern,,819
GAP 2023,GAP,2023,CORPORATE GIVING,community,use_for_splitter,matched calibrated ESG heading pattern,,820
GAP 2023,GAP,2023,DISASTER RESPONSE,,manual_review,not matched to canonical ESG code; review before adding pattern,,821
GAP 2023,GAP,2023,2025 PROGRESS,,skip_generic_subheader,generic repeated subheader; keep inside parent ESG section,,822
GAP 2023,GAP,2023,SAN FRANCISCO FORWARD,,manual_review,not matched to canonical ESG code; review before adding pattern,,823
GAP 2023,GAP,2023,Supplier Compliance,supply_chain_ethics,use_for_splitter,matched calibrated ESG heading pattern,,826
GAP 2023,GAP,2023,UNDERSTANDING OUR SUPPLY CHAIN,supply_chain_ethics,use_for_splitter,matched calibrated ESG heading pattern,,828
GAP 2023,GAP,2023,RATING SUPPLIERS,,manual_review,not matched to canonical ESG code; review before adding pattern,,829
GAP 2023,GAP,2023,ENCOURAGING ACTION,,manual_review,not matched to canonical ESG code; review before adding pattern,,830
GAP 2023,GAP,2023,Management Oversight,governance,use_for_splitter,matched calibrated ESG heading pattern,,831
GAP 2023,GAP,2023,ENTERPRISE RISK MANAGEMENT PROCESS,governance,use_for_splitter,matched calibrated ESG heading pattern,,834
GAP 2023,GAP,2023,Stakeholder Engagement,governance,use_for_splitter,matched calibrated ESG heading pattern,,835
GAP 2023,GAP,2023,CODE OF BUSINESS CONDUCT,,manual_review,not matched to canonical ESG code; review before adding pattern,,839
GAP 2023,GAP,2023,ANTI-CORRUPTION AND BRIBERY,ethics_compliance,use_for_splitter,matched calibrated ESG heading pattern,,841
GAP 2023,GAP,2023,DATA PRIVACY AND CYBERSECURITY,ethics_compliance,use_for_splitter,matched calibrated ESG heading pattern,,843
GAP 2023,GAP,2023,ARTIFICIAL INTELLIGENCE,,manual_review,not matched to canonical ESG code; review before adding pattern,,845
GAP 2023,GAP,2023,MARKETING AND PRODUCT CLAIMS,,manual_review,not matched to canonical ESG code; review before adding pattern,,847
GAP 2023,GAP,2023,COMPETITION AND ANTITRUST LAWS,,manual_review,not matched to canonical ESG code; review before adding pattern,,849
GAP 2023,GAP,2023,Materiality Assessment,about_this_report,use_for_splitter,matched calibrated ESG heading pattern,,852
TJX 2021,TJX,2021,Delivering Real Value,,manual_review,not matched to canonical ESG code; review before adding pattern,,860
TJX 2021,TJX,2021,FY21 KEY HIGHLIGHTS1,,manual_review,not matched to canonical ESG code; review before adding pattern,,861
TJX 2021,TJX,2021,ENVIRONMENTAL SUSTAINABILITY3,environmental,use_for_splitter,matched calibrated ESG heading pattern,,862
TJX 2021,TJX,2021,OUR REPORTING,,manual_review,not matched to canonical ESG code; review before adding pattern,,863
TJX 2021,TJX,2021,LETTER FROM ERNIE HERRMAN,,manual_review,not matched to canonical ESG code; review before adding pattern,,864
TJX 2021,TJX,2021,OUR WORKPLACE,human_capital,use_for_splitter,matched calibrated ESG heading pattern,contains_ocr_note,865
TJX 2021,TJX,2021,ASSOCIATES BRING OUR BUSINESS TO LIFE,human_capital,use_for_splitter,matched calibrated ESG heading pattern,,866
TJX 2021,TJX,2021,AWARDS AND RECOGNITION,,manual_review,not matched to canonical ESG code; review before adding pattern,,867
TJX 2021,TJX,2021,RECRUITMENT,,manual_review,not matched to canonical ESG code; review before adding pattern,,868
TJX 2021,TJX,2021,"ATTRACTING TOMORROW’S LEADERS, TODAY",,manual_review,not matched to canonical ESG code; review before adding pattern,,869
TJX 2021,TJX,2021,BUILDING A MORE DIVERSE WORKPLACE,human_capital,use_for_splitter,matched calibrated ESG heading pattern,,870
TJX 2021,TJX,2021,ON-CAMPUS RECRUITING: FROM THEIR CAMPUS TO OURS,,manual_review,not matched to canonical ESG code; review before adding pattern,,871
TJX 2021,TJX,2021,PROUDLY HIRING THOSE WHO HAVE SERVED IN THE U.S. MILITARY,,manual_review,not matched to canonical ESG code; review before adding pattern,,872
TJX 2021,TJX,2021,CREATING PERSONAL AND PROFESSIONAL OPPORTUNITIES,,manual_review,not matched to canonical ESG code; review before adding pattern,,873
TJX 2021,TJX,2021,MAKING A DIFFERENCE: BEST BUDDIES,,manual_review,not matched to canonical ESG code; review before adding pattern,,874
TJX 2021,TJX,2021,CAREER DEVELOPMENT,,manual_review,not matched to canonical ESG code; review before adding pattern,,875
TJX 2021,TJX,2021,DEVELOPMENT PROGRAMS,,manual_review,not matched to canonical ESG code; review before adding pattern,,876
TJX 2021,TJX,2021,CALLING ALL MERCHANTS: TRAINING STARTS HERE,,manual_review,not matched to canonical ESG code; review before adding pattern,,877
TJX 2021,TJX,2021,TJX UNIVERSITY FOR MERCHANTS,,manual_review,not matched to canonical ESG code; review before adding pattern,,878
TJX 2021,TJX,2021,EXTERNAL PARTNERSHIPS,,manual_review,not matched to canonical ESG code; review before adding pattern,,879
TJX 2021,TJX,2021,EMBRACING INCLUSION AND DIVERSITY,diversity_equity_inclusion,use_for_splitter,matched calibrated ESG heading pattern,,880
TJX 2021,TJX,2021,KEY AREAS OF FOCUS,,manual_review,not matched to canonical ESG code; review before adding pattern,,881
TJX 2021,TJX,2021,Associate Education,human_capital,use_for_splitter,matched calibrated ESG heading pattern,,882
TJX 2021,TJX,2021,Additional Training Tools to Manage Differences,,manual_review,not matched to canonical ESG code; review before adding pattern,,883
TJX 2021,TJX,2021,Encouraging Honest Conversations and Feedback,,manual_review,not matched to canonical ESG code; review before adding pattern,,884
TJX 2021,TJX,2021,Recruitment of Diverse Candidates for Management,,manual_review,not matched to canonical ESG code; review before adding pattern,,885
TJX 2021,TJX,2021,Being Inclusive,diversity_equity_inclusion,use_for_splitter,matched calibrated ESG heading pattern,,886
TJX 2021,TJX,2021,OUR DIVERSE WORKFORCE,human_capital,use_for_splitter,matched calibrated ESG heading pattern,,887
TJX 2021,TJX,2021,PAY EQUITY,diversity_equity_inclusion,use_for_splitter,matched calibrated ESG heading pattern,,888
TJX 2021,TJX,2021,EXTERNAL RECOGNITION,,manual_review,not matched to canonical ESG code; review before adding pattern,,889
TJX 2021,TJX,2021,ASSOCIATE GROUPS,human_capital,use_for_splitter,matched calibrated ESG heading pattern,,890
TJX 2021,TJX,2021,ASSOCIATE WELL-BEING,human_capital,use_for_splitter,matched calibrated ESG heading pattern,,891
TJX 2021,TJX,2021,OUR COMMUNITIES,community,use_for_splitter,matched calibrated ESG heading pattern,,892
TJX 2021,TJX,2021,HELPING BUILD BETTER FUTURES,,manual_review,not matched to canonical ESG code; review before adding pattern,,893
TJX 2021,TJX,2021,OUR SOCIAL IMPACT AREAS,community,use_for_splitter,matched calibrated ESG heading pattern,,894
TJX 2021,TJX,2021,OUR APPROACH TO GIVING BACK,community,use_for_splitter,matched calibrated ESG heading pattern,,895
TJX 2021,TJX,2021,STANDING FOR RACIAL JUSTICE AND CREATING OPPORTUNITIES,diversity_equity_inclusion,use_for_splitter,matched calibrated ESG heading pattern,,896
TJX 2021,TJX,2021,RESPONSE TO COVID-19,,manual_review,not matched to canonical ESG code; review before adding pattern,,897
TJX 2021,TJX,2021,IMPACT FROM OUR 2020 GIVING AND IN-STORE FUNDRAISING1,community,use_for_splitter,matched calibrated ESG heading pattern,,898
TJX 2021,TJX,2021,CORPORATE PHILANTHROPY,community,use_for_splitter,matched calibrated ESG heading pattern,,899
TJX 2021,TJX,2021,MAKING A DIFFERENCE: DISASTER RELIEF,community,use_for_splitter,matched calibrated ESG heading pattern,,900
TJX 2021,TJX,2021,ASSOCIATE IMPACT,human_capital,use_for_splitter,matched calibrated ESG heading pattern,,901
TJX 2021,TJX,2021,MAKING A DIFFERENCE: THE COMMUNITY FUND,community,use_for_splitter,matched calibrated ESG heading pattern,,902
TJX 2021,TJX,2021,FULFILLING BASIC NEEDS,,manual_review,not matched to canonical ESG code; review before adding pattern,,903
TJX 2021,TJX,2021,MAKING A DIFFERENCE: FEEDING AMERICA,,manual_review,not matched to canonical ESG code; review before adding pattern,,904
TJX 2021,TJX,2021,PROVIDING EDUCATION AND TRAINING,,manual_review,not matched to canonical ESG code; review before adding pattern,,905
TJX 2021,TJX,2021,MAKING A DIFFERENCE: SAVE THE CHILDREN,,manual_review,not matched to canonical ESG code; review before adding pattern,,906
TJX 2021,TJX,2021,SUPPORTING RESEARCH AND CARE FOR LIFE-THREATENING ILLNESSES,,manual_review,not matched to canonical ESG code; review before adding pattern,,907
TJX 2021,TJX,2021,MAKING A DIFFERENCE: HOMEGOODS AND HOMESENSE “HELP FAMILIES FIGHT CANCER”,,manual_review,not matched to canonical ESG code; review before adding pattern,,909
TJX 2021,TJX,2021,EMPOWERING WOMEN,diversity_equity_inclusion,use_for_splitter,matched calibrated ESG heading pattern,,910
TJX 2021,TJX,2021,MAKING A DIFFERENCE: DRESS FOR SUCCESS,,manual_review,not matched to canonical ESG code; review before adding pattern,,911
TJX 2021,TJX,2021,ENVIRONMENTAL SUSTAINABILITY,environmental,use_for_splitter,matched calibrated ESG heading pattern,,912
TJX 2021,TJX,2021,ENVIRONMENTALLY RESPONSIBLE. SMART FOR BUSINESS.,,manual_review,not matched to canonical ESG code; review before adding pattern,,913
TJX 2021,TJX,2021,GLOBAL CORPORATE TARGET,,manual_review,not matched to canonical ESG code; review before adding pattern,,914
TJX 2021,TJX,2021,PARTNERSHIPS & RECOGNITION,,manual_review,not matched to canonical ESG code; review before adding pattern,,915
TJX 2021,TJX,2021,RESULTS OF GLOBAL KEY METRICS89,,manual_review,not matched to canonical ESG code; review before adding pattern,,916
TJX 2021,TJX,2021,PROGRAM OVERSIGHT,governance,use_for_splitter,matched calibrated ESG heading pattern,,917
TJX 2021,TJX,2021,CLIMATE AND ENERGY,climate,use_for_splitter,matched calibrated ESG heading pattern,,918
TJX 2021,TJX,2021,MANAGING AND CONSERVING ENERGY IN OUR DIRECT OPERATIONS,energy,use_for_splitter,matched calibrated ESG heading pattern,,919
TJX 2021,TJX,2021,AVOIDING AND OFFSETTING EMISSIONS,emissions,use_for_splitter,matched calibrated ESG heading pattern,,920
TJX 2021,TJX,2021,Renewable and Low-Carbon Energy,energy,use_for_splitter,matched calibrated ESG heading pattern,,921
TJX 2021,TJX,2021,SUPPLY CHAIN CLIMATE IMPACT,climate,use_for_splitter,matched calibrated ESG heading pattern,,922
TJX 2021,TJX,2021,TRANSPORTATION AND LOGISTICS,,manual_review,not matched to canonical ESG code; review before adding pattern,,923
TJX 2021,TJX,2021,GREEN BUILDING,,manual_review,not matched to canonical ESG code; review before adding pattern,,924
TJX 2021,TJX,2021,WASTE MANAGEMENT,waste,use_for_splitter,matched calibrated ESG heading pattern,,925
TJX 2021,TJX,2021,FY21 KEY WASTE METRICS5,waste,use_for_splitter,matched calibrated ESG heading pattern,,926
TJX 2021,TJX,2021,"REDUCE, REUSE, RECYCLE",,manual_review,not matched to canonical ESG code; review before adding pattern,,927
TJX 2021,TJX,2021,DECREASING SINGLE-USE PLASTICS,,manual_review,not matched to canonical ESG code; review before adding pattern,,928
TJX 2021,TJX,2021,EXPLORING MERCHANDISE AND PRODUCT RECOVERY AND REUSE PROGRAMS,,manual_review,not matched to canonical ESG code; review before adding pattern,,929
TJX 2021,TJX,2021,REDUCING WATER CONSUMPTION,water,use_for_splitter,matched calibrated ESG heading pattern,,930
TJX 2021,TJX,2021,CHEMICALS MANAGEMENT,environmental,use_for_splitter,matched calibrated ESG heading pattern,,931
TJX 2021,TJX,2021,PROGRAM DEVELOPMENT,,manual_review,not matched to canonical ESG code; review before adding pattern,,932
TJX 2021,TJX,2021,INITIATIVES WITHIN OUR BUSINESS OPERATIONS,,manual_review,not matched to canonical ESG code; review before adding pattern,,933
TJX 2021,TJX,2021,MERCHANDISE AND PACKAGING INITIATIVES,waste,use_for_splitter,matched calibrated ESG heading pattern,,934
TJX 2021,TJX,2021,INDUSTRY AND EXPERT COLLABORATION,,manual_review,not matched to canonical ESG code; review before adding pattern,,935
TJX 2021,TJX,2021,SUSTAINABLE PRODUCTS,,manual_review,not matched to canonical ESG code; review before adding pattern,,936
TJX 2021,TJX,2021,ASSOCIATE ENGAGEMENT,human_capital,use_for_splitter,matched calibrated ESG heading pattern,,937
TJX 2021,TJX,2021,ENCOURAGING OUR ASSOCIATES TO BE ENVIRONMENTALLY CONSCIOUS,human_capital,use_for_splitter,matched calibrated ESG heading pattern,,938
TJX 2021,TJX,2021,GREEN IT,,manual_review,not matched to canonical ESG code; review before adding pattern,,939
TJX 2021,TJX,2021,RESPONSIBLE BUSINESS,governance,use_for_splitter,matched calibrated ESG heading pattern,,940
TJX 2021,TJX,2021,DELIVERING REAL VALUE TO THE WORLD,,manual_review,not matched to canonical ESG code; review before adding pattern,,941
TJX 2021,TJX,2021,RESPONSIBLE SOURCING,supply_chain_ethics,use_for_splitter,matched calibrated ESG heading pattern,,942
TJX 2021,TJX,2021,OUR OFF-PRICE BUSINESS MODEL,,manual_review,not matched to canonical ESG code; review before adding pattern,,943
TJX 2021,TJX,2021,OUR GLOBAL SOCIAL COMPLIANCE EFFORTS,social,use_for_splitter,matched calibrated ESG heading pattern,,944
TJX 2021,TJX,2021,EVOLVING ISSUES,,manual_review,not matched to canonical ESG code; review before adding pattern,,945
TJX 2021,TJX,2021,MODERN SLAVERY STATEMENT,,manual_review,not matched to canonical ESG code; review before adding pattern,,946
TJX 2021,TJX,2021,UZBEKISTAN: FORCED ADULT AND CHILD LABOR,,manual_review,not matched to canonical ESG code; review before adding pattern,,947
TJX 2021,TJX,2021,SOCIAL COMPLIANCE PROGRAM,social,use_for_splitter,matched calibrated ESG heading pattern,,948
TJX 2021,TJX,2021,EXTERNAL STAKEHOLDER ENGAGEMENT,governance,use_for_splitter,matched calibrated ESG heading pattern,,950
TJX 2021,TJX,2021,CONTINUOUS IMPROVEMENT,,manual_review,not matched to canonical ESG code; review before adding pattern,,951
TJX 2021,TJX,2021,FACTORY AUDITING,supply_chain_ethics,use_for_splitter,matched calibrated ESG heading pattern,,952
TJX 2021,TJX,2021,FACTORY AUDITING PROCESS,supply_chain_ethics,use_for_splitter,matched calibrated ESG heading pattern,,953
TJX 2021,TJX,2021,Corrective Action and Remediation:,,manual_review,not matched to canonical ESG code; review before adding pattern,,954
TJX 2021,TJX,2021,ENCOURAGING ENVIRONMENTAL RESPONSIBILITY,environmental,use_for_splitter,matched calibrated ESG heading pattern,,955
TJX 2021,TJX,2021,SOCIAL COMPLIANCE TRAINING,social,use_for_splitter,matched calibrated ESG heading pattern,,956
TJX 2021,TJX,2021,INTERNAL AND EXTERNAL TRAINING,,manual_review,not matched to canonical ESG code; review before adding pattern,contains_ocr_note,957
TJX 2021,TJX,2021,VENDOR CODE OF CONDUCT,supply_chain_ethics,use_for_splitter,matched calibrated ESG heading pattern,,958
TJX 2021,TJX,2021,TJX VENDOR CODE OF CONDUCT,supply_chain_ethics,use_for_splitter,matched calibrated ESG heading pattern,,959
TJX 2021,TJX,2021,SERVING OUR CUSTOMERS,,manual_review,not matched to canonical ESG code; review before adding pattern,,960
TJX 2021,TJX,2021,INFORMATION SECURITY AND PRIVACY,ethics_compliance,use_for_splitter,matched calibrated ESG heading pattern,,961
TJX 2021,TJX,2021,STAKEHOLDER ENGAGEMENT,governance,use_for_splitter,matched calibrated ESG heading pattern,,962
TJX 2021,TJX,2021,ENGAGING WITH OUR ASSOCIATES,human_capital,use_for_splitter,matched calibrated ESG heading pattern,,963
TJX 2021,TJX,2021,ENGAGING WITH OUR CUSTOMERS,,manual_review,not matched to canonical ESG code; review before adding pattern,,964
TJX 2021,TJX,2021,ENGAGING WITH OUR INVESTORS,,manual_review,not matched to canonical ESG code; review before adding pattern,,965
TJX 2021,TJX,2021,SUPPLIER DIVERSITY,diversity_equity_inclusion,use_for_splitter,matched calibrated ESG heading pattern,,966
TJX 2021,TJX,2021,DIVERSE SUPPLIERS QUICKLY ADAPT TO PROVIDE PPE TO STORES,,manual_review,not matched to canonical ESG code; review before adding pattern,,967
TJX 2021,TJX,2021,SUPPLIER REQUIREMENTS,supply_chain_ethics,use_for_splitter,matched calibrated ESG heading pattern,,968
TJX 2021,TJX,2021,CERTIFICATION REQUIREMENTS,,manual_review,not matched to canonical ESG code; review before adding pattern,,969
TJX 2021,TJX,2021,OUR CORPORATE MEMBERSHIPS INCLUDE:,,manual_review,not matched to canonical ESG code; review before adding pattern,,970
TJX 2021,TJX,2021,CONTACTS,,manual_review,not matched to canonical ESG code; review before adding pattern,,971
TJX 2021,TJX,2021,GOVERNANCE,governance,use_for_splitter,matched calibrated ESG heading pattern,,972
TJX 2021,TJX,2021,Board of Directors,governance,use_for_splitter,matched calibrated ESG heading pattern,,973
TJX 2021,TJX,2021,DIRECTOR QUALIFICATIONS AND NOMINATIONS,,manual_review,not matched to canonical ESG code; review before adding pattern,,974
TJX 2021,TJX,2021,MEET OUR BOARD,governance,use_for_splitter,matched calibrated ESG heading pattern,,975
TJX 2021,TJX,2021,Executive Officers,,manual_review,not matched to canonical ESG code; review before adding pattern,,976
TJX 2021,TJX,2021,Corporate Governance Documents,governance,use_for_splitter,matched calibrated ESG heading pattern,,977
TJX 2021,TJX,2021,APPENDIX,appendix,use_for_splitter,matched calibrated ESG heading pattern,,978
TJX 2021,TJX,2021,TJX KEY ENVIRONMENTAL SUSTAINABILITY DATA AND METRICS,data_summary,use_for_splitter,matched calibrated ESG heading pattern,,979
TJX 2021,TJX,2021,SASB DISCLOSURE MATRIX,about_this_report,use_for_splitter,matched calibrated ESG heading pattern,,980
TJX 2021,TJX,2021,MULTILINE AND SPECIALTY RETAILERS & DISTRIBUTORS,,manual_review,not matched to canonical ESG code; review before adding pattern,,981
TJX 2021,TJX,2021,GRI DISCLOSURE MATRIX,about_this_report,use_for_splitter,matched calibrated ESG heading pattern,,982
TJX 2021,TJX,2021,UNITED NATIONS SUSTAINABLE GOALS DISCLOSURE MATRIX,,skip_generic_subheader,generic repeated subheader; keep inside parent ESG section,,983
TJX 2021,TJX,2021,ENDNOTES,,manual_review,not matched to canonical ESG code; review before adding pattern,,984
TJX 2023,TJX,2023,Letter From Ernie Herrman,,manual_review,not matched to canonical ESG code; review before adding pattern,,986
TJX 2023,TJX,2023,About Our Company,,manual_review,not matched to canonical ESG code; review before adding pattern,,987
TJX 2023,TJX,2023,Our Off-Price Business Model,,manual_review,not matched to canonical ESG code; review before adding pattern,,988
TJX 2023,TJX,2023,How We Approach Corporate Responsibility,,skip_generic_subheader,generic repeated subheader; keep inside parent ESG section,,989
TJX 2023,TJX,2023,Management and Oversight,governance,use_for_splitter,matched calibrated ESG heading pattern,,990
TJX 2023,TJX,2023,Stakeholder Engagement,governance,use_for_splitter,matched calibrated ESG heading pattern,,991
TJX 2023,TJX,2023,Engaging With Our Associates,human_capital,use_for_splitter,matched calibrated ESG heading pattern,,992
TJX 2023,TJX,2023,Engaging With Our Customers,,manual_review,not matched to canonical ESG code; review before adding pattern,,993
TJX 2023,TJX,2023,Engaging With Our Shareholders,,manual_review,not matched to canonical ESG code; review before adding pattern,,994
TJX 2023,TJX,2023,Engaging With External Organizations,,manual_review,not matched to canonical ESG code; review before adding pattern,,995
TJX 2023,TJX,2023,Information Security and Privacy,ethics_compliance,use_for_splitter,matched calibrated ESG heading pattern,,996
TJX 2023,TJX,2023,Recognition,,manual_review,not matched to canonical ESG code; review before adding pattern,,997
TJX 2023,TJX,2023,WORKPLACE,human_capital,use_for_splitter,matched calibrated ESG heading pattern,,998
TJX 2023,TJX,2023,Associates Bring Our Business to Life,human_capital,use_for_splitter,matched calibrated ESG heading pattern,,999
TJX 2023,TJX,2023,Recruitment,,manual_review,not matched to canonical ESG code; review before adding pattern,,1000
TJX 2023,TJX,2023,Building a More Diverse Workplace Is a Priority,human_capital,use_for_splitter,matched calibrated ESG heading pattern,,1001
TJX 2023,TJX,2023,On-Campus Recruiting: From Their Campus to Ours,,manual_review,not matched to canonical ESG code; review before adding pattern,,1002
TJX 2023,TJX,2023,Proudly Hiring Those Who Have Served in the U.S. Military,,manual_review,not matched to canonical ESG code; review before adding pattern,,1003
TJX 2023,TJX,2023,Creating Personal and Professional Opportunities,,manual_review,not matched to canonical ESG code; review before adding pattern,,1005
TJX 2023,TJX,2023,Making A Difference: Supporting Young People Through The Prince’s Trust’s Programs,,manual_review,not matched to canonical ESG code; review before adding pattern,,1006
TJX 2023,TJX,2023,Development,,manual_review,not matched to canonical ESG code; review before adding pattern,,1009
TJX 2023,TJX,2023,Development Programs,,manual_review,not matched to canonical ESG code; review before adding pattern,,1010
TJX 2023,TJX,2023,Merchant Training and TJX University,,manual_review,not matched to canonical ESG code; review before adding pattern,,1011
TJX 2023,TJX,2023,External Partnerships,,manual_review,not matched to canonical ESG code; review before adding pattern,,1013
TJX 2023,TJX,2023,Our Commitment To Inclusion & Diversity,diversity_equity_inclusion,use_for_splitter,matched calibrated ESG heading pattern,,1014
TJX 2023,TJX,2023,Global I&D Strategies,,manual_review,not matched to canonical ESG code; review before adding pattern,,1015
TJX 2023,TJX,2023,Increase the Representation of Diverse Associates Along our Talent Pipeline,diversity_equity_inclusion,use_for_splitter,matched calibrated ESG heading pattern,,1016
TJX 2023,TJX,2023,"Equip Leaders with the Tools to Support Difference with Awareness, Fairness, Sensitivity, and Transparency",,manual_review,not matched to canonical ESG code; review before adding pattern,,1018
TJX 2023,TJX,2023,"Empower Associates to Integrate Inclusive Behaviors, Language, and Practices in How We Work Together and Understand our Role and Responsibility in Inclusion",,manual_review,not matched to canonical ESG code; review before adding pattern,sentence_like_review,1020
TJX 2023,TJX,2023,Championing Inclusion,diversity_equity_inclusion,use_for_splitter,matched calibrated ESG heading pattern,,1023
TJX 2023,TJX,2023,Our Diverse Workforce,human_capital,use_for_splitter,matched calibrated ESG heading pattern,,1024
TJX 2023,TJX,2023,Pay Equity,diversity_equity_inclusion,use_for_splitter,matched calibrated ESG heading pattern,,1025
TJX 2023,TJX,2023,Health & Well-Being,human_capital,use_for_splitter,matched calibrated ESG heading pattern,,1026
TJX 2023,TJX,2023,COMMUNITIES,community,use_for_splitter,matched calibrated ESG heading pattern,,1027
TJX 2023,TJX,2023,Helping Build Better Futures,,manual_review,not matched to canonical ESG code; review before adding pattern,,1028
TJX 2023,TJX,2023,Our Approach to Giving Back,community,use_for_splitter,matched calibrated ESG heading pattern,,1029
TJX 2023,TJX,2023,Standing for Racial Justice and Creating Opportunities,diversity_equity_inclusion,use_for_splitter,matched calibrated ESG heading pattern,,1030
TJX 2023,TJX,2023,Commitment to Support Ukraine,,manual_review,not matched to canonical ESG code; review before adding pattern,,1032
TJX 2023,TJX,2023,Disaster Relief,community,use_for_splitter,matched calibrated ESG heading pattern,,1033
TJX 2023,TJX,2023,Basic Needs,,manual_review,not matched to canonical ESG code; review before adding pattern,,1034
TJX 2023,TJX,2023,"Making A Difference: Providing Warmth, Confidence, and Hope",,manual_review,not matched to canonical ESG code; review before adding pattern,,1035
TJX 2023,TJX,2023,Education & Training,,manual_review,not matched to canonical ESG code; review before adding pattern,,1037
TJX 2023,TJX,2023,Making A Difference: The Gift of a Strong Start,,manual_review,not matched to canonical ESG code; review before adding pattern,,1038
TJX 2023,TJX,2023,Healthcare Research,,manual_review,not matched to canonical ESG code; review before adding pattern,,1039
TJX 2023,TJX,2023,Making A Difference: Supporting Local Charities,,manual_review,not matched to canonical ESG code; review before adding pattern,,1040
TJX 2023,TJX,2023,Zöe’s Place,,manual_review,not matched to canonical ESG code; review before adding pattern,,1041
TJX 2023,TJX,2023,Empowering Women,diversity_equity_inclusion,use_for_splitter,matched calibrated ESG heading pattern,,1042
TJX 2023,TJX,2023,Making A Difference: Supporting Canadian Women Through Alice House,,manual_review,not matched to canonical ESG code; review before adding pattern,,1043
TJX 2023,TJX,2023,Our Support Includes:,,manual_review,not matched to canonical ESG code; review before adding pattern,,1044
TJX 2023,TJX,2023,Environmental Sustainability,environmental,use_for_splitter,matched calibrated ESG heading pattern,,1045
TJX 2023,TJX,2023,Environmentally Responsible. Smart for Business.,,manual_review,not matched to canonical ESG code; review before adding pattern,,1046
TJX 2023,TJX,2023,Climate and Energy,climate,use_for_splitter,matched calibrated ESG heading pattern,,1047
TJX 2023,TJX,2023,FY23 Climate and Energy Metrics,data_summary,use_for_splitter,matched calibrated ESG heading pattern,,1048
TJX 2023,TJX,2023,GHG Emissions,emissions,use_for_splitter,matched calibrated ESG heading pattern,,1050
TJX 2023,TJX,2023,Renewable Energy,energy,use_for_splitter,matched calibrated ESG heading pattern,,1051
TJX 2023,TJX,2023,Reducing Emissions: In Our Own Operations,emissions,use_for_splitter,matched calibrated ESG heading pattern,,1052
TJX 2023,TJX,2023,Energy Efficiency,energy,use_for_splitter,matched calibrated ESG heading pattern,,1054
TJX 2023,TJX,2023,Renewable and Low-Carbon Energy,energy,use_for_splitter,matched calibrated ESG heading pattern,,1055
TJX 2023,TJX,2023,Offsetting,,manual_review,not matched to canonical ESG code; review before adding pattern,,1056
TJX 2023,TJX,2023,Transportation and Fuel,,manual_review,not matched to canonical ESG code; review before adding pattern,,1057
TJX 2023,TJX,2023,Building Green,,manual_review,not matched to canonical ESG code; review before adding pattern,,1058
TJX 2023,TJX,2023,Reducing Emissions: In Our Value Chain,emissions,use_for_splitter,matched calibrated ESG heading pattern,,1059
TJX 2023,TJX,2023,Estimating Scope 3 Emissions,emissions,use_for_splitter,matched calibrated ESG heading pattern,,1061
TJX 2023,TJX,2023,Transportation and Fuel (Scope 3),emissions,use_for_splitter,matched calibrated ESG heading pattern,,1062
TJX 2023,TJX,2023,Third-Party Verification and Assurance of Emissions Data,appendix,use_for_splitter,matched calibrated ESG heading pattern,,1063
TJX 2023,TJX,2023,Efforts That Help Support Ecosystems,,manual_review,not matched to canonical ESG code; review before adding pattern,,1066
TJX 2023,TJX,2023,Waste Management,waste,use_for_splitter,matched calibrated ESG heading pattern,,1067
TJX 2023,TJX,2023,FY23 Waste Metrics,data_summary,use_for_splitter,matched calibrated ESG heading pattern,,1068
TJX 2023,TJX,2023,Maximizing Reuse and Recycling in Our Operations,waste,use_for_splitter,matched calibrated ESG heading pattern,,1069
TJX 2023,TJX,2023,Operational Highlights Across Our Geographies:,,skip_generic_subheader,generic repeated subheader; keep inside parent ESG section,,1071
TJX 2023,TJX,2023,Decreasing Single-Use Plastics,,manual_review,not matched to canonical ESG code; review before adding pattern,,1073
TJX 2023,TJX,2023,Reducing Plastic in Our Operations,,manual_review,not matched to canonical ESG code; review before adding pattern,,1074
TJX 2023,TJX,2023,Merchandise and Packaging Programs,waste,use_for_splitter,matched calibrated ESG heading pattern,,1075
TJX 2023,TJX,2023,Reducing Water Consumption,water,use_for_splitter,matched calibrated ESG heading pattern,,1076
TJX 2023,TJX,2023,The Multiple Lives of a Cardboard Box,,manual_review,not matched to canonical ESG code; review before adding pattern,,1077
TJX 2023,TJX,2023,Responsible Business,governance,use_for_splitter,matched calibrated ESG heading pattern,,1078
TJX 2023,TJX,2023,Delivering Real Value to the World,,manual_review,not matched to canonical ESG code; review before adding pattern,,1079
TJX 2023,TJX,2023,Responsible Sourcing,supply_chain_ethics,use_for_splitter,matched calibrated ESG heading pattern,,1080
TJX 2023,TJX,2023,Global Social Compliance Program,social,use_for_splitter,matched calibrated ESG heading pattern,,1081
TJX 2023,TJX,2023,Sustainable Products and Packaging,waste,use_for_splitter,matched calibrated ESG heading pattern,,1082
TJX 2023,TJX,2023,Chemicals Management,environmental,use_for_splitter,matched calibrated ESG heading pattern,,1083
TJX 2023,TJX,2023,Program Development,,manual_review,not matched to canonical ESG code; review before adding pattern,,1084
TJX 2023,TJX,2023,Initiatives Within Our Business Operations,,manual_review,not matched to canonical ESG code; review before adding pattern,,1085
TJX 2023,TJX,2023,Merchandise and Packaging Initiatives,waste,use_for_splitter,matched calibrated ESG heading pattern,,1086
TJX 2023,TJX,2023,"Industry, Expert, and Internal Collaboration",,manual_review,not matched to canonical ESG code; review before adding pattern,,1087
TJX 2023,TJX,2023,Additional Responsible Sourcing Practices,supply_chain_ethics,use_for_splitter,matched calibrated ESG heading pattern,,1088
TJX 2023,TJX,2023,Conflict Minerals,,manual_review,not matched to canonical ESG code; review before adding pattern,,1089
TJX 2023,TJX,2023,Fur Practices,,manual_review,not matched to canonical ESG code; review before adding pattern,,1090
TJX 2023,TJX,2023,Global Social Compliance,social,use_for_splitter,matched calibrated ESG heading pattern,,1091
TJX 2023,TJX,2023,Vendor Code of Conduct:,supply_chain_ethics,use_for_splitter,matched calibrated ESG heading pattern,,1092
TJX 2023,TJX,2023,Factory Auditing,supply_chain_ethics,use_for_splitter,matched calibrated ESG heading pattern,,1093
TJX 2023,TJX,2023,Audit Reports,,manual_review,not matched to canonical ESG code; review before adding pattern,,1094
TJX 2023,TJX,2023,Auditing Process,,manual_review,not matched to canonical ESG code; review before adding pattern,,1095
TJX 2023,TJX,2023,Social Compliance Training,social,use_for_splitter,matched calibrated ESG heading pattern,,1096
TJX 2023,TJX,2023,Vendor Code of Conduct,supply_chain_ethics,use_for_splitter,matched calibrated ESG heading pattern,,1097
TJX 2023,TJX,2023,Supplier Diversity,diversity_equity_inclusion,use_for_splitter,matched calibrated ESG heading pattern,,1098
TJX 2023,TJX,2023,Certification and Registration,,manual_review,not matched to canonical ESG code; review before adding pattern,,1099
TJX 2023,TJX,2023,Governance,governance,use_for_splitter,matched calibrated ESG heading pattern,,1100
TJX 2023,TJX,2023,Director Qualifications and Nominations,,manual_review,not matched to canonical ESG code; review before adding pattern,,1101
TJX 2023,TJX,2023,Board Diversity,diversity_equity_inclusion,use_for_splitter,matched calibrated ESG heading pattern,,1102
TJX 2023,TJX,2023,Meet Our Board,governance,use_for_splitter,matched calibrated ESG heading pattern,,1103
TJX 2023,TJX,2023,Board Committees,governance,use_for_splitter,matched calibrated ESG heading pattern,,1104
TJX 2023,TJX,2023,Corporate Governance Documents,governance,use_for_splitter,matched calibrated ESG heading pattern,,1105
TJX 2023,TJX,2023,Reporting & Disclosures,,skip_generic_subheader,generic repeated subheader; keep inside parent ESG section,,1106
TJX 2023,TJX,2023,About This Report,about_this_report,use_for_splitter,matched calibrated ESG heading pattern,,1107
TJX 2023,TJX,2023,Data Tables,,manual_review,not matched to canonical ESG code; review before adding pattern,,1108
TJX 2023,TJX,2023,SASB Disclosure Matrix,about_this_report,use_for_splitter,matched calibrated ESG heading pattern,,1109
TJX 2023,TJX,2023,United Nations Sustainable Development Goals Disclosure Matrix,,skip_generic_subheader,generic repeated subheader; keep inside parent ESG section,,1110
TJX 2023,TJX,2023,EEO-1 Report (2022),,manual_review,not matched to canonical ESG code; review before adding pattern,,1112
TJX 2023,TJX,2023,Endnotes,,manual_review,not matched to canonical ESG code; review before adding pattern,,1113
TJX 2023,TJX,2023,Forward Looking Statement,,manual_review,not matched to canonical ESG code; review before adding pattern,,1114
TJX 2025,TJX,2025,A Message From Our CEO and President,ceo_letter,use_for_splitter,matched calibrated ESG heading pattern,,1116
TJX 2025,TJX,2025,About Our Company,,manual_review,not matched to canonical ESG code; review before adding pattern,,1117
TJX 2025,TJX,2025,Our Approach to Corporate Responsibility,,skip_generic_subheader,generic repeated subheader; keep inside parent ESG section,,1118
TJX 2025,TJX,2025,Management & Oversight,governance,use_for_splitter,matched calibrated ESG heading pattern,,1119
TJX 2025,TJX,2025,Stakeholder Engagement,governance,use_for_splitter,matched calibrated ESG heading pattern,,1120
TJX 2025,TJX,2025,Engaging With Our Associates,human_capital,use_for_splitter,matched calibrated ESG heading pattern,,1121
TJX 2025,TJX,2025,Engaging With Our Customers,,manual_review,not matched to canonical ESG code; review before adding pattern,,1122
TJX 2025,TJX,2025,Engaging With Our Shareholders,,manual_review,not matched to canonical ESG code; review before adding pattern,,1123
TJX 2025,TJX,2025,Engaging With External Organizations,,manual_review,not matched to canonical ESG code; review before adding pattern,,1124
TJX 2025,TJX,2025,FY25 Highlights1,,manual_review,not matched to canonical ESG code; review before adding pattern,,1125
TJX 2025,TJX,2025,Recognition,,manual_review,not matched to canonical ESG code; review before adding pattern,,1126
TJX 2025,TJX,2025,Workplace,human_capital,use_for_splitter,matched calibrated ESG heading pattern,,1127
TJX 2025,TJX,2025,Associates Bring Our Business to Life,human_capital,use_for_splitter,matched calibrated ESG heading pattern,,1128
TJX 2025,TJX,2025,Culture & Engagement,human_capital,use_for_splitter,matched calibrated ESG heading pattern,,1129
TJX 2025,TJX,2025,Championing Our Culture,human_capital,use_for_splitter,matched calibrated ESG heading pattern,,1130
TJX 2025,TJX,2025,Fostering Our Culture for Long-Term Success,human_capital,use_for_splitter,matched calibrated ESG heading pattern,,1131
TJX 2025,TJX,2025,Recruitment & Development,,manual_review,not matched to canonical ESG code; review before adding pattern,,1132
TJX 2025,TJX,2025,Building a More Diverse Workplace is a Priority,human_capital,use_for_splitter,matched calibrated ESG heading pattern,,1133
TJX 2025,TJX,2025,Early in Career & Campus Recruiting,,manual_review,not matched to canonical ESG code; review before adding pattern,,1134
TJX 2025,TJX,2025,Proudly Hiring Those Who Have Served in the U.S. Military,,manual_review,not matched to canonical ESG code; review before adding pattern,,1135
TJX 2025,TJX,2025,Creating Personal & Professional Opportunities,,manual_review,not matched to canonical ESG code; review before adding pattern,,1137
TJX 2025,TJX,2025,Focus on Development,,manual_review,not matched to canonical ESG code; review before adding pattern,,1138
TJX 2025,TJX,2025,Our Approach to Development,,skip_generic_subheader,generic repeated subheader; keep inside parent ESG section,,1139
TJX 2025,TJX,2025,Development Programs,,manual_review,not matched to canonical ESG code; review before adding pattern,,1140
TJX 2025,TJX,2025,Leadership Development,,manual_review,not matched to canonical ESG code; review before adding pattern,,1141
TJX 2025,TJX,2025,Merchant Training & TJX University,,manual_review,not matched to canonical ESG code; review before adding pattern,,1142
TJX 2025,TJX,2025,Spotlight: “Get Into” Programs,,manual_review,not matched to canonical ESG code; review before adding pattern,,1143
TJX 2025,TJX,2025,Inclusion & Diversity,diversity_equity_inclusion,use_for_splitter,matched calibrated ESG heading pattern,,1144
TJX 2025,TJX,2025,Global Priorities,,manual_review,not matched to canonical ESG code; review before adding pattern,,1145
TJX 2025,TJX,2025,"Empower Associates to Integrate Inclusive Behaviors, Language, & Practices in How We Work Together & Understand Our Role & Responsibility in Inclusion",,manual_review,not matched to canonical ESG code; review before adding pattern,sentence_like_review,1146
TJX 2025,TJX,2025,Championing Inclusion,diversity_equity_inclusion,use_for_splitter,matched calibrated ESG heading pattern,,1149
TJX 2025,TJX,2025,Our Diverse Workforce,human_capital,use_for_splitter,matched calibrated ESG heading pattern,,1150
TJX 2025,TJX,2025,Health & Well-Being,human_capital,use_for_splitter,matched calibrated ESG heading pattern,,1151
TJX 2025,TJX,2025,Communities,community,use_for_splitter,matched calibrated ESG heading pattern,,1152
TJX 2025,TJX,2025,Helping Build Better Futures,,manual_review,not matched to canonical ESG code; review before adding pattern,,1153
TJX 2025,TJX,2025,Our Approach to Giving Back,community,use_for_splitter,matched calibrated ESG heading pattern,,1154
TJX 2025,TJX,2025,Other Ways We Give,,manual_review,not matched to canonical ESG code; review before adding pattern,,1155
TJX 2025,TJX,2025,Our Cause Marketing & In-Store Support Includes:,,manual_review,not matched to canonical ESG code; review before adding pattern,,1156
TJX 2025,TJX,2025,Basic Needs,,manual_review,not matched to canonical ESG code; review before adding pattern,,1157
TJX 2025,TJX,2025,Education & Training,,manual_review,not matched to canonical ESG code; review before adding pattern,,1158
TJX 2025,TJX,2025,Patient Care & Research,,manual_review,not matched to canonical ESG code; review before adding pattern,,1159
TJX 2025,TJX,2025,Empowering Women,diversity_equity_inclusion,use_for_splitter,matched calibrated ESG heading pattern,,1160
TJX 2025,TJX,2025,Environmental Sustainability,environmental,use_for_splitter,matched calibrated ESG heading pattern,,1161
TJX 2025,TJX,2025,Environmentally Responsible. Smart for Business.,,manual_review,not matched to canonical ESG code; review before adding pattern,,1162
TJX 2025,TJX,2025,Climate & Energy,climate,use_for_splitter,matched calibrated ESG heading pattern,,1163
TJX 2025,TJX,2025,Progress Against Climate & Energy Goals,climate,use_for_splitter,matched calibrated ESG heading pattern,,1164
TJX 2025,TJX,2025,Emissions In Our Own Operations,emissions,use_for_splitter,matched calibrated ESG heading pattern,,1165
TJX 2025,TJX,2025,Energy Efficiency,energy,use_for_splitter,matched calibrated ESG heading pattern,,1166
TJX 2025,TJX,2025,Renewable & Low-Carbon Energy,energy,use_for_splitter,matched calibrated ESG heading pattern,,1167
TJX 2025,TJX,2025,Transportation & Fuel (Scope 1),emissions,use_for_splitter,matched calibrated ESG heading pattern,,1168
TJX 2025,TJX,2025,Building Green,,manual_review,not matched to canonical ESG code; review before adding pattern,,1169
TJX 2025,TJX,2025,Emissions In Our Value Chain,emissions,use_for_splitter,matched calibrated ESG heading pattern,,1170
TJX 2025,TJX,2025,Estimating Scope 3 Emissions,emissions,use_for_splitter,matched calibrated ESG heading pattern,,1171
TJX 2025,TJX,2025,Transportation & Fuel (Scope 3),emissions,use_for_splitter,matched calibrated ESG heading pattern,,1172
TJX 2025,TJX,2025,Additional Environmental Sustainability Initiatives,environmental,use_for_splitter,matched calibrated ESG heading pattern,,1173
TJX 2025,TJX,2025,Climate Data Reporting & Third-Party Assurance,appendix,use_for_splitter,matched calibrated ESG heading pattern,,1174
TJX 2025,TJX,2025,Spotlight: Engaging Associates in Support of the Environment,,manual_review,not matched to canonical ESG code; review before adding pattern,,1176
TJX 2025,TJX,2025,Waste Management,waste,use_for_splitter,matched calibrated ESG heading pattern,,1178
TJX 2025,TJX,2025,Progress Against Waste Diversion Goal,waste,use_for_splitter,matched calibrated ESG heading pattern,,1179
TJX 2025,TJX,2025,Progress Toward Waste Diversion Goal,waste,use_for_splitter,matched calibrated ESG heading pattern,,1180
TJX 2025,TJX,2025,Reuse & Recycling in Our Operations,waste,use_for_splitter,matched calibrated ESG heading pattern,,1181
TJX 2025,TJX,2025,Single-Use Plastics,,manual_review,not matched to canonical ESG code; review before adding pattern,,1182
TJX 2025,TJX,2025,Water Consumption,water,use_for_splitter,matched calibrated ESG heading pattern,,1183
TJX 2025,TJX,2025,Spotlight: Partnerships to Address Waste,waste,use_for_splitter,matched calibrated ESG heading pattern,,1184
TJX 2025,TJX,2025,Responsible Sourcing,supply_chain_ethics,use_for_splitter,matched calibrated ESG heading pattern,,1185
TJX 2025,TJX,2025,Valuing Ethical Operations,,manual_review,not matched to canonical ESG code; review before adding pattern,,1186
TJX 2025,TJX,2025,Global Social Compliance,social,use_for_splitter,matched calibrated ESG heading pattern,,1187
TJX 2025,TJX,2025,Factory Auditing,supply_chain_ethics,use_for_splitter,matched calibrated ESG heading pattern,,1188
TJX 2025,TJX,2025,Auditing Process,,manual_review,not matched to canonical ESG code; review before adding pattern,,1189
TJX 2025,TJX,2025,Corrective Action & Remediation,,manual_review,not matched to canonical ESG code; review before adding pattern,,1190
TJX 2025,TJX,2025,Encouraging Compliance with Environmental Laws,environmental,use_for_splitter,matched calibrated ESG heading pattern,,1191
TJX 2025,TJX,2025,Social Compliance Training,social,use_for_splitter,matched calibrated ESG heading pattern,,1192
TJX 2025,TJX,2025,Vendor Code of Conduct,supply_chain_ethics,use_for_splitter,matched calibrated ESG heading pattern,,1193
TJX 2025,TJX,2025,Sustainable Sourcing,supply_chain_ethics,use_for_splitter,matched calibrated ESG heading pattern,,1194
TJX 2025,TJX,2025,Sustainable Products & Packaging,waste,use_for_splitter,matched calibrated ESG heading pattern,,1195
TJX 2025,TJX,2025,Chemicals Management,environmental,use_for_splitter,matched calibrated ESG heading pattern,,1197
TJX 2025,TJX,2025,Supplier Diversity,diversity_equity_inclusion,use_for_splitter,matched calibrated ESG heading pattern,,1198
TJX 2025,TJX,2025,Spotlight: Quantum Installation Group,,manual_review,not matched to canonical ESG code; review before adding pattern,,1199
TJX 2025,TJX,2025,Supplier Requirements,supply_chain_ethics,use_for_splitter,matched calibrated ESG heading pattern,,1200
TJX 2025,TJX,2025,Certification & Registration For Diverse-Owned Businesses16,,manual_review,not matched to canonical ESG code; review before adding pattern,,1201
TJX 2025,TJX,2025,Corporate Memberships,,manual_review,not matched to canonical ESG code; review before adding pattern,,1203
TJX 2025,TJX,2025,Supplier Registration,supply_chain_ethics,use_for_splitter,matched calibrated ESG heading pattern,,1204
TJX 2025,TJX,2025,Governance & Integrity,governance,use_for_splitter,matched calibrated ESG heading pattern,,1205
TJX 2025,TJX,2025,Operating With Integrity,,manual_review,not matched to canonical ESG code; review before adding pattern,,1206
TJX 2025,TJX,2025,Human Rights,supply_chain_ethics,use_for_splitter,matched calibrated ESG heading pattern,,1207
TJX 2025,TJX,2025,Human Rights in Our Operations,supply_chain_ethics,use_for_splitter,matched calibrated ESG heading pattern,,1208
TJX 2025,TJX,2025,Global Code of Conduct,ethics_compliance,use_for_splitter,matched calibrated ESG heading pattern,,1209
TJX 2025,TJX,2025,Open Door Philosophy,,manual_review,not matched to canonical ESG code; review before adding pattern,,1211
TJX 2025,TJX,2025,Human Rights in Our Supply Chain,supply_chain_ethics,use_for_splitter,matched calibrated ESG heading pattern,,1212
TJX 2025,TJX,2025,Global Social Compliance Program,social,use_for_splitter,matched calibrated ESG heading pattern,,1213
TJX 2025,TJX,2025,Governance,governance,use_for_splitter,matched calibrated ESG heading pattern,,1215
TJX 2025,TJX,2025,Director Qualifications & Nominations,,manual_review,not matched to canonical ESG code; review before adding pattern,,1216
TJX 2025,TJX,2025,Board Diversity,diversity_equity_inclusion,use_for_splitter,matched calibrated ESG heading pattern,,1217
TJX 2025,TJX,2025,Corporate Governance Documents,governance,use_for_splitter,matched calibrated ESG heading pattern,,1218
TJX 2025,TJX,2025,Cybersecurity & Privacy,ethics_compliance,use_for_splitter,matched calibrated ESG heading pattern,,1219
TJX 2025,TJX,2025,Reporting & Disclosures,,skip_generic_subheader,generic repeated subheader; keep inside parent ESG section,,1220
TJX 2025,TJX,2025,About Our Reporting,,manual_review,not matched to canonical ESG code; review before adding pattern,,1221
TJX 2025,TJX,2025,Additional Disclosures,,skip_generic_subheader,generic repeated subheader; keep inside parent ESG section,,1222
TJX 2025,TJX,2025,Data Tables,,manual_review,not matched to canonical ESG code; review before adding pattern,,1223
TJX 2025,TJX,2025,SASB Disclosure Matrix,about_this_report,use_for_splitter,matched calibrated ESG heading pattern,,1224
TJX 2025,TJX,2025,MULTILINE AND SPECIALTY RETAILERS & DISTRIBUTORS,,manual_review,not matched to canonical ESG code; review before adding pattern,,1225
TJX 2025,TJX,2025,United Nations Sustainable Development Goals Disclosure Matrix,,skip_generic_subheader,generic repeated subheader; keep inside parent ESG section,,1226
TJX 2025,TJX,2025,EEO-1 Report (2024),,manual_review,not matched to canonical ESG code; review before adding pattern,,1227
TJX 2025,TJX,2025,Endnotes,,manual_review,not matched to canonical ESG code; review before adding pattern,,1228
TJX 2025,TJX,2025,Cautionary Note Regarding Forward-Looking Statements,,manual_review,not matched to canonical ESG code; review before adding pattern,,1229
