company_id,ticker,company_name,tracker_status,report_year,format,drive_file_link,pdf_file,pdf_count,parsed_count,ocr_required_count,failed_parse_count,doc_quality_status,rag_action,quality_flag_count,wrong_doc_type_count,garbled_text_count,low_text_quality_count,layout_audit_status,layout_checked_page_count,layout_auto_hold_page_count,layout_held_chunk_count,section_count,chunk_count,short_evidence_chunk_count,citation_ready_chunk_count,missing_citation_metadata_count,min_chunk_tokens,max_chunk_tokens,status,notes
,AAP,,,,,,AAP-ADVANCE AUTO PARTS INC-2017-2018.pdf,1,0,0,0,,manual_review_before_indexing,0,0,0,0,not_applicable,0,0,0,30,39,2,0,39,86,599,tracker_needs_cleanup,parsed/sectioned/chunked ESG document has no matching tracker row; ticker missing from companies.csv; blank or invalid tracker status; chunks without verified semantic citation provenance: 39
,AAP,,,,,,AAP-ADVANCE AUTO PARTS INC-2019.pdf,1,0,0,0,,manual_review_before_indexing,0,0,0,0,not_applicable,0,0,0,36,48,0,0,48,101,556,tracker_needs_cleanup,parsed/sectioned/chunked ESG document has no matching tracker row; ticker missing from companies.csv; blank or invalid tracker status; chunks without verified semantic citation provenance: 48
,AAP,,,,,,AAP-ADVANCE AUTO PARTS INC-2020.pdf,1,0,0,0,,manual_review_before_indexing,0,0,0,0,not_applicable,0,0,0,27,52,0,0,52,105,589,tracker_needs_cleanup,parsed/sectioned/chunked ESG document has no matching tracker row; ticker missing from companies.csv; blank or invalid tracker status; chunks without verified semantic citation provenance: 52
,AAP,,,,,,AAP-ADVANCE AUTO PARTS INC-2021.pdf,1,0,0,0,,manual_review_before_indexing,0,0,0,0,not_applicable,0,0,0,35,75,4,0,75,70,580,tracker_needs_cleanup,parsed/sectioned/chunked ESG document has no matching tracker row; ticker missing from companies.csv; blank or invalid tracker status; chunks without verified semantic citation provenance: 75
,AAP,,,,,,AAP-ADVANCE AUTO PARTS INC-2022.pdf,1,0,0,0,,manual_review_before_indexing,0,0,0,0,not_applicable,0,0,0,40,77,2,0,77,96,583,tracker_needs_cleanup,parsed/sectioned/chunked ESG document has no matching tracker row; ticker missing from companies.csv; blank or invalid tracker status; chunks without verified semantic citation provenance: 77
,AAPL,,,,,,AAPL-APPLE INC-2014.pdf,1,1,0,0,ok,index_as_esg,1,0,0,0,auto_hold,36,5,13,12,44,0,44,0,152,501,tracker_needs_cleanup,parsed/sectioned/chunked ESG document has no matching tracker row; ticker missing from companies.csv; blank or invalid tracker status; layout auto-quarantine: pages=5; affected_chunks=13
,AAPL,,,,,,AAPL-APPLE INC-2015.pdf,1,0,0,0,,manual_review_before_indexing,0,0,0,0,not_applicable,0,0,0,27,61,0,0,61,107,594,tracker_needs_cleanup,parsed/sectioned/chunked ESG document has no matching tracker row; ticker missing from companies.csv; blank or invalid tracker status; chunks without verified semantic citation provenance: 61
,AAPL,,,,,,AAPL-APPLE INC-2016.pdf,1,1,0,0,ok,index_as_esg,1,0,0,0,auto_hold,58,4,11,33,75,1,75,0,73,569,tracker_needs_cleanup,parsed/sectioned/chunked ESG document has no matching tracker row; ticker missing from companies.csv; blank or invalid tracker status; layout auto-quarantine: pages=4; affected_chunks=11
,AAPL,,,,,,AAPL-APPLE INC-2017.pdf,1,0,0,0,,manual_review_before_indexing,0,0,0,0,not_applicable,0,0,0,43,91,2,0,91,73,597,tracker_needs_cleanup,parsed/sectioned/chunked ESG document has no matching tracker row; ticker missing from companies.csv; blank or invalid tracker status; chunks without verified semantic citation provenance: 91
,AAPL,,,,,,AAPL-APPLE INC-2018.pdf,1,0,0,0,,manual_review_before_indexing,0,0,0,0,not_applicable,0,0,0,58,109,5,0,109,72,600,tracker_needs_cleanup,parsed/sectioned/chunked ESG document has no matching tracker row; ticker missing from companies.csv; blank or invalid tracker status; chunks without verified semantic citation provenance: 109
,AAPL,,,,,,AAPL-APPLE INC-2020.pdf,1,0,0,0,,manual_review_before_indexing,0,0,0,0,not_applicable,0,0,0,76,113,8,0,113,71,592,tracker_needs_cleanup,parsed/sectioned/chunked ESG document has no matching tracker row; ticker missing from companies.csv; blank or invalid tracker status; chunks without verified semantic citation provenance: 113
,AAPL,,,,,,AAPL-APPLE INC-2021.pdf,1,0,0,0,,manual_review_before_indexing,0,0,0,0,not_applicable,0,0,0,132,188,11,0,188,59,598,tracker_needs_cleanup,parsed/sectioned/chunked ESG document has no matching tracker row; ticker missing from companies.csv; blank or invalid tracker status; chunks without verified semantic citation provenance: 188
,AAPL,,,,,,AAPL-APPLE INC-2022.pdf,1,0,0,0,,manual_review_before_indexing,0,0,0,0,not_applicable,0,0,0,108,216,4,0,216,55,593,tracker_needs_cleanup,parsed/sectioned/chunked ESG document has no matching tracker row; ticker missing from companies.csv; blank or invalid tracker status; chunks without verified semantic citation provenance: 216
,AAPL,,,,,,AAPL-APPLE INC-2024.pdf,1,0,0,0,,manual_review_before_indexing,0,0,0,0,not_applicable,0,0,0,124,246,3,0,246,71,581,tracker_needs_cleanup,parsed/sectioned/chunked ESG document has no matching tracker row; ticker missing from companies.csv; blank or invalid tracker status; chunks without verified semantic citation provenance: 246
,AAPL,,,,,,AAPL-APPLE INC-2025.pdf,1,0,0,0,,manual_review_before_indexing,0,0,0,0,not_applicable,0,0,0,102,205,3,0,205,65,588,tracker_needs_cleanup,parsed/sectioned/chunked ESG document has no matching tracker row; ticker missing from companies.csv; blank or invalid tracker status; chunks without verified semantic citation provenance: 205
,ABG,,,,,,ABG-ASBURY AUTOMOTIVE GROUP INC-2021.pdf,1,1,0,0,ok,index_as_esg,1,0,0,0,auto_hold,56,7,13,44,60,2,60,0,82,600,tracker_needs_cleanup,parsed/sectioned/chunked ESG document has no matching tracker row; ticker missing from companies.csv; blank or invalid tracker status; layout auto-quarantine: pages=7; affected_chunks=13
,ABG,,,,,,ABG-ASBURY AUTOMOTIVE GROUP INC-2022.pdf,1,0,0,0,,manual_review_before_indexing,0,0,0,0,not_applicable,0,0,0,39,53,5,0,53,77,578,tracker_needs_cleanup,parsed/sectioned/chunked ESG document has no matching tracker row; ticker missing from companies.csv; blank or invalid tracker status; chunks without verified semantic citation provenance: 53
,ABG,,,,,,ABG-ASBURY AUTOMOTIVE GROUP INC-2023.pdf,1,1,0,0,ok,index_as_esg,1,0,0,0,auto_hold,47,8,16,55,68,8,68,0,64,561,tracker_needs_cleanup,parsed/sectioned/chunked ESG document has no matching tracker row; ticker missing from companies.csv; blank or invalid tracker status; layout auto-quarantine: pages=8; affected_chunks=16
,ABG,,,,,,ABG-ASBURY AUTOMOTIVE GROUP INC-2024.pdf,1,0,0,0,,manual_review_before_indexing,0,0,0,0,not_applicable,0,0,0,50,63,2,0,63,78,572,tracker_needs_cleanup,parsed/sectioned/chunked ESG document has no matching tracker row; ticker missing from companies.csv; blank or invalid tracker status; chunks without verified semantic citation provenance: 63
,ABG,,,,,,ABG-ASBURY AUTOMOTIVE GROUP INC-2025.pdf,1,0,0,0,,manual_review_before_indexing,0,0,0,0,not_applicable,0,0,0,45,52,1,0,52,98,589,tracker_needs_cleanup,parsed/sectioned/chunked ESG document has no matching tracker row; ticker missing from companies.csv; blank or invalid tracker status; chunks without verified semantic citation provenance: 52
,ACI,,,,,,ACI-ALBERTSONS COS INC-2016.pdf,1,0,0,0,,manual_review_before_indexing,0,0,0,0,not_applicable,0,0,0,6,9,0,0,9,161,500,tracker_needs_cleanup,parsed/sectioned/chunked ESG document has no matching tracker row; ticker missing from companies.csv; blank or invalid tracker status; chunks without verified semantic citation provenance: 9
,ACI,,,,,,ACI-ALBERTSONS COS INC-2017.pdf,1,1,0,0,ok,index_as_esg,1,0,0,0,auto_hold,12,1,3,7,11,0,11,0,173,589,tracker_needs_cleanup,parsed/sectioned/chunked ESG document has no matching tracker row; ticker missing from companies.csv; blank or invalid tracker status; layout auto-quarantine: pages=1; affected_chunks=3
,ACI,,,,,,ACI-ALBERTSONS COS INC-2019.pdf,1,1,0,0,ok,index_as_esg,0,0,0,0,auto_pass,2,0,0,2,4,0,4,0,156,500,tracker_needs_cleanup,parsed/sectioned/chunked ESG document has no matching tracker row; ticker missing from companies.csv; blank or invalid tracker status
,ACI,,,,,,ACI-ALBERTSONS COS INC-2020.pdf,1,0,0,0,,manual_review_before_indexing,0,0,0,0,not_applicable,0,0,0,15,18,2,0,18,85,554,tracker_needs_cleanup,parsed/sectioned/chunked ESG document has no matching tracker row; ticker missing from companies.csv; blank or invalid tracker status; chunks without verified semantic citation provenance: 18
,ACI,,,,,,ACI-ALBERTSONS COS INC-2021-2022.pdf,1,0,0,0,,manual_review_before_indexing,0,0,0,0,not_applicable,0,0,0,20,32,0,0,32,122,530,tracker_needs_cleanup,parsed/sectioned/chunked ESG document has no matching tracker row; ticker missing from companies.csv; blank or invalid tracker status; chunks without verified semantic citation provenance: 32
,ACI,,,,,,ACI-ALBERTSONS COS INC-2022.pdf,1,0,0,0,,manual_review_before_indexing,0,0,0,0,not_applicable,0,0,0,33,47,2,0,47,84,585,tracker_needs_cleanup,parsed/sectioned/chunked ESG document has no matching tracker row; ticker missing from companies.csv; blank or invalid tracker status; chunks without verified semantic citation provenance: 47
,ACI,,,,,,ACI-ALBERTSONS COS INC-2023.pdf,1,0,0,0,,manual_review_before_indexing,0,0,0,0,not_applicable,0,0,0,35,45,5,0,45,64,545,tracker_needs_cleanup,parsed/sectioned/chunked ESG document has no matching tracker row; ticker missing from companies.csv; blank or invalid tracker status; chunks without verified semantic citation provenance: 45
,ACI,,,,,,ACI-ALBERTSONS COS INC-2024.pdf,1,0,0,0,,manual_review_before_indexing,0,0,0,0,not_applicable,0,0,0,16,25,1,0,25,87,559,tracker_needs_cleanup,parsed/sectioned/chunked ESG document has no matching tracker row; ticker missing from companies.csv; blank or invalid tracker status; chunks without verified semantic citation provenance: 25
,AEO,,,,,,AEO-AMERICAN EAGLE OUTFITTERS INC-2021.pdf,1,0,0,0,,manual_review_before_indexing,0,0,0,0,not_applicable,0,0,0,59,77,5,0,77,72,500,tracker_needs_cleanup,parsed/sectioned/chunked ESG document has no matching tracker row; ticker missing from companies.csv; blank or invalid tracker status; chunks without verified semantic citation provenance: 77
,AEO,,,,,,AEO-AMERICAN EAGLE OUTFITTERS INC-2022.pdf,1,0,0,0,,manual_review_before_indexing,0,0,0,0,not_applicable,0,0,0,64,98,7,0,98,66,592,tracker_needs_cleanup,parsed/sectioned/chunked ESG document has no matching tracker row; ticker missing from companies.csv; blank or invalid tracker status; chunks without verified semantic citation provenance: 98
,AEO,,,,,,AEO-AMERICAN EAGLE OUTFITTERS INC-2023.pdf,1,0,0,0,,manual_review_before_indexing,0,0,0,0,not_applicable,0,0,0,6,8,1,0,8,71,580,tracker_needs_cleanup,parsed/sectioned/chunked ESG document has no matching tracker row; ticker missing from companies.csv; blank or invalid tracker status; chunks without verified semantic citation provenance: 8
,AEO,,,,,,AEO-AMERICAN EAGLE OUTFITTERS INC-2024.pdf,1,0,0,0,,manual_review_before_indexing,0,0,0,0,not_applicable,0,0,0,6,9,1,0,9,81,600,tracker_needs_cleanup,parsed/sectioned/chunked ESG document has no matching tracker row; ticker missing from companies.csv; blank or invalid tracker status; chunks without verified semantic citation provenance: 9
,AMZN,,,,,,AMZN-AMAZON.COM INC-2018.pdf,1,0,0,0,,manual_review_before_indexing,0,0,0,0,not_applicable,0,0,0,26,51,1,0,51,87,581,tracker_needs_cleanup,parsed/sectioned/chunked ESG document has no matching tracker row; ticker missing from companies.csv; blank or invalid tracker status; chunks without verified semantic citation provenance: 51
,AMZN,,,,,,AMZN-AMAZON.COM INC-2019.pdf,1,0,0,0,,manual_review_before_indexing,0,0,0,0,not_applicable,0,0,0,89,141,5,0,141,66,583,tracker_needs_cleanup,parsed/sectioned/chunked ESG document has no matching tracker row; ticker missing from companies.csv; blank or invalid tracker status; chunks without verified semantic citation provenance: 141
,AMZN,,,,,,AMZN-Amazon-2021.pdf,1,0,0,0,,manual_review_before_indexing,0,0,0,0,not_applicable,0,0,0,91,177,2,0,177,68,595,tracker_needs_cleanup,parsed/sectioned/chunked ESG document has no matching tracker row; ticker missing from companies.csv; blank or invalid tracker status; chunks without verified semantic citation provenance: 177
,AMZN,,,,,,AMZN-Amazon-2022.pdf,1,0,0,0,,manual_review_before_indexing,0,0,0,0,not_applicable,0,0,0,103,179,7,0,179,79,585,tracker_needs_cleanup,parsed/sectioned/chunked ESG document has no matching tracker row; ticker missing from companies.csv; blank or invalid tracker status; chunks without verified semantic citation provenance: 179
,AMZN,,,,,,AMZN-Amazon-2023.pdf,1,0,0,0,,manual_review_before_indexing,0,0,0,0,not_applicable,0,0,0,139,254,8,0,254,74,600,tracker_needs_cleanup,parsed/sectioned/chunked ESG document has no matching tracker row; ticker missing from companies.csv; blank or invalid tracker status; chunks without verified semantic citation provenance: 254
,AMZN,,,,,,AMZN-Amazon-2024.pdf,1,0,0,0,,manual_review_before_indexing,0,0,0,0,not_applicable,0,0,0,79,168,3,0,168,46,570,tracker_needs_cleanup,parsed/sectioned/chunked ESG document has no matching tracker row; ticker missing from companies.csv; blank or invalid tracker status; chunks without verified semantic citation provenance: 168
,AMZN,,,,,,AMZN-Amazon-2025.pdf,1,0,0,0,,manual_review_before_indexing,0,0,0,0,not_applicable,0,0,0,86,157,8,0,157,59,595,tracker_needs_cleanup,parsed/sectioned/chunked ESG document has no matching tracker row; ticker missing from companies.csv; blank or invalid tracker status; chunks without verified semantic citation provenance: 157
,AN,,,,,,AN-AUTONATION INC-2021.pdf,1,1,0,0,ok,index_as_esg,1,0,0,0,auto_pass,35,0,0,24,35,1,35,0,74,597,tracker_needs_cleanup,parsed/sectioned/chunked ESG document has no matching tracker row; ticker missing from companies.csv; blank or invalid tracker status
,AN,,,,,,AN-AUTONATION INC-2022.pdf,1,0,0,0,,manual_review_before_indexing,0,0,0,0,not_applicable,0,0,0,20,34,1,0,34,98,500,tracker_needs_cleanup,parsed/sectioned/chunked ESG document has no matching tracker row; ticker missing from companies.csv; blank or invalid tracker status; chunks without verified semantic citation provenance: 34
,AN,,,,,,AN-AUTONATION INC-2023.pdf,1,0,0,0,,manual_review_before_indexing,0,0,0,0,not_applicable,0,0,0,20,35,1,0,35,90,545,tracker_needs_cleanup,parsed/sectioned/chunked ESG document has no matching tracker row; ticker missing from companies.csv; blank or invalid tracker status; chunks without verified semantic citation provenance: 35
,AN,,,,,,AN-AUTONATION INC-2024.pdf,1,0,0,0,,manual_review_before_indexing,0,0,0,0,not_applicable,0,0,0,19,29,2,0,29,77,592,tracker_needs_cleanup,parsed/sectioned/chunked ESG document has no matching tracker row; ticker missing from companies.csv; blank or invalid tracker status; chunks without verified semantic citation provenance: 29
,AN,,,,,,AN-AUTONATION INC-2025.pdf,1,0,0,0,,manual_review_before_indexing,0,0,0,0,not_applicable,0,0,0,6,8,0,0,8,164,500,tracker_needs_cleanup,parsed/sectioned/chunked ESG document has no matching tracker row; ticker missing from companies.csv; blank or invalid tracker status; chunks without verified semantic citation provenance: 8
,ANF,,,,,,ANF__sustainability__ANF-ABERCROMBIE & FITCH -CL A-2021.pdf,0,0,0,0,,manual_review_before_indexing,0,0,0,0,not_applicable,0,0,0,0,43,1,0,43,88,562,tracker_needs_cleanup,parsed/sectioned/chunked ESG document has no matching tracker row; ticker missing from companies.csv; blank or invalid tracker status; chunks without verified semantic citation provenance: 43
,ANF,,,,,,ANF__sustainability__ANF-ABERCROMBIE & FITCH -CL A-2022.pdf,0,0,0,0,,manual_review_before_indexing,0,0,0,0,not_applicable,0,0,0,0,67,0,0,67,107,596,tracker_needs_cleanup,parsed/sectioned/chunked ESG document has no matching tracker row; ticker missing from companies.csv; blank or invalid tracker status; chunks without verified semantic citation provenance: 67
,ANF,,,,,,ANF__sustainability__ANF-ABERCROMBIE & FITCH -CL A-2023.pdf,0,0,0,0,,manual_review_before_indexing,0,0,0,0,not_applicable,0,0,0,0,88,0,0,88,141,591,tracker_needs_cleanup,parsed/sectioned/chunked ESG document has no matching tracker row; ticker missing from companies.csv; blank or invalid tracker status; chunks without verified semantic citation provenance: 88
,ARKO,,,,,,ARKO-ARKO CORP-2021.pdf,1,0,0,0,,manual_review_before_indexing,0,0,0,0,not_applicable,0,0,0,26,44,1,0,44,98,545,tracker_needs_cleanup,parsed/sectioned/chunked ESG document has no matching tracker row; ticker missing from companies.csv; blank or invalid tracker status; chunks without verified semantic citation provenance: 44
,ARKO,,,,,,ARKO-ARKO CORP-2022.pdf,1,1,0,0,ok,index_as_esg,1,0,0,0,auto_hold,46,6,14,32,51,3,51,0,71,593,tracker_needs_cleanup,parsed/sectioned/chunked ESG document has no matching tracker row; ticker missing from companies.csv; blank or invalid tracker status; layout auto-quarantine: pages=6; affected_chunks=14
,ARKO,,,,,,ARKO-ARKO CORP-2023.pdf,1,0,0,0,,manual_review_before_indexing,0,0,0,0,not_applicable,0,0,0,38,63,0,0,63,128,596,tracker_needs_cleanup,parsed/sectioned/chunked ESG document has no matching tracker row; ticker missing from companies.csv; blank or invalid tracker status; chunks without verified semantic citation provenance: 63
,ARKO,,,,,,ARKO-ARKO CORP-2024.pdf,1,0,0,0,,manual_review_before_indexing,0,0,0,0,not_applicable,0,0,0,40,66,0,0,66,106,579,tracker_needs_cleanup,parsed/sectioned/chunked ESG document has no matching tracker row; ticker missing from companies.csv; blank or invalid tracker status; chunks without verified semantic citation provenance: 66
,ASO,,,,,,ASO-ACADEMY SPO AND OU INC-2021.pdf,1,0,0,0,,manual_review_before_indexing,0,0,0,0,not_applicable,0,0,0,32,59,1,0,59,83,504,tracker_needs_cleanup,parsed/sectioned/chunked ESG document has no matching tracker row; ticker missing from companies.csv; blank or invalid tracker status; chunks without verified semantic citation provenance: 59
,AZO,,,,,,AZO-AUTOZONE INC-2019.pdf,1,0,0,0,,manual_review_before_indexing,0,0,0,0,not_applicable,0,0,0,20,28,1,0,28,94,591,tracker_needs_cleanup,parsed/sectioned/chunked ESG document has no matching tracker row; ticker missing from companies.csv; blank or invalid tracker status; chunks without verified semantic citation provenance: 28
,AZO,,,,,,AZO-AUTOZONE INC-2020.pdf,1,0,0,0,,manual_review_before_indexing,0,0,0,0,not_applicable,0,0,0,55,85,6,0,85,73,560,tracker_needs_cleanup,parsed/sectioned/chunked ESG document has no matching tracker row; ticker missing from companies.csv; blank or invalid tracker status; chunks without verified semantic citation provenance: 85
,AZO,,,,,,AZO-AUTOZONE INC-2021.pdf,1,0,0,0,,manual_review_before_indexing,0,0,0,0,not_applicable,0,0,0,62,98,3,0,98,73,597,tracker_needs_cleanup,parsed/sectioned/chunked ESG document has no matching tracker row; ticker missing from companies.csv; blank or invalid tracker status; chunks without verified semantic citation provenance: 98
,AZO,,,,,,AZO-AUTOZONE INC-2022.pdf,1,0,0,0,,manual_review_before_indexing,0,0,0,0,not_applicable,0,0,0,48,94,1,0,94,98,568,tracker_needs_cleanup,parsed/sectioned/chunked ESG document has no matching tracker row; ticker missing from companies.csv; blank or invalid tracker status; chunks without verified semantic citation provenance: 94
,AZO,,,,,,AZO-AUTOZONE INC-2023.pdf,1,0,0,0,,manual_review_before_indexing,0,0,0,0,not_applicable,0,0,0,53,96,1,0,96,67,591,tracker_needs_cleanup,parsed/sectioned/chunked ESG document has no matching tracker row; ticker missing from companies.csv; blank or invalid tracker status; chunks without verified semantic citation provenance: 96
,AZO,,,,,,AZO-AUTOZONE INC-2024.pdf,1,0,0,0,,manual_review_before_indexing,0,0,0,0,not_applicable,0,0,0,23,42,0,0,42,106,583,tracker_needs_cleanup,parsed/sectioned/chunked ESG document has no matching tracker row; ticker missing from companies.csv; blank or invalid tracker status; chunks without verified semantic citation provenance: 42
,AZO,,,,,,AZO-AUTOZONE INC-2025.pdf,1,0,0,0,,manual_review_before_indexing,0,0,0,0,not_applicable,0,0,0,19,37,0,0,37,106,501,tracker_needs_cleanup,parsed/sectioned/chunked ESG document has no matching tracker row; ticker missing from companies.csv; blank or invalid tracker status; chunks without verified semantic citation provenance: 37
,BBBY,,,,,,BBBY-BED BATH & BEYOND INC-2017.pdf,1,1,0,0,ok,index_as_esg,0,0,0,0,auto_pass,39,0,0,25,51,1,51,0,80,594,tracker_needs_cleanup,parsed/sectioned/chunked ESG document has no matching tracker row; ticker missing from companies.csv; blank or invalid tracker status
,BBBY,,,,,,BBBY-BED BATH & BEYOND INC-2018.pdf,1,0,0,0,,manual_review_before_indexing,0,0,0,0,not_applicable,0,0,0,29,36,2,0,36,70,595,tracker_needs_cleanup,parsed/sectioned/chunked ESG document has no matching tracker row; ticker missing from companies.csv; blank or invalid tracker status; chunks without verified semantic citation provenance: 36
,BBBY,,,,,,BBBY-BED BATH & BEYOND INC-2020.pdf,1,0,0,0,,manual_review_before_indexing,0,0,0,0,not_applicable,0,0,0,38,65,2,0,65,69,563,tracker_needs_cleanup,parsed/sectioned/chunked ESG document has no matching tracker row; ticker missing from companies.csv; blank or invalid tracker status; chunks without verified semantic citation provenance: 65
,BBBY,,,,,,BBBY-BED BATH & BEYOND INC-2021.pdf,1,1,0,0,ok,index_as_esg,1,0,0,0,auto_hold,47,5,9,37,56,3,56,0,61,599,tracker_needs_cleanup,parsed/sectioned/chunked ESG document has no matching tracker row; ticker missing from companies.csv; blank or invalid tracker status; layout auto-quarantine: pages=5; affected_chunks=9
,BBBY,,,,,,BBBY__sustainability__BBBY-BED BATH & BEYOND INC-2021.pdf,0,0,0,0,,manual_review_before_indexing,0,0,0,0,not_applicable,0,0,0,0,75,10,0,75,61,585,tracker_needs_cleanup,parsed/sectioned/chunked ESG document has no matching tracker row; ticker missing from companies.csv; blank or invalid tracker status; chunks without verified semantic citation provenance: 75
,BBW,,,,,,BBW-BUILD-A-BEAR WORKSHOP INC-2023.pdf,1,0,0,0,,manual_review_before_indexing,0,0,0,0,not_applicable,0,0,0,27,51,0,0,51,116,580,tracker_needs_cleanup,parsed/sectioned/chunked ESG document has no matching tracker row; ticker missing from companies.csv; blank or invalid tracker status; chunks without verified semantic citation provenance: 51
,BBW,,,,,,BBW-BUILD-A-BEAR WORKSHOP INC-2024.pdf,1,0,0,0,,manual_review_before_indexing,0,0,0,0,not_applicable,0,0,0,14,22,0,0,22,126,568,tracker_needs_cleanup,parsed/sectioned/chunked ESG document has no matching tracker row; ticker missing from companies.csv; blank or invalid tracker status; chunks without verified semantic citation provenance: 22
,BBWI,,,,,,BBWI-BATH & BODY WORKS INC-2022.pdf,1,0,0,0,,manual_review_before_indexing,0,0,0,0,not_applicable,0,0,0,68,101,6,0,101,65,578,tracker_needs_cleanup,parsed/sectioned/chunked ESG document has no matching tracker row; ticker missing from companies.csv; blank or invalid tracker status; chunks without verified semantic citation provenance: 101
,BBWI,,,,,,BBWI-BATH & BODY WORKS INC-2023.pdf,1,0,0,0,,manual_review_before_indexing,0,0,0,0,not_applicable,0,0,0,97,153,12,0,153,58,594,tracker_needs_cleanup,parsed/sectioned/chunked ESG document has no matching tracker row; ticker missing from companies.csv; blank or invalid tracker status; chunks without verified semantic citation provenance: 153
,BBWI,,,,,,BBWI-BATH & BODY WORKS INC-2024.pdf,1,0,0,0,,manual_review_before_indexing,0,0,0,0,not_applicable,0,0,0,78,132,5,0,132,73,590,tracker_needs_cleanup,parsed/sectioned/chunked ESG document has no matching tracker row; ticker missing from companies.csv; blank or invalid tracker status; chunks without verified semantic citation provenance: 132
,BBWI,,,,,,BBWI-BATH & BODY WORKS INC-2025.pdf,1,0,0,0,,manual_review_before_indexing,0,0,0,0,not_applicable,0,0,0,88,147,8,0,147,59,597,tracker_needs_cleanup,parsed/sectioned/chunked ESG document has no matching tracker row; ticker missing from companies.csv; blank or invalid tracker status; chunks without verified semantic citation provenance: 147
,BBY,,,,,,BBY-BEST BUY CO INC-2015.pdf,1,1,0,0,ok,index_as_esg,0,0,0,0,auto_pass,41,0,0,19,36,1,36,0,97,598,tracker_needs_cleanup,parsed/sectioned/chunked ESG document has no matching tracker row; ticker missing from companies.csv; blank or invalid tracker status
,BBY,,,,,,BBY-BEST BUY CO INC-2016.pdf,1,0,0,0,,manual_review_before_indexing,0,0,0,0,not_applicable,0,0,0,23,45,1,0,45,79,588,tracker_needs_cleanup,parsed/sectioned/chunked ESG document has no matching tracker row; ticker missing from companies.csv; blank or invalid tracker status; chunks without verified semantic citation provenance: 45
,BBY,,,,,,BBY-BEST BUY CO INC-2017.pdf,1,0,0,0,,manual_review_before_indexing,0,0,0,0,not_applicable,0,0,0,2,4,0,0,4,170,500,tracker_needs_cleanup,parsed/sectioned/chunked ESG document has no matching tracker row; ticker missing from companies.csv; blank or invalid tracker status; chunks without verified semantic citation provenance: 4
,BBY,,,,,,BBY-BEST BUY CO INC-2018.pdf,1,0,0,0,,manual_review_before_indexing,0,0,0,0,not_applicable,0,0,0,24,54,0,0,54,118,598,tracker_needs_cleanup,parsed/sectioned/chunked ESG document has no matching tracker row; ticker missing from companies.csv; blank or invalid tracker status; chunks without verified semantic citation provenance: 54
,BBY,,,,,,BBY-BEST BUY CO INC-2019.pdf,1,0,0,0,,manual_review_before_indexing,0,0,0,0,not_applicable,0,0,0,27,53,1,0,53,85,580,tracker_needs_cleanup,parsed/sectioned/chunked ESG document has no matching tracker row; ticker missing from companies.csv; blank or invalid tracker status; chunks without verified semantic citation provenance: 53
,BBY,,,,,,BBY-BEST BUY CO INC-2020.pdf,1,0,0,0,,manual_review_before_indexing,0,0,0,0,not_applicable,0,0,0,36,62,2,0,62,68,523,tracker_needs_cleanup,parsed/sectioned/chunked ESG document has no matching tracker row; ticker missing from companies.csv; blank or invalid tracker status; chunks without verified semantic citation provenance: 62
,BBY,,,,,,BBY-BEST BUY CO INC-2021.pdf,1,0,0,0,,manual_review_before_indexing,0,0,0,0,not_applicable,0,0,0,57,95,3,0,95,72,583,tracker_needs_cleanup,parsed/sectioned/chunked ESG document has no matching tracker row; ticker missing from companies.csv; blank or invalid tracker status; chunks without verified semantic citation provenance: 95
,BBY,,,,,,BBY-BEST BUY CO INC-2022.pdf,1,0,0,0,,manual_review_before_indexing,0,0,0,0,not_applicable,0,0,0,51,107,4,0,107,61,593,tracker_needs_cleanup,parsed/sectioned/chunked ESG document has no matching tracker row; ticker missing from companies.csv; blank or invalid tracker status; chunks without verified semantic citation provenance: 107
,BBY,,,,,,BBY-BEST BUY CO INC-2023.pdf,1,0,0,0,,manual_review_before_indexing,0,0,0,0,not_applicable,0,0,0,71,129,4,0,129,61,579,tracker_needs_cleanup,parsed/sectioned/chunked ESG document has no matching tracker row; ticker missing from companies.csv; blank or invalid tracker status; chunks without verified semantic citation provenance: 129
,BBY,,,,,,BBY-BEST BUY CO INC-2024.pdf,1,1,0,0,ok,index_as_esg,1,0,0,0,auto_hold,73,6,18,78,108,8,108,0,71,578,tracker_needs_cleanup,parsed/sectioned/chunked ESG document has no matching tracker row; ticker missing from companies.csv; blank or invalid tracker status; layout auto-quarantine: pages=6; affected_chunks=18
,BBY,,,,,,BBY-BEST BUY CO INC-2025.pdf,1,0,0,0,,manual_review_before_indexing,0,0,0,0,not_applicable,0,0,0,66,100,5,0,100,64,595,tracker_needs_cleanup,parsed/sectioned/chunked ESG document has no matching tracker row; ticker missing from companies.csv; blank or invalid tracker status; chunks without verified semantic citation provenance: 100
,BIRD,,,,,,BIRD-ALLBIRDS INC-2020.pdf,1,0,0,0,,manual_review_before_indexing,0,0,0,0,not_applicable,0,0,0,28,48,1,0,48,96,509,tracker_needs_cleanup,parsed/sectioned/chunked ESG document has no matching tracker row; ticker missing from companies.csv; blank or invalid tracker status; chunks without verified semantic citation provenance: 48
,BIRD,,,,,,BIRD-ALLBIRDS INC-2021.pdf,1,1,0,0,ok,index_as_esg,0,0,0,0,auto_pass,24,0,0,7,11,0,11,0,180,581,tracker_needs_cleanup,parsed/sectioned/chunked ESG document has no matching tracker row; ticker missing from companies.csv; blank or invalid tracker status
,BIRD,,,,,,BIRD-ALLBIRDS INC-2022.pdf,1,0,0,0,,manual_review_before_indexing,0,0,0,0,not_applicable,0,0,0,5,14,0,0,14,164,515,tracker_needs_cleanup,parsed/sectioned/chunked ESG document has no matching tracker row; ticker missing from companies.csv; blank or invalid tracker status; chunks without verified semantic citation provenance: 14
,BIRD,,,,,,BIRD-ALLBIRDS INC-2023.pdf,1,0,0,0,,manual_review_before_indexing,0,0,0,0,not_applicable,0,0,0,37,50,4,0,50,83,556,tracker_needs_cleanup,parsed/sectioned/chunked ESG document has no matching tracker row; ticker missing from companies.csv; blank or invalid tracker status; chunks without verified semantic citation provenance: 50
,BIRD,,,,,,BIRD-ALLBIRDS-2024.pdf,1,0,0,0,,manual_review_before_indexing,0,0,0,0,not_applicable,0,0,0,4,5,0,0,5,178,500,tracker_needs_cleanup,parsed/sectioned/chunked ESG document has no matching tracker row; ticker missing from companies.csv; blank or invalid tracker status; chunks without verified semantic citation provenance: 5
,BJ,,,,,,BJ-BJS WHSL CLUB HLDGS INC-2022.pdf,1,0,0,0,,manual_review_before_indexing,0,0,0,0,not_applicable,0,0,0,22,30,1,0,30,89,589,tracker_needs_cleanup,parsed/sectioned/chunked ESG document has no matching tracker row; ticker missing from companies.csv; blank or invalid tracker status; chunks without verified semantic citation provenance: 30
,BJ,,,,,,BJ-BJS WHSL CLUB HLDGS INC-2023.pdf,1,0,0,0,,manual_review_before_indexing,0,0,0,0,not_applicable,0,0,0,41,46,1,0,46,68,585,tracker_needs_cleanup,parsed/sectioned/chunked ESG document has no matching tracker row; ticker missing from companies.csv; blank or invalid tracker status; chunks without verified semantic citation provenance: 46
,BRLT,,,,,,BRLT-BRILLIANT EARTH GP INC-2021.pdf,1,0,0,0,,manual_review_before_indexing,0,0,0,0,not_applicable,0,0,0,47,66,8,0,66,61,583,tracker_needs_cleanup,parsed/sectioned/chunked ESG document has no matching tracker row; ticker missing from companies.csv; blank or invalid tracker status; chunks without verified semantic citation provenance: 66
,BRLT,,,,,,BRLT-BRILLIANT EARTH GP INC-2022.pdf,1,0,0,0,,manual_review_before_indexing,0,0,0,0,not_applicable,0,0,0,55,80,2,0,80,86,594,tracker_needs_cleanup,parsed/sectioned/chunked ESG document has no matching tracker row; ticker missing from companies.csv; blank or invalid tracker status; chunks without verified semantic citation provenance: 80
,BRLT,,,,,,BRLT-BRILLIANT EARTH GP INC-2023.pdf,1,0,0,0,,manual_review_before_indexing,0,0,0,0,not_applicable,0,0,0,29,42,3,0,42,91,589,tracker_needs_cleanup,parsed/sectioned/chunked ESG document has no matching tracker row; ticker missing from companies.csv; blank or invalid tracker status; chunks without verified semantic citation provenance: 42
,BRLT,,,,,,BRLT-BRILLIANT EARTH GP INC-2024.pdf,1,0,0,0,,manual_review_before_indexing,0,0,0,0,not_applicable,0,0,0,23,52,0,0,52,120,599,tracker_needs_cleanup,parsed/sectioned/chunked ESG document has no matching tracker row; ticker missing from companies.csv; blank or invalid tracker status; chunks without verified semantic citation provenance: 52
,BRLT,,,,,,BRLT-BRILLIANT EARTH GP INC-2025.pdf,1,0,0,0,,manual_review_before_indexing,0,0,0,0,not_applicable,0,0,0,24,48,0,0,48,154,591,tracker_needs_cleanup,parsed/sectioned/chunked ESG document has no matching tracker row; ticker missing from companies.csv; blank or invalid tracker status; chunks without verified semantic citation provenance: 48
,BRLT,,,,,,BRLT__sustainability__BRLT-BRILLIANT EARTH GP INC-2021.pdf,0,0,0,0,,manual_review_before_indexing,0,0,0,0,not_applicable,0,0,0,0,70,9,0,70,61,600,tracker_needs_cleanup,parsed/sectioned/chunked ESG document has no matching tracker row; ticker missing from companies.csv; blank or invalid tracker status; chunks without verified semantic citation provenance: 70
,BRLT,,,,,,BRLT__sustainability__BRLT-BRILLIANT EARTH GP INC-2022.pdf,0,0,0,0,,manual_review_before_indexing,0,0,0,0,not_applicable,0,0,0,0,85,2,0,85,86,587,tracker_needs_cleanup,parsed/sectioned/chunked ESG document has no matching tracker row; ticker missing from companies.csv; blank or invalid tracker status; chunks without verified semantic citation provenance: 85
,BRLT,,,,,,BRLT__sustainability__BRLT-BRILLIANT EARTH GP INC-2023.pdf,0,0,0,0,,manual_review_before_indexing,0,0,0,0,not_applicable,0,0,0,0,42,4,0,42,91,550,tracker_needs_cleanup,parsed/sectioned/chunked ESG document has no matching tracker row; ticker missing from companies.csv; blank or invalid tracker status; chunks without verified semantic citation provenance: 42
,BRLT,,,,,,BRLT__sustainability__BRLT-BRILLIANT EARTH GP INC-2024.pdf,0,0,0,0,,manual_review_before_indexing,0,0,0,0,not_applicable,0,0,0,0,55,2,0,55,84,596,tracker_needs_cleanup,parsed/sectioned/chunked ESG document has no matching tracker row; ticker missing from companies.csv; blank or invalid tracker status; chunks without verified semantic citation provenance: 55
,BRLT,,,,,,BRLT__sustainability__BRLT-BRILLIANT EARTH GP INC-2025.pdf,0,0,0,0,,manual_review_before_indexing,0,0,0,0,not_applicable,0,0,0,0,50,1,0,50,93,589,tracker_needs_cleanup,parsed/sectioned/chunked ESG document has no matching tracker row; ticker missing from companies.csv; blank or invalid tracker status; chunks without verified semantic citation provenance: 50
,BURL,,,,,,BURL-BURLINGTON STORES INC-2018.pdf,1,0,0,0,,manual_review_before_indexing,0,0,0,0,not_applicable,0,0,0,21,34,0,0,34,100,586,tracker_needs_cleanup,parsed/sectioned/chunked ESG document has no matching tracker row; ticker missing from companies.csv; blank or invalid tracker status; chunks without verified semantic citation provenance: 34
,BURL,,,,,,BURL-BURLINGTON STORES INC-2019.pdf,1,0,0,0,,manual_review_before_indexing,0,0,0,0,not_applicable,0,0,0,23,49,0,0,49,158,594,tracker_needs_cleanup,parsed/sectioned/chunked ESG document has no matching tracker row; ticker missing from companies.csv; blank or invalid tracker status; chunks without verified semantic citation provenance: 49
,BURL,,,,,,BURL-BURLINGTON STORES INC-2020.pdf,1,0,0,0,,manual_review_before_indexing,0,0,0,0,not_applicable,0,0,0,31,65,1,0,65,65,572,tracker_needs_cleanup,parsed/sectioned/chunked ESG document has no matching tracker row; ticker missing from companies.csv; blank or invalid tracker status; chunks without verified semantic citation provenance: 65
,BURL,,,,,,BURL-BURLINGTON STORES INC-2021.pdf,1,1,0,0,ok,index_as_esg,1,0,0,0,auto_hold,62,14,36,69,94,5,94,0,70,598,tracker_needs_cleanup,parsed/sectioned/chunked ESG document has no matching tracker row; ticker missing from companies.csv; blank or invalid tracker status; layout auto-quarantine: pages=14; affected_chunks=36
,BURL,,,,,,BURL-Burlington Stores-2022.pdf,1,0,0,0,,manual_review_before_indexing,0,0,0,0,not_applicable,0,0,0,96,113,9,0,113,70,593,tracker_needs_cleanup,parsed/sectioned/chunked ESG document has no matching tracker row; ticker missing from companies.csv; blank or invalid tracker status; chunks without verified semantic citation provenance: 113
,BURL,,,,,,BURL-Burlington Stores-2023.pdf,1,0,0,0,,manual_review_before_indexing,0,0,0,0,not_applicable,0,0,0,69,93,2,0,93,77,586,tracker_needs_cleanup,parsed/sectioned/chunked ESG document has no matching tracker row; ticker missing from companies.csv; blank or invalid tracker status; chunks without verified semantic citation provenance: 93
,BURL,,,,,,BURL-Burlington Stores-2024.pdf,1,0,0,0,,manual_review_before_indexing,0,0,0,0,not_applicable,0,0,0,56,76,8,0,76,67,535,tracker_needs_cleanup,parsed/sectioned/chunked ESG document has no matching tracker row; ticker missing from companies.csv; blank or invalid tracker status; chunks without verified semantic citation provenance: 76
,CAL,,,,,,CAL-CALERES INC-2020.pdf,1,0,0,0,,manual_review_before_indexing,0,0,0,0,not_applicable,0,0,0,41,70,3,0,70,91,593,tracker_needs_cleanup,parsed/sectioned/chunked ESG document has no matching tracker row; ticker missing from companies.csv; blank or invalid tracker status; chunks without verified semantic citation provenance: 70
,CAL,,,,,,CAL-CALERES INC-2021.pdf,1,0,0,0,,manual_review_before_indexing,0,0,0,0,not_applicable,0,0,0,42,67,2,0,67,88,545,tracker_needs_cleanup,parsed/sectioned/chunked ESG document has no matching tracker row; ticker missing from companies.csv; blank or invalid tracker status; chunks without verified semantic citation provenance: 67
,CAL,,,,,,CAL-CALERES INC-2022.pdf,1,0,0,0,,manual_review_before_indexing,0,0,0,0,not_applicable,0,0,0,14,28,1,0,28,77,501,tracker_needs_cleanup,parsed/sectioned/chunked ESG document has no matching tracker row; ticker missing from companies.csv; blank or invalid tracker status; chunks without verified semantic citation provenance: 28
,CAL,,,,,,CAL-CALERES INC-2023.pdf,1,0,0,0,,manual_review_before_indexing,0,0,0,0,not_applicable,0,0,0,43,68,0,0,68,102,598,tracker_needs_cleanup,parsed/sectioned/chunked ESG document has no matching tracker row; ticker missing from companies.csv; blank or invalid tracker status; chunks without verified semantic citation provenance: 68
,CAL,,,,,,CAL-CALERES INC-2024.pdf,1,0,0,0,,manual_review_before_indexing,0,0,0,0,not_applicable,0,0,0,7,12,0,0,12,212,559,tracker_needs_cleanup,parsed/sectioned/chunked ESG document has no matching tracker row; ticker missing from companies.csv; blank or invalid tracker status; chunks without verified semantic citation provenance: 12
,CASY,,,,,,CASY-CASEYS GENERAL STORES INC-2020.pdf,1,0,0,0,,manual_review_before_indexing,0,0,0,0,not_applicable,0,0,0,23,44,0,0,44,134,598,tracker_needs_cleanup,parsed/sectioned/chunked ESG document has no matching tracker row; ticker missing from companies.csv; blank or invalid tracker status; chunks without verified semantic citation provenance: 44
,CASY,,,,,,CASY-CASEYS GENERAL STORES INC-2021.pdf,1,0,0,0,,manual_review_before_indexing,0,0,0,0,not_applicable,0,0,0,57,83,3,0,83,78,587,tracker_needs_cleanup,parsed/sectioned/chunked ESG document has no matching tracker row; ticker missing from companies.csv; blank or invalid tracker status; chunks without verified semantic citation provenance: 83
,CASY,,,,,,CASY-CASEYS GENERAL STORES INC-2022.pdf,1,1,0,0,ok,index_as_esg,1,0,0,0,auto_hold,57,11,26,50,76,2,76,0,63,583,tracker_needs_cleanup,parsed/sectioned/chunked ESG document has no matching tracker row; ticker missing from companies.csv; blank or invalid tracker status; layout auto-quarantine: pages=11; affected_chunks=26
,CASY,,,,,,CASY-CASEYS GENERAL STORES INC-2023.pdf,1,0,0,0,,manual_review_before_indexing,0,0,0,0,not_applicable,0,0,0,66,104,4,0,104,64,600,tracker_needs_cleanup,parsed/sectioned/chunked ESG document has no matching tracker row; ticker missing from companies.csv; blank or invalid tracker status; chunks without verified semantic citation provenance: 104
,CASY,,,,,,CASY-CASEYS GENERAL STORES INC-2024.pdf,1,0,0,0,,manual_review_before_indexing,0,0,0,0,not_applicable,0,0,0,57,96,3,0,96,66,597,tracker_needs_cleanup,parsed/sectioned/chunked ESG document has no matching tracker row; ticker missing from companies.csv; blank or invalid tracker status; chunks without verified semantic citation provenance: 96
,COLM,,,,,,COLM-COLUMBIA SPORTSWEAR CO-2015.pdf,1,0,0,0,,manual_review_before_indexing,0,0,0,0,not_applicable,0,0,0,29,42,0,0,42,102,580,tracker_needs_cleanup,parsed/sectioned/chunked ESG document has no matching tracker row; ticker missing from companies.csv; blank or invalid tracker status; chunks without verified semantic citation provenance: 42
,COLM,,,,,,COLM-COLUMBIA SPORTSWEAR CO-2017.pdf,1,0,0,0,,manual_review_before_indexing,0,0,0,0,not_applicable,0,0,0,7,8,1,0,8,89,581,tracker_needs_cleanup,parsed/sectioned/chunked ESG document has no matching tracker row; ticker missing from companies.csv; blank or invalid tracker status; chunks without verified semantic citation provenance: 8
,COLM,,,,,,COLM-COLUMBIA SPORTSWEAR CO-2018.pdf,1,0,0,0,,manual_review_before_indexing,0,0,0,0,not_applicable,0,0,0,55,76,7,0,76,70,584,tracker_needs_cleanup,parsed/sectioned/chunked ESG document has no matching tracker row; ticker missing from companies.csv; blank or invalid tracker status; chunks without verified semantic citation provenance: 76
,COLM,,,,,,COLM-COLUMBIA SPORTSWEAR CO-2019.pdf,1,0,0,0,,manual_review_before_indexing,0,0,0,0,not_applicable,0,0,0,44,66,2,0,66,75,588,tracker_needs_cleanup,parsed/sectioned/chunked ESG document has no matching tracker row; ticker missing from companies.csv; blank or invalid tracker status; chunks without verified semantic citation provenance: 66
,COLM,,,,,,COLM-COLUMBIA SPORTSWEAR CO-2020.pdf,1,0,0,0,,manual_review_before_indexing,0,0,0,0,not_applicable,0,0,0,43,57,1,0,57,93,582,tracker_needs_cleanup,parsed/sectioned/chunked ESG document has no matching tracker row; ticker missing from companies.csv; blank or invalid tracker status; chunks without verified semantic citation provenance: 57
,COLM,,,,,,COLM-COLUMBIA SPORTSWEAR CO-2021.pdf,1,0,0,0,,manual_review_before_indexing,0,0,0,0,not_applicable,0,0,0,36,69,1,0,69,83,593,tracker_needs_cleanup,parsed/sectioned/chunked ESG document has no matching tracker row; ticker missing from companies.csv; blank or invalid tracker status; chunks without verified semantic citation provenance: 69
,COLM,,,,,,COLM-COLUMBIA SPORTSWEAR CO-2022.pdf,1,0,0,0,,manual_review_before_indexing,0,0,0,0,not_applicable,0,0,0,51,72,2,0,72,63,564,tracker_needs_cleanup,parsed/sectioned/chunked ESG document has no matching tracker row; ticker missing from companies.csv; blank or invalid tracker status; chunks without verified semantic citation provenance: 72
,COLM,,,,,,COLM-COLUMBIA SPORTSWEAR CO-2023.pdf,1,1,0,0,ok,index_as_esg,1,0,0,0,auto_hold,54,3,6,32,54,4,54,0,68,590,tracker_needs_cleanup,parsed/sectioned/chunked ESG document has no matching tracker row; ticker missing from companies.csv; blank or invalid tracker status; layout auto-quarantine: pages=3; affected_chunks=6
,COLM,,,,,,COLM-COLUMBIA SPORTSWEAR CO-2024.pdf,1,0,0,0,,manual_review_before_indexing,0,0,0,0,not_applicable,0,0,0,31,50,0,0,50,103,555,tracker_needs_cleanup,parsed/sectioned/chunked ESG document has no matching tracker row; ticker missing from companies.csv; blank or invalid tracker status; chunks without verified semantic citation provenance: 50
,COST,,,,,,COST-COSTCO WHOLESALE CORP-2018.pdf,1,0,0,0,,manual_review_before_indexing,0,0,0,0,not_applicable,0,0,0,29,59,0,0,59,127,563,tracker_needs_cleanup,parsed/sectioned/chunked ESG document has no matching tracker row; ticker missing from companies.csv; blank or invalid tracker status; chunks without verified semantic citation provenance: 59
,COST,,,,,,COST-COSTCO WHOLESALE CORP-2019.pdf,1,0,0,0,,manual_review_before_indexing,0,0,0,0,not_applicable,0,0,0,30,82,3,0,82,68,584,tracker_needs_cleanup,parsed/sectioned/chunked ESG document has no matching tracker row; ticker missing from companies.csv; blank or invalid tracker status; chunks without verified semantic citation provenance: 82
,COST,,,,,,COST-COSTCO WHOLESALE CORP-2020-2021.pdf,1,0,0,0,,manual_review_before_indexing,0,0,0,0,not_applicable,0,0,0,62,149,2,0,149,72,598,tracker_needs_cleanup,parsed/sectioned/chunked ESG document has no matching tracker row; ticker missing from companies.csv; blank or invalid tracker status; chunks without verified semantic citation provenance: 149
,COST,,,,,,COST-COSTCO WHOLESALE CORP-2020.pdf,1,0,0,0,,manual_review_before_indexing,0,0,0,0,not_applicable,0,0,0,3,310,0,0,310,157,542,tracker_needs_cleanup,parsed/sectioned/chunked ESG document has no matching tracker row; ticker missing from companies.csv; blank or invalid tracker status; chunks without verified semantic citation provenance: 310
,COST,,,,,,COST-COSTCO WHOLESALE CORP-2021-2022.pdf,1,0,0,0,,manual_review_before_indexing,0,0,0,0,not_applicable,0,0,0,70,166,5,0,166,65,597,tracker_needs_cleanup,parsed/sectioned/chunked ESG document has no matching tracker row; ticker missing from companies.csv; blank or invalid tracker status; chunks without verified semantic citation provenance: 166
,COST,,,,,,COST-COSTCO WHOLESALE CORP-2022-2023.pdf,1,0,0,0,,manual_review_before_indexing,0,0,0,0,not_applicable,0,0,0,56,148,4,0,148,83,588,tracker_needs_cleanup,parsed/sectioned/chunked ESG document has no matching tracker row; ticker missing from companies.csv; blank or invalid tracker status; chunks without verified semantic citation provenance: 148
,COST,,,,,,COST-COSTCO WHOLESALE CORP-2023-2024.pdf,1,0,0,0,,manual_review_before_indexing,0,0,0,0,not_applicable,0,0,0,70,167,1,0,167,80,572,tracker_needs_cleanup,parsed/sectioned/chunked ESG document has no matching tracker row; ticker missing from companies.csv; blank or invalid tracker status; chunks without verified semantic citation provenance: 167
,COST,,,,,,COST-COSTCO WHOLESALE CORP-2024-2025.pdf,1,0,0,0,,manual_review_before_indexing,0,0,0,0,not_applicable,0,0,0,103,169,8,0,169,58,593,tracker_needs_cleanup,parsed/sectioned/chunked ESG document has no matching tracker row; ticker missing from companies.csv; blank or invalid tracker status; chunks without verified semantic citation provenance: 169
,CPNG,,,,,,CPNG-Coupang-2022.pdf,1,1,0,0,ok,index_as_esg,0,0,0,0,auto_pass,17,0,0,15,19,1,19,0,62,501,tracker_needs_cleanup,parsed/sectioned/chunked ESG document has no matching tracker row; ticker missing from companies.csv; blank or invalid tracker status
,CPNG,,,,,,CPNG-Coupang-2023.pdf,1,0,0,0,,manual_review_before_indexing,0,0,0,0,not_applicable,0,0,0,17,21,2,0,21,69,592,tracker_needs_cleanup,parsed/sectioned/chunked ESG document has no matching tracker row; ticker missing from companies.csv; blank or invalid tracker status; chunks without verified semantic citation provenance: 21
,CPNG,,,,,,CPNG-Coupang-2024.pdf,1,0,0,0,,manual_review_before_indexing,0,0,0,0,not_applicable,0,0,0,32,38,2,0,38,86,579,tracker_needs_cleanup,parsed/sectioned/chunked ESG document has no matching tracker row; ticker missing from companies.csv; blank or invalid tracker status; chunks without verified semantic citation provenance: 38
,CRI,,,,,,CRI-CARTER'S INC-2021.pdf,1,0,0,0,,manual_review_before_indexing,0,0,0,0,not_applicable,0,0,0,50,86,4,0,86,75,540,tracker_needs_cleanup,parsed/sectioned/chunked ESG document has no matching tracker row; ticker missing from companies.csv; blank or invalid tracker status; chunks without verified semantic citation provenance: 86
,CRI,,,,,,CRI-CARTER'S INC-2022.pdf,1,0,0,0,,manual_review_before_indexing,0,0,0,0,not_applicable,0,0,0,69,113,7,0,113,69,590,tracker_needs_cleanup,parsed/sectioned/chunked ESG document has no matching tracker row; ticker missing from companies.csv; blank or invalid tracker status; chunks without verified semantic citation provenance: 113
,CRI,,,,,,CRI-CARTER'S INC-2023.pdf,1,0,0,0,,manual_review_before_indexing,0,0,0,0,not_applicable,0,0,0,64,95,3,0,95,67,600,tracker_needs_cleanup,parsed/sectioned/chunked ESG document has no matching tracker row; ticker missing from companies.csv; blank or invalid tracker status; chunks without verified semantic citation provenance: 95
,CRI,,,,,,CRI-CARTER'S INC-2024.pdf,1,0,0,0,,manual_review_before_indexing,0,0,0,0,not_applicable,0,0,0,59,101,0,0,101,105,580,tracker_needs_cleanup,parsed/sectioned/chunked ESG document has no matching tracker row; ticker missing from companies.csv; blank or invalid tracker status; chunks without verified semantic citation provenance: 101
,CRI,,,,,,CRI-CARTER2S INC-2025.pdf,1,0,0,0,,manual_review_before_indexing,0,0,0,0,not_applicable,0,0,0,43,94,3,0,94,93,554,tracker_needs_cleanup,parsed/sectioned/chunked ESG document has no matching tracker row; ticker missing from companies.csv; blank or invalid tracker status; chunks without verified semantic citation provenance: 94
,CRI,,,,,,CRI-CARTER_S INC-2020.pdf,1,0,0,0,,manual_review_before_indexing,0,0,0,0,not_applicable,0,0,0,37,62,3,0,62,59,577,tracker_needs_cleanup,parsed/sectioned/chunked ESG document has no matching tracker row; ticker missing from companies.csv; blank or invalid tracker status; chunks without verified semantic citation provenance: 62
,CRMT,,,,,,CRMT-AMERICA'S CAR-MART INC-2021.pdf,1,0,0,0,,manual_review_before_indexing,0,0,0,0,not_applicable,0,0,0,23,45,2,0,45,70,500,tracker_needs_cleanup,parsed/sectioned/chunked ESG document has no matching tracker row; ticker missing from companies.csv; blank or invalid tracker status; chunks without verified semantic citation provenance: 45
,CRMT,,,,,,CRMT-AMERICA'S CAR-MART INC-2022.pdf,1,0,0,0,,manual_review_before_indexing,0,0,0,0,not_applicable,0,0,0,21,43,0,0,43,105,569,tracker_needs_cleanup,parsed/sectioned/chunked ESG document has no matching tracker row; ticker missing from companies.csv; blank or invalid tracker status; chunks without verified semantic citation provenance: 43
,CRMT,,,,,,CRMT-AMERICA'S CAR-MART INC-2023.pdf,1,0,0,0,,manual_review_before_indexing,0,0,0,0,not_applicable,0,0,0,24,46,1,0,46,90,587,tracker_needs_cleanup,parsed/sectioned/chunked ESG document has no matching tracker row; ticker missing from companies.csv; blank or invalid tracker status; chunks without verified semantic citation provenance: 46
,CRMT,,,,,,CRMT-AMERICA'S CAR-MART INC-2024.pdf,1,0,0,0,,manual_review_before_indexing,0,0,0,0,not_applicable,0,0,0,25,46,1,0,46,90,590,tracker_needs_cleanup,parsed/sectioned/chunked ESG document has no matching tracker row; ticker missing from companies.csv; blank or invalid tracker status; chunks without verified semantic citation provenance: 46
,CROX,,,,,,CROX-CROCS INC-2021.pdf,1,0,0,0,,manual_review_before_indexing,0,0,0,0,not_applicable,0,0,0,51,84,2,0,84,67,599,tracker_needs_cleanup,parsed/sectioned/chunked ESG document has no matching tracker row; ticker missing from companies.csv; blank or invalid tracker status; chunks without verified semantic citation provenance: 84
,CROX,,,,,,CROX-CROCS INC-2022.pdf,1,0,0,0,,manual_review_before_indexing,0,0,0,0,not_applicable,0,0,0,35,89,1,0,89,83,552,tracker_needs_cleanup,parsed/sectioned/chunked ESG document has no matching tracker row; ticker missing from companies.csv; blank or invalid tracker status; chunks without verified semantic citation provenance: 89
,CROX,,,,,,CROX-CROCS INC-2023.pdf,1,0,0,0,,manual_review_before_indexing,0,0,0,0,not_applicable,0,0,0,45,125,1,0,125,80,584,tracker_needs_cleanup,parsed/sectioned/chunked ESG document has no matching tracker row; ticker missing from companies.csv; blank or invalid tracker status; chunks without verified semantic citation provenance: 125
,CROX,,,,,,CROX-CROCS INC-2024.pdf,1,0,0,0,,manual_review_before_indexing,0,0,0,0,not_applicable,0,0,0,43,118,1,0,118,96,592,tracker_needs_cleanup,parsed/sectioned/chunked ESG document has no matching tracker row; ticker missing from companies.csv; blank or invalid tracker status; chunks without verified semantic citation provenance: 118
,CROX,,,,,,CROX-CROCS INC-2025.pdf,1,0,0,0,,manual_review_before_indexing,0,0,0,0,not_applicable,0,0,0,41,80,1,0,80,76,587,tracker_needs_cleanup,parsed/sectioned/chunked ESG document has no matching tracker row; ticker missing from companies.csv; blank or invalid tracker status; chunks without verified semantic citation provenance: 80
,CURV,,,,,,CURV-TORRID HOLDINGS-2021.pdf,1,0,0,0,,manual_review_before_indexing,0,0,0,0,not_applicable,0,0,0,32,42,6,0,42,62,576,tracker_needs_cleanup,parsed/sectioned/chunked ESG document has no matching tracker row; ticker missing from companies.csv; blank or invalid tracker status; chunks without verified semantic citation provenance: 42
,CURV,,,,,,CURV-TORRID HOLDINGS-2022.pdf,1,0,0,0,,manual_review_before_indexing,0,0,0,0,not_applicable,0,0,0,38,49,6,0,49,63,596,tracker_needs_cleanup,parsed/sectioned/chunked ESG document has no matching tracker row; ticker missing from companies.csv; blank or invalid tracker status; chunks without verified semantic citation provenance: 49
,CURV,,,,,,CURV-TORRID HOLDINGS-2023.pdf,1,0,0,0,,manual_review_before_indexing,0,0,0,0,not_applicable,0,0,0,38,51,5,0,51,62,584,tracker_needs_cleanup,parsed/sectioned/chunked ESG document has no matching tracker row; ticker missing from companies.csv; blank or invalid tracker status; chunks without verified semantic citation provenance: 51
,CVS,,,,,,CVS-CVS HEALTH CORP-2015.pdf,1,1,0,0,ok,index_as_esg,1,0,0,0,auto_hold,114,5,13,75,144,5,144,0,67,590,tracker_needs_cleanup,parsed/sectioned/chunked ESG document has no matching tracker row; ticker missing from companies.csv; blank or invalid tracker status; layout auto-quarantine: pages=5; affected_chunks=13
,CVS,,,,,,CVS-CVS HEALTH CORP-2016.pdf,1,0,0,0,,manual_review_before_indexing,0,0,0,0,not_applicable,0,0,0,38,99,0,0,99,150,599,tracker_needs_cleanup,parsed/sectioned/chunked ESG document has no matching tracker row; ticker missing from companies.csv; blank or invalid tracker status; chunks without verified semantic citation provenance: 99
,CVS,,,,,,CVS-CVS HEALTH CORP-2017.pdf,1,1,0,0,ok,index_as_esg,1,0,0,0,auto_hold,124,4,9,63,137,0,137,0,100,594,tracker_needs_cleanup,parsed/sectioned/chunked ESG document has no matching tracker row; ticker missing from companies.csv; blank or invalid tracker status; layout auto-quarantine: pages=4; affected_chunks=9
,CVS,,,,,,CVS-CVS HEALTH CORP-2018.pdf,1,0,0,0,,manual_review_before_indexing,0,0,0,0,not_applicable,0,0,0,55,101,3,0,101,73,588,tracker_needs_cleanup,parsed/sectioned/chunked ESG document has no matching tracker row; ticker missing from companies.csv; blank or invalid tracker status; chunks without verified semantic citation provenance: 101
,CVS,,,,,,CVS-CVS HEALTH CORP-2021.pdf,1,0,0,0,,manual_review_before_indexing,0,0,0,0,not_applicable,0,0,0,29,57,1,0,57,92,590,tracker_needs_cleanup,parsed/sectioned/chunked ESG document has no matching tracker row; ticker missing from companies.csv; blank or invalid tracker status; chunks without verified semantic citation provenance: 57
,CVS,,,,,,CVS-CVS HEALTH CORP-2022.pdf,1,0,0,0,,manual_review_before_indexing,0,0,0,0,not_applicable,0,0,0,23,38,3,0,38,75,576,tracker_needs_cleanup,parsed/sectioned/chunked ESG document has no matching tracker row; ticker missing from companies.csv; blank or invalid tracker status; chunks without verified semantic citation provenance: 38
,CVS,,,,,,CVS-CVS HEALTH CORP-2023.pdf,1,0,0,0,,manual_review_before_indexing,0,0,0,0,not_applicable,0,0,0,23,39,2,0,39,60,570,tracker_needs_cleanup,parsed/sectioned/chunked ESG document has no matching tracker row; ticker missing from companies.csv; blank or invalid tracker status; chunks without verified semantic citation provenance: 39
,CVS,,,,,,CVS-CVS HEALTH CORP-2024.pdf,1,0,0,0,,manual_review_before_indexing,0,0,0,0,not_applicable,0,0,0,55,116,4,0,116,82,580,tracker_needs_cleanup,parsed/sectioned/chunked ESG document has no matching tracker row; ticker missing from companies.csv; blank or invalid tracker status; chunks without verified semantic citation provenance: 116
,CVS,,,,,,CVS-CVS HEALTH CORP-2025.pdf,1,0,0,0,,manual_review_before_indexing,0,0,0,0,not_applicable,0,0,0,62,101,4,0,101,62,576,tracker_needs_cleanup,parsed/sectioned/chunked ESG document has no matching tracker row; ticker missing from companies.csv; blank or invalid tracker status; chunks without verified semantic citation provenance: 101
,DECK,,,,,,DECK-DECKERS OUTDOOR CORP-2021.pdf,1,0,0,0,,manual_review_before_indexing,0,0,0,0,not_applicable,0,0,0,163,457,2,0,457,77,596,tracker_needs_cleanup,parsed/sectioned/chunked ESG document has no matching tracker row; ticker missing from companies.csv; blank or invalid tracker status; chunks without verified semantic citation provenance: 457
,DECK,,,,,,DECK-DECKERS OUTDOOR CORP-2022.pdf,1,0,0,0,,manual_review_before_indexing,0,0,0,0,not_applicable,0,0,0,88,260,4,0,260,81,598,tracker_needs_cleanup,parsed/sectioned/chunked ESG document has no matching tracker row; ticker missing from companies.csv; blank or invalid tracker status; chunks without verified semantic citation provenance: 260
,DECK,,,,,,DECK-DECKERS OUTDOOR CORP-2023.pdf,1,0,0,0,,manual_review_before_indexing,0,0,0,0,not_applicable,0,0,0,129,322,9,0,322,67,596,tracker_needs_cleanup,parsed/sectioned/chunked ESG document has no matching tracker row; ticker missing from companies.csv; blank or invalid tracker status; chunks without verified semantic citation provenance: 322
,DECK,,,,,,DECK-DECKERS OUTDOOR CORP-2024.pdf,1,0,0,0,,manual_review_before_indexing,0,0,0,0,not_applicable,0,0,0,134,358,4,0,358,78,598,tracker_needs_cleanup,parsed/sectioned/chunked ESG document has no matching tracker row; ticker missing from companies.csv; blank or invalid tracker status; chunks without verified semantic citation provenance: 358
,DECK,,,,,,DECK-DECKERS OUTDOOR CORP-2025.pdf,1,0,0,0,,manual_review_before_indexing,0,0,0,0,not_applicable,0,0,0,152,359,5,0,359,69,596,tracker_needs_cleanup,parsed/sectioned/chunked ESG document has no matching tracker row; ticker missing from companies.csv; blank or invalid tracker status; chunks without verified semantic citation provenance: 359
,DECK,,,,,,DECK-IDECKERS OUTDOOR CORP-2016.pdf,1,0,0,0,,manual_review_before_indexing,0,0,0,0,not_applicable,0,0,0,38,61,2,0,61,70,586,tracker_needs_cleanup,parsed/sectioned/chunked ESG document has no matching tracker row; ticker missing from companies.csv; blank or invalid tracker status; chunks without verified semantic citation provenance: 61
,DECK,,,,,,DECK-IDECKERS OUTDOOR CORP-2017.pdf,1,1,0,0,ok,index_as_esg,1,0,0,0,auto_hold,28,2,4,30,42,3,42,0,90,513,tracker_needs_cleanup,parsed/sectioned/chunked ESG document has no matching tracker row; ticker missing from companies.csv; blank or invalid tracker status; layout auto-quarantine: pages=2; affected_chunks=4
,DECK,,,,,,DECK-IDECKERS OUTDOOR CORP-2018.pdf,1,0,0,0,,manual_review_before_indexing,0,0,0,0,not_applicable,0,0,0,23,47,0,0,47,102,554,tracker_needs_cleanup,parsed/sectioned/chunked ESG document has no matching tracker row; ticker missing from companies.csv; blank or invalid tracker status; chunks without verified semantic citation provenance: 47
,DECK,,,,,,DECK-IDECKERS OUTDOOR CORP-2019.pdf,1,0,0,0,,manual_review_before_indexing,0,0,0,0,not_applicable,0,0,0,37,65,4,0,65,77,599,tracker_needs_cleanup,parsed/sectioned/chunked ESG document has no matching tracker row; ticker missing from companies.csv; blank or invalid tracker status; chunks without verified semantic citation provenance: 65
,DECK,,,,,,DECK-IDECKERS OUTDOOR CORP-2020.pdf,1,0,0,0,,manual_review_before_indexing,0,0,0,0,not_applicable,0,0,0,90,201,3,0,201,81,595,tracker_needs_cleanup,parsed/sectioned/chunked ESG document has no matching tracker row; ticker missing from companies.csv; blank or invalid tracker status; chunks without verified semantic citation provenance: 201
,DELL,,,,,,DELL-DELL TECHNOLOGIES INC-2015.pdf,1,1,0,0,ok,index_as_esg,1,0,0,0,auto_hold,47,2,5,37,73,3,73,0,74,541,tracker_needs_cleanup,parsed/sectioned/chunked ESG document has no matching tracker row; ticker missing from companies.csv; blank or invalid tracker status; layout auto-quarantine: pages=2; affected_chunks=5
,DELL,,,,,,DELL-DELL TECHNOLOGIES INC-2016.pdf,1,0,0,0,,manual_review_before_indexing,0,0,0,0,not_applicable,0,0,0,109,203,8,0,203,59,592,tracker_needs_cleanup,parsed/sectioned/chunked ESG document has no matching tracker row; ticker missing from companies.csv; blank or invalid tracker status; chunks without verified semantic citation provenance: 203
,DELL,,,,,,DELL-DELL TECHNOLOGIES INC-2017.pdf,1,0,0,0,,manual_review_before_indexing,0,0,0,0,not_applicable,0,0,0,52,86,6,0,86,70,598,tracker_needs_cleanup,parsed/sectioned/chunked ESG document has no matching tracker row; ticker missing from companies.csv; blank or invalid tracker status; chunks without verified semantic citation provenance: 86
,DELL,,,,,,DELL-DELL TECHNOLOGIES INC-2018.pdf,1,0,0,0,,manual_review_before_indexing,0,0,0,0,not_applicable,0,0,0,39,84,1,0,84,92,580,tracker_needs_cleanup,parsed/sectioned/chunked ESG document has no matching tracker row; ticker missing from companies.csv; blank or invalid tracker status; chunks without verified semantic citation provenance: 84
,DELL,,,,,,DELL-DELL TECHNOLOGIES INC-2019.pdf,1,0,0,0,,manual_review_before_indexing,0,0,0,0,not_applicable,0,0,0,39,84,0,0,84,116,563,tracker_needs_cleanup,parsed/sectioned/chunked ESG document has no matching tracker row; ticker missing from companies.csv; blank or invalid tracker status; chunks without verified semantic citation provenance: 84
,DELL,,,,,,DELL-DELL TECHNOLOGIES INC-2020.pdf,1,0,0,0,,manual_review_before_indexing,0,0,0,0,not_applicable,0,0,0,99,163,8,0,163,65,598,tracker_needs_cleanup,parsed/sectioned/chunked ESG document has no matching tracker row; ticker missing from companies.csv; blank or invalid tracker status; chunks without verified semantic citation provenance: 163
,DELL,,,,,,DELL-DELL TECHNOLOGIES INC-2021.pdf,1,0,0,0,,manual_review_before_indexing,0,0,0,0,not_applicable,0,0,0,142,244,9,0,244,70,596,tracker_needs_cleanup,parsed/sectioned/chunked ESG document has no matching tracker row; ticker missing from companies.csv; blank or invalid tracker status; chunks without verified semantic citation provenance: 244
,DELL,,,,,,DELL-DELL TECHNOLOGIES INC-2022.pdf,1,0,0,0,,manual_review_before_indexing,0,0,0,0,not_applicable,0,0,0,123,220,8,0,220,72,579,tracker_needs_cleanup,parsed/sectioned/chunked ESG document has no matching tracker row; ticker missing from companies.csv; blank or invalid tracker status; chunks without verified semantic citation provenance: 220
,DELL,,,,,,DELL-DELL TECHNOLOGIES INC-2023.pdf,1,0,0,0,,manual_review_before_indexing,0,0,0,0,not_applicable,0,0,0,184,249,12,0,249,62,595,tracker_needs_cleanup,parsed/sectioned/chunked ESG document has no matching tracker row; ticker missing from companies.csv; blank or invalid tracker status; chunks without verified semantic citation provenance: 249
,DELL,,,,,,DELL-DELL TECHNOLOGIES INC-2024.pdf,1,0,0,0,,manual_review_before_indexing,0,0,0,0,not_applicable,0,0,0,10,11,0,0,11,132,554,tracker_needs_cleanup,parsed/sectioned/chunked ESG document has no matching tracker row; ticker missing from companies.csv; blank or invalid tracker status; chunks without verified semantic citation provenance: 11
,DG,,,,,,DG-DOLLAR GENERAL CORP-2019.pdf,1,1,0,0,ok,index_as_esg,1,0,0,0,auto_hold,24,1,3,15,30,2,30,0,72,549,tracker_needs_cleanup,parsed/sectioned/chunked ESG document has no matching tracker row; ticker missing from companies.csv; blank or invalid tracker status; layout auto-quarantine: pages=1; affected_chunks=3
,DG,,,,,,DG-DOLLAR GENERAL CORP-2020.pdf,1,0,0,0,,manual_review_before_indexing,0,0,0,0,not_applicable,0,0,0,42,59,1,0,59,85,560,tracker_needs_cleanup,parsed/sectioned/chunked ESG document has no matching tracker row; ticker missing from companies.csv; blank or invalid tracker status; chunks without verified semantic citation provenance: 59
,DG,,,,,,DG-DOLLAR GENERAL CORP-2022.pdf,1,0,0,0,,manual_review_before_indexing,0,0,0,0,not_applicable,0,0,0,39,63,1,0,63,87,588,tracker_needs_cleanup,parsed/sectioned/chunked ESG document has no matching tracker row; ticker missing from companies.csv; blank or invalid tracker status; chunks without verified semantic citation provenance: 63
,DG,,,,,,DG-DOLLAR GENERAL CORP-2023.pdf,1,0,0,0,,manual_review_before_indexing,0,0,0,0,not_applicable,0,0,0,35,57,3,0,57,73,587,tracker_needs_cleanup,parsed/sectioned/chunked ESG document has no matching tracker row; ticker missing from companies.csv; blank or invalid tracker status; chunks without verified semantic citation provenance: 57
,DG,,,,,,DG-DOLLAR GENERAL CORP-2024.pdf,1,1,0,0,ok,index_as_esg,1,0,0,0,auto_hold,47,1,2,34,47,4,47,0,71,578,tracker_needs_cleanup,parsed/sectioned/chunked ESG document has no matching tracker row; ticker missing from companies.csv; blank or invalid tracker status; layout auto-quarantine: pages=1; affected_chunks=2
,DG,,,,,,DG-DOLLAR GENERAL CORP-2025.pdf,1,0,0,0,,manual_review_before_indexing,0,0,0,0,not_applicable,0,0,0,40,52,2,0,52,53,594,tracker_needs_cleanup,parsed/sectioned/chunked ESG document has no matching tracker row; ticker missing from companies.csv; blank or invalid tracker status; chunks without verified semantic citation provenance: 52
,DKS,,,,,,DKS-DICKS SPORTING GOODS INC-2019.pdf,1,0,0,0,,manual_review_before_indexing,0,0,0,0,not_applicable,0,0,0,34,86,0,0,86,168,600,tracker_needs_cleanup,parsed/sectioned/chunked ESG document has no matching tracker row; ticker missing from companies.csv; blank or invalid tracker status; chunks without verified semantic citation provenance: 86
,DKS,,,,,,DKS-DICKS SPORTING GOODS INC-2020.pdf,1,0,0,0,,manual_review_before_indexing,0,0,0,0,not_applicable,0,0,0,40,84,1,0,84,77,597,tracker_needs_cleanup,parsed/sectioned/chunked ESG document has no matching tracker row; ticker missing from companies.csv; blank or invalid tracker status; chunks without verified semantic citation provenance: 84
,DKS,,,,,,DKS-DICKS SPORTING GOODS INC-2021.pdf,1,0,0,0,,manual_review_before_indexing,0,0,0,0,not_applicable,0,0,0,40,108,1,0,108,96,599,tracker_needs_cleanup,parsed/sectioned/chunked ESG document has no matching tracker row; ticker missing from companies.csv; blank or invalid tracker status; chunks without verified semantic citation provenance: 108
,DKS,,,,,,DKS-DICKS SPORTING GOODS INC-2022.pdf,1,0,0,0,,manual_review_before_indexing,0,0,0,0,not_applicable,0,0,0,40,86,0,0,86,111,549,tracker_needs_cleanup,parsed/sectioned/chunked ESG document has no matching tracker row; ticker missing from companies.csv; blank or invalid tracker status; chunks without verified semantic citation provenance: 86
,DLTR,,,,,,DLTR-DOLLAR TREE INC-2016.pdf,1,1,0,0,ok,index_as_esg,0,0,0,0,auto_pass,14,0,0,12,16,0,16,0,128,500,tracker_needs_cleanup,parsed/sectioned/chunked ESG document has no matching tracker row; ticker missing from companies.csv; blank or invalid tracker status
,DLTR,,,,,,DLTR-DOLLAR TREE INC-2018.pdf,1,0,0,0,,manual_review_before_indexing,0,0,0,0,not_applicable,0,0,0,9,11,0,0,11,238,583,tracker_needs_cleanup,parsed/sectioned/chunked ESG document has no matching tracker row; ticker missing from companies.csv; blank or invalid tracker status; chunks without verified semantic citation provenance: 11
,DLTR,,,,,,DLTR-DOLLAR TREE INC-2020.pdf,1,0,0,0,,manual_review_before_indexing,0,0,0,0,not_applicable,0,0,0,55,86,1,0,86,80,558,tracker_needs_cleanup,parsed/sectioned/chunked ESG document has no matching tracker row; ticker missing from companies.csv; blank or invalid tracker status; chunks without verified semantic citation provenance: 86
,DLTR,,,,,,DLTR-DOLLAR TREE INC-2021.pdf,1,1,0,0,ok,index_as_esg,1,0,0,0,auto_hold,57,3,6,37,74,3,74,0,74,581,tracker_needs_cleanup,parsed/sectioned/chunked ESG document has no matching tracker row; ticker missing from companies.csv; blank or invalid tracker status; layout auto-quarantine: pages=3; affected_chunks=6
,DLTR,,,,,,DLTR-DOLLAR TREE INC-2022.pdf,1,0,0,0,,manual_review_before_indexing,0,0,0,0,not_applicable,0,0,0,44,58,4,0,58,79,548,tracker_needs_cleanup,parsed/sectioned/chunked ESG document has no matching tracker row; ticker missing from companies.csv; blank or invalid tracker status; chunks without verified semantic citation provenance: 58
,DLTR,,,,,,DLTR-DOLLAR TREE INC-2023.pdf,1,0,0,0,,manual_review_before_indexing,0,0,0,0,not_applicable,0,0,0,59,80,4,0,80,58,592,tracker_needs_cleanup,parsed/sectioned/chunked ESG document has no matching tracker row; ticker missing from companies.csv; blank or invalid tracker status; chunks without verified semantic citation provenance: 80
,DLTR,,,,,,DLTR-DOLLAR TREE INC-2024.pdf,1,1,0,0,ok,index_as_esg,1,0,0,0,auto_hold,70,6,14,89,109,9,109,0,64,570,tracker_needs_cleanup,parsed/sectioned/chunked ESG document has no matching tracker row; ticker missing from companies.csv; blank or invalid tracker status; layout auto-quarantine: pages=6; affected_chunks=14
,DXLG,,,,,,DXLG-DESTINATION XL GROUP INC-2022.pdf,1,0,0,0,,manual_review_before_indexing,0,0,0,0,not_applicable,0,0,0,25,49,3,0,49,59,572,tracker_needs_cleanup,parsed/sectioned/chunked ESG document has no matching tracker row; ticker missing from companies.csv; blank or invalid tracker status; chunks without verified semantic citation provenance: 49
,DXLG,,,,,,DXLG-Destination XL Group-2024.pdf,1,0,0,0,,manual_review_before_indexing,0,0,0,0,not_applicable,0,0,0,19,31,0,0,31,171,565,tracker_needs_cleanup,parsed/sectioned/chunked ESG document has no matching tracker row; ticker missing from companies.csv; blank or invalid tracker status; chunks without verified semantic citation provenance: 31
,EBAY,,,,,,EBAY-EBAY INC-2016.pdf,1,0,0,0,,manual_review_before_indexing,0,0,0,0,not_applicable,0,0,0,12,17,1,0,17,83,585,tracker_needs_cleanup,parsed/sectioned/chunked ESG document has no matching tracker row; ticker missing from companies.csv; blank or invalid tracker status; chunks without verified semantic citation provenance: 17
,EBAY,,,,,,EBAY-EBAY INC-2017.pdf,1,0,0,0,,manual_review_before_indexing,0,0,0,0,not_applicable,0,0,0,14,21,0,0,21,112,570,tracker_needs_cleanup,parsed/sectioned/chunked ESG document has no matching tracker row; ticker missing from companies.csv; blank or invalid tracker status; chunks without verified semantic citation provenance: 21
,EBAY,,,,,,EBAY-EBAY INC-2018.pdf,1,0,0,0,,manual_review_before_indexing,0,0,0,0,not_applicable,0,0,0,22,31,0,0,31,133,565,tracker_needs_cleanup,parsed/sectioned/chunked ESG document has no matching tracker row; ticker missing from companies.csv; blank or invalid tracker status; chunks without verified semantic citation provenance: 31
,EBAY,,,,,,EBAY-EBAY INC-2019.pdf,1,0,0,0,,manual_review_before_indexing,0,0,0,0,not_applicable,0,0,0,38,54,3,0,54,90,599,tracker_needs_cleanup,parsed/sectioned/chunked ESG document has no matching tracker row; ticker missing from companies.csv; blank or invalid tracker status; chunks without verified semantic citation provenance: 54
,EBAY,,,,,,EBAY-EBAY INC-2020.pdf,1,0,0,0,,manual_review_before_indexing,0,0,0,0,not_applicable,0,0,0,46,69,4,0,69,74,587,tracker_needs_cleanup,parsed/sectioned/chunked ESG document has no matching tracker row; ticker missing from companies.csv; blank or invalid tracker status; chunks without verified semantic citation provenance: 69
,EBAY,,,,,,EBAY-eBay-2021-Report.pdf,1,0,0,0,,manual_review_before_indexing,0,0,0,0,not_applicable,0,0,0,26,43,2,0,43,86,552,tracker_needs_cleanup,parsed/sectioned/chunked ESG document has no matching tracker row; ticker missing from companies.csv; blank or invalid tracker status; chunks without verified semantic citation provenance: 43
,EBAY,,,,,,EBAY-eBay-2022-Report.pdf,1,0,0,0,,manual_review_before_indexing,0,0,0,0,not_applicable,0,0,0,12,12,1,0,12,84,596,tracker_needs_cleanup,parsed/sectioned/chunked ESG document has no matching tracker row; ticker missing from companies.csv; blank or invalid tracker status; chunks without verified semantic citation provenance: 12
,EBAY,,,,,,EBAY-eBay-2023-Report.pdf,1,0,0,0,,manual_review_before_indexing,0,0,0,0,not_applicable,0,0,0,29,52,2,0,52,90,542,tracker_needs_cleanup,parsed/sectioned/chunked ESG document has no matching tracker row; ticker missing from companies.csv; blank or invalid tracker status; chunks without verified semantic citation provenance: 52
,EBAY,,,,,,EBAY-eBay-2024-Report.pdf,1,0,0,0,,manual_review_before_indexing,0,0,0,0,not_applicable,0,0,0,25,59,5,0,59,68,556,tracker_needs_cleanup,parsed/sectioned/chunked ESG document has no matching tracker row; ticker missing from companies.csv; blank or invalid tracker status; chunks without verified semantic citation provenance: 59
,EBAY,,,,,,EBAY-eBay-2025-Report.pdf,1,0,0,0,,manual_review_before_indexing,0,0,0,0,not_applicable,0,0,0,40,69,3,0,69,65,536,tracker_needs_cleanup,parsed/sectioned/chunked ESG document has no matching tracker row; ticker missing from companies.csv; blank or invalid tracker status; chunks without verified semantic citation provenance: 69
,ETSY,,,,,,ETSY-ETSY INC-2016.pdf,1,0,0,0,,manual_review_before_indexing,0,0,0,0,not_applicable,0,0,0,18,25,0,0,25,148,501,tracker_needs_cleanup,parsed/sectioned/chunked ESG document has no matching tracker row; ticker missing from companies.csv; blank or invalid tracker status; chunks without verified semantic citation provenance: 25
,ETSY,,,,,,ETSY-ETSY INC-2017.pdf,1,0,0,0,,manual_review_before_indexing,0,0,0,0,not_applicable,0,0,0,15,38,0,0,38,128,593,tracker_needs_cleanup,parsed/sectioned/chunked ESG document has no matching tracker row; ticker missing from companies.csv; blank or invalid tracker status; chunks without verified semantic citation provenance: 38
,ETSY,,,,,,ETSY-ETSY INC-2018.pdf,1,0,0,0,,manual_review_before_indexing,0,0,0,0,not_applicable,0,0,0,26,282,2,0,282,76,600,tracker_needs_cleanup,parsed/sectioned/chunked ESG document has no matching tracker row; ticker missing from companies.csv; blank or invalid tracker status; chunks without verified semantic citation provenance: 282
,ETSY,,,,,,ETSY-ETSY INC-2019.pdf,1,0,0,0,,manual_review_before_indexing,0,0,0,0,not_applicable,0,0,0,19,278,2,0,278,76,524,tracker_needs_cleanup,parsed/sectioned/chunked ESG document has no matching tracker row; ticker missing from companies.csv; blank or invalid tracker status; chunks without verified semantic citation provenance: 278
,ETSY,,,,,,ETSY-ETSY INC-2020.pdf,1,0,0,0,,manual_review_before_indexing,0,0,0,0,not_applicable,0,0,0,4,708,0,0,708,289,500,tracker_needs_cleanup,parsed/sectioned/chunked ESG document has no matching tracker row; ticker missing from companies.csv; blank or invalid tracker status; chunks without verified semantic citation provenance: 708
,ETSY,,,,,,ETSY-Etsy-2021.pdf,1,0,0,0,,manual_review_before_indexing,0,0,0,0,not_applicable,0,0,0,16,33,2,0,33,78,584,tracker_needs_cleanup,parsed/sectioned/chunked ESG document has no matching tracker row; ticker missing from companies.csv; blank or invalid tracker status; chunks without verified semantic citation provenance: 33
,ETSY,,,,,,ETSY-Etsy-2022.pdf,1,0,0,0,,manual_review_before_indexing,0,0,0,0,not_applicable,0,0,0,29,50,2,0,50,72,556,tracker_needs_cleanup,parsed/sectioned/chunked ESG document has no matching tracker row; ticker missing from companies.csv; blank or invalid tracker status; chunks without verified semantic citation provenance: 50
,ETSY,,,,,,ETSY-Etsy-2023.pdf,1,0,0,0,,manual_review_before_indexing,0,0,0,0,not_applicable,0,0,0,33,51,1,0,51,74,599,tracker_needs_cleanup,parsed/sectioned/chunked ESG document has no matching tracker row; ticker missing from companies.csv; blank or invalid tracker status; chunks without verified semantic citation provenance: 51
,ETSY,,,,,,ETSY-Etsy-2024.pdf,1,0,0,0,,manual_review_before_indexing,0,0,0,0,not_applicable,0,0,0,35,47,1,0,47,73,562,tracker_needs_cleanup,parsed/sectioned/chunked ESG document has no matching tracker row; ticker missing from companies.csv; blank or invalid tracker status; chunks without verified semantic citation provenance: 47
,EYE,,,,,,EYE-NATIONAL VISION HOLDINGS INC-2019.pdf,1,0,0,0,,manual_review_before_indexing,0,0,0,0,not_applicable,0,0,0,5,12,0,0,12,179,585,tracker_needs_cleanup,parsed/sectioned/chunked ESG document has no matching tracker row; ticker missing from companies.csv; blank or invalid tracker status; chunks without verified semantic citation provenance: 12
,EYE,,,,,,EYE-NATIONAL VISION HOLDINGS INC-2020.pdf,1,0,0,0,,manual_review_before_indexing,0,0,0,0,not_applicable,0,0,0,69,84,1,0,84,74,581,tracker_needs_cleanup,parsed/sectioned/chunked ESG document has no matching tracker row; ticker missing from companies.csv; blank or invalid tracker status; chunks without verified semantic citation provenance: 84
,EYE,,,,,,EYE-NATIONAL VISION HOLDINGS INC-2021.pdf,1,0,0,0,,manual_review_before_indexing,0,0,0,0,not_applicable,0,0,0,55,107,3,0,107,95,591,tracker_needs_cleanup,parsed/sectioned/chunked ESG document has no matching tracker row; ticker missing from companies.csv; blank or invalid tracker status; chunks without verified semantic citation provenance: 107
,EYE,,,,,,EYE-NATIONAL VISION HOLDINGS INC-2022.pdf,1,0,0,0,,manual_review_before_indexing,0,0,0,0,not_applicable,0,0,0,91,125,4,0,125,70,570,tracker_needs_cleanup,parsed/sectioned/chunked ESG document has no matching tracker row; ticker missing from companies.csv; blank or invalid tracker status; chunks without verified semantic citation provenance: 125
,EYE,,,,,,EYE-NATIONAL VISION HOLDINGS INC-2023.pdf,1,0,0,0,,manual_review_before_indexing,0,0,0,0,not_applicable,0,0,0,52,108,4,0,108,73,543,tracker_needs_cleanup,parsed/sectioned/chunked ESG document has no matching tracker row; ticker missing from companies.csv; blank or invalid tracker status; chunks without verified semantic citation provenance: 108
,EYE,,,,,,EYE-NATIONAL VISION HOLDINGS INC-2024.pdf,1,0,0,0,,manual_review_before_indexing,0,0,0,0,not_applicable,0,0,0,40,80,3,0,80,77,598,tracker_needs_cleanup,parsed/sectioned/chunked ESG document has no matching tracker row; ticker missing from companies.csv; blank or invalid tracker status; chunks without verified semantic citation provenance: 80
,FIGS,,,,,,FIGS-FIGS INC-2021.pdf,1,0,0,0,,manual_review_before_indexing,0,0,0,0,not_applicable,0,0,0,10,21,1,0,21,65,511,tracker_needs_cleanup,parsed/sectioned/chunked ESG document has no matching tracker row; ticker missing from companies.csv; blank or invalid tracker status; chunks without verified semantic citation provenance: 21
,FIGS,,,,,,FIGS-FIGS INC-2022.pdf,1,0,0,0,,manual_review_before_indexing,0,0,0,0,not_applicable,0,0,0,9,33,0,0,33,215,573,tracker_needs_cleanup,parsed/sectioned/chunked ESG document has no matching tracker row; ticker missing from companies.csv; blank or invalid tracker status; chunks without verified semantic citation provenance: 33
,FIGS,,,,,,FIGS-FIGS INC-2023.pdf,1,0,0,0,,manual_review_before_indexing,0,0,0,0,not_applicable,0,0,0,21,36,0,0,36,120,599,tracker_needs_cleanup,parsed/sectioned/chunked ESG document has no matching tracker row; ticker missing from companies.csv; blank or invalid tracker status; chunks without verified semantic citation provenance: 36
,FIGS,,,,,,FIGS-FIGS INC-2024.pdf,1,0,0,0,,manual_review_before_indexing,0,0,0,0,not_applicable,0,0,0,14,28,0,0,28,161,508,tracker_needs_cleanup,parsed/sectioned/chunked ESG document has no matching tracker row; ticker missing from companies.csv; blank or invalid tracker status; chunks without verified semantic citation provenance: 28
,FIGS,,,,,,FIGS-FIGS INC-2025.pdf,1,0,0,0,,manual_review_before_indexing,0,0,0,0,not_applicable,0,0,0,11,26,0,0,26,131,524,tracker_needs_cleanup,parsed/sectioned/chunked ESG document has no matching tracker row; ticker missing from companies.csv; blank or invalid tracker status; chunks without verified semantic citation provenance: 26
,FIVE,,,,,,FIVE-FIVE BELOW INC-2020.pdf,1,1,0,0,ok,index_as_esg,1,0,0,0,auto_pass,9,0,0,7,9,2,9,0,66,504,tracker_needs_cleanup,parsed/sectioned/chunked ESG document has no matching tracker row; ticker missing from companies.csv; blank or invalid tracker status
,FIVE,,,,,,FIVE-FIVE BELOW INC-2021.pdf,1,0,0,0,,manual_review_before_indexing,0,0,0,0,not_applicable,0,0,0,6,7,1,0,7,92,511,tracker_needs_cleanup,parsed/sectioned/chunked ESG document has no matching tracker row; ticker missing from companies.csv; blank or invalid tracker status; chunks without verified semantic citation provenance: 7
,FIVE,,,,,,FIVE-FIVE BELOW INC-2022.pdf,1,0,0,0,,manual_review_before_indexing,0,0,0,0,not_applicable,0,0,0,5,7,0,0,7,244,574,tracker_needs_cleanup,parsed/sectioned/chunked ESG document has no matching tracker row; ticker missing from companies.csv; blank or invalid tracker status; chunks without verified semantic citation provenance: 7
,FIVE,,,,,,FIVE-FIVE BELOW INC-2023.pdf,1,0,0,0,,manual_review_before_indexing,0,0,0,0,not_applicable,0,0,0,7,10,0,0,10,117,577,tracker_needs_cleanup,parsed/sectioned/chunked ESG document has no matching tracker row; ticker missing from companies.csv; blank or invalid tracker status; chunks without verified semantic citation provenance: 10
,FIVE,,,,,,FIVE-FIVE BELOW INC-2024.pdf,1,0,0,0,,manual_review_before_indexing,0,0,0,0,not_applicable,0,0,0,7,10,0,0,10,138,558,tracker_needs_cleanup,parsed/sectioned/chunked ESG document has no matching tracker row; ticker missing from companies.csv; blank or invalid tracker status; chunks without verified semantic citation provenance: 10
,FIVE,,,,,,FIVE-FIVE BELOW INC-2025.pdf,1,0,0,0,,manual_review_before_indexing,0,0,0,0,not_applicable,0,0,0,8,11,0,0,11,140,500,tracker_needs_cleanup,parsed/sectioned/chunked ESG document has no matching tracker row; ticker missing from companies.csv; blank or invalid tracker status; chunks without verified semantic citation provenance: 11
,FL,,,,,,FL-FOOT LOCKER INC-2021.pdf,1,0,0,0,,manual_review_before_indexing,0,0,0,0,not_applicable,0,0,0,66,111,3,0,111,75,589,tracker_needs_cleanup,parsed/sectioned/chunked ESG document has no matching tracker row; ticker missing from companies.csv; blank or invalid tracker status; chunks without verified semantic citation provenance: 111
,FL,,,,,,FL-FOOT LOCKER INC-2022.pdf,1,0,0,0,,manual_review_before_indexing,0,0,0,0,not_applicable,0,0,0,85,132,5,0,132,66,598,tracker_needs_cleanup,parsed/sectioned/chunked ESG document has no matching tracker row; ticker missing from companies.csv; blank or invalid tracker status; chunks without verified semantic citation provenance: 132
,FL,,,,,,FL-FOOT LOCKER INC-2023.pdf,1,0,0,0,,manual_review_before_indexing,0,0,0,0,not_applicable,0,0,0,76,133,3,0,133,92,578,tracker_needs_cleanup,parsed/sectioned/chunked ESG document has no matching tracker row; ticker missing from companies.csv; blank or invalid tracker status; chunks without verified semantic citation provenance: 133
,FLXS,,,,,,FLXS-FLEXSTEEL INDUSTRIES INC-2022.pdf,1,0,0,0,,manual_review_before_indexing,0,0,0,0,not_applicable,0,0,0,24,35,1,0,35,89,537,tracker_needs_cleanup,parsed/sectioned/chunked ESG document has no matching tracker row; ticker missing from companies.csv; blank or invalid tracker status; chunks without verified semantic citation provenance: 35
,FLXS,,,,,,FLXS-FLEXSTEEL INDUSTRIES INC-2024.pdf,1,0,0,0,,manual_review_before_indexing,0,0,0,0,not_applicable,0,0,0,6,7,0,0,7,101,500,tracker_needs_cleanup,parsed/sectioned/chunked ESG document has no matching tracker row; ticker missing from companies.csv; blank or invalid tracker status; chunks without verified semantic citation provenance: 7
,FND,,,,,,FND-FLOOR & DECOR HLDGS-2022.pdf,1,0,0,0,,manual_review_before_indexing,0,0,0,0,not_applicable,0,0,0,20,40,2,0,40,69,513,tracker_needs_cleanup,parsed/sectioned/chunked ESG document has no matching tracker row; ticker missing from companies.csv; blank or invalid tracker status; chunks without verified semantic citation provenance: 40
,FND,,,,,,FND-FLOOR & DECOR HLDGS-2023.pdf,1,0,0,0,,manual_review_before_indexing,0,0,0,0,not_applicable,0,0,0,21,39,2,0,39,75,564,tracker_needs_cleanup,parsed/sectioned/chunked ESG document has no matching tracker row; ticker missing from companies.csv; blank or invalid tracker status; chunks without verified semantic citation provenance: 39
,FOSL,,,,,,FOSL-FOSSIL GROUP INC-2021.pdf,1,0,0,0,,manual_review_before_indexing,0,0,0,0,not_applicable,0,0,0,58,94,1,0,94,98,585,tracker_needs_cleanup,parsed/sectioned/chunked ESG document has no matching tracker row; ticker missing from companies.csv; blank or invalid tracker status; chunks without verified semantic citation provenance: 94
,FOSL,,,,,,FOSL-FOSSIL GROUP INC-2022.pdf,1,0,0,0,,manual_review_before_indexing,0,0,0,0,not_applicable,0,0,0,31,47,0,0,47,111,592,tracker_needs_cleanup,parsed/sectioned/chunked ESG document has no matching tracker row; ticker missing from companies.csv; blank or invalid tracker status; chunks without verified semantic citation provenance: 47
,FOSL,,,,,,FOSL-FOSSIL GROUP INC-2023.pdf,1,0,0,0,,manual_review_before_indexing,0,0,0,0,not_applicable,0,0,0,30,47,1,0,47,91,576,tracker_needs_cleanup,parsed/sectioned/chunked ESG document has no matching tracker row; ticker missing from companies.csv; blank or invalid tracker status; chunks without verified semantic citation provenance: 47
,FOSL,,,,,,FOSL-FOSSIL GROUP INC-2024.pdf,1,0,0,0,,manual_review_before_indexing,0,0,0,0,not_applicable,0,0,0,26,42,1,0,42,90,585,tracker_needs_cleanup,parsed/sectioned/chunked ESG document has no matching tracker row; ticker missing from companies.csv; blank or invalid tracker status; chunks without verified semantic citation provenance: 42
,GAP,,,,,,GAP-GAP INC-2015-2016.pdf,1,0,0,0,,manual_review_before_indexing,0,0,0,0,not_applicable,0,0,0,57,121,6,0,121,50,586,tracker_needs_cleanup,parsed/sectioned/chunked ESG document has no matching tracker row; ticker missing from companies.csv; blank or invalid tracker status; chunks without verified semantic citation provenance: 121
,GAP,,,,,,GAP-GAP INC-2017.pdf,1,0,0,0,,manual_review_before_indexing,0,0,0,0,not_applicable,0,0,0,77,105,6,0,105,71,599,tracker_needs_cleanup,parsed/sectioned/chunked ESG document has no matching tracker row; ticker missing from companies.csv; blank or invalid tracker status; chunks without verified semantic citation provenance: 105
,GAP,,,,,,GAP-GAP INC-2018.pdf,1,0,0,0,,manual_review_before_indexing,0,0,0,0,not_applicable,0,0,0,67,115,5,0,115,64,564,tracker_needs_cleanup,parsed/sectioned/chunked ESG document has no matching tracker row; ticker missing from companies.csv; blank or invalid tracker status; chunks without verified semantic citation provenance: 115
,GAP,,,,,,GAP-GAP INC-2019.pdf,1,1,0,0,ok,index_as_esg,1,0,0,0,auto_hold,79,19,45,92,139,7,139,0,71,586,tracker_needs_cleanup,parsed/sectioned/chunked ESG document has no matching tracker row; ticker missing from companies.csv; blank or invalid tracker status; layout auto-quarantine: pages=19; affected_chunks=45
,GAP,,,,,,GAP-GAP INC-2020.pdf,1,0,0,0,,manual_review_before_indexing,0,0,0,0,not_applicable,0,0,0,60,94,5,0,94,88,597,tracker_needs_cleanup,parsed/sectioned/chunked ESG document has no matching tracker row; ticker missing from companies.csv; blank or invalid tracker status; chunks without verified semantic citation provenance: 94
,GAP,,,,,,GAP-GAP-2021.pdf,1,0,0,0,,manual_review_before_indexing,0,0,0,0,not_applicable,0,0,0,97,131,8,0,131,68,597,tracker_needs_cleanup,parsed/sectioned/chunked ESG document has no matching tracker row; ticker missing from companies.csv; blank or invalid tracker status; chunks without verified semantic citation provenance: 131
,GAP,,,,,,GAP-GAP-2022.pdf,1,0,0,0,,manual_review_before_indexing,0,0,0,0,not_applicable,0,0,0,117,189,9,0,189,70,581,tracker_needs_cleanup,parsed/sectioned/chunked ESG document has no matching tracker row; ticker missing from companies.csv; blank or invalid tracker status; chunks without verified semantic citation provenance: 189
,GAP,,,,,,GAP-GAP-2023.pdf,1,0,0,0,,manual_review_before_indexing,0,0,0,0,not_applicable,0,0,0,127,205,10,0,205,69,597,tracker_needs_cleanup,parsed/sectioned/chunked ESG document has no matching tracker row; ticker missing from companies.csv; blank or invalid tracker status; chunks without verified semantic citation provenance: 205
,GAP,,,,,,GAP-GAP-2024.pdf,1,0,0,0,,manual_review_before_indexing,0,0,0,0,not_applicable,0,0,0,102,142,9,0,142,57,584,tracker_needs_cleanup,parsed/sectioned/chunked ESG document has no matching tracker row; ticker missing from companies.csv; blank or invalid tracker status; chunks without verified semantic citation provenance: 142
,GAP,,,,,,GAP-GAP-2025.pdf,1,0,0,0,,manual_review_before_indexing,0,0,0,0,not_applicable,0,0,0,82,134,10,0,134,64,566,tracker_needs_cleanup,parsed/sectioned/chunked ESG document has no matching tracker row; ticker missing from companies.csv; blank or invalid tracker status; chunks without verified semantic citation provenance: 134
,GCO,,,,,,GCO-GENESCO INC-2021.pdf,1,0,0,0,,manual_review_before_indexing,0,0,0,0,not_applicable,0,0,0,25,33,0,0,33,112,597,tracker_needs_cleanup,parsed/sectioned/chunked ESG document has no matching tracker row; ticker missing from companies.csv; blank or invalid tracker status; chunks without verified semantic citation provenance: 33
,GCO,,,,,,GCO-GENESCO INC-2024.pdf,1,1,0,0,ok,index_as_esg,0,0,0,0,auto_pass,30,0,0,27,29,1,29,0,60,564,tracker_needs_cleanup,parsed/sectioned/chunked ESG document has no matching tracker row; ticker missing from companies.csv; blank or invalid tracker status
,GES,,,,,,GES-GUESS INC-2016-2017.pdf,1,0,0,0,,manual_review_before_indexing,0,0,0,0,not_applicable,0,0,0,67,105,3,0,105,67,594,tracker_needs_cleanup,parsed/sectioned/chunked ESG document has no matching tracker row; ticker missing from companies.csv; blank or invalid tracker status; chunks without verified semantic citation provenance: 105
,GES,,,,,,GES-GUESS INC-2018-2019.pdf,1,0,0,0,,manual_review_before_indexing,0,0,0,0,not_applicable,0,0,0,79,108,6,0,108,71,595,tracker_needs_cleanup,parsed/sectioned/chunked ESG document has no matching tracker row; ticker missing from companies.csv; blank or invalid tracker status; chunks without verified semantic citation provenance: 108
,GES,,,,,,GES-GUESS INC-2020-2021.pdf,1,0,0,0,,manual_review_before_indexing,0,0,0,0,not_applicable,0,0,0,101,179,9,0,179,60,576,tracker_needs_cleanup,parsed/sectioned/chunked ESG document has no matching tracker row; ticker missing from companies.csv; blank or invalid tracker status; chunks without verified semantic citation provenance: 179
,GES,,,,,,GES-GUESS-2021-2020.pdf,1,0,0,0,,manual_review_before_indexing,0,0,0,0,not_applicable,0,0,0,101,179,9,0,179,60,576,tracker_needs_cleanup,parsed/sectioned/chunked ESG document has no matching tracker row; ticker missing from companies.csv; blank or invalid tracker status; chunks without verified semantic citation provenance: 179
,GES,,,,,,GES-GUESS-2023-2022.pdf,1,1,0,0,ok,index_as_esg,1,0,0,0,auto_hold,112,18,46,121,209,7,209,0,54,595,tracker_needs_cleanup,parsed/sectioned/chunked ESG document has no matching tracker row; ticker missing from companies.csv; blank or invalid tracker status; layout auto-quarantine: pages=18; affected_chunks=46
,GES,,,,,,GES-GUESS-2024.pdf,1,0,0,0,,manual_review_before_indexing,0,0,0,0,not_applicable,0,0,0,14,24,1,0,24,82,505,tracker_needs_cleanup,parsed/sectioned/chunked ESG document has no matching tracker row; ticker missing from companies.csv; blank or invalid tracker status; chunks without verified semantic citation provenance: 24
,GES,,,,,,GES-GUESS-2025.pdf,1,0,0,0,,manual_review_before_indexing,0,0,0,0,not_applicable,0,0,0,96,311,4,0,311,61,593,tracker_needs_cleanup,parsed/sectioned/chunked ESG document has no matching tracker row; ticker missing from companies.csv; blank or invalid tracker status; chunks without verified semantic citation provenance: 311
,GIII,,,,,,GII-G-III APPAREL GROUP LTD-2023.pdf,1,0,0,0,,manual_review_before_indexing,0,0,0,0,not_applicable,0,0,0,14,16,0,0,16,124,500,tracker_needs_cleanup,parsed/sectioned/chunked ESG document has no matching tracker row; ticker missing from companies.csv; blank or invalid tracker status; chunks without verified semantic citation provenance: 16
,GIII,,,,,,GII-G-III APPAREL GROUP LTD-2024.pdf,1,1,0,0,ok,index_as_esg,1,0,0,0,auto_hold,35,7,12,17,21,0,21,0,128,598,tracker_needs_cleanup,parsed/sectioned/chunked ESG document has no matching tracker row; ticker missing from companies.csv; blank or invalid tracker status; layout auto-quarantine: pages=7; affected_chunks=12
,GIII,,,,,,GII-G-III APPAREL GROUP LTD-2025.pdf,1,0,0,0,,manual_review_before_indexing,0,0,0,0,not_applicable,0,0,0,22,29,1,0,29,85,539,tracker_needs_cleanup,parsed/sectioned/chunked ESG document has no matching tracker row; ticker missing from companies.csv; blank or invalid tracker status; chunks without verified semantic citation provenance: 29
,GO,,,,,,GO-GROCERY OUTLET HLDNG CORP-2022.pdf,1,0,0,0,,manual_review_before_indexing,0,0,0,0,not_applicable,0,0,0,25,38,0,0,38,120,559,tracker_needs_cleanup,parsed/sectioned/chunked ESG document has no matching tracker row; ticker missing from companies.csv; blank or invalid tracker status; chunks without verified semantic citation provenance: 38
,GO,,,,,,GO-GROCERY OUTLET HLDNG CORP-2023.pdf,1,0,0,0,,manual_review_before_indexing,0,0,0,0,not_applicable,0,0,0,37,52,1,0,52,68,597,tracker_needs_cleanup,parsed/sectioned/chunked ESG document has no matching tracker row; ticker missing from companies.csv; blank or invalid tracker status; chunks without verified semantic citation provenance: 52
,GO,,,,,,GO-GROCERY OUTLET HLDNG CORP-2024.pdf,1,0,0,0,,manual_review_before_indexing,0,0,0,0,not_applicable,0,0,0,34,56,4,0,56,64,573,tracker_needs_cleanup,parsed/sectioned/chunked ESG document has no matching tracker row; ticker missing from companies.csv; blank or invalid tracker status; chunks without verified semantic citation provenance: 56
,GPI,,,,,,GPI-GROUP 1 AUTOMOTIVE INC-2021.pdf,1,0,0,0,,manual_review_before_indexing,0,0,0,0,not_applicable,0,0,0,21,38,2,0,38,71,543,tracker_needs_cleanup,parsed/sectioned/chunked ESG document has no matching tracker row; ticker missing from companies.csv; blank or invalid tracker status; chunks without verified semantic citation provenance: 38
,GPI,,,,,,GPI-GROUP 1 AUTOMOTIVE INC-2022.pdf,1,1,0,0,ok,index_as_esg,1,0,0,0,auto_hold,56,6,10,49,63,3,63,0,68,595,tracker_needs_cleanup,parsed/sectioned/chunked ESG document has no matching tracker row; ticker missing from companies.csv; blank or invalid tracker status; layout auto-quarantine: pages=6; affected_chunks=10
,GPI,,,,,,GPI-GROUP 1 AUTOMOTIVE INC-2023.pdf,1,0,0,0,,manual_review_before_indexing,0,0,0,0,not_applicable,0,0,0,44,56,4,0,56,60,582,tracker_needs_cleanup,parsed/sectioned/chunked ESG document has no matching tracker row; ticker missing from companies.csv; blank or invalid tracker status; chunks without verified semantic citation provenance: 56
,GPI,,,,,,GPI-GROUP 1 AUTOMOTIVE INC-2024.pdf,1,0,0,0,,manual_review_before_indexing,0,0,0,0,not_applicable,0,0,0,14,25,0,0,25,184,588,tracker_needs_cleanup,parsed/sectioned/chunked ESG document has no matching tracker row; ticker missing from companies.csv; blank or invalid tracker status; chunks without verified semantic citation provenance: 25
,GPRO,,,,,,GPRO-GOPRO INC-2022.pdf,1,1,0,0,ok,index_as_esg,0,0,0,0,auto_pass,40,0,0,19,25,2,25,0,84,534,tracker_needs_cleanup,parsed/sectioned/chunked ESG document has no matching tracker row; ticker missing from companies.csv; blank or invalid tracker status
,GPRO,,,,,,GPRO-GOPRO INC-2023.pdf,1,0,0,0,,manual_review_before_indexing,0,0,0,0,not_applicable,0,0,0,11,13,0,0,13,110,581,tracker_needs_cleanup,parsed/sectioned/chunked ESG document has no matching tracker row; ticker missing from companies.csv; blank or invalid tracker status; chunks without verified semantic citation provenance: 13
,GROV,,,,,,GROV-GROVE COLLABORATIVE HLDG INC-2018.pdf,1,0,0,0,,manual_review_before_indexing,0,0,0,0,not_applicable,0,0,0,6,6,0,0,6,185,427,tracker_needs_cleanup,parsed/sectioned/chunked ESG document has no matching tracker row; ticker missing from companies.csv; blank or invalid tracker status; chunks without verified semantic citation provenance: 6
,GROV,,,,,,GROV-GROVE COLLABORATIVE HLDG INC-2019.pdf,1,0,0,0,,manual_review_before_indexing,0,0,0,0,not_applicable,0,0,0,23,50,1,0,50,88,592,tracker_needs_cleanup,parsed/sectioned/chunked ESG document has no matching tracker row; ticker missing from companies.csv; blank or invalid tracker status; chunks without verified semantic citation provenance: 50
,HD,,,,,,HD-HOME DEPOT INC-2018.pdf,1,1,0,0,ok,index_as_esg,1,0,0,0,auto_hold,120,19,43,86,115,7,115,0,60,600,tracker_needs_cleanup,parsed/sectioned/chunked ESG document has no matching tracker row; ticker missing from companies.csv; blank or invalid tracker status; layout auto-quarantine: pages=19; affected_chunks=43
,HD,,,,,,HD-HOME DEPOT INC-2019.pdf,1,1,0,0,ok,index_as_esg,1,0,0,0,auto_hold,154,20,46,105,150,4,150,0,64,585,tracker_needs_cleanup,parsed/sectioned/chunked ESG document has no matching tracker row; ticker missing from companies.csv; blank or invalid tracker status; layout auto-quarantine: pages=20; affected_chunks=46
,HD,,,,,,HD-HOME DEPOT INC-2020.pdf,1,1,0,0,ok,index_as_esg,1,0,0,0,auto_hold,150,24,58,123,185,9,185,0,72,550,tracker_needs_cleanup,parsed/sectioned/chunked ESG document has no matching tracker row; ticker missing from companies.csv; blank or invalid tracker status; layout auto-quarantine: pages=24; affected_chunks=58
,JWN,,,,,,JWN-NORDSTROM INC-2020.pdf,1,0,0,0,,manual_review_before_indexing,0,0,0,0,not_applicable,0,0,0,19,43,1,0,43,84,584,tracker_needs_cleanup,parsed/sectioned/chunked ESG document has no matching tracker row; ticker missing from companies.csv; blank or invalid tracker status; chunks without verified semantic citation provenance: 43
,JWN,,,,,,JWN-NORSTROM-2021.pdf,1,1,0,0,ok,index_as_esg,1,0,0,0,auto_hold,40,3,4,39,50,5,50,0,41,589,tracker_needs_cleanup,parsed/sectioned/chunked ESG document has no matching tracker row; ticker missing from companies.csv; blank or invalid tracker status; layout auto-quarantine: pages=3; affected_chunks=4; some chunks are excluded from retrieval by row-level policy
,JWN,,,,,,JWN-NORSTROM-2022.pdf,1,1,0,0,ok,index_as_esg,1,0,0,0,auto_hold,61,2,5,43,73,4,73,0,86,581,tracker_needs_cleanup,parsed/sectioned/chunked ESG document has no matching tracker row; ticker missing from companies.csv; blank or invalid tracker status; layout auto-quarantine: pages=2; affected_chunks=5
,KMX,,,,,,KMX-CARMAX INC-2021.pdf,1,0,0,0,,manual_review_before_indexing,0,0,0,0,not_applicable,0,0,0,34,52,1,0,52,73,598,tracker_needs_cleanup,parsed/sectioned/chunked ESG document has no matching tracker row; ticker missing from companies.csv; blank or invalid tracker status; chunks without verified semantic citation provenance: 52
,KMX,,,,,,KMX-CARMAX INC-2022.pdf,1,1,0,0,ok,index_as_esg,1,0,0,0,auto_hold,39,2,5,27,52,1,52,0,95,566,tracker_needs_cleanup,parsed/sectioned/chunked ESG document has no matching tracker row; ticker missing from companies.csv; blank or invalid tracker status; layout auto-quarantine: pages=2; affected_chunks=5
,KMX,,,,,,KMX-CARMAX INC-2025.pdf,1,0,0,0,,manual_review_before_indexing,0,0,0,0,not_applicable,0,0,0,51,73,5,0,73,55,561,tracker_needs_cleanup,parsed/sectioned/chunked ESG document has no matching tracker row; ticker missing from companies.csv; blank or invalid tracker status; chunks without verified semantic citation provenance: 73
,KR,,,,,,KR-KROGER CO-2020.pdf,1,0,0,0,,manual_review_before_indexing,0,0,0,0,not_applicable,0,0,0,77,110,5,0,110,58,545,tracker_needs_cleanup,parsed/sectioned/chunked ESG document has no matching tracker row; ticker missing from companies.csv; blank or invalid tracker status; chunks without verified semantic citation provenance: 110
,KR,,,,,,KR-KROGER CO-2021.pdf,1,0,0,0,,manual_review_before_indexing,0,0,0,0,not_applicable,0,0,0,97,142,8,0,142,57,596,tracker_needs_cleanup,parsed/sectioned/chunked ESG document has no matching tracker row; ticker missing from companies.csv; blank or invalid tracker status; chunks without verified semantic citation provenance: 142
,KSS,,,,,,KSS-KOHL'S-2022.pdf,1,1,0,0,ok,index_as_esg,1,0,0,0,auto_hold,93,14,33,76,113,2,113,0,73,597,tracker_needs_cleanup,parsed/sectioned/chunked ESG document has no matching tracker row; ticker missing from companies.csv; blank or invalid tracker status; layout auto-quarantine: pages=14; affected_chunks=33
,LEG,,,,,,LEG-LEGGETT & PLATT INC-2024.pdf,1,1,0,0,ok,index_as_esg,1,0,0,0,auto_hold,71,3,8,49,88,2,88,0,78,597,tracker_needs_cleanup,parsed/sectioned/chunked ESG document has no matching tracker row; ticker missing from companies.csv; blank or invalid tracker status; layout auto-quarantine: pages=3; affected_chunks=8
,LEVI,,,,,,LEVI-LEVI STRAUSS & CO-2019.pdf,1,1,0,0,ok,index_as_esg,1,0,0,0,auto_hold,19,1,2,9,15,0,15,0,112,581,tracker_needs_cleanup,parsed/sectioned/chunked ESG document has no matching tracker row; ticker missing from companies.csv; blank or invalid tracker status; layout auto-quarantine: pages=1; affected_chunks=2
,LEVI,,,,,,LEVI-LEVI STRAUSS & CO-2020.pdf,1,1,0,0,ok,index_as_esg,0,0,0,0,auto_pass,216,0,0,60,146,3,146,0,81,596,tracker_needs_cleanup,parsed/sectioned/chunked ESG document has no matching tracker row; ticker missing from companies.csv; blank or invalid tracker status
,LOVE,,,,,,LOVE-LOVESAC CO (THE)-2024.pdf,1,0,0,0,,manual_review_before_indexing,0,0,0,0,not_applicable,0,0,0,56,85,5,0,85,70,596,tracker_needs_cleanup,parsed/sectioned/chunked ESG document has no matching tracker row; ticker missing from companies.csv; blank or invalid tracker status; chunks without verified semantic citation provenance: 85
,LOW,,,,,,LOW-LOWE'S COS INC-2023.pdf,1,1,0,0,ok,index_as_esg,1,0,0,0,auto_hold,59,20,52,82,113,8,113,0,56,564,tracker_needs_cleanup,parsed/sectioned/chunked ESG document has no matching tracker row; ticker missing from companies.csv; blank or invalid tracker status; layout auto-quarantine: pages=20; affected_chunks=52
,LOW,,,,,,LOW-LOWE_S COS INC-2015.pdf,1,1,0,0,ok,index_as_esg,1,0,0,0,auto_hold,64,13,34,61,102,5,102,0,67,571,tracker_needs_cleanup,parsed/sectioned/chunked ESG document has no matching tracker row; ticker missing from companies.csv; blank or invalid tracker status; layout auto-quarantine: pages=13; affected_chunks=34
,LOW,,,,,,LOW-LOWE_S COS INC-2020.pdf,1,1,0,0,ok,index_as_esg,1,0,0,0,auto_hold,60,11,27,81,117,8,117,0,70,591,tracker_needs_cleanup,parsed/sectioned/chunked ESG document has no matching tracker row; ticker missing from companies.csv; blank or invalid tracker status; layout auto-quarantine: pages=11; affected_chunks=27
,LULU,,,,,,LULU-LULULEMON ATHLETICA INC-2024.pdf,1,1,0,0,ok,index_as_esg,1,0,0,0,auto_hold,35,2,8,48,84,3,84,0,87,593,tracker_needs_cleanup,parsed/sectioned/chunked ESG document has no matching tracker row; ticker missing from companies.csv; blank or invalid tracker status; layout auto-quarantine: pages=2; affected_chunks=8
,M,,,,,,M-MACY'S INC-2024.pdf,1,0,0,0,,manual_review_before_indexing,0,0,0,0,not_applicable,0,0,0,62,94,4,0,94,76,588,tracker_needs_cleanup,parsed/sectioned/chunked ESG document has no matching tracker row; ticker missing from companies.csv; blank or invalid tracker status; chunks without verified semantic citation provenance: 94
,MELI,,,,,,MELI-MERCADOLIBRE-2024.pdf,1,0,0,0,,manual_review_before_indexing,0,0,0,0,not_applicable,0,0,0,73,116,2,0,116,73,600,tracker_needs_cleanup,parsed/sectioned/chunked ESG document has no matching tracker row; ticker missing from companies.csv; blank or invalid tracker status; chunks without verified semantic citation provenance: 116
,MHK,,,,,,MHK-MOHAWK INDUSTRIES INC-2018.pdf,1,0,0,0,,manual_review_before_indexing,0,0,0,0,not_applicable,0,0,0,15,25,0,0,25,106,558,tracker_needs_cleanup,parsed/sectioned/chunked ESG document has no matching tracker row; ticker missing from companies.csv; blank or invalid tracker status; chunks without verified semantic citation provenance: 25
,MHK,,,,,,MHK-MOHAWK INDUSTRIES INC-2019.pdf,1,0,0,0,,manual_review_before_indexing,0,0,0,0,not_applicable,0,0,0,24,49,0,0,49,127,572,tracker_needs_cleanup,parsed/sectioned/chunked ESG document has no matching tracker row; ticker missing from companies.csv; blank or invalid tracker status; chunks without verified semantic citation provenance: 49
,MHK,,,,,,MHK-MOHAWK INDUSTRIES INC-2020.pdf,1,1,0,0,ok,index_as_esg,1,0,0,0,auto_hold,64,10,22,49,72,3,72,0,80,563,tracker_needs_cleanup,parsed/sectioned/chunked ESG document has no matching tracker row; ticker missing from companies.csv; blank or invalid tracker status; layout auto-quarantine: pages=10; affected_chunks=22
,MHK,,,,,,MHK-MOHAWK INDUSTRIES INC-2023.pdf,1,1,0,0,ok,index_as_esg,1,0,0,0,auto_hold,75,11,32,58,93,2,93,0,70,590,tracker_needs_cleanup,parsed/sectioned/chunked ESG document has no matching tracker row; ticker missing from companies.csv; blank or invalid tracker status; layout auto-quarantine: pages=11; affected_chunks=32
,MNRO,,,,,,MNRO-MONRO INC-2025.pdf,1,0,0,0,,manual_review_before_indexing,0,0,0,0,not_applicable,0,0,0,17,33,0,0,33,110,586,tracker_needs_cleanup,parsed/sectioned/chunked ESG document has no matching tracker row; ticker missing from companies.csv; blank or invalid tracker status; chunks without verified semantic citation provenance: 33
,MUSA,,,,,,MUSA-MURPHY USA INC-2023.pdf,1,1,0,0,ok,index_as_esg,1,0,0,0,auto_hold,39,4,8,22,38,0,38,0,142,598,tracker_needs_cleanup,parsed/sectioned/chunked ESG document has no matching tracker row; ticker missing from companies.csv; blank or invalid tracker status; layout auto-quarantine: pages=4; affected_chunks=8
,NGVC,,,,,,NGVC-NATURAL GROCERS VITAMIN CTGE-2023.pdf,1,1,0,0,ok,index_as_esg,1,0,0,0,auto_hold,38,5,11,29,52,0,52,0,111,558,tracker_needs_cleanup,parsed/sectioned/chunked ESG document has no matching tracker row; ticker missing from companies.csv; blank or invalid tracker status; layout auto-quarantine: pages=5; affected_chunks=11
,NKE,,,,,,NKE-NIKE INC -CL B-2020.pdf,1,1,0,0,ok,index_as_esg,1,0,0,0,auto_hold,125,17,55,96,232,1,232,0,96,588,tracker_needs_cleanup,parsed/sectioned/chunked ESG document has no matching tracker row; ticker missing from companies.csv; blank or invalid tracker status; layout auto-quarantine: pages=17; affected_chunks=55
,NKE,,,,,,NKE-NIKE INC -CL B-2021.pdf,1,1,0,0,ok,index_as_esg,1,0,0,0,auto_hold,184,19,41,82,201,2,201,0,82,595,tracker_needs_cleanup,parsed/sectioned/chunked ESG document has no matching tracker row; ticker missing from companies.csv; blank or invalid tracker status; layout auto-quarantine: pages=19; affected_chunks=41
,NWL,,,,,,NWL-NEWELL BRANDS INC-2025.pdf,1,1,0,0,ok,index_as_esg,1,0,0,0,auto_hold,44,4,8,41,64,4,64,0,57,554,tracker_needs_cleanup,parsed/sectioned/chunked ESG document has no matching tracker row; ticker missing from companies.csv; blank or invalid tracker status; layout auto-quarantine: pages=4; affected_chunks=8
,ORLY,,,,,,ORLY-O_REILLY AUTOMOTIVE INC-2018.pdf,1,1,0,0,ok,index_as_esg,1,0,0,0,auto_pass,29,0,0,10,12,0,12,0,149,524,tracker_needs_cleanup,parsed/sectioned/chunked ESG document has no matching tracker row; ticker missing from companies.csv; blank or invalid tracker status
,ORLY,,,,,,ORLY-O_REILLY AUTOMOTIVE INC-2019.pdf,1,1,0,0,ok,index_as_esg,1,0,0,0,auto_hold,32,4,10,15,36,0,36,0,143,556,tracker_needs_cleanup,parsed/sectioned/chunked ESG document has no matching tracker row; ticker missing from companies.csv; blank or invalid tracker status; layout auto-quarantine: pages=4; affected_chunks=10
,PAG,,,,,,PAG__sustainability__PAG-PENSKE AUTOMOTIVE GROUP INC-2020.pdf,0,0,0,0,,manual_review_before_indexing,0,0,0,0,not_applicable,0,0,0,0,35,3,0,35,69,565,tracker_needs_cleanup,parsed/sectioned/chunked ESG document has no matching tracker row; ticker missing from companies.csv; blank or invalid tracker status; chunks without verified semantic citation provenance: 35
,PAG,,,,,,PAG__sustainability__PAG-PENSKE AUTOMOTIVE GROUP INC-2021.pdf,0,0,0,0,,manual_review_before_indexing,0,0,0,0,not_applicable,0,0,0,0,59,3,0,59,79,585,tracker_needs_cleanup,parsed/sectioned/chunked ESG document has no matching tracker row; ticker missing from companies.csv; blank or invalid tracker status; chunks without verified semantic citation provenance: 59
,PAG,,,,,,PAG__sustainability__PAG-PENSKE AUTOMOTIVE GROUP INC-2022.pdf,0,0,0,0,,manual_review_before_indexing,0,0,0,0,not_applicable,0,0,0,0,72,3,0,72,64,577,tracker_needs_cleanup,parsed/sectioned/chunked ESG document has no matching tracker row; ticker missing from companies.csv; blank or invalid tracker status; chunks without verified semantic citation provenance: 72
,PAG,,,,,,PAG__sustainability__PAG-PENSKE AUTOMOTIVE GROUP INC-2024.pdf,0,0,0,0,,manual_review_before_indexing,0,0,0,0,not_applicable,0,0,0,0,27,2,0,27,84,586,tracker_needs_cleanup,parsed/sectioned/chunked ESG document has no matching tracker row; ticker missing from companies.csv; blank or invalid tracker status; chunks without verified semantic citation provenance: 27
,PLCE,,,,,,PLCE-The Childrens Place-2023.pdf,1,1,0,0,ok,index_as_esg,1,0,0,0,auto_pass,23,0,0,13,21,2,21,0,92,550,tracker_needs_cleanup,parsed/sectioned/chunked ESG document has no matching tracker row; ticker missing from companies.csv; blank or invalid tracker status
,PSMT,,,,,,PSMT-PRICESMART INC-2023.pdf,1,1,0,0,ok,index_as_esg,1,0,0,0,auto_pass,55,0,0,23,48,0,48,0,123,588,tracker_needs_cleanup,parsed/sectioned/chunked ESG document has no matching tracker row; ticker missing from companies.csv; blank or invalid tracker status
,PTRN,,,,,,PTRN-PATTERN GROUP INC-2016.pdf,1,1,0,0,ok,index_as_esg,0,0,0,0,auto_hold,46,3,9,15,42,0,42,0,107,598,tracker_needs_cleanup,parsed/sectioned/chunked ESG document has no matching tracker row; ticker missing from companies.csv; blank or invalid tracker status; layout auto-quarantine: pages=3; affected_chunks=9
,PTRN,,,,,,PTRN-Pattern Group-2024(Italian).pdf,1,0,0,0,,manual_review_before_indexing,0,0,0,0,not_applicable,0,0,0,22,107,0,0,107,209,595,tracker_needs_cleanup,parsed/sectioned/chunked ESG document has no matching tracker row; ticker missing from companies.csv; blank or invalid tracker status; chunks without verified semantic citation provenance: 107
,PVH,,,,,,PVH-PVH CORP-2016.pdf,1,0,0,0,,manual_review_before_indexing,0,0,0,0,not_applicable,0,0,0,32,75,0,0,75,108,600,tracker_needs_cleanup,parsed/sectioned/chunked ESG document has no matching tracker row; ticker missing from companies.csv; blank or invalid tracker status; chunks without verified semantic citation provenance: 75
,PVH,,,,,,PVH-PVH CORP-2017.pdf,1,0,0,0,,manual_review_before_indexing,0,0,0,0,not_applicable,0,0,0,28,67,0,0,67,113,545,tracker_needs_cleanup,parsed/sectioned/chunked ESG document has no matching tracker row; ticker missing from companies.csv; blank or invalid tracker status; chunks without verified semantic citation provenance: 67
,ROST,,,,,,ROST-ROSS STORES INC-2021.pdf,1,1,0,0,ok,index_as_esg,1,0,0,0,auto_hold,63,2,4,42,66,2,66,0,63,581,tracker_needs_cleanup,parsed/sectioned/chunked ESG document has no matching tracker row; ticker missing from companies.csv; blank or invalid tracker status; layout auto-quarantine: pages=2; affected_chunks=4
,ROST,,,,,,ROST-ROSS STORES INC-2023.pdf,1,1,0,0,ok,index_as_esg,1,0,0,0,auto_hold,60,1,3,54,76,3,76,0,65,591,tracker_needs_cleanup,parsed/sectioned/chunked ESG document has no matching tracker row; ticker missing from companies.csv; blank or invalid tracker status; layout auto-quarantine: pages=1; affected_chunks=3
,SFM,,,,,,SFM-SPROUTS FARMERS MARKET-2018.pdf,1,1,0,0,ok,index_as_esg,0,0,0,0,auto_hold,5,2,7,5,10,1,10,0,98,500,tracker_needs_cleanup,parsed/sectioned/chunked ESG document has no matching tracker row; ticker missing from companies.csv; blank or invalid tracker status; layout auto-quarantine: pages=2; affected_chunks=7
,SGC,,,,,,SGC-SUPERIOR GROUP OF COS INC-2019.pdf,1,1,0,0,ok,index_as_esg,1,0,0,0,auto_pass,16,0,0,12,19,1,19,0,97,516,tracker_needs_cleanup,parsed/sectioned/chunked ESG document has no matching tracker row; ticker missing from companies.csv; blank or invalid tracker status
,SGI,,,,,,SGI-SOMNIGROUP INTERNATIONAL INC-2022.pdf,1,1,0,0,ok,index_as_esg,1,0,0,0,auto_hold,31,7,18,46,67,5,67,0,65,567,tracker_needs_cleanup,parsed/sectioned/chunked ESG document has no matching tracker row; ticker missing from companies.csv; blank or invalid tracker status; layout auto-quarantine: pages=7; affected_chunks=18
,SHOO,,,,,,SHOO-MADDEN STEVEN LTD-2024.pdf,1,0,0,0,,manual_review_before_indexing,0,0,0,0,not_applicable,0,0,0,22,41,2,0,41,70,539,tracker_needs_cleanup,parsed/sectioned/chunked ESG document has no matching tracker row; ticker missing from companies.csv; blank or invalid tracker status; chunks without verified semantic citation provenance: 41
,SHOO,,,,,,Steve Madden SR WF 200821_FINAL_KC.pdf,1,1,0,0,ok,index_as_esg,1,0,0,0,auto_hold,41,1,2,31,52,0,52,0,113,561,tracker_needs_cleanup,parsed/sectioned/chunked ESG document has no matching tracker row; ticker missing from companies.csv; blank or invalid tracker status; layout auto-quarantine: pages=1; affected_chunks=2
,SNBR,,,,,,SNBR-SLEEP NUMBER CORP-2021.pdf,1,1,0,0,ok,index_as_esg,1,0,0,0,auto_hold,48,2,2,26,62,3,62,0,81,590,tracker_needs_cleanup,parsed/sectioned/chunked ESG document has no matching tracker row; ticker missing from companies.csv; blank or invalid tracker status; layout auto-quarantine: pages=2; affected_chunks=2
,SONO,,,,,,SONO-SONOS INC-2018.pdf,1,1,0,0,ok,index_as_esg,1,0,0,0,auto_hold,25,1,2,12,13,0,13,0,169,528,tracker_needs_cleanup,parsed/sectioned/chunked ESG document has no matching tracker row; ticker missing from companies.csv; blank or invalid tracker status; layout auto-quarantine: pages=1; affected_chunks=2
,SONO,,,,,,SONO-SONOS INC-2020.pdf,1,1,0,0,ok,index_as_esg,1,0,0,0,auto_hold,38,3,5,17,30,1,30,0,81,533,tracker_needs_cleanup,parsed/sectioned/chunked ESG document has no matching tracker row; ticker missing from companies.csv; blank or invalid tracker status; layout auto-quarantine: pages=3; affected_chunks=5
,SONO,,,,,,SONO-SONOS INC-2022.pdf,1,0,0,0,,manual_review_before_indexing,0,0,0,0,not_applicable,0,0,0,53,64,1,0,64,81,510,tracker_needs_cleanup,parsed/sectioned/chunked ESG document has no matching tracker row; ticker missing from companies.csv; blank or invalid tracker status; chunks without verified semantic citation provenance: 64
,SONO,,,,,,SONO-SONOS INC-2023.pdf,1,0,0,0,,manual_review_before_indexing,0,0,0,0,not_applicable,0,0,0,44,62,5,0,62,59,583,tracker_needs_cleanup,parsed/sectioned/chunked ESG document has no matching tracker row; ticker missing from companies.csv; blank or invalid tracker status; chunks without verified semantic citation provenance: 62
,SVV,,,,,,SVV-Savers Value Village-2024.pdf,1,1,0,0,ok,index_as_esg,0,0,0,0,auto_hold,44,6,7,32,38,5,38,0,70,578,tracker_needs_cleanup,parsed/sectioned/chunked ESG document has no matching tracker row; ticker missing from companies.csv; blank or invalid tracker status; layout auto-quarantine: pages=6; affected_chunks=7
,T,,,,,,T-AT&T INC-2016.pdf,1,1,0,0,ok,index_as_esg,1,0,0,0,auto_hold,24,2,4,10,19,1,19,0,84,533,tracker_needs_cleanup,parsed/sectioned/chunked ESG document has no matching tracker row; ticker missing from companies.csv; blank or invalid tracker status; layout auto-quarantine: pages=2; affected_chunks=4
,T,,,,,,T-AT&T INC-2018.pdf,1,1,0,0,ok,index_as_esg,1,0,0,0,auto_hold,36,4,8,37,51,3,51,0,67,543,tracker_needs_cleanup,parsed/sectioned/chunked ESG document has no matching tracker row; ticker missing from companies.csv; blank or invalid tracker status; layout auto-quarantine: pages=4; affected_chunks=8
,T,,,,,,T-AT&T INC-2019.pdf,1,1,0,0,ok,index_as_esg,1,0,0,0,auto_hold,40,7,17,36,59,1,59,0,65,541,tracker_needs_cleanup,parsed/sectioned/chunked ESG document has no matching tracker row; ticker missing from companies.csv; blank or invalid tracker status; layout auto-quarantine: pages=7; affected_chunks=17
,TJX,,,,,,TJX-TJX COS INC (THE)-2018.pdf,1,0,0,0,,manual_review_before_indexing,0,0,0,0,not_applicable,0,0,0,40,102,4,0,102,61,556,tracker_needs_cleanup,parsed/sectioned/chunked ESG document has no matching tracker row; ticker missing from companies.csv; blank or invalid tracker status; chunks without verified semantic citation provenance: 102
,TPR,,,,,,TPR-TAPESTRY INC-2018.pdf,1,1,0,0,ok,index_as_esg,1,0,0,0,auto_pass,43,0,0,24,33,0,33,0,121,565,tracker_needs_cleanup,parsed/sectioned/chunked ESG document has no matching tracker row; ticker missing from companies.csv; blank or invalid tracker status
,TPR,,,,,,TPR-TAPESTRY INC-2021.pdf,1,1,0,0,ok,index_as_esg,1,0,0,0,auto_hold,75,8,17,74,103,6,103,0,55,593,tracker_needs_cleanup,parsed/sectioned/chunked ESG document has no matching tracker row; ticker missing from companies.csv; blank or invalid tracker status; layout auto-quarantine: pages=8; affected_chunks=17; some chunks are excluded from retrieval by row-level policy
,TPR,,,,,,TPR-TAPESTRY INC-2022.pdf,1,1,0,0,ok,index_as_esg,1,0,0,0,auto_hold,73,4,12,69,98,6,98,0,76,589,tracker_needs_cleanup,parsed/sectioned/chunked ESG document has no matching tracker row; ticker missing from companies.csv; blank or invalid tracker status; layout auto-quarantine: pages=4; affected_chunks=12
,TPR,,,,,,TPR-TAPESTRY INC-2023.pdf,1,1,0,0,ok,index_as_esg,1,0,0,0,auto_hold,91,10,23,75,116,5,116,0,68,595,tracker_needs_cleanup,parsed/sectioned/chunked ESG document has no matching tracker row; ticker missing from companies.csv; blank or invalid tracker status; layout auto-quarantine: pages=10; affected_chunks=23
,TSCO,,,,,,TSCO-TRACTOR SUPPLY CO-2019.pdf,1,1,0,0,ok,index_as_esg,1,0,0,0,auto_hold,23,1,2,16,22,0,22,0,140,527,tracker_needs_cleanup,parsed/sectioned/chunked ESG document has no matching tracker row; ticker missing from companies.csv; blank or invalid tracker status; layout auto-quarantine: pages=1; affected_chunks=2
,TSCO,,,,,,TSCO-TRACTOR SUPPLY CO-2021.pdf,1,0,0,0,,manual_review_before_indexing,0,0,0,0,not_applicable,0,0,0,31,57,3,0,57,65,594,tracker_needs_cleanup,parsed/sectioned/chunked ESG document has no matching tracker row; ticker missing from companies.csv; blank or invalid tracker status; chunks without verified semantic citation provenance: 57
,UAA,,,,,,UAA-UNDER ARMOUR INC-2021.pdf,1,1,0,0,ok,index_as_esg,1,0,0,0,auto_hold,97,10,23,77,130,2,130,0,87,599,tracker_needs_cleanup,parsed/sectioned/chunked ESG document has no matching tracker row; ticker missing from companies.csv; blank or invalid tracker status; layout auto-quarantine: pages=10; affected_chunks=23
,UEIC,,,,,,UEIC-UNIVERSAL ELECTRONICS INC-2023.pdf,1,1,0,0,ok,index_as_esg,0,0,0,0,auto_pass,33,0,0,38,56,6,56,0,68,584,tracker_needs_cleanup,parsed/sectioned/chunked ESG document has no matching tracker row; ticker missing from companies.csv; blank or invalid tracker status
,ULTA,,,,,,ULTA-ULTA BEAUTY INC-2023.pdf,1,1,0,0,ok,index_as_esg,1,0,0,0,auto_hold,47,9,29,45,69,3,69,0,67,545,tracker_needs_cleanup,parsed/sectioned/chunked ESG document has no matching tracker row; ticker missing from companies.csv; blank or invalid tracker status; layout auto-quarantine: pages=9; affected_chunks=29
,VRA,,,,,,VRA-VERA BRADLEY INC-2022.pdf,1,1,0,0,ok,index_as_esg,1,0,0,0,auto_hold,73,1,2,29,59,2,59,0,70,583,tracker_needs_cleanup,parsed/sectioned/chunked ESG document has no matching tracker row; ticker missing from companies.csv; blank or invalid tracker status; layout auto-quarantine: pages=1; affected_chunks=2
,VRA,,,,,,VRA-VERA BRADLEY INC-2025.pdf,1,1,0,0,ok,index_as_esg,1,0,0,0,auto_hold,28,4,13,26,37,5,37,0,56,595,tracker_needs_cleanup,parsed/sectioned/chunked ESG document has no matching tracker row; ticker missing from companies.csv; blank or invalid tracker status; layout auto-quarantine: pages=4; affected_chunks=13
,VVV,,,,,,VVV-VALVOLINE INC-2024.pdf,1,0,0,0,,manual_review_before_indexing,0,0,0,0,not_applicable,0,0,0,71,90,7,0,90,68,577,tracker_needs_cleanup,parsed/sectioned/chunked ESG document has no matching tracker row; ticker missing from companies.csv; blank or invalid tracker status; chunks without verified semantic citation provenance: 90
,VZ,,,,,,VZ-VERIZON COMMUNICATIONS INC-2016.pdf,1,1,0,0,ok,index_as_esg,1,0,0,0,auto_hold,42,10,19,36,45,1,45,0,91,595,tracker_needs_cleanup,parsed/sectioned/chunked ESG document has no matching tracker row; ticker missing from companies.csv; blank or invalid tracker status; layout auto-quarantine: pages=10; affected_chunks=19
,VZ,,,,,,VZ-VERIZON COMMUNICATIONS INC-2017.pdf,1,0,0,0,,manual_review_before_indexing,0,0,0,0,not_applicable,0,0,0,40,54,2,0,54,78,573,tracker_needs_cleanup,parsed/sectioned/chunked ESG document has no matching tracker row; ticker missing from companies.csv; blank or invalid tracker status; chunks without verified semantic citation provenance: 54
,VZ,,,,,,VZ-VERIZON COMMUNICATIONS INC-2021.pdf,1,1,0,0,ok,index_as_esg,1,0,0,0,auto_hold,95,6,12,66,144,6,144,0,57,572,tracker_needs_cleanup,parsed/sectioned/chunked ESG document has no matching tracker row; ticker missing from companies.csv; blank or invalid tracker status; layout auto-quarantine: pages=6; affected_chunks=12
,VZ,,,,,,VZ-VERIZON COMMUNICATIONS INC-2024.pdf,1,1,0,0,ok,index_as_esg,0,0,0,0,auto_hold,23,1,3,24,43,2,43,0,50,597,tracker_needs_cleanup,parsed/sectioned/chunked ESG document has no matching tracker row; ticker missing from companies.csv; blank or invalid tracker status; layout auto-quarantine: pages=1; affected_chunks=3
,W,,,,,,W-WAYFAIR INC-2021.pdf,1,1,0,0,ok,index_as_esg,1,0,0,0,auto_hold,18,5,12,18,27,1,27,0,63,500,tracker_needs_cleanup,parsed/sectioned/chunked ESG document has no matching tracker row; ticker missing from companies.csv; blank or invalid tracker status; layout auto-quarantine: pages=5; affected_chunks=12
,W,,,,,,W-WAYFAIR INC-2022.pdf,1,0,0,0,,manual_review_before_indexing,0,0,0,0,not_applicable,0,0,0,46,61,5,0,61,66,592,tracker_needs_cleanup,parsed/sectioned/chunked ESG document has no matching tracker row; ticker missing from companies.csv; blank or invalid tracker status; chunks without verified semantic citation provenance: 61
,W,,,,,,W-WAYFAIR INC-2023.pdf,1,1,0,0,ok,index_as_esg,1,0,0,0,auto_hold,43,14,25,34,50,3,50,0,77,598,tracker_needs_cleanup,parsed/sectioned/chunked ESG document has no matching tracker row; ticker missing from companies.csv; blank or invalid tracker status; layout auto-quarantine: pages=14; affected_chunks=25
,W,,,,,,W-WAYFAIR INC-2024.pdf,1,1,0,0,ok,index_as_esg,1,0,0,0,auto_hold,22,1,2,22,28,4,28,0,65,533,tracker_needs_cleanup,parsed/sectioned/chunked ESG document has no matching tracker row; ticker missing from companies.csv; blank or invalid tracker status; layout auto-quarantine: pages=1; affected_chunks=2
,W,,,,,,W-WAYFAIR INC-2025.pdf,1,0,0,0,,manual_review_before_indexing,0,0,0,0,not_applicable,0,0,0,54,73,12,0,73,59,593,tracker_needs_cleanup,parsed/sectioned/chunked ESG document has no matching tracker row; ticker missing from companies.csv; blank or invalid tracker status; chunks without verified semantic citation provenance: 73
,WHR,,,,,,WHR-WHIRLPOOL CORP-2019.pdf,1,0,0,0,,manual_review_before_indexing,0,0,0,0,not_applicable,0,0,0,72,108,9,0,108,62,570,tracker_needs_cleanup,parsed/sectioned/chunked ESG document has no matching tracker row; ticker missing from companies.csv; blank or invalid tracker status; chunks without verified semantic citation provenance: 108
,WHR,,,,,,WHR-WHIRLPOOL CORP-2021.pdf,1,1,0,0,ok,index_as_esg,1,0,0,0,auto_hold,127,26,53,103,184,7,184,0,66,591,tracker_needs_cleanup,parsed/sectioned/chunked ESG document has no matching tracker row; ticker missing from companies.csv; blank or invalid tracker status; layout auto-quarantine: pages=26; affected_chunks=53
,WHR,,,,,,WHR-WHIRLPOOL CORP-2022.pdf,1,0,0,0,,manual_review_before_indexing,0,0,0,0,not_applicable,0,0,0,88,176,3,0,176,82,573,tracker_needs_cleanup,parsed/sectioned/chunked ESG document has no matching tracker row; ticker missing from companies.csv; blank or invalid tracker status; chunks without verified semantic citation provenance: 176
,WHR,,,,,,WHR-WHIRLPOOL CORP-2024.pdf,1,1,0,0,ok,index_as_esg,1,0,0,0,auto_hold,88,33,69,83,134,6,134,0,71,596,tracker_needs_cleanup,parsed/sectioned/chunked ESG document has no matching tracker row; ticker missing from companies.csv; blank or invalid tracker status; layout auto-quarantine: pages=33; affected_chunks=69
,WHR,,,,,,WHR-WHIRLPOOL CORP-2025.pdf,1,0,0,0,,manual_review_before_indexing,0,0,0,0,not_applicable,0,0,0,34,54,2,0,54,64,573,tracker_needs_cleanup,parsed/sectioned/chunked ESG document has no matching tracker row; ticker missing from companies.csv; blank or invalid tracker status; chunks without verified semantic citation provenance: 54
,WMK,,,,,,WMK-WEIS MARKETS INC-2016.pdf,1,1,0,0,ok,index_as_esg,1,0,0,0,auto_hold,17,1,2,6,21,0,21,0,230,500,tracker_needs_cleanup,parsed/sectioned/chunked ESG document has no matching tracker row; ticker missing from companies.csv; blank or invalid tracker status; layout auto-quarantine: pages=1; affected_chunks=2
,WOOF,,,,,,WOOF-PETCO HEALTH AND WELLNESS CO-2023.pdf,1,1,0,0,ok,index_as_esg,1,0,0,0,auto_hold,64,4,9,36,75,2,75,0,67,600,tracker_needs_cleanup,parsed/sectioned/chunked ESG document has no matching tracker row; ticker missing from companies.csv; blank or invalid tracker status; layout auto-quarantine: pages=4; affected_chunks=9
,WSM,,,,,,WSM-WILLIAMS-SONOMA INC-2018.pdf,1,1,0,0,ok,index_as_esg,1,0,0,0,auto_hold,17,1,2,14,22,0,22,0,140,583,tracker_needs_cleanup,parsed/sectioned/chunked ESG document has no matching tracker row; ticker missing from companies.csv; blank or invalid tracker status; layout auto-quarantine: pages=1; affected_chunks=2
,WSM,,,,,,WSM-WILLIAMS-SONOMA INC-2023.pdf,1,1,0,0,ok,index_as_esg,1,0,0,0,auto_hold,61,10,26,60,95,4,95,0,81,592,tracker_needs_cleanup,parsed/sectioned/chunked ESG document has no matching tracker row; ticker missing from companies.csv; blank or invalid tracker status; layout auto-quarantine: pages=10; affected_chunks=26; some chunks are excluded from retrieval by row-level policy
,WWW,,,,,,WWW-WOLVERINE WORLD WIDE-2022.pdf,1,1,0,0,ok,index_as_esg,1,0,0,0,auto_hold,41,5,15,40,70,2,70,0,76,598,tracker_needs_cleanup,parsed/sectioned/chunked ESG document has no matching tracker row; ticker missing from companies.csv; blank or invalid tracker status; layout auto-quarantine: pages=5; affected_chunks=15
,XOM,,,,,,XOM-EXXON MOBIL CORP-2016.pdf,1,1,0,0,ok,index_as_esg,1,0,0,0,auto_hold,50,6,18,66,118,3,118,0,64,589,tracker_needs_cleanup,parsed/sectioned/chunked ESG document has no matching tracker row; ticker missing from companies.csv; blank or invalid tracker status; layout auto-quarantine: pages=6; affected_chunks=18
,XOM,,,,,,XOM-EXXON MOBIL CORP-2022.pdf,1,0,0,0,,manual_review_before_indexing,0,0,0,0,not_applicable,0,0,0,7,19,0,0,19,168,500,tracker_needs_cleanup,parsed/sectioned/chunked ESG document has no matching tracker row; ticker missing from companies.csv; blank or invalid tracker status; chunks without verified semantic citation provenance: 19
,XOM,,,,,,XOM-EXXON MOBIL CORP-2024.pdf,1,1,0,0,ok,index_as_esg,0,0,0,0,auto_pass,10,0,0,6,16,0,16,0,184,502,tracker_needs_cleanup,parsed/sectioned/chunked ESG document has no matching tracker row; ticker missing from companies.csv; blank or invalid tracker status
