ticker,pdf_file,page,stratum,decision_class,subtype,note,label_source,annotator1_class,annotator2_class,annotator1_subtype,annotator2_subtype
LEG,LEG-LEGGETT & PLATT INC-2021.pdf,21,representative,prose,prose_multicol,Clean flowing 2-col prose on SafeGuard H&S program; reconstruction correct,annotator_agreement,prose,prose,prose_multicol,prose_multicol
HD,HD-HOME DEPOT INC-2021.pdf,129,representative,ambiguous_or_mixed,chart_infographic,2 independent self-contained boxes: political-oversight essay + 'PATH OF THE PAC DOLLAR' numbered process infographic. Each reads correctly top-to-bottom alone; no label-value detachment; no single canonical page order between the two (FIGS-2024-p11-style),annotator_agreement,ambiguous_or_mixed,ambiguous_or_mixed,chart_infographic,chart_infographic
DELL,DELL-DELL TECHNOLOGIES INC-2023.pdf,68,representative,prose,stat_card_grid,Two bulleted prose columns dominate; the FY23 engagement panel places each figure directly above its own caption.,adjudicated,ambiguous_or_mixed,prose,stat_card_grid,prose_multicol
PVH,PVH-PVH CORP-2022.pdf,92,representative,table_dominant,disclosure_index_table,"TCFD disclosure prompts mapped to CDP question codes; reconstruction detaches every prompt from its code, textbook GRI/SASB/TCFD index scrambling",annotator_agreement,table_dominant,table_dominant,disclosure_index_table,disclosure_index_table
EYE,EYE-NATIONAL VISION HOLDINGS INC-2021.pdf,81,representative,table_dominant,disclosure_index_table,SASB CG-MR topic/code/disclosure/reference table; reconstruction separates all disclosure text from all reference text,annotator_agreement,table_dominant,table_dominant,disclosure_index_table,disclosure_index_table
FIVE,FIVE-FIVE BELOW INC-2026.pdf,7,representative,table_dominant,disclosure_index_table,SASB TOPIC/METRICS/RESPONSE table; reconstruction detaches metrics from responses,annotator_agreement,table_dominant,table_dominant,disclosure_index_table,disclosure_index_table
CASY,CASY-CASEYS GENERAL STORES INC-2023.pdf,54,representative,table_dominant,data_table_ruled,"SDG topic x {Description/Contribution/Report Section} ruled table; reconstruction concatenates same-row content across all 5 SDG columns, detaching row labels from per-column values",annotator_agreement,table_dominant,table_dominant,data_table_ruled,disclosure_index_table
TDUP,TDUP-THREDUP INC-2021.pdf,2,representative,prose,prose_multicol,"CEO letter narrative dominates; small numbered TOC sidebar (00-06) interspersed but doesn't detach any label-value pairs, core narrative reads coherently",annotator_agreement,prose,prose,prose_multicol,prose_multicol
WHR,WHR-WHIRLPOOL CORP-2023.pdf,89,representative,table_dominant,disclosure_index_table,"GRI INDEX ruled table: Disclosure Number / Disclosure Name / Whirlpool Response, section header rows",annotator_agreement,table_dominant,table_dominant,disclosure_index_table,disclosure_index_table
WSM,WSM-WILLIAMS-SONOMA INC-2022.pdf,46,representative,table_dominant,disclosure_index_table,"SDG index table: SDG icon/GOAL/TARGET/NO./WSI INITIATIVES/REFERENCE, ruled row separators per SDG entry",annotator_agreement,table_dominant,table_dominant,disclosure_index_table,disclosure_index_table
MELI,MELI-MERCADOLIBRE-2025.pdf,16,representative,ambiguous_or_mixed,other,"Independent self-contained boxes: 8-card executive-officer bio grid (photo+name+title) + governance prose + 3 committee description callout boxes; each card/box coherent alone, no single canonical order",annotator_agreement,ambiguous_or_mixed,ambiguous_or_mixed,other,other
MUSA,MUSA-MURPHY USA INC-2021.pdf,4,representative,prose,prose_multicol,"Clean 2-col CEO letter, genuine flowing prose, no tables",annotator_agreement,prose,prose,prose_multicol,prose_multicol
TJX,TJX-Tjx Cos Inc-2025.pdf,15,representative,prose,prose_multicol,Clean 2-col prose on leadership development / merchant training programs,annotator_agreement,prose,prose,prose_multicol,prose_multicol
CAL,CAL-CALERES INC-2023.pdf,51,representative,table_dominant,disclosure_index_table,TCFD Metrics/Company Response ruled table mapping risk-mgmt and metrics/targets prompts to CDP disclosure citations,annotator_agreement,table_dominant,table_dominant,disclosure_index_table,disclosure_index_table
AEO,AEO-AMERICAN EAGLE OUTFITTERS INC-2022.pdf,57,representative,prose,prose_multicol,"2 large cols genuine prose (safety culture, vulnerable worker protections) dominate; small 4-col chronological timeline strip at bottom is self-contained per-year, no label-value detachment",annotator_agreement,prose,prose,prose_multicol,prose_multicol
M,M-MACY'S INC-2025.pdf,45,representative,prose,prose_multicol,"Clean 3-col prose on chemicals management, PFAS, conflict minerals",annotator_agreement,prose,prose,prose_multicol,prose_multicol
VRA,VRA-VERA BRADLEY INC-2024.pdf,9,representative,table_dominant,disclosure_index_table,SASB Appendix table: metric/unit/response/code cells with visible cell borders,annotator_agreement,table_dominant,table_dominant,disclosure_index_table,data_table_ruled
WHR,WHR-WHIRLPOOL CORP-2021.pdf,96,representative,prose,prose_multicol,"3-col prose on supplier criteria and conflict minerals; pull-quote box is an excerpt of body text, not a table",annotator_agreement,prose,prose,prose_multicol,prose_multicol
KR,KR-KROGER CO-2022.pdf,57,representative,ambiguous_or_mixed,disclosure_index_table,"Genuine six-row risk-to-policy-to-resource table is the titled subject of the centre column and would detach under column-major reading, but a full prose column runs beside it.",adjudicated,ambiguous_or_mixed,prose,data_table_ruled,prose_multicol
HD,HD-HOME DEPOT INC-2021.pdf,52,representative,prose,prose_multicol,"'Protection By Design' spotlight narrative, genuine multi-col prose with photo+pull-quote aside, no tables",annotator_agreement,prose,prose,prose_multicol,prose_multicol
MUSA,MUSA-MURPHY USA INC-2022.pdf,17,representative,prose,prose_multicol,"2-col prose with colored inline stat-callout boxes; each callout is a complete self-contained sentence (number embedded in prose, not a separate label/value pair), so no detachment risk",annotator_agreement,prose,prose,prose_multicol,prose_multicol
RL,RL-RALPH LAUREN CORP-2023.pdf,109,representative,table_dominant,disclosure_index_table,"SASB TOPIC/RESPONSE ruled disclosure table (Raw Materials Sourcing, Activity Metric)",annotator_agreement,table_dominant,table_dominant,disclosure_index_table,disclosure_index_table
CRI,CRI-CARTER'S INC-2021.pdf,44,representative,prose,prose_multicol,"Large photo + genuine prose on environmental impact goals, no tables",annotator_agreement,prose,prose,prose_multicol,prose_multicol
NKE,NKE-NIKE INC -CL B-2024.pdf,37,representative,table_dominant,data_table_ruled,Emission Source/Type/Factor ruled table (Scope 1/2/3 rows) dominates; smaller 'Methodology Changes' prose sidebar,annotator_agreement,table_dominant,table_dominant,data_table_ruled,data_table_ruled
FL,FL-FOOT LOCKER INC-2021.pdf,45,representative,prose,prose_multicol,"3-col prose on supply chain transportation efficiency, photos + stylized text graphic, no tables",annotator_agreement,prose,prose,prose_multicol,prose_multicol
WHR,WHR-WHIRLPOOL CORP-2021.pdf,75,representative,prose,prose_multicol,"2 independent bullet-list columns (Corporate Governance topics | Ethics and Compliance topics) under shared header banner; column-major reading is correct, no row correspondence between columns",annotator_agreement,prose,prose,prose_multicol,prose_multicol
XOM,XOM-EXXON MOBIL CORP-2022.pdf,54,representative,prose,prose_multicol,Clean 2-col prose on Indigenous peoples / cultural heritage with icon accents and reference link lists,annotator_agreement,prose,prose,prose_multicol,prose_multicol
BBWI,BBWI-BATH & BODY WORKS INC-2024.pdf,96,representative,prose,prose_multicol,"3rd-party GHG assurance letter (Apex), 2 sequential pages side by side; column-major = correct page order; bullet figures are self-contained label:value lines",annotator_agreement,prose,prose,prose_multicol,other
PLCE,PLCE-The Childrens Place-2022.pdf,90,representative,table_dominant,disclosure_index_table,GRI 2 General Disclosures ruled table: Disclosure Number/Description/Reporting Requirements/Disclosure Language,annotator_agreement,table_dominant,table_dominant,disclosure_index_table,disclosure_index_table
LAD,LAD-LITHIA MOTORS INC -CL A-2022.pdf,3,representative,prose,prose_multicol,"CEO letter, photo + 2-col flowing prose narrative",annotator_agreement,prose,prose,prose_multicol,prose_multicol
ROST,ROST-ROSS STORES INC-2021.pdf,13,representative,prose,prose_multicol,"Photo + 2-col prose on hiring/training programs, no tables",annotator_agreement,prose,prose,prose_multicol,prose_multicol
DLTR,DLTR-DOLLAR TREE INC-2023.pdf,29,representative,table_dominant,data_table_ruled,"Appendix C is a full ruled GHG table (16 scope rows x 2021/2022) filling the left half; the right-hand text is supporting methodology, so the table is the page.",adjudicated,ambiguous_or_mixed,table_dominant,data_table_ruled,data_table_ruled
EYE,EYE-NATIONAL VISION HOLDINGS INC-2022.pdf,71,representative,table_dominant,disclosure_index_table,SDG Index ruled table: SDG icon/TARGET/NATIONAL VISION ACTION-INITIATIVE,annotator_agreement,table_dominant,table_dominant,disclosure_index_table,disclosure_index_table
RL,RL-RALPH LAUREN CORP-2024.pdf,58,representative,prose,prose_multicol,"Genuine prose on Education/DE&I and Gives Back programs with a sidebar callout box, no tables",annotator_agreement,prose,prose,prose_multicol,prose_multicol
BRLT,BRLT-BRILLIANT EARTH GP INC-2022.pdf,55,representative,table_dominant,disclosure_index_table,"GRI Standard/Disclosure/Location/Omissions/SASB Code ruled table, multi-row disclosure cells",annotator_agreement,table_dominant,table_dominant,disclosure_index_table,disclosure_index_table
DELL,DELL-DELL TECHNOLOGIES INC-2022.pdf,26,representative,table_dominant,data_table_ruled,"Goals table: Goal/Unit of Measure/FY20/FY21/FY22/Performance commentary, ruled rows",annotator_agreement,table_dominant,table_dominant,data_table_ruled,data_table_ruled
HD,HD-HOME DEPOT INC-2023.pdf,122,representative,table_dominant,disclosure_index_table,TCFD Framework ruled index table: Disclosure Topics/Section/Page#/Additional Sources,annotator_agreement,table_dominant,table_dominant,disclosure_index_table,disclosure_index_table
M,M-MACY'S INC-2024.pdf,15,representative,prose,prose_multicol,"2-col prose on colleague development with photo and a bolded-bullet program-list callout box, no label/value table structure",annotator_agreement,prose,prose,prose_multicol,prose_multicol
LOVE,LOVE-LOVESAC CO (THE)-2025.pdf,47,representative,prose,prose_multicol,"4 prose subsections (diversity/independence/criteria/risk mgmt) dominate; 2 simple self-contained stat visualizations (icon row, donut chart) alongside",annotator_agreement,prose,prose,prose_multicol,chart_infographic
NKE,NKE-NIKE INC -CL B-2021.pdf,114,representative,prose,prose_multicol,"Genuine prose on waste-reduction initiatives, sidebar callout box, photo+pull-quote, no tables",annotator_agreement,prose,prose,prose_multicol,prose_multicol
MELI,MELI-MERCADOLIBRE-2025.pdf,49,representative,prose,prose_multicol,"2 independent narrative case-study boxes (disability inclusion program, Inclusion Insights Team), each self-contained, no shared row-structure",annotator_agreement,prose,prose,prose_multicol,prose_multicol
LAD,LAD-LITHIA MOTORS INC -CL A-2025.pdf,6,representative,prose,prose_multicol,"Interview-style spotlight article, intro+bio+Q&A prose across cols, photos",annotator_agreement,prose,prose,prose_multicol,prose_multicol
JWN,JWN-NORSTROM-2023.pdf,34,representative,prose,prose_multicol,"Restaurant Group prose + McBride Sisters callout box + environmental-impact prose + photo, no tables",annotator_agreement,prose,prose,prose_multicol,prose_multicol
M,M-MACY'S INC-2023.pdf,94,representative,prose,prose_multicol,"2-col prose on human rights oversight and supply chain risk assessment, no tables",annotator_agreement,prose,prose,prose_multicol,prose_multicol
LEG,LEG-LEGGETT & PLATT INC-2023.pdf,3,representative,prose,prose_multicol,"CEO letter prose + values pull-quote box + 3 self-contained fact bullets, no label/value table",annotator_agreement,prose,prose,prose_multicol,prose_multicol
KTB,KTB-KONTOOR BRANDS INC-2024.pdf,22,representative,prose,prose_multicol,"2-col prose on circularity strategy with highlighted pull-quote and photo, no tables",annotator_agreement,prose,prose,prose_multicol,prose_multicol
EYE,EYE-NATIONAL VISION HOLDINGS INC-2021.pdf,4,representative,prose,prose_multicol,"'About this report' 2-col prose describing report scope, photo, no tables",annotator_agreement,prose,prose,prose_multicol,prose_multicol
DECK,DECK-DECKERS OUTDOOR CORP-2025.pdf,190,representative,table_dominant,data_table_ruled,"T2 Supplier Facilities disclosure: 13-column ruled table (category/country/parent/name/address/workers/union/specialty/brands), many rows",annotator_agreement,table_dominant,table_dominant,data_table_ruled,data_table_ruled
LULU,LULU-LULULEMON ATHLETICA INC-2022.pdf,65,representative,prose,prose_multicol,"Spotlight story 'The more you know' on Sustainable Design Collective, 2-col prose + photo, no tables",annotator_agreement,prose,prose,prose_multicol,prose_multicol
ETSY,ETSY-Etsy-2021.pdf,7,representative,prose,prose_multicol,"Full-width narrative plus a goals bullet list beside independent DEI prose; the two columns carry no row correspondence, so column-major reading is correct.",adjudicated,prose,ambiguous_or_mixed,prose_multicol,other
APC,APC-ARKO PETROLEUM CORP-2021.pdf,37,representative,prose,prose_multicol,"2-col legal/forward-looking-statements boilerplate prose, no tables",annotator_agreement,prose,prose,prose_multicol,prose_multicol
W,W-WAYFAIR INC-2023.pdf,27,representative,table_dominant,disclosure_index_table,GRI 2 General Disclosures ruled table: GRI Standard/Disclosure/Location mapped to Proxy Statement pages,annotator_agreement,table_dominant,table_dominant,disclosure_index_table,disclosure_index_table
PLCE,PLCE-The Childrens Place-2022.pdf,4,representative,prose,prose_multicol,"CEO letter, photo + 2-col prose narrative, no tables",annotator_agreement,prose,prose,prose_multicol,prose_multicol
T,T-AT&T INC-2025.pdf,8,representative,prose,prose_multicol,"2-col prose on digital divide access/affordability/adoption dominates; 2 self-contained Target stat-card boxes (donut+number+caption) alongside, not detached label/value pairs",annotator_agreement,prose,prose,prose_multicol,prose_multicol
DELL,DELL-DELL TECHNOLOGIES INC-2024.pdf,22,representative,prose,prose_multicol,"Sustainable data centers, photo + 2-col bulleted prose, no tables",annotator_agreement,prose,prose,prose_multicol,prose_multicol
PVH,PVH-PVH CORP-2021.pdf,20,representative,prose,prose_multicol,"2 independent bullet-list columns (Human Rights orgs | Community & Inclusion orgs) plus photo; each name self-contained, column-major reading correct",annotator_agreement,prose,prose,prose_multicol,other
M,M-MACY'S INC-2023.pdf,22,representative,prose,prose_multicol,"Colleague Development prose with mission-statement callout box and photos, no tables",annotator_agreement,prose,prose,prose_multicol,prose_multicol
AAP,AAP-ADVANCE AUTO PARTS INC-2022.pdf,33,representative,prose,prose_multicol,"2 independent prose columns (Distribution Center Safety | Store Safety), photo, column-major reading correct",annotator_agreement,prose,prose,prose_multicol,prose_multicol
MUSA,MUSA-MURPHY USA INC-2023.pdf,34,representative,prose,prose_multicol,"2-col prose on compliance/ethics with a 3-box contact-info callout (Hotline/Email/Online), each box self-contained, no scrambling risk",annotator_agreement,prose,prose,prose_multicol,prose_multicol
ARKO,ARKO-ARKO CORP-2021.pdf,29,representative,prose,prose_multicol,"2-col prose on Code of Conduct with highlighted guiding-principles bullet box, photo banner, no tables",annotator_agreement,prose,prose,prose_multicol,prose_multicol
DECK,DECK-DECKERS OUTDOOR CORP-2024.pdf,151,representative,table_dominant,disclosure_index_table,"GRI 2 General Disclosures ruled table: Disclosure Number/Title/Notes/Location, multi-paragraph note cells",annotator_agreement,table_dominant,table_dominant,disclosure_index_table,disclosure_index_table
WMT,WMT-WALMART INC-2022.pdf,38,representative,prose,prose_multicol,"2 independent bullet-list columns (economic vitality | community resilience facts), photo, column-major reading correct",annotator_agreement,prose,prose,prose_multicol,prose_multicol
AAPL,AAPL-APPLE INC-2021.pdf,12,representative,prose,prose_multicol,"'Smarter chemistry' 2-col prose plus narrow stat-callout column (100%, 1400+), each callout self-contained sentence, no detachment risk",annotator_agreement,prose,prose,prose_multicol,prose_multicol
M,M-MACY'S INC-2023.pdf,72,representative,prose,prose_multicol,"Sustainable innovations/training prose plus yellow traceability-claims box, photo, no tables",annotator_agreement,prose,prose,prose_multicol,prose_multicol
SGC,SGC-SUPERIOR GROUP OF COS INC-2023.pdf,15,representative,prose,prose_multicol,A full prose column beside a pull quote and a certifications prose box; no label-value or row structure exists to scramble.,adjudicated,prose,ambiguous_or_mixed,prose_multicol,other
UEIC,UEIC-UNIVERSAL ELECTRONICS INC-2023.pdf,27,representative,table_dominant,disclosure_index_table,GRI Index ruled table: DISCLOSURE/RESPONSE mapping GRI 305/308/401/403 codes to response text,annotator_agreement,table_dominant,table_dominant,disclosure_index_table,disclosure_index_table
HD,HD-HOME DEPOT INC-2023.pdf,97,representative,prose,prose_multicol,"Conflict Minerals 2-col prose plus self-contained 100% stat-callout box, photo, no tables",annotator_agreement,prose,prose,prose_multicol,prose_multicol
EYE,EYE-NATIONAL VISION HOLDINGS INC-2021.pdf,55,representative,prose,prose_multicol,"3-col prose/bulleted DEI partnership descriptions with bold lead-ins, each bullet self-contained, no table structure",annotator_agreement,prose,prose,prose_multicol,prose_multicol
TSCO,TSCO-TRACTOR SUPPLY CO-2025.pdf,24,representative,prose,prose_multicol,"2-col prose on pet care services dominates; right-sidebar 4-card stat grid, each card self-contained icon+number+caption, no detachment risk",annotator_agreement,prose,prose,prose_multicol,prose_multicol
WMK,WMK-WEIS MARKETS INC-2021.pdf,12,representative,ambiguous_or_mixed,chart_infographic,"Waste-category tree of self-contained label-above-value cards is neither a row-structured table nor simple prose, and the tree layout gives no canonical linear order; group totals could migrate between categories.",adjudicated,table_dominant,prose,chart_infographic,chart_infographic
LOVE,LOVE-LOVESAC CO (THE)-2025.pdf,26,representative,prose,prose_multicol,"Pay & Benefits, 2-col prose with icon+heading+paragraph sections, no tables",annotator_agreement,prose,prose,prose_multicol,prose_multicol
ETSY,ETSY-Etsy-2021.pdf,8,representative,prose,prose_multicol,Goals-versus-narrative two-column layout in two shaded bands; each block is self-contained bullets or prose with no line-level row structure to scramble.,adjudicated,prose,table_dominant,prose_multicol,disclosure_index_table
DECK,DECK-DECKERS OUTDOOR CORP-2021.pdf,165,representative,table_dominant,data_table_ruled,"4 separate ruled fiber-breakdown data tables (UGG footwear/apparel, by year, % usage), header+data rows",annotator_agreement,table_dominant,table_dominant,data_table_ruled,data_table_ruled
MOV,MOV-MOVADO GROUP INC-2025.pdf,31,representative,ambiguous_or_mixed,other,"2-page spread: small 4-row quantity/material recovery list (32g Diamonds, 21kg Precious Metals, etc) + substantial genuine prose on recycling partnerships by country",annotator_agreement,ambiguous_or_mixed,ambiguous_or_mixed,other,stat_card_grid
CVS,CVS-CVS HEALTH CORP-2022.pdf,35,representative,prose,prose_multicol,"Resource consumption / supply chain prose with bulleted accomplishments box and pull-quote, no tables",annotator_agreement,prose,prose,prose_multicol,prose_multicol
GES,GES-GUESS-2021-2020.pdf,4,representative,prose,prose_multicol,"About Our Company 2-col prose narrative + numbered values list + mission statement paragraph, photo",annotator_agreement,prose,prose,prose_multicol,prose_multicol
MHK,MHK-MOHAWK INDUSTRIES INC-2023.pdf,31,representative,prose,prose_multicol,2 independent prose sections (Health and Well-Being | Zero-Harm Workplace) dominate; small embedded bar chart with year/value labels is secondary,annotator_agreement,prose,prose,prose_multicol,prose_multicol
WRBY,WRBY-WARBY PARKER INC-2022.pdf,28,representative,prose,prose_multicol,"Coaching/summit program prose with inline stat bullets (self-contained sentences), no label/value table",annotator_agreement,prose,prose,prose_multicol,prose_multicol
COLM,COLM-COLUMBIA SPORTSWEAR CO-2021.pdf,46,representative,prose,prose_multicol,"Appendix D audits, 2-col numbered (1-5) prose sections, each self-contained, no tables",annotator_agreement,prose,prose,prose_multicol,prose_multicol
SNBR,SNBR-SLEEP NUMBER CORP-2022.pdf,22,representative,prose,other,"The five-column benefits grid holds independent per-category bullet lists of unequal length, so column-major reading is the correct order rather than a scrambling one.",adjudicated,prose,ambiguous_or_mixed,prose_multicol,other
BBY,BBY-BEST BUY CO INC-2022.pdf,100,representative,table_dominant,disclosure_index_table,TCFD index ruled table: Topic/Location of disclosure mapping Governance/Strategy/Risk Mgmt/Metrics rows to CDP codes,annotator_agreement,table_dominant,table_dominant,disclosure_index_table,disclosure_index_table
DECK,DECK-DECKERS OUTDOOR CORP-2025.pdf,47,representative,prose,prose_multicol,Materials prose (leather sourcing) dominates; bar chart with %-labeled bars and 3 self-contained big-number stat callouts alongside,annotator_agreement,prose,prose,prose_multicol,prose_multicol
VSXY,VSXY-Victorias Secret-2023.pdf,96,representative,table_dominant,disclosure_index_table,IFRS S2 Response ruled table: Category/Details/2023 Response mapping numbered disclosure items to company responses,annotator_agreement,table_dominant,table_dominant,disclosure_index_table,disclosure_index_table
WWW,WWW-WOLVERINE WORLD WIDE-2022.pdf,4,representative,prose,prose_multicol,"CEO letter 2-page spread, photo + 2-col prose (environmental/DEI/community sections), signature",annotator_agreement,prose,prose,prose_multicol,prose_multicol
NKE,NKE-NIKE INC -CL B-2022.pdf,51,representative,prose,prose_multicol,"2-col prose on engagement/inclusion targets dominates left half; right half bar chart with %-on-bar labels and 2 self-contained benchmark callouts (83%/82%), values stay adjacent to their FY-year labels",annotator_agreement,prose,prose,prose_multicol,chart_infographic
HD,HD-HOME DEPOT INC-2023.pdf,112,representative,table_dominant,disclosure_index_table,"GRI Standards ruled table: Disclosure code/Location, mapping 2-1 through 2-7 organizational disclosures to response text",annotator_agreement,table_dominant,table_dominant,disclosure_index_table,disclosure_index_table
DKS,DKS-DICKS SPORTING GOODS INC-2021.pdf,51,representative,prose,prose_multicol,"2 narrative spotlight stories (diversity/sustainable apparel) with photo and pull-quote box, no tables",annotator_agreement,prose,prose,prose_multicol,prose_multicol
DLTR,DLTR-DOLLAR TREE INC-2021.pdf,3,representative,prose,prose_multicol,"Mission statement prose + Values/Strategy section with WINNER acronym bulleted list, no label/value table",annotator_agreement,prose,prose,prose_multicol,prose_multicol
AAPL,AAPL-APPLE INC-2022.pdf,35,representative,prose,prose_multicol,"EHS management systems 2-col prose with photo, no tables",annotator_agreement,prose,prose,prose_multicol,prose_multicol
SGC,SGC-SUPERIOR GROUP OF COS INC-2025.pdf,49,representative,table_dominant,disclosure_index_table,"SASB ruled table: Topic/Accounting Metric/Code/Response, multi-paragraph response cells with visible cell borders",annotator_agreement,table_dominant,table_dominant,disclosure_index_table,disclosure_index_table
ARKO,ARKO-ARKO CORP-2024.pdf,44,representative,prose,prose_multicol,"2-col prose on cybersecurity training and data privacy, no tables",annotator_agreement,prose,prose,prose_multicol,prose_multicol
ULTA,ULTA-ULTA BEAUTY INC-2022.pdf,26,representative,ambiguous_or_mixed,data_table_ruled,"Left: prose + 2 self-contained stat callouts. Right: genuine 2-row x 2-category (Scope 1&2 | Scope 3) comparison table with ruled separators, would detach 'What it is'/'What we're doing' row labels from the wrong scope column if scrambled",annotator_agreement,ambiguous_or_mixed,ambiguous_or_mixed,data_table_ruled,other
NKE,NKE-NIKE INC -CL B-2022.pdf,161,representative,prose,chart_infographic,"Two full prose columns dominate; the governance org-chart boxes carry single labels only, so there is no label-value pair for reading order to detach.",adjudicated,prose,ambiguous_or_mixed,prose_multicol,chart_infographic
COLM,COLM-COLUMBIA SPORTSWEAR CO-2022.pdf,23,representative,prose,prose_multicol,"Communities 2-col prose with self-contained $3M stat callout, photo, program box, no tables",annotator_agreement,prose,prose,prose_multicol,prose_multicol
CRI,CRI-CARTER'S INC-2022.pdf,39,representative,prose,prose_multicol,"Recruitment 2-col prose with inline self-contained stat bullets and partner-org bullet list, photo, no tables",annotator_agreement,prose,prose,prose_multicol,prose_multicol
CASY,CASY-CASEYS GENERAL STORES INC-2025.pdf,15,representative,ambiguous_or_mixed,data_table_ruled,"Small but genuine ruled table (EV chargers/stores x FY2025-23) whose six figures would scramble, embedded in a substantial prose column.",adjudicated,ambiguous_or_mixed,prose,data_table_ruled,chart_infographic
ROST,ROST-ROSS STORES INC-2021.pdf,24,representative,prose,prose_multicol,"Community Partners 3-col prose, photo, pull-quote box, no tables",annotator_agreement,prose,prose,prose_multicol,prose_multicol
GAP,GAP-GAP-2022.pdf,7,representative,ambiguous_or_mixed,other,"3 independent self-contained boxes (Business Highlights stats, 2022 Awards list, Signatories/Commitments list), each reads fine alone, no cross-box order dependency",annotator_agreement,ambiguous_or_mixed,ambiguous_or_mixed,other,other
SGI,SGI-SOMNIGROUP INTERNATIONAL INC-2025.pdf,11,representative,prose,prose_multicol,"2-col prose on land/forest management, fleet efficiency, zero-emission vehicles with pull-quote callouts and photo, no tables",annotator_agreement,prose,prose,prose_multicol,prose_multicol
CRI,CRI-CARTER'S INC-2023.pdf,6,representative,prose,prose_multicol,"'Our Brands' 2-col independent brand-profile cards (logo+description each), no cross-column row correspondence, column-major reading correct",annotator_agreement,prose,prose,prose_multicol,other
RL,RL-RALPH LAUREN CORP-2023.pdf,86,representative,prose,prose_multicol,"Ethics & Compliance 2-col prose with bulleted Code of Conduct list, no tables",annotator_agreement,prose,prose,prose_multicol,prose_multicol
PTRN,PTRN-Pattern Group-2024(Italian).pdf,77,representative,table_dominant,disclosure_index_table,"GRI Content Index (Italian): Categoria/Numero/Titolo/Sotto/ESRS Corrispondente/Descrizione/Capitolo/Pag ruled table, many rows",annotator_agreement,table_dominant,table_dominant,disclosure_index_table,disclosure_index_table
DLTR,DLTR-DOLLAR TREE INC-2021.pdf,17,representative,prose,prose_multicol,"Environmental Stewardship photo + 2-col prose/bulleted policy list, no tables",annotator_agreement,prose,prose,prose_multicol,prose_multicol
SONO,SONO-SONOS INC-2023.pdf,42,representative,table_dominant,disclosure_index_table,A genuine TCFD recommendation-to-disclosure index table carries most of the page's text and its row pairing would be destroyed by column-major reading.,adjudicated,table_dominant,ambiguous_or_mixed,disclosure_index_table,disclosure_index_table
SFM,SFM-SPROUTS FARMERS MARKET-2021.pdf,35,representative,prose,prose_multicol,"ESG Compensation 2-col prose with SDG icon sidebar, stat/quote box, photo, no tables",annotator_agreement,prose,prose,prose_multicol,prose_multicol
SNBR,SNBR-SLEEP NUMBER CORP-2023.pdf,64,representative,table_dominant,disclosure_index_table,"GRI Context Index ruled table: GRI/SASB Standard/Indicator-Metric/Disclosure, colored section header rows",annotator_agreement,table_dominant,table_dominant,disclosure_index_table,disclosure_index_table
PVH,PVH-PVH CORP-2022.pdf,105,representative,table_dominant,disclosure_index_table,GRI disclosure ruled table: Disclosure Number and Title/2022 Response (GRI 409/410/413/414),annotator_agreement,table_dominant,table_dominant,disclosure_index_table,disclosure_index_table
SNBR,SNBR-SLEEP NUMBER CORP-2023.pdf,47,representative,prose,prose_multicol,"Environmental Approach 2-col prose/bulleted list with photo, no tables",annotator_agreement,prose,prose,prose_multicol,prose_multicol
KSS,KSS-KOHL'S-2024.pdf,7,representative,prose,prose_multicol,"Workforce safety 2-col prose dominates; small 2-bar chart with number-on-bar+caption self-contained, no detachment risk",annotator_agreement,prose,prose,prose_multicol,prose_multicol
SGC,SGC-SUPERIOR GROUP OF COS INC-2021.pdf,10,representative,prose,prose_multicol,"Awards & recognition single-column list (award name+description pairs) plus decorative badge images, reads correctly regardless of order",annotator_agreement,prose,prose,prose_multicol,other
GES,GES-GUESS-2021-2020.pdf,3,representative,prose,prose_multicol,"CEO letter, photo + 3-col flowing prose narrative, no tables",annotator_agreement,prose,prose,prose_multicol,prose_multicol
COLM,COLM-COLUMBIA SPORTSWEAR CO-2021.pdf,5,representative,prose,prose_multicol,"About This Report 2-col prose (scope/data integrity/disclosure practices | frameworks), photo, footnote, no tables",annotator_agreement,prose,prose,prose_multicol,prose_multicol
WRBY,WRBY-WARBY PARKER INC-2024.pdf,64,representative,prose,prose_multicol,"Supply chain social compliance, photo + 2-col prose, no tables",annotator_agreement,prose,prose,prose_multicol,prose_multicol
T,T-AT&T INC-2023.pdf,48,representative,prose,stat_card_grid,Two full prose columns dominate; the four-stat band and the Target/Progress box each place a figure directly above its own caption with no shared row label spanning columns.,adjudicated,prose,ambiguous_or_mixed,prose_multicol,chart_infographic
ROST,ROST-ROSS STORES INC-2023.pdf,9,representative,prose,prose_multicol,"DE&I 2-col prose dominates; right-sidebar 4 self-contained donut-chart stats (%+label together), no tables",annotator_agreement,prose,prose,prose_multicol,prose_multicol
AAP,AAP-ADVANCE AUTO PARTS INC-2022.pdf,57,representative,prose,prose_multicol,"Cyber Security & Data Privacy 2-col prose with photo, no tables",annotator_agreement,prose,prose,prose_multicol,prose_multicol
TGT,TGT-TARGET CORP-2024.pdf,19,representative,prose,prose_multicol,"Product and Packaging Design bulleted 2-col prose with photo, no tables",annotator_agreement,prose,prose,prose_multicol,prose_multicol
RL,RL-RALPH LAUREN CORP-2025.pdf,45,representative,table_dominant,disclosure_index_table,"GRI Index ruled table: Disclosure/Disclosure Title/Response, GRI 2 General Disclosures 2-1 through 2-18",annotator_agreement,table_dominant,table_dominant,disclosure_index_table,disclosure_index_table
FIGS,FIGS-FIGS INC-2022.pdf,11,representative,prose,other,"Donation totals sit on one contiguous line with their labels and the recipient lists are value-free names, leaving nothing for reading order to corrupt.",adjudicated,prose,ambiguous_or_mixed,other,other
ACI,ACI-ALBERTSONS COS INC-2023.pdf,30,representative,table_dominant,disclosure_index_table,"UN SDG mapping ruled table: Sustainable Development Goal/Efforts by Albertsons/References in Report, shaded rows per SDG",annotator_agreement,table_dominant,table_dominant,disclosure_index_table,disclosure_index_table
MELI,MELI-MERCADOLIBRE-2023.pdf,79,representative,table_dominant,data_table_ruled,"GRI index (top) + large embedded New Hires/Turnover data table by country x gender x age-band (11 cols x ~20 rows), ruled, would badly scramble if read column-major",annotator_agreement,table_dominant,table_dominant,data_table_ruled,disclosure_index_table
XOM,XOM-EXXON MOBIL CORP-2021.pdf,18,representative,prose,prose_multicol,Emergency preparedness 2-col prose dominates; line chart (no per-point labels needing pairing) and 2 self-contained highlight-stat callouts with own explanatory text,annotator_agreement,prose,prose,prose_multicol,chart_infographic
LULU,LULU-LULULEMON ATHLETICA INC-2024.pdf,29,representative,prose,prose_multicol,"Packaging and Waste 2-col prose dominates; small bar chart with generously-spaced year+% labels directly paired, low detachment risk, photo",annotator_agreement,prose,prose,prose_multicol,prose_multicol
WOOF,WOOF-PETCO HEALTH AND WELLNESS CO-2022.pdf,25,representative,prose,prose_multicol,"Community Engagement 2-col prose with inline bulleted list and self-contained stat sentences, no tables",annotator_agreement,prose,prose,prose_multicol,prose_multicol
TGT,TGT-TARGET CORP-2023.pdf,106,representative,table_dominant,disclosure_index_table,"SDG Index ruled table: SDG/Goals and Accomplishments/Aligned Target Forward Ambition/Who Is Impacted/Aligned SDG Targets, 5 cols",annotator_agreement,table_dominant,table_dominant,disclosure_index_table,disclosure_index_table
WRBY,WRBY-WARBY PARKER INC-2022.pdf,49,representative,prose,prose_multicol,"Product Quality and Safety 2-col prose with photo, no tables",annotator_agreement,prose,prose,prose_multicol,prose_multicol
KSS,KSS-KOHL'S CORP-2021.pdf,13,representative,ambiguous_or_mixed,chart_infographic,"Lower half is a 14-bar energy-intensity chart whose rotated in-bar values sit apart from the CY2008-2021 axis labels, risking a run of context-free numbers.",adjudicated,ambiguous_or_mixed,prose,chart_infographic,chart_infographic
MHK,MHK-MOHAWK INDUSTRIES INC-2021.pdf,64,representative,table_dominant,disclosure_index_table,"GRI Index ruled table: Disclosure Number/Title/Response, colored section header rows (GRI 413/414/416)",annotator_agreement,table_dominant,table_dominant,disclosure_index_table,disclosure_index_table
BBY,BBY-BEST BUY CO INC-2025.pdf,19,representative,prose,prose_multicol,"Sustainable products 2-col prose dominates; gradient timeline chart with axis labels only (no per-segment pairing risk), photo",annotator_agreement,prose,prose,prose_multicol,prose_multicol
BBY,BBY-BEST BUY CO INC-2022.pdf,69,representative,prose,prose_multicol,Two-column prose dominates and the Metric/Performance list uses dot leaders that keep each metric and its value on one physical line.,adjudicated,prose,ambiguous_or_mixed,prose_multicol,other
LOW,LOW-LOWE'S COS INC-2023.pdf,43,representative,prose,prose_multicol,"Business Resilience 2-col prose (governance/continuity/GSOC/command center), photos, no tables",annotator_agreement,prose,prose,prose_multicol,prose_multicol
HD,HD-HOME DEPOT INC-2023.pdf,90,representative,prose,prose_multicol,"Path to Pro program 2-col prose with Did-You-Know callout box and photo, no tables",annotator_agreement,prose,prose,prose_multicol,prose_multicol
TSCO,TSCO-TRACTOR SUPPLY CO-2025.pdf,29,representative,prose,prose_multicol,"4 stacked sections each with icon+heading+2 independent bullet-list columns (no row correspondence between them), column-major reading correct",annotator_agreement,prose,prose,prose_multicol,prose_multicol
WRBY,WRBY-WARBY PARKER INC-2022.pdf,22,representative,prose,prose_multicol,"Engagement and Belonging 2-col prose with Fun Fact callout box and photo, no tables",annotator_agreement,prose,prose,prose_multicol,prose_multicol
LULU,LULU-LULULEMON ATHLETICA INC-2024.pdf,28,representative,prose,prose_multicol,"Chemicals Management 3-col prose with photo, no tables",annotator_agreement,prose,prose,prose_multicol,prose_multicol
GPI,GPI-GROUP 1 AUTOMOTIVE INC-2023.pdf,18,representative,prose,prose_multicol,"Training and Development 2-col prose (rotational leadership program, EV safety) with photos, no tables",annotator_agreement,prose,prose,prose_multicol,prose_multicol
LOVE,LOVE-LOVESAC CO (THE)-2024.pdf,15,representative,table_dominant,data_table_ruled,"Fiscal 2024 Targets Summary ruled KPI table: Target Description/Unit/FY21-24/%Change/Target/Target Year, multiple metric rows",annotator_agreement,table_dominant,table_dominant,data_table_ruled,data_table_ruled
FL,FL-FOOT LOCKER INC-2021.pdf,65,representative,table_dominant,disclosure_index_table,"SASB reference table: Activity Metrics/Category/Unit of Measure/Code/Data and Reference, multi-row",annotator_agreement,table_dominant,table_dominant,disclosure_index_table,disclosure_index_table
NWL,NWL-NEWELL BRANDS INC-2022.pdf,60,representative,prose,prose_multicol,"Independent third-party assurance letter, formal single-flow prose, no tables",annotator_agreement,prose,prose,prose_multicol,other
EYE,EYE-NATIONAL VISION HOLDINGS INC-2021.pdf,28,representative,prose,prose_multicol,"Vision-loss program story, photo + prose + pull-quote, no tables",annotator_agreement,prose,prose,prose_multicol,prose_multicol
BBY,BBY-BEST BUY CO INC-2021.pdf,41,representative,prose,prose_multicol,"DE&I employee spotlight 2-col prose with photo, no tables",annotator_agreement,prose,prose,prose_multicol,prose_multicol
CROX,CROX-CROCS INC-2023.pdf,36,representative,table_dominant,disclosure_index_table,"SASB Reference Table ruled: Topic/Code/Accounting-Activity Metric/Category/Unit of Measure/Data-Response/Related Reference, dense multi-paragraph cells",annotator_agreement,table_dominant,table_dominant,disclosure_index_table,disclosure_index_table
AAPL,AAPL-APPLE INC-2025.pdf,10,representative,ambiguous_or_mixed,data_table_ruled,"Bar-chart card carries a genuine ruled 3-row emissions table (Gross/Offsets/Net x 2015/2020/2025) whose values would detach under column-major reading, alongside real prose.",adjudicated,ambiguous_or_mixed,prose,data_table_ruled,chart_infographic
VRA,VRA-VERA BRADLEY INC-2025.pdf,28,representative,table_dominant,disclosure_index_table,"SASB 2024 ruled table: description/Data-Response/Code, 3-col with visible vertical rules, multiple rows",annotator_agreement,table_dominant,table_dominant,disclosure_index_table,disclosure_index_table
M,M-MACY'S INC-2023.pdf,34,representative,prose,prose_multicol,Substantial two-column prose dominates and the 17 CRG badges are self-contained name-plus-caption pairs.,adjudicated,prose,ambiguous_or_mixed,prose_multicol,other
PTRN,PTRN-Pattern Group-2022.pdf,24,representative,prose,prose_multicol,"Leather Goods Hub 2-col prose (Idee Partners/Development/Production/Footwear/Innovation), no tables",annotator_agreement,prose,prose,prose_multicol,prose_multicol
BRLT,BRLT-BRILLIANT EARTH GP INC-2022.pdf,59,representative,table_dominant,disclosure_index_table,GRI Standard/Disclosure/Location/Omissions/SASB Code ruled table plus a second SASB Omissions Code/Metric grid below,annotator_agreement,table_dominant,table_dominant,disclosure_index_table,disclosure_index_table
HD,HD-HOME DEPOT INC-2024.pdf,7,representative,ambiguous_or_mixed,other,"Wheel diagram (8 core values as legend segments) + 8 independent self-contained value blocks (heading+bullets, no cross-block correspondence) + 3 independent charity-program boxes at bottom, no single canonical order (FIGS-2024-p11-style)",annotator_agreement,ambiguous_or_mixed,ambiguous_or_mixed,other,other
GPI,GPI-GROUP 1 AUTOMOTIVE INC-2023.pdf,30,representative,table_dominant,data_table_ruled,"Governance and Oversight ruled table: Area of Performance/Position/Responsibility with genuine row correspondence, grouped by Social/Environmental/Governance",annotator_agreement,table_dominant,table_dominant,data_table_ruled,data_table_ruled
AZO,AZO-AUTOZONE INC-2023.pdf,44,representative,prose,prose_multicol,"Safety Culture/Fleet 2-col prose plus bottom awards-program prose banner, no tables",annotator_agreement,prose,prose,prose_multicol,prose_multicol
ULTA,ULTA-ULTA BEAUTY INC-2021.pdf,10,representative,prose,prose_multicol,"Data stewardship 2-col prose with bulleted list, photo, self-contained SecurityScorecard stat callout, no tables",annotator_agreement,prose,prose,prose_multicol,prose_multicol
PTRN,PTRN-Pattern Group-2021.pdf,28,representative,prose,prose_multicol,"Governance 2-col prose with self-contained name:title list lines (Board members, Auditors), no cross-column detachment",annotator_agreement,prose,prose,prose_multicol,prose_multicol
CASY,CASY-CASEYS GENERAL STORES INC-2022.pdf,17,representative,prose,prose_multicol,"Human Rights / Political Activities 2-col prose with photo and badge logos, no tables",annotator_agreement,prose,prose,prose_multicol,prose_multicol
ULTA,ULTA-ULTA BEAUTY INC-2022.pdf,24,representative,prose,prose_multicol,"Supplier Diversity 2-col bulleted prose with callout box and photo, no tables",annotator_agreement,prose,prose,prose_multicol,prose_multicol
SONO,SONO-SONOS INC-2024.pdf,23,representative,ambiguous_or_mixed,data_table_ruled,"Large FY24 workforce ethnic diversity ruled table occupies the left half with real row-label/value relationships, while the right half is two-column DEI prose; substantial mixed table+prose page",annotator_agreement,ambiguous_or_mixed,ambiguous_or_mixed,data_table_ruled,data_table_ruled
WOOF,WOOF-PETCO HEALTH AND WELLNESS CO-2023.pdf,34,representative,prose,prose_multicol,"Veterinary development page with prose column, photo, and self-contained testimonial pull-quote, no table or cross-column row correspondence",annotator_agreement,prose,prose,prose_multicol,prose_multicol
DG,DG-DOLLAR GENERAL CORP-2025.pdf,10,representative,prose,prose_multicol,"Access and Opportunities two-column prose with photo and self-contained jobs callout, no row-structured table",annotator_agreement,prose,prose,prose_multicol,prose_multicol
TGT,TGT-TARGET CORP-2021.pdf,36,representative,prose,prose_multicol,"Inclusive products/marketing two-column prose plus a dashed REACH aims callout, all text reads as independent prose with no label-value detachment risk",annotator_agreement,prose,prose,prose_multicol,prose_multicol
AAPL,AAPL-APPLE INC-2021.pdf,47,representative,prose,prose_multicol,"Developer Academy/Entrepreneur Camp/Affordable Housing multi-column prose with a narrow stack of self-contained stat callouts, no cross-column table relationship",annotator_agreement,prose,prose,prose_multicol,prose_multicol
AZO,AZO-AUTOZONE INC-2026.pdf,20,representative,table_dominant,disclosure_index_table,"SASB Index page dominated by a ruled SASB Code/Accounting Metric/SASB Data table, where column-major reading would detach codes and metrics from responses",annotator_agreement,table_dominant,table_dominant,disclosure_index_table,disclosure_index_table
BBWI,BBWI-BATH & BODY WORKS INC-2023.pdf,25,representative,prose,prose_multicol,"Education and development / IRG page of flowing multi-column prose with photo, quote, logo, and DEI highlights callout, no row-level table structure",annotator_agreement,prose,prose,prose_multicol,prose_multicol
WHR,WHR-WHIRLPOOL CORP-2022.pdf,103,representative,table_dominant,data_table_ruled,"Partnerships page is a full-width ruled partner table with ESG pillar group labels spanning many rows, so column-major reading would detach partners from organization descriptions",annotator_agreement,table_dominant,table_dominant,data_table_ruled,data_table_ruled
FL,FL-FOOT LOCKER INC-2022.pdf,29,representative,prose,other,"Energy conservation page with prose and independent Scope 1/2/3 explanatory boxes, not a row-correspondence table despite the grid-like cards",annotator_agreement,prose,prose,other,prose_multicol
VSXY,VSXY-Victorias Secret-2022.pdf,49,representative,prose,prose_multicol,"Store redesign page with two prose columns, a self-contained mannequin recycling callout, and photos; no label-value table structure",annotator_agreement,prose,prose,prose_multicol,prose_multicol
EBAY,EBAY-eBay-2023-Report.pdf,35,representative,prose,prose_multicol,"Supplier conduct, taxation, and government relations page with ordinary two-column prose and bullet list, no row-structured table",annotator_agreement,prose,prose,prose_multicol,prose_multicol
KSS,KSS-KOHL'S-2023.pdf,13,representative,prose,prose_multicol,"DEI introduction plus awards-and-recognition list with logos and self-contained award descriptions, no cross-column row correspondence",annotator_agreement,prose,prose,prose_multicol,prose_multicol
GIII,GII-G-III APPAREL GROUP LTD-2025.pdf,19,representative,prose,prose_multicol,"Environment page with two prose columns and a same-column initiatives list of percentages and descriptions, no table-style detachment across columns",annotator_agreement,prose,prose,prose_multicol,prose_multicol
ULTA,ULTA-ULTA BEAUTY INC-2021.pdf,15,representative,prose,prose_multicol,"DEI page with two prose columns and self-contained stat callouts beside an image, no dominant row-structured table",annotator_agreement,prose,prose,prose_multicol,prose_multicol
MUSA,MUSA-MURPHY USA INC-2024.pdf,28,representative,table_dominant,disclosure_index_table,"SASB waste and storage-tank response page uses left metric labels/codes mapped to right-side narrative and year data, so column-major reading would detach metric labels from responses",annotator_agreement,table_dominant,table_dominant,disclosure_index_table,disclosure_index_table
AAPL,AAPL-APPLE INC-2025.pdf,36,representative,prose,prose_multicol,"Environmental initiatives page with photo and two independent prose columns, no tables or label-value grid",annotator_agreement,prose,prose,prose_multicol,prose_multicol
ULTA,ULTA-ULTA BEAUTY INC-2025.pdf,18,representative,prose,prose_multicol,"Sustainable packaging page of flowing prose with self-contained goal and stat callouts, no row-level table structure",annotator_agreement,prose,prose,prose_multicol,prose_multicol
DECK,DECK-DECKERS OUTDOOR CORP-2024.pdf,76,representative,prose,other,"Brand-specific sustainable collections page is a set of independent product-description blocks with images, not a shared-row table; column-major reading does not detach labels from values",annotator_agreement,prose,prose,other,prose_multicol
CVS,CVS-CVS HEALTH CORP-2023.pdf,29,representative,prose,prose_multicol,"Maternal health disparities page with prose and bullet investments plus a self-contained 40K+ banner, no table correspondence",annotator_agreement,prose,prose,prose_multicol,prose_multicol
DELL,DELL-DELL TECHNOLOGIES INC-2023.pdf,58,representative,prose,prose_multicol,"Intro prose explicitly enumerates five service areas and each card is a self-contained heading plus paragraph, so nothing detaches.",adjudicated,ambiguous_or_mixed,prose,other,prose_multicol
SONO,SONO-SONOS INC-2024.pdf,24,representative,prose,prose_multicol,"DEI transparency and ERG page with prose columns and a single-column ERG name list, no cross-column label-value table",annotator_agreement,prose,prose,prose_multicol,prose_multicol
DKS,DKS-DICKS SPORTING GOODS INC-2021.pdf,48,representative,prose,other,Grouped attribute bullet lists and captioned certification logos are independent columns with no row correspondence to lose.,adjudicated,prose,ambiguous_or_mixed,other,stat_card_grid
BIRD,BIRD-ALLBIRDS INC-2022.pdf,5,representative,prose,prose_multicol,"Flight Status page of ordinary two-column prose under a large heading, no tables or structured label-value grid",annotator_agreement,prose,prose,prose_multicol,prose_multicol
ORLY,ORLY-O'REILLY AUTOMOTIVE INC-2024.pdf,31,representative,prose,prose_multicol,Photo-led community spread of independent prose stories; the donation total is a contiguous subtitle with no grid structure anywhere on the page.,adjudicated,prose,ambiguous_or_mixed,prose_multicol,other
MHK,MHK-MOHAWK INDUSTRIES INC-2023.pdf,63,representative,prose,chart_infographic,"Global impact page mixes prose, a donut chart legend, and self-contained stat callouts; chart labels are contiguous and no table rows dominate",annotator_agreement,prose,prose,chart_infographic,prose_multicol
AZO,AZO-AUTOZONE INC-2022.pdf,28,representative,prose,prose_multicol,"Key Initiatives page with two prose columns and a large vendor callout, no row-structured table",annotator_agreement,prose,prose,prose_multicol,prose_multicol
PTRN,PTRN-Pattern Group-2021.pdf,35,representative,table_dominant,data_table_ruled,"KPI and SDG page is dominated by ruled goal/strategy tables with KPI labels mapped to strategy text, so column-major reading would detach row labels from values",annotator_agreement,table_dominant,table_dominant,data_table_ruled,data_table_ruled
GES,GES-GUESS-2025.pdf,70,representative,table_dominant,disclosure_index_table,"GRI material topics spread uses Disclosure/Our Response rows across both pages, making row-level GRI labels and response text the dominant structure",annotator_agreement,table_dominant,table_dominant,disclosure_index_table,disclosure_index_table
AZO,AZO-AUTOZONE INC-2022.pdf,8,representative,prose,prose_multicol,"Our Culture page with hero photo and two prose columns, no table or grid relationship",annotator_agreement,prose,prose,prose_multicol,prose_multicol
GES,GES-GUESS-2023-2022.pdf,99,representative,table_dominant,disclosure_index_table,"GRI Index continued page is a ruled disclosure table with disclosure numbers, titles, coverage marks, and locations linked by row",annotator_agreement,table_dominant,table_dominant,disclosure_index_table,disclosure_index_table
WMT,WMT-WALMART INC-2022.pdf,5,representative,prose,prose_multicol,"Forward-looking statements page with two prose columns and a simple reporting-resources callout, no table structure",annotator_agreement,prose,prose,prose_multicol,prose_multicol
LZB,LZB-LA-Z-BOY INC-2023.pdf,41,representative,prose,prose_multicol,"Employee growth and awards page with flowing prose, a badge, and a self-contained quote/callout, no cross-column table relationship",annotator_agreement,prose,prose,prose_multicol,prose_multicol
BBY,BBY-BEST BUY CO INC-2022.pdf,21,representative,prose,prose_multicol,"Sustainable packaging page with prose sections and a photo, no row-structured table",annotator_agreement,prose,prose,prose_multicol,prose_multicol
AZO,AZO-AUTOZONE INC-2024.pdf,3,representative,prose,prose_multicol,"CEO letter page with portrait and two prose columns, no tables or label-value grid",annotator_agreement,prose,prose,prose_multicol,prose_multicol
SGC,SGC-SUPERIOR GROUP OF COS INC-2022.pdf,20,representative,ambiguous_or_mixed,chart_infographic,"Employee-tenure chart pairs four category labels with values across the bar and the headcount chart separates figures from their years, giving seven detachable pairs beside real prose.",adjudicated,prose,ambiguous_or_mixed,chart_infographic,chart_infographic
BBWI,BBWI-BATH & BODY WORKS INC-2025.pdf,61,representative,prose,stat_card_grid,"The 2x2 volunteering grid keeps each number contiguous with its own label, so column-major reading preserves every pair.",adjudicated,prose,ambiguous_or_mixed,stat_card_grid,stat_card_grid
WWW,WWW-WOLVERINE WORLD WIDE-2024.pdf,51,representative,prose,prose_multicol,"Cybersecurity and data privacy page with two prose columns beside a photo, no table structure",annotator_agreement,prose,prose,prose_multicol,prose_multicol
WHR,WHR-WHIRLPOOL CORP-2022.pdf,36,representative,prose,prose_multicol,"Water management page with photo, prose, and self-contained goal/recognition callouts, no row-correspondence table",annotator_agreement,prose,prose,prose_multicol,prose_multicol
ABG,ABG-ASBURY AUTOMOTIVE GROUP INC-2022.pdf,17,representative,prose,other,"Community engagement spread has prose, bullets, photos, and four independent Asbury Cares icon boxes; no table-style label-value detachment",annotator_agreement,prose,prose,other,prose_multicol
NKE,NKE-NIKE INC -CL B-2023.pdf,162,representative,table_dominant,data_table_ruled,"Data Tables page is dominated by electricity and Scope 2 emissions tables by area and fiscal year, so column-major reading would detach row labels from year values",annotator_agreement,table_dominant,table_dominant,data_table_ruled,data_table_ruled
KSS,KSS-KOHL'S CORP-2021.pdf,65,representative,prose,prose_multicol,"Conflict minerals and supply-chain policy page with two prose columns, no row-structured table",annotator_agreement,prose,prose,prose_multicol,prose_multicol
UEIC,UEIC-UNIVERSAL ELECTRONICS INC-2025.pdf,57,representative,table_dominant,disclosure_index_table,"TCFD Index page is a ruled disclosure table mapping governance/strategy prompts to referenced responses, so column-major order would detach rows",annotator_agreement,table_dominant,table_dominant,disclosure_index_table,disclosure_index_table
DECK,DECK-DECKERS OUTDOOR CORP-2023.pdf,173,representative,table_dominant,disclosure_index_table,"GRI Content Index continued page is dominated by disclosure-number/title/notes/location rows, making it a row-linked disclosure table",annotator_agreement,table_dominant,table_dominant,disclosure_index_table,disclosure_index_table
LOVE,LOVE-LOVESAC CO (THE)-2021.pdf,14,representative,prose,prose_multicol,"Sustainability narrative page with sidebar callout and navigation, main body prose and image, no table-like row correspondence",annotator_agreement,prose,prose,prose_multicol,prose_multicol
WHR,WHR-WHIRLPOOL CORP-2022.pdf,95,representative,prose,prose_multicol,"Anti-corruption page with two-column prose and a short bullet list, no table structure",annotator_agreement,prose,prose,prose_multicol,prose_multicol
M,M-MACY'S INC-2022.pdf,22,representative,prose,prose_multicol,"Responsible sourcing page with large heading, prose columns, and photo, no row-level table relationship",annotator_agreement,prose,prose,prose_multicol,prose_multicol
VVV,VVV-VALVOLINE INC-2023.pdf,38,representative,table_dominant,disclosure_index_table,ESG Reporting/GRI Content Index page is a multi-column ruled disclosure table linking topic rows to descriptions and locations,annotator_agreement,table_dominant,table_dominant,disclosure_index_table,disclosure_index_table
VZ,VZ-VERIZON COMMUNICATIONS INC-2024.pdf,4,representative,prose,chart_infographic,"The four-pillar cycle diagram stacks heading-plus-paragraph blocks in a single column and the right side is plain prose, so nothing detaches under column-major reading.",adjudicated,prose,ambiguous_or_mixed,chart_infographic,other
OXM,OXM-OXFORD INDUSTRIES INC-2021.pdf,19,representative,prose,prose_multicol,"Human rights page with prose columns and a same-panel conduct bullet list, no cross-column table relationship",annotator_agreement,prose,prose,prose_multicol,prose_multicol
VFC,VFC-VF CORP-2024.pdf,78,representative,prose,prose_multicol,"Safe Harbor Statement page is dense three-column legal prose, no table or label-value grid",annotator_agreement,prose,prose,prose_multicol,prose_multicol
W,W-WAYFAIR INC-2021.pdf,5,representative,prose,chart_infographic,"Governance org-chart boxes each hold a heading plus a self-contained paragraph with no label-value pairs, beside a genuine prose column and a pull quote.",adjudicated,prose,ambiguous_or_mixed,chart_infographic,other
LOVE,LOVE-LOVESAC CO (THE)-2025.pdf,44,representative,prose,prose_multicol,"Code of Business Conduct and Ethics page with three prose/list columns, no row-structured table",annotator_agreement,prose,prose,prose_multicol,prose_multicol
LAD,LAD-LITHIA MOTORS INC -CL A-2021.pdf,13,representative,prose,other,"Greening Our Communities spread has three independent community story blocks with images plus a large photo, not a shared-row table",annotator_agreement,prose,prose,other,prose_multicol
WHR,WHR-WHIRLPOOL CORP-2024.pdf,42,representative,prose,prose_multicol,"Compensation and benefits page with prose, photos, and self-contained callouts, no table structure",annotator_agreement,prose,prose,prose_multicol,prose_multicol
VFC,VFC-VF CORP-2022.pdf,63,representative,prose,prose_multicol,"Materials/sustainable design page with prose, bullet goals, a sidebar story, and images, no row-linked data table",annotator_agreement,prose,prose,prose_multicol,prose_multicol
AMZN,AMZN-Amazon-2021.pdf,71,representative,prose,prose_multicol,"Disaster relief page with prose blocks, photo, quote, and self-contained stat callouts, no table correspondence",annotator_agreement,prose,prose,prose_multicol,prose_multicol
JWN,JWN-NORSTROM-2023.pdf,29,representative,prose,prose_multicol,"Investing in key cities page is three-column prose with quotes and a photo, no row-structured table",annotator_agreement,prose,prose,prose_multicol,prose_multicol
DECK,DECK-DECKERS OUTDOOR CORP-2024.pdf,21,representative,ambiguous_or_mixed,data_table_ruled,"Global workforce page has substantial employee headcount/gender tables alongside donut charts and prose, making it a mixed table+chart+prose page",annotator_agreement,ambiguous_or_mixed,ambiguous_or_mixed,data_table_ruled,data_table_ruled
PVH,PVH-PVH CORP-2023.pdf,69,representative,table_dominant,disclosure_index_table,UN Guiding Principles framework page is dominated by side-by-side disclosure tables mapping principle prompts to PVH responses and links,annotator_agreement,table_dominant,table_dominant,disclosure_index_table,disclosure_index_table
LULU,LULU-LULULEMON ATHLETICA INC-2021.pdf,56,representative,prose,prose_multicol,"Packaging and waste page is mostly prose and image with only a small embedded packaging-baseline table, so the table is minor rather than dominant",annotator_agreement,prose,prose,prose_multicol,prose_multicol
WHR,WHR-WHIRLPOOL CORP-2023.pdf,43,representative,prose,prose_multicol,"Water management page with prose columns, photo, and self-contained water-intensity callout, no row-structured table",annotator_agreement,prose,prose,prose_multicol,prose_multicol
DLTR,DLTR-DOLLAR TREE INC-2024.pdf,32,representative,prose,prose_multicol,"Our Planet page with prose, image, bullet list, and a climate-target callout, no table row correspondence",annotator_agreement,prose,prose,prose_multicol,prose_multicol
NKE,NKE-NIKE INC -CL B-2022.pdf,103,representative,prose,prose_multicol,"Polyester page with three prose columns and an image, no table or label-value grid",annotator_agreement,prose,prose,prose_multicol,prose_multicol
SGC,SGC-SUPERIOR GROUP OF COS INC-2024.pdf,19,representative,prose,prose_multicol,"Responsible sourcing page with photo, prose columns, and a cotton supply-chain callout, no table structure",annotator_agreement,prose,prose,prose_multicol,prose_multicol
VZ,VZ-VERIZON COMMUNICATIONS INC-2024.pdf,16,representative,prose,prose_multicol,"Natural resources and waste page is dense multi-column prose, no table or grid of row-linked values",annotator_agreement,prose,prose,prose_multicol,prose_multicol
TGT,TGT-TARGET CORP-2022.pdf,27,representative,ambiguous_or_mixed,data_table_ruled,"Biodiversity page has real prose plus a substantial partner/program table on the right, so the table is meaningful but not the whole page",annotator_agreement,ambiguous_or_mixed,ambiguous_or_mixed,data_table_ruled,data_table_ruled
CURV,CURV-TORRID HOLDINGS-2022.pdf,32,representative,prose,prose_multicol,"About This Report page with three prose/bullet columns on methodology and boundaries, no row-structured table",annotator_agreement,prose,prose,prose_multicol,prose_multicol
WMT,WMT-WALMART INC-2021.pdf,24,representative,ambiguous_or_mixed,data_table_ruled,"Circular economy page combines prose and photo with a full-width goal/metric/progress table at the bottom, making it a substantial mixed table+prose page",annotator_agreement,ambiguous_or_mixed,ambiguous_or_mixed,data_table_ruled,data_table_ruled
ACI,ACI-ALBERTSONS COS INC-2025.pdf,17,representative,ambiguous_or_mixed,data_table_ruled,Ruled Carbon Footprint table (4 scope rows x 2019/2024) with eight scrambleable figures sits inside otherwise genuine three-column prose.,adjudicated,prose,ambiguous_or_mixed,chart_infographic,data_table_ruled
KSS,KSS-KOHL'S-2023.pdf,59,representative,prose,prose_multicol,"Social Responsibility Committee page with three prose columns and a bottom callout, no row-level table relationship",annotator_agreement,prose,prose,prose_multicol,prose_multicol
WMT,WMT-WALMART INC-2025.pdf,99,representative,prose,chart_infographic,"Public policy page with prose columns, challenges bullets, photo, and a self-contained donation donut chart, no row-structured table",annotator_agreement,prose,prose,chart_infographic,chart_infographic
AAPL,AAPL-APPLE INC-2023.pdf,58,representative,prose,prose_multicol,"Smarter chemistry approach page with multi-column prose and a vertical strategy icon list, no row-label/value table structure",annotator_agreement,prose,prose,prose_multicol,prose_multicol
ACI,ACI-ALBERTSONS COS INC-2024.pdf,18,representative,prose,prose_multicol,"Waste reduction page with prose columns, photo, and an independent product-highlights sidebar, no cross-column table relationship",annotator_agreement,prose,prose,prose_multicol,prose_multicol
KR,KR-KROGER CO-2024.pdf,60,representative,prose,prose_multicol,"Responsible supply chain page with multi-column prose and a policy-link callout box, no row-structured table",annotator_agreement,prose,prose,prose_multicol,prose_multicol
LEVI,LEVI-LEVI STRAUSS & CO-2022.pdf,3,representative,prose,prose_multicol,"CEO letter page with three prose columns, portrait, and signature block, no table or label-value grid",annotator_agreement,prose,prose,prose_multicol,prose_multicol
AMZN,AMZN-Amazon-2024.pdf,44,representative,prose,prose_multicol,"Inclusive experiences/community page with dense prose columns and a vertical stack of self-contained ITT cards, no shared row labels or table correspondence",annotator_agreement,prose,prose,prose_multicol,prose_multicol
TGT,TGT-TARGET CORP-2021.pdf,91,representative,table_dominant,disclosure_index_table,"SASB index page is dominated by a ruled Topic/Metric/Category/Code/Data/Reference table, where column-major reading would detach rows",annotator_agreement,table_dominant,table_dominant,disclosure_index_table,disclosure_index_table
KR,KR-KROGER CO-2022.pdf,21,representative,prose,prose_multicol,"Food access page with three prose columns and a large image, no row-structured table",annotator_agreement,prose,prose,prose_multicol,prose_multicol
ABG,ABG-ASBURY AUTOMOTIVE GROUP INC-2021.pdf,49,representative,table_dominant,disclosure_index_table,GRI disclosure page is a ruled Section/GRI Disclosure/Location table with row labels and responses linked across columns,annotator_agreement,table_dominant,table_dominant,disclosure_index_table,disclosure_index_table
LOVE,LOVE-LOVESAC CO (THE)-2024.pdf,52,representative,prose,prose_multicol,"Scope and forward-looking statements appendix page with prose blocks and a photo, no table or grid relationship",annotator_agreement,prose,prose,prose_multicol,prose_multicol
W,W-WAYFAIR INC-2021.pdf,10,representative,prose,prose_multicol,"DEI and talent development page with prose columns, story card, portrait, and quote, no table row correspondence",annotator_agreement,prose,prose,prose_multicol,prose_multicol
CRI,CRI-CARTER'S INC-2024.pdf,19,representative,prose,prose_multicol,"Sustainable apparel page with photo, prose sections, and same-column bullet lists, no shared-row table relationship",annotator_agreement,prose,prose,prose_multicol,prose_multicol
LZB,LZB-LA-Z-BOY INC-2025.pdf,21,representative,prose,prose_multicol,"TranZform page with prose columns, bullets, quotes, and photo, no row-structured table",annotator_agreement,prose,prose,prose_multicol,prose_multicol
VFC,VFC-VF CORP-2023.pdf,17,representative,prose,prose_multicol,"Talent development page with prose blocks and photos plus a bottom callout, no table or label-value grid",annotator_agreement,prose,prose,prose_multicol,prose_multicol
GPI,GPI-GROUP 1 AUTOMOTIVE INC-2023.pdf,5,representative,prose,prose_multicol,"CEO message page with multi-column letter text, portrait, and signature, no table structure",annotator_agreement,prose,prose,prose_multicol,prose_multicol
BURL,BURL-Burlington Stores-2024.pdf,28,representative,ambiguous_or_mixed,chart_infographic,"Central governance flowchart genuinely links role labels to who/what descriptions across rows, but flanking prose columns carry comparable text so it does not dominate.",adjudicated,table_dominant,ambiguous_or_mixed,chart_infographic,other
GO,GO-GROCERY OUTLET HLDNG CORP-2022.pdf,3,representative,prose,prose_multicol,"Stakeholder letter page with multi-column prose, bullets, portrait, quote, and signature, no row-structured table",annotator_agreement,prose,prose,prose_multicol,prose_multicol
TJX,TJX-Tjx Cos Inc-2024.pdf,54,representative,prose,prose_multicol,"Sustainable sourcing page with prose columns, bullets, and a self-contained 100 percent packaging goal callout, no table correspondence",annotator_agreement,prose,prose,prose_multicol,prose_multicol
ORLY,ORLY-O'REILLY AUTOMOTIVE INC-2024.pdf,50,representative,prose,prose_multicol,"Human capital policies appendix page with three prose/excerpt columns under separate headings, no row-level table structure",annotator_agreement,prose,prose,prose_multicol,prose_multicol
VFC,VFC-VF CORP-2024.pdf,23,representative,prose,stat_card_grid,"Human rights page with prose, photo, and a self-contained worker-rights progress stat panel, no shared row-label/value table",annotator_agreement,prose,prose,stat_card_grid,prose_multicol
HD,HD-HOME DEPOT INC-2024.pdf,51,representative,prose,prose_multicol,"Sustainable forestry page with multi-column prose, timeline bullets, and country-percentage bullets, no cross-column table relationship",annotator_agreement,prose,prose,prose_multicol,prose_multicol
BURL,BURL-Burlington Stores-2022.pdf,44,representative,prose,prose_multicol,"Ethical conduct continued page with prose columns, a bullet list, and photo, no row-structured table",annotator_agreement,prose,prose,prose_multicol,prose_multicol
T,T-AT&T INC-2021.pdf,3,representative,prose,prose_multicol,"CEO letter/section opener spread with prose columns, image, and a small page-list block, not dominated by table structure",annotator_agreement,prose,prose,prose_multicol,prose_multicol
MELI,MELI-MERCADOLIBRE-2023.pdf,35,representative,ambiguous_or_mixed,chart_infographic,"Circular ADN MELI diagram with four labelled segments maps onto four separate principle panels, matching the agreed HD-2024 p7 wheel-plus-boxes pattern with no canonical order.",adjudicated,prose,ambiguous_or_mixed,chart_infographic,other
NKE,NKE-NIKE INC -CL B-2022.pdf,112,representative,prose,prose_multicol,"Manufacturing waste page with prose columns and a large photo, no table or label-value grid",annotator_agreement,prose,prose,prose_multicol,prose_multicol
VSXY,VSXY-Victorias Secret-2022.pdf,35,representative,prose,prose_multicol,"Human rights page with multi-column prose, a policies list box, and guidebook image, no row-structured table",annotator_agreement,prose,prose,prose_multicol,prose_multicol
UEIC,UEIC-UNIVERSAL ELECTRONICS INC-2023.pdf,33,representative,table_dominant,disclosure_index_table,TCFD Index page is dominated by a row-structured disclosure table mapping topics and prompts to report locations,annotator_agreement,table_dominant,table_dominant,disclosure_index_table,disclosure_index_table
BBY,BBY-BEST BUY CO INC-2021.pdf,79,representative,prose,prose_short_columns,"Endnotes page with multi-column location lists where each state/address entry is self-contained, no shared row table",annotator_agreement,prose,prose,prose_short_columns,prose_short_columns
NWL,NWL-NEWELL BRANDS INC-2021.pdf,73,representative,table_dominant,disclosure_index_table,"TCFD Index page is a ruled topic/accounting metric/reference table, so column-major reading would detach prompts from locations",annotator_agreement,table_dominant,table_dominant,disclosure_index_table,disclosure_index_table
GAP,GAP-GAP-2025.pdf,26,representative,prose,prose_multicol,"Opportunity gap story page with photo, prose columns, and quote callout, no row-structured table",annotator_agreement,prose,prose,prose_multicol,prose_multicol
ULTA,ULTA-ULTA BEAUTY INC-2025.pdf,21,representative,prose,prose_multicol,"Inclusive growth page with two prose columns and a right mentor/mentee story sidebar, no table row correspondence",annotator_agreement,prose,prose,prose_multicol,prose_multicol
AMZN,AMZN-Amazon-2025.pdf,16,representative,prose,prose_multicol,"Water page with prose columns and self-contained water-efficiency/supply-chain callout boxes, no shared row table",annotator_agreement,prose,prose,prose_multicol,prose_multicol
KMX,KMX-CARMAX INC-2023.pdf,53,representative,table_dominant,data_table_ruled,"UN SDG moderate-impact page is dominated by a three-column grid with shared target/progress row bands across goals, so row context would detach",annotator_agreement,table_dominant,table_dominant,data_table_ruled,data_table_ruled
DELL,DELL-DELL TECHNOLOGIES INC-2024.pdf,16,representative,prose,chart_infographic,"Climate strategy page with prose, photo, and a self-contained scope-emissions infographic, no dominant row-structured table",annotator_agreement,prose,prose,chart_infographic,prose_multicol
W,W-WAYFAIR INC-2023.pdf,24,representative,prose,prose_multicol,Prose dominates and the certification logo grid carries no label-value text that reading order could corrupt.,adjudicated,prose,ambiguous_or_mixed,prose_multicol,stat_card_grid
AZO,AZO-AUTOZONE INC-2024.pdf,71,representative,table_dominant,disclosure_index_table,GRI Index page is dominated by a GRI Standard/Reference and Responses table with row-linked disclosures and responses,annotator_agreement,table_dominant,table_dominant,disclosure_index_table,disclosure_index_table
LOVE,LOVE-LOVESAC CO (THE)-2022.pdf,39,representative,prose,prose_multicol,"Governance page with prose columns and a small board-representation stat box, where the embedded table is minor",annotator_agreement,prose,prose,prose_multicol,prose_multicol
GPI,GPI-GROUP 1 AUTOMOTIVE INC-2022.pdf,21,representative,prose,prose_short_columns,"Commitments page with multiple independent thematic prose blocks in columns, no shared-row label/value structure",annotator_agreement,prose,prose,prose_short_columns,prose_multicol
JWN,JWN-NORSTROM-2024.pdf,41,representative,table_dominant,disclosure_index_table,SASB reference page is dominated by a multi-column activity-metric/category/code/response table where column-major reading would detach rows,annotator_agreement,table_dominant,table_dominant,disclosure_index_table,disclosure_index_table
WMT,WMT-WALMART INC-2025.pdf,21,representative,prose,prose_multicol,"Career mobility page with prose columns, callout box, challenges bullets, and photo, no row-structured table",annotator_agreement,prose,prose,prose_multicol,prose_multicol
GAP,GAP-GAP-2023.pdf,19,representative,prose,prose_multicol,"Water consumption page with prose columns, photo, and a small water-savings data table, where the embedded table is minor",annotator_agreement,prose,prose,prose_multicol,prose_multicol
PVH,PVH-PVH CORP-2022.pdf,110,representative,table_dominant,disclosure_index_table,"UN SDG Index page is dominated by side-by-side goal/material topic/target/examples tables, linking row labels to disclosures",annotator_agreement,table_dominant,table_dominant,disclosure_index_table,disclosure_index_table
SFM,SFM-SPROUTS FARMERS MARKET-2021.pdf,36,representative,prose,prose_multicol,"ESG leadership and oversight page with prose columns, green quote callout, and illustration, no row-structured table",annotator_agreement,prose,prose,prose_multicol,prose_multicol
TGT,TGT-TARGET CORP-2022.pdf,20,representative,ambiguous_or_mixed,data_table_ruled,"Greenhouse gas emissions page has prose plus a substantial Scope/Definition/Impact table, making it a mixed data-table and prose page",annotator_agreement,ambiguous_or_mixed,ambiguous_or_mixed,data_table_ruled,data_table_ruled
SNBR,SNBR-SLEEP NUMBER CORP-2021.pdf,45,representative,prose,prose_multicol,"Packaging and store environment page with prose columns, bullets, and photo, no table row correspondence",annotator_agreement,prose,prose,prose_multicol,prose_multicol
GROV,GROV-GROVE COLLABORATIVE HLDG INC-2021.pdf,35,representative,prose,prose_short_columns,"Carbon offsets checklist page with independent REC and offsets bullet lists, not a shared-row table",annotator_agreement,prose,prose,prose_short_columns,prose_multicol
LOVE,LOVE-LOVESAC CO (THE)-2022.pdf,45,representative,ambiguous_or_mixed,data_table_ruled,"Emissions inventory page has substantial prose plus a large Scope 3 management plan matrix, so the table is meaningful but not the whole page",annotator_agreement,ambiguous_or_mixed,ambiguous_or_mixed,data_table_ruled,data_table_ruled
CPNG,CPNG-Coupang-2023.pdf,3,representative,prose,prose_multicol,"Letter from management page with prose columns and photo, no table or label-value grid",annotator_agreement,prose,prose,prose_multicol,prose_multicol
DELL,DELL-DELL TECHNOLOGIES INC-2021.pdf,47,representative,prose,chart_infographic,"Sustainability goals page with two prose goal blocks, performance bar charts, and recent-highlights callouts, no row-structured table",annotator_agreement,prose,prose,chart_infographic,prose_multicol
AMZN,AMZN-Amazon-2023.pdf,83,representative,prose,prose_multicol,"Health and safety page with prose columns, bullets, and package-loading photo, no cross-column table relationship",annotator_agreement,prose,prose,prose_multicol,prose_multicol
CRI,CRI-CARTER'S INC-2021.pdf,42,representative,prose,prose_multicol,"Chemicals management page with prose columns, photo, and employee spotlight sidebar, no row-structured table",annotator_agreement,prose,prose,prose_multicol,prose_multicol
WSM,WSM-WILLIAMS-SONOMA INC-2023.pdf,19,representative,prose,chart_infographic,Four columns of genuine prose dominate; the circular audit-process diagram carries single labels only and the phase list keeps each heading with its own description.,adjudicated,prose,ambiguous_or_mixed,chart_infographic,other
NWL,NWL-NEWELL BRANDS INC-2024.pdf,26,representative,prose,other,"Prose column plus independent sidebar boxes; the audit grading matrix keeps each grade and its description in one contiguous run, and no box maps onto another.",adjudicated,prose,ambiguous_or_mixed,other,stat_card_grid
AAPL,AAPL-APPLE INC-2022.pdf,57,representative,prose,prose_multicol,"Customer product safety page with prose columns, a self-service repair callout, and product image, no table structure",annotator_agreement,prose,prose,prose_multicol,prose_multicol
PAG,PAG-PENSKE AUTOMOTIVE GROUP INC-2023.pdf,17,representative,prose,prose_multicol,"DEI page with hero photo, prose columns, and self-contained callout/quote boxes, no row-level table correspondence",annotator_agreement,prose,prose,prose_multicol,prose_multicol
BRLT,BRLT-BRILLIANT EARTH GP INC-2023.pdf,25,representative,table_dominant,data_table_ruled,"Sustainability goals page is dominated by a Year/Goal/Ambition/Status/Progress/Ambitions table, where row labels and values are linked",annotator_agreement,table_dominant,table_dominant,data_table_ruled,data_table_ruled
AMZN,AMZN-Amazon-2025.pdf,30,representative,prose,prose_multicol,"Employee experience page with dense prose columns and a small pay-equity table, where the embedded table is minor",annotator_agreement,prose,prose,prose_multicol,prose_multicol
GAP,GAP-GAP-2021.pdf,35,representative,prose,prose_multicol,"Water stewardship page with multi-column prose, image, and advocacy sidebar, no table or row-linked grid",annotator_agreement,prose,prose,prose_multicol,prose_multicol
LOW,LOW-LOWE'S COS INC-2021.pdf,18,representative,prose,other,Eight business-resource-group cards are a catalogue of self-contained entity profiles; order among them is arbitrary and no label-value pair can detach.,adjudicated,prose,ambiguous_or_mixed,other,stat_card_grid
KTB,KTB-KONTOOR BRANDS INC-2021.pdf,23,representative,prose,other,"Value chain page uses four independent image-and-prose cards, with no row correspondence between columns",annotator_agreement,prose,prose,other,prose_multicol
GROV,GROV-GROVE COLLABORATIVE HLDG INC-2023.pdf,5,representative,ambiguous_or_mixed,other,"The page is essentially eight independent tenet boxes in an irregular four-column grid with only a one-sentence prose spine, so no single canonical order exists.",adjudicated,prose,ambiguous_or_mixed,other,stat_card_grid
TGT,TGT-TARGET CORP-2023.pdf,66,representative,prose,prose_multicol,"Animal welfare page with prose columns, a self-contained 100 percent callout, and a small one-row metric table, not table-dominant",annotator_agreement,prose,prose,prose_multicol,prose_multicol
AAPL,AAPL-APPLE INC-2023.pdf,43,representative,prose,prose_multicol,"Product repair and reuse page with four prose columns, no row-structured table",annotator_agreement,prose,prose,prose_multicol,prose_multicol
EYE,EYE-NATIONAL VISION HOLDINGS INC-2022.pdf,45,representative,prose,prose_multicol,"Environmental performance reference page with prose columns and bullet list, no table or label-value grid",annotator_agreement,prose,prose,prose_multicol,prose_multicol
AMZN,AMZN-Amazon-2023.pdf,76,representative,ambiguous_or_mixed,chart_infographic,Employee benefits approach page is dominated by a large radial benefits infographic with many labeled sectors and no single canonical linear order,annotator_agreement,ambiguous_or_mixed,ambiguous_or_mixed,chart_infographic,chart_infographic
AAPL,AAPL-APPLE INC-2025.pdf,54,representative,prose,prose_multicol,"Water replenishment page with prose columns and a small replenishment-projects table, where the embedded table is minor",annotator_agreement,prose,prose,prose_multicol,prose_multicol
KTB,KTB-KONTOOR BRANDS INC-2021.pdf,36,representative,prose,prose_multicol,"Basic rights page with four prose columns and numbered principles, no row-structured table",annotator_agreement,prose,prose,prose_multicol,prose_multicol
KR,KR-KROGER CO-2022.pdf,24,representative,prose,prose_multicol,"Customer experience page with prose columns, image, and delivery story callout, no table relationship",annotator_agreement,prose,prose,prose_multicol,prose_multicol
NKE,NKE-NIKE INC -CL B-2024.pdf,2,representative,prose,prose_multicol,"Reporting methodology and safe harbor page with dense prose columns, no table or label-value grid",annotator_agreement,prose,prose,prose_multicol,prose_multicol
AMZN,AMZN-Amazon-2023.pdf,77,representative,prose,prose_multicol,"Employee progress page with dense prose columns and bullets, no table structure",annotator_agreement,prose,prose,prose_multicol,prose_multicol
AMZN,AMZN-Amazon-2021.pdf,38,representative,prose,prose_multicol,"Amazon Sustainability Data Initiative page with prose columns, image blocks, and project story text, no row-structured table",annotator_agreement,prose,prose,prose_multicol,prose_multicol
GAP,GAP-GAP-2025.pdf,45,representative,table_dominant,disclosure_index_table,GRI content index appendix page is dominated by side-by-side disclosure tables mapping standard sections to disclosures and locations,annotator_agreement,table_dominant,table_dominant,disclosure_index_table,disclosure_index_table
TPR,TPR-TAPESTRY INC-2024.pdf,38,representative,prose,other,"Four independent story panels, each self-contained prose under its own header; column-major reading yields each panel intact and nothing maps between them.",adjudicated,prose,ambiguous_or_mixed,other,stat_card_grid
KR,KR-KROGER CO-2025.pdf,26,representative,prose,prose_multicol,"Health and nutrition page with multi-column prose and a large photo, no table or label-value grid",annotator_agreement,prose,prose,prose_multicol,prose_multicol
AAPL,AAPL-APPLE INC-2022.pdf,56,representative,prose,prose_multicol,"Product safety and longevity page with prose columns, image, and a self-contained repair callout, no row-structured table",annotator_agreement,prose,prose,prose_multicol,prose_multicol
COLM,COLM-COLUMBIA SPORTSWEAR CO-2022.pdf,40,boundary,prose,prose_multicol,"Supply chain responsibility page with two prose columns, bullet list, photo, and quote callout, no shared row table",annotator_agreement,prose,prose,prose_multicol,prose_multicol
DECK,DECK-DECKERS OUTDOOR CORP-2024.pdf,31,boundary,table_dominant,data_table_ruled,People targets progress page is dominated by a multi-year targets/results/status table where column-major reading would detach row context,annotator_agreement,table_dominant,table_dominant,data_table_ruled,data_table_ruled
ULTA,ULTA-ULTA BEAUTY INC-2025.pdf,38,boundary,prose,other,"Two prose columns plus a bio-card grid of director portraits with name and title contiguous, and composition stats whose figures sit directly above their labels.",adjudicated,prose,ambiguous_or_mixed,other,stat_card_grid
TGT,TGT-TARGET CORP-2021.pdf,66,boundary,ambiguous_or_mixed,data_table_ruled,"Public policy page has prose columns plus a substantial embedded political-contributions organization/amount table, making it mixed",annotator_agreement,ambiguous_or_mixed,ambiguous_or_mixed,data_table_ruled,data_table_ruled
ROST,ROST-ROSS STORES INC-2021.pdf,14,boundary,prose,stat_card_grid,"Hiring and advancement page with prose columns, photo, and self-contained promotion stat callouts, no row-level table correspondence",annotator_agreement,prose,prose,stat_card_grid,prose_multicol
SNBR,SNBR-SLEEP NUMBER CORP-2024.pdf,26,boundary,prose,prose_short_columns,"DEI strategy overview page uses independent topical text blocks with icons, no shared row-label/value structure",annotator_agreement,prose,prose,prose_short_columns,prose_multicol
KTB,KTB-KONTOOR BRANDS INC-2021.pdf,38,boundary,prose,prose_multicol,"Basic rights continued page with multi-column prose and a large photo, no table or row-linked grid",annotator_agreement,prose,prose,prose_multicol,prose_multicol
LOW,LOW-LOWE'S COS INC-2024.pdf,32,boundary,prose,prose_multicol,"Product sustainability accomplishments page with prose sections, product images, and a 2025 plans column, no table structure",annotator_agreement,prose,prose,prose_multicol,prose_multicol
CURV,CURV-TORRID HOLDINGS-2023.pdf,9,boundary,ambiguous_or_mixed,data_table_ruled,"Chemical management page combines prose with substantial supplier survey and certification percentage tables, so it is mixed",annotator_agreement,ambiguous_or_mixed,ambiguous_or_mixed,data_table_ruled,data_table_ruled
PVH,PVH-PVH CORP-2021.pdf,17,boundary,prose,prose_multicol,"Brand highlights page with photo and two columns of bullet/prose content, no shared-row table relationship",annotator_agreement,prose,prose,prose_multicol,prose_multicol
WWW,WWW-WOLVERINE WORLD WIDE-2022.pdf,31,boundary,ambiguous_or_mixed,other,Packaging and innovative product page is a collage of independent text/image modules with no single canonical linear order,annotator_agreement,ambiguous_or_mixed,ambiguous_or_mixed,other,stat_card_grid
WWW,WWW-WOLVERINE WORLD WIDE-2024.pdf,16,boundary,prose,prose_multicol,"Benefits and wellness page with prose columns, bullet list, and photos, no row-structured table",annotator_agreement,prose,prose,prose_multicol,prose_multicol
AZO,AZO-AUTOZONE INC-2024.pdf,34,boundary,prose,prose_multicol,"DEI key initiatives page with prose columns, large photo, and section navigation, no table or label-value grid",annotator_agreement,prose,prose,prose_multicol,prose_multicol
NWL,NWL-NEWELL BRANDS INC-2021.pdf,60,boundary,prose,prose_multicol,"Disaster relief page with two prose columns, quote callout, and photo, no row-structured table",annotator_agreement,prose,prose,prose_multicol,prose_multicol
WSM,WSM-WILLIAMS-SONOMA INC-2022.pdf,53,boundary,table_dominant,disclosure_index_table,TCFD page is dominated by a disclosure matrix linking recommendations/questions to narrative responses across rows,annotator_agreement,table_dominant,table_dominant,disclosure_index_table,disclosure_index_table
XOM,XOM-EXXON MOBIL CORP-2026.pdf,74,boundary,prose,prose_multicol,"Supplier sourcing page with a prose case-study panel, photo, and narrative column, no row-structured table",annotator_agreement,prose,prose,prose_multicol,prose_multicol
LOW,LOW-LOWE'S COS INC-2021.pdf,42,boundary,ambiguous_or_mixed,chart_infographic,"Governance page combines substantial prose with a sizeable board risk oversight role diagram, so it is mixed",annotator_agreement,ambiguous_or_mixed,ambiguous_or_mixed,chart_infographic,other
ARKO,ARKO-ARKO CORP-2022.pdf,41,boundary,table_dominant,disclosure_index_table,"SASB index page is dominated by a multi-column disclosure table mapping topics, metrics, codes, and responses",annotator_agreement,table_dominant,table_dominant,disclosure_index_table,disclosure_index_table
VFC,VFC-VF CORP-2024.pdf,29,boundary,prose,prose_multicol,"Development highlights page uses side-by-side prose pillars and self-contained activity/results lists, no shared-row table relationship",annotator_agreement,prose,prose,prose_multicol,prose_multicol
NKE,NKE-NIKE INC -CL B-2023.pdf,30,boundary,prose,chart_infographic,"Two prose columns dominate and the two-bar favourability chart has its FY22/FY23 headers directly above their values, with the same figures restated in the prose.",adjudicated,prose,ambiguous_or_mixed,chart_infographic,chart_infographic
BIRD,BIRD-ALLBIRDS INC-2023.pdf,19,boundary,table_dominant,disclosure_index_table,SASB disclosures page is dominated by a Description/Response/SASB Standard table linking disclosure text to responses and code,annotator_agreement,table_dominant,table_dominant,disclosure_index_table,disclosure_index_table
TGT,TGT-TARGET CORP-2022.pdf,66,boundary,prose,prose_multicol,"About this report page with multi-column prose, bullets, and navigation text, no table or label-value grid",annotator_agreement,prose,prose,prose_multicol,prose_multicol
PTRN,PTRN-Pattern Group-2021.pdf,88,boundary,prose,prose_multicol,"Wastewater tools page with two prose columns and small self-contained tool icons, no row-structured table",annotator_agreement,prose,prose,prose_multicol,prose_multicol
BBWI,BBWI-BATH & BODY WORKS INC-2023.pdf,17,boundary,prose,prose_multicol,"Benefits page with photo, quote callout, prose, and bullet lists, no table row correspondence",annotator_agreement,prose,prose,prose_multicol,prose_multicol
AAP,AAP-ADVANCE AUTO PARTS INC-2021.pdf,38,boundary,prose,prose_multicol,"DEI awareness and inclusion council page with two prose columns and bullets, no row-structured table",annotator_agreement,prose,prose,prose_multicol,prose_multicol
UEIC,UEIC-UNIVERSAL ELECTRONICS INC-2025.pdf,49,boundary,table_dominant,disclosure_index_table,GRI index appendix page is dominated by a ruled disclosure/response table linking codes to report references,annotator_agreement,table_dominant,table_dominant,disclosure_index_table,disclosure_index_table
NKE,NKE-NIKE INC -CL B-2023.pdf,25,boundary,prose,prose_multicol,"Racial and ethnic minorities page with prose story columns and photos, no row-structured table",annotator_agreement,prose,prose,prose_multicol,prose_multicol
BRLT,BRLT-BRILLIANT EARTH GP INC-2022.pdf,30,boundary,prose,other,"Compassion partnerships page uses three independent story/profile columns with images, no shared-row table relationship",annotator_agreement,prose,prose,other,prose_multicol
DECK,DECK-DECKERS OUTDOOR CORP-2023.pdf,158,boundary,ambiguous_or_mixed,chart_infographic,"Consumer safety page combines prose with a large CPSIA bar chart and VOC data table, so it is mixed",annotator_agreement,ambiguous_or_mixed,ambiguous_or_mixed,chart_infographic,data_table_ruled
CROX,CROX-CROCS INC-2022.pdf,4,boundary,ambiguous_or_mixed,chart_infographic,"Company overview spread combines CEO letter prose with values panels and a substantial timeline infographic, so no single prose/table reading dominates",annotator_agreement,ambiguous_or_mixed,ambiguous_or_mixed,chart_infographic,other
XOM,XOM-EXXON MOBIL CORP-2022.pdf,47,boundary,prose,prose_multicol,"Human rights and strategic elements page with two prose columns and self-contained link callouts, no row-structured table",annotator_agreement,prose,prose,prose_multicol,prose_multicol
PTRN,PTRN-Pattern Group-2021.pdf,57,boundary,prose,prose_short_columns,"Social responsibility requirements page is dense numbered prose in narrow columns, with no table row correspondence",annotator_agreement,prose,prose,prose_short_columns,prose_multicol
WHR,WHR-WHIRLPOOL CORP-2024.pdf,12,boundary,ambiguous_or_mixed,chart_infographic,"ESG governance page combines prose with a substantial oversight role diagram over a photo, making it mixed",annotator_agreement,ambiguous_or_mixed,ambiguous_or_mixed,chart_infographic,other
VRA,VRA-VERA BRADLEY INC-2025.pdf,25,boundary,table_dominant,disclosure_index_table,SASB raw materials sourcing page is dominated by disclosure/code tables and a central material-volume data table,annotator_agreement,table_dominant,table_dominant,disclosure_index_table,data_table_ruled
CRMT,CRMT-AMERICA'S CAR-MART INC-2023.pdf,30,boundary,prose,prose_short_columns,"Stakeholder engagement page with independent category bullet lists in two columns, no shared-row table relationship",annotator_agreement,prose,prose,prose_short_columns,prose_short_columns
PVH,PVH-PVH CORP-2023.pdf,22,boundary,prose,chart_infographic,"Hazardous chemicals page with prose columns, photo, progress bar, and minor progress bullets, no row-structured table",annotator_agreement,prose,prose,chart_infographic,prose_multicol
VZ,VZ-VERIZON COMMUNICATIONS INC-2023.pdf,33,boundary,prose,prose_multicol,"Supply chain management page with three independent prose columns and headings, no table or label-value grid",annotator_agreement,prose,prose,prose_multicol,prose_multicol
AZO,AZO-AUTOZONE INC-2024.pdf,64,boundary,table_dominant,disclosure_index_table,GRI Index page is dominated by a multi-row standard/reference/response table where row context links codes to responses,annotator_agreement,table_dominant,table_dominant,disclosure_index_table,disclosure_index_table
DG,DG-DOLLAR GENERAL CORP-2025.pdf,19,boundary,prose,prose_multicol,"Employee health and safety page with prose columns, bullets, and a photo, no row-structured table",annotator_agreement,prose,prose,prose_multicol,prose_multicol
KMX,KMX-CARMAX INC-2021.pdf,29,boundary,prose,prose_multicol,"Associate education page with prose columns, a policy bullet list, and a large photo, no table relationship",annotator_agreement,prose,prose,prose_multicol,prose_multicol
VFC,VFC-VF CORP-2022.pdf,30,boundary,prose,prose_multicol,"Community impact page with prose columns, photo, and a small quarterly focus grid, where the grid is minor and self-contained",annotator_agreement,prose,prose,prose_multicol,prose_multicol
WHR,WHR-WHIRLPOOL CORP-2022.pdf,106,boundary,table_dominant,data_table_ruled,External limited assurance page is dominated by a ruled metrics/value/unit/criteria table with row-linked entries,annotator_agreement,table_dominant,table_dominant,data_table_ruled,data_table_ruled
LAD,LAD-LITHIA MOTORS INC -CL A-2025.pdf,14,boundary,prose,other,Quarterly focus cells and the interviewee bio are self-contained label-plus-description blocks inside a heavily prose-driven spread.,adjudicated,prose,ambiguous_or_mixed,other,stat_card_grid
FL,FL-FOOT LOCKER INC-2023.pdf,71,boundary,table_dominant,data_table_ruled,GHG emissions inventory notes page is dominated by a structured Data Used/Emissions Factors/Notes table,annotator_agreement,table_dominant,table_dominant,data_table_ruled,data_table_ruled
COLM,COLM-COLUMBIA SPORTSWEAR CO-2023.pdf,51,boundary,prose,prose_multicol,"Audit and assessment types appendix page uses independent labeled prose blocks in columns, no row-structured table",annotator_agreement,prose,prose,prose_multicol,prose_multicol
MELI,MELI-MERCADOLIBRE-2023.pdf,38,boundary,prose,stat_card_grid,Intro prose enumerates the training courses and each programme card keeps its participant figure directly above its own label.,adjudicated,prose,ambiguous_or_mixed,stat_card_grid,stat_card_grid
COST,COST-COSTCO WHOLESALE CORP-2022.pdf,2,boundary,prose,toc_nav,"Table of contents page with navigation lists in columns, no row-level label-value structure",annotator_agreement,prose,prose,toc_nav,toc_nav
BURL,BURL-Burlington Stores-2023.pdf,15,boundary,prose,stat_card_grid,"Associate safety page with prose columns, photo, callout, and self-contained zero-injury stat, no shared-row table",annotator_agreement,prose,prose,stat_card_grid,prose_multicol
VVV,VVV-VALVOLINE INC-2024.pdf,47,boundary,table_dominant,disclosure_index_table,"GRI Context Index page is dominated by a multi-column disclosure table linking standards, disclosures, and references",annotator_agreement,table_dominant,table_dominant,disclosure_index_table,disclosure_index_table
DECK,DECK-DECKERS OUTDOOR CORP-2024.pdf,25,boundary,prose,chart_infographic,Employee-programs and mentorship prose dominate; the two donut legends keep percentage and category contiguous on each line.,adjudicated,prose,ambiguous_or_mixed,chart_infographic,stat_card_grid
DECK,DECK-DECKERS OUTDOOR CORP-2025.pdf,81,boundary,table_dominant,data_table_ruled,Materials targets progress page is dominated by a multi-year targets/results/status table where row context is essential,annotator_agreement,table_dominant,table_dominant,data_table_ruled,data_table_ruled
NKE,NKE-NIKE INC -CL B-2024.pdf,50,boundary,table_dominant,disclosure_index_table,SASB index page is dominated by a topic/category/code/data/reference table with row-linked disclosure entries,annotator_agreement,table_dominant,table_dominant,disclosure_index_table,disclosure_index_table
RL,RL-RALPH LAUREN CORP-2022.pdf,27,boundary,prose,prose_multicol,"Supplier capacity page with a large photo and two prose columns, no table or label-value grid",annotator_agreement,prose,prose,prose_multicol,prose_multicol
GPI,GPI-GROUP 1 AUTOMOTIVE INC-2023.pdf,29,boundary,ambiguous_or_mixed,chart_infographic,"Corporate responsibility page combines prose with a substantial governance structure diagram, so it is mixed",annotator_agreement,ambiguous_or_mixed,ambiguous_or_mixed,chart_infographic,other
LEG,LEG-LEGGETT & PLATT INC-2023.pdf,32,boundary,prose,other,"Community giving page with prose and a self-contained employee relief story card with photos, no shared-row table relationship",annotator_agreement,prose,prose,other,prose_multicol
HD,HD-HOME DEPOT INC-2024.pdf,64,boundary,prose,prose_multicol,"Customer eco actions page with prose columns, photo, and self-contained logo/resource list, no row-structured table",annotator_agreement,prose,prose,prose_multicol,prose_multicol
VZ,VZ-VERIZON COMMUNICATIONS INC-2023.pdf,14,boundary,prose,prose_multicol,"Compensation and benefits page with three prose columns and headings, no table or label-value grid",annotator_agreement,prose,prose,prose_multicol,prose_multicol
DELL,DELL-DELL TECHNOLOGIES INC-2023.pdf,14,boundary,prose,prose_multicol,"ESG governance page with prose columns, bullet list, and photo, no table structure",annotator_agreement,prose,prose,prose_multicol,prose_multicol
HD,HD-HOME DEPOT INC-2024.pdf,21,boundary,prose,prose_multicol,"ESG priority assessment and climate resilience page with photo and prose columns, no row-structured table",annotator_agreement,prose,prose,prose_multicol,prose_multicol
TPR,TPR-TAPESTRY INC-2022.pdf,64,boundary,table_dominant,disclosure_index_table,GRI index continued page is dominated by a ruled disclosure table mapping GRI codes to descriptions and responses,annotator_agreement,table_dominant,table_dominant,disclosure_index_table,disclosure_index_table
WSM,WSM-WILLIAMS-SONOMA INC-2023.pdf,45,boundary,table_dominant,disclosure_index_table,"SDG disclosures page is dominated by a row-structured index table linking goals, targets, initiatives, and references",annotator_agreement,table_dominant,table_dominant,disclosure_index_table,disclosure_index_table
PVH,PVH-PVH CORP-2021.pdf,42,boundary,prose,prose_multicol,"Ethical recruitment page with prose columns, progress bullets, and photos, no shared-row table relationship",annotator_agreement,prose,prose,prose_multicol,prose_multicol
BBWI,BBWI-BATH & BODY WORKS INC-2025.pdf,26,boundary,prose,stat_card_grid,Two prose columns dominate; the palm-oil callouts are self-contained number-plus-caption runs with nothing to detach.,adjudicated,prose,ambiguous_or_mixed,stat_card_grid,stat_card_grid
ACI,ACI-ALBERTSONS COS INC-2024.pdf,24,boundary,prose,prose_multicol,"Nourishing neighbors page with prose columns, bullet list, and quote footer, no table or label-value grid",annotator_agreement,prose,prose,prose_multicol,prose_multicol
VFC,VFC-VF CORP-2022.pdf,35,boundary,prose,prose_multicol,"Human rights page with prose columns, photo, and self-contained partnership callout, no row-structured table",annotator_agreement,prose,prose,prose_multicol,prose_multicol
PAG,PAG-PENSKE AUTOMOTIVE GROUP INC-2021.pdf,21,boundary,prose,prose_multicol,"Electric vehicles and waste reduction page with prose columns, bullet list, and charger photo, no row-structured table",annotator_agreement,prose,prose,prose_multicol,prose_multicol
WHR,WHR-WHIRLPOOL CORP-2023.pdf,96,boundary,table_dominant,disclosure_index_table,GRI Index page is dominated by a disclosure number/name/response table linking entries across rows,annotator_agreement,table_dominant,table_dominant,disclosure_index_table,disclosure_index_table
MHK,MHK-MOHAWK INDUSTRIES INC-2022.pdf,28,boundary,prose,other,"Environmental stewardship council page with self-contained headshot/name labels and Q&A prose columns, no shared-row table",annotator_agreement,prose,prose,other,prose_multicol
ROST,ROST-ROSS STORES INC-2024.pdf,54,boundary,table_dominant,disclosure_index_table,TCFD reference page is dominated by a recommended-disclosure-topic/location table where row context is essential,annotator_agreement,table_dominant,table_dominant,disclosure_index_table,disclosure_index_table
GES,GES-GUESS-2025.pdf,44,boundary,prose,other,"Case study spread with independent story panels, photo collage, and quote callout, no row-structured table",annotator_agreement,prose,prose,other,prose_multicol
WHR,WHR-WHIRLPOOL CORP-2021.pdf,114,boundary,table_dominant,disclosure_index_table,GRI index page is dominated by a disclosure number/name/current-year response table linking rows to responses,annotator_agreement,table_dominant,table_dominant,disclosure_index_table,disclosure_index_table
FL,FL-FOOT LOCKER INC-2023.pdf,70,boundary,table_dominant,data_table_ruled,GHG emissions inventory notes page is dominated by a ruled scope/category/source/methodology table,annotator_agreement,table_dominant,table_dominant,data_table_ruled,data_table_ruled
DG,DG-DOLLAR GENERAL CORP-2025.pdf,12,boundary,prose,prose_short_columns,"Product safety and quality page with narrow prose columns and self-contained icons, no row-structured table",annotator_agreement,prose,prose,prose_short_columns,prose_multicol
TPR,TPR-TAPESTRY INC-2021.pdf,19,boundary,prose,prose_multicol,"Equity and inclusion page with prose, callout block, bullet list, and photo, no shared-row table relationship",annotator_agreement,prose,prose,prose_multicol,prose_multicol
ROST,ROST-ROSS STORES INC-2021.pdf,51,boundary,prose,prose_multicol,"Responsible sourcing page with large warehouse photo and prose columns, no table or label-value grid",annotator_agreement,prose,prose,prose_multicol,prose_multicol
AMZN,AMZN-Amazon-2025.pdf,48,boundary,table_dominant,data_table_ruled,Materials and agricultural commodities sourcing page is dominated by a ruled commodity/goal/progress table with row-linked entries,annotator_agreement,table_dominant,table_dominant,data_table_ruled,data_table_ruled
KMX,KMX-CARMAX INC-2023.pdf,10,boundary,table_dominant,data_table_ruled,Priorities and progress page is dominated by an environmental/social/governance matrix linking topic rows to FY2023 highlights,annotator_agreement,table_dominant,table_dominant,data_table_ruled,data_table_ruled
TGT,TGT-TARGET CORP-2023.pdf,69,boundary,ambiguous_or_mixed,disclosure_index_table,"A real three-column goals/milestones/progress index table sits below three columns of intro prose that carry more text than the table, so it does not clearly dominate.",adjudicated,ambiguous_or_mixed,table_dominant,data_table_ruled,disclosure_index_table
SNBR,SNBR-SLEEP NUMBER CORP-2021.pdf,10,boundary,prose,prose_multicol,"Human rights page uses prose blocks, SDG icons, and two bottom prose columns, no row-structured table",annotator_agreement,prose,prose,prose_multicol,prose_multicol
KR,KR-KROGER CO-2022.pdf,20,boundary,prose,prose_multicol,"Recall management page with large photo, prose columns, and a self-contained recall-events stat callout, no table",annotator_agreement,prose,prose,prose_multicol,prose_multicol
MHK,MHK-MOHAWK INDUSTRIES INC-2022.pdf,78,boundary,table_dominant,disclosure_index_table,GRI index page is dominated by a disclosure number/title/response table where row context links entries to responses,annotator_agreement,table_dominant,table_dominant,disclosure_index_table,disclosure_index_table
HD,HD-HOME DEPOT INC-2021.pdf,50,boundary,prose,prose_multicol,"Associate safety page with prose columns, safety callout, and worker image, no row-structured table",annotator_agreement,prose,prose,prose_multicol,prose_multicol
MNRO,MNRO-MONRO INC-2023.pdf,19,boundary,prose,prose_multicol,"Engagement and development page with prose columns, photo, and self-contained training stat callouts, no shared-row table",annotator_agreement,prose,prose,prose_multicol,prose_multicol
SNBR,SNBR-SLEEP NUMBER CORP-2021.pdf,12,boundary,prose,prose_multicol,"Conflict minerals page uses three prose columns with bullets and an SDG icon, no table relationship",annotator_agreement,prose,prose,prose_multicol,prose_multicol
JWN,JWN-NORSTROM-2022.pdf,14,boundary,prose,prose_multicol,"Employee resource groups page with prose, bullet lists, a self-contained Human Rights Campaign callout, and photo, no row table",annotator_agreement,prose,prose,prose_multicol,prose_multicol
BURL,BURL-Burlington Stores-2023.pdf,30,boundary,prose,prose_multicol,"Ethical sourcing page with two prose columns and a large distribution-center photo, no table or label-value grid",annotator_agreement,prose,prose,prose_multicol,prose_multicol
DELL,DELL-DELL TECHNOLOGIES INC-2023.pdf,51,boundary,prose,prose_multicol,"Sustainable PCs page uses prose columns, bullets, and a product-use photo, no row-structured table",annotator_agreement,prose,prose,prose_multicol,prose_multicol
ULTA,ULTA-ULTA BEAUTY INC-2022.pdf,3,boundary,prose,prose_multicol,"CEO message page is multi-column letter prose with a portrait and bullets, no shared-row table relationship",annotator_agreement,prose,prose,prose_multicol,prose_multicol
UEIC,UEIC-UNIVERSAL ELECTRONICS INC-2024.pdf,12,boundary,table_dominant,data_table_ruled,Goals and targets page is dominated by a ruled topic/goals/date/progress table where row context is essential,annotator_agreement,table_dominant,table_dominant,data_table_ruled,data_table_ruled
DELL,DELL-DELL TECHNOLOGIES INC-2022.pdf,153,boundary,prose,prose_short_columns,"Glossary page uses narrow columns of self-contained term-definition entries, no cross-column row table",annotator_agreement,prose,prose,prose_short_columns,prose_multicol
CPNG,CPNG-Coupang-2023.pdf,6,boundary,prose,prose_multicol,"Employee health and safety page with photo, prose columns, and a narrative case-study panel, no row-structured table",annotator_agreement,prose,prose,prose_multicol,prose_multicol
DELL,DELL-DELL TECHNOLOGIES INC-2021.pdf,75,boundary,table_dominant,data_table_ruled,By-the-numbers sustainability page is dominated by a metrics/year/notes table with row-linked values,annotator_agreement,table_dominant,table_dominant,data_table_ruled,data_table_ruled
TJX,TJX-Tjx Cos Inc-2024.pdf,79,boundary,prose,prose_multicol,"Related disclosures page has two independent prose sections and a short resource link list, no row table",annotator_agreement,prose,prose,prose_multicol,prose_multicol
JWN,JWN-NORSTROM-2022.pdf,43,boundary,table_dominant,data_table_ruled,CSR goals and ambitions page is dominated by a priority/goal/progress/SDG matrix with row-linked bars and icons,annotator_agreement,table_dominant,table_dominant,data_table_ruled,data_table_ruled
T,T-AT&T INC-2023.pdf,39,boundary,prose,stat_card_grid,"Training and career development page with prose, bullet list, photo, and self-contained metric callouts, no shared-row table",annotator_agreement,prose,prose,stat_card_grid,prose_multicol
DECK,DECK-DECKERS OUTDOOR CORP-2021.pdf,17,boundary,table_dominant,data_table_ruled,Sustainable development goals page is dominated by multi-year targets/achievements/status tables with row-linked progress entries,annotator_agreement,table_dominant,table_dominant,data_table_ruled,data_table_ruled
SVV,SVV-Savers Value Village-2023.pdf,44,boundary,table_dominant,disclosure_index_table,SASB product sourcing page is dominated by an accounting metric/response/SASB code table linking rows to responses,annotator_agreement,table_dominant,table_dominant,disclosure_index_table,disclosure_index_table
GES,GES-GUESS-2023-2022.pdf,47,boundary,prose,prose_multicol,"Employee wellbeing page with prose, a large team photo, and a self-contained goals bullet list, no row-structured table",annotator_agreement,prose,prose,prose_multicol,prose_multicol
PVH,PVH-PVH CORP-2021.pdf,82,boundary,table_dominant,disclosure_index_table,Global Reporting Index page is dominated by a GRI disclosure number/title/response table where row context is essential,annotator_agreement,table_dominant,table_dominant,disclosure_index_table,disclosure_index_table
CRI,CRI-CARTER'S INC-2021.pdf,22,boundary,prose,prose_multicol,Development programs page is mostly prose and employee spotlight content with only a small embedded participant table,annotator_agreement,prose,prose,prose_multicol,prose_multicol
HD,HD-HOME DEPOT INC-2022.pdf,84,boundary,table_dominant,disclosure_index_table,GRI Standards page is dominated by a disclosure/location cross-reference table with row-linked GRI entries,annotator_agreement,table_dominant,table_dominant,disclosure_index_table,disclosure_index_table
JWN,JWN-NORSTROM-2024.pdf,11,boundary,prose,prose_multicol,"Supporting communities page with prose columns and a large photo, no table or label-value grid",annotator_agreement,prose,prose,prose_multicol,prose_multicol
ULTA,ULTA-ULTA BEAUTY INC-2022.pdf,11,boundary,prose,prose_multicol,"Inclusive associates and guest experiences page with prose columns and photos, no row-structured table",annotator_agreement,prose,prose,prose_multicol,prose_multicol
RL,RL-RALPH LAUREN CORP-2023.pdf,108,boundary,table_dominant,disclosure_index_table,SASB labor conditions page is dominated by a topic/response table linking disclosure prompts to narrative responses,annotator_agreement,table_dominant,table_dominant,disclosure_index_table,disclosure_index_table
RCKY,RCKY-ROCKY BRANDS INC-2023.pdf,25,boundary,prose,other,"Responsible procurement memberships page uses independent logo/profile text blocks and a product photo, no shared-row table",annotator_agreement,prose,prose,other,prose_multicol
WWW,WWW-WOLVERINE WORLD WIDE-2022.pdf,12,boundary,ambiguous_or_mixed,chart_infographic,"Workforce and DEI spread combines substantial diversity charts and infographic metrics with prose, so no single prose/table structure dominates",annotator_agreement,ambiguous_or_mixed,ambiguous_or_mixed,chart_infographic,chart_infographic
MNRO,MNRO-MONRO INC-2023.pdf,31,boundary,prose,prose_multicol,"Environmental impact page with prose columns, quote callout, and self-contained LED goal graphic, no row-structured table",annotator_agreement,prose,prose,prose_multicol,prose_multicol
SHOO,SHOO-MADDEN STEVEN LTD-2024.pdf,18,boundary,table_dominant,data_table_ruled,Sustainable supply chain page is dominated by a targets/FY progress/key achievements/status table with row-linked entries,annotator_agreement,table_dominant,table_dominant,data_table_ruled,data_table_ruled
DELL,DELL-DELL TECHNOLOGIES INC-2021.pdf,35,boundary,table_dominant,data_table_ruled,Ethics and privacy goals page is dominated by a goal/performance/about/SDG table with row-linked progress entries,annotator_agreement,table_dominant,table_dominant,data_table_ruled,data_table_ruled
BBW,BBW-BUILD-A-BEAR WORKSHOP INC-2023.pdf,26,boundary,prose,stat_card_grid,Compensation cards are self-contained heading-plus-description boxes and the wage callouts pair label and value contiguously; a clear prose spine gives the page a natural order.,adjudicated,prose,ambiguous_or_mixed,stat_card_grid,stat_card_grid
NKE,NKE-NIKE INC -CL B-2023.pdf,46,boundary,prose,prose_multicol,"Firstline opportunities page uses multiple prose columns under independent program headings, no table or label-value grid",annotator_agreement,prose,prose,prose_multicol,prose_multicol
CPNG,CPNG-Coupang-2024.pdf,8,boundary,prose,prose_multicol,"Culture of care page with prose columns and photos, no row-structured table",annotator_agreement,prose,prose,prose_multicol,prose_multicol
LOVE,LOVE-LOVESAC CO (THE)-2021.pdf,16,boundary,prose,prose_multicol,"Product quality page combines prose, a side quote, image, and navigation list without row-level table relationships",annotator_agreement,prose,prose,prose_multicol,prose_multicol
MNRO,MNRO-MONRO INC-2021.pdf,5,boundary,prose,prose_multicol,"Board chairman letter page is two-column letter prose with portrait and signature, no table",annotator_agreement,prose,prose,prose_multicol,prose_multicol
BIRD,BIRD-ALLBIRDS INC-2023.pdf,43,boundary,table_dominant,data_table_ruled,Flight Status page is dominated by a commitment/status table where row context links numbered commitments to responses,annotator_agreement,table_dominant,table_dominant,data_table_ruled,data_table_ruled
KR,KR-KROGER CO-2025.pdf,61,boundary,table_dominant,data_table_ruled,Key performance data page is dominated by a goals/metrics/year/status table with row-linked KPI values,annotator_agreement,table_dominant,table_dominant,data_table_ruled,data_table_ruled
GES,GES-GUESS-2025.pdf,20,boundary,prose,prose_multicol,"Water and chemical usage spread combines prose, photos, quote callout, and a case-study technology list, no row table",annotator_agreement,prose,prose,prose_multicol,prose_multicol
WOOF,WOOF-PETCO HEALTH AND WELLNESS CO-2021.pdf,73,boundary,prose,prose_multicol,"Governance page uses prose sections in two columns with links, no table or label-value grid",annotator_agreement,prose,prose,prose_multicol,prose_multicol
LAD,LAD-LITHIA MOTORS INC -CL A-2025.pdf,38,boundary,table_dominant,disclosure_index_table,Sustainability frameworks appendix page is dominated by a GRI framework/section/descriptions/responses table,annotator_agreement,table_dominant,table_dominant,disclosure_index_table,disclosure_index_table
LULU,LULU-LULULEMON ATHLETICA INC-2022.pdf,85,boundary,table_dominant,disclosure_index_table,GRI content index page is dominated by a standard/disclosure/notes table linking entries to references and data,annotator_agreement,table_dominant,table_dominant,disclosure_index_table,disclosure_index_table
FIGS,FIGS-FIGS INC-2023.pdf,11,boundary,prose,other,Same structure as the 2022 giving page: label-colon-value totals on single lines plus two independent recipient lists and a decorative map.,adjudicated,ambiguous_or_mixed,prose,chart_infographic,prose_multicol
VZ,VZ-VERIZON COMMUNICATIONS INC-2023.pdf,16,boundary,prose,prose_multicol,"Upskilling and reskilling page uses multi-column prose and a self-contained investment callout, no row-structured table",annotator_agreement,prose,prose,prose_multicol,prose_multicol
HD,HD-HOME DEPOT INC-2023.pdf,61,boundary,prose,stat_card_grid,"Sustainable packaging page with prose, photo, and self-contained by-the-numbers stat callouts, no shared-row table",annotator_agreement,prose,prose,stat_card_grid,prose_multicol
GES,GES-GUESS-2025.pdf,51,boundary,prose,other,"Case study spread with photos, prose sections, quote callout, and cybersecurity training bullets, no row-structured table",annotator_agreement,prose,prose,other,prose_multicol
BBY,BBY-BEST BUY CO INC-2025.pdf,21,boundary,prose,prose_multicol,"Sustainable packaging page with large warehouse photo and prose sections, no table or label-value grid",annotator_agreement,prose,prose,prose_multicol,prose_multicol
CROX,CROX-CROCS INC-2023.pdf,48,boundary,table_dominant,disclosure_index_table,TCFD guidance page is dominated by a metric/disclosure/related references table linking risk-management rows to responses,annotator_agreement,table_dominant,table_dominant,disclosure_index_table,disclosure_index_table
LOVE,LOVE-LOVESAC CO (THE)-2025.pdf,13,boundary,prose,other,"Targets and measures page uses two independent topic panels with bullet lists and references, no shared-row table",annotator_agreement,prose,prose,other,prose_multicol
PAG,PAG-PENSKE AUTOMOTIVE GROUP INC-2022.pdf,42,boundary,prose,prose_multicol,TCFD index continued page is formatted as prose and bullet columns without a ruled row table,annotator_agreement,prose,prose,prose_multicol,prose_multicol
AMZN,AMZN-Amazon-2021.pdf,7,boundary,prose,prose_multicol,"COVID-19 response page uses multi-column prose and a self-contained cost callout, no row-structured table",annotator_agreement,prose,prose,prose_multicol,prose_multicol
TPR,TPR-TAPESTRY INC-2021.pdf,61,boundary,table_dominant,disclosure_index_table,TCFD continued page is dominated by a core elements/recommended disclosure/response table where row context is essential,annotator_agreement,table_dominant,table_dominant,disclosure_index_table,disclosure_index_table
URBN,URBN-Urban Outfitters-2023-2024.pdf,38,boundary,prose,prose_multicol,"Governance data privacy page uses two prose columns with headings, no table or label-value grid",annotator_agreement,prose,prose,prose_multicol,prose_multicol
BBY,BBY-BEST BUY CO INC-2025.pdf,10,boundary,ambiguous_or_mixed,chart_infographic,"Environmental progress page is a grid of independent performance charts and captions, so no single prose/table order dominates",annotator_agreement,ambiguous_or_mixed,ambiguous_or_mixed,chart_infographic,chart_infographic
ARKO,ARKO-ARKO CORP-2023.pdf,44,boundary,prose,prose_multicol,"Data privacy and security page uses two prose columns and a bullet list, no row-structured table",annotator_agreement,prose,prose,prose_multicol,prose_multicol
GPI,GPI-GROUP 1 AUTOMOTIVE INC-2022.pdf,19,boundary,prose,other,"Fostering DEI page combines prose columns, mission statement callouts, and a photo, no shared-row table",annotator_agreement,prose,prose,other,prose_multicol
SHOO,SHOO-MADDEN STEVEN LTD-2022.pdf,29,boundary,prose,prose_multicol,"Learning sessions page uses prose, image, and independent event description lists, no row-correspondence table",annotator_agreement,prose,prose,prose_multicol,prose_multicol
PTRN,PTRN-Pattern Group-2022.pdf,106,boundary,prose,prose_multicol,Corporate academies page is mostly two-column prose with only a smaller embedded training-hours table,annotator_agreement,prose,prose,prose_multicol,prose_multicol
LOW,LOW-LOWE'S COS INC-2022.pdf,52,boundary,table_dominant,disclosure_index_table,Indices page is dominated by a GRI/SASB/TCFD/SDG alignment table linking disclosure rows to references,annotator_agreement,table_dominant,table_dominant,disclosure_index_table,disclosure_index_table
KTB,KTB-KONTOOR BRANDS INC-2023.pdf,3,boundary,prose,prose_multicol,"Progress report introduction page combines prose with report-link thumbnails and a legend callout, no row-structured table",annotator_agreement,prose,prose,prose_multicol,prose_multicol
CURV,CURV-TORRID HOLDINGS-2022.pdf,22,boundary,ambiguous_or_mixed,data_table_ruled,Health and safety page combines prose and independent safety boxes with a substantial embedded safety performance table,annotator_agreement,ambiguous_or_mixed,ambiguous_or_mixed,data_table_ruled,data_table_ruled
GES,GES-GUESS-2023-2022.pdf,66,boundary,prose,prose_multicol,"Data security and privacy page with photo, prose columns, quote callout, and bullets, no row-structured table",annotator_agreement,prose,prose,prose_multicol,prose_multicol
TGT,TGT-TARGET CORP-2021.pdf,39,boundary,prose,prose_multicol,"Privacy and cybersecurity page uses prose columns and a server-room photo, no table or label-value grid",annotator_agreement,prose,prose,prose_multicol,prose_multicol
CRI,CRI-CARTER'S INC-2022.pdf,3,boundary,prose,prose_multicol,"CEO message page with portrait, letter prose, and short pillar bullets, no shared-row table relationship",annotator_agreement,prose,prose,prose_multicol,prose_multicol
KTB,KTB-KONTOOR BRANDS INC-2024.pdf,11,boundary,table_dominant,data_table_ruled,Sustainability strategy and goals page is dominated by a goal/scope/performance table with row-linked year columns,annotator_agreement,table_dominant,table_dominant,data_table_ruled,data_table_ruled
LEG,LEG-LEGGETT & PLATT INC-2023.pdf,59,boundary,prose,prose_multicol,"Other important information page uses prose columns and product images, no table or row-linked grid",annotator_agreement,prose,prose,prose_multicol,prose_multicol
TPR,TPR-TAPESTRY INC-2021.pdf,63,boundary,table_dominant,disclosure_index_table,SASB page is dominated by a topic/accounting metric/response table linking metrics to narrative responses,annotator_agreement,table_dominant,table_dominant,disclosure_index_table,disclosure_index_table
AAPL,AAPL-APPLE INC-2022.pdf,33,boundary,prose,prose_multicol,"Health and safety page uses four prose columns with country examples, no table or label-value grid",annotator_agreement,prose,prose,prose_multicol,prose_multicol
ACI,ACI-ALBERTSONS COS INC-2024.pdf,10,boundary,prose,prose_multicol,"Energy efficiency and value chain emissions page with prose columns and photos, no row-structured table",annotator_agreement,prose,prose,prose_multicol,prose_multicol
CROX,CROX-CROCS INC-2021.pdf,20,boundary,prose,other,Photo-led spread of independent prose blocks and brand tiles with no numeric label-value structure that reading order could corrupt.,adjudicated,prose,ambiguous_or_mixed,other,other
LZB,LZB-LA-Z-BOY INC-2022.pdf,27,boundary,prose,prose_multicol,"Our People continued page with prose sections, navigation sidebar, photo, and callout, no table",annotator_agreement,prose,prose,prose_multicol,prose_multicol
GAP,GAP-GAP-2022.pdf,64,boundary,table_dominant,disclosure_index_table,GRI Index continued page is dominated by side-by-side disclosure/reference tables with row-linked entries,annotator_agreement,table_dominant,table_dominant,disclosure_index_table,disclosure_index_table
