ticker,pdf_file,logical_source_id,source_version_id,file_alias_id,extraction_artifact_id,source_pdf,source_size_bytes,source_mtime_utc,source_sha256,parse_source_kind,parse_source_pdf,parse_source_size_bytes,parse_source_mtime_utc,parse_source_sha256,ocr_approval_status,ocr_selection_reason,parser_used,parser_policy,parser_reason,layout_risk_pages,layout_numeric_risk_pages,complex_reading_order_pages,text_light_pages,visual_only_pages,extraction_failed_pages,reading_order_repaired_pages,reading_order_unresolved_pages,text_layer_fallback_pages,page_text_change_reasons,parsed_text_file,page_map_file,status,error_message,page_count,char_count,table_count,content_hash,parsed_at,quality_flags,possible_wrong_doc_type,readable_word_count,readable_word_ratio,chars_per_page,garbled_char_count
AAPL,AAPL-APPLE INC-2014.pdf,ls_0c505269ea0efdb79035f667,sv_04576a9db28478b3d5073560,fa_b715e646c26cfcdd27975204,ea_2604141a42b2a86684af357a,data/01_raw/sustainability/AAPL/AAPL-APPLE INC-2014.pdf,11615027,2026-07-24T14:01:25.811631+00:00,175c2a574f7a80e3c6d06270d282797192a6ea596c0046bf74c2e1d503e20c8b,raw,data/01_raw/sustainability/AAPL/AAPL-APPLE INC-2014.pdf,11615027,2026-07-24T14:01:25.811631+00:00,175c2a574f7a80e3c6d06270d282797192a6ea596c0046bf74c2e1d503e20c8b,not_applicable,raw_source_selected,pdfplumber_column_order,auto_pdfplumber_column_order_v3,deterministic_coordinate_reading_order_v3;layout_grid_risk_reported;coordinate_column_order_pages=4,28,28,2,,,,3;9;11;34,2;28,,3:coordinate_column_order;9:coordinate_column_order;11:coordinate_column_order;34:coordinate_column_order,data/02_interim/esg_text/AAPL/AAPL-APPLE INC-2014.txt,data/02_interim/esg_text/AAPL/AAPL-APPLE INC-2014.pages.csv,parsed,,36,78451,7,5b2aafdf40888bef31b19bb856b98543bcbf584aca125ee62261d909ec0b8372,2026-07-24T19:49:09.653190+00:00,layout_numeric_risk|complex_reading_order,false,9362,0.7616,2179.2,0
AAPL,AAPL-APPLE INC-2016.pdf,ls_f8772efd52ead956f3c5e6cd,sv_a68765b440420678eb259ec8,fa_05451f0960bdf293c34e5470,ea_424317dddc598d5dbf80c8dc,data/01_raw/sustainability/AAPL/AAPL-APPLE INC-2016.pdf,6354313,2026-07-24T14:01:34.355533+00:00,35fe66a3c3d67133f9955c2efea69b639034fc259ac9836eda587e915816bef2,raw,data/01_raw/sustainability/AAPL/AAPL-APPLE INC-2016.pdf,6354313,2026-07-24T14:01:34.355533+00:00,35fe66a3c3d67133f9955c2efea69b639034fc259ac9836eda587e915816bef2,not_applicable,raw_source_selected,pdfplumber_column_order,auto_pdfplumber_column_order_v3,deterministic_coordinate_reading_order_v3;pypdfium_text_no_page_improved;layout_grid_risk_reported;coordinate_column_order_pages=14,11;49,11;49,,,,,3;7;12;18;22;31;37;38;39;40;42;43;44;46,11;49,,3:region_xy_cut_order;7:coordinate_column_order;12:region_xy_cut_order;18:coordinate_column_order;22:coordinate_column_order;31:coordinate_column_order;37:table_aware_xy_cut_order;38:table_aware_xy_cut_order;39:table_aware_xy_cut_order;40:table_aware_xy_cut_order;42:table_aware_xy_cut_order;43:table_aware_xy_cut_order;44:table_aware_xy_cut_order;46:table_aware_xy_cut_order,data/02_interim/esg_text/AAPL/AAPL-APPLE INC-2016.txt,data/02_interim/esg_text/AAPL/AAPL-APPLE INC-2016.pages.csv,parsed,,58,125118,15,9cd11e3b221e77bb3c0c8e8165eef1bdf6acb0090c66479b58e680ab4965d813,2026-07-24T19:49:13.293339+00:00,layout_numeric_risk,false,14449,0.7347,2157.2,0
ABG,ABG-ASBURY AUTOMOTIVE GROUP INC-2021.pdf,ls_b3bdffa5d51b16f68a658e4b,sv_cb34c23a757c3c833ca4bb1d,fa_828a34a91bf923d40348b60b,ea_878fb86dd906c2cb8c1083da,data/01_raw/sustainability/ABG/ABG-ASBURY AUTOMOTIVE GROUP INC-2021.pdf,9896223,2026-07-22T18:05:25.290730+00:00,5e1e954188a8e805c04906edc4cc6b959a4b237e451d11cc9bdb85cb0dea5da4,raw,data/01_raw/sustainability/ABG/ABG-ASBURY AUTOMOTIVE GROUP INC-2021.pdf,9896223,2026-07-22T18:05:25.290730+00:00,5e1e954188a8e805c04906edc4cc6b959a4b237e451d11cc9bdb85cb0dea5da4,not_applicable,raw_source_selected,pdfplumber_column_order,auto_pdfplumber_column_order_v3,deterministic_coordinate_reading_order_v3;coordinate_column_order_pages=37,,,2,,3,,4;5;7;8;10;12;13;14;15;18;19;20;21;22;23;28;29;30;31;32;33;34;35;38;39;40;42;43;44;46;47;48;49;52;53;54;55,2,,4:coordinate_column_order;5:coordinate_column_order;7:table_aware_xy_cut_order;8:coordinate_column_order;10:coordinate_column_order;12:coordinate_column_order;13:coordinate_column_order;14:region_xy_cut_order;15:region_xy_cut_order;18:coordinate_column_order;19:table_aware_xy_cut_order;20:table_aware_xy_cut_order;21:coordinate_column_order;22:coordinate_column_order;23:table_aware_xy_cut_order;28:coordinate_column_order;29:region_xy_cut_order;30:region_xy_cut_order;31:coordinate_column_order;32:region_xy_cut_order;33:coordinate_column_order;34:coordinate_column_order;35:table_aware_xy_cut_order;38:table_aware_xy_cut_order;39:coordinate_column_order;40:coordinate_column_order;42:coordinate_column_order;43:coordinate_column_order;44:coordinate_column_order;46:coordinate_column_order;47:coordinate_column_order;48:coordinate_column_order;49:coordinate_column_order;52:table_aware_xy_cut_order;53:table_aware_xy_cut_order;54:table_aware_xy_cut_order;55:table_aware_xy_cut_order,data/02_interim/esg_text/ABG/ABG-ASBURY AUTOMOTIVE GROUP INC-2021.txt,data/02_interim/esg_text/ABG/ABG-ASBURY AUTOMOTIVE GROUP INC-2021.pages.csv,parsed,,56,93271,19,5835c0fcf9270e1c3bbbce328ebe532ff0cff863a1e2965c756dc4e9c1c526b8,2026-07-24T21:05:31.376721+00:00,complex_reading_order,false,10982,0.7714,1665.6,0
ABG,ABG-ASBURY AUTOMOTIVE GROUP INC-2023.pdf,ls_82a75ecace349270801af773,sv_9d0c6209bc6477660fd82e22,fa_2c6cd84e10242f02b46d4796,ea_030da0876cb5af12fd80f772,data/01_raw/sustainability/ABG/ABG-ASBURY AUTOMOTIVE GROUP INC-2023.pdf,19147279,2026-07-22T18:05:13.777092+00:00,0ccdc0a52b7685964dd98881b97086a9fc3b448c747259450b7daa869d18726b,raw,data/01_raw/sustainability/ABG/ABG-ASBURY AUTOMOTIVE GROUP INC-2023.pdf,19147279,2026-07-22T18:05:13.777092+00:00,0ccdc0a52b7685964dd98881b97086a9fc3b448c747259450b7daa869d18726b,not_applicable,raw_source_selected,pdfplumber_column_order,auto_pdfplumber_column_order_v3,deterministic_coordinate_reading_order_v3;layout_grid_risk_reported;coordinate_column_order_pages=25,38;46,38;46,2;16;18;19,,47,,3;6;10;11;14;17;22;23;24;25;27;28;30;34;35;36;37;38;39;40;41;42;43;44;46,2;16;18;19,,3:region_xy_cut_order;6:coordinate_column_order;10:coordinate_column_order;11:region_xy_cut_order;14:region_xy_cut_order;17:table_aware_xy_cut_order;22:region_xy_cut_order;23:coordinate_column_order;24:coordinate_column_order;25:region_xy_cut_order;27:coordinate_column_order;28:region_xy_cut_order;30:coordinate_column_order;34:coordinate_column_order;35:coordinate_column_order;36:region_xy_cut_order;37:coordinate_column_order;38:table_aware_xy_cut_order;39:table_aware_xy_cut_order;40:coordinate_column_order;41:table_aware_xy_cut_order;42:table_aware_xy_cut_order;43:table_aware_xy_cut_order;44:coordinate_column_order;46:table_aware_xy_cut_order,data/02_interim/esg_text/ABG/ABG-ASBURY AUTOMOTIVE GROUP INC-2023.txt,data/02_interim/esg_text/ABG/ABG-ASBURY AUTOMOTIVE GROUP INC-2023.pages.csv,parsed,,47,87368,31,c2c8003003e9a3ff516987560a684bb2864878d45bcd01214e1af022250725ba,2026-07-24T19:49:16.614594+00:00,layout_numeric_risk|complex_reading_order,false,10066,0.7735,1858.9,0
ACI,ACI-ALBERTSONS COS INC-2017.pdf,ls_069a1f1ca5a11e12819720ed,sv_fbbf01f92585ec3fbbe4ed99,fa_47f85eba943afd05bab7f4aa,ea_802a46535107c73b078e32e3,data/01_raw/sustainability/ACI/ACI-ALBERTSONS COS INC-2017.pdf,2467137,2026-07-24T14:01:50.268879+00:00,9f17524f347e936d4cae04d61e52f797918ad1b3f89fa28b4e4571d2a6487bfd,raw,data/01_raw/sustainability/ACI/ACI-ALBERTSONS COS INC-2017.pdf,2467137,2026-07-24T14:01:50.268879+00:00,9f17524f347e936d4cae04d61e52f797918ad1b3f89fa28b4e4571d2a6487bfd,not_applicable,raw_source_selected,pdfplumber_column_order,auto_pdfplumber_column_order_v3,deterministic_coordinate_reading_order_v3;layout_grid_risk_reported;coordinate_column_order_pages=4,6,6,,,12,,5;7;9;11,6,,5:coordinate_column_order;7:coordinate_column_order;9:coordinate_column_order;11:coordinate_column_order,data/02_interim/esg_text/ACI/ACI-ALBERTSONS COS INC-2017.txt,data/02_interim/esg_text/ACI/ACI-ALBERTSONS COS INC-2017.pages.csv,parsed,,12,17712,0,fca2f936e41a422221955a034122566f623650f26b1529808ce6a4d7a9a5a37f,2026-07-24T21:05:34.499758+00:00,layout_numeric_risk,false,2191,0.8082,1476.0,0
ACI,ACI-ALBERTSONS COS INC-2019.pdf,ls_28c65119bf233fb145744812,sv_945bbf9d380cb347b920ec0f,fa_4ef6ec734791601003ca7315,ea_f8fa2c3f1274b6b58a1e11d0,data/01_raw/sustainability/ACI/ACI-ALBERTSONS COS INC-2019.pdf,1051803,2026-07-24T14:01:52.951884+00:00,e270cfae5f29f7173fbf5e1a39de13f6aec7b203704a5e2982c9d743658707c4,raw,data/01_raw/sustainability/ACI/ACI-ALBERTSONS COS INC-2019.pdf,1051803,2026-07-24T14:01:52.951884+00:00,e270cfae5f29f7173fbf5e1a39de13f6aec7b203704a5e2982c9d743658707c4,not_applicable,raw_source_selected,pdfplumber_column_order,auto_pdfplumber_column_order_v3,deterministic_coordinate_reading_order_v3;coordinate_column_order_pages=2,,,,,,,1;2,,,1:coordinate_column_order;2:region_xy_cut_order,data/02_interim/esg_text/ACI/ACI-ALBERTSONS COS INC-2019.txt,data/02_interim/esg_text/ACI/ACI-ALBERTSONS COS INC-2019.pages.csv,parsed,,2,5690,0,48cd501c6e41ee8f31d99f4d0964045514e296f1ad65e9ca8144ebf921b2a28b,2026-07-24T21:05:35.984630+00:00,,false,712,0.8063,2845.0,0
AN,AN-AUTONATION INC-2021.pdf,ls_8ab2ab0b9dc068af14772443,sv_5bf965439b29fb4fe60854d2,fa_d20be26251807e6a3027fd0b,ea_95903c3b63b1dae4ae424cb6,data/01_raw/sustainability/AN/AN-AUTONATION INC-2021.pdf,2667907,2026-07-22T18:06:57.213689+00:00,38822315241cccc5016473e81271c15d6f2cc128fe6e4b2eb24eaf7f16e91688,raw,data/01_raw/sustainability/AN/AN-AUTONATION INC-2021.pdf,2667907,2026-07-22T18:06:57.213689+00:00,38822315241cccc5016473e81271c15d6f2cc128fe6e4b2eb24eaf7f16e91688,not_applicable,raw_source_selected,pdfplumber_column_order,auto_pdfplumber_column_order_v3,deterministic_coordinate_reading_order_v3;coordinate_column_order_pages=12,,,2,,,,5;6;10;13;18;19;22;23;27;28;30;31,2,,5:coordinate_column_order;6:region_xy_cut_order;10:region_xy_cut_order;13:region_xy_cut_order;18:coordinate_column_order;19:coordinate_column_order;22:coordinate_column_order;23:coordinate_column_order;27:coordinate_column_order;28:region_xy_cut_order;30:coordinate_column_order;31:table_aware_xy_cut_order,data/02_interim/esg_text/AN/AN-AUTONATION INC-2021.txt,data/02_interim/esg_text/AN/AN-AUTONATION INC-2021.pages.csv,parsed,,35,60831,1,3051119221796ca552402fbdfb95bc7d0cc4490036b9f19569429aef7bf15be5,2026-07-24T21:05:38.261279+00:00,complex_reading_order,false,7154,0.8198,1738.0,0
ARKO,ARKO-ARKO CORP-2022.pdf,ls_2887b8495f14eb04e2b79eec,sv_c8d8b87ddf6e61429b5a1085,fa_8ea9b9b842dac05eaec8740c,ea_5bc493ab11be230d8378136d,data/01_raw/sustainability/ARKO/ARKO-ARKO CORP-2022.pdf,17829112,2026-07-22T18:07:13.496676+00:00,ccb026add08ac5b740659bf6500b8a9403bd8179b3826091788c28b5c9a31184,raw,data/01_raw/sustainability/ARKO/ARKO-ARKO CORP-2022.pdf,17829112,2026-07-22T18:07:13.496676+00:00,ccb026add08ac5b740659bf6500b8a9403bd8179b3826091788c28b5c9a31184,not_applicable,raw_source_selected,pdfplumber_column_order,auto_pdfplumber_column_order_v3,deterministic_coordinate_reading_order_v3;layout_grid_risk_reported;coordinate_column_order_pages=25,16;19,16;19,2,,,,8;13;15;16;17;19;22;24;25;26;28;29;30;31;34;35;36;38;40;41;42;43;44;45;46,2,,8:coordinate_column_order;13:coordinate_column_order;15:table_aware_xy_cut_order;16:table_aware_xy_cut_order;17:table_aware_xy_cut_order;19:table_aware_xy_cut_order;22:table_aware_xy_cut_order;24:coordinate_column_order;25:table_aware_xy_cut_order;26:table_aware_xy_cut_order;28:region_xy_cut_order;29:coordinate_column_order;30:table_aware_xy_cut_order;31:coordinate_column_order;34:coordinate_column_order;35:coordinate_column_order;36:coordinate_column_order;38:coordinate_column_order;40:table_aware_xy_cut_order;41:table_aware_xy_cut_order;42:table_aware_xy_cut_order;43:table_aware_xy_cut_order;44:table_aware_xy_cut_order;45:table_aware_xy_cut_order;46:coordinate_column_order,data/02_interim/esg_text/ARKO/ARKO-ARKO CORP-2022.txt,data/02_interim/esg_text/ARKO/ARKO-ARKO CORP-2022.pages.csv,parsed,,46,83052,19,773f7913e373d63a9c39a416de121df56cf67b78082ca338e2c71afcf050f4cb,2026-07-24T21:05:41.381469+00:00,layout_numeric_risk|complex_reading_order,false,9384,0.7270,1805.5,0
BBBY,BBBY-BED BATH & BEYOND INC-2017.pdf,ls_c0ff257f30d8908fc5c2ec24,sv_c6f92ec5f53511d39af86672,fa_d632163be0d66e227b4dc1a7,ea_bf5318c447fd7d2d680cba38,data/01_raw/sustainability/BBBY/BBBY-BED BATH & BEYOND INC-2017.pdf,514688,2026-07-24T14:02:23.651705+00:00,db0a451b59a00904eea16c405495c500a911055a493a07e812845bbde5ee6536,raw,data/01_raw/sustainability/BBBY/BBBY-BED BATH & BEYOND INC-2017.pdf,514688,2026-07-24T14:02:23.651705+00:00,db0a451b59a00904eea16c405495c500a911055a493a07e812845bbde5ee6536,not_applicable,raw_source_selected,pdfplumber_column_order,auto_pdfplumber_column_order_v3,deterministic_coordinate_reading_order_v3;coordinate_column_order_pages=1,,,,,,,16,,,16:region_xy_cut_order,data/02_interim/esg_text/BBBY/BBBY-BED BATH & BEYOND INC-2017.txt,data/02_interim/esg_text/BBBY/BBBY-BED BATH & BEYOND INC-2017.pages.csv,parsed,,39,95500,0,8199201bb665dca252411a5767fb73fb508145741006d421e56afc1ba98d8592,2026-07-24T21:05:44.049228+00:00,,false,11719,0.8096,2448.7,0
BBBY,BBBY-BED BATH & BEYOND INC-2021.pdf,ls_f7bcd267810be4319cfb7464,sv_0a48a23c28a5eb9f36ddcbbc,fa_c7479f8dca54b17152fdf46e,ea_3c74424bb98e8f937629456c,data/01_raw/sustainability/BBBY/BBBY-BED BATH & BEYOND INC-2021.pdf,15918052,2026-07-22T18:08:12.924879+00:00,ca2fd1013644150f341696ec2e30f193ed7aefb3b34a47ac0544095498feb41a,raw,data/01_raw/sustainability/BBBY/BBBY-BED BATH & BEYOND INC-2021.pdf,15918052,2026-07-22T18:08:12.924879+00:00,ca2fd1013644150f341696ec2e30f193ed7aefb3b34a47ac0544095498feb41a,not_applicable,raw_source_selected,pdfplumber_column_order,auto_pdfplumber_column_order_v3,deterministic_coordinate_reading_order_v3;layout_grid_risk_reported;coordinate_column_order_pages=22,24;40;41,24;40;41,,,,,4;5;9;14;15;18;21;26;27;28;29;31;33;34;35;36;39;42;43;44;45;46,24;40;41,,4:region_xy_cut_order;5:coordinate_column_order;9:table_aware_xy_cut_order;14:coordinate_column_order;15:coordinate_column_order;18:coordinate_column_order;21:coordinate_column_order;26:coordinate_column_order;27:coordinate_column_order;28:coordinate_column_order;29:coordinate_column_order;31:coordinate_column_order;33:coordinate_column_order;34:coordinate_column_order;35:coordinate_column_order;36:coordinate_column_order;39:table_aware_xy_cut_order;42:table_aware_xy_cut_order;43:table_aware_xy_cut_order;44:table_aware_xy_cut_order;45:table_aware_xy_cut_order;46:table_aware_xy_cut_order,data/02_interim/esg_text/BBBY/BBBY-BED BATH & BEYOND INC-2021.txt,data/02_interim/esg_text/BBBY/BBBY-BED BATH & BEYOND INC-2021.pages.csv,parsed,,47,91726,12,bc6274a12ffcfb6e4b7a0f8f501ab479fd03000f7d1c48c61c183e4ea39c37c9,2026-07-24T19:49:19.592350+00:00,layout_numeric_risk,false,11025,0.7923,1951.6,0
BBY,BBY-BEST BUY CO INC-2015.pdf,ls_657bb1036891c0a1c2fcc9a9,sv_1378db901fd6127cfba4c35a,fa_d7f368f67913b5547dd9bf20,ea_9c7f7128a84e1e98b3adcf5b,data/01_raw/sustainability/BBY/BBY-BEST BUY CO INC-2015.pdf,1422725,2026-07-24T14:02:38.138927+00:00,aed30a220c8de1c5bc8e995ff4a4c81cb808e047404fc1424d530cdb4fdd8490,raw,data/01_raw/sustainability/BBY/BBY-BEST BUY CO INC-2015.pdf,1422725,2026-07-24T14:02:38.138927+00:00,aed30a220c8de1c5bc8e995ff4a4c81cb808e047404fc1424d530cdb4fdd8490,not_applicable,raw_source_selected,pdfplumber,auto_pdfplumber_column_order_v3,deterministic_coordinate_reading_order_v3,,,,,1,,,,,,data/02_interim/esg_text/BBY/BBY-BEST BUY CO INC-2015.txt,data/02_interim/esg_text/BBY/BBY-BEST BUY CO INC-2015.pages.csv,parsed,,41,71189,0,4896474cc71cd96100c046bf4489647f3fee3ea8a3810b526d8a72b17a562b49,2026-07-24T19:49:22.362962+00:00,,false,8600,0.8001,1736.3,0
BBY,BBY-BEST BUY CO INC-2024.pdf,ls_45e252e70a8010d3e27b6ddb,sv_957fdd6ac5bafca8c2943eac,fa_f3226d033d5c9592adbca8db,ea_a8d3404fbec376401da505c0,data/01_raw/sustainability/BBY/BBY-BEST BUY CO INC-2024.pdf,23783732,2026-07-24T14:03:17.933223+00:00,72f2178ce7e691bbb7f40ba8344c0647676420dcd3a0fc633ea66375f9d91a24,raw,data/01_raw/sustainability/BBY/BBY-BEST BUY CO INC-2024.pdf,23783732,2026-07-24T14:03:17.933223+00:00,72f2178ce7e691bbb7f40ba8344c0647676420dcd3a0fc633ea66375f9d91a24,not_applicable,raw_source_selected,pdfplumber_column_order,auto_pdfplumber_column_order_v3,deterministic_coordinate_reading_order_v3;layout_grid_risk_reported;coordinate_column_order_pages=41,6;10;14;37;51;67;72,6;10;14;37;51;67;72,,,,,3;8;13;15;16;19;20;22;23;24;27;29;30;31;32;33;34;35;36;38;39;40;42;45;46;47;48;53;54;55;57;59;61;63;64;65;68;69;70;72;73,6;10;14;37;51;67,,3:coordinate_column_order;8:coordinate_column_order;13:region_xy_cut_order;15:region_xy_cut_order;16:coordinate_column_order;19:coordinate_column_order;20:region_xy_cut_order;22:coordinate_column_order;23:region_xy_cut_order;24:region_xy_cut_order;27:region_xy_cut_order;29:coordinate_column_order;30:coordinate_column_order;31:region_xy_cut_order;32:region_xy_cut_order;33:region_xy_cut_order;34:region_xy_cut_order;35:region_xy_cut_order;36:region_xy_cut_order;38:region_xy_cut_order;39:coordinate_column_order;40:coordinate_column_order;42:region_xy_cut_order;45:region_xy_cut_order;46:region_xy_cut_order;47:region_xy_cut_order;48:coordinate_column_order;53:coordinate_column_order;54:region_xy_cut_order;55:coordinate_column_order;57:coordinate_column_order;59:coordinate_column_order;61:coordinate_column_order;63:coordinate_column_order;64:coordinate_column_order;65:coordinate_column_order;68:table_aware_xy_cut_order;69:table_aware_xy_cut_order;70:table_aware_xy_cut_order;72:table_aware_xy_cut_order;73:table_aware_xy_cut_order,data/02_interim/esg_text/BBY/BBY-BEST BUY CO INC-2024.txt,data/02_interim/esg_text/BBY/BBY-BEST BUY CO INC-2024.pages.csv,parsed,,73,164461,6,8b09ce0d628965b8ae64d3fafa2566294925f7026463a929c7377bb76ee07a16,2026-07-24T21:05:48.093007+00:00,layout_numeric_risk,false,19532,0.7845,2252.9,0
BIRD,BIRD-ALLBIRDS INC-2021.pdf,ls_df00e5729500f702e1649247,sv_bd076c13228fa8576daf3d55,fa_ee0df07f610898e83e184043,ea_a3b20fd38af4e7dec09dfee2,data/01_raw/sustainability/BIRD/BIRD-ALLBIRDS INC-2021.pdf,2142464,2026-07-22T18:09:24.470434+00:00,f444b23f3741ee13ee6c3e14a00e3def05d58cec651dc61c270113b19fc0991a,raw,data/01_raw/sustainability/BIRD/BIRD-ALLBIRDS INC-2021.pdf,2142464,2026-07-22T18:09:24.470434+00:00,f444b23f3741ee13ee6c3e14a00e3def05d58cec651dc61c270113b19fc0991a,not_applicable,raw_source_selected,pdfplumber_column_order,auto_pdfplumber_column_order_v3,deterministic_coordinate_reading_order_v3;coordinate_column_order_pages=10,,,,,,,5;8;9;12;14;15;17;18;21;23,,,5:coordinate_column_order;8:table_aware_xy_cut_order;9:coordinate_column_order;12:coordinate_column_order;14:region_xy_cut_order;15:coordinate_column_order;17:region_xy_cut_order;18:region_xy_cut_order;21:coordinate_column_order;23:region_xy_cut_order,data/02_interim/esg_text/BIRD/BIRD-ALLBIRDS INC-2021.txt,data/02_interim/esg_text/BIRD/BIRD-ALLBIRDS INC-2021.pages.csv,parsed,,24,16949,1,dda6fe308096e84ba1a3258f2b9a72a14ad2b2c28b000277ca54bb7b3d3ec7de,2026-07-24T21:05:49.573091+00:00,,false,2013,0.7024,706.2,0
BURL,BURL-BURLINGTON STORES INC-2021.pdf,ls_8ab93420638a6905d7190c44,sv_267657efbee4b2a11ef7c5cf,fa_ec797bde5d162b2e1968cb42,ea_6f32155be60ff64fc7dc3fcb,data/01_raw/sustainability/BURL/BURL-BURLINGTON STORES INC-2021.pdf,20205450,2026-07-22T18:10:05.573834+00:00,b93492b86b7b0ba7b1101cf8deaed68865f1e74f3893969c1b653ff0c6dddf10,raw,data/01_raw/sustainability/BURL/BURL-BURLINGTON STORES INC-2021.pdf,20205450,2026-07-22T18:10:05.573834+00:00,b93492b86b7b0ba7b1101cf8deaed68865f1e74f3893969c1b653ff0c6dddf10,not_applicable,raw_source_selected,pdfplumber_column_order,auto_pdfplumber_column_order_v3,deterministic_coordinate_reading_order_v3;layout_grid_risk_reported;coordinate_column_order_pages=34,10;12;16;22;24;25;30;31;51,10;12;16;22;24;25;30;31;51,,,,,4;5;7;11;15;17;18;19;20;23;27;28;32;35;36;37;39;40;41;42;43;47;48;51;52;53;54;55;56;57;58;59;60;61,10;12;16;22;24;25;30;31,,4:coordinate_column_order;5:coordinate_column_order;7:coordinate_column_order;11:region_xy_cut_order;15:region_xy_cut_order;17:region_xy_cut_order;18:coordinate_column_order;19:coordinate_column_order;20:coordinate_column_order;23:coordinate_column_order;27:coordinate_column_order;28:coordinate_column_order;32:coordinate_column_order;35:coordinate_column_order;36:coordinate_column_order;37:coordinate_column_order;39:coordinate_column_order;40:coordinate_column_order;41:coordinate_column_order;42:coordinate_column_order;43:coordinate_column_order;47:table_aware_xy_cut_order;48:table_aware_xy_cut_order;51:table_aware_xy_cut_order;52:coordinate_column_order;53:coordinate_column_order;54:coordinate_column_order;55:coordinate_column_order;56:coordinate_column_order;57:table_aware_xy_cut_order;58:table_aware_xy_cut_order;59:table_aware_xy_cut_order;60:table_aware_xy_cut_order;61:coordinate_column_order,data/02_interim/esg_text/BURL/BURL-BURLINGTON STORES INC-2021.txt,data/02_interim/esg_text/BURL/BURL-BURLINGTON STORES INC-2021.pages.csv,parsed,,62,133937,9,02f3dfdd4aa10e970440e2e775c228ac802b35672e7a53387ccb2246316cbf2a,2026-07-24T19:49:27.607255+00:00,layout_numeric_risk,false,15551,0.7880,2160.3,0
CASY,CASY-CASEYS GENERAL STORES INC-2022.pdf,ls_45ae2f5755068295d17f519f,sv_1834c9247213b95b80d5f358,fa_aed6be8fecc4fe90258ebefa,ea_6138b9d15e7d38e0dc62c6e4,data/01_raw/sustainability/CASY/CASY-CASEYS GENERAL STORES INC-2022.pdf,5503608,2026-07-22T18:10:38.712847+00:00,fd0360a54bd254ebea02e7250ea5ad46c832a125662dcee07cda2bd4849ec206,raw,data/01_raw/sustainability/CASY/CASY-CASEYS GENERAL STORES INC-2022.pdf,5503608,2026-07-22T18:10:38.712847+00:00,fd0360a54bd254ebea02e7250ea5ad46c832a125662dcee07cda2bd4849ec206,not_applicable,raw_source_selected,pdfplumber_column_order,auto_pdfplumber_column_order_v3,deterministic_coordinate_reading_order_v3;layout_grid_risk_reported;coordinate_column_order_pages=28,9;11;13;14;42;48;49;50;51;52;53,9;11;13;14;42;48;49;50;51;52;53,2,,,,3;5;8;16;17;18;19;22;23;24;25;26;28;30;31;33;34;37;38;39;43;45;46;48;49;52;54;55,2;9;11;13;14;42;50;51;53,,3:region_xy_cut_order;5:coordinate_column_order;8:coordinate_column_order;16:region_xy_cut_order;17:coordinate_column_order;18:coordinate_column_order;19:region_xy_cut_order;22:coordinate_column_order;23:region_xy_cut_order;24:coordinate_column_order;25:region_xy_cut_order;26:region_xy_cut_order;28:coordinate_column_order;30:region_xy_cut_order;31:region_xy_cut_order;33:region_xy_cut_order;34:coordinate_column_order;37:region_xy_cut_order;38:region_xy_cut_order;39:region_xy_cut_order;43:region_xy_cut_order;45:region_xy_cut_order;46:region_xy_cut_order;48:table_aware_xy_cut_order;49:table_aware_xy_cut_order;52:table_aware_xy_cut_order;54:region_xy_cut_order;55:table_aware_xy_cut_order,data/02_interim/esg_text/CASY/CASY-CASEYS GENERAL STORES INC-2022.txt,data/02_interim/esg_text/CASY/CASY-CASEYS GENERAL STORES INC-2022.pages.csv,parsed,,57,129321,12,4ea8cadcc3216652558ca448c5ea1d1ed56275a8b045563c6aee07e9d95581de,2026-07-24T21:05:54.711457+00:00,layout_numeric_risk|complex_reading_order,false,15408,0.8004,2268.8,0
COLM,COLM-COLUMBIA SPORTSWEAR CO-2023.pdf,ls_b6163f8839d78de3cb04127f,sv_acf097e00b4ea67680ec2a5e,fa_f4e211fa442c6d46858224e0,ea_f0afee02d0cace5601cf9be4,data/01_raw/sustainability/COLM/COLM-COLUMBIA SPORTSWEAR CO-2023.pdf,21296496,2026-07-22T18:11:00.709952+00:00,747c7ce2175f36828dffba31bd9422c9f1fe761282f596d987f67b15afcdb619,raw,data/01_raw/sustainability/COLM/COLM-COLUMBIA SPORTSWEAR CO-2023.pdf,21296496,2026-07-22T18:11:00.709952+00:00,747c7ce2175f36828dffba31bd9422c9f1fe761282f596d987f67b15afcdb619,not_applicable,raw_source_selected,pdfplumber_column_order,auto_pdfplumber_column_order_v3,deterministic_coordinate_reading_order_v3;layout_grid_risk_reported;coordinate_column_order_pages=21,35;49,35;49,,,,,10;11;16;17;18;24;25;32;33;34;36;37;38;39;41;43;44;45;48;50;51,35;49,,10:coordinate_column_order;11:coordinate_column_order;16:coordinate_column_order;17:coordinate_column_order;18:region_xy_cut_order;24:coordinate_column_order;25:coordinate_column_order;32:region_xy_cut_order;33:region_xy_cut_order;34:region_xy_cut_order;36:coordinate_column_order;37:region_xy_cut_order;38:coordinate_column_order;39:region_xy_cut_order;41:coordinate_column_order;43:coordinate_column_order;44:region_xy_cut_order;45:coordinate_column_order;48:region_xy_cut_order;50:table_aware_xy_cut_order;51:region_xy_cut_order,data/02_interim/esg_text/COLM/COLM-COLUMBIA SPORTSWEAR CO-2023.txt,data/02_interim/esg_text/COLM/COLM-COLUMBIA SPORTSWEAR CO-2023.pages.csv,parsed,,54,80964,1,fe4af4113dd50351ab091a067a0eba0b51cccd1140962aa5ae3f07bcdb1d30a2,2026-07-24T21:05:58.193060+00:00,layout_numeric_risk,false,9405,0.7791,1499.3,0
CPNG,CPNG-Coupang-2022.pdf,ls_2b663b7eeb3eede93f586013,sv_4595b5084bf3c1eee64b90ab,fa_5d219d33dd6b0f6503ac61dc,ea_2cacec17c17676d870f10a42,data/01_raw/sustainability/CPNG/CPNG-Coupang-2022.pdf,11853502,2026-07-22T18:11:49.126298+00:00,299ad07c9b7d015d58d8c8af7a57ad935599cfed5da3665d71582ec4d25e1665,raw,data/01_raw/sustainability/CPNG/CPNG-Coupang-2022.pdf,11853502,2026-07-22T18:11:49.126298+00:00,299ad07c9b7d015d58d8c8af7a57ad935599cfed5da3665d71582ec4d25e1665,not_applicable,raw_source_selected,pdfplumber_column_order,auto_pdfplumber_column_order_v3,deterministic_coordinate_reading_order_v3;coordinate_column_order_pages=9,,,,1,17,,3;4;6;7;8;9;13;15;16,,,3:coordinate_column_order;4:coordinate_column_order;6:coordinate_column_order;7:coordinate_column_order;8:coordinate_column_order;9:coordinate_column_order;13:coordinate_column_order;15:coordinate_column_order;16:coordinate_column_order,data/02_interim/esg_text/CPNG/CPNG-Coupang-2022.txt,data/02_interim/esg_text/CPNG/CPNG-Coupang-2022.pages.csv,parsed,,17,27331,0,4fc0411b276351b6167b3f539d67ca89fc82f254b83aaa88d6f13d235958d48c,2026-07-24T19:49:30.809727+00:00,,false,3335,0.8263,1607.7,0
CVS,CVS-CVS HEALTH CORP-2015.pdf,ls_9a5f1d8d3bfffbafbba57b06,sv_a59892c43f9e594d4430dd0e,fa_0355e23e6fb81db7992c595a,ea_55bb39693e1c5574a02f6e23,data/01_raw/sustainability/CVS/CVS-CVS HEALTH CORP-2015.pdf,13041211,2026-07-24T14:04:38.118242+00:00,4c9fe2531fb332a32441dc20fc3f8beb4e050d13c095d9d2768896e790991953,raw,data/01_raw/sustainability/CVS/CVS-CVS HEALTH CORP-2015.pdf,13041211,2026-07-24T14:04:38.118242+00:00,4c9fe2531fb332a32441dc20fc3f8beb4e050d13c095d9d2768896e790991953,not_applicable,raw_source_selected,pdfplumber_column_order,auto_pdfplumber_column_order_v3,deterministic_coordinate_reading_order_v3;layout_grid_risk_reported;coordinate_column_order_pages=64,9;11;19;55;84;90,9;11;19;55;84;90,2,20;48;76;101,13;15;16;23;36;47;61;65;70;75;108;111;114,,4;6;7;8;9;10;14;17;21;24;25;26;27;28;29;33;34;38;39;40;41;42;43;44;45;49;52;53;56;57;58;59;62;63;64;67;68;69;72;73;74;80;81;82;83;85;86;87;88;89;91;95;96;98;99;100;103;104;105;106;107;109;112;113,2;11;19;55;84;90,,4:coordinate_column_order;6:coordinate_column_order;7:region_xy_cut_order;8:coordinate_column_order;9:table_aware_xy_cut_order;10:coordinate_column_order;14:region_xy_cut_order;17:region_xy_cut_order;21:region_xy_cut_order;24:region_xy_cut_order;25:coordinate_column_order;26:region_xy_cut_order;27:coordinate_column_order;28:coordinate_column_order;29:coordinate_column_order;33:region_xy_cut_order;34:coordinate_column_order;38:region_xy_cut_order;39:region_xy_cut_order;40:region_xy_cut_order;41:region_xy_cut_order;42:region_xy_cut_order;43:coordinate_column_order;44:region_xy_cut_order;45:coordinate_column_order;49:region_xy_cut_order;52:region_xy_cut_order;53:coordinate_column_order;56:coordinate_column_order;57:coordinate_column_order;58:coordinate_column_order;59:coordinate_column_order;62:coordinate_column_order;63:region_xy_cut_order;64:coordinate_column_order;67:region_xy_cut_order;68:region_xy_cut_order;69:coordinate_column_order;72:region_xy_cut_order;73:region_xy_cut_order;74:coordinate_column_order;80:region_xy_cut_order;81:coordinate_column_order;82:coordinate_column_order;83:coordinate_column_order;85:coordinate_column_order;86:region_xy_cut_order;87:region_xy_cut_order;88:region_xy_cut_order;89:coordinate_column_order;91:coordinate_column_order;95:region_xy_cut_order;96:coordinate_column_order;98:coordinate_column_order;99:coordinate_column_order;100:coordinate_column_order;103:region_xy_cut_order;104:coordinate_column_order;105:table_aware_xy_cut_order;106:coordinate_column_order;107:coordinate_column_order;109:coordinate_column_order;112:coordinate_column_order;113:coordinate_column_order,data/02_interim/esg_text/CVS/CVS-CVS HEALTH CORP-2015.txt,data/02_interim/esg_text/CVS/CVS-CVS HEALTH CORP-2015.pages.csv,parsed,,114,234989,2,c5cbd51e0f6f96caac92f2d604b1206a3e7979579523786859dc600efbe2591f,2026-07-24T21:06:05.495798+00:00,layout_numeric_risk|complex_reading_order,false,28496,0.7999,2061.3,0
CVS,CVS-CVS HEALTH CORP-2017.pdf,ls_f29ef121cdbe934e359f43e6,sv_2ad92eedfb83865379ae8fd0,fa_e17282ba5b33b28cb9435fca,ea_b436595796fd688bccd5f7b4,data/01_raw/sustainability/CVS/CVS-CVS HEALTH CORP-2017.pdf,21985121,2026-07-24T14:05:00.118557+00:00,3af7bda0747de264f73ea29d2676c380b2fd7888fbca05bc59c035df869a1899,raw,data/01_raw/sustainability/CVS/CVS-CVS HEALTH CORP-2017.pdf,21985121,2026-07-24T14:05:00.118557+00:00,3af7bda0747de264f73ea29d2676c380b2fd7888fbca05bc59c035df869a1899,not_applicable,raw_source_selected,pdfplumber_column_order,auto_pdfplumber_column_order_v3,deterministic_coordinate_reading_order_v3;layout_grid_risk_reported;coordinate_column_order_pages=60,10;25;98,10;25;98,,,124,,3;4;9;11;12;16;18;19;20;23;30;31;34;35;36;40;41;44;47;48;49;50;53;55;56;57;59;60;64;65;66;69;71;74;80;81;83;85;88;89;91;93;94;97;101;102;103;104;105;106;107;108;110;113;114;115;116;118;122;123,10;25;98,,3:region_xy_cut_order;4:coordinate_column_order;9:coordinate_column_order;11:coordinate_column_order;12:region_xy_cut_order;16:coordinate_column_order;18:region_xy_cut_order;19:coordinate_column_order;20:coordinate_column_order;23:coordinate_column_order;30:coordinate_column_order;31:coordinate_column_order;34:coordinate_column_order;35:coordinate_column_order;36:coordinate_column_order;40:region_xy_cut_order;41:coordinate_column_order;44:coordinate_column_order;47:region_xy_cut_order;48:coordinate_column_order;49:coordinate_column_order;50:coordinate_column_order;53:coordinate_column_order;55:coordinate_column_order;56:coordinate_column_order;57:coordinate_column_order;59:region_xy_cut_order;60:coordinate_column_order;64:coordinate_column_order;65:coordinate_column_order;66:coordinate_column_order;69:coordinate_column_order;71:coordinate_column_order;74:coordinate_column_order;80:coordinate_column_order;81:coordinate_column_order;83:coordinate_column_order;85:region_xy_cut_order;88:coordinate_column_order;89:coordinate_column_order;91:coordinate_column_order;93:region_xy_cut_order;94:coordinate_column_order;97:coordinate_column_order;101:coordinate_column_order;102:coordinate_column_order;103:coordinate_column_order;104:coordinate_column_order;105:coordinate_column_order;106:coordinate_column_order;107:coordinate_column_order;108:coordinate_column_order;110:coordinate_column_order;113:coordinate_column_order;114:coordinate_column_order;115:coordinate_column_order;116:coordinate_column_order;118:region_xy_cut_order;122:coordinate_column_order;123:region_xy_cut_order,data/02_interim/esg_text/CVS/CVS-CVS HEALTH CORP-2017.txt,data/02_interim/esg_text/CVS/CVS-CVS HEALTH CORP-2017.pages.csv,parsed,,124,248875,1,4a77f83bcd0cde6114dc45183ef1eb2fb917686dc469c9126ef8e3b8d29eb95d,2026-07-24T21:06:12.391804+00:00,layout_numeric_risk,false,30356,0.7931,2007.1,0
DECK,DECK-IDECKERS OUTDOOR CORP-2017.pdf,ls_a0720166e6b0411152ea6aa3,sv_e3fb9145cb5322ce3462f50e,fa_3b033aa9d39204bd2c77db97,ea_445d3de09f6489985d1c900d,data/01_raw/sustainability/DECK/DECK-IDECKERS OUTDOOR CORP-2017.pdf,2144640,2026-07-24T14:05:22.718078+00:00,bc97b5b4101e780f3d0cbd644a1a2a1150f240d0c5c4b631a6cf8801279bfbac,raw,data/01_raw/sustainability/DECK/DECK-IDECKERS OUTDOOR CORP-2017.pdf,2144640,2026-07-24T14:05:22.718078+00:00,bc97b5b4101e780f3d0cbd644a1a2a1150f240d0c5c4b631a6cf8801279bfbac,not_applicable,raw_source_selected,pdfplumber_column_order,auto_pdfplumber_column_order_v3,deterministic_coordinate_reading_order_v3;layout_grid_risk_reported;coordinate_column_order_pages=4,5,5,,,,,4;6;7;19,5,,4:coordinate_column_order;6:region_xy_cut_order;7:region_xy_cut_order;19:coordinate_column_order,data/02_interim/esg_text/DECK/DECK-IDECKERS OUTDOOR CORP-2017.txt,data/02_interim/esg_text/DECK/DECK-IDECKERS OUTDOOR CORP-2017.pages.csv,parsed,,28,58777,1,cd5cd1849614e30187b252ea65937c6ef4235011b01007081b5b196495a875aa,2026-07-24T21:06:14.845371+00:00,layout_numeric_risk,false,6498,0.7420,2099.2,0
DELL,DELL-DELL TECHNOLOGIES INC-2015.pdf,ls_c62941f1ae67f379e13d4241,sv_256b1ed6d831f61031ab4670,fa_6c6eb363cbda30c3c5b0571f,ea_d1b912f2d7f6ad845072211a,data/01_raw/sustainability/DELL/DELL-DELL TECHNOLOGIES INC-2015.pdf,48441776,2026-07-24T14:05:37.562604+00:00,4d5c789b0881840d7dee5c1bba637e0d38bf4a6a46804d9d3a4db67caa46af88,raw,data/01_raw/sustainability/DELL/DELL-DELL TECHNOLOGIES INC-2015.pdf,48441776,2026-07-24T14:05:37.562604+00:00,4d5c789b0881840d7dee5c1bba637e0d38bf4a6a46804d9d3a4db67caa46af88,not_applicable,raw_source_selected,pdfplumber_column_order,auto_pdfplumber_column_order_v3,deterministic_coordinate_reading_order_v3;layout_grid_risk_reported;coordinate_column_order_pages=33,43,43,2,,,,7;8;9;10;11;13;14;15;17;18;19;20;22;23;24;25;26;28;29;31;32;33;35;36;37;38;39;40;41;42;44;45;46,2;43,,7:coordinate_column_order;8:region_xy_cut_order;9:coordinate_column_order;10:coordinate_column_order;11:coordinate_column_order;13:coordinate_column_order;14:region_xy_cut_order;15:coordinate_column_order;17:region_xy_cut_order;18:region_xy_cut_order;19:region_xy_cut_order;20:coordinate_column_order;22:coordinate_column_order;23:region_xy_cut_order;24:coordinate_column_order;25:coordinate_column_order;26:region_xy_cut_order;28:region_xy_cut_order;29:region_xy_cut_order;31:coordinate_column_order;32:coordinate_column_order;33:region_xy_cut_order;35:coordinate_column_order;36:coordinate_column_order;37:coordinate_column_order;38:coordinate_column_order;39:region_xy_cut_order;40:table_aware_xy_cut_order;41:table_aware_xy_cut_order;42:table_aware_xy_cut_order;44:coordinate_column_order;45:table_aware_xy_cut_order;46:table_aware_xy_cut_order,data/02_interim/esg_text/DELL/DELL-DELL TECHNOLOGIES INC-2015.txt,data/02_interim/esg_text/DELL/DELL-DELL TECHNOLOGIES INC-2015.pages.csv,parsed,,47,126837,11,513588ab4e939aa3d58b11a2581fbb299f612282be03114ba377a418d4426c9a,2026-07-24T21:06:18.310060+00:00,layout_numeric_risk|complex_reading_order,false,15655,0.7789,2698.7,0
DG,DG-DOLLAR GENERAL CORP-2019.pdf,ls_1887e4fd0b368af96e554ddf,sv_f5a25cf93dec6c0890d5d616,fa_50de05002ba68073bbff9461,ea_1553ed8e234fcf49afd97bf3,data/01_raw/sustainability/DG/DG-DOLLAR GENERAL CORP-2019.pdf,4588099,2026-07-24T14:06:01.876123+00:00,9194f37ae858c118ade13e41780668c1cfc453b31fc261d21b83e4d7fc43bd53,raw,data/01_raw/sustainability/DG/DG-DOLLAR GENERAL CORP-2019.pdf,4588099,2026-07-24T14:06:01.876123+00:00,9194f37ae858c118ade13e41780668c1cfc453b31fc261d21b83e4d7fc43bd53,not_applicable,raw_source_selected,pdfplumber_column_order,auto_pdfplumber_column_order_v3,deterministic_coordinate_reading_order_v3;layout_grid_risk_reported;coordinate_column_order_pages=4,15,15,,,,,8;9;16;22,15,,8:region_xy_cut_order;9:region_xy_cut_order;16:region_xy_cut_order;22:region_xy_cut_order,data/02_interim/esg_text/DG/DG-DOLLAR GENERAL CORP-2019.txt,data/02_interim/esg_text/DG/DG-DOLLAR GENERAL CORP-2019.pages.csv,parsed,,24,53241,0,fe8fc3951feffb00e08f9634d610f344a29b493411effa2adc67dea705d39d4b,2026-07-24T21:06:21.397473+00:00,layout_numeric_risk,false,6411,0.8125,2218.4,0
DG,DG-DOLLAR GENERAL CORP-2024.pdf,ls_0b86ccd20959543bfa87f19f,sv_7e5ea416fd66824c1ac868c5,fa_820de8e195e9d3610cacf82e,ea_ebd2b83c712ff0f607f3c078,data/01_raw/sustainability/DG/DG-DOLLAR GENERAL CORP-2024.pdf,9210611,2026-07-22T18:16:25.266401+00:00,72377312b12dde42e3bd1189d8b990b1f30de3e6bc50d2f5cfe0b3373ac79970,raw,data/01_raw/sustainability/DG/DG-DOLLAR GENERAL CORP-2024.pdf,9210611,2026-07-22T18:16:25.266401+00:00,72377312b12dde42e3bd1189d8b990b1f30de3e6bc50d2f5cfe0b3373ac79970,not_applicable,raw_source_selected,pdfplumber_column_order,auto_pdfplumber_column_order_v3,deterministic_coordinate_reading_order_v3;layout_grid_risk_reported;coordinate_column_order_pages=15,22;29,22;29,3,,,,11;13;14;18;19;20;26;27;29;31;34;37;40;42;44,3;22,,11:coordinate_column_order;13:coordinate_column_order;14:coordinate_column_order;18:coordinate_column_order;19:coordinate_column_order;20:table_aware_xy_cut_order;26:coordinate_column_order;27:coordinate_column_order;29:table_aware_xy_cut_order;31:coordinate_column_order;34:region_xy_cut_order;37:coordinate_column_order;40:coordinate_column_order;42:coordinate_column_order;44:coordinate_column_order,data/02_interim/esg_text/DG/DG-DOLLAR GENERAL CORP-2024.txt,data/02_interim/esg_text/DG/DG-DOLLAR GENERAL CORP-2024.pages.csv,parsed,,47,78478,3,dcd1c5a02f2cff302e94df1303aeaa13b115f37bb547d13b0a87200695e07fc2,2026-07-24T21:06:24.214353+00:00,layout_numeric_risk|complex_reading_order,false,9315,0.8159,1669.7,0
DLTR,DLTR-DOLLAR TREE INC-2016.pdf,ls_a81c4c1c9b6e86de93ec2cc7,sv_663ce53f90ae42e7332b620b,fa_7fe85215fc22946ec957cd69,ea_43769347039efd6289937f49,data/01_raw/sustainability/DLTR/DLTR-DOLLAR TREE INC-2016.pdf,696689,2026-07-24T14:06:24.156606+00:00,1226b6c1a7b68ad9617d6bc6457a0af9186522dbb5a13a69ca9492e4c1f9bace,raw,data/01_raw/sustainability/DLTR/DLTR-DOLLAR TREE INC-2016.pdf,696689,2026-07-24T14:06:24.156606+00:00,1226b6c1a7b68ad9617d6bc6457a0af9186522dbb5a13a69ca9492e4c1f9bace,not_applicable,raw_source_selected,pdfplumber_column_order,auto_pdfplumber_column_order_v3,deterministic_coordinate_reading_order_v3;coordinate_column_order_pages=10,,,,,,,4;5;6;7;8;9;10;11;12;13,,,4:region_xy_cut_order;5:coordinate_column_order;6:table_aware_xy_cut_order;7:coordinate_column_order;8:coordinate_column_order;9:region_xy_cut_order;10:coordinate_column_order;11:region_xy_cut_order;12:region_xy_cut_order;13:coordinate_column_order,data/02_interim/esg_text/DLTR/DLTR-DOLLAR TREE INC-2016.txt,data/02_interim/esg_text/DLTR/DLTR-DOLLAR TREE INC-2016.pages.csv,parsed,,14,27078,1,3ed1842a28917592cbd94c95c2712e59888b22409266528a15085d190cfa752f,2026-07-24T21:06:25.882078+00:00,,false,3151,0.7895,1934.1,0
DLTR,DLTR-DOLLAR TREE INC-2021.pdf,ls_22140570a78f67df1bdc1a12,sv_d0f87717ffc55dd81f85f045,fa_521569eddb83502fcee5ac00,ea_a5821ea47f048a6016ada990,data/01_raw/sustainability/DLTR/DLTR-DOLLAR TREE INC-2021.pdf,2405035,2026-07-22T20:52:51.116385+00:00,ffe23f69cde7c591d681c323a4dfccd40b4e63ab4ebcec2621d8fe9e16010a40,raw,data/01_raw/sustainability/DLTR/DLTR-DOLLAR TREE INC-2021.pdf,2405035,2026-07-22T20:52:51.116385+00:00,ffe23f69cde7c591d681c323a4dfccd40b4e63ab4ebcec2621d8fe9e16010a40,not_applicable,raw_source_selected,pdfplumber_column_order,auto_pdfplumber_column_order_v3,deterministic_coordinate_reading_order_v3;layout_grid_risk_reported;coordinate_column_order_pages=29,15,15,2,,,,3;6;8;9;10;11;12;13;14;15;16;20;21;22;23;25;26;29;32;33;37;41;42;43;46;47;53;55;56,2,,3:region_xy_cut_order;6:region_xy_cut_order;8:region_xy_cut_order;9:region_xy_cut_order;10:region_xy_cut_order;11:region_xy_cut_order;12:table_aware_xy_cut_order;13:table_aware_xy_cut_order;14:table_aware_xy_cut_order;15:table_aware_xy_cut_order;16:coordinate_column_order;20:table_aware_xy_cut_order;21:region_xy_cut_order;22:region_xy_cut_order;23:coordinate_column_order;25:coordinate_column_order;26:region_xy_cut_order;29:table_aware_xy_cut_order;32:region_xy_cut_order;33:coordinate_column_order;37:coordinate_column_order;41:region_xy_cut_order;42:table_aware_xy_cut_order;43:table_aware_xy_cut_order;46:coordinate_column_order;47:region_xy_cut_order;53:table_aware_xy_cut_order;55:table_aware_xy_cut_order;56:table_aware_xy_cut_order,data/02_interim/esg_text/DLTR/DLTR-DOLLAR TREE INC-2021.txt,data/02_interim/esg_text/DLTR/DLTR-DOLLAR TREE INC-2021.pages.csv,parsed,,57,134675,15,c79992e201498ffe629091cd8be382661482a9e7b884082e2d3f4f1994aebfeb,2026-07-24T21:06:29.990939+00:00,layout_numeric_risk|complex_reading_order,false,16102,0.7954,2362.7,0
DLTR,DLTR-DOLLAR TREE INC-2024.pdf,ls_8d88144eddd8df09707cd607,sv_23d4891c1787d3d3107d4401,fa_9927d6c83b7ff2b80e2f8efd,ea_2995dc07b9c074f23533778c,data/01_raw/sustainability/DLTR/DLTR-DOLLAR TREE INC-2024.pdf,9788156,2026-07-22T20:52:42.603447+00:00,3e3b1072042217ea9d9d8665e815ff501b8ab96e600045509bf29c61edf52297,raw,data/01_raw/sustainability/DLTR/DLTR-DOLLAR TREE INC-2024.pdf,9788156,2026-07-22T20:52:42.603447+00:00,3e3b1072042217ea9d9d8665e815ff501b8ab96e600045509bf29c61edf52297,not_applicable,raw_source_selected,pdfplumber_column_order,auto_pdfplumber_column_order_v3,deterministic_coordinate_reading_order_v3;layout_grid_risk_reported;coordinate_column_order_pages=47,8;14;25,8;14;25,2,,,,4;5;6;9;10;11;15;16;17;18;21;22;23;24;27;28;29;30;32;33;36;38;39;42;44;46;48;49;50;51;52;53;55;56;57;58;59;61;62;63;64;65;66;67;68;69;70,2;8;14;25,,4:coordinate_column_order;5:coordinate_column_order;6:coordinate_column_order;9:coordinate_column_order;10:coordinate_column_order;11:coordinate_column_order;15:coordinate_column_order;16:coordinate_column_order;17:coordinate_column_order;18:region_xy_cut_order;21:coordinate_column_order;22:coordinate_column_order;23:coordinate_column_order;24:coordinate_column_order;27:coordinate_column_order;28:coordinate_column_order;29:coordinate_column_order;30:coordinate_column_order;32:coordinate_column_order;33:coordinate_column_order;36:coordinate_column_order;38:coordinate_column_order;39:coordinate_column_order;42:coordinate_column_order;44:coordinate_column_order;46:coordinate_column_order;48:coordinate_column_order;49:coordinate_column_order;50:coordinate_column_order;51:coordinate_column_order;52:coordinate_column_order;53:coordinate_column_order;55:table_aware_xy_cut_order;56:coordinate_column_order;57:coordinate_column_order;58:coordinate_column_order;59:coordinate_column_order;61:coordinate_column_order;62:coordinate_column_order;63:coordinate_column_order;64:table_aware_xy_cut_order;65:table_aware_xy_cut_order;66:coordinate_column_order;67:table_aware_xy_cut_order;68:region_xy_cut_order;69:coordinate_column_order;70:coordinate_column_order,data/02_interim/esg_text/DLTR/DLTR-DOLLAR TREE INC-2024.txt,data/02_interim/esg_text/DLTR/DLTR-DOLLAR TREE INC-2024.pages.csv,parsed,,70,146021,5,5363adebc90b2dff7fdced75de7addfe9bc9c2df1f3fc1d66f64f4ba579b1401,2026-07-24T21:06:34.026444+00:00,layout_numeric_risk|complex_reading_order,false,17294,0.8338,2086.0,0
FIVE,FIVE-FIVE BELOW INC-2020.pdf,ls_f8fabb230db3976c2a46726b,sv_74f4f1971233e55aab6cfb51,fa_259d28c235cc92f945e5131a,ea_780910e6dd63e3453b805aac,data/01_raw/sustainability/FIVE/FIVE-FIVE BELOW INC-2020.pdf,1525373,2026-07-22T20:54:16.383810+00:00,c743cf193e29920900b1f23b40c89e1e406ee5fb6e120ae0d73bda2af4b0c02f,raw,data/01_raw/sustainability/FIVE/FIVE-FIVE BELOW INC-2020.pdf,1525373,2026-07-22T20:54:16.383810+00:00,c743cf193e29920900b1f23b40c89e1e406ee5fb6e120ae0d73bda2af4b0c02f,not_applicable,raw_source_selected,pdfplumber_column_order,auto_pdfplumber_column_order_v3,deterministic_coordinate_reading_order_v3;layout_grid_risk_reported;coordinate_column_order_pages=5,5;9,5;9,,,,,5;6;7;8;9,,,5:table_aware_xy_cut_order;6:coordinate_column_order;7:table_aware_xy_cut_order;8:table_aware_xy_cut_order;9:table_aware_xy_cut_order,data/02_interim/esg_text/FIVE/FIVE-FIVE BELOW INC-2020.txt,data/02_interim/esg_text/FIVE/FIVE-FIVE BELOW INC-2020.pages.csv,parsed,,9,12717,4,171c16381a9a73f5d756672c73cbc74365fa16856f1761e48179c486def4da74,2026-07-24T21:06:35.428688+00:00,layout_numeric_risk,false,1517,0.6927,1413.0,0
GAP,GAP-GAP INC-2019.pdf,ls_d29c52956647e1e737898099,sv_bc339c325d1678c76021e9fc,fa_65a3eff3b85595680182545b,ea_9e98b87dd8d325bc6642fbb4,data/01_raw/sustainability/GAP/GAP-GAP INC-2019.pdf,7131980,2026-07-24T14:07:30.785964+00:00,b019c1485b76eb129aba27a3020c03a8979fe1711239c2a10440b3ff8cf39947,raw,data/01_raw/sustainability/GAP/GAP-GAP INC-2019.pdf,7131980,2026-07-24T14:07:30.785964+00:00,b019c1485b76eb129aba27a3020c03a8979fe1711239c2a10440b3ff8cf39947,not_applicable,raw_source_selected,pdfplumber_column_order,auto_pdfplumber_column_order_v3,deterministic_coordinate_reading_order_v3;layout_grid_risk_reported;coordinate_column_order_pages=43,3;26;28;31;33;45;49;52;55;60;61;62;68;69;70;71;72;75;78,3;26;28;31;33;45;49;52;55;60;61;62;68;69;70;71;72;75;78,4,,,,2;6;8;9;10;13;14;15;16;17;18;20;21;23;24;25;27;29;30;32;34;35;36;37;38;40;41;42;44;48;50;51;54;56;57;58;59;63;64;66;67;76;77,3;4;26;28;31;33;45;49;52;55;60;61;62;68;69;70;71;72;75;78,,2:coordinate_column_order;6:coordinate_column_order;8:table_aware_xy_cut_order;9:table_aware_xy_cut_order;10:table_aware_xy_cut_order;13:coordinate_column_order;14:coordinate_column_order;15:coordinate_column_order;16:coordinate_column_order;17:coordinate_column_order;18:coordinate_column_order;20:coordinate_column_order;21:coordinate_column_order;23:coordinate_column_order;24:coordinate_column_order;25:region_xy_cut_order;27:coordinate_column_order;29:region_xy_cut_order;30:coordinate_column_order;32:coordinate_column_order;34:table_aware_xy_cut_order;35:coordinate_column_order;36:coordinate_column_order;37:coordinate_column_order;38:coordinate_column_order;40:coordinate_column_order;41:coordinate_column_order;42:coordinate_column_order;44:coordinate_column_order;48:coordinate_column_order;50:coordinate_column_order;51:coordinate_column_order;54:coordinate_column_order;56:coordinate_column_order;57:coordinate_column_order;58:coordinate_column_order;59:coordinate_column_order;63:coordinate_column_order;64:coordinate_column_order;66:coordinate_column_order;67:coordinate_column_order;76:table_aware_xy_cut_order;77:table_aware_xy_cut_order,data/02_interim/esg_text/GAP/GAP-GAP INC-2019.txt,data/02_interim/esg_text/GAP/GAP-GAP INC-2019.pages.csv,parsed,,79,210452,6,604c2a064cda08d7e20a1f0c2a336364006d3aea45fff4e9a24cf0073df71ad6,2026-07-24T21:06:41.445912+00:00,layout_numeric_risk|complex_reading_order,false,25211,0.7837,2663.9,0
GCO,GCO-GENESCO INC-2024.pdf,ls_41d5ea23698efc92c8e44f5e,sv_556db7f8a3becd4a3cc8cfdd,fa_d2b4c3061697493fcc7a1110,ea_594ddce66b8c0f1e0bc713f3,data/01_raw/sustainability/GCO/GCO-GENESCO INC-2024.pdf,2194751,2026-07-22T20:56:04.567429+00:00,e4ef802348c45f8f5e86dde4885425e56fe2b8ae4a7470cf2e7850a329b84f42,raw,data/01_raw/sustainability/GCO/GCO-GENESCO INC-2024.pdf,2194751,2026-07-22T20:56:04.567429+00:00,e4ef802348c45f8f5e86dde4885425e56fe2b8ae4a7470cf2e7850a329b84f42,not_applicable,raw_source_selected,pdfplumber_column_order,auto_pdfplumber_column_order_v3,deterministic_coordinate_reading_order_v3;coordinate_column_order_pages=12,,,,,,,4;8;11;12;13;17;18;21;24;25;27;29,,,4:coordinate_column_order;8:coordinate_column_order;11:region_xy_cut_order;12:table_aware_xy_cut_order;13:region_xy_cut_order;17:table_aware_xy_cut_order;18:coordinate_column_order;21:region_xy_cut_order;24:region_xy_cut_order;25:region_xy_cut_order;27:region_xy_cut_order;29:table_aware_xy_cut_order,data/02_interim/esg_text/GCO/GCO-GENESCO INC-2024.txt,data/02_interim/esg_text/GCO/GCO-GENESCO INC-2024.pages.csv,parsed,,30,39063,5,683869234cec552f331b255fe109c8e2305478402169c80d200d7a60778f8cfc,2026-07-24T19:49:36.153128+00:00,,false,4414,0.7541,1302.1,0
GES,GES-GUESS-2023-2022.pdf,ls_fdb03d03e50ca881352b295c,sv_984c725da784feea75010392,fa_7484cd32227437add9901887,ea_39b318601e28624e38143488,data/01_raw/sustainability/GES/GES-GUESS-2023-2022.pdf,10557620,2026-07-22T20:56:17.399305+00:00,dba71c7d82e2bb6129636def3bcd134a75accd6d4f75ca9d39d692fd16a36d9b,raw,data/01_raw/sustainability/GES/GES-GUESS-2023-2022.pdf,10557620,2026-07-22T20:56:17.399305+00:00,dba71c7d82e2bb6129636def3bcd134a75accd6d4f75ca9d39d692fd16a36d9b,not_applicable,raw_source_selected,pdfplumber_column_order,auto_pdfplumber_column_order_v3,deterministic_coordinate_reading_order_v3;layout_grid_risk_reported;coordinate_column_order_pages=72,17;20;22;37;42;45;79;83;86;87;89;90;91;94;95;98,17;20;22;37;42;45;79;83;86;87;89;90;91;94;95;98,,,2,,4;5;6;7;10;12;13;15;16;19;21;23;25;26;27;28;29;30;31;35;36;38;40;41;43;44;46;47;48;49;50;51;52;54;55;57;59;60;61;62;63;64;65;66;68;69;70;71;72;73;74;75;76;77;78;80;81;82;84;88;93;96;97;99;100;101;102;103;106;107;108;109,17;20;22;37;42;45;79;83;86;87;89;90;91;94;95;98,,4:coordinate_column_order;5:coordinate_column_order;6:coordinate_column_order;7:coordinate_column_order;10:region_xy_cut_order;12:coordinate_column_order;13:coordinate_column_order;15:region_xy_cut_order;16:coordinate_column_order;19:coordinate_column_order;21:coordinate_column_order;23:coordinate_column_order;25:coordinate_column_order;26:coordinate_column_order;27:coordinate_column_order;28:coordinate_column_order;29:coordinate_column_order;30:coordinate_column_order;31:coordinate_column_order;35:region_xy_cut_order;36:coordinate_column_order;38:coordinate_column_order;40:coordinate_column_order;41:coordinate_column_order;43:coordinate_column_order;44:coordinate_column_order;46:coordinate_column_order;47:coordinate_column_order;48:region_xy_cut_order;49:coordinate_column_order;50:coordinate_column_order;51:coordinate_column_order;52:coordinate_column_order;54:coordinate_column_order;55:coordinate_column_order;57:coordinate_column_order;59:region_xy_cut_order;60:coordinate_column_order;61:coordinate_column_order;62:coordinate_column_order;63:coordinate_column_order;64:coordinate_column_order;65:coordinate_column_order;66:coordinate_column_order;68:coordinate_column_order;69:coordinate_column_order;70:coordinate_column_order;71:coordinate_column_order;72:coordinate_column_order;73:coordinate_column_order;74:coordinate_column_order;75:coordinate_column_order;76:coordinate_column_order;77:coordinate_column_order;78:coordinate_column_order;80:coordinate_column_order;81:coordinate_column_order;82:coordinate_column_order;84:region_xy_cut_order;88:coordinate_column_order;93:coordinate_column_order;96:coordinate_column_order;97:coordinate_column_order;99:coordinate_column_order;100:coordinate_column_order;101:coordinate_column_order;102:coordinate_column_order;103:coordinate_column_order;106:coordinate_column_order;107:table_aware_xy_cut_order;108:coordinate_column_order;109:coordinate_column_order,data/02_interim/esg_text/GES/GES-GUESS-2023-2022.txt,data/02_interim/esg_text/GES/GES-GUESS-2023-2022.pages.csv,parsed,,112,328946,4,c042bb28798365a62bcb07199abeebcdf97ae894b89f066ba48b47497ec467a3,2026-07-24T19:49:45.907778+00:00,layout_numeric_risk,false,38586,0.7818,2937.0,0
GIII,GII-G-III APPAREL GROUP LTD-2024.pdf,ls_3b262fa6ea59ce535b4ee8a7,sv_9c812d161fbd099179977f67,fa_d5ecf4de1fac5aae2b565f41,ea_08f43cb46ba1ef1c8494b28f,data/01_raw/sustainability/GIII/GII-G-III APPAREL GROUP LTD-2024.pdf,4822941,2026-07-22T20:56:30.129408+00:00,c7b750ac7cef1c3e806febd6632255115fbd64e5f74b11b4c68283a114c7c29e,raw,data/01_raw/sustainability/GIII/GII-G-III APPAREL GROUP LTD-2024.pdf,4822941,2026-07-22T20:56:30.129408+00:00,c7b750ac7cef1c3e806febd6632255115fbd64e5f74b11b4c68283a114c7c29e,not_applicable,raw_source_selected,pdfplumber_column_order,auto_pdfplumber_column_order_v3,deterministic_coordinate_reading_order_v3;layout_grid_risk_reported;coordinate_column_order_pages=8,31,31,,1;5,35,,3;10;13;14;15;17;31;33,,,3:coordinate_column_order;10:table_aware_xy_cut_order;13:table_aware_xy_cut_order;14:region_xy_cut_order;15:table_aware_xy_cut_order;17:table_aware_xy_cut_order;31:table_aware_xy_cut_order;33:coordinate_column_order,data/02_interim/esg_text/GIII/GII-G-III APPAREL GROUP LTD-2024.txt,data/02_interim/esg_text/GIII/GII-G-III APPAREL GROUP LTD-2024.pages.csv,parsed,,35,32521,8,1f86b53070965c7692b75b089b0837e6ae5c955a28dbcc5017c46cfae2848bcb,2026-07-24T19:49:47.948727+00:00,layout_numeric_risk,false,3800,0.7997,929.2,0
GPI,GPI-GROUP 1 AUTOMOTIVE INC-2022.pdf,ls_3465ca9ce89b3bb354926308,sv_3d347aac535a40a4bdb9f240,fa_70ae66017afb54fd95916630,ea_ed71f2c2241833f44318695d,data/01_raw/sustainability/GPI/GPI-GROUP 1 AUTOMOTIVE INC-2022.pdf,23156121,2026-07-22T20:57:02.727206+00:00,0dc050620112c2c9eda31b160a3692a3a384ce940f8a7c0bca59c08730fa0a3a,raw,data/01_raw/sustainability/GPI/GPI-GROUP 1 AUTOMOTIVE INC-2022.pdf,23156121,2026-07-22T20:57:02.727206+00:00,0dc050620112c2c9eda31b160a3692a3a384ce940f8a7c0bca59c08730fa0a3a,not_applicable,raw_source_selected,pdfplumber_column_order,auto_pdfplumber_column_order_v3,deterministic_coordinate_reading_order_v3;layout_grid_risk_reported;coordinate_column_order_pages=32,34,34,,,,,3;4;11;12;15;16;18;19;20;21;22;23;24;25;27;28;30;31;33;35;37;38;39;40;45;46;47;50;51;52;53;55,34,,3:coordinate_column_order;4:region_xy_cut_order;11:coordinate_column_order;12:coordinate_column_order;15:coordinate_column_order;16:coordinate_column_order;18:coordinate_column_order;19:coordinate_column_order;20:coordinate_column_order;21:coordinate_column_order;22:table_aware_xy_cut_order;23:coordinate_column_order;24:coordinate_column_order;25:coordinate_column_order;27:coordinate_column_order;28:coordinate_column_order;30:region_xy_cut_order;31:coordinate_column_order;33:table_aware_xy_cut_order;35:table_aware_xy_cut_order;37:coordinate_column_order;38:coordinate_column_order;39:coordinate_column_order;40:coordinate_column_order;45:table_aware_xy_cut_order;46:table_aware_xy_cut_order;47:table_aware_xy_cut_order;50:table_aware_xy_cut_order;51:table_aware_xy_cut_order;52:table_aware_xy_cut_order;53:table_aware_xy_cut_order;55:region_xy_cut_order,data/02_interim/esg_text/GPI/GPI-GROUP 1 AUTOMOTIVE INC-2022.txt,data/02_interim/esg_text/GPI/GPI-GROUP 1 AUTOMOTIVE INC-2022.pages.csv,parsed,,56,96068,11,27ef698f826b3ae55a4d2d9abaa2aa1967b6af010a56c1a417d08bc0366c5396,2026-07-24T19:49:51.304986+00:00,layout_numeric_risk,false,11217,0.7987,1715.5,0
GPRO,GPRO-GOPRO INC-2022.pdf,ls_4bf7081117c6ea80d3b8c1ce,sv_c7bc627d16eba28c5fed0fbc,fa_1738c78da853bf7ce72da1ee,ea_4621aba08fc4b8b22b2b7040,data/01_raw/sustainability/GPRO/GPRO-GOPRO INC-2022.pdf,10849559,2026-07-22T20:57:23.027686+00:00,a633d155dba5ae782918cf813afa150808502f6063282c1f2d05608ee9c6643e,raw,data/01_raw/sustainability/GPRO/GPRO-GOPRO INC-2022.pdf,10849559,2026-07-22T20:57:23.027686+00:00,a633d155dba5ae782918cf813afa150808502f6063282c1f2d05608ee9c6643e,not_applicable,raw_source_selected,pdfplumber_column_order,auto_pdfplumber_column_order_v3,deterministic_coordinate_reading_order_v3;coordinate_column_order_pages=2,,,,,,,26;39,,,26:coordinate_column_order;39:coordinate_column_order,data/02_interim/esg_text/GPRO/GPRO-GOPRO INC-2022.txt,data/02_interim/esg_text/GPRO/GPRO-GOPRO INC-2022.pages.csv,parsed,,40,34777,0,001ee854b2a550493d9466a37597bd14a2d4c71371b731aaa581f8cd26697678,2026-07-24T21:06:53.744499+00:00,,false,4103,0.7865,869.4,0
HD,HD-HOME DEPOT INC-2018.pdf,ls_0e1b6e710e98d90082d79b34,sv_c220c248965479713537614a,fa_192abfc66b7d4fea16fc698e,ea_7e25daaf666b928d7419c4ac,data/01_raw/sustainability/HD/HD-HOME DEPOT INC-2018.pdf,12922576,2026-07-23T17:54:34.093305+00:00,1962ef981f008871358da26a677f62f48d375c0cb7afecd21474dd97fb369bf1,raw,data/01_raw/sustainability/HD/HD-HOME DEPOT INC-2018.pdf,12922576,2026-07-23T17:54:34.093305+00:00,1962ef981f008871358da26a677f62f48d375c0cb7afecd21474dd97fb369bf1,not_applicable,raw_source_selected,pdfplumber_column_order,auto_pdfplumber_column_order_v3,deterministic_coordinate_reading_order_v3;layout_grid_risk_reported;coordinate_column_order_pages=38,13;14;21;28;58;96;98;102;110,13;14;21;28;58;96;98;102;110,3,,120,,6;10;12;18;24;25;30;32;34;35;36;41;42;48;50;52;54;62;63;64;68;72;78;79;84;86;88;92;106;108;109;111;114;115;116;117;118;119,3;13;14;21;28;58;96;98;102;110,,6:coordinate_column_order;10:table_aware_xy_cut_order;12:region_xy_cut_order;18:coordinate_column_order;24:region_xy_cut_order;25:coordinate_column_order;30:region_xy_cut_order;32:coordinate_column_order;34:coordinate_column_order;35:coordinate_column_order;36:coordinate_column_order;41:region_xy_cut_order;42:coordinate_column_order;48:coordinate_column_order;50:coordinate_column_order;52:coordinate_column_order;54:coordinate_column_order;62:coordinate_column_order;63:coordinate_column_order;64:coordinate_column_order;68:coordinate_column_order;72:coordinate_column_order;78:region_xy_cut_order;79:coordinate_column_order;84:coordinate_column_order;86:coordinate_column_order;88:coordinate_column_order;92:region_xy_cut_order;106:coordinate_column_order;108:region_xy_cut_order;109:table_aware_xy_cut_order;111:coordinate_column_order;114:table_aware_xy_cut_order;115:coordinate_column_order;116:coordinate_column_order;117:coordinate_column_order;118:coordinate_column_order;119:coordinate_column_order,data/02_interim/esg_text/HD/HD-HOME DEPOT INC-2018.txt,data/02_interim/esg_text/HD/HD-HOME DEPOT INC-2018.pages.csv,parsed,,120,150020,13,9016bc519dd80e496f1c9f05fc7d26385f98eb7a192fb6acee3c9fb828fc2abe,2026-07-24T19:49:55.844932+00:00,layout_numeric_risk|complex_reading_order,false,17418,0.7700,1250.2,0
HD,HD-HOME DEPOT INC-2019.pdf,ls_67a66ffab3a22048914d462d,sv_d2426997350f80402a042e1b,fa_f3bad9da8547de673de2826e,ea_0ff8de1dbdaf68c2933a4aed,data/01_raw/sustainability/HD/HD-HOME DEPOT INC-2019.pdf,31231964,2026-07-23T17:54:31.249896+00:00,efdc762d3a13939d2be9727fbce4b868bc490b2c7ad1367c94e95e9793da1a2b,raw,data/01_raw/sustainability/HD/HD-HOME DEPOT INC-2019.pdf,31231964,2026-07-23T17:54:31.249896+00:00,efdc762d3a13939d2be9727fbce4b868bc490b2c7ad1367c94e95e9793da1a2b,not_applicable,raw_source_selected,pdfplumber_column_order,auto_pdfplumber_column_order_v3,deterministic_coordinate_reading_order_v3;layout_grid_risk_reported;coordinate_column_order_pages=66,14;23;80;81;103;104;149;150,14;23;80;81;103;104;149;150,3,,,,6;7;8;12;13;18;19;23;24;30;31;34;35;36;38;40;41;42;43;44;46;49;52;54;60;62;66;68;70;72;74;75;76;82;83;84;87;90;92;98;99;100;102;108;110;114;120;121;124;130;132;133;134;135;136;137;142;143;144;145;146;147;148;149;151;153,3;14;80;81;103;104;150,,6:region_xy_cut_order;7:region_xy_cut_order;8:region_xy_cut_order;12:region_xy_cut_order;13:coordinate_column_order;18:region_xy_cut_order;19:coordinate_column_order;23:table_aware_xy_cut_order;24:coordinate_column_order;30:coordinate_column_order;31:coordinate_column_order;34:region_xy_cut_order;35:region_xy_cut_order;36:region_xy_cut_order;38:region_xy_cut_order;40:coordinate_column_order;41:coordinate_column_order;42:coordinate_column_order;43:coordinate_column_order;44:coordinate_column_order;46:coordinate_column_order;49:region_xy_cut_order;52:region_xy_cut_order;54:region_xy_cut_order;60:coordinate_column_order;62:coordinate_column_order;66:region_xy_cut_order;68:region_xy_cut_order;70:region_xy_cut_order;72:coordinate_column_order;74:region_xy_cut_order;75:region_xy_cut_order;76:region_xy_cut_order;82:region_xy_cut_order;83:region_xy_cut_order;84:coordinate_column_order;87:region_xy_cut_order;90:region_xy_cut_order;92:coordinate_column_order;98:region_xy_cut_order;99:coordinate_column_order;100:region_xy_cut_order;102:region_xy_cut_order;108:coordinate_column_order;110:coordinate_column_order;114:region_xy_cut_order;120:region_xy_cut_order;121:region_xy_cut_order;124:region_xy_cut_order;130:region_xy_cut_order;132:coordinate_column_order;133:table_aware_xy_cut_order;134:coordinate_column_order;135:coordinate_column_order;136:region_xy_cut_order;137:coordinate_column_order;142:coordinate_column_order;143:coordinate_column_order;144:coordinate_column_order;145:coordinate_column_order;146:coordinate_column_order;147:coordinate_column_order;148:coordinate_column_order;149:table_aware_xy_cut_order;151:table_aware_xy_cut_order;153:coordinate_column_order,data/02_interim/esg_text/HD/HD-HOME DEPOT INC-2019.txt,data/02_interim/esg_text/HD/HD-HOME DEPOT INC-2019.pages.csv,parsed,,154,211396,20,831c862a6851924ab26447ca07c475b8434598128395f1b9fc1636e51dee6a51,2026-07-24T19:50:21.785722+00:00,layout_numeric_risk|complex_reading_order,false,24513,0.7725,1372.7,0
HD,HD-HOME DEPOT INC-2020.pdf,ls_aa072f8e3d93709707d7dba5,sv_c1761227d6a5187c68d7981f,fa_9579c9a6edd060a9b066ca5f,ea_67a2c0d9c1ec7b07ee702839,data/01_raw/sustainability/HD/HD-HOME DEPOT INC-2020.pdf,26759817,2026-07-22T20:58:10.211563+00:00,fcc1ba3295d49ec8ccf7b4f4713ce4b7be176297bfa43ec751f84a3219a1ebf3,raw,data/01_raw/sustainability/HD/HD-HOME DEPOT INC-2020.pdf,26759817,2026-07-22T20:58:10.211563+00:00,fcc1ba3295d49ec8ccf7b4f4713ce4b7be176297bfa43ec751f84a3219a1ebf3,not_applicable,raw_source_selected,pdfplumber_column_order,auto_pdfplumber_column_order_v3,deterministic_coordinate_reading_order_v3;layout_grid_risk_reported;coordinate_column_order_pages=76,15;17;23;27;31;74;75;76;86;93;106;114;143;144,15;17;23;27;31;74;75;76;86;93;106;114;143;144,3,,,,6;8;12;20;21;23;26;29;34;35;36;37;38;40;42;43;44;46;47;48;50;52;53;56;58;60;62;64;66;68;70;72;77;78;80;81;82;85;89;90;92;94;97;100;101;102;103;104;107;108;110;112;113;115;118;119;120;124;126;127;128;129;130;132;135;136;137;138;139;140;141;142;143;144;145;147,3;15;17;27;31;74;75;76;86;93;106;114,,6:region_xy_cut_order;8:region_xy_cut_order;12:region_xy_cut_order;20:coordinate_column_order;21:coordinate_column_order;23:table_aware_xy_cut_order;26:region_xy_cut_order;29:region_xy_cut_order;34:region_xy_cut_order;35:coordinate_column_order;36:coordinate_column_order;37:coordinate_column_order;38:coordinate_column_order;40:region_xy_cut_order;42:coordinate_column_order;43:region_xy_cut_order;44:coordinate_column_order;46:coordinate_column_order;47:region_xy_cut_order;48:region_xy_cut_order;50:region_xy_cut_order;52:region_xy_cut_order;53:region_xy_cut_order;56:region_xy_cut_order;58:region_xy_cut_order;60:coordinate_column_order;62:region_xy_cut_order;64:coordinate_column_order;66:region_xy_cut_order;68:region_xy_cut_order;70:region_xy_cut_order;72:region_xy_cut_order;77:coordinate_column_order;78:region_xy_cut_order;80:region_xy_cut_order;81:region_xy_cut_order;82:coordinate_column_order;85:region_xy_cut_order;89:coordinate_column_order;90:region_xy_cut_order;92:region_xy_cut_order;94:coordinate_column_order;97:coordinate_column_order;100:coordinate_column_order;101:coordinate_column_order;102:coordinate_column_order;103:region_xy_cut_order;104:region_xy_cut_order;107:region_xy_cut_order;108:coordinate_column_order;110:coordinate_column_order;112:region_xy_cut_order;113:region_xy_cut_order;115:coordinate_column_order;118:coordinate_column_order;119:coordinate_column_order;120:coordinate_column_order;124:region_xy_cut_order;126:coordinate_column_order;127:table_aware_xy_cut_order;128:coordinate_column_order;129:coordinate_column_order;130:region_xy_cut_order;132:region_xy_cut_order;135:table_aware_xy_cut_order;136:coordinate_column_order;137:table_aware_xy_cut_order;138:coordinate_column_order;139:coordinate_column_order;140:coordinate_column_order;141:coordinate_column_order;142:coordinate_column_order;143:table_aware_xy_cut_order;144:table_aware_xy_cut_order;145:table_aware_xy_cut_order;147:coordinate_column_order,data/02_interim/esg_text/HD/HD-HOME DEPOT INC-2020.txt,data/02_interim/esg_text/HD/HD-HOME DEPOT INC-2020.pages.csv,parsed,,150,264909,20,2728998fb7e332e6af5b7e07d67b363b5aa15519e062eb23cd8ad5b300723dbb,2026-07-24T21:07:16.837156+00:00,layout_numeric_risk|complex_reading_order,false,31273,0.7692,1766.1,0
JWN,JWN-NORSTROM-2021.pdf,ls_3488a9efe263345f360df66a,sv_6a1ee06cb868d018785a8366,fa_e86f52914a051e74680683ea,ea_ec65006ab29e155eeed48e93,data/01_raw/sustainability/JWN/JWN-NORSTROM-2021.pdf,32064537,2026-07-22T20:58:34.736691+00:00,f2d0fc69b6ddaabec56408ff0a54ad40c2a1eeedaebaf476e9f2d92d8a608a7d,raw,data/01_raw/sustainability/JWN/JWN-NORSTROM-2021.pdf,32064537,2026-07-22T20:58:34.736691+00:00,f2d0fc69b6ddaabec56408ff0a54ad40c2a1eeedaebaf476e9f2d92d8a608a7d,not_applicable,raw_source_selected,pdfplumber_column_order,auto_pdfplumber_column_order_v3,deterministic_coordinate_reading_order_v3;layout_grid_risk_reported;coordinate_column_order_pages=16,14;16,14;16,,39,,,5;10;17;18;19;20;21;23;24;28;30;31;36;37;38;40,14;16,,5:coordinate_column_order;10:coordinate_column_order;17:coordinate_column_order;18:coordinate_column_order;19:coordinate_column_order;20:coordinate_column_order;21:coordinate_column_order;23:coordinate_column_order;24:coordinate_column_order;28:coordinate_column_order;30:coordinate_column_order;31:coordinate_column_order;36:coordinate_column_order;37:region_xy_cut_order;38:coordinate_column_order;40:coordinate_column_order,data/02_interim/esg_text/JWN/JWN-NORSTROM-2021.txt,data/02_interim/esg_text/JWN/JWN-NORSTROM-2021.pages.csv,parsed,,40,73776,0,997aa6c6a7bb80139f632e901c852c94cc7b8debbc4beb67732a06c3006e6d9b,2026-07-24T19:50:46.837601+00:00,layout_numeric_risk,false,8916,0.8018,1844.4,0
JWN,JWN-NORSTROM-2022.pdf,ls_bd8842cb375668caffcab179,sv_6989b1c94af8caaf413c2bde,fa_f196e23ebccb0ac4297b54fb,ea_71b986803bfb86fa2432e92b,data/01_raw/sustainability/JWN/JWN-NORSTROM-2022.pdf,27976801,2026-07-22T20:58:43.275279+00:00,285f0ba0abdea392ac579b2ff72a0b5467665af3e724a1621447c42581557290,raw,data/01_raw/sustainability/JWN/JWN-NORSTROM-2022.pdf,27976801,2026-07-22T20:58:43.275279+00:00,285f0ba0abdea392ac579b2ff72a0b5467665af3e724a1621447c42581557290,not_applicable,raw_source_selected,pdfplumber_column_order,auto_pdfplumber_column_order_v3,deterministic_coordinate_reading_order_v3;layout_grid_risk_reported;coordinate_column_order_pages=29,10,10,2,1,,,5;9;12;13;14;15;17;18;19;20;22;24;25;27;28;29;30;31;33;34;35;36;38;39;42;43;44;45;61,2;10,,5:region_xy_cut_order;9:region_xy_cut_order;12:coordinate_column_order;13:coordinate_column_order;14:coordinate_column_order;15:coordinate_column_order;17:coordinate_column_order;18:coordinate_column_order;19:coordinate_column_order;20:coordinate_column_order;22:coordinate_column_order;24:coordinate_column_order;25:coordinate_column_order;27:region_xy_cut_order;28:coordinate_column_order;29:coordinate_column_order;30:coordinate_column_order;31:coordinate_column_order;33:coordinate_column_order;34:region_xy_cut_order;35:coordinate_column_order;36:coordinate_column_order;38:region_xy_cut_order;39:coordinate_column_order;42:coordinate_column_order;43:coordinate_column_order;44:region_xy_cut_order;45:region_xy_cut_order;61:coordinate_column_order,data/02_interim/esg_text/JWN/JWN-NORSTROM-2022.txt,data/02_interim/esg_text/JWN/JWN-NORSTROM-2022.pages.csv,parsed,,61,123639,1,399ce1a86e0067b1a4b1041f40fb860c84349fa01363e6788e039887f6dff214,2026-07-24T19:50:50.435581+00:00,layout_numeric_risk|complex_reading_order,false,14928,0.8037,2026.9,0
KMX,KMX-CARMAX INC-2022.pdf,ls_036675dcbed79d80cb514df7,sv_dbee173a7e9526ae9e5ce284,fa_5036e11de1f01bf724433ddc,ea_4c641f679f1e89aecb2a5b81,data/01_raw/sustainability/KMX/KMX-CARMAX INC-2022.pdf,2940232,2026-07-22T20:59:05.118084+00:00,14038f4254b3b6603a1b8375443608622f7319cb0dd9474faf21fcf8897f7fcb,raw,data/01_raw/sustainability/KMX/KMX-CARMAX INC-2022.pdf,2940232,2026-07-22T20:59:05.118084+00:00,14038f4254b3b6603a1b8375443608622f7319cb0dd9474faf21fcf8897f7fcb,not_applicable,raw_source_selected,pdfplumber_column_order,auto_pdfplumber_column_order_v3,deterministic_coordinate_reading_order_v3;layout_grid_risk_reported;coordinate_column_order_pages=34,20;22,20;22,,,,,3;4;5;6;7;8;9;10;11;12;13;14;15;17;18;19;20;21;23;24;25;27;28;29;30;31;32;33;34;35;36;37;38;39,22,,3:region_xy_cut_order;4:coordinate_column_order;5:coordinate_column_order;6:coordinate_column_order;7:region_xy_cut_order;8:coordinate_column_order;9:table_aware_xy_cut_order;10:region_xy_cut_order;11:coordinate_column_order;12:coordinate_column_order;13:coordinate_column_order;14:coordinate_column_order;15:coordinate_column_order;17:region_xy_cut_order;18:coordinate_column_order;19:coordinate_column_order;20:table_aware_xy_cut_order;21:region_xy_cut_order;23:coordinate_column_order;24:coordinate_column_order;25:region_xy_cut_order;27:table_aware_xy_cut_order;28:coordinate_column_order;29:coordinate_column_order;30:coordinate_column_order;31:coordinate_column_order;32:coordinate_column_order;33:region_xy_cut_order;34:region_xy_cut_order;35:table_aware_xy_cut_order;36:table_aware_xy_cut_order;37:table_aware_xy_cut_order;38:table_aware_xy_cut_order;39:region_xy_cut_order,data/02_interim/esg_text/KMX/KMX-CARMAX INC-2022.txt,data/02_interim/esg_text/KMX/KMX-CARMAX INC-2022.pages.csv,parsed,,39,94771,7,80ed20c3c6737bfb309d5493a70547103956c294cc5248ddbc29da18ff525523,2026-07-24T21:07:19.618522+00:00,layout_numeric_risk,false,11081,0.7722,2430.0,0
KSS,KSS-KOHL'S-2022.pdf,ls_f7e5e4132a4c0a3631dd4bce,sv_2d0ab0f256c6cdfae3a211b5,fa_e1a641232f5a1cbf698fbec4,ea_81a7bd5265072129f4d0b620,data/01_raw/sustainability/KSS/KSS-KOHL'S-2022.pdf,60597663,2026-07-22T20:59:36.917904+00:00,a7fbdfd63080b7e367fcb7a2403548b5692ce0be11323fd6628f4f5a09b51989,raw,data/01_raw/sustainability/KSS/KSS-KOHL'S-2022.pdf,60597663,2026-07-22T20:59:36.917904+00:00,a7fbdfd63080b7e367fcb7a2403548b5692ce0be11323fd6628f4f5a09b51989,not_applicable,raw_source_selected,pdfplumber_column_order,auto_pdfplumber_column_order_v3,deterministic_coordinate_reading_order_v3;layout_grid_risk_reported;coordinate_column_order_pages=47,6;7;8;10;13;14;18;21;26;28;29;30;48;68,6;7;8;10;13;14;18;21;26;28;29;30;48;68,2,1,,,4;12;15;17;19;20;24;25;27;31;32;33;35;36;37;38;39;40;41;42;45;49;53;54;56;57;58;61;63;64;66;70;71;72;73;74;75;76;77;78;79;82;83;85;86;90;93,2;6;7;8;10;13;14;18;21;26;28;29;30;48;68,,4:region_xy_cut_order;12:region_xy_cut_order;15:region_xy_cut_order;17:region_xy_cut_order;19:coordinate_column_order;20:coordinate_column_order;24:coordinate_column_order;25:coordinate_column_order;27:coordinate_column_order;31:coordinate_column_order;32:region_xy_cut_order;33:region_xy_cut_order;35:region_xy_cut_order;36:coordinate_column_order;37:coordinate_column_order;38:region_xy_cut_order;39:region_xy_cut_order;40:coordinate_column_order;41:coordinate_column_order;42:coordinate_column_order;45:coordinate_column_order;49:region_xy_cut_order;53:region_xy_cut_order;54:region_xy_cut_order;56:region_xy_cut_order;57:region_xy_cut_order;58:region_xy_cut_order;61:region_xy_cut_order;63:coordinate_column_order;64:coordinate_column_order;66:coordinate_column_order;70:coordinate_column_order;71:coordinate_column_order;72:region_xy_cut_order;73:coordinate_column_order;74:coordinate_column_order;75:coordinate_column_order;76:region_xy_cut_order;77:coordinate_column_order;78:region_xy_cut_order;79:coordinate_column_order;82:coordinate_column_order;83:coordinate_column_order;85:region_xy_cut_order;86:coordinate_column_order;90:coordinate_column_order;93:region_xy_cut_order,data/02_interim/esg_text/KSS/KSS-KOHL'S-2022.txt,data/02_interim/esg_text/KSS/KSS-KOHL'S-2022.pages.csv,parsed,,93,189312,3,37867166ecfa01afdbe49dc41b58b5268c01ca5eda5251047748d8fbeed16e69,2026-07-24T21:07:26.992926+00:00,layout_numeric_risk|complex_reading_order,false,22743,0.8119,2035.6,0
LEG,LEG-LEGGETT & PLATT INC-2024.pdf,ls_6f9e597be68061dcae803303,sv_523bb63a1aa69b8cf8272adc,fa_91f9185531bb9b4efc0b0471,ea_759452ff7ba62371e88f162d,data/01_raw/sustainability/LEG/LEG-LEGGETT & PLATT INC-2024.pdf,8051958,2026-07-22T21:00:43.505602+00:00,356b20898d3a01c034a3ca399b9c36b3524bcbc1f123f5aa20fcb662889a128b,raw,data/01_raw/sustainability/LEG/LEG-LEGGETT & PLATT INC-2024.pdf,8051958,2026-07-22T21:00:43.505602+00:00,356b20898d3a01c034a3ca399b9c36b3524bcbc1f123f5aa20fcb662889a128b,not_applicable,raw_source_selected,pdfplumber_column_order,auto_pdfplumber_column_order_v3,deterministic_coordinate_reading_order_v3;coordinate_column_order_pages=25,,,2;11;47;66;67;68,,,,5;15;17;18;19;22;23;24;25;29;30;32;36;40;41;42;43;44;46;56;61;64;69;70;71,2;11;47;66;67;68,,5:region_xy_cut_order;15:region_xy_cut_order;17:table_aware_xy_cut_order;18:region_xy_cut_order;19:coordinate_column_order;22:coordinate_column_order;23:region_xy_cut_order;24:coordinate_column_order;25:region_xy_cut_order;29:coordinate_column_order;30:coordinate_column_order;32:coordinate_column_order;36:region_xy_cut_order;40:coordinate_column_order;41:region_xy_cut_order;42:table_aware_xy_cut_order;43:region_xy_cut_order;44:region_xy_cut_order;46:coordinate_column_order;56:region_xy_cut_order;61:coordinate_column_order;64:coordinate_column_order;69:table_aware_xy_cut_order;70:table_aware_xy_cut_order;71:table_aware_xy_cut_order,data/02_interim/esg_text/LEG/LEG-LEGGETT & PLATT INC-2024.txt,data/02_interim/esg_text/LEG/LEG-LEGGETT & PLATT INC-2024.pages.csv,parsed,,71,150052,10,6ccc9cbf69bbfbeaa1adc0382beca8c21196e0c48540f21efeba1373ad0756b7,2026-07-24T21:07:32.516228+00:00,complex_reading_order,false,17376,0.7948,2113.4,0
LEVI,LEVI-LEVI STRAUSS & CO-2019.pdf,ls_913add6a078c7fee1d2ed551,sv_c92863dfbe790e4f224728c4,fa_4f5c303f7fb6ca9c9a8f870a,ea_fae0ee904a958a397dd175e1,data/01_raw/sustainability/LEVI/LEVI-LEVI STRAUSS & CO-2019.pdf,4309285,2026-07-24T14:08:56.328760+00:00,eade3a7a19d9b9970adabc83e33f4cfd26658c1d642d92888f61275c678640fc,raw,data/01_raw/sustainability/LEVI/LEVI-LEVI STRAUSS & CO-2019.pdf,4309285,2026-07-24T14:08:56.328760+00:00,eade3a7a19d9b9970adabc83e33f4cfd26658c1d642d92888f61275c678640fc,not_applicable,raw_source_selected,pdfplumber_column_order,auto_pdfplumber_column_order_v3,deterministic_coordinate_reading_order_v3;layout_grid_risk_reported;coordinate_column_order_pages=7,16,16,,,,,2;5;7;9;11;13;15,16,,2:region_xy_cut_order;5:coordinate_column_order;7:coordinate_column_order;9:coordinate_column_order;11:coordinate_column_order;13:coordinate_column_order;15:region_xy_cut_order,data/02_interim/esg_text/LEVI/LEVI-LEVI STRAUSS & CO-2019.txt,data/02_interim/esg_text/LEVI/LEVI-LEVI STRAUSS & CO-2019.pages.csv,parsed,,19,23422,0,3f3bf01a2048c9c853ee6da6ede454991c63925be575d02ac09549a03041cef8,2026-07-24T19:50:52.141822+00:00,layout_numeric_risk,false,2893,0.7715,1232.7,0
LEVI,LEVI-LEVI STRAUSS & CO-2020.pdf,ls_fb093fce5f881771fb1e557d,sv_91b27461bd25e2dc171f475e,fa_7798734745bbaa421902d89d,ea_3fbfe30a13ef83c557109605,data/01_raw/sustainability/LEVI/LEVI-LEVI STRAUSS & CO-2020.pdf,54125447,2026-07-24T14:09:04.816181+00:00,84d1ad80b2732eb6bf04482180368ef14a996bd2b2ace041882a26ef613b9653,raw,data/01_raw/sustainability/LEVI/LEVI-LEVI STRAUSS & CO-2020.pdf,54125447,2026-07-24T14:09:04.816181+00:00,84d1ad80b2732eb6bf04482180368ef14a996bd2b2ace041882a26ef613b9653,not_applicable,raw_source_selected,pdfplumber_column_order,auto_pdfplumber_column_order_v3,deterministic_coordinate_reading_order_v3;coordinate_column_order_pages=1,,,,,,,8,,,8:region_xy_cut_order,data/02_interim/esg_text/LEVI/LEVI-LEVI STRAUSS & CO-2020.txt,data/02_interim/esg_text/LEVI/LEVI-LEVI STRAUSS & CO-2020.pages.csv,parsed,,216,292069,0,8d7ff4c82a4ffcd9d39ef5373bbab814863c9534c9d933bbda9a06439a29be32,2026-07-24T21:07:38.434427+00:00,,false,36020,0.8076,1352.2,0
LOW,LOW-LOWE'S COS INC-2023.pdf,ls_db1426efafd788226f104727,sv_ad2e38ba2bc588046add9f7c,fa_781e5b6770f792a7e4c83a9b,ea_a11f5803c1b42c6d2ed9540b,data/01_raw/sustainability/LOW/LOW-LOWE'S COS INC-2023.pdf,13177869,2026-07-22T21:01:49.874255+00:00,3b3f691c328c02e07666fdb28117b0ac967fd1c141e7cd5a68237b4466486e2d,raw,data/01_raw/sustainability/LOW/LOW-LOWE'S COS INC-2023.pdf,13177869,2026-07-22T21:01:49.874255+00:00,3b3f691c328c02e07666fdb28117b0ac967fd1c141e7cd5a68237b4466486e2d,not_applicable,raw_source_selected,pdfplumber_column_order,auto_pdfplumber_column_order_v3,deterministic_coordinate_reading_order_v3;layout_grid_risk_reported;coordinate_column_order_pages=39,4;5;8;9;17;29,4;5;8;9;17;29,2;7,,,,3;8;11;13;14;15;16;18;19;20;21;22;23;24;26;28;30;31;32;33;35;36;37;39;40;41;42;43;44;45;46;48;49;51;52;54;56;57;58,2;4;5;7;9;17;29,,3:region_xy_cut_order;8:table_aware_xy_cut_order;11:coordinate_column_order;13:region_xy_cut_order;14:coordinate_column_order;15:region_xy_cut_order;16:coordinate_column_order;18:coordinate_column_order;19:coordinate_column_order;20:region_xy_cut_order;21:coordinate_column_order;22:coordinate_column_order;23:coordinate_column_order;24:table_aware_xy_cut_order;26:region_xy_cut_order;28:table_aware_xy_cut_order;30:region_xy_cut_order;31:table_aware_xy_cut_order;32:region_xy_cut_order;33:table_aware_xy_cut_order;35:region_xy_cut_order;36:coordinate_column_order;37:region_xy_cut_order;39:coordinate_column_order;40:coordinate_column_order;41:region_xy_cut_order;42:region_xy_cut_order;43:table_aware_xy_cut_order;44:region_xy_cut_order;45:table_aware_xy_cut_order;46:table_aware_xy_cut_order;48:coordinate_column_order;49:coordinate_column_order;51:coordinate_column_order;52:coordinate_column_order;54:coordinate_column_order;56:table_aware_xy_cut_order;57:coordinate_column_order;58:table_aware_xy_cut_order,data/02_interim/esg_text/LOW/LOW-LOWE'S COS INC-2023.txt,data/02_interim/esg_text/LOW/LOW-LOWE'S COS INC-2023.pages.csv,parsed,,59,172628,24,09ab75f6d33a2d45185265b95a913694cadb0a2bf82006cf55ff9e2a16b1b742,2026-07-24T19:51:27.865110+00:00,layout_numeric_risk|complex_reading_order,false,20022,0.7943,2925.9,0
LOW,LOW-LOWE_S COS INC-2015.pdf,ls_33e6e6278007b210b860a0f6,sv_61089ae5627bcc8bd144279b,fa_3dc3755d9dedd092a689c034,ea_1e232c988c5babb78533e459,data/01_raw/sustainability/LOW/LOW-LOWE_S COS INC-2015.pdf,3150077,2026-07-24T14:09:07.998170+00:00,a7e496c38f55e654216d787e0b756bba1ca6481b3aa0d0bd40577149d437df46,raw,data/01_raw/sustainability/LOW/LOW-LOWE_S COS INC-2015.pdf,3150077,2026-07-24T14:09:07.998170+00:00,a7e496c38f55e654216d787e0b756bba1ca6481b3aa0d0bd40577149d437df46,not_applicable,raw_source_selected,pdfplumber_column_order,auto_pdfplumber_column_order_v3,deterministic_coordinate_reading_order_v3;layout_grid_risk_reported;coordinate_column_order_pages=45,13;14;17;20;31;48,13;14;17;20;31;48,2;3;10,,,,4;5;7;8;9;16;18;19;21;22;24;25;26;27;28;29;30;32;34;35;36;37;39;40;41;43;44;45;46;47;50;51;52;53;54;55;56;57;58;59;60;61;62;63;64,2;3;10;13;14;17;20;31;48,,4:region_xy_cut_order;5:coordinate_column_order;7:region_xy_cut_order;8:region_xy_cut_order;9:region_xy_cut_order;16:region_xy_cut_order;18:region_xy_cut_order;19:coordinate_column_order;21:region_xy_cut_order;22:region_xy_cut_order;24:region_xy_cut_order;25:region_xy_cut_order;26:coordinate_column_order;27:region_xy_cut_order;28:coordinate_column_order;29:region_xy_cut_order;30:coordinate_column_order;32:coordinate_column_order;34:table_aware_xy_cut_order;35:region_xy_cut_order;36:region_xy_cut_order;37:coordinate_column_order;39:coordinate_column_order;40:region_xy_cut_order;41:coordinate_column_order;43:region_xy_cut_order;44:coordinate_column_order;45:region_xy_cut_order;46:coordinate_column_order;47:region_xy_cut_order;50:region_xy_cut_order;51:coordinate_column_order;52:coordinate_column_order;53:table_aware_xy_cut_order;54:region_xy_cut_order;55:region_xy_cut_order;56:region_xy_cut_order;57:table_aware_xy_cut_order;58:table_aware_xy_cut_order;59:table_aware_xy_cut_order;60:table_aware_xy_cut_order;61:table_aware_xy_cut_order;62:table_aware_xy_cut_order;63:table_aware_xy_cut_order;64:table_aware_xy_cut_order,data/02_interim/esg_text/LOW/LOW-LOWE_S COS INC-2015.txt,data/02_interim/esg_text/LOW/LOW-LOWE_S COS INC-2015.pages.csv,parsed,,64,161987,11,fba580a9790ec785ce2e01b4cf4bab9b8a95b22be147c0a3be65c5002c105ba5,2026-07-24T19:50:56.486108+00:00,layout_numeric_risk|complex_reading_order,false,17827,0.7562,2531.0,0
LOW,LOW-LOWE_S COS INC-2020.pdf,ls_c0a1203a561b3fdc3ce3abf9,sv_345e6abffd771f80384aeea2,fa_5fe55bbe2754d8efa038c01c,ea_19a0c65ca20c08088ccde831,data/01_raw/sustainability/LOW/LOW-LOWE_S COS INC-2020.pdf,7520130,2026-07-24T14:09:34.484791+00:00,122bf96b77f3201981c36930565038b83f25e8b238eba887de5b5cba7902b76b,raw,data/01_raw/sustainability/LOW/LOW-LOWE_S COS INC-2020.pdf,7520130,2026-07-24T14:09:34.484791+00:00,122bf96b77f3201981c36930565038b83f25e8b238eba887de5b5cba7902b76b,not_applicable,raw_source_selected,pdfplumber_column_order,auto_pdfplumber_column_order_v3,deterministic_coordinate_reading_order_v3;layout_grid_risk_reported;coordinate_column_order_pages=40,9;10;12;13;23;36,9;10;12;13;23;36,,,,,2;3;4;7;8;9;10;11;15;17;18;19;21;22;24;25;29;30;31;32;37;38;39;40;41;43;44;45;46;48;49;50;52;53;54;55;56;57;58;59,12;13;23;36,,2:coordinate_column_order;3:region_xy_cut_order;4:coordinate_column_order;7:table_aware_xy_cut_order;8:table_aware_xy_cut_order;9:table_aware_xy_cut_order;10:table_aware_xy_cut_order;11:table_aware_xy_cut_order;15:coordinate_column_order;17:coordinate_column_order;18:coordinate_column_order;19:coordinate_column_order;21:coordinate_column_order;22:coordinate_column_order;24:coordinate_column_order;25:coordinate_column_order;29:coordinate_column_order;30:coordinate_column_order;31:coordinate_column_order;32:coordinate_column_order;37:coordinate_column_order;38:coordinate_column_order;39:coordinate_column_order;40:coordinate_column_order;41:coordinate_column_order;43:table_aware_xy_cut_order;44:table_aware_xy_cut_order;45:table_aware_xy_cut_order;46:coordinate_column_order;48:table_aware_xy_cut_order;49:coordinate_column_order;50:table_aware_xy_cut_order;52:coordinate_column_order;53:coordinate_column_order;54:table_aware_xy_cut_order;55:region_xy_cut_order;56:table_aware_xy_cut_order;57:table_aware_xy_cut_order;58:coordinate_column_order;59:table_aware_xy_cut_order,data/02_interim/esg_text/LOW/LOW-LOWE_S COS INC-2020.txt,data/02_interim/esg_text/LOW/LOW-LOWE_S COS INC-2020.pages.csv,parsed,,60,168062,31,d8151a00298e356b053437766f633d66310ecbccdf80e28fcf686d5720a0ad9e,2026-07-24T19:51:01.423219+00:00,layout_numeric_risk,false,19373,0.7809,2801.0,0
LULU,LULU-LULULEMON ATHLETICA INC-2024.pdf,ls_f70e5245c858e0934173d3a1,sv_87fc1c551a894bd0097b07b4,fa_a1c54599e2571c100d435a91,ea_1615678ddb418d9d57a926bf,data/01_raw/sustainability/LULU/LULU-LULULEMON ATHLETICA INC-2024.pdf,18550040,2026-07-22T21:02:01.260754+00:00,ac200ad08b3a53e4cbfbe1dadbb4daa00e7b5077806c5f254634e77d9a6222fa,raw,data/01_raw/sustainability/LULU/LULU-LULULEMON ATHLETICA INC-2024.pdf,18550040,2026-07-22T21:02:01.260754+00:00,ac200ad08b3a53e4cbfbe1dadbb4daa00e7b5077806c5f254634e77d9a6222fa,not_applicable,raw_source_selected,pdfplumber_column_order,auto_pdfplumber_column_order_v3,deterministic_coordinate_reading_order_v3;layout_grid_risk_reported;coordinate_column_order_pages=25,21,21,,1,,,3;4;5;6;8;9;10;11;13;14;17;18;19;20;22;23;24;25;26;27;28;29;31;33;34,21,,3:coordinate_column_order;4:coordinate_column_order;5:coordinate_column_order;6:coordinate_column_order;8:coordinate_column_order;9:coordinate_column_order;10:coordinate_column_order;11:coordinate_column_order;13:coordinate_column_order;14:coordinate_column_order;17:coordinate_column_order;18:table_aware_xy_cut_order;19:coordinate_column_order;20:coordinate_column_order;22:coordinate_column_order;23:coordinate_column_order;24:coordinate_column_order;25:coordinate_column_order;26:coordinate_column_order;27:coordinate_column_order;28:coordinate_column_order;29:coordinate_column_order;31:coordinate_column_order;33:coordinate_column_order;34:region_xy_cut_order,data/02_interim/esg_text/LULU/LULU-LULULEMON ATHLETICA INC-2024.txt,data/02_interim/esg_text/LULU/LULU-LULULEMON ATHLETICA INC-2024.pages.csv,parsed,,35,138535,2,e871eecefa9b3397754da46aa63a418a921862d15f11c9d7514b83922c1eab77,2026-07-24T19:51:31.913247+00:00,layout_numeric_risk,false,16569,0.7927,3958.1,0
MHK,MHK-MOHAWK INDUSTRIES INC-2020.pdf,ls_c97772ae10a5867dc520d43b,sv_bc17f5ba995cfcfc639e268d,fa_5bab53b752e74543ea52fd50,ea_4b9581ace0fbd87ed59c3ee9,data/01_raw/sustainability/MHK/MHK-MOHAWK INDUSTRIES INC-2020.pdf,12620929,2026-07-24T14:10:05.380472+00:00,31ecfb5b12634aeb64f35754e7b78ed65d2697c3d25b0652ad8902ac83aa1feb,raw,data/01_raw/sustainability/MHK/MHK-MOHAWK INDUSTRIES INC-2020.pdf,12620929,2026-07-24T14:10:05.380472+00:00,31ecfb5b12634aeb64f35754e7b78ed65d2697c3d25b0652ad8902ac83aa1feb,not_applicable,raw_source_selected,pdfplumber_column_order,auto_pdfplumber_column_order_v3,deterministic_coordinate_reading_order_v3;layout_grid_risk_reported;coordinate_column_order_pages=43,35,35,,,1,,3;4;6;7;9;10;12;14;15;17;18;19;20;23;26;29;31;33;34;35;36;38;39;40;42;44;46;47;48;49;50;51;52;53;54;55;56;57;58;59;60;61;62,,,3:coordinate_column_order;4:coordinate_column_order;6:region_xy_cut_order;7:coordinate_column_order;9:coordinate_column_order;10:coordinate_column_order;12:region_xy_cut_order;14:coordinate_column_order;15:region_xy_cut_order;17:region_xy_cut_order;18:coordinate_column_order;19:coordinate_column_order;20:region_xy_cut_order;23:coordinate_column_order;26:region_xy_cut_order;29:region_xy_cut_order;31:region_xy_cut_order;33:region_xy_cut_order;34:region_xy_cut_order;35:table_aware_xy_cut_order;36:coordinate_column_order;38:region_xy_cut_order;39:coordinate_column_order;40:region_xy_cut_order;42:coordinate_column_order;44:region_xy_cut_order;46:coordinate_column_order;47:region_xy_cut_order;48:table_aware_xy_cut_order;49:table_aware_xy_cut_order;50:table_aware_xy_cut_order;51:table_aware_xy_cut_order;52:table_aware_xy_cut_order;53:table_aware_xy_cut_order;54:table_aware_xy_cut_order;55:table_aware_xy_cut_order;56:table_aware_xy_cut_order;57:table_aware_xy_cut_order;58:table_aware_xy_cut_order;59:table_aware_xy_cut_order;60:table_aware_xy_cut_order;61:table_aware_xy_cut_order;62:table_aware_xy_cut_order,data/02_interim/esg_text/MHK/MHK-MOHAWK INDUSTRIES INC-2020.txt,data/02_interim/esg_text/MHK/MHK-MOHAWK INDUSTRIES INC-2020.pages.csv,parsed,,64,103795,17,e7cd6d8b2ef4790f83a7f85c6d7454123938db8ae95894a9999a29bbfbdff23c,2026-07-24T19:51:38.639554+00:00,layout_numeric_risk,false,12440,0.7975,1621.8,0
MHK,MHK-MOHAWK INDUSTRIES INC-2023.pdf,ls_ca8ab22a9538a67bc07bf033,sv_28ebc7c15309df0bee80b80a,fa_b513f5d0d939e61427c4b27f,ea_16a6ec4b43e5653093a3b891,data/01_raw/sustainability/MHK/MHK-MOHAWK INDUSTRIES INC-2023.pdf,32197628,2026-07-22T21:03:25.983102+00:00,9157c2dfcaf0845c084b9e03b8830127549c5980d044eb6e33c5d1001baa7db3,raw,data/01_raw/sustainability/MHK/MHK-MOHAWK INDUSTRIES INC-2023.pdf,32197628,2026-07-22T21:03:25.983102+00:00,9157c2dfcaf0845c084b9e03b8830127549c5980d044eb6e33c5d1001baa7db3,not_applicable,raw_source_selected,pdfplumber_column_order,auto_pdfplumber_column_order_v3,deterministic_coordinate_reading_order_v3;layout_grid_risk_reported;coordinate_column_order_pages=42,22;23;26;35;39;43;49;54;60,22;23;26;35;39;43;49;54;60,2,,,,3;4;5;6;7;8;9;10;12;13;14;15;16;17;18;25;27;28;30;31;33;37;38;40;42;44;46;50;51;52;53;55;59;62;63;64;66;67;68;70;71;72,2;22;23;26;35;39;43;49;54;60,,3:coordinate_column_order;4:coordinate_column_order;5:coordinate_column_order;6:region_xy_cut_order;7:coordinate_column_order;8:region_xy_cut_order;9:coordinate_column_order;10:coordinate_column_order;12:coordinate_column_order;13:coordinate_column_order;14:coordinate_column_order;15:region_xy_cut_order;16:region_xy_cut_order;17:coordinate_column_order;18:coordinate_column_order;25:region_xy_cut_order;27:region_xy_cut_order;28:coordinate_column_order;30:region_xy_cut_order;31:coordinate_column_order;33:region_xy_cut_order;37:region_xy_cut_order;38:coordinate_column_order;40:coordinate_column_order;42:region_xy_cut_order;44:coordinate_column_order;46:region_xy_cut_order;50:coordinate_column_order;51:coordinate_column_order;52:region_xy_cut_order;53:coordinate_column_order;55:coordinate_column_order;59:coordinate_column_order;62:coordinate_column_order;63:coordinate_column_order;64:region_xy_cut_order;66:coordinate_column_order;67:coordinate_column_order;68:coordinate_column_order;70:coordinate_column_order;71:coordinate_column_order;72:coordinate_column_order,data/02_interim/esg_text/MHK/MHK-MOHAWK INDUSTRIES INC-2023.txt,data/02_interim/esg_text/MHK/MHK-MOHAWK INDUSTRIES INC-2023.pages.csv,parsed,,75,146525,2,df63c86f45e639cad40fd6390f2a240512a5138ac47ea0ef72218acdeeabd4da,2026-07-24T21:07:48.836408+00:00,layout_numeric_risk|complex_reading_order,false,17745,0.8122,1953.7,0
MUSA,MUSA-MURPHY USA INC-2023.pdf,ls_7c50673d5ce56de1dd2f53ab,sv_c654ba57d1665249cba1c579,fa_33d73cdb93494dc3496aa759,ea_3d41345f5236a5c862c49db4,data/01_raw/sustainability/MUSA/MUSA-MURPHY USA INC-2023.pdf,7737054,2026-07-22T21:04:31.490374+00:00,ee8c27ea6534db16d1974d876ac667b42c3575c053d4a83d3e7e066efc09db93,raw,data/01_raw/sustainability/MUSA/MUSA-MURPHY USA INC-2023.pdf,7737054,2026-07-22T21:04:31.490374+00:00,ee8c27ea6534db16d1974d876ac667b42c3575c053d4a83d3e7e066efc09db93,not_applicable,raw_source_selected,pdfplumber_column_order,auto_pdfplumber_column_order_v3,deterministic_coordinate_reading_order_v3;layout_grid_risk_reported;coordinate_column_order_pages=13,18;23;26,18;23;26,2,1,39,,4;5;9;11;13;19;22;23;27;28;29;31;34,2;18;26,,4:coordinate_column_order;5:table_aware_xy_cut_order;9:coordinate_column_order;11:table_aware_xy_cut_order;13:coordinate_column_order;19:region_xy_cut_order;22:coordinate_column_order;23:table_aware_xy_cut_order;27:coordinate_column_order;28:table_aware_xy_cut_order;29:coordinate_column_order;31:table_aware_xy_cut_order;34:coordinate_column_order,data/02_interim/esg_text/MUSA/MUSA-MURPHY USA INC-2023.txt,data/02_interim/esg_text/MUSA/MUSA-MURPHY USA INC-2023.pages.csv,parsed,,39,73832,6,126e08792a68363f88b0136271cf65c90f4ddf7e33b2bd6bb8f8f3fe0566dce0,2026-07-24T21:07:51.301138+00:00,layout_numeric_risk|complex_reading_order,false,8748,0.8027,1893.1,0
NGVC,NGVC-NATURAL GROCERS VITAMIN CTGE-2023.pdf,ls_05351f8a936a534042926cd7,sv_a6f651f4230e6966c192612c,fa_d8b80a971bddf11dcd071291,ea_bb6d1ee3878d09f71ce5cc6f,data/01_raw/sustainability/NGVC/NGVC-NATURAL GROCERS VITAMIN CTGE-2023.pdf,28372782,2026-07-22T21:04:57.605831+00:00,de08aa36eb53799d5e83ba31e6526bbe3d12a2279e6d09f357b5f5046bf4c187,raw,data/01_raw/sustainability/NGVC/NGVC-NATURAL GROCERS VITAMIN CTGE-2023.pdf,28372782,2026-07-22T21:04:57.605831+00:00,de08aa36eb53799d5e83ba31e6526bbe3d12a2279e6d09f357b5f5046bf4c187,not_applicable,raw_source_selected,pdfplumber_column_order,auto_pdfplumber_column_order_v3,deterministic_coordinate_reading_order_v3;layout_grid_risk_reported;coordinate_column_order_pages=11,6;30;31,6;30;31,3;35,,,,10;13;14;15;16;17;18;19;20;27;32,3;6;30;31;35,,10:region_xy_cut_order;13:region_xy_cut_order;14:region_xy_cut_order;15:coordinate_column_order;16:coordinate_column_order;17:region_xy_cut_order;18:region_xy_cut_order;19:coordinate_column_order;20:region_xy_cut_order;27:coordinate_column_order;32:region_xy_cut_order,data/02_interim/esg_text/NGVC/NGVC-NATURAL GROCERS VITAMIN CTGE-2023.txt,data/02_interim/esg_text/NGVC/NGVC-NATURAL GROCERS VITAMIN CTGE-2023.pages.csv,parsed,,38,84681,4,0d964fa0c8606d7ceef91d5f0bfcba7ff57732c2284a49803bccdd5785eef32a,2026-07-24T19:51:44.929830+00:00,layout_numeric_risk|complex_reading_order,false,10127,0.7758,2228.4,0
NKE,NKE-NIKE INC -CL B-2020.pdf,ls_8b824cbdebb50270d1801b5a,sv_1f973d9bee9a422f40b2a0be,fa_6ff26245be5320e35985a21b,ea_644ac53fc4bcfd602930d98c,data/01_raw/sustainability/NKE/NKE-NIKE INC -CL B-2020.pdf,5256322,2026-07-24T14:10:30.797099+00:00,36f0843df42d331267bf93b2df440e682699d4c48b200e53fca2d22abf51c495,raw,data/01_raw/sustainability/NKE/NKE-NIKE INC -CL B-2020.pdf,5256322,2026-07-24T14:10:30.797099+00:00,36f0843df42d331267bf93b2df440e682699d4c48b200e53fca2d22abf51c495,not_applicable,raw_source_selected,pdfplumber_column_order,auto_pdfplumber_column_order_v3,deterministic_coordinate_reading_order_v3;layout_grid_risk_reported;coordinate_column_order_pages=87,12;13;20;29;47;54;68;107;120;121,12;13;20;29;47;54;68;107;120;121,2,,,,3;7;8;9;14;16;17;20;21;22;23;24;25;26;27;28;29;30;31;32;33;34;35;36;37;38;39;40;41;42;43;44;45;46;48;49;50;51;52;53;55;56;57;58;59;60;61;62;63;64;65;73;74;76;77;78;79;80;81;84;85;87;90;91;92;94;95;96;97;98;99;101;102;108;109;110;111;112;113;114;115;116;118;121;122;123;124,2;12;13;47;54;68;107;120,,3:coordinate_column_order;7:coordinate_column_order;8:coordinate_column_order;9:coordinate_column_order;14:table_aware_xy_cut_order;16:coordinate_column_order;17:coordinate_column_order;20:table_aware_xy_cut_order;21:coordinate_column_order;22:coordinate_column_order;23:coordinate_column_order;24:coordinate_column_order;25:coordinate_column_order;26:coordinate_column_order;27:coordinate_column_order;28:table_aware_xy_cut_order;29:table_aware_xy_cut_order;30:coordinate_column_order;31:coordinate_column_order;32:coordinate_column_order;33:coordinate_column_order;34:coordinate_column_order;35:coordinate_column_order;36:coordinate_column_order;37:coordinate_column_order;38:coordinate_column_order;39:coordinate_column_order;40:coordinate_column_order;41:region_xy_cut_order;42:coordinate_column_order;43:region_xy_cut_order;44:coordinate_column_order;45:coordinate_column_order;46:coordinate_column_order;48:coordinate_column_order;49:coordinate_column_order;50:coordinate_column_order;51:coordinate_column_order;52:coordinate_column_order;53:coordinate_column_order;55:table_aware_xy_cut_order;56:coordinate_column_order;57:table_aware_xy_cut_order;58:coordinate_column_order;59:coordinate_column_order;60:coordinate_column_order;61:coordinate_column_order;62:region_xy_cut_order;63:coordinate_column_order;64:coordinate_column_order;65:table_aware_xy_cut_order;73:coordinate_column_order;74:coordinate_column_order;76:coordinate_column_order;77:coordinate_column_order;78:region_xy_cut_order;79:coordinate_column_order;80:coordinate_column_order;81:coordinate_column_order;84:region_xy_cut_order;85:region_xy_cut_order;87:region_xy_cut_order;90:coordinate_column_order;91:coordinate_column_order;92:coordinate_column_order;94:coordinate_column_order;95:coordinate_column_order;96:region_xy_cut_order;97:region_xy_cut_order;98:coordinate_column_order;99:region_xy_cut_order;101:table_aware_xy_cut_order;102:table_aware_xy_cut_order;108:table_aware_xy_cut_order;109:coordinate_column_order;110:table_aware_xy_cut_order;111:table_aware_xy_cut_order;112:table_aware_xy_cut_order;113:table_aware_xy_cut_order;114:table_aware_xy_cut_order;115:coordinate_column_order;116:coordinate_column_order;118:table_aware_xy_cut_order;121:table_aware_xy_cut_order;122:coordinate_column_order;123:table_aware_xy_cut_order;124:table_aware_xy_cut_order,data/02_interim/esg_text/NKE/NKE-NIKE INC -CL B-2020.txt,data/02_interim/esg_text/NKE/NKE-NIKE INC -CL B-2020.pages.csv,parsed,,125,417929,39,7a3c7f5140e7a2d70e1624c76b08d440d185d56e34509a2eadb69e86713939dd,2026-07-24T21:08:02.102896+00:00,layout_numeric_risk|complex_reading_order,false,48700,0.7546,3343.4,0
NKE,NKE-NIKE INC -CL B-2021.pdf,ls_0d0be89190ac94c20018da4a,sv_fcadc244febc03604571e49d,fa_1ab277f3033aa96dfc3e55a2,ea_3250dfb835f85adb5d148b16,data/01_raw/sustainability/NKE/NKE-NIKE INC -CL B-2021.pdf,10462766,2026-07-22T21:05:31.621577+00:00,66c3f41c5bc8cd55439b44d5e2c42b9891d53459a10f0c3ec3dfea761215acb6,raw,data/01_raw/sustainability/NKE/NKE-NIKE INC -CL B-2021.pdf,10462766,2026-07-22T21:05:31.621577+00:00,66c3f41c5bc8cd55439b44d5e2c42b9891d53459a10f0c3ec3dfea761215acb6,not_applicable,raw_source_selected,pdfplumber_column_order,auto_pdfplumber_column_order_v3,deterministic_coordinate_reading_order_v3;layout_grid_risk_reported;coordinate_column_order_pages=29,11;20;64;85;155;156;162;170,11;20;64;85;155;156;162;170,2,,,,11;12;13;14;46;76;93;101;114;128;132;137;139;140;141;148;151;152;153;156;157;162;164;171;172;176;181;182;183,2;20;64;85;155;170,,11:table_aware_xy_cut_order;12:table_aware_xy_cut_order;13:coordinate_column_order;14:coordinate_column_order;46:coordinate_column_order;76:coordinate_column_order;93:coordinate_column_order;101:coordinate_column_order;114:coordinate_column_order;128:coordinate_column_order;132:region_xy_cut_order;137:coordinate_column_order;139:coordinate_column_order;140:table_aware_xy_cut_order;141:table_aware_xy_cut_order;148:table_aware_xy_cut_order;151:table_aware_xy_cut_order;152:coordinate_column_order;153:table_aware_xy_cut_order;156:table_aware_xy_cut_order;157:table_aware_xy_cut_order;162:table_aware_xy_cut_order;164:region_xy_cut_order;171:coordinate_column_order;172:coordinate_column_order;176:coordinate_column_order;181:coordinate_column_order;182:coordinate_column_order;183:region_xy_cut_order,data/02_interim/esg_text/NKE/NKE-NIKE INC -CL B-2021.txt,data/02_interim/esg_text/NKE/NKE-NIKE INC -CL B-2021.pages.csv,parsed,,184,357376,34,6af37509a403f6fa61497ddbcf842c95302b678487c5fa9f16ec4e799a83d34e,2026-07-24T19:51:53.269284+00:00,layout_numeric_risk|complex_reading_order,false,41476,0.7554,1942.3,0
NWL,NWL-NEWELL BRANDS INC-2025.pdf,ls_219c2be42e0bac3a68f7906a,sv_52fc3ecfbac6fc452cc62ea8,fa_ec5086add37418add0679458,ea_70bee475574791605214fd16,data/01_raw/sustainability/NWL/NWL-NEWELL BRANDS INC-2025.pdf,8012163,2026-07-22T21:05:34.184650+00:00,5875c83463126c04d80f84e3cfc9f2ad6ac6dff6b84b4a67ae5762104332685e,raw,data/01_raw/sustainability/NWL/NWL-NEWELL BRANDS INC-2025.pdf,8012163,2026-07-22T21:05:34.184650+00:00,5875c83463126c04d80f84e3cfc9f2ad6ac6dff6b84b4a67ae5762104332685e,not_applicable,raw_source_selected,pdfplumber_column_order,auto_pdfplumber_column_order_v3,deterministic_coordinate_reading_order_v3;layout_grid_risk_reported;coordinate_column_order_pages=20,5;29;30;33,5;29;30;33,,44,,,4;11;12;13;14;15;17;18;19;22;23;24;25;27;31;35;37;39;42;43,5;29;30;33,,4:coordinate_column_order;11:coordinate_column_order;12:coordinate_column_order;13:region_xy_cut_order;14:coordinate_column_order;15:coordinate_column_order;17:coordinate_column_order;18:coordinate_column_order;19:coordinate_column_order;22:coordinate_column_order;23:coordinate_column_order;24:region_xy_cut_order;25:coordinate_column_order;27:coordinate_column_order;31:region_xy_cut_order;35:region_xy_cut_order;37:region_xy_cut_order;39:coordinate_column_order;42:region_xy_cut_order;43:coordinate_column_order,data/02_interim/esg_text/NWL/NWL-NEWELL BRANDS INC-2025.txt,data/02_interim/esg_text/NWL/NWL-NEWELL BRANDS INC-2025.pages.csv,parsed,,44,109730,0,edb020546276348d82ea500ecdeea3c3eaf44e9005982485339d6b1fba448696,2026-07-24T19:51:56.785191+00:00,layout_numeric_risk,false,12449,0.8203,2493.9,0
ORLY,ORLY-O_REILLY AUTOMOTIVE INC-2018.pdf,ls_57aeac2d36cc15dab67d34d8,sv_58cebc847954db114b1e7bb7,fa_1d9bd74d515d41d72b1ad59b,ea_88d161ac4e2e088642635f0e,data/01_raw/sustainability/ORLY/ORLY-O_REILLY AUTOMOTIVE INC-2018.pdf,4823802,2026-07-24T14:10:43.219556+00:00,255a806a749bb47fe954c3459f79c1a87a68d7b9def533964360cf64422d3a43,raw,data/01_raw/sustainability/ORLY/ORLY-O_REILLY AUTOMOTIVE INC-2018.pdf,4823802,2026-07-24T14:10:43.219556+00:00,255a806a749bb47fe954c3459f79c1a87a68d7b9def533964360cf64422d3a43,not_applicable,raw_source_selected,pdfplumber_column_order,auto_pdfplumber_column_order_v3,deterministic_coordinate_reading_order_v3;coordinate_column_order_pages=5,,,2,,1;3;5;6;7;11;12;14;15;16;18;21;22;23;24;25;27;29,,8;9;10;13;28,2,,8:coordinate_column_order;9:coordinate_column_order;10:coordinate_column_order;13:coordinate_column_order;28:coordinate_column_order,data/02_interim/esg_text/ORLY/ORLY-O_REILLY AUTOMOTIVE INC-2018.txt,data/02_interim/esg_text/ORLY/ORLY-O_REILLY AUTOMOTIVE INC-2018.pages.csv,parsed,,29,19758,0,7c99adfd2bb2605bab2836ec8a46415f2db87954434dea1ef4ccd0b202fc4fc6,2026-07-24T21:08:03.717595+00:00,complex_reading_order,false,2345,0.7993,681.3,0
ORLY,ORLY-O_REILLY AUTOMOTIVE INC-2019.pdf,ls_1b8400bac5b4987da970b69e,sv_6ca2c85b200afee8b06564aa,fa_5c8536e6167a56ea4c5fe32f,ea_ca699904825cc8bd88b19647,data/01_raw/sustainability/ORLY/ORLY-O_REILLY AUTOMOTIVE INC-2019.pdf,1563255,2026-07-24T14:10:45.445148+00:00,106dd349397ea14e17e46066aa6e9814e718ba73236a19a8f9dd644f6026d9db,raw,data/01_raw/sustainability/ORLY/ORLY-O_REILLY AUTOMOTIVE INC-2019.pdf,1563255,2026-07-24T14:10:45.445148+00:00,106dd349397ea14e17e46066aa6e9814e718ba73236a19a8f9dd644f6026d9db,not_applicable,raw_source_selected,pdfplumber_column_order,auto_pdfplumber_column_order_v3,deterministic_coordinate_reading_order_v3;layout_grid_risk_reported;coordinate_column_order_pages=14,7;10;20;31,7;10;20;31,2,,,,6;8;9;11;12;13;15;16;18;21;25;28;29;30,2;7;10;20;31,,6:coordinate_column_order;8:coordinate_column_order;9:region_xy_cut_order;11:coordinate_column_order;12:coordinate_column_order;13:coordinate_column_order;15:coordinate_column_order;16:coordinate_column_order;18:coordinate_column_order;21:coordinate_column_order;25:coordinate_column_order;28:coordinate_column_order;29:coordinate_column_order;30:coordinate_column_order,data/02_interim/esg_text/ORLY/ORLY-O_REILLY AUTOMOTIVE INC-2019.txt,data/02_interim/esg_text/ORLY/ORLY-O_REILLY AUTOMOTIVE INC-2019.pages.csv,parsed,,32,64585,1,4b110e15aa7a2d7e6d66aae45a0dd60245000acd60d3f6d606d917b158470b9e,2026-07-24T21:08:06.127887+00:00,layout_numeric_risk|complex_reading_order,false,7697,0.7873,2018.3,0
PLCE,PLCE-The Childrens Place-2023.pdf,ls_3faea2b7503957e6d01f8ae6,sv_705e6a30c283283ad28ef002,fa_f5fdbf45a32104c30fb55733,ea_ea1e29e8b69d6ae1b3f82cce,data/01_raw/sustainability/PLCE/PLCE-The Childrens Place-2023.pdf,25972972,2026-07-22T21:06:40.472369+00:00,e3ee400b66df898f29cef5ecf6e51b67268848a95528668935109e2331bda630,raw,data/01_raw/sustainability/PLCE/PLCE-The Childrens Place-2023.pdf,25972972,2026-07-22T21:06:40.472369+00:00,e3ee400b66df898f29cef5ecf6e51b67268848a95528668935109e2331bda630,not_applicable,raw_source_selected,pdfplumber_column_order,auto_pdfplumber_column_order_v3,deterministic_coordinate_reading_order_v3;layout_grid_risk_reported;coordinate_column_order_pages=5,20;22,20;22,2,,,,4;14;20;21;22,2,,4:coordinate_column_order;14:region_xy_cut_order;20:table_aware_xy_cut_order;21:coordinate_column_order;22:table_aware_xy_cut_order,data/02_interim/esg_text/PLCE/PLCE-The Childrens Place-2023.txt,data/02_interim/esg_text/PLCE/PLCE-The Childrens Place-2023.pages.csv,parsed,,23,28825,2,223531ea203998781253bca8373a6961b4c507057ad84904aba5e2619c0cdfd3,2026-07-24T19:51:58.630909+00:00,layout_numeric_risk|complex_reading_order,false,3151,0.7879,1253.3,0
PSMT,PSMT-PRICESMART INC-2023.pdf,ls_31cc2d48dded2c51d0c6214c,sv_7c6757555b5a730bf7ba75a3,fa_065b06b0f13de57b7d7d4977,ea_ba2c3b9a574d2ea39e6281fa,data/01_raw/sustainability/PSMT/PSMT-PRICESMART INC-2023.pdf,130936664,2026-07-22T21:07:15.579852+00:00,116163afb8b615f7a9002a903bf45d8095664087b7fa0bdb6128d4b5eca6dde9,raw,data/01_raw/sustainability/PSMT/PSMT-PRICESMART INC-2023.pdf,130936664,2026-07-22T21:07:15.579852+00:00,116163afb8b615f7a9002a903bf45d8095664087b7fa0bdb6128d4b5eca6dde9,not_applicable,raw_source_selected,pdfplumber_column_order,auto_pdfplumber_column_order_v3,deterministic_coordinate_reading_order_v3;coordinate_column_order_pages=20,,,2,,55,,4;5;10;16;17;18;20;25;26;28;41;43;46;47;48;49;50;52;53;54,2,,4:region_xy_cut_order;5:coordinate_column_order;10:coordinate_column_order;16:coordinate_column_order;17:coordinate_column_order;18:coordinate_column_order;20:region_xy_cut_order;25:coordinate_column_order;26:coordinate_column_order;28:coordinate_column_order;41:coordinate_column_order;43:coordinate_column_order;46:coordinate_column_order;47:table_aware_xy_cut_order;48:table_aware_xy_cut_order;49:table_aware_xy_cut_order;50:table_aware_xy_cut_order;52:table_aware_xy_cut_order;53:table_aware_xy_cut_order;54:table_aware_xy_cut_order,data/02_interim/esg_text/PSMT/PSMT-PRICESMART INC-2023.txt,data/02_interim/esg_text/PSMT/PSMT-PRICESMART INC-2023.pages.csv,parsed,,55,88114,7,ec23fcffb3ed85398dcd3ce74dd81eae543a50d43a28b8418ce7a2d0ed7b8e1d,2026-07-24T19:52:06.146238+00:00,complex_reading_order,false,10665,0.8030,1602.1,0
PTRN,PTRN-PATTERN GROUP INC-2016.pdf,ls_76fe5ea447d7685bd6947861,sv_111ed5d47af58b3719e770e6,fa_c754ac0c3cbab3f4218c30ae,ea_f54c8a9f7ade21f597fa4085,data/01_raw/sustainability/PTRN/PTRN-PATTERN GROUP INC-2016.pdf,2784839,2026-07-23T17:55:40.808146+00:00,c5c2d91038f50db9463f150e52a3c2b3fbf738ef963db06a1a6bde3c99784d1a,raw,data/01_raw/sustainability/PTRN/PTRN-PATTERN GROUP INC-2016.pdf,2784839,2026-07-23T17:55:40.808146+00:00,c5c2d91038f50db9463f150e52a3c2b3fbf738ef963db06a1a6bde3c99784d1a,not_applicable,raw_source_selected,pdfplumber_column_order,auto_pdfplumber_column_order_v3,deterministic_coordinate_reading_order_v3;coordinate_column_order_pages=19,,,,,2;5;7;9;15;19;21;22;25;26;41,,4;17;18;24;27;28;29;31;32;33;34;36;37;38;39;42;43;44;45,,,4:region_xy_cut_order;17:table_aware_xy_cut_order;18:coordinate_column_order;24:region_xy_cut_order;27:coordinate_column_order;28:table_aware_xy_cut_order;29:table_aware_xy_cut_order;31:coordinate_column_order;32:region_xy_cut_order;33:coordinate_column_order;34:table_aware_xy_cut_order;36:table_aware_xy_cut_order;37:table_aware_xy_cut_order;38:coordinate_column_order;39:coordinate_column_order;42:region_xy_cut_order;43:table_aware_xy_cut_order;44:table_aware_xy_cut_order;45:table_aware_xy_cut_order,data/02_interim/esg_text/PTRN/PTRN-PATTERN GROUP INC-2016.txt,data/02_interim/esg_text/PTRN/PTRN-PATTERN GROUP INC-2016.pages.csv,parsed,,46,81923,13,639df5ee57713bd718944c5bcdd7f366893434923b47265f70c3d7e6a9339408,2026-07-24T19:52:09.876007+00:00,,false,9580,0.7343,1780.9,0
ROST,ROST-ROSS STORES INC-2021.pdf,ls_3a73636822ddc5e07430b662,sv_ef3035fa42f1daa0367dbd7f,fa_88a81458e65bbfc660cac524,ea_c88b3cb287db648c64a249d5,data/01_raw/sustainability/ROST/ROST-ROSS STORES INC-2021.pdf,15322018,2026-07-22T21:08:18.170849+00:00,9de983f4c5524acab37af52a0468b33bff75e9d787877f9df78fe535098fa19f,raw,data/01_raw/sustainability/ROST/ROST-ROSS STORES INC-2021.pdf,15322018,2026-07-22T21:08:18.170849+00:00,9de983f4c5524acab37af52a0468b33bff75e9d787877f9df78fe535098fa19f,not_applicable,raw_source_selected,pdfplumber_column_order,auto_pdfplumber_column_order_v3,deterministic_coordinate_reading_order_v3;coordinate_column_order_pages=32,,,2,,,,3;8;10;11;13;14;15;16;17;18;19;23;24;27;31;33;35;36;37;38;43;44;50;51;52;54;55;59;60;61;62;63,2,,3:region_xy_cut_order;8:coordinate_column_order;10:region_xy_cut_order;11:region_xy_cut_order;13:coordinate_column_order;14:coordinate_column_order;15:coordinate_column_order;16:coordinate_column_order;17:coordinate_column_order;18:region_xy_cut_order;19:coordinate_column_order;23:coordinate_column_order;24:coordinate_column_order;27:region_xy_cut_order;31:region_xy_cut_order;33:region_xy_cut_order;35:coordinate_column_order;36:region_xy_cut_order;37:coordinate_column_order;38:region_xy_cut_order;43:coordinate_column_order;44:region_xy_cut_order;50:region_xy_cut_order;51:coordinate_column_order;52:coordinate_column_order;54:coordinate_column_order;55:coordinate_column_order;59:table_aware_xy_cut_order;60:table_aware_xy_cut_order;61:coordinate_column_order;62:coordinate_column_order;63:coordinate_column_order,data/02_interim/esg_text/ROST/ROST-ROSS STORES INC-2021.txt,data/02_interim/esg_text/ROST/ROST-ROSS STORES INC-2021.pages.csv,parsed,,63,114407,5,780f0f3d4344bbdc9e5028025ab2a666d08345c4fe77965344b075d37c2b0f51,2026-07-24T19:52:14.646258+00:00,complex_reading_order,false,13688,0.8086,1816.0,0
ROST,ROST-ROSS STORES INC-2023.pdf,ls_c1224dd39a6393f1c83ddc88,sv_3ec2db0a023c4f1a6897fa6d,fa_1d970f12ff3dae58465a014e,ea_d3b6baf3ebe36206acdba13e,data/01_raw/sustainability/ROST/ROST-ROSS STORES INC-2023.pdf,9158343,2026-07-22T21:08:25.884830+00:00,f63bccac848a6ffd6778eb2d00d70fbe1719938d1f2ce19abbc8265d9ad242dc,raw,data/01_raw/sustainability/ROST/ROST-ROSS STORES INC-2023.pdf,9158343,2026-07-22T21:08:25.884830+00:00,f63bccac848a6ffd6778eb2d00d70fbe1719938d1f2ce19abbc8265d9ad242dc,not_applicable,raw_source_selected,pdfplumber_column_order,auto_pdfplumber_column_order_v3,deterministic_coordinate_reading_order_v3;coordinate_column_order_pages=34,,,2,,,,3;8;9;10;11;12;13;14;15;16;19;23;24;25;26;29;30;33;34;35;36;37;40;41;42;47;48;51;52;56;57;58;59;60,2,,3:region_xy_cut_order;8:coordinate_column_order;9:region_xy_cut_order;10:region_xy_cut_order;11:region_xy_cut_order;12:region_xy_cut_order;13:coordinate_column_order;14:coordinate_column_order;15:coordinate_column_order;16:region_xy_cut_order;19:region_xy_cut_order;23:coordinate_column_order;24:coordinate_column_order;25:region_xy_cut_order;26:region_xy_cut_order;29:region_xy_cut_order;30:region_xy_cut_order;33:region_xy_cut_order;34:coordinate_column_order;35:coordinate_column_order;36:coordinate_column_order;37:region_xy_cut_order;40:region_xy_cut_order;41:coordinate_column_order;42:coordinate_column_order;47:region_xy_cut_order;48:coordinate_column_order;51:coordinate_column_order;52:coordinate_column_order;56:table_aware_xy_cut_order;57:table_aware_xy_cut_order;58:table_aware_xy_cut_order;59:coordinate_column_order;60:coordinate_column_order,data/02_interim/esg_text/ROST/ROST-ROSS STORES INC-2023.txt,data/02_interim/esg_text/ROST/ROST-ROSS STORES INC-2023.pages.csv,parsed,,60,125772,5,bcc5384f71bc43fdd66f8391a935278a042824563bc5b7051f9b9eb62f80ae82,2026-07-24T21:08:25.815960+00:00,complex_reading_order,false,15043,0.8079,2096.2,0
SFM,SFM-SPROUTS FARMERS MARKET-2018.pdf,ls_a9150903976ee423a8195347,sv_22b6d65d38447a895af695c3,fa_9f704ca7638fc3910f467d63,ea_bd42334e9b5ddb2a12e5913d,data/01_raw/sustainability/SFM/SFM-SPROUTS FARMERS MARKET-2018.pdf,14135061,2026-07-24T14:11:24.448215+00:00,88863513a7607028a84429c693ca96f4dc7a789bb96efee76e1696e9da28ae97,raw,data/01_raw/sustainability/SFM/SFM-SPROUTS FARMERS MARKET-2018.pdf,14135061,2026-07-24T14:11:24.448215+00:00,88863513a7607028a84429c693ca96f4dc7a789bb96efee76e1696e9da28ae97,not_applicable,raw_source_selected,pdfplumber+pypdfium_text_pages_column_order,auto_text_layer_fallback_v3,low_text_or_cid_text_layer_risk;pypdfium_text_pages=2;coordinate_column_order_pages=2,,,,,1,,3;4,,2;5,2:pdfium_text_page;3:coordinate_column_order;4:region_xy_cut_order;5:pdfium_text_page,data/02_interim/esg_text/SFM/SFM-SPROUTS FARMERS MARKET-2018.txt,data/02_interim/esg_text/SFM/SFM-SPROUTS FARMERS MARKET-2018.pages.csv,parsed,,5,18083,1,b5e78fc179f854d445e6732bf0b47f8a5211e9122f7902210c9261c7a9ba2211,2026-07-24T19:52:16.104905+00:00,,false,2190,0.7861,3616.6,0
SGC,SGC-SUPERIOR GROUP OF COS INC-2019.pdf,ls_73804bc955d69866dfe2a1d2,sv_8c7be715b181dcfa43a81338,fa_cccaf7f47d7619d0ba52de23,ea_7406d0698945bd01a4214a32,data/01_raw/sustainability/SGC/SGC-SUPERIOR GROUP OF COS INC-2019.pdf,25707296,2026-07-24T14:11:48.215088+00:00,c45d0054999ed02720d4e65b3cf90db85c916331566d9e982447b9c8a7fe6469,raw,data/01_raw/sustainability/SGC/SGC-SUPERIOR GROUP OF COS INC-2019.pdf,25707296,2026-07-24T14:11:48.215088+00:00,c45d0054999ed02720d4e65b3cf90db85c916331566d9e982447b9c8a7fe6469,not_applicable,raw_source_selected,pdfplumber_column_order,auto_pdfplumber_column_order_v3,deterministic_coordinate_reading_order_v3;coordinate_column_order_pages=9,,,2,,,,4;5;6;7;9;12;13;14;15,2,,4:table_aware_xy_cut_order;5:region_xy_cut_order;6:region_xy_cut_order;7:coordinate_column_order;9:region_xy_cut_order;12:coordinate_column_order;13:coordinate_column_order;14:coordinate_column_order;15:region_xy_cut_order,data/02_interim/esg_text/SGC/SGC-SUPERIOR GROUP OF COS INC-2019.txt,data/02_interim/esg_text/SGC/SGC-SUPERIOR GROUP OF COS INC-2019.pages.csv,parsed,,16,33677,1,2e7f0c30959d572e2eb0855f818140c93f8f5d85692ca03dbfd071f96adc64e3,2026-07-24T19:52:17.943656+00:00,complex_reading_order,false,4096,0.7972,2104.8,0
SGI,SGI-SOMNIGROUP INTERNATIONAL INC-2022.pdf,ls_110a7376fa420983d4bb62d9,sv_7789821fcd4325edb5257481,fa_cdda59933a09a0600d4a9b6b,ea_ed60693879e90df57ea73cf3,data/01_raw/sustainability/SGI/SGI-SOMNIGROUP INTERNATIONAL INC-2022.pdf,23792569,2026-07-22T21:10:01.586516+00:00,7e39fc2d572bf34731d420ca7527b8b8d3b9edb193239d3747f70f3638fb4d47,raw,data/01_raw/sustainability/SGI/SGI-SOMNIGROUP INTERNATIONAL INC-2022.pdf,23792569,2026-07-22T21:10:01.586516+00:00,7e39fc2d572bf34731d420ca7527b8b8d3b9edb193239d3747f70f3638fb4d47,not_applicable,raw_source_selected,pdfplumber_column_order,auto_pdfplumber_column_order_v3,deterministic_coordinate_reading_order_v3;layout_grid_risk_reported;coordinate_column_order_pages=19,6;10;11;18;20;21;26,6;10;11;18;20;21;26,2,,,,3;4;5;7;8;9;12;13;15;16;17;19;22;23;24;25;27;28;29,2;6;10;11;18;20;21;26,,3:coordinate_column_order;4:coordinate_column_order;5:table_aware_xy_cut_order;7:coordinate_column_order;8:coordinate_column_order;9:coordinate_column_order;12:coordinate_column_order;13:coordinate_column_order;15:region_xy_cut_order;16:coordinate_column_order;17:region_xy_cut_order;19:region_xy_cut_order;22:coordinate_column_order;23:coordinate_column_order;24:coordinate_column_order;25:coordinate_column_order;27:table_aware_xy_cut_order;28:table_aware_xy_cut_order;29:table_aware_xy_cut_order,data/02_interim/esg_text/SGI/SGI-SOMNIGROUP INTERNATIONAL INC-2022.txt,data/02_interim/esg_text/SGI/SGI-SOMNIGROUP INTERNATIONAL INC-2022.pages.csv,parsed,,31,103224,6,2d7e2f52fb3c4815581df45a38d526b54d526cc59838b508843be88a89067d1f,2026-07-24T19:52:20.879676+00:00,layout_numeric_risk|complex_reading_order,false,12052,0.7845,3329.8,0
SHOO,Steve Madden SR WF 200821_FINAL_KC.pdf,ls_f133369a20984a98e47a83a9,sv_92d8880659ba8b3b92d312ad,fa_fd5e0f84b9e125d9c91e3ccd,ea_8440d0968cc519d750fd62a9,data/01_raw/sustainability/SHOO/Steve Madden SR WF 200821_FINAL_KC.pdf,9551191,2026-07-22T21:10:21.516057+00:00,7a3c4d7c7fed09d761732b11dfd10a7cf9c93a6f7d39e1f88403f91989f1e8ac,raw,data/01_raw/sustainability/SHOO/Steve Madden SR WF 200821_FINAL_KC.pdf,9551191,2026-07-22T21:10:21.516057+00:00,7a3c4d7c7fed09d761732b11dfd10a7cf9c93a6f7d39e1f88403f91989f1e8ac,not_applicable,raw_source_selected,pdfplumber_column_order,auto_pdfplumber_column_order_v3,deterministic_coordinate_reading_order_v3;layout_grid_risk_reported;coordinate_column_order_pages=23,5;6,5;6,2,,1,,3;4;6;7;8;10;11;15;16;17;18;19;20;21;26;29;30;31;32;33;34;37;39,2;5,,3:coordinate_column_order;4:coordinate_column_order;6:table_aware_xy_cut_order;7:coordinate_column_order;8:coordinate_column_order;10:region_xy_cut_order;11:coordinate_column_order;15:coordinate_column_order;16:coordinate_column_order;17:coordinate_column_order;18:region_xy_cut_order;19:coordinate_column_order;20:coordinate_column_order;21:region_xy_cut_order;26:coordinate_column_order;29:region_xy_cut_order;30:region_xy_cut_order;31:coordinate_column_order;32:coordinate_column_order;33:coordinate_column_order;34:coordinate_column_order;37:coordinate_column_order;39:coordinate_column_order,data/02_interim/esg_text/SHOO/Steve Madden SR WF 200821_FINAL_KC.txt,data/02_interim/esg_text/SHOO/Steve Madden SR WF 200821_FINAL_KC.pages.csv,parsed,,41,82989,2,ba21f752955c0768bfe11997d6a291c328810b4430084036a85e0259ac641055,2026-07-24T19:52:23.544445+00:00,layout_numeric_risk|complex_reading_order,false,10471,0.8091,2024.1,0
SNBR,SNBR-SLEEP NUMBER CORP-2021.pdf,ls_92b4e99127894dc59b5d4399,sv_40085975c843cd31dd130b80,fa_7ee35bbc94373fe2024236dc,ea_7d2e8c1b3a7c9589b87d704e,data/01_raw/sustainability/SNBR/SNBR-SLEEP NUMBER CORP-2021.pdf,3158481,2026-07-22T21:10:58.632382+00:00,61af5399bc4c0f2cbcb809024c35e5bc2ba390b683d22f8ac849e9265818a1a5,raw,data/01_raw/sustainability/SNBR/SNBR-SLEEP NUMBER CORP-2021.pdf,3158481,2026-07-22T21:10:58.632382+00:00,61af5399bc4c0f2cbcb809024c35e5bc2ba390b683d22f8ac849e9265818a1a5,not_applicable,raw_source_selected,pdfplumber_column_order,auto_pdfplumber_column_order_v3,deterministic_coordinate_reading_order_v3;layout_grid_risk_reported;coordinate_column_order_pages=35,15;16,15;16,3,,,,2;4;6;8;9;10;11;12;13;20;23;24;25;26;27;28;29;30;32;33;34;35;36;37;38;39;40;41;42;43;44;45;46;47;48,3;15;16,,2:coordinate_column_order;4:coordinate_column_order;6:coordinate_column_order;8:coordinate_column_order;9:coordinate_column_order;10:coordinate_column_order;11:coordinate_column_order;12:region_xy_cut_order;13:table_aware_xy_cut_order;20:coordinate_column_order;23:coordinate_column_order;24:region_xy_cut_order;25:coordinate_column_order;26:coordinate_column_order;27:region_xy_cut_order;28:coordinate_column_order;29:coordinate_column_order;30:coordinate_column_order;32:coordinate_column_order;33:coordinate_column_order;34:coordinate_column_order;35:coordinate_column_order;36:region_xy_cut_order;37:coordinate_column_order;38:coordinate_column_order;39:region_xy_cut_order;40:region_xy_cut_order;41:region_xy_cut_order;42:region_xy_cut_order;43:region_xy_cut_order;44:table_aware_xy_cut_order;45:coordinate_column_order;46:region_xy_cut_order;47:region_xy_cut_order;48:region_xy_cut_order,data/02_interim/esg_text/SNBR/SNBR-SLEEP NUMBER CORP-2021.txt,data/02_interim/esg_text/SNBR/SNBR-SLEEP NUMBER CORP-2021.pages.csv,parsed,,48,107531,3,27aede96d8ae45b8b913d3cc56c2c52f783430a95b3d486e2c4adbc6d36c3239,2026-07-24T19:52:26.725142+00:00,layout_numeric_risk|complex_reading_order,false,12847,0.7741,2240.2,0
SONO,SONO-SONOS INC-2018.pdf,ls_8cf1322184c74d10d4b68b26,sv_c042fcbea99be089d8fd1acf,fa_077e7a36e380c11a141238ec,ea_e4db03ab1f20c5983659f005,data/01_raw/sustainability/SONO/SONO-SONOS INC-2018.pdf,1642280,2026-07-23T17:57:16.950531+00:00,10fe3503f92c7307cc1b15a07347a55fce24997d856adcafea2db78e68961cdf,raw,data/01_raw/sustainability/SONO/SONO-SONOS INC-2018.pdf,1642280,2026-07-23T17:57:16.950531+00:00,10fe3503f92c7307cc1b15a07347a55fce24997d856adcafea2db78e68961cdf,not_applicable,raw_source_selected,pdfplumber_column_order,auto_pdfplumber_column_order_v3,deterministic_coordinate_reading_order_v3;layout_grid_risk_reported;coordinate_column_order_pages=3,5,5,,,,,7;16;18,5,,7:coordinate_column_order;16:coordinate_column_order;18:coordinate_column_order,data/02_interim/esg_text/SONO/SONO-SONOS INC-2018.txt,data/02_interim/esg_text/SONO/SONO-SONOS INC-2018.pages.csv,parsed,,25,19779,0,99a9c6a69fb9c222f679ed51994718bbf643ae6b04a4850b44c5bf809cb3159a,2026-07-24T21:08:27.615368+00:00,layout_numeric_risk,false,2363,0.7758,791.2,0
SONO,SONO-SONOS INC-2020.pdf,ls_13e8f061919c57a0e6e938b6,sv_0c7961bb5e7834bb24572dd2,fa_2c4a1ff80d1eba09d820d86f,ea_9045a3cbdd79997b56027b47,data/01_raw/sustainability/SONO/SONO-SONOS INC-2020.pdf,6797489,2026-07-22T21:11:01.845407+00:00,0ec1843a0108c3db992e66adf516aff6f470f5aa021d522bab000af8d2c4681e,raw,data/01_raw/sustainability/SONO/SONO-SONOS INC-2020.pdf,6797489,2026-07-22T21:11:01.845407+00:00,0ec1843a0108c3db992e66adf516aff6f470f5aa021d522bab000af8d2c4681e,not_applicable,raw_source_selected,pdfplumber_column_order,auto_pdfplumber_column_order_v3,deterministic_coordinate_reading_order_v3;layout_grid_risk_reported;coordinate_column_order_pages=14,12;27;32;35,12;27;32;35,,,,,4;8;9;13;15;18;20;22;23;34;35;36;37;38,12;27;32,,4:coordinate_column_order;8:coordinate_column_order;9:coordinate_column_order;13:coordinate_column_order;15:coordinate_column_order;18:coordinate_column_order;20:coordinate_column_order;22:coordinate_column_order;23:coordinate_column_order;34:table_aware_xy_cut_order;35:table_aware_xy_cut_order;36:table_aware_xy_cut_order;37:table_aware_xy_cut_order;38:table_aware_xy_cut_order,data/02_interim/esg_text/SONO/SONO-SONOS INC-2020.txt,data/02_interim/esg_text/SONO/SONO-SONOS INC-2020.pages.csv,parsed,,38,50181,13,765e1527c3776dc4134701517fa87b16c1914e5ac466665db8fe0e26ea4e33a8,2026-07-24T19:52:28.771162+00:00,layout_numeric_risk,false,6003,0.7511,1320.6,0
SVV,SVV-Savers Value Village-2024.pdf,ls_232ee961b227ff9c028964fb,sv_e46ef9ee9a873b95c2140cb9,fa_0c69fc4bd3366f2c2d90e37b,ea_79e7fbae9edb62f8e388db10,data/01_raw/sustainability/SVV/SVV-Savers Value Village-2024.pdf,27688453,2026-07-22T21:11:38.898360+00:00,a0ecc46d654833e1ff14a907b25e250a018c7bb7eb6f2c543fcea4bcb84a14e8,raw,data/01_raw/sustainability/SVV/SVV-Savers Value Village-2024.pdf,27688453,2026-07-22T21:11:38.898360+00:00,a0ecc46d654833e1ff14a907b25e250a018c7bb7eb6f2c543fcea4bcb84a14e8,not_applicable,raw_source_selected,pdfplumber_column_order,auto_pdfplumber_column_order_v3,deterministic_coordinate_reading_order_v3;coordinate_column_order_pages=15,,,,3;9;14;33;36;44,,,2;8;13;16;17;19;21;25;26;27;29;32;34;35;38,,,2:coordinate_column_order;8:coordinate_column_order;13:region_xy_cut_order;16:coordinate_column_order;17:coordinate_column_order;19:coordinate_column_order;21:coordinate_column_order;25:coordinate_column_order;26:coordinate_column_order;27:coordinate_column_order;29:region_xy_cut_order;32:coordinate_column_order;34:coordinate_column_order;35:coordinate_column_order;38:table_aware_xy_cut_order,data/02_interim/esg_text/SVV/SVV-Savers Value Village-2024.txt,data/02_interim/esg_text/SVV/SVV-Savers Value Village-2024.pages.csv,parsed,,44,47011,7,a157f1f44db86636868ee4dfa883dd4db259a4c27daac84e8756a96e647fda52,2026-07-24T21:08:30.535947+00:00,,false,5379,0.7580,1068.4,0
T,T-AT&T INC-2016.pdf,ls_093b1412954ce5102afbcdc3,sv_03759c30802a8ce662abca4b,fa_352596496883b4323d75fff2,ea_d34ebd28e875cc3ef2f31130,data/01_raw/sustainability/T/T-AT&T INC-2016.pdf,3378000,2026-07-22T21:11:49.329616+00:00,ae76a3df8d8d6eb4caf4a88ceceb16a998434c982bec288bcab00002de4f61d9,raw,data/01_raw/sustainability/T/T-AT&T INC-2016.pdf,3378000,2026-07-22T21:11:49.329616+00:00,ae76a3df8d8d6eb4caf4a88ceceb16a998434c982bec288bcab00002de4f61d9,not_applicable,raw_source_selected,pdfplumber_column_order,auto_pdfplumber_column_order_v3,deterministic_coordinate_reading_order_v3;layout_grid_risk_reported;coordinate_column_order_pages=6,3;20,3;20,2,,,,4;6;7;14;15;23,2;3;20,,4:region_xy_cut_order;6:coordinate_column_order;7:region_xy_cut_order;14:coordinate_column_order;15:coordinate_column_order;23:region_xy_cut_order,data/02_interim/esg_text/T/T-AT&T INC-2016.txt,data/02_interim/esg_text/T/T-AT&T INC-2016.pages.csv,parsed,,24,33005,0,99c99b39638d0cc5822d0a458459339915da275c48ffca3bd703e7f29c45d1ee,2026-07-24T21:08:32.360091+00:00,layout_numeric_risk|complex_reading_order,false,3945,0.7760,1375.2,0
T,T-AT&T INC-2018.pdf,ls_24de1d769417f7ad1ba1f486,sv_cf00f735ed296dc8e4f95a6e,fa_99293c7290c974975fef15a4,ea_23e446f60c49cd3a69bc937c,data/01_raw/sustainability/T/T-AT&T INC-2018.pdf,9818299,2026-07-24T14:12:23.884763+00:00,6276a8df92f51cb2d2b7dda1c88450693178a64cd5f476b5464342f4c7c2db47,raw,data/01_raw/sustainability/T/T-AT&T INC-2018.pdf,9818299,2026-07-24T14:12:23.884763+00:00,6276a8df92f51cb2d2b7dda1c88450693178a64cd5f476b5464342f4c7c2db47,not_applicable,raw_source_selected,pdfplumber_column_order,auto_pdfplumber_column_order_v3,deterministic_coordinate_reading_order_v3;layout_grid_risk_reported;coordinate_column_order_pages=18,7;24;25;30,7;24;25;30,3,,,,4;5;8;9;10;11;12;13;15;16;18;19;20;21;23;33;34;35,3;7;24;25;30,,4:coordinate_column_order;5:coordinate_column_order;8:coordinate_column_order;9:coordinate_column_order;10:coordinate_column_order;11:coordinate_column_order;12:region_xy_cut_order;13:coordinate_column_order;15:coordinate_column_order;16:coordinate_column_order;18:coordinate_column_order;19:coordinate_column_order;20:coordinate_column_order;21:coordinate_column_order;23:coordinate_column_order;33:coordinate_column_order;34:coordinate_column_order;35:region_xy_cut_order,data/02_interim/esg_text/T/T-AT&T INC-2018.txt,data/02_interim/esg_text/T/T-AT&T INC-2018.pages.csv,parsed,,36,67755,0,770356e5bdd1fdb00a7c96425940d0d97a4eaabc2d41b5628e320751706cb03d,2026-07-24T19:52:31.316168+00:00,layout_numeric_risk|complex_reading_order,false,7748,0.7400,1882.1,0
T,T-AT&T INC-2019.pdf,ls_50d4402f206f67650f8fdcd5,sv_370d3f4018db51ffde2f6d71,fa_3fc20fc2b9a0c9930d941064,ea_dfb6f52080f29ef7dbd0e202,data/01_raw/sustainability/T/T-AT&T INC-2019.pdf,10255993,2026-07-24T14:12:35.310843+00:00,f566cabea791e7932d8c76812b5f312e44ea6c50b9a828fcaaddc0a4a8c87101,raw,data/01_raw/sustainability/T/T-AT&T INC-2019.pdf,10255993,2026-07-24T14:12:35.310843+00:00,f566cabea791e7932d8c76812b5f312e44ea6c50b9a828fcaaddc0a4a8c87101,not_applicable,raw_source_selected,pdfplumber_column_order,auto_pdfplumber_column_order_v3,deterministic_coordinate_reading_order_v3;layout_grid_risk_reported;coordinate_column_order_pages=18,6;9;12;34,6;9;12;34,,,,,3;4;7;8;10;11;13;14;15;16;17;19;20;21;22;24;31;38,6;9;12;34,,3:region_xy_cut_order;4:coordinate_column_order;7:coordinate_column_order;8:coordinate_column_order;10:coordinate_column_order;11:coordinate_column_order;13:region_xy_cut_order;14:coordinate_column_order;15:coordinate_column_order;16:coordinate_column_order;17:coordinate_column_order;19:region_xy_cut_order;20:region_xy_cut_order;21:coordinate_column_order;22:region_xy_cut_order;24:coordinate_column_order;31:table_aware_xy_cut_order;38:coordinate_column_order,data/02_interim/esg_text/T/T-AT&T INC-2019.txt,data/02_interim/esg_text/T/T-AT&T INC-2019.pages.csv,parsed,,40,95222,3,51d54dd7cd4d1ab48116568b9999f368133e19a9660656347bec8d7d86d190b4,2026-07-24T19:52:34.870357+00:00,layout_numeric_risk,false,10872,0.7862,2380.6,0
TPR,TPR-TAPESTRY INC-2018.pdf,ls_3938780708b55f90a14ea3f4,sv_29f65d0ddc0499c8c0b9af15,fa_82ba9430b89b0234bee73b0c,ea_c854bbf1c342d16243553e1f,data/01_raw/sustainability/TPR/TPR-TAPESTRY INC-2018.pdf,6540419,2026-07-24T14:13:21.040363+00:00,122a232f013d9edc8ab4f645784d32dd8e5c99acd0e4e0f148e6c731542604a3,raw,data/01_raw/sustainability/TPR/TPR-TAPESTRY INC-2018.pdf,6540419,2026-07-24T14:13:21.040363+00:00,122a232f013d9edc8ab4f645784d32dd8e5c99acd0e4e0f148e6c731542604a3,not_applicable,raw_source_selected,pdfplumber_column_order,auto_pdfplumber_column_order_v3,deterministic_coordinate_reading_order_v3;coordinate_column_order_pages=20,,,3;13;27,,,,7;9;16;17;19;20;21;24;25;30;31;32;35;36;37;38;39;40;41;42,3;13;27,,7:coordinate_column_order;9:region_xy_cut_order;16:region_xy_cut_order;17:region_xy_cut_order;19:table_aware_xy_cut_order;20:coordinate_column_order;21:region_xy_cut_order;24:region_xy_cut_order;25:coordinate_column_order;30:region_xy_cut_order;31:region_xy_cut_order;32:coordinate_column_order;35:region_xy_cut_order;36:coordinate_column_order;37:region_xy_cut_order;38:region_xy_cut_order;39:coordinate_column_order;40:region_xy_cut_order;41:coordinate_column_order;42:coordinate_column_order,data/02_interim/esg_text/TPR/TPR-TAPESTRY INC-2018.txt,data/02_interim/esg_text/TPR/TPR-TAPESTRY INC-2018.pages.csv,parsed,,43,45575,1,ef43e6112f0c12e68e98673904efd55f14cdc021b72b445c1f5b5facaccab285,2026-07-24T21:08:37.862223+00:00,complex_reading_order,false,5475,0.7684,1059.9,0
TPR,TPR-TAPESTRY INC-2021.pdf,ls_a760aa056242c14b96d7589f,sv_dff6809be9b9ddd891dd8b27,fa_2985f71ab8af38660df6ddd0,ea_0ac13ebade0169ff7b23a3ba,data/01_raw/sustainability/TPR/TPR-TAPESTRY INC-2021.pdf,4236177,2026-07-22T21:13:52.142432+00:00,eb5bfeeef6c16843a595fa24e4abe65fe9e75fe7aaabbc0feea9523036af0da1,raw,data/01_raw/sustainability/TPR/TPR-TAPESTRY INC-2021.pdf,4236177,2026-07-22T21:13:52.142432+00:00,eb5bfeeef6c16843a595fa24e4abe65fe9e75fe7aaabbc0feea9523036af0da1,not_applicable,raw_source_selected,pdfplumber_column_order,auto_pdfplumber_column_order_v3,deterministic_coordinate_reading_order_v3;layout_grid_risk_reported;coordinate_column_order_pages=47,43;52,43;52,,,,,2;4;6;7;12;13;14;15;18;19;21;22;23;26;27;28;29;30;31;33;34;35;38;39;40;41;45;47;48;49;50;53;54;56;57;59;60;61;62;63;64;65;69;70;71;73;75,43;52,,2:coordinate_column_order;4:coordinate_column_order;6:region_xy_cut_order;7:region_xy_cut_order;12:table_aware_xy_cut_order;13:coordinate_column_order;14:table_aware_xy_cut_order;15:coordinate_column_order;18:coordinate_column_order;19:coordinate_column_order;21:coordinate_column_order;22:coordinate_column_order;23:coordinate_column_order;26:table_aware_xy_cut_order;27:table_aware_xy_cut_order;28:table_aware_xy_cut_order;29:table_aware_xy_cut_order;30:coordinate_column_order;31:table_aware_xy_cut_order;33:region_xy_cut_order;34:region_xy_cut_order;35:region_xy_cut_order;38:coordinate_column_order;39:region_xy_cut_order;40:coordinate_column_order;41:coordinate_column_order;45:coordinate_column_order;47:table_aware_xy_cut_order;48:coordinate_column_order;49:coordinate_column_order;50:coordinate_column_order;53:coordinate_column_order;54:coordinate_column_order;56:region_xy_cut_order;57:coordinate_column_order;59:table_aware_xy_cut_order;60:table_aware_xy_cut_order;61:table_aware_xy_cut_order;62:table_aware_xy_cut_order;63:table_aware_xy_cut_order;64:table_aware_xy_cut_order;65:table_aware_xy_cut_order;69:table_aware_xy_cut_order;70:coordinate_column_order;71:coordinate_column_order;73:coordinate_column_order;75:coordinate_column_order,data/02_interim/esg_text/TPR/TPR-TAPESTRY INC-2021.txt,data/02_interim/esg_text/TPR/TPR-TAPESTRY INC-2021.pages.csv,parsed,,75,165569,20,ab51834dcace8838efb5a462f97e7577182c257dc916f198fcf52f0699b963fe,2026-07-24T19:52:39.712234+00:00,layout_numeric_risk,false,19381,0.7891,2207.6,0
TPR,TPR-TAPESTRY INC-2022.pdf,ls_865bbcee198e0e141afe0666,sv_963ae15830e1fe46205bacaf,fa_3efc51773ce133e1a20de1b3,ea_c1770919cd8d396351fb80ba,data/01_raw/sustainability/TPR/TPR-TAPESTRY INC-2022.pdf,11947541,2026-07-22T21:13:47.805988+00:00,143f20598c5bc96e9f79c5c1f062efdfac1d2e6a3c2ebdf19e8c43ead3fdc0fe,raw,data/01_raw/sustainability/TPR/TPR-TAPESTRY INC-2022.pdf,11947541,2026-07-22T21:13:47.805988+00:00,143f20598c5bc96e9f79c5c1f062efdfac1d2e6a3c2ebdf19e8c43ead3fdc0fe,not_applicable,raw_source_selected,pdfplumber_column_order,auto_pdfplumber_column_order_v3,deterministic_coordinate_reading_order_v3;layout_grid_risk_reported;coordinate_column_order_pages=39,23;26;30;38;39;41,23;26;30;38;39;41,2,,,,3;4;11;12;13;14;15;16;17;18;21;22;24;25;28;31;32;34;35;39;40;41;42;43;44;45;46;48;49;52;54;58;60;61;64;66;67;70;72,2;23;26;30;38,,3:coordinate_column_order;4:coordinate_column_order;11:coordinate_column_order;12:coordinate_column_order;13:coordinate_column_order;14:coordinate_column_order;15:coordinate_column_order;16:coordinate_column_order;17:coordinate_column_order;18:coordinate_column_order;21:coordinate_column_order;22:coordinate_column_order;24:region_xy_cut_order;25:coordinate_column_order;28:coordinate_column_order;31:region_xy_cut_order;32:region_xy_cut_order;34:region_xy_cut_order;35:coordinate_column_order;39:table_aware_xy_cut_order;40:region_xy_cut_order;41:table_aware_xy_cut_order;42:coordinate_column_order;43:coordinate_column_order;44:coordinate_column_order;45:coordinate_column_order;46:coordinate_column_order;48:coordinate_column_order;49:coordinate_column_order;52:coordinate_column_order;54:coordinate_column_order;58:coordinate_column_order;60:coordinate_column_order;61:coordinate_column_order;64:coordinate_column_order;66:coordinate_column_order;67:coordinate_column_order;70:coordinate_column_order;72:coordinate_column_order,data/02_interim/esg_text/TPR/TPR-TAPESTRY INC-2022.txt,data/02_interim/esg_text/TPR/TPR-TAPESTRY INC-2022.pages.csv,parsed,,73,154182,2,30460509ef2dfc0eb14147f87dbfda15875bf8b432a2560200057c0aa1d3de79,2026-07-24T19:52:44.077547+00:00,layout_numeric_risk|complex_reading_order,false,18229,0.7954,2112.1,0
TPR,TPR-TAPESTRY INC-2023.pdf,ls_237a965330f6fe01905d8943,sv_2e68d24928e836b5537326f6,fa_9cfb0461af3700e8ab042fbe,ea_30d967e0f7471837dc49842a,data/01_raw/sustainability/TPR/TPR-TAPESTRY INC-2023.pdf,14468810,2026-07-22T21:13:43.495150+00:00,15b8ce4d39b19df8349a5defa3f40f2092a9088987916a6b3a30ea007ef1b0b0,raw,data/01_raw/sustainability/TPR/TPR-TAPESTRY INC-2023.pdf,14468810,2026-07-22T21:13:43.495150+00:00,15b8ce4d39b19df8349a5defa3f40f2092a9088987916a6b3a30ea007ef1b0b0,not_applicable,raw_source_selected,pdfplumber_column_order,auto_pdfplumber_column_order_v3,deterministic_coordinate_reading_order_v3;layout_grid_risk_reported;coordinate_column_order_pages=46,26;27;28;29;37;46;49;61;71,26;27;28;29;37;46;49;61;71,2,,,,3;4;9;10;11;14;15;18;19;21;22;24;25;31;32;33;35;36;38;40;41;42;43;44;47;48;50;52;53;54;55;58;59;60;62;63;64;66;67;68;73;76;78;81;88;90,2;26;27;28;29;37;46;49;61;71,,3:coordinate_column_order;4:coordinate_column_order;9:coordinate_column_order;10:coordinate_column_order;11:coordinate_column_order;14:coordinate_column_order;15:coordinate_column_order;18:coordinate_column_order;19:coordinate_column_order;21:coordinate_column_order;22:coordinate_column_order;24:coordinate_column_order;25:coordinate_column_order;31:region_xy_cut_order;32:region_xy_cut_order;33:coordinate_column_order;35:coordinate_column_order;36:coordinate_column_order;38:coordinate_column_order;40:coordinate_column_order;41:coordinate_column_order;42:region_xy_cut_order;43:coordinate_column_order;44:coordinate_column_order;47:region_xy_cut_order;48:coordinate_column_order;50:coordinate_column_order;52:region_xy_cut_order;53:coordinate_column_order;54:coordinate_column_order;55:region_xy_cut_order;58:coordinate_column_order;59:coordinate_column_order;60:coordinate_column_order;62:coordinate_column_order;63:coordinate_column_order;64:coordinate_column_order;66:coordinate_column_order;67:region_xy_cut_order;68:coordinate_column_order;73:region_xy_cut_order;76:region_xy_cut_order;78:region_xy_cut_order;81:coordinate_column_order;88:coordinate_column_order;90:coordinate_column_order,data/02_interim/esg_text/TPR/TPR-TAPESTRY INC-2023.txt,data/02_interim/esg_text/TPR/TPR-TAPESTRY INC-2023.pages.csv,parsed,,91,180063,2,f380d424290490d05f1761f2b0694d4a1eced976ba814fec9436831344262c47,2026-07-24T19:52:49.039583+00:00,layout_numeric_risk|complex_reading_order,false,21549,0.7957,1978.7,0
TSCO,TSCO-TRACTOR SUPPLY CO-2019.pdf,ls_f7a22a27ac0b430a83149f6c,sv_71d3fa065386aa2ec60a388f,fa_37760004fd7c845a5195e62b,ea_2520ab312538a0c64a17a2e9,data/01_raw/sustainability/TSCO/TSCO-TRACTOR SUPPLY CO-2019.pdf,1455572,2026-07-24T14:13:29.311863+00:00,2500b9f31d319c56f7f2736a095a24e58c359f904d896daa673add2ba03649ee,raw,data/01_raw/sustainability/TSCO/TSCO-TRACTOR SUPPLY CO-2019.pdf,1455572,2026-07-24T14:13:29.311863+00:00,2500b9f31d319c56f7f2736a095a24e58c359f904d896daa673add2ba03649ee,not_applicable,raw_source_selected,pdfplumber_column_order,auto_pdfplumber_column_order_v3,deterministic_coordinate_reading_order_v3;layout_grid_risk_reported;coordinate_column_order_pages=4,14,14,,,,,3;7;17;21,14,,3:coordinate_column_order;7:region_xy_cut_order;17:coordinate_column_order;21:region_xy_cut_order,data/02_interim/esg_text/TSCO/TSCO-TRACTOR SUPPLY CO-2019.txt,data/02_interim/esg_text/TSCO/TSCO-TRACTOR SUPPLY CO-2019.pages.csv,parsed,,23,32352,0,44b611abed757ebe3babd8feac37c8dd96af96b0995f0322f7db243bf03d2267,2026-07-24T21:08:40.063689+00:00,layout_numeric_risk,false,3852,0.7796,1406.6,0
UAA,UAA-UNDER ARMOUR INC-2021.pdf,ls_5462961a94bd05b181790292,sv_91e9fd0a44a65edd5f3453b2,fa_aa0f51b7b7e1bb69d2733ad3,ea_a4a21ac9bb01ba9ddacf4d5e,data/01_raw/sustainability/UAA/UAA-UNDER ARMOUR INC-2021.pdf,12936710,2026-07-22T21:14:17.529088+00:00,efcb567ac8d56cd7cd176dac45191e40c4ba43b659a98b7333c97868f46ee00a,raw,data/01_raw/sustainability/UAA/UAA-UNDER ARMOUR INC-2021.pdf,12936710,2026-07-22T21:14:17.529088+00:00,efcb567ac8d56cd7cd176dac45191e40c4ba43b659a98b7333c97868f46ee00a,not_applicable,raw_source_selected,pdfplumber_column_order,auto_pdfplumber_column_order_v3,deterministic_coordinate_reading_order_v3;layout_grid_risk_reported;coordinate_column_order_pages=71,7;11;16,7;11;16,6,,,,2;7;8;9;10;14;15;16;17;20;22;23;24;26;27;28;29;30;31;32;33;34;38;39;40;41;42;43;44;45;46;47;48;49;50;51;52;53;54;55;57;58;59;60;61;63;64;66;67;69;70;71;72;73;74;75;76;77;78;79;80;81;82;83;84;88;89;93;94;95;96,6;11,,2:region_xy_cut_order;7:table_aware_xy_cut_order;8:region_xy_cut_order;9:region_xy_cut_order;10:region_xy_cut_order;14:coordinate_column_order;15:coordinate_column_order;16:table_aware_xy_cut_order;17:coordinate_column_order;20:region_xy_cut_order;22:coordinate_column_order;23:region_xy_cut_order;24:coordinate_column_order;26:coordinate_column_order;27:coordinate_column_order;28:region_xy_cut_order;29:coordinate_column_order;30:region_xy_cut_order;31:coordinate_column_order;32:coordinate_column_order;33:region_xy_cut_order;34:coordinate_column_order;38:coordinate_column_order;39:table_aware_xy_cut_order;40:region_xy_cut_order;41:coordinate_column_order;42:region_xy_cut_order;43:coordinate_column_order;44:coordinate_column_order;45:region_xy_cut_order;46:coordinate_column_order;47:coordinate_column_order;48:coordinate_column_order;49:coordinate_column_order;50:coordinate_column_order;51:table_aware_xy_cut_order;52:region_xy_cut_order;53:coordinate_column_order;54:region_xy_cut_order;55:region_xy_cut_order;57:region_xy_cut_order;58:coordinate_column_order;59:region_xy_cut_order;60:coordinate_column_order;61:region_xy_cut_order;63:table_aware_xy_cut_order;64:table_aware_xy_cut_order;66:table_aware_xy_cut_order;67:coordinate_column_order;69:coordinate_column_order;70:coordinate_column_order;71:coordinate_column_order;72:table_aware_xy_cut_order;73:table_aware_xy_cut_order;74:coordinate_column_order;75:table_aware_xy_cut_order;76:table_aware_xy_cut_order;77:table_aware_xy_cut_order;78:table_aware_xy_cut_order;79:table_aware_xy_cut_order;80:table_aware_xy_cut_order;81:table_aware_xy_cut_order;82:table_aware_xy_cut_order;83:table_aware_xy_cut_order;84:table_aware_xy_cut_order;88:table_aware_xy_cut_order;89:table_aware_xy_cut_order;93:table_aware_xy_cut_order;94:table_aware_xy_cut_order;95:table_aware_xy_cut_order;96:table_aware_xy_cut_order,data/02_interim/esg_text/UAA/UAA-UNDER ARMOUR INC-2021.txt,data/02_interim/esg_text/UAA/UAA-UNDER ARMOUR INC-2021.pages.csv,parsed,,97,211243,35,ba812a2222544ed6f109df4368b537ff07c7e2c1cad99ad7d7bd5891e65c94a4,2026-07-24T21:08:45.523465+00:00,layout_numeric_risk|complex_reading_order,false,24696,0.7551,2177.8,0
UEIC,UEIC-UNIVERSAL ELECTRONICS INC-2023.pdf,ls_6358d348d344af98741d2c1f,sv_6636f5936437fe05898a751e,fa_ffddf314fbff086e3fc358e1,ea_b320e89c55c6d6445569ba81,data/01_raw/sustainability/UEIC/UEIC-UNIVERSAL ELECTRONICS INC-2023.pdf,2935566,2026-07-24T14:13:35.624208+00:00,26e2dcc505ab53db2b06781ce09b47053cb9e10688bee9fa0a7439d9182c457f,raw,data/01_raw/sustainability/UEIC/UEIC-UNIVERSAL ELECTRONICS INC-2023.pdf,2935566,2026-07-24T14:13:35.624208+00:00,26e2dcc505ab53db2b06781ce09b47053cb9e10688bee9fa0a7439d9182c457f,not_applicable,raw_source_selected,pdfplumber_column_order,auto_pdfplumber_column_order_v3,deterministic_coordinate_reading_order_v3;coordinate_column_order_pages=14,,,,,,,2;8;10;18;20;22;24;25;26;27;28;29;32;33,,,2:region_xy_cut_order;8:region_xy_cut_order;10:coordinate_column_order;18:region_xy_cut_order;20:region_xy_cut_order;22:coordinate_column_order;24:region_xy_cut_order;25:region_xy_cut_order;26:region_xy_cut_order;27:region_xy_cut_order;28:region_xy_cut_order;29:region_xy_cut_order;32:region_xy_cut_order;33:region_xy_cut_order,data/02_interim/esg_text/UEIC/UEIC-UNIVERSAL ELECTRONICS INC-2023.txt,data/02_interim/esg_text/UEIC/UEIC-UNIVERSAL ELECTRONICS INC-2023.pages.csv,parsed,,33,85204,0,91f640a8793e5d857dd8d6874ac80c1cd576f5d7a53ddcf60ebdb61bc4b4e619,2026-07-24T21:08:48.139330+00:00,,false,10002,0.8198,2581.9,0
ULTA,ULTA-ULTA BEAUTY INC-2023.pdf,ls_e9583a6ff2ae80b1f4d09034,sv_c35e9fbc3a518035f699da36,fa_a27f79c173fac7995725f872,ea_30cc2fa3292ee748268554df,data/01_raw/sustainability/ULTA/ULTA-ULTA BEAUTY INC-2023.pdf,7084793,2026-07-22T21:15:33.564532+00:00,94da1624f46848e5840463658ae390fb9af4d24e97943b8b43311f56444921b5,raw,data/01_raw/sustainability/ULTA/ULTA-ULTA BEAUTY INC-2023.pdf,7084793,2026-07-22T21:15:33.564532+00:00,94da1624f46848e5840463658ae390fb9af4d24e97943b8b43311f56444921b5,not_applicable,raw_source_selected,pdfplumber_column_order,auto_pdfplumber_column_order_v3,deterministic_coordinate_reading_order_v3;layout_grid_risk_reported;coordinate_column_order_pages=19,7;11;21;25;38;39;40;45,7;11;21;25;38;39;40;45,46,,,,3;5;6;10;12;13;16;17;18;23;26;30;31;34;35;39;40;41;42,7;11;21;25;38;45;46,,3:region_xy_cut_order;5:coordinate_column_order;6:region_xy_cut_order;10:region_xy_cut_order;12:coordinate_column_order;13:coordinate_column_order;16:coordinate_column_order;17:coordinate_column_order;18:coordinate_column_order;23:table_aware_xy_cut_order;26:coordinate_column_order;30:region_xy_cut_order;31:region_xy_cut_order;34:coordinate_column_order;35:coordinate_column_order;39:table_aware_xy_cut_order;40:table_aware_xy_cut_order;41:region_xy_cut_order;42:coordinate_column_order,data/02_interim/esg_text/ULTA/ULTA-ULTA BEAUTY INC-2023.txt,data/02_interim/esg_text/ULTA/ULTA-ULTA BEAUTY INC-2023.pages.csv,parsed,,47,103111,9,74328bd55b231c624f8459bbb96b7b5401d57ecb898ccf3a908a0125179ef845,2026-07-24T21:08:52.463094+00:00,layout_numeric_risk|complex_reading_order,false,12378,0.7901,2193.9,0
VRA,VRA-VERA BRADLEY INC-2022.pdf,ls_6c557202d176d2d16eed561f,sv_65ea1989b2b647bf37051a1c,fa_77b39141dfdf08823a49a94f,ea_9650b2e9838f6f4e4cc12e8b,data/01_raw/sustainability/VRA/VRA-VERA BRADLEY INC-2022.pdf,16159543,2026-07-22T21:16:52.535022+00:00,2eeafb54b51cfa57cc754dafd39d38cd6e2514f75824f55093e25703478986b1,raw,data/01_raw/sustainability/VRA/VRA-VERA BRADLEY INC-2022.pdf,16159543,2026-07-22T21:16:52.535022+00:00,2eeafb54b51cfa57cc754dafd39d38cd6e2514f75824f55093e25703478986b1,not_applicable,raw_source_selected,pdfplumber_column_order,auto_pdfplumber_column_order_v3,deterministic_coordinate_reading_order_v3;layout_grid_risk_reported;coordinate_column_order_pages=3,47,47,2,32,73,,3;10;52,2;47,,3:region_xy_cut_order;10:region_xy_cut_order;52:region_xy_cut_order,data/02_interim/esg_text/VRA/VRA-VERA BRADLEY INC-2022.txt,data/02_interim/esg_text/VRA/VRA-VERA BRADLEY INC-2022.pages.csv,parsed,,73,105779,0,5826bbb3376452cc9c119c257e6ef4d3b1e4f0a2f2b5ff12adbbde200337c901,2026-07-24T19:52:52.021616+00:00,layout_numeric_risk|complex_reading_order,false,13136,0.8235,1449.0,0
VRA,VRA-VERA BRADLEY INC-2025.pdf,ls_3c188de7c72e036fef5e6235,sv_8c71ef7bb844c4b2a29eab48,fa_69e03bf9006589fff1360d7c,ea_a60b9978839f00ea59034bb5,data/01_raw/sustainability/VRA/VRA-VERA BRADLEY INC-2025.pdf,9079234,2026-07-22T21:16:40.220862+00:00,016651d92e94b15ecc3d8fc3329f2bfa9f425d64176277e128d740789dadf6e7,raw,data/01_raw/sustainability/VRA/VRA-VERA BRADLEY INC-2025.pdf,9079234,2026-07-22T21:16:40.220862+00:00,016651d92e94b15ecc3d8fc3329f2bfa9f425d64176277e128d740789dadf6e7,not_applicable,raw_source_selected,pdfplumber_column_order,auto_pdfplumber_column_order_v3,deterministic_coordinate_reading_order_v3;layout_grid_risk_reported;coordinate_column_order_pages=6,16;27,16;27,2,,,,22;23;25;26;27;28,2;16,,22:coordinate_column_order;23:table_aware_xy_cut_order;25:coordinate_column_order;26:table_aware_xy_cut_order;27:table_aware_xy_cut_order;28:table_aware_xy_cut_order,data/02_interim/esg_text/VRA/VRA-VERA BRADLEY INC-2025.txt,data/02_interim/esg_text/VRA/VRA-VERA BRADLEY INC-2025.pages.csv,parsed,,28,52498,6,64f82ebfd842235d2715a3e1a604729b98be3b730483175a265b6c7f4efdab86,2026-07-24T21:08:54.790059+00:00,layout_numeric_risk|complex_reading_order,false,6102,0.8031,1874.9,0
VZ,VZ-VERIZON COMMUNICATIONS INC-2016.pdf,ls_8a25032cbc02238ba509445a,sv_0e83a38580cad28e84b7e6d8,fa_86a18ea2e769a5210c269ce2,ea_999b79f9065e698ee7dc3799,data/01_raw/sustainability/VZ/VZ-VERIZON COMMUNICATIONS INC-2016.pdf,4912995,2026-07-23T17:56:01.919580+00:00,245d5b0e423d5fe586d0c336075beb75093ebf56740c02b58982fe62f09721df,raw,data/01_raw/sustainability/VZ/VZ-VERIZON COMMUNICATIONS INC-2016.pdf,4912995,2026-07-23T17:56:01.919580+00:00,245d5b0e423d5fe586d0c336075beb75093ebf56740c02b58982fe62f09721df,not_applicable,raw_source_selected,pdfplumber_column_order,auto_pdfplumber_column_order_v3,deterministic_coordinate_reading_order_v3;layout_grid_risk_reported;coordinate_column_order_pages=13,7;9;10;12;17;19;21;23;28;34,7;9;10;12;17;19;21;23;28;34,,,,,2;3;6;11;22;26;27;29;36;39;40;41;42,7;9;10;12;17;19;21;23;28;34,,2:region_xy_cut_order;3:coordinate_column_order;6:region_xy_cut_order;11:coordinate_column_order;22:region_xy_cut_order;26:region_xy_cut_order;27:coordinate_column_order;29:coordinate_column_order;36:coordinate_column_order;39:region_xy_cut_order;40:coordinate_column_order;41:coordinate_column_order;42:coordinate_column_order,data/02_interim/esg_text/VZ/VZ-VERIZON COMMUNICATIONS INC-2016.txt,data/02_interim/esg_text/VZ/VZ-VERIZON COMMUNICATIONS INC-2016.pages.csv,parsed,,42,64987,0,0a70910593776878cc847a32e6f6f67111acf0d7fca9febe18b018feb1ccb812,2026-07-24T21:08:57.388429+00:00,layout_numeric_risk,false,7458,0.7930,1547.3,0
VZ,VZ-VERIZON COMMUNICATIONS INC-2021.pdf,ls_cd5d88d960fc7dc77eb92e7c,sv_ad7ef236ee09f7da8d2ce55a,fa_a012cbc97f6a9bf517e04990,ea_c59c3c8a9f79ca67bc3a473e,data/01_raw/sustainability/VZ/VZ-VERIZON COMMUNICATIONS INC-2021.pdf,2587848,2026-07-22T21:17:41.451897+00:00,cdb15541ef13014700eb5c22771adb2b480a3d3c54d6347825c02c8375505ee3,raw,data/01_raw/sustainability/VZ/VZ-VERIZON COMMUNICATIONS INC-2021.pdf,2587848,2026-07-22T21:17:41.451897+00:00,cdb15541ef13014700eb5c22771adb2b480a3d3c54d6347825c02c8375505ee3,not_applicable,raw_source_selected,pdfplumber_column_order,auto_pdfplumber_column_order_v3,deterministic_coordinate_reading_order_v3;layout_grid_risk_reported;coordinate_column_order_pages=21,45;46;47;48;49,45;46;47;48;49,3,,1,,8;9;14;22;31;69;77;78;79;80;81;82;85;86;88;89;90;91;92;93;94,3;45;46;47;48;49,,8:coordinate_column_order;9:coordinate_column_order;14:coordinate_column_order;22:coordinate_column_order;31:table_aware_xy_cut_order;69:coordinate_column_order;77:table_aware_xy_cut_order;78:table_aware_xy_cut_order;79:table_aware_xy_cut_order;80:table_aware_xy_cut_order;81:table_aware_xy_cut_order;82:table_aware_xy_cut_order;85:coordinate_column_order;86:coordinate_column_order;88:coordinate_column_order;89:coordinate_column_order;90:coordinate_column_order;91:coordinate_column_order;92:coordinate_column_order;93:coordinate_column_order;94:coordinate_column_order,data/02_interim/esg_text/VZ/VZ-VERIZON COMMUNICATIONS INC-2021.txt,data/02_interim/esg_text/VZ/VZ-VERIZON COMMUNICATIONS INC-2021.pages.csv,parsed,,95,252307,8,b6997b19d320cc806e59310411574b70abca9c7dc374dae95a549f455ee556cb,2026-07-24T19:52:57.083814+00:00,layout_numeric_risk|complex_reading_order,false,28820,0.7531,2655.9,0
VZ,VZ-VERIZON COMMUNICATIONS INC-2024.pdf,ls_cd4ccbc9a78ad77e8c1a089c,sv_6e005a617e6043f652e99819,fa_791146dcf84df62640ebe2c6,ea_c82bad7c84021704a7298d8b,data/01_raw/sustainability/VZ/VZ-VERIZON COMMUNICATIONS INC-2024.pdf,2268388,2026-07-22T21:17:32.918058+00:00,2c915f3c7b19ea0ed488d52cbaa901289b040ee490a82c4733c5f0901c59a3bd,raw,data/01_raw/sustainability/VZ/VZ-VERIZON COMMUNICATIONS INC-2024.pdf,2268388,2026-07-22T21:17:32.918058+00:00,2c915f3c7b19ea0ed488d52cbaa901289b040ee490a82c4733c5f0901c59a3bd,not_applicable,raw_source_selected,pdfplumber_column_order,auto_pdfplumber_column_order_v3,deterministic_coordinate_reading_order_v3;coordinate_column_order_pages=17,,,,,,,2;3;4;5;6;7;8;9;10;11;12;13;14;15;16;17;18,,,2:coordinate_column_order;3:coordinate_column_order;4:coordinate_column_order;5:coordinate_column_order;6:coordinate_column_order;7:coordinate_column_order;8:coordinate_column_order;9:coordinate_column_order;10:coordinate_column_order;11:coordinate_column_order;12:coordinate_column_order;13:coordinate_column_order;14:coordinate_column_order;15:coordinate_column_order;16:coordinate_column_order;17:coordinate_column_order;18:table_aware_xy_cut_order,data/02_interim/esg_text/VZ/VZ-VERIZON COMMUNICATIONS INC-2024.txt,data/02_interim/esg_text/VZ/VZ-VERIZON COMMUNICATIONS INC-2024.pages.csv,parsed,,23,88796,2,a771935dd4420f100c91290de90358c145f7cabfea11cd5abbcaebbe87ede00e,2026-07-24T19:53:00.135966+00:00,,false,10619,0.8365,3860.7,0
W,W-WAYFAIR INC-2021.pdf,ls_ab78954f9f31e423a585f837,sv_6c654d8487052eef07863470,fa_22dde9a30bcb823ab48388ac,ea_6a030424c6c0cc2dd2cd3695,data/01_raw/sustainability/W/W-WAYFAIR INC-2021.pdf,3634908,2026-07-22T21:18:04.652573+00:00,9df15a049517de268b9b281cb5a79684f8ebf24056bc8e1a7c342ca8ce1748b1,raw,data/01_raw/sustainability/W/W-WAYFAIR INC-2021.pdf,3634908,2026-07-22T21:18:04.652573+00:00,9df15a049517de268b9b281cb5a79684f8ebf24056bc8e1a7c342ca8ce1748b1,not_applicable,raw_source_selected,pdfplumber_column_order,auto_pdfplumber_column_order_v3,deterministic_coordinate_reading_order_v3;layout_grid_risk_reported;coordinate_column_order_pages=7,3;7;8;12;15,3;7;8;12;15,,,,,4;5;10;11;14;16;17,3;7;8;12;15,,4:coordinate_column_order;5:coordinate_column_order;10:coordinate_column_order;11:coordinate_column_order;14:coordinate_column_order;16:coordinate_column_order;17:coordinate_column_order,data/02_interim/esg_text/W/W-WAYFAIR INC-2021.txt,data/02_interim/esg_text/W/W-WAYFAIR INC-2021.pages.csv,parsed,,18,41352,0,92303cff1fbbc8d78abce840e6d6effbc867e6b16ffbbe2be27d52cacb95c58e,2026-07-24T21:08:59.496051+00:00,layout_numeric_risk,false,5046,0.8097,2297.3,0
W,W-WAYFAIR INC-2023.pdf,ls_2e9f00d4584481fc8b242fce,sv_66d9598ebf11751c5f76ce8d,fa_80ed1775bde7a67a430662aa,ea_d9aa5354fbb7d85d9fb17575,data/01_raw/sustainability/W/W-WAYFAIR INC-2023.pdf,48475978,2026-07-22T21:17:55.620812+00:00,f61c21bfc8635deb51239bd87881c64f4057af96ed9bcd3a8155970a95cd764c,raw,data/01_raw/sustainability/W/W-WAYFAIR INC-2023.pdf,48475978,2026-07-22T21:17:55.620812+00:00,f61c21bfc8635deb51239bd87881c64f4057af96ed9bcd3a8155970a95cd764c,not_applicable,raw_source_selected,pdfplumber_column_order,auto_pdfplumber_column_order_v3,deterministic_coordinate_reading_order_v3;layout_grid_risk_reported;coordinate_column_order_pages=20,3;9;19;22;34;36;37;40;41;42,3;9;19;22;34;36;37;40;41;42,,,,,6;10;11;12;14;17;18;21;23;24;25;26;27;29;30;31;32;35;39;41,3;9;19;22;34;36;37;40;42,,6:coordinate_column_order;10:coordinate_column_order;11:coordinate_column_order;12:region_xy_cut_order;14:coordinate_column_order;17:coordinate_column_order;18:coordinate_column_order;21:region_xy_cut_order;23:region_xy_cut_order;24:coordinate_column_order;25:coordinate_column_order;26:table_aware_xy_cut_order;27:table_aware_xy_cut_order;29:table_aware_xy_cut_order;30:table_aware_xy_cut_order;31:table_aware_xy_cut_order;32:table_aware_xy_cut_order;35:table_aware_xy_cut_order;39:table_aware_xy_cut_order;41:table_aware_xy_cut_order,data/02_interim/esg_text/W/W-WAYFAIR INC-2023.txt,data/02_interim/esg_text/W/W-WAYFAIR INC-2023.pages.csv,parsed,,43,72402,29,b386f69879e96c9f8001eb41d1a052d60cf0b2e813229c9800ee36588e8df3bb,2026-07-24T21:09:02.888759+00:00,layout_numeric_risk,false,8070,0.7494,1683.8,0
W,W-WAYFAIR INC-2024.pdf,ls_9e97ae5c80ef7d65561e6448,sv_1f5a177baecc966c86878032,fa_31340a7037407ee20358d3eb,ea_fea0b4eac083d8a79b91913c,data/01_raw/sustainability/W/W-WAYFAIR INC-2024.pdf,35655596,2026-07-22T21:17:50.008163+00:00,60eeee7a94b7bc85cd0748257732947617d642a91a057a262deec2757ae95983,raw,data/01_raw/sustainability/W/W-WAYFAIR INC-2024.pdf,35655596,2026-07-22T21:17:50.008163+00:00,60eeee7a94b7bc85cd0748257732947617d642a91a057a262deec2757ae95983,not_applicable,raw_source_selected,pdfplumber_column_order,auto_pdfplumber_column_order_v3,deterministic_coordinate_reading_order_v3;layout_grid_risk_reported;coordinate_column_order_pages=12,19,19,,,,,3;6;8;9;10;11;14;15;17;18;20;21,19,,3:coordinate_column_order;6:coordinate_column_order;8:coordinate_column_order;9:region_xy_cut_order;10:coordinate_column_order;11:region_xy_cut_order;14:coordinate_column_order;15:coordinate_column_order;17:region_xy_cut_order;18:coordinate_column_order;20:region_xy_cut_order;21:coordinate_column_order,data/02_interim/esg_text/W/W-WAYFAIR INC-2024.txt,data/02_interim/esg_text/W/W-WAYFAIR INC-2024.pages.csv,parsed,,22,39650,0,d1c178168307493ce7011db65b03f6a7fe97f76045fb2ea1ea656e42f490fe20,2026-07-24T21:09:05.422272+00:00,layout_numeric_risk,false,4639,0.8225,1802.3,0
WHR,WHR-WHIRLPOOL CORP-2021.pdf,ls_7c0da9cf6657e121fe7c162d,sv_e4b4584dccbd99b348fa5e38,fa_973eb7256ff0c74537e0df80,ea_cae019ee671b48646fd8dd00,data/01_raw/sustainability/WHR/WHR-WHIRLPOOL CORP-2021.pdf,16082072,2026-07-22T21:18:33.182317+00:00,fc6997e031f26d6d530dddf2467a76792133c949014d99839ac6bfb13323c965,raw,data/01_raw/sustainability/WHR/WHR-WHIRLPOOL CORP-2021.pdf,16082072,2026-07-22T21:18:33.182317+00:00,fc6997e031f26d6d530dddf2467a76792133c949014d99839ac6bfb13323c965,not_applicable,raw_source_selected,pdfplumber_column_order,auto_pdfplumber_column_order_v3,deterministic_coordinate_reading_order_v3;layout_grid_risk_reported;coordinate_column_order_pages=91,10;17;18;60;66;77;84;103;120,10;17;18;60;66;77;84;103;120,3;89;122,,1,,2;7;8;11;13;14;15;19;21;23;26;27;28;29;30;31;32;33;34;35;36;37;38;39;40;41;42;43;45;46;47;48;49;50;51;52;53;54;55;56;57;58;62;63;64;65;67;69;70;71;72;75;76;78;79;80;81;85;86;87;88;90;91;92;93;94;95;96;97;99;100;101;102;105;107;110;111;112;113;114;115;116;117;118;119;121;123;124;125;126;127,3;10;17;18;60;66;77;84;89;103;120;122,,2:coordinate_column_order;7:coordinate_column_order;8:coordinate_column_order;11:coordinate_column_order;13:region_xy_cut_order;14:region_xy_cut_order;15:coordinate_column_order;19:table_aware_xy_cut_order;21:region_xy_cut_order;23:coordinate_column_order;26:coordinate_column_order;27:table_aware_xy_cut_order;28:coordinate_column_order;29:region_xy_cut_order;30:coordinate_column_order;31:coordinate_column_order;32:coordinate_column_order;33:coordinate_column_order;34:coordinate_column_order;35:coordinate_column_order;36:coordinate_column_order;37:table_aware_xy_cut_order;38:coordinate_column_order;39:table_aware_xy_cut_order;40:region_xy_cut_order;41:table_aware_xy_cut_order;42:region_xy_cut_order;43:region_xy_cut_order;45:coordinate_column_order;46:table_aware_xy_cut_order;47:coordinate_column_order;48:coordinate_column_order;49:coordinate_column_order;50:coordinate_column_order;51:coordinate_column_order;52:table_aware_xy_cut_order;53:coordinate_column_order;54:coordinate_column_order;55:region_xy_cut_order;56:coordinate_column_order;57:coordinate_column_order;58:coordinate_column_order;62:coordinate_column_order;63:coordinate_column_order;64:coordinate_column_order;65:region_xy_cut_order;67:region_xy_cut_order;69:region_xy_cut_order;70:coordinate_column_order;71:coordinate_column_order;72:coordinate_column_order;75:coordinate_column_order;76:coordinate_column_order;78:table_aware_xy_cut_order;79:table_aware_xy_cut_order;80:table_aware_xy_cut_order;81:coordinate_column_order;85:coordinate_column_order;86:coordinate_column_order;87:coordinate_column_order;88:coordinate_column_order;90:coordinate_column_order;91:region_xy_cut_order;92:coordinate_column_order;93:coordinate_column_order;94:region_xy_cut_order;95:coordinate_column_order;96:coordinate_column_order;97:coordinate_column_order;99:coordinate_column_order;100:table_aware_xy_cut_order;101:coordinate_column_order;102:coordinate_column_order;105:coordinate_column_order;107:coordinate_column_order;110:coordinate_column_order;111:table_aware_xy_cut_order;112:table_aware_xy_cut_order;113:table_aware_xy_cut_order;114:table_aware_xy_cut_order;115:table_aware_xy_cut_order;116:table_aware_xy_cut_order;117:table_aware_xy_cut_order;118:table_aware_xy_cut_order;119:table_aware_xy_cut_order;121:table_aware_xy_cut_order;123:table_aware_xy_cut_order;124:table_aware_xy_cut_order;125:table_aware_xy_cut_order;126:table_aware_xy_cut_order;127:coordinate_column_order,data/02_interim/esg_text/WHR/WHR-WHIRLPOOL CORP-2021.txt,data/02_interim/esg_text/WHR/WHR-WHIRLPOOL CORP-2021.pages.csv,parsed,,127,321322,43,c20baf75717f0e31129789f96b6734c54fb99994c087e65483566c9c832fe886,2026-07-24T21:09:20.181980+00:00,layout_numeric_risk|complex_reading_order,false,37818,0.7756,2530.1,0
WHR,WHR-WHIRLPOOL CORP-2024.pdf,ls_855b64689afa24b600e15dc0,sv_d29e9fdbdfb1f0b1ab133ebe,fa_9415a1d52fa89956c2739613,ea_3c2d3646124c5e1ef3f86767,data/01_raw/sustainability/WHR/WHR-WHIRLPOOL CORP-2024.pdf,9879430,2026-07-22T21:18:21.679220+00:00,dd7d808fda8315c8a2524394257f17aaa4824924350030fa9c333e34547c25fa,raw,data/01_raw/sustainability/WHR/WHR-WHIRLPOOL CORP-2024.pdf,9879430,2026-07-22T21:18:21.679220+00:00,dd7d808fda8315c8a2524394257f17aaa4824924350030fa9c333e34547c25fa,not_applicable,raw_source_selected,pdfplumber_column_order,auto_pdfplumber_column_order_v3,deterministic_coordinate_reading_order_v3;layout_grid_risk_reported;coordinate_column_order_pages=51,4;18;20;32;34;38;48;52;59;62;66,4;18;20;32;34;38;48;52;59;62;66,80;81;82,,,,5;6;7;9;11;12;13;14;15;17;19;22;23;25;26;27;31;33;34;35;36;37;41;42;43;44;46;47;56;58;60;61;62;63;64;65;66;67;69;70;71;72;74;75;76;78;79;84;85;86;87,4;18;20;32;38;48;52;59;80;81;82,,5:coordinate_column_order;6:region_xy_cut_order;7:coordinate_column_order;9:coordinate_column_order;11:coordinate_column_order;12:coordinate_column_order;13:region_xy_cut_order;14:region_xy_cut_order;15:coordinate_column_order;17:coordinate_column_order;19:coordinate_column_order;22:region_xy_cut_order;23:region_xy_cut_order;25:region_xy_cut_order;26:coordinate_column_order;27:coordinate_column_order;31:coordinate_column_order;33:region_xy_cut_order;34:table_aware_xy_cut_order;35:coordinate_column_order;36:coordinate_column_order;37:coordinate_column_order;41:region_xy_cut_order;42:coordinate_column_order;43:region_xy_cut_order;44:coordinate_column_order;46:coordinate_column_order;47:coordinate_column_order;56:table_aware_xy_cut_order;58:table_aware_xy_cut_order;60:table_aware_xy_cut_order;61:table_aware_xy_cut_order;62:table_aware_xy_cut_order;63:table_aware_xy_cut_order;64:table_aware_xy_cut_order;65:table_aware_xy_cut_order;66:table_aware_xy_cut_order;67:table_aware_xy_cut_order;69:table_aware_xy_cut_order;70:table_aware_xy_cut_order;71:table_aware_xy_cut_order;72:table_aware_xy_cut_order;74:coordinate_column_order;75:table_aware_xy_cut_order;76:coordinate_column_order;78:region_xy_cut_order;79:coordinate_column_order;84:table_aware_xy_cut_order;85:region_xy_cut_order;86:table_aware_xy_cut_order;87:coordinate_column_order,data/02_interim/esg_text/WHR/WHR-WHIRLPOOL CORP-2024.txt,data/02_interim/esg_text/WHR/WHR-WHIRLPOOL CORP-2024.pages.csv,parsed,,88,228133,34,48cda75fd87403e318b8be9b6e42762978d342c9c87b2e01812f5d59abf3f90b,2026-07-24T21:09:26.890465+00:00,layout_numeric_risk|complex_reading_order,false,26809,0.7920,2592.4,0
WMK,WMK-WEIS MARKETS INC-2016.pdf,ls_c124138f314eb7ae0d9c005b,sv_8bc614ae3a151db14e83ac38,fa_7a0feae846bf5f637f95f813,ea_073e256dbaf6a96eca097b33,data/01_raw/sustainability/WMK/WMK-WEIS MARKETS INC-2016.pdf,3113159,2026-07-24T14:19:02.908557+00:00,54718acaadb9469d329e22b380b2bb903926fc52315d1c025d99826eb1f92327,raw,data/01_raw/sustainability/WMK/WMK-WEIS MARKETS INC-2016.pdf,3113159,2026-07-24T14:19:02.908557+00:00,54718acaadb9469d329e22b380b2bb903926fc52315d1c025d99826eb1f92327,not_applicable,raw_source_selected,pdfplumber_column_order,auto_pdfplumber_column_order_v3,deterministic_coordinate_reading_order_v3;layout_grid_risk_reported;coordinate_column_order_pages=7,16,16,,,,,4;6;7;9;10;14;15,16,,4:coordinate_column_order;6:coordinate_column_order;7:coordinate_column_order;9:coordinate_column_order;10:coordinate_column_order;14:coordinate_column_order;15:coordinate_column_order,data/02_interim/esg_text/WMK/WMK-WEIS MARKETS INC-2016.txt,data/02_interim/esg_text/WMK/WMK-WEIS MARKETS INC-2016.pages.csv,parsed,,17,36307,0,26b796151560602c4fcf158c6a18fd47d456f4e72ddfeef39a458e540abc5c2b,2026-07-24T19:53:02.285451+00:00,layout_numeric_risk,false,4346,0.7386,2135.7,0
WOOF,WOOF-PETCO HEALTH AND WELLNESS CO-2023.pdf,ls_cebc2d0a1d8493954c381b82,sv_fb0a939cdb7bdf89d7b039ec,fa_1e9582dd7687ef12e7d5abe4,ea_58398e9dc3c353107cda8631,data/01_raw/sustainability/WOOF/WOOF-PETCO HEALTH AND WELLNESS CO-2023.pdf,56248714,2026-07-22T21:19:32.477401+00:00,bda52717f016886e007ab2aca8a570b88e8a419a18ab76ada8b06efb809ca824,raw,data/01_raw/sustainability/WOOF/WOOF-PETCO HEALTH AND WELLNESS CO-2023.pdf,56248714,2026-07-22T21:19:32.477401+00:00,bda52717f016886e007ab2aca8a570b88e8a419a18ab76ada8b06efb809ca824,not_applicable,raw_source_selected,pdfplumber_column_order,auto_pdfplumber_column_order_v3,deterministic_coordinate_reading_order_v3;layout_grid_risk_reported;coordinate_column_order_pages=25,31;50;52,31;50;52,,1,64,,3;4;5;7;8;9;13;15;16;20;21;24;26;27;33;34;39;40;41;43;46;47;50;51;53,31;52,,3:coordinate_column_order;4:coordinate_column_order;5:coordinate_column_order;7:coordinate_column_order;8:coordinate_column_order;9:table_aware_xy_cut_order;13:table_aware_xy_cut_order;15:table_aware_xy_cut_order;16:coordinate_column_order;20:coordinate_column_order;21:region_xy_cut_order;24:coordinate_column_order;26:region_xy_cut_order;27:coordinate_column_order;33:coordinate_column_order;34:coordinate_column_order;39:region_xy_cut_order;40:table_aware_xy_cut_order;41:coordinate_column_order;43:table_aware_xy_cut_order;46:coordinate_column_order;47:table_aware_xy_cut_order;50:table_aware_xy_cut_order;51:coordinate_column_order;53:table_aware_xy_cut_order,data/02_interim/esg_text/WOOF/WOOF-PETCO HEALTH AND WELLNESS CO-2023.txt,data/02_interim/esg_text/WOOF/WOOF-PETCO HEALTH AND WELLNESS CO-2023.pages.csv,parsed,,64,145685,10,521b3f6ab8b8504a4e631b34985465754e5f94c46216f6044160dd48e5cff18c,2026-07-24T19:53:14.146355+00:00,layout_numeric_risk,false,17742,0.7967,2276.3,0
WSM,WSM-WILLIAMS-SONOMA INC-2018.pdf,ls_bf74908c917c7c61dc2abf80,sv_e9d8719ada7b6eedf5f1486f,fa_7ee0d5debce68adfb547020d,ea_2d61f9e29bdec16cdda3652e,data/01_raw/sustainability/WSM/WSM-WILLIAMS-SONOMA INC-2018.pdf,4921043,2026-07-24T14:19:50.833156+00:00,b77f6251450ce20bcb5ee57bff4268da24845af3a73a384f8b6b469cdd676654,raw,data/01_raw/sustainability/WSM/WSM-WILLIAMS-SONOMA INC-2018.pdf,4921043,2026-07-24T14:19:50.833156+00:00,b77f6251450ce20bcb5ee57bff4268da24845af3a73a384f8b6b469cdd676654,not_applicable,raw_source_selected,pdfplumber_column_order,auto_pdfplumber_column_order_v3,deterministic_coordinate_reading_order_v3;layout_grid_risk_reported;coordinate_column_order_pages=10,10,10,,,,,3;4;7;8;9;11;13;14;16;17,10,,3:region_xy_cut_order;4:region_xy_cut_order;7:coordinate_column_order;8:region_xy_cut_order;9:region_xy_cut_order;11:region_xy_cut_order;13:region_xy_cut_order;14:region_xy_cut_order;16:region_xy_cut_order;17:region_xy_cut_order,data/02_interim/esg_text/WSM/WSM-WILLIAMS-SONOMA INC-2018.txt,data/02_interim/esg_text/WSM/WSM-WILLIAMS-SONOMA INC-2018.pages.csv,parsed,,17,36376,0,219e7bb3429d0cc2f5988eeee580c54d3f577e611a3f33834e41a005c757cbbf,2026-07-24T19:53:16.175153+00:00,layout_numeric_risk,false,4308,0.7941,2139.8,0
WSM,WSM-WILLIAMS-SONOMA INC-2023.pdf,ls_da94f46e69097ba57ae05adb,sv_3d699ed9cde6d1f8d9338a78,fa_89847357077ee176a54f6c15,ea_f1247f379a16c68d50271653,data/01_raw/sustainability/WSM/WSM-WILLIAMS-SONOMA INC-2023.pdf,6348346,2026-07-22T21:20:20.684991+00:00,097914efb82a14f60c77fa254775b61b73013223fd5a27cbf00bd8e826e93a6e,raw,data/01_raw/sustainability/WSM/WSM-WILLIAMS-SONOMA INC-2023.pdf,6348346,2026-07-22T21:20:20.684991+00:00,097914efb82a14f60c77fa254775b61b73013223fd5a27cbf00bd8e826e93a6e,not_applicable,raw_source_selected,pdfplumber_column_order,auto_pdfplumber_column_order_v3,deterministic_coordinate_reading_order_v3;layout_grid_risk_reported;coordinate_column_order_pages=26,5;6;7;9;12;15;17;26;28;35,5;6;7;9;12;15;17;26;28;35,3,,,,11;13;14;16;19;20;21;22;24;25;27;30;31;32;33;34;37;38;42;43;44;45;47;50;51;53,3;5;6;7;9;12;15;17;26;28;35,,11:coordinate_column_order;13:region_xy_cut_order;14:coordinate_column_order;16:coordinate_column_order;19:coordinate_column_order;20:coordinate_column_order;21:coordinate_column_order;22:coordinate_column_order;24:region_xy_cut_order;25:region_xy_cut_order;27:coordinate_column_order;30:region_xy_cut_order;31:coordinate_column_order;32:coordinate_column_order;33:coordinate_column_order;34:coordinate_column_order;37:coordinate_column_order;38:coordinate_column_order;42:coordinate_column_order;43:coordinate_column_order;44:coordinate_column_order;45:coordinate_column_order;47:region_xy_cut_order;50:coordinate_column_order;51:coordinate_column_order;53:region_xy_cut_order,data/02_interim/esg_text/WSM/WSM-WILLIAMS-SONOMA INC-2023.txt,data/02_interim/esg_text/WSM/WSM-WILLIAMS-SONOMA INC-2023.pages.csv,parsed,,61,128692,1,756be3941c0cc988ea111a04b9f8547bd09ba9afa3d764f4e10a7e38a063cdbf,2026-07-24T19:53:19.498874+00:00,layout_numeric_risk|complex_reading_order,false,14203,0.6904,2109.7,0
WWW,WWW-WOLVERINE WORLD WIDE-2022.pdf,ls_986548be3adb9b44b43fc5d8,sv_e3fa01350b08aeba866d874e,fa_8a736050bf81a9b42c3bf1ac,ea_b7d40871ad7de9fa1d7bdf44,data/01_raw/sustainability/WWW/WWW-WOLVERINE WORLD WIDE-2022.pdf,31301914,2026-07-22T21:20:50.911769+00:00,615040813c7b9db8fa1fcb77d79d9b12aefd6eca82dae900f4b78d2f88947c10,raw,data/01_raw/sustainability/WWW/WWW-WOLVERINE WORLD WIDE-2022.pdf,31301914,2026-07-22T21:20:50.911769+00:00,615040813c7b9db8fa1fcb77d79d9b12aefd6eca82dae900f4b78d2f88947c10,not_applicable,raw_source_selected,pdfplumber_column_order,auto_pdfplumber_column_order_v3,deterministic_coordinate_reading_order_v3;layout_grid_risk_reported;coordinate_column_order_pages=18,17;18;26;29;30,17;18;26;29;30,2,,,,4;8;9;10;12;13;14;15;19;21;22;23;31;34;35;36;38;40,2;17;18;26;29;30,,4:coordinate_column_order;8:coordinate_column_order;9:coordinate_column_order;10:coordinate_column_order;12:coordinate_column_order;13:coordinate_column_order;14:coordinate_column_order;15:coordinate_column_order;19:coordinate_column_order;21:region_xy_cut_order;22:coordinate_column_order;23:region_xy_cut_order;31:coordinate_column_order;34:coordinate_column_order;35:region_xy_cut_order;36:coordinate_column_order;38:coordinate_column_order;40:table_aware_xy_cut_order,data/02_interim/esg_text/WWW/WWW-WOLVERINE WORLD WIDE-2022.txt,data/02_interim/esg_text/WWW/WWW-WOLVERINE WORLD WIDE-2022.pages.csv,parsed,,41,117054,1,1880f3db2b6757c50872fef760f09297d72e671d0ef6b34e6f175347c881bfd6,2026-07-24T19:53:22.960383+00:00,layout_numeric_risk|complex_reading_order,false,13988,0.7864,2855.0,0
XOM,XOM-EXXON MOBIL CORP-2016.pdf,ls_80856cdfb9f301c532fb6d32,sv_b9543ba767f98e9e02557a6f,fa_4a3428b9e42ad5a4088349c9,ea_9ad31c401b29e003872011bd,data/01_raw/sustainability/XOM/XOM-EXXON MOBIL CORP-2016.pdf,7533354,2026-07-24T14:20:27.900208+00:00,3e00b4fda15ecfe70dee43d9e1adaf11a91f043c15efd3c38f4b55f73ed6d1d0,raw,data/01_raw/sustainability/XOM/XOM-EXXON MOBIL CORP-2016.pdf,7533354,2026-07-24T14:20:27.900208+00:00,3e00b4fda15ecfe70dee43d9e1adaf11a91f043c15efd3c38f4b55f73ed6d1d0,not_applicable,raw_source_selected,pdfplumber_column_order,auto_pdfplumber_column_order_v3,deterministic_coordinate_reading_order_v3;layout_grid_risk_reported;coordinate_column_order_pages=32,4;15;19;20;27;35,4;15;19;20;27;35,,,,,5;6;7;8;9;10;12;13;14;17;18;21;22;23;24;26;28;31;32;33;34;38;39;40;41;43;44;45;46;47;48;49,4;15;19;20;27;35,,5:region_xy_cut_order;6:region_xy_cut_order;7:coordinate_column_order;8:coordinate_column_order;9:coordinate_column_order;10:coordinate_column_order;12:coordinate_column_order;13:coordinate_column_order;14:coordinate_column_order;17:region_xy_cut_order;18:coordinate_column_order;21:coordinate_column_order;22:coordinate_column_order;23:coordinate_column_order;24:coordinate_column_order;26:coordinate_column_order;28:coordinate_column_order;31:coordinate_column_order;32:coordinate_column_order;33:region_xy_cut_order;34:region_xy_cut_order;38:region_xy_cut_order;39:coordinate_column_order;40:coordinate_column_order;41:coordinate_column_order;43:coordinate_column_order;44:coordinate_column_order;45:coordinate_column_order;46:table_aware_xy_cut_order;47:table_aware_xy_cut_order;48:table_aware_xy_cut_order;49:coordinate_column_order,data/02_interim/esg_text/XOM/XOM-EXXON MOBIL CORP-2016.txt,data/02_interim/esg_text/XOM/XOM-EXXON MOBIL CORP-2016.pages.csv,parsed,,50,198262,10,f358a952388cc734cad74cd8dfc5c38e10f918a3ee5f4a6209df944d39363460,2026-07-24T21:09:33.271900+00:00,layout_numeric_risk,false,22494,0.7623,3965.2,0
XOM,XOM-EXXON MOBIL CORP-2024.pdf,ls_bce1ff3b9281626fa624f13c,sv_6efc74abe46ce81228a7e90e,fa_9b25cbe2bd0ba03c965eb00a,ea_4274d54bac540c057b095e89,data/01_raw/sustainability/XOM/XOM-EXXON MOBIL CORP-2024.pdf,2363607,2026-07-22T21:21:12.330334+00:00,2c34cbfd57e06abe08244ee62ba98da5c88b7d747cb4ab1a9c6983bd96bc803e,raw,data/01_raw/sustainability/XOM/XOM-EXXON MOBIL CORP-2024.pdf,2363607,2026-07-22T21:21:12.330334+00:00,2c34cbfd57e06abe08244ee62ba98da5c88b7d747cb4ab1a9c6983bd96bc803e,not_applicable,raw_source_selected,pdfplumber_column_order,auto_pdfplumber_column_order_v3,deterministic_coordinate_reading_order_v3;coordinate_column_order_pages=3,,,,,,,2;4;7,,,2:coordinate_column_order;4:table_aware_xy_cut_order;7:region_xy_cut_order,data/02_interim/esg_text/XOM/XOM-EXXON MOBIL CORP-2024.txt,data/02_interim/esg_text/XOM/XOM-EXXON MOBIL CORP-2024.pages.csv,parsed,,10,33549,1,ce27d1e6d44c41e545484355099ebcdf763fbf638714096b5d87a5e4295fd851,2026-07-24T21:09:35.153866+00:00,,false,4017,0.8210,3354.9,0
