company,section_code,char_count,file
AAPL,HEADER,22628,data\03_sections\AAPL__10-K__0000320193-23-000106__HEADER.txt
AAPL,Item_1,15152,data\03_sections\AAPL__10-K__0000320193-23-000106__Item_1.txt
AAPL,Item_1A,67876,data\03_sections\AAPL__10-K__0000320193-23-000106__Item_1A.txt
AAPL,Item_1B,41,data\03_sections\AAPL__10-K__0000320193-23-000106__Item_1B.txt
AAPL,Item_1C,72,data\03_sections\AAPL__10-K__0000320193-23-000106__Item_1C.txt
AAPL,Item_2,484,data\03_sections\AAPL__10-K__0000320193-23-000106__Item_2.txt
AAPL,Item_3,3063,data\03_sections\AAPL__10-K__0000320193-23-000106__Item_3.txt
AAPL,Item_4,89,data\03_sections\AAPL__10-K__0000320193-23-000106__Item_4.txt
AAPL,Item_5,2393,data\03_sections\AAPL__10-K__0000320193-23-000106__Item_5.txt
AAPL,Item_6,52,data\03_sections\AAPL__10-K__0000320193-23-000106__Item_6.txt
AAPL,Item_7,14113,data\03_sections\AAPL__10-K__0000320193-23-000106__Item_7.txt
AAPL,Item_7A,2767,data\03_sections\AAPL__10-K__0000320193-23-000106__Item_7A.txt
AAPL,Item_8,42705,data\03_sections\AAPL__10-K__0000320193-23-000106__Item_8.txt
AAPL,Item_9,99,data\03_sections\AAPL__10-K__0000320193-23-000106__Item_9.txt
AAPL,Item_9A,4500,data\03_sections\AAPL__10-K__0000320193-23-000106__Item_9A.txt
AAPL,Item_9B,803,data\03_sections\AAPL__10-K__0000320193-23-000106__Item_9B.txt
AAPL,Item_9C,102,data\03_sections\AAPL__10-K__0000320193-23-000106__Item_9C.txt
AAPL,Item_10,402,data\03_sections\AAPL__10-K__0000320193-23-000106__Item_10.txt
AAPL,Item_11,157,data\03_sections\AAPL__10-K__0000320193-23-000106__Item_11.txt
AAPL,Item_12,229,data\03_sections\AAPL__10-K__0000320193-23-000106__Item_12.txt
AAPL,Item_13,208,data\03_sections\AAPL__10-K__0000320193-23-000106__Item_13.txt
AAPL,Item_14,214,data\03_sections\AAPL__10-K__0000320193-23-000106__Item_14.txt
AAPL,Item_15,1155,data\03_sections\AAPL__10-K__0000320193-23-000106__Item_15.txt
AAPL,Item_16,66,data\03_sections\AAPL__10-K__0000320193-23-000106__Item_16.txt
AAPL,Signatures,1133,data\03_sections\AAPL__10-K__0000320193-23-000106__Signatures.txt
AAPL,HEADER,20857,data\03_sections\AAPL__10-K__0000320193-24-000123__HEADER.txt
AAPL,Item_1,15757,data\03_sections\AAPL__10-K__0000320193-24-000123__Item_1.txt
AAPL,Item_1A,68761,data\03_sections\AAPL__10-K__0000320193-24-000123__Item_1A.txt
AAPL,Item_1B,41,data\03_sections\AAPL__10-K__0000320193-24-000123__Item_1B.txt
AAPL,Item_1C,2737,data\03_sections\AAPL__10-K__0000320193-24-000123__Item_1C.txt
AAPL,Item_2,484,data\03_sections\AAPL__10-K__0000320193-24-000123__Item_2.txt
AAPL,Item_3,4339,data\03_sections\AAPL__10-K__0000320193-24-000123__Item_3.txt
AAPL,Item_4,89,data\03_sections\AAPL__10-K__0000320193-24-000123__Item_4.txt
AAPL,Item_5,1782,data\03_sections\AAPL__10-K__0000320193-24-000123__Item_5.txt
AAPL,Item_6,52,data\03_sections\AAPL__10-K__0000320193-24-000123__Item_6.txt
AAPL,Item_7,14045,data\03_sections\AAPL__10-K__0000320193-24-000123__Item_7.txt
AAPL,Item_7A,2767,data\03_sections\AAPL__10-K__0000320193-24-000123__Item_7A.txt
AAPL,Item_8,41300,data\03_sections\AAPL__10-K__0000320193-24-000123__Item_8.txt
AAPL,Item_9,99,data\03_sections\AAPL__10-K__0000320193-24-000123__Item_9.txt
AAPL,Item_9A,4500,data\03_sections\AAPL__10-K__0000320193-24-000123__Item_9A.txt
AAPL,Item_9B,1350,data\03_sections\AAPL__10-K__0000320193-24-000123__Item_9B.txt
AAPL,Item_9C,102,data\03_sections\AAPL__10-K__0000320193-24-000123__Item_9C.txt
AAPL,Item_10,1031,data\03_sections\AAPL__10-K__0000320193-24-000123__Item_10.txt
AAPL,Item_11,157,data\03_sections\AAPL__10-K__0000320193-24-000123__Item_11.txt
AAPL,Item_12,229,data\03_sections\AAPL__10-K__0000320193-24-000123__Item_12.txt
AAPL,Item_13,208,data\03_sections\AAPL__10-K__0000320193-24-000123__Item_13.txt
AAPL,Item_14,214,data\03_sections\AAPL__10-K__0000320193-24-000123__Item_14.txt
AAPL,Item_15,1155,data\03_sections\AAPL__10-K__0000320193-24-000123__Item_15.txt
AAPL,Item_16,66,data\03_sections\AAPL__10-K__0000320193-24-000123__Item_16.txt
AAPL,Signatures,1133,data\03_sections\AAPL__10-K__0000320193-24-000123__Signatures.txt
AAPL,HEADER,20461,data\03_sections\AAPL__10-K__0000320193-25-000079__HEADER.txt
AAPL,Item_1,16051,data\03_sections\AAPL__10-K__0000320193-25-000079__Item_1.txt
AAPL,Item_1A,68046,data\03_sections\AAPL__10-K__0000320193-25-000079__Item_1A.txt
AAPL,Item_1B,41,data\03_sections\AAPL__10-K__0000320193-25-000079__Item_1B.txt
AAPL,Item_1C,2706,data\03_sections\AAPL__10-K__0000320193-25-000079__Item_1C.txt
AAPL,Item_2,517,data\03_sections\AAPL__10-K__0000320193-25-000079__Item_2.txt
AAPL,Item_3,5399,data\03_sections\AAPL__10-K__0000320193-25-000079__Item_3.txt
AAPL,Item_4,89,data\03_sections\AAPL__10-K__0000320193-25-000079__Item_4.txt
AAPL,Item_5,1838,data\03_sections\AAPL__10-K__0000320193-25-000079__Item_5.txt
AAPL,Item_6,52,data\03_sections\AAPL__10-K__0000320193-25-000079__Item_6.txt
AAPL,Item_7,16729,data\03_sections\AAPL__10-K__0000320193-25-000079__Item_7.txt
AAPL,Item_7A,2767,data\03_sections\AAPL__10-K__0000320193-25-000079__Item_7A.txt
AAPL,Item_8,42324,data\03_sections\AAPL__10-K__0000320193-25-000079__Item_8.txt
AAPL,Item_9,99,data\03_sections\AAPL__10-K__0000320193-25-000079__Item_9.txt
AAPL,Item_9A,4500,data\03_sections\AAPL__10-K__0000320193-25-000079__Item_9A.txt
AAPL,Item_9B,570,data\03_sections\AAPL__10-K__0000320193-25-000079__Item_9B.txt
AAPL,Item_9C,102,data\03_sections\AAPL__10-K__0000320193-25-000079__Item_9C.txt
AAPL,Item_10,398,data\03_sections\AAPL__10-K__0000320193-25-000079__Item_10.txt
AAPL,Item_11,157,data\03_sections\AAPL__10-K__0000320193-25-000079__Item_11.txt
AAPL,Item_12,229,data\03_sections\AAPL__10-K__0000320193-25-000079__Item_12.txt
AAPL,Item_13,208,data\03_sections\AAPL__10-K__0000320193-25-000079__Item_13.txt
AAPL,Item_14,214,data\03_sections\AAPL__10-K__0000320193-25-000079__Item_14.txt
AAPL,Item_15,1155,data\03_sections\AAPL__10-K__0000320193-25-000079__Item_15.txt
AAPL,Item_16,66,data\03_sections\AAPL__10-K__0000320193-25-000079__Item_16.txt
AAPL,Signatures,1133,data\03_sections\AAPL__10-K__0000320193-25-000079__Signatures.txt
AAP,HEADER,48043,data\03_sections\AAP__10-K__0001158449-24-000048__HEADER.txt
AAP,Item_1A,46021,data\03_sections\AAP__10-K__0001158449-24-000048__Item_1A.txt
AAP,Item_1B,42,data\03_sections\AAP__10-K__0001158449-24-000048__Item_1B.txt
AAP,Item_1C,3769,data\03_sections\AAP__10-K__0001158449-24-000048__Item_1C.txt
AAP,Item_2,251,data\03_sections\AAP__10-K__0001158449-24-000048__Item_2.txt
AAP,Item_3,192,data\03_sections\AAP__10-K__0001158449-24-000048__Item_3.txt
AAP,Item_4,78,data\03_sections\AAP__10-K__0001158449-24-000048__Item_4.txt
AAP,Item_5,1706,data\03_sections\AAP__10-K__0001158449-24-000048__Item_5.txt
AAP,Item_6,18,data\03_sections\AAP__10-K__0001158449-24-000048__Item_6.txt
AAP,Item_7,26511,data\03_sections\AAP__10-K__0001158449-24-000048__Item_7.txt
AAP,Item_7A,1333,data\03_sections\AAP__10-K__0001158449-24-000048__Item_7A.txt
AAP,Item_8,203,data\03_sections\AAP__10-K__0001158449-24-000048__Item_8.txt
AAP,Item_9,100,data\03_sections\AAP__10-K__0001158449-24-000048__Item_9.txt
AAP,Item_9A,8136,data\03_sections\AAP__10-K__0001158449-24-000048__Item_9A.txt
AAP,Item_9B,255,data\03_sections\AAP__10-K__0001158449-24-000048__Item_9B.txt
AAP,Item_9C,965,data\03_sections\AAP__10-K__0001158449-24-000048__Item_9C.txt
AAP,Item_11,362,data\03_sections\AAP__10-K__0001158449-24-000048__Item_11.txt
AAP,Item_12,345,data\03_sections\AAP__10-K__0001158449-24-000048__Item_12.txt
AAP,Item_13,307,data\03_sections\AAP__10-K__0001158449-24-000048__Item_13.txt
AAP,Item_14,78261,data\03_sections\AAP__10-K__0001158449-24-000048__Item_14.txt
AAP,Item_16,37,data\03_sections\AAP__10-K__0001158449-24-000048__Item_16.txt
AAP,Signatures,466,data\03_sections\AAP__10-K__0001158449-24-000048__Signatures.txt
AAP,HEADER,27049,data\03_sections\AAP__10-K__0001158449-25-000064__HEADER.txt
AAP,Item_1A,30403,data\03_sections\AAP__10-K__0001158449-25-000064__Item_1A.txt
AAP,Item_3,194,data\03_sections\AAP__10-K__0001158449-25-000064__Item_3.txt
AAP,Item_1B,42,data\03_sections\AAP__10-K__0001158449-25-000064__Item_1B.txt
AAP,Item_1C,3733,data\03_sections\AAP__10-K__0001158449-25-000064__Item_1C.txt
AAP,Item_2,239,data\03_sections\AAP__10-K__0001158449-25-000064__Item_2.txt
AAP,Item_4,78,data\03_sections\AAP__10-K__0001158449-25-000064__Item_4.txt
AAP,Item_5,2043,data\03_sections\AAP__10-K__0001158449-25-000064__Item_5.txt
AAP,Item_6,1793,data\03_sections\AAP__10-K__0001158449-25-000064__Item_6.txt
AAP,Item_7,42090,data\03_sections\AAP__10-K__0001158449-25-000064__Item_7.txt
AAP,Item_7A,1356,data\03_sections\AAP__10-K__0001158449-25-000064__Item_7A.txt
AAP,Item_8,204,data\03_sections\AAP__10-K__0001158449-25-000064__Item_8.txt
AAP,Item_9,100,data\03_sections\AAP__10-K__0001158449-25-000064__Item_9.txt
AAP,Item_9A,8050,data\03_sections\AAP__10-K__0001158449-25-000064__Item_9A.txt
AAP,Item_9B,263,data\03_sections\AAP__10-K__0001158449-25-000064__Item_9B.txt
AAP,Item_9C,995,data\03_sections\AAP__10-K__0001158449-25-000064__Item_9C.txt
AAP,Item_11,362,data\03_sections\AAP__10-K__0001158449-25-000064__Item_11.txt
AAP,Item_12,345,data\03_sections\AAP__10-K__0001158449-25-000064__Item_12.txt
AAP,Item_13,307,data\03_sections\AAP__10-K__0001158449-25-000064__Item_13.txt
AAP,Item_14,97352,data\03_sections\AAP__10-K__0001158449-25-000064__Item_14.txt
AAP,Item_16,37,data\03_sections\AAP__10-K__0001158449-25-000064__Item_16.txt
AAP,Signatures,466,data\03_sections\AAP__10-K__0001158449-25-000064__Signatures.txt
AAP,HEADER,22553,data\03_sections\AAP__10-K__0001193125-26-051305__HEADER.txt
AAP,Item_1,20451,data\03_sections\AAP__10-K__0001193125-26-051305__Item_1.txt
AAP,Item_1A,59130,data\03_sections\AAP__10-K__0001193125-26-051305__Item_1A.txt
AAP,Item_1B,43,data\03_sections\AAP__10-K__0001193125-26-051305__Item_1B.txt
AAP,Item_1C,3558,data\03_sections\AAP__10-K__0001193125-26-051305__Item_1C.txt
AAP,Item_2,237,data\03_sections\AAP__10-K__0001193125-26-051305__Item_2.txt
AAP,Item_3,214,data\03_sections\AAP__10-K__0001193125-26-051305__Item_3.txt
AAP,Item_4,83,data\03_sections\AAP__10-K__0001193125-26-051305__Item_4.txt
AAP,Item_5,2262,data\03_sections\AAP__10-K__0001193125-26-051305__Item_5.txt
AAP,Item_6,43,data\03_sections\AAP__10-K__0001193125-26-051305__Item_6.txt
AAP,Item_7,47728,data\03_sections\AAP__10-K__0001193125-26-051305__Item_7.txt
AAP,Item_7A,2237,data\03_sections\AAP__10-K__0001193125-26-051305__Item_7A.txt
AAP,Item_8,199,data\03_sections\AAP__10-K__0001193125-26-051305__Item_8.txt
AAP,Item_9,101,data\03_sections\AAP__10-K__0001193125-26-051305__Item_9.txt
AAP,Item_9A,4730,data\03_sections\AAP__10-K__0001193125-26-051305__Item_9A.txt
AAP,Item_9B,251,data\03_sections\AAP__10-K__0001193125-26-051305__Item_9B.txt
AAP,Item_9C,999,data\03_sections\AAP__10-K__0001193125-26-051305__Item_9C.txt
AAP,Item_11,361,data\03_sections\AAP__10-K__0001193125-26-051305__Item_11.txt
AAP,Item_12,345,data\03_sections\AAP__10-K__0001193125-26-051305__Item_12.txt
AAP,Item_13,306,data\03_sections\AAP__10-K__0001193125-26-051305__Item_13.txt
AAP,Item_14,98764,data\03_sections\AAP__10-K__0001193125-26-051305__Item_14.txt
AAP,Item_16,527,data\03_sections\AAP__10-K__0001193125-26-051305__Item_16.txt
ABG,HEADER,54303,data\03_sections\ABG__10-K__0001144980-24-000076__HEADER.txt
ABG,Item_1,44990,data\03_sections\ABG__10-K__0001144980-24-000076__Item_1.txt
ABG,Item_1A,73172,data\03_sections\ABG__10-K__0001144980-24-000076__Item_1A.txt
ABG,Item_1B,41,data\03_sections\ABG__10-K__0001144980-24-000076__Item_1B.txt
ABG,Item_1C,7466,data\03_sections\ABG__10-K__0001144980-24-000076__Item_1C.txt
ABG,Item_2,827,data\03_sections\ABG__10-K__0001144980-24-000076__Item_2.txt
ABG,Item_3,3140,data\03_sections\ABG__10-K__0001144980-24-000076__Item_3.txt
ABG,Item_4,77,data\03_sections\ABG__10-K__0001144980-24-000076__Item_4.txt
ABG,Item_5,3594,data\03_sections\ABG__10-K__0001144980-24-000076__Item_5.txt
ABG,Item_6,16,data\03_sections\ABG__10-K__0001144980-24-000076__Item_6.txt
ABG,Item_7,83916,data\03_sections\ABG__10-K__0001144980-24-000076__Item_7.txt
ABG,Item_7A,149681,data\03_sections\ABG__10-K__0001144980-24-000076__Item_7A.txt
ABG,Item_9,99,data\03_sections\ABG__10-K__0001144980-24-000076__Item_9.txt
ABG,Item_9A,4913,data\03_sections\ABG__10-K__0001144980-24-000076__Item_9A.txt
ABG,Item_9B,241,data\03_sections\ABG__10-K__0001144980-24-000076__Item_9B.txt
ABG,Item_9C,112,data\03_sections\ABG__10-K__0001144980-24-000076__Item_9C.txt
ABG,Item_10,477,data\03_sections\ABG__10-K__0001144980-24-000076__Item_10.txt
ABG,Item_11,490,data\03_sections\ABG__10-K__0001144980-24-000076__Item_11.txt
ABG,Item_12,450,data\03_sections\ABG__10-K__0001144980-24-000076__Item_12.txt
ABG,Item_13,355,data\03_sections\ABG__10-K__0001144980-24-000076__Item_13.txt
ABG,Item_14,316,data\03_sections\ABG__10-K__0001144980-24-000076__Item_14.txt
ABG,Item_15,669,data\03_sections\ABG__10-K__0001144980-24-000076__Item_15.txt
ABG,Item_16,55,data\03_sections\ABG__10-K__0001144980-24-000076__Item_16.txt
ABG,Signatures,742,data\03_sections\ABG__10-K__0001144980-24-000076__Signatures.txt
ABG,HEADER,55327,data\03_sections\ABG__10-K__0001144980-25-000077__HEADER.txt
ABG,Item_1,47381,data\03_sections\ABG__10-K__0001144980-25-000077__Item_1.txt
ABG,Item_1A,81924,data\03_sections\ABG__10-K__0001144980-25-000077__Item_1A.txt
ABG,Item_1B,41,data\03_sections\ABG__10-K__0001144980-25-000077__Item_1B.txt
ABG,Item_1C,7548,data\03_sections\ABG__10-K__0001144980-25-000077__Item_1C.txt
ABG,Item_2,1037,data\03_sections\ABG__10-K__0001144980-25-000077__Item_2.txt
ABG,Item_3,4157,data\03_sections\ABG__10-K__0001144980-25-000077__Item_3.txt
ABG,Item_4,77,data\03_sections\ABG__10-K__0001144980-25-000077__Item_4.txt
ABG,Item_5,4151,data\03_sections\ABG__10-K__0001144980-25-000077__Item_5.txt
ABG,Item_6,16,data\03_sections\ABG__10-K__0001144980-25-000077__Item_6.txt
ABG,Item_7,88926,data\03_sections\ABG__10-K__0001144980-25-000077__Item_7.txt
ABG,Item_7A,143520,data\03_sections\ABG__10-K__0001144980-25-000077__Item_7A.txt
ABG,Item_9,99,data\03_sections\ABG__10-K__0001144980-25-000077__Item_9.txt
ABG,Item_9A,5525,data\03_sections\ABG__10-K__0001144980-25-000077__Item_9A.txt
ABG,Item_9B,241,data\03_sections\ABG__10-K__0001144980-25-000077__Item_9B.txt
ABG,Item_9C,114,data\03_sections\ABG__10-K__0001144980-25-000077__Item_9C.txt
ABG,Item_10,845,data\03_sections\ABG__10-K__0001144980-25-000077__Item_10.txt
ABG,Item_11,486,data\03_sections\ABG__10-K__0001144980-25-000077__Item_11.txt
ABG,Item_12,448,data\03_sections\ABG__10-K__0001144980-25-000077__Item_12.txt
ABG,Item_13,407,data\03_sections\ABG__10-K__0001144980-25-000077__Item_13.txt
ABG,Item_14,470,data\03_sections\ABG__10-K__0001144980-25-000077__Item_14.txt
ABG,Item_15,630,data\03_sections\ABG__10-K__0001144980-25-000077__Item_15.txt
ABG,Item_16,55,data\03_sections\ABG__10-K__0001144980-25-000077__Item_16.txt
ABG,Signatures,472,data\03_sections\ABG__10-K__0001144980-25-000077__Signatures.txt
ABG,HEADER,60277,data\03_sections\ABG__10-K__0001144980-26-000051__HEADER.txt
ABG,Item_1,44346,data\03_sections\ABG__10-K__0001144980-26-000051__Item_1.txt
ABG,Item_1A,78604,data\03_sections\ABG__10-K__0001144980-26-000051__Item_1A.txt
ABG,Item_1B,41,data\03_sections\ABG__10-K__0001144980-26-000051__Item_1B.txt
ABG,Item_1C,7366,data\03_sections\ABG__10-K__0001144980-26-000051__Item_1C.txt
ABG,Item_2,930,data\03_sections\ABG__10-K__0001144980-26-000051__Item_2.txt
ABG,Item_3,4188,data\03_sections\ABG__10-K__0001144980-26-000051__Item_3.txt
ABG,Item_4,77,data\03_sections\ABG__10-K__0001144980-26-000051__Item_4.txt
ABG,Item_5,4424,data\03_sections\ABG__10-K__0001144980-26-000051__Item_5.txt
ABG,Item_6,16,data\03_sections\ABG__10-K__0001144980-26-000051__Item_6.txt
ABG,Item_7,72685,data\03_sections\ABG__10-K__0001144980-26-000051__Item_7.txt
ABG,Item_7A,145776,data\03_sections\ABG__10-K__0001144980-26-000051__Item_7A.txt
ABG,Item_9,99,data\03_sections\ABG__10-K__0001144980-26-000051__Item_9.txt
ABG,Item_9A,4582,data\03_sections\ABG__10-K__0001144980-26-000051__Item_9A.txt
ABG,Item_9B,241,data\03_sections\ABG__10-K__0001144980-26-000051__Item_9B.txt
ABG,Item_9C,114,data\03_sections\ABG__10-K__0001144980-26-000051__Item_9C.txt
ABG,Item_10,845,data\03_sections\ABG__10-K__0001144980-26-000051__Item_10.txt
ABG,Item_11,486,data\03_sections\ABG__10-K__0001144980-26-000051__Item_11.txt
ABG,Item_12,448,data\03_sections\ABG__10-K__0001144980-26-000051__Item_12.txt
ABG,Item_13,406,data\03_sections\ABG__10-K__0001144980-26-000051__Item_13.txt
ABG,Item_14,470,data\03_sections\ABG__10-K__0001144980-26-000051__Item_14.txt
ABG,Item_15,588,data\03_sections\ABG__10-K__0001144980-26-000051__Item_15.txt
ABG,Item_16,55,data\03_sections\ABG__10-K__0001144980-26-000051__Item_16.txt
ABG,Signatures,472,data\03_sections\ABG__10-K__0001144980-26-000051__Signatures.txt
ACI,HEADER,60042,data\03_sections\ACI__10-K__0001646972-24-000060__HEADER.txt
ACI,Item_1,22940,data\03_sections\ACI__10-K__0001646972-24-000060__Item_1.txt
ACI,Item_1A,71288,data\03_sections\ACI__10-K__0001646972-24-000060__Item_1A.txt
ACI,Item_1B,62,data\03_sections\ACI__10-K__0001646972-24-000060__Item_1B.txt
ACI,Item_1C,7097,data\03_sections\ACI__10-K__0001646972-24-000060__Item_1C.txt
ACI,Item_2,813,data\03_sections\ACI__10-K__0001646972-24-000060__Item_2.txt
ACI,Item_3,2403,data\03_sections\ACI__10-K__0001646972-24-000060__Item_3.txt
ACI,Item_4,77,data\03_sections\ACI__10-K__0001646972-24-000060__Item_4.txt
ACI,Item_5,2533,data\03_sections\ACI__10-K__0001646972-24-000060__Item_5.txt
ACI,Item_6,40,data\03_sections\ACI__10-K__0001646972-24-000060__Item_6.txt
ACI,Item_7,36061,data\03_sections\ACI__10-K__0001646972-24-000060__Item_7.txt
ACI,Item_7A,2524,data\03_sections\ACI__10-K__0001646972-24-000060__Item_7A.txt
ACI,Item_8,128457,data\03_sections\ACI__10-K__0001646972-24-000060__Item_8.txt
ACI,Item_9,131,data\03_sections\ACI__10-K__0001646972-24-000060__Item_9.txt
ACI,Item_9A,3059,data\03_sections\ACI__10-K__0001646972-24-000060__Item_9A.txt
ACI,Item_9B,252,data\03_sections\ACI__10-K__0001646972-24-000060__Item_9B.txt
ACI,Item_9C,124,data\03_sections\ACI__10-K__0001646972-24-000060__Item_9C.txt
ACI,Item_10,1127,data\03_sections\ACI__10-K__0001646972-24-000060__Item_10.txt
ACI,Item_11,444,data\03_sections\ACI__10-K__0001646972-24-000060__Item_11.txt
ACI,Item_12,457,data\03_sections\ACI__10-K__0001646972-24-000060__Item_12.txt
ACI,Item_13,414,data\03_sections\ACI__10-K__0001646972-24-000060__Item_13.txt
ACI,Item_14,396,data\03_sections\ACI__10-K__0001646972-24-000060__Item_14.txt
ACI,Item_15,380,data\03_sections\ACI__10-K__0001646972-24-000060__Item_15.txt
ACI,Item_16,55,data\03_sections\ACI__10-K__0001646972-24-000060__Item_16.txt
ACI,Signatures,504,data\03_sections\ACI__10-K__0001646972-24-000060__Signatures.txt
ACI,HEADER,55181,data\03_sections\ACI__10-K__0001646972-25-000052__HEADER.txt
ACI,Item_1,21865,data\03_sections\ACI__10-K__0001646972-25-000052__Item_1.txt
ACI,Item_1A,66698,data\03_sections\ACI__10-K__0001646972-25-000052__Item_1A.txt
ACI,Item_1B,41,data\03_sections\ACI__10-K__0001646972-25-000052__Item_1B.txt
ACI,Item_1C,7192,data\03_sections\ACI__10-K__0001646972-25-000052__Item_1C.txt
ACI,Item_2,812,data\03_sections\ACI__10-K__0001646972-25-000052__Item_2.txt
ACI,Item_3,2403,data\03_sections\ACI__10-K__0001646972-25-000052__Item_3.txt
ACI,Item_4,77,data\03_sections\ACI__10-K__0001646972-25-000052__Item_4.txt
ACI,Item_5,2826,data\03_sections\ACI__10-K__0001646972-25-000052__Item_5.txt
ACI,Item_6,40,data\03_sections\ACI__10-K__0001646972-25-000052__Item_6.txt
ACI,Item_7,39162,data\03_sections\ACI__10-K__0001646972-25-000052__Item_7.txt
ACI,Item_7A,2337,data\03_sections\ACI__10-K__0001646972-25-000052__Item_7A.txt
ACI,Item_8,126612,data\03_sections\ACI__10-K__0001646972-25-000052__Item_8.txt
ACI,Item_9,131,data\03_sections\ACI__10-K__0001646972-25-000052__Item_9.txt
ACI,Item_9A,3059,data\03_sections\ACI__10-K__0001646972-25-000052__Item_9A.txt
ACI,Item_9B,1879,data\03_sections\ACI__10-K__0001646972-25-000052__Item_9B.txt
ACI,Item_9C,124,data\03_sections\ACI__10-K__0001646972-25-000052__Item_9C.txt
ACI,Item_10,1091,data\03_sections\ACI__10-K__0001646972-25-000052__Item_10.txt
ACI,Item_11,444,data\03_sections\ACI__10-K__0001646972-25-000052__Item_11.txt
ACI,Item_12,457,data\03_sections\ACI__10-K__0001646972-25-000052__Item_12.txt
ACI,Item_13,414,data\03_sections\ACI__10-K__0001646972-25-000052__Item_13.txt
ACI,Item_14,426,data\03_sections\ACI__10-K__0001646972-25-000052__Item_14.txt
ACI,Item_15,380,data\03_sections\ACI__10-K__0001646972-25-000052__Item_15.txt
ACI,Item_16,55,data\03_sections\ACI__10-K__0001646972-25-000052__Item_16.txt
ACI,Signatures,504,data\03_sections\ACI__10-K__0001646972-25-000052__Signatures.txt
ACI,HEADER,54976,data\03_sections\ACI__10-K__0001646972-26-000032__HEADER.txt
ACI,Item_1,19064,data\03_sections\ACI__10-K__0001646972-26-000032__Item_1.txt
ACI,Item_1A,62094,data\03_sections\ACI__10-K__0001646972-26-000032__Item_1A.txt
ACI,Item_1B,41,data\03_sections\ACI__10-K__0001646972-26-000032__Item_1B.txt
ACI,Item_1C,7082,data\03_sections\ACI__10-K__0001646972-26-000032__Item_1C.txt
ACI,Item_2,893,data\03_sections\ACI__10-K__0001646972-26-000032__Item_2.txt
ACI,Item_3,2403,data\03_sections\ACI__10-K__0001646972-26-000032__Item_3.txt
ACI,Item_4,77,data\03_sections\ACI__10-K__0001646972-26-000032__Item_4.txt
ACI,Item_5,3274,data\03_sections\ACI__10-K__0001646972-26-000032__Item_5.txt
ACI,Item_6,40,data\03_sections\ACI__10-K__0001646972-26-000032__Item_6.txt
ACI,Item_7,44256,data\03_sections\ACI__10-K__0001646972-26-000032__Item_7.txt
ACI,Item_7A,2368,data\03_sections\ACI__10-K__0001646972-26-000032__Item_7A.txt
ACI,Item_8,124761,data\03_sections\ACI__10-K__0001646972-26-000032__Item_8.txt
ACI,Item_9,109,data\03_sections\ACI__10-K__0001646972-26-000032__Item_9.txt
ACI,Item_9A,3080,data\03_sections\ACI__10-K__0001646972-26-000032__Item_9A.txt
ACI,Item_9B,534,data\03_sections\ACI__10-K__0001646972-26-000032__Item_9B.txt
ACI,Item_9C,123,data\03_sections\ACI__10-K__0001646972-26-000032__Item_9C.txt
ACI,Item_10,1090,data\03_sections\ACI__10-K__0001646972-26-000032__Item_10.txt
ACI,Item_11,444,data\03_sections\ACI__10-K__0001646972-26-000032__Item_11.txt
ACI,Item_12,457,data\03_sections\ACI__10-K__0001646972-26-000032__Item_12.txt
ACI,Item_13,414,data\03_sections\ACI__10-K__0001646972-26-000032__Item_13.txt
ACI,Item_14,425,data\03_sections\ACI__10-K__0001646972-26-000032__Item_14.txt
ACI,Item_15,361,data\03_sections\ACI__10-K__0001646972-26-000032__Item_15.txt
ACI,Item_16,55,data\03_sections\ACI__10-K__0001646972-26-000032__Item_16.txt
ACI,Signatures,504,data\03_sections\ACI__10-K__0001646972-26-000032__Signatures.txt
AN,HEADER,344207,data\03_sections\AN__10-K__0000350698-24-000021__HEADER.txt
AN,Signatures,1084,data\03_sections\AN__10-K__0000350698-24-000021__Signatures.txt
AN,FULL_DOCUMENT_FALLBACK,345292,data\03_sections\AN__10-K__0000350698-24-000021__FULL_DOCUMENT_FALLBACK.txt
AN,HEADER,361157,data\03_sections\AN__10-K__0000350698-25-000029__HEADER.txt
AN,Signatures,1085,data\03_sections\AN__10-K__0000350698-25-000029__Signatures.txt
AN,FULL_DOCUMENT_FALLBACK,362243,data\03_sections\AN__10-K__0000350698-25-000029__FULL_DOCUMENT_FALLBACK.txt
AN,HEADER,366609,data\03_sections\AN__10-K__0001628280-26-007800__HEADER.txt
AN,Signatures,1085,data\03_sections\AN__10-K__0001628280-26-007800__Signatures.txt
AN,FULL_DOCUMENT_FALLBACK,367695,data\03_sections\AN__10-K__0001628280-26-007800__FULL_DOCUMENT_FALLBACK.txt
APC,HEADER,372310,data\03_sections\APC__10-K__0001193125-26-131747__HEADER.txt
APC,Signatures,145391,data\03_sections\APC__10-K__0001193125-26-131747__Signatures.txt
APC,FULL_DOCUMENT_FALLBACK,517703,data\03_sections\APC__10-K__0001193125-26-131747__FULL_DOCUMENT_FALLBACK.txt
ARHS,HEADER,27145,data\03_sections\ARHS__10-K__0001875444-24-000024__HEADER.txt
ARHS,Item_1A,142206,data\03_sections\ARHS__10-K__0001875444-24-000024__Item_1A.txt
ARHS,Item_1,35755,data\03_sections\ARHS__10-K__0001875444-24-000024__Item_1.txt
ARHS,Item_9A,12232,data\03_sections\ARHS__10-K__0001875444-24-000024__Item_9A.txt
ARHS,Item_1B,41,data\03_sections\ARHS__10-K__0001875444-24-000024__Item_1B.txt
ARHS,Item_1C,5725,data\03_sections\ARHS__10-K__0001875444-24-000024__Item_1C.txt
ARHS,Item_2,631,data\03_sections\ARHS__10-K__0001875444-24-000024__Item_2.txt
ARHS,Item_3,1227,data\03_sections\ARHS__10-K__0001875444-24-000024__Item_3.txt
ARHS,Item_4,59,data\03_sections\ARHS__10-K__0001875444-24-000024__Item_4.txt
ARHS,Item_5,3461,data\03_sections\ARHS__10-K__0001875444-24-000024__Item_5.txt
ARHS,Item_6,22,data\03_sections\ARHS__10-K__0001875444-24-000024__Item_6.txt
ARHS,Item_7,33342,data\03_sections\ARHS__10-K__0001875444-24-000024__Item_7.txt
ARHS,Item_7A,2033,data\03_sections\ARHS__10-K__0001875444-24-000024__Item_7A.txt
ARHS,Item_8,102329,data\03_sections\ARHS__10-K__0001875444-24-000024__Item_8.txt
ARHS,Item_9,99,data\03_sections\ARHS__10-K__0001875444-24-000024__Item_9.txt
ARHS,Item_9B,33,data\03_sections\ARHS__10-K__0001875444-24-000024__Item_9B.txt
ARHS,Item_9C,95,data\03_sections\ARHS__10-K__0001875444-24-000024__Item_9C.txt
ARHS,Item_10,927,data\03_sections\ARHS__10-K__0001875444-24-000024__Item_10.txt
ARHS,Item_11,244,data\03_sections\ARHS__10-K__0001875444-24-000024__Item_11.txt
ARHS,Item_12,316,data\03_sections\ARHS__10-K__0001875444-24-000024__Item_12.txt
ARHS,Item_13,295,data\03_sections\ARHS__10-K__0001875444-24-000024__Item_13.txt
ARHS,Item_14,272,data\03_sections\ARHS__10-K__0001875444-24-000024__Item_14.txt
ARHS,Item_15,1909,data\03_sections\ARHS__10-K__0001875444-24-000024__Item_15.txt
ARHS,Item_16,37,data\03_sections\ARHS__10-K__0001875444-24-000024__Item_16.txt
ARHS,Signatures,1566,data\03_sections\ARHS__10-K__0001875444-24-000024__Signatures.txt
ARHS,HEADER,21548,data\03_sections\ARHS__10-K__0001875444-25-000021__HEADER.txt
ARHS,Item_1A,140928,data\03_sections\ARHS__10-K__0001875444-25-000021__Item_1A.txt
ARHS,Item_1,35147,data\03_sections\ARHS__10-K__0001875444-25-000021__Item_1.txt
ARHS,Item_1B,41,data\03_sections\ARHS__10-K__0001875444-25-000021__Item_1B.txt
ARHS,Item_1C,5733,data\03_sections\ARHS__10-K__0001875444-25-000021__Item_1C.txt
ARHS,Item_2,651,data\03_sections\ARHS__10-K__0001875444-25-000021__Item_2.txt
ARHS,Item_3,1215,data\03_sections\ARHS__10-K__0001875444-25-000021__Item_3.txt
ARHS,Item_4,59,data\03_sections\ARHS__10-K__0001875444-25-000021__Item_4.txt
ARHS,Item_5,3362,data\03_sections\ARHS__10-K__0001875444-25-000021__Item_5.txt
ARHS,Item_6,22,data\03_sections\ARHS__10-K__0001875444-25-000021__Item_6.txt
ARHS,Item_7,33761,data\03_sections\ARHS__10-K__0001875444-25-000021__Item_7.txt
ARHS,Item_7A,2310,data\03_sections\ARHS__10-K__0001875444-25-000021__Item_7A.txt
ARHS,Item_8,80092,data\03_sections\ARHS__10-K__0001875444-25-000021__Item_8.txt
ARHS,Item_9,99,data\03_sections\ARHS__10-K__0001875444-25-000021__Item_9.txt
ARHS,Item_9A,16849,data\03_sections\ARHS__10-K__0001875444-25-000021__Item_9A.txt
ARHS,Item_9B,34,data\03_sections\ARHS__10-K__0001875444-25-000021__Item_9B.txt
ARHS,Item_9C,95,data\03_sections\ARHS__10-K__0001875444-25-000021__Item_9C.txt
ARHS,Item_10,908,data\03_sections\ARHS__10-K__0001875444-25-000021__Item_10.txt
ARHS,Item_11,244,data\03_sections\ARHS__10-K__0001875444-25-000021__Item_11.txt
ARHS,Item_12,316,data\03_sections\ARHS__10-K__0001875444-25-000021__Item_12.txt
ARHS,Item_13,295,data\03_sections\ARHS__10-K__0001875444-25-000021__Item_13.txt
ARHS,Item_14,271,data\03_sections\ARHS__10-K__0001875444-25-000021__Item_14.txt
ARHS,Item_15,1882,data\03_sections\ARHS__10-K__0001875444-25-000021__Item_15.txt
ARHS,Item_16,36,data\03_sections\ARHS__10-K__0001875444-25-000021__Item_16.txt
ARHS,Signatures,1563,data\03_sections\ARHS__10-K__0001875444-25-000021__Signatures.txt
ARHS,HEADER,22967,data\03_sections\ARHS__10-K__0001875444-26-000010__HEADER.txt
ARHS,Item_1A,142810,data\03_sections\ARHS__10-K__0001875444-26-000010__Item_1A.txt
ARHS,Item_1,34158,data\03_sections\ARHS__10-K__0001875444-26-000010__Item_1.txt
ARHS,Item_1B,41,data\03_sections\ARHS__10-K__0001875444-26-000010__Item_1B.txt
ARHS,Item_1C,6016,data\03_sections\ARHS__10-K__0001875444-26-000010__Item_1C.txt
ARHS,Item_2,648,data\03_sections\ARHS__10-K__0001875444-26-000010__Item_2.txt
ARHS,Item_3,1215,data\03_sections\ARHS__10-K__0001875444-26-000010__Item_3.txt
ARHS,Item_4,77,data\03_sections\ARHS__10-K__0001875444-26-000010__Item_4.txt
ARHS,Item_5,3655,data\03_sections\ARHS__10-K__0001875444-26-000010__Item_5.txt
ARHS,Item_6,40,data\03_sections\ARHS__10-K__0001875444-26-000010__Item_6.txt
ARHS,Item_7,37748,data\03_sections\ARHS__10-K__0001875444-26-000010__Item_7.txt
ARHS,Item_7A,2560,data\03_sections\ARHS__10-K__0001875444-26-000010__Item_7A.txt
ARHS,Item_8,82335,data\03_sections\ARHS__10-K__0001875444-26-000010__Item_8.txt
ARHS,Item_9,99,data\03_sections\ARHS__10-K__0001875444-26-000010__Item_9.txt
ARHS,Item_9A,15880,data\03_sections\ARHS__10-K__0001875444-26-000010__Item_9A.txt
ARHS,Item_9B,1181,data\03_sections\ARHS__10-K__0001875444-26-000010__Item_9B.txt
ARHS,Item_9C,115,data\03_sections\ARHS__10-K__0001875444-26-000010__Item_9C.txt
ARHS,Item_10,870,data\03_sections\ARHS__10-K__0001875444-26-000010__Item_10.txt
ARHS,Item_11,244,data\03_sections\ARHS__10-K__0001875444-26-000010__Item_11.txt
ARHS,Item_12,316,data\03_sections\ARHS__10-K__0001875444-26-000010__Item_12.txt
ARHS,Item_13,295,data\03_sections\ARHS__10-K__0001875444-26-000010__Item_13.txt
ARHS,Item_14,291,data\03_sections\ARHS__10-K__0001875444-26-000010__Item_14.txt
ARHS,Item_15,1862,data\03_sections\ARHS__10-K__0001875444-26-000010__Item_15.txt
ARHS,Item_16,55,data\03_sections\ARHS__10-K__0001875444-26-000010__Item_16.txt
ARHS,Signatures,1595,data\03_sections\ARHS__10-K__0001875444-26-000010__Signatures.txt
ARKO,HEADER,85989,data\03_sections\ARKO__10-K__0000950170-24-021416__HEADER.txt
ARKO,Item_1A,68772,data\03_sections\ARKO__10-K__0000950170-24-021416__Item_1A.txt
ARKO,Item_1B,44,data\03_sections\ARKO__10-K__0000950170-24-021416__Item_1B.txt
ARKO,Item_1C,6829,data\03_sections\ARKO__10-K__0000950170-24-021416__Item_1C.txt
ARKO,Item_3,201,data\03_sections\ARKO__10-K__0000950170-24-021416__Item_3.txt
ARKO,Item_4,64,data\03_sections\ARKO__10-K__0000950170-24-021416__Item_4.txt
ARKO,Item_5,2256,data\03_sections\ARKO__10-K__0000950170-24-021416__Item_5.txt
ARKO,Item_7,64099,data\03_sections\ARKO__10-K__0000950170-24-021416__Item_7.txt
ARKO,Item_7A,3055,data\03_sections\ARKO__10-K__0000950170-24-021416__Item_7A.txt
ARKO,Item_8,75,data\03_sections\ARKO__10-K__0000950170-24-021416__Item_8.txt
ARKO,Item_9,101,data\03_sections\ARKO__10-K__0000950170-24-021416__Item_9.txt
ARKO,Item_9A,3773,data\03_sections\ARKO__10-K__0000950170-24-021416__Item_9A.txt
ARKO,Item_9B,655,data\03_sections\ARKO__10-K__0000950170-24-021416__Item_9B.txt
ARKO,Item_9C,1229,data\03_sections\ARKO__10-K__0000950170-24-021416__Item_9C.txt
ARKO,Item_11,199,data\03_sections\ARKO__10-K__0000950170-24-021416__Item_11.txt
ARKO,Item_12,271,data\03_sections\ARKO__10-K__0000950170-24-021416__Item_12.txt
ARKO,Item_13,249,data\03_sections\ARKO__10-K__0000950170-24-021416__Item_13.txt
ARKO,Item_14,229,data\03_sections\ARKO__10-K__0000950170-24-021416__Item_14.txt
ARKO,Item_15,1246,data\03_sections\ARKO__10-K__0000950170-24-021416__Item_15.txt
ARKO,Item_16,152417,data\03_sections\ARKO__10-K__0000950170-24-021416__Item_16.txt
ARKO,HEADER,84107,data\03_sections\ARKO__10-K__0000950170-25-027737__HEADER.txt
ARKO,Item_1A,61247,data\03_sections\ARKO__10-K__0000950170-25-027737__Item_1A.txt
ARKO,Item_1B,44,data\03_sections\ARKO__10-K__0000950170-25-027737__Item_1B.txt
ARKO,Item_1C,6923,data\03_sections\ARKO__10-K__0000950170-25-027737__Item_1C.txt
ARKO,Item_3,187,data\03_sections\ARKO__10-K__0000950170-25-027737__Item_3.txt
ARKO,Item_4,64,data\03_sections\ARKO__10-K__0000950170-25-027737__Item_4.txt
ARKO,Item_5,1657,data\03_sections\ARKO__10-K__0000950170-25-027737__Item_5.txt
ARKO,Item_7,67468,data\03_sections\ARKO__10-K__0000950170-25-027737__Item_7.txt
ARKO,Item_7A,3107,data\03_sections\ARKO__10-K__0000950170-25-027737__Item_7A.txt
ARKO,Item_8,75,data\03_sections\ARKO__10-K__0000950170-25-027737__Item_8.txt
ARKO,Item_9,101,data\03_sections\ARKO__10-K__0000950170-25-027737__Item_9.txt
ARKO,Item_9A,3807,data\03_sections\ARKO__10-K__0000950170-25-027737__Item_9A.txt
ARKO,Item_9B,409,data\03_sections\ARKO__10-K__0000950170-25-027737__Item_9B.txt
ARKO,Item_9C,1689,data\03_sections\ARKO__10-K__0000950170-25-027737__Item_9C.txt
ARKO,Item_11,199,data\03_sections\ARKO__10-K__0000950170-25-027737__Item_11.txt
ARKO,Item_12,271,data\03_sections\ARKO__10-K__0000950170-25-027737__Item_12.txt
ARKO,Item_13,249,data\03_sections\ARKO__10-K__0000950170-25-027737__Item_13.txt
ARKO,Item_14,229,data\03_sections\ARKO__10-K__0000950170-25-027737__Item_14.txt
ARKO,Item_15,1250,data\03_sections\ARKO__10-K__0000950170-25-027737__Item_15.txt
ARKO,Item_16,152427,data\03_sections\ARKO__10-K__0000950170-25-027737__Item_16.txt
ARKO,HEADER,91753,data\03_sections\ARKO__10-K__0001193125-26-071464__HEADER.txt
ARKO,Item_1A,80605,data\03_sections\ARKO__10-K__0001193125-26-071464__Item_1A.txt
ARKO,Item_1B,43,data\03_sections\ARKO__10-K__0001193125-26-071464__Item_1B.txt
ARKO,Item_1C,6253,data\03_sections\ARKO__10-K__0001193125-26-071464__Item_1C.txt
ARKO,Item_3,186,data\03_sections\ARKO__10-K__0001193125-26-071464__Item_3.txt
ARKO,Item_4,63,data\03_sections\ARKO__10-K__0001193125-26-071464__Item_4.txt
ARKO,Item_5,2199,data\03_sections\ARKO__10-K__0001193125-26-071464__Item_5.txt
ARKO,Item_7,69478,data\03_sections\ARKO__10-K__0001193125-26-071464__Item_7.txt
ARKO,Item_7A,3007,data\03_sections\ARKO__10-K__0001193125-26-071464__Item_7A.txt
ARKO,Item_8,75,data\03_sections\ARKO__10-K__0001193125-26-071464__Item_8.txt
ARKO,Item_9,100,data\03_sections\ARKO__10-K__0001193125-26-071464__Item_9.txt
ARKO,Item_9A,3799,data\03_sections\ARKO__10-K__0001193125-26-071464__Item_9A.txt
ARKO,Item_9B,408,data\03_sections\ARKO__10-K__0001193125-26-071464__Item_9B.txt
ARKO,Item_9C,1585,data\03_sections\ARKO__10-K__0001193125-26-071464__Item_9C.txt
ARKO,Item_11,198,data\03_sections\ARKO__10-K__0001193125-26-071464__Item_11.txt
ARKO,Item_12,270,data\03_sections\ARKO__10-K__0001193125-26-071464__Item_12.txt
ARKO,Item_13,248,data\03_sections\ARKO__10-K__0001193125-26-071464__Item_13.txt
ARKO,Item_14,227,data\03_sections\ARKO__10-K__0001193125-26-071464__Item_14.txt
ARKO,Item_15,1222,data\03_sections\ARKO__10-K__0001193125-26-071464__Item_15.txt
ARKO,Item_16,148386,data\03_sections\ARKO__10-K__0001193125-26-071464__Item_16.txt
ASO,HEADER,62356,data\03_sections\ASO__10-K__0001817358-24-000042__HEADER.txt
ASO,Item_1A,126997,data\03_sections\ASO__10-K__0001817358-24-000042__Item_1A.txt
ASO,Item_1B,44,data\03_sections\ASO__10-K__0001817358-24-000042__Item_1B.txt
ASO,Item_1C,7782,data\03_sections\ASO__10-K__0001817358-24-000042__Item_1C.txt
ASO,Item_2,1007,data\03_sections\ASO__10-K__0001817358-24-000042__Item_2.txt
ASO,Item_3,2728,data\03_sections\ASO__10-K__0001817358-24-000042__Item_3.txt
ASO,Item_4,59,data\03_sections\ASO__10-K__0001817358-24-000042__Item_4.txt
ASO,Item_5,3881,data\03_sections\ASO__10-K__0001817358-24-000042__Item_5.txt
ASO,Item_6,20,data\03_sections\ASO__10-K__0001817358-24-000042__Item_6.txt
ASO,Item_7,51958,data\03_sections\ASO__10-K__0001817358-24-000042__Item_7.txt
ASO,Item_7A,1486,data\03_sections\ASO__10-K__0001817358-24-000042__Item_7A.txt
ASO,Item_8,70,data\03_sections\ASO__10-K__0001817358-24-000042__Item_8.txt
ASO,Item_9,102,data\03_sections\ASO__10-K__0001817358-24-000042__Item_9.txt
ASO,Item_9A,9002,data\03_sections\ASO__10-K__0001817358-24-000042__Item_9A.txt
ASO,Item_9B,4118,data\03_sections\ASO__10-K__0001817358-24-000042__Item_9B.txt
ASO,Item_9C,92,data\03_sections\ASO__10-K__0001817358-24-000042__Item_9C.txt
ASO,Item_10,392,data\03_sections\ASO__10-K__0001817358-24-000042__Item_10.txt
ASO,Item_11,209,data\03_sections\ASO__10-K__0001817358-24-000042__Item_11.txt
ASO,Item_12,1329,data\03_sections\ASO__10-K__0001817358-24-000042__Item_12.txt
ASO,Item_13,257,data\03_sections\ASO__10-K__0001817358-24-000042__Item_13.txt
ASO,Item_14,233,data\03_sections\ASO__10-K__0001817358-24-000042__Item_14.txt
ASO,Item_15,93260,data\03_sections\ASO__10-K__0001817358-24-000042__Item_15.txt
ASO,Item_16,733,data\03_sections\ASO__10-K__0001817358-24-000042__Item_16.txt
ASO,Signatures,1004,data\03_sections\ASO__10-K__0001817358-24-000042__Signatures.txt
ASO,HEADER,57979,data\03_sections\ASO__10-K__0001817358-25-000027__HEADER.txt
ASO,Item_1A,125702,data\03_sections\ASO__10-K__0001817358-25-000027__Item_1A.txt
ASO,Item_1B,44,data\03_sections\ASO__10-K__0001817358-25-000027__Item_1B.txt
ASO,Item_1C,8231,data\03_sections\ASO__10-K__0001817358-25-000027__Item_1C.txt
ASO,Item_2,1107,data\03_sections\ASO__10-K__0001817358-25-000027__Item_2.txt
ASO,Item_3,209,data\03_sections\ASO__10-K__0001817358-25-000027__Item_3.txt
ASO,Item_4,59,data\03_sections\ASO__10-K__0001817358-25-000027__Item_4.txt
ASO,Item_5,4023,data\03_sections\ASO__10-K__0001817358-25-000027__Item_5.txt
ASO,Item_6,22,data\03_sections\ASO__10-K__0001817358-25-000027__Item_6.txt
ASO,Item_7,52505,data\03_sections\ASO__10-K__0001817358-25-000027__Item_7.txt
ASO,Item_7A,1296,data\03_sections\ASO__10-K__0001817358-25-000027__Item_7A.txt
ASO,Item_8,70,data\03_sections\ASO__10-K__0001817358-25-000027__Item_8.txt
ASO,Item_9,102,data\03_sections\ASO__10-K__0001817358-25-000027__Item_9.txt
ASO,Item_9A,8376,data\03_sections\ASO__10-K__0001817358-25-000027__Item_9A.txt
ASO,Item_9B,338,data\03_sections\ASO__10-K__0001817358-25-000027__Item_9B.txt
ASO,Item_9C,92,data\03_sections\ASO__10-K__0001817358-25-000027__Item_9C.txt
ASO,Item_10,829,data\03_sections\ASO__10-K__0001817358-25-000027__Item_10.txt
ASO,Item_11,209,data\03_sections\ASO__10-K__0001817358-25-000027__Item_11.txt
ASO,Item_12,1328,data\03_sections\ASO__10-K__0001817358-25-000027__Item_12.txt
ASO,Item_13,257,data\03_sections\ASO__10-K__0001817358-25-000027__Item_13.txt
ASO,Item_14,233,data\03_sections\ASO__10-K__0001817358-25-000027__Item_14.txt
ASO,Item_15,82306,data\03_sections\ASO__10-K__0001817358-25-000027__Item_15.txt
ASO,Item_16,733,data\03_sections\ASO__10-K__0001817358-25-000027__Item_16.txt
ASO,Signatures,978,data\03_sections\ASO__10-K__0001817358-25-000027__Signatures.txt
ASO,HEADER,54488,data\03_sections\ASO__10-K__0001817358-26-000031__HEADER.txt
ASO,Item_1A,124808,data\03_sections\ASO__10-K__0001817358-26-000031__Item_1A.txt
ASO,Item_1B,44,data\03_sections\ASO__10-K__0001817358-26-000031__Item_1B.txt
ASO,Item_1C,8277,data\03_sections\ASO__10-K__0001817358-26-000031__Item_1C.txt
ASO,Item_2,679,data\03_sections\ASO__10-K__0001817358-26-000031__Item_2.txt
ASO,Item_3,227,data\03_sections\ASO__10-K__0001817358-26-000031__Item_3.txt
ASO,Item_4,59,data\03_sections\ASO__10-K__0001817358-26-000031__Item_4.txt
ASO,Item_5,3761,data\03_sections\ASO__10-K__0001817358-26-000031__Item_5.txt
ASO,Item_6,22,data\03_sections\ASO__10-K__0001817358-26-000031__Item_6.txt
ASO,Item_7,51076,data\03_sections\ASO__10-K__0001817358-26-000031__Item_7.txt
ASO,Item_7A,1304,data\03_sections\ASO__10-K__0001817358-26-000031__Item_7A.txt
ASO,Item_8,70,data\03_sections\ASO__10-K__0001817358-26-000031__Item_8.txt
ASO,Item_9,102,data\03_sections\ASO__10-K__0001817358-26-000031__Item_9.txt
ASO,Item_9A,8345,data\03_sections\ASO__10-K__0001817358-26-000031__Item_9A.txt
ASO,Item_9B,338,data\03_sections\ASO__10-K__0001817358-26-000031__Item_9B.txt
ASO,Item_9C,92,data\03_sections\ASO__10-K__0001817358-26-000031__Item_9C.txt
ASO,Item_10,841,data\03_sections\ASO__10-K__0001817358-26-000031__Item_10.txt
ASO,Item_11,209,data\03_sections\ASO__10-K__0001817358-26-000031__Item_11.txt
ASO,Item_12,1332,data\03_sections\ASO__10-K__0001817358-26-000031__Item_12.txt
ASO,Item_13,257,data\03_sections\ASO__10-K__0001817358-26-000031__Item_13.txt
ASO,Item_14,233,data\03_sections\ASO__10-K__0001817358-26-000031__Item_14.txt
ASO,Item_15,82982,data\03_sections\ASO__10-K__0001817358-26-000031__Item_15.txt
ASO,Item_16,707,data\03_sections\ASO__10-K__0001817358-26-000031__Item_16.txt
ASO,Signatures,978,data\03_sections\ASO__10-K__0001817358-26-000031__Signatures.txt
ATER,HEADER,33504,data\03_sections\ATER__10-K__0001437749-24-008398__HEADER.txt
ATER,Item_1,10545,data\03_sections\ATER__10-K__0001437749-24-008398__Item_1.txt
ATER,Item_1A,64330,data\03_sections\ATER__10-K__0001437749-24-008398__Item_1A.txt
ATER,Item_1B,43,data\03_sections\ATER__10-K__0001437749-24-008398__Item_1B.txt
ATER,Item_1C,4417,data\03_sections\ATER__10-K__0001437749-24-008398__Item_1C.txt
ATER,Item_2,417,data\03_sections\ATER__10-K__0001437749-24-008398__Item_2.txt
ATER,Item_3,399,data\03_sections\ATER__10-K__0001437749-24-008398__Item_3.txt
ATER,Item_4,72,data\03_sections\ATER__10-K__0001437749-24-008398__Item_4.txt
ATER,Item_5,1849,data\03_sections\ATER__10-K__0001437749-24-008398__Item_5.txt
ATER,Item_6,42,data\03_sections\ATER__10-K__0001437749-24-008398__Item_6.txt
ATER,Item_7,554,data\03_sections\ATER__10-K__0001437749-24-008398__Item_7.txt
ATER,Item_7A,2984,data\03_sections\ATER__10-K__0001437749-24-008398__Item_7A.txt
ATER,Item_8,109968,data\03_sections\ATER__10-K__0001437749-24-008398__Item_8.txt
ATER,Item_9,101,data\03_sections\ATER__10-K__0001437749-24-008398__Item_9.txt
ATER,Item_9A,4338,data\03_sections\ATER__10-K__0001437749-24-008398__Item_9A.txt
ATER,Item_9C,130,data\03_sections\ATER__10-K__0001437749-24-008398__Item_9C.txt
ATER,Item_10,15630,data\03_sections\ATER__10-K__0001437749-24-008398__Item_10.txt
ATER,Item_11,9870,data\03_sections\ATER__10-K__0001437749-24-008398__Item_11.txt
ATER,Item_12,3064,data\03_sections\ATER__10-K__0001437749-24-008398__Item_12.txt
ATER,Item_13,2965,data\03_sections\ATER__10-K__0001437749-24-008398__Item_13.txt
ATER,Item_14,1733,data\03_sections\ATER__10-K__0001437749-24-008398__Item_14.txt
ATER,Item_15,705,data\03_sections\ATER__10-K__0001437749-24-008398__Item_15.txt
ATER,Item_16,60,data\03_sections\ATER__10-K__0001437749-24-008398__Item_16.txt
ATER,Signatures,1271,data\03_sections\ATER__10-K__0001437749-24-008398__Signatures.txt
ATER,HEADER,26148,data\03_sections\ATER__10-K__0001437749-25-009139__HEADER.txt
ATER,Item_1,12174,data\03_sections\ATER__10-K__0001437749-25-009139__Item_1.txt
ATER,Item_1A,46862,data\03_sections\ATER__10-K__0001437749-25-009139__Item_1A.txt
ATER,Item_1B,4450,data\03_sections\ATER__10-K__0001437749-25-009139__Item_1B.txt
ATER,Item_2,423,data\03_sections\ATER__10-K__0001437749-25-009139__Item_2.txt
ATER,Item_3,399,data\03_sections\ATER__10-K__0001437749-25-009139__Item_3.txt
ATER,Item_4,72,data\03_sections\ATER__10-K__0001437749-25-009139__Item_4.txt
ATER,Item_5,2977,data\03_sections\ATER__10-K__0001437749-25-009139__Item_5.txt
ATER,Item_6,42,data\03_sections\ATER__10-K__0001437749-25-009139__Item_6.txt
ATER,Item_7,554,data\03_sections\ATER__10-K__0001437749-25-009139__Item_7.txt
ATER,Item_7A,2983,data\03_sections\ATER__10-K__0001437749-25-009139__Item_7A.txt
ATER,Item_8,92868,data\03_sections\ATER__10-K__0001437749-25-009139__Item_8.txt
ATER,Item_9,101,data\03_sections\ATER__10-K__0001437749-25-009139__Item_9.txt
ATER,Item_9A,11306,data\03_sections\ATER__10-K__0001437749-25-009139__Item_9A.txt
ATER,Item_9C,130,data\03_sections\ATER__10-K__0001437749-25-009139__Item_9C.txt
ATER,Item_10,16381,data\03_sections\ATER__10-K__0001437749-25-009139__Item_10.txt
ATER,Item_11,10878,data\03_sections\ATER__10-K__0001437749-25-009139__Item_11.txt
ATER,Item_12,3076,data\03_sections\ATER__10-K__0001437749-25-009139__Item_12.txt
ATER,Item_13,3056,data\03_sections\ATER__10-K__0001437749-25-009139__Item_13.txt
ATER,Item_14,1996,data\03_sections\ATER__10-K__0001437749-25-009139__Item_14.txt
ATER,Item_15,751,data\03_sections\ATER__10-K__0001437749-25-009139__Item_15.txt
ATER,Item_16,58,data\03_sections\ATER__10-K__0001437749-25-009139__Item_16.txt
ATER,Signatures,1265,data\03_sections\ATER__10-K__0001437749-25-009139__Signatures.txt
ATER,HEADER,35018,data\03_sections\ATER__10-K__0001437749-26-009285__HEADER.txt
ATER,Item_1,12105,data\03_sections\ATER__10-K__0001437749-26-009285__Item_1.txt
ATER,Item_1A,43605,data\03_sections\ATER__10-K__0001437749-26-009285__Item_1A.txt
ATER,Item_1B,3931,data\03_sections\ATER__10-K__0001437749-26-009285__Item_1B.txt
ATER,Item_2,405,data\03_sections\ATER__10-K__0001437749-26-009285__Item_2.txt
ATER,Item_3,399,data\03_sections\ATER__10-K__0001437749-26-009285__Item_3.txt
ATER,Item_4,72,data\03_sections\ATER__10-K__0001437749-26-009285__Item_4.txt
ATER,Item_5,2986,data\03_sections\ATER__10-K__0001437749-26-009285__Item_5.txt
ATER,Item_6,40,data\03_sections\ATER__10-K__0001437749-26-009285__Item_6.txt
ATER,Item_7,554,data\03_sections\ATER__10-K__0001437749-26-009285__Item_7.txt
ATER,Item_7A,2970,data\03_sections\ATER__10-K__0001437749-26-009285__Item_7A.txt
ATER,Item_8,76208,data\03_sections\ATER__10-K__0001437749-26-009285__Item_8.txt
ATER,Item_9,101,data\03_sections\ATER__10-K__0001437749-26-009285__Item_9.txt
ATER,Item_9A,11331,data\03_sections\ATER__10-K__0001437749-26-009285__Item_9A.txt
ATER,Item_9C,21641,data\03_sections\ATER__10-K__0001437749-26-009285__Item_9C.txt
ATER,Item_12,2982,data\03_sections\ATER__10-K__0001437749-26-009285__Item_12.txt
ATER,Item_13,3049,data\03_sections\ATER__10-K__0001437749-26-009285__Item_13.txt
ATER,Item_14,2029,data\03_sections\ATER__10-K__0001437749-26-009285__Item_14.txt
ATER,Item_15,755,data\03_sections\ATER__10-K__0001437749-26-009285__Item_15.txt
ATER,Item_16,58,data\03_sections\ATER__10-K__0001437749-26-009285__Item_16.txt
ATER,Signatures,1265,data\03_sections\ATER__10-K__0001437749-26-009285__Signatures.txt
AZO,HEADER,24063,data\03_sections\AZO__10-K__0001104659-25-102611__HEADER.txt
AZO,Item_1,32134,data\03_sections\AZO__10-K__0001104659-25-102611__Item_1.txt
AZO,Item_1A,45549,data\03_sections\AZO__10-K__0001104659-25-102611__Item_1A.txt
AZO,Item_1B,63,data\03_sections\AZO__10-K__0001104659-25-102611__Item_1B.txt
AZO,Item_1C,4336,data\03_sections\AZO__10-K__0001104659-25-102611__Item_1C.txt
AZO,Item_2,967,data\03_sections\AZO__10-K__0001104659-25-102611__Item_2.txt
AZO,Item_3,808,data\03_sections\AZO__10-K__0001104659-25-102611__Item_3.txt
AZO,Item_4,78,data\03_sections\AZO__10-K__0001104659-25-102611__Item_4.txt
AZO,Item_5,2723,data\03_sections\AZO__10-K__0001104659-25-102611__Item_5.txt
AZO,Item_6,55,data\03_sections\AZO__10-K__0001104659-25-102611__Item_6.txt
AZO,Item_7,36946,data\03_sections\AZO__10-K__0001104659-25-102611__Item_7.txt
AZO,Item_7A,4900,data\03_sections\AZO__10-K__0001104659-25-102611__Item_7A.txt
AZO,Item_8,84062,data\03_sections\AZO__10-K__0001104659-25-102611__Item_8.txt
AZO,Item_9,111,data\03_sections\AZO__10-K__0001104659-25-102611__Item_9.txt
AZO,Item_9A,1890,data\03_sections\AZO__10-K__0001104659-25-102611__Item_9A.txt
AZO,Item_9B,436,data\03_sections\AZO__10-K__0001104659-25-102611__Item_9B.txt
AZO,Item_9C,570,data\03_sections\AZO__10-K__0001104659-25-102611__Item_9C.txt
AZO,Item_10,2184,data\03_sections\AZO__10-K__0001104659-25-102611__Item_10.txt
AZO,Item_11,271,data\03_sections\AZO__10-K__0001104659-25-102611__Item_11.txt
AZO,Item_12,440,data\03_sections\AZO__10-K__0001104659-25-102611__Item_12.txt
AZO,Item_13,387,data\03_sections\AZO__10-K__0001104659-25-102611__Item_13.txt
AZO,Item_14,335,data\03_sections\AZO__10-K__0001104659-25-102611__Item_14.txt
AZO,Item_15,921,data\03_sections\AZO__10-K__0001104659-25-102611__Item_15.txt
AZO,Item_16,57,data\03_sections\AZO__10-K__0001104659-25-102611__Item_16.txt
AZO,Signatures,502,data\03_sections\AZO__10-K__0001104659-25-102611__Signatures.txt
AZO,HEADER,23605,data\03_sections\AZO__10-K__0001558370-23-016668__HEADER.txt
AZO,Item_1,32161,data\03_sections\AZO__10-K__0001558370-23-016668__Item_1.txt
AZO,Item_1A,41641,data\03_sections\AZO__10-K__0001558370-23-016668__Item_1A.txt
AZO,Item_1B,41,data\03_sections\AZO__10-K__0001558370-23-016668__Item_1B.txt
AZO,Item_2,955,data\03_sections\AZO__10-K__0001558370-23-016668__Item_2.txt
AZO,Item_3,814,data\03_sections\AZO__10-K__0001558370-23-016668__Item_3.txt
AZO,Item_4,56,data\03_sections\AZO__10-K__0001558370-23-016668__Item_4.txt
AZO,Item_5,2921,data\03_sections\AZO__10-K__0001558370-23-016668__Item_5.txt
AZO,Item_6,55,data\03_sections\AZO__10-K__0001558370-23-016668__Item_6.txt
AZO,Item_7,40392,data\03_sections\AZO__10-K__0001558370-23-016668__Item_7.txt
AZO,Item_7A,4938,data\03_sections\AZO__10-K__0001558370-23-016668__Item_7A.txt
AZO,Item_8,79083,data\03_sections\AZO__10-K__0001558370-23-016668__Item_8.txt
AZO,Item_9,111,data\03_sections\AZO__10-K__0001558370-23-016668__Item_9.txt
AZO,Item_9A,1885,data\03_sections\AZO__10-K__0001558370-23-016668__Item_9A.txt
AZO,Item_9B,333,data\03_sections\AZO__10-K__0001558370-23-016668__Item_9B.txt
AZO,Item_9C,124,data\03_sections\AZO__10-K__0001558370-23-016668__Item_9C.txt
AZO,Item_10,923,data\03_sections\AZO__10-K__0001558370-23-016668__Item_10.txt
AZO,Item_11,230,data\03_sections\AZO__10-K__0001558370-23-016668__Item_11.txt
AZO,Item_12,418,data\03_sections\AZO__10-K__0001558370-23-016668__Item_12.txt
AZO,Item_13,334,data\03_sections\AZO__10-K__0001558370-23-016668__Item_13.txt
AZO,Item_14,330,data\03_sections\AZO__10-K__0001558370-23-016668__Item_14.txt
AZO,Item_15,871,data\03_sections\AZO__10-K__0001558370-23-016668__Item_15.txt
AZO,Item_16,57,data\03_sections\AZO__10-K__0001558370-23-016668__Item_16.txt
AZO,Signatures,502,data\03_sections\AZO__10-K__0001558370-23-016668__Signatures.txt
AZO,HEADER,25158,data\03_sections\AZO__10-K__0001558370-24-013758__HEADER.txt
AZO,Item_1,29999,data\03_sections\AZO__10-K__0001558370-24-013758__Item_1.txt
AZO,Item_1A,42605,data\03_sections\AZO__10-K__0001558370-24-013758__Item_1A.txt
AZO,Item_1B,41,data\03_sections\AZO__10-K__0001558370-24-013758__Item_1B.txt
AZO,Item_1C,4341,data\03_sections\AZO__10-K__0001558370-24-013758__Item_1C.txt
AZO,Item_2,967,data\03_sections\AZO__10-K__0001558370-24-013758__Item_2.txt
AZO,Item_3,808,data\03_sections\AZO__10-K__0001558370-24-013758__Item_3.txt
AZO,Item_4,78,data\03_sections\AZO__10-K__0001558370-24-013758__Item_4.txt
AZO,Item_5,2840,data\03_sections\AZO__10-K__0001558370-24-013758__Item_5.txt
AZO,Item_6,55,data\03_sections\AZO__10-K__0001558370-24-013758__Item_6.txt
AZO,Item_7,37340,data\03_sections\AZO__10-K__0001558370-24-013758__Item_7.txt
AZO,Item_7A,4920,data\03_sections\AZO__10-K__0001558370-24-013758__Item_7A.txt
AZO,Item_8,83422,data\03_sections\AZO__10-K__0001558370-24-013758__Item_8.txt
AZO,Item_9,133,data\03_sections\AZO__10-K__0001558370-24-013758__Item_9.txt
AZO,Item_9A,1885,data\03_sections\AZO__10-K__0001558370-24-013758__Item_9A.txt
AZO,Item_9B,333,data\03_sections\AZO__10-K__0001558370-24-013758__Item_9B.txt
AZO,Item_9C,570,data\03_sections\AZO__10-K__0001558370-24-013758__Item_9C.txt
AZO,Item_10,2198,data\03_sections\AZO__10-K__0001558370-24-013758__Item_10.txt
AZO,Item_11,259,data\03_sections\AZO__10-K__0001558370-24-013758__Item_11.txt
AZO,Item_12,447,data\03_sections\AZO__10-K__0001558370-24-013758__Item_12.txt
AZO,Item_13,386,data\03_sections\AZO__10-K__0001558370-24-013758__Item_13.txt
AZO,Item_14,359,data\03_sections\AZO__10-K__0001558370-24-013758__Item_14.txt
AZO,Item_15,916,data\03_sections\AZO__10-K__0001558370-24-013758__Item_15.txt
AZO,Item_16,57,data\03_sections\AZO__10-K__0001558370-24-013758__Item_16.txt
AZO,Signatures,502,data\03_sections\AZO__10-K__0001558370-24-013758__Signatures.txt
BARK,HEADER,20399,data\03_sections\BARK__10-K__0001628280-26-042242__HEADER.txt
BARK,Item_1,20833,data\03_sections\BARK__10-K__0001628280-26-042242__Item_1.txt
BARK,Item_1A,74210,data\03_sections\BARK__10-K__0001628280-26-042242__Item_1A.txt
BARK,Item_1B,41,data\03_sections\BARK__10-K__0001628280-26-042242__Item_1B.txt
BARK,Item_1C,5785,data\03_sections\BARK__10-K__0001628280-26-042242__Item_1C.txt
BARK,Item_2,607,data\03_sections\BARK__10-K__0001628280-26-042242__Item_2.txt
BARK,Item_3,254,data\03_sections\BARK__10-K__0001628280-26-042242__Item_3.txt
BARK,Item_4,78,data\03_sections\BARK__10-K__0001628280-26-042242__Item_4.txt
BARK,Item_5,2683,data\03_sections\BARK__10-K__0001628280-26-042242__Item_5.txt
BARK,Item_6,56,data\03_sections\BARK__10-K__0001628280-26-042242__Item_6.txt
BARK,Item_7,47753,data\03_sections\BARK__10-K__0001628280-26-042242__Item_7.txt
BARK,Item_7A,2090,data\03_sections\BARK__10-K__0001628280-26-042242__Item_7A.txt
BARK,Item_8,97089,data\03_sections\BARK__10-K__0001628280-26-042242__Item_8.txt
BARK,Item_9,99,data\03_sections\BARK__10-K__0001628280-26-042242__Item_9.txt
BARK,Item_9A,1761,data\03_sections\BARK__10-K__0001628280-26-042242__Item_9A.txt
BARK,Item_9B,422,data\03_sections\BARK__10-K__0001628280-26-042242__Item_9B.txt
BARK,Item_9C,103,data\03_sections\BARK__10-K__0001628280-26-042242__Item_9C.txt
BARK,Item_10,1487,data\03_sections\BARK__10-K__0001628280-26-042242__Item_10.txt
BARK,Item_11,223,data\03_sections\BARK__10-K__0001628280-26-042242__Item_11.txt
BARK,Item_12,295,data\03_sections\BARK__10-K__0001628280-26-042242__Item_12.txt
BARK,Item_13,274,data\03_sections\BARK__10-K__0001628280-26-042242__Item_13.txt
BARK,Item_14,262,data\03_sections\BARK__10-K__0001628280-26-042242__Item_14.txt
BARK,Item_15,743,data\03_sections\BARK__10-K__0001628280-26-042242__Item_15.txt
BARK,Item_16,54,data\03_sections\BARK__10-K__0001628280-26-042242__Item_16.txt
BARK,Signatures,1423,data\03_sections\BARK__10-K__0001628280-26-042242__Signatures.txt
BARK,HEADER,23551,data\03_sections\BARK__10-K__0001819574-24-000025__HEADER.txt
BARK,Item_1,24115,data\03_sections\BARK__10-K__0001819574-24-000025__Item_1.txt
BARK,Item_1A,75624,data\03_sections\BARK__10-K__0001819574-24-000025__Item_1A.txt
BARK,Item_1B,41,data\03_sections\BARK__10-K__0001819574-24-000025__Item_1B.txt
BARK,Item_1C,5807,data\03_sections\BARK__10-K__0001819574-24-000025__Item_1C.txt
BARK,Item_2,583,data\03_sections\BARK__10-K__0001819574-24-000025__Item_2.txt
BARK,Item_3,1564,data\03_sections\BARK__10-K__0001819574-24-000025__Item_3.txt
BARK,Item_4,78,data\03_sections\BARK__10-K__0001819574-24-000025__Item_4.txt
BARK,Item_5,3062,data\03_sections\BARK__10-K__0001819574-24-000025__Item_5.txt
BARK,Item_6,56,data\03_sections\BARK__10-K__0001819574-24-000025__Item_6.txt
BARK,Item_7,50884,data\03_sections\BARK__10-K__0001819574-24-000025__Item_7.txt
BARK,Item_7A,2090,data\03_sections\BARK__10-K__0001819574-24-000025__Item_7A.txt
BARK,Item_8,85823,data\03_sections\BARK__10-K__0001819574-24-000025__Item_8.txt
BARK,Item_9,121,data\03_sections\BARK__10-K__0001819574-24-000025__Item_9.txt
BARK,Item_9A,1762,data\03_sections\BARK__10-K__0001819574-24-000025__Item_9A.txt
BARK,Item_9B,422,data\03_sections\BARK__10-K__0001819574-24-000025__Item_9B.txt
BARK,Item_9C,103,data\03_sections\BARK__10-K__0001819574-24-000025__Item_9C.txt
BARK,Item_10,980,data\03_sections\BARK__10-K__0001819574-24-000025__Item_10.txt
BARK,Item_11,244,data\03_sections\BARK__10-K__0001819574-24-000025__Item_11.txt
BARK,Item_12,295,data\03_sections\BARK__10-K__0001819574-24-000025__Item_12.txt
BARK,Item_13,274,data\03_sections\BARK__10-K__0001819574-24-000025__Item_13.txt
BARK,Item_14,264,data\03_sections\BARK__10-K__0001819574-24-000025__Item_14.txt
BARK,Item_15,783,data\03_sections\BARK__10-K__0001819574-24-000025__Item_15.txt
BARK,Item_16,54,data\03_sections\BARK__10-K__0001819574-24-000025__Item_16.txt
BARK,Signatures,1423,data\03_sections\BARK__10-K__0001819574-24-000025__Signatures.txt
BARK,HEADER,23657,data\03_sections\BARK__10-K__0001819574-25-000024__HEADER.txt
BARK,Item_1,27095,data\03_sections\BARK__10-K__0001819574-25-000024__Item_1.txt
BARK,Item_1A,74214,data\03_sections\BARK__10-K__0001819574-25-000024__Item_1A.txt
BARK,Item_1B,41,data\03_sections\BARK__10-K__0001819574-25-000024__Item_1B.txt
BARK,Item_1C,5878,data\03_sections\BARK__10-K__0001819574-25-000024__Item_1C.txt
BARK,Item_2,606,data\03_sections\BARK__10-K__0001819574-25-000024__Item_2.txt
BARK,Item_3,1586,data\03_sections\BARK__10-K__0001819574-25-000024__Item_3.txt
BARK,Item_4,78,data\03_sections\BARK__10-K__0001819574-25-000024__Item_4.txt
BARK,Item_5,3928,data\03_sections\BARK__10-K__0001819574-25-000024__Item_5.txt
BARK,Item_6,56,data\03_sections\BARK__10-K__0001819574-25-000024__Item_6.txt
BARK,Item_7,51038,data\03_sections\BARK__10-K__0001819574-25-000024__Item_7.txt
BARK,Item_7A,2090,data\03_sections\BARK__10-K__0001819574-25-000024__Item_7A.txt
BARK,Item_8,87973,data\03_sections\BARK__10-K__0001819574-25-000024__Item_8.txt
BARK,Item_9,121,data\03_sections\BARK__10-K__0001819574-25-000024__Item_9.txt
BARK,Item_9A,1762,data\03_sections\BARK__10-K__0001819574-25-000024__Item_9A.txt
BARK,Item_9B,422,data\03_sections\BARK__10-K__0001819574-25-000024__Item_9B.txt
BARK,Item_9C,103,data\03_sections\BARK__10-K__0001819574-25-000024__Item_9C.txt
BARK,Item_10,1514,data\03_sections\BARK__10-K__0001819574-25-000024__Item_10.txt
BARK,Item_11,244,data\03_sections\BARK__10-K__0001819574-25-000024__Item_11.txt
BARK,Item_12,295,data\03_sections\BARK__10-K__0001819574-25-000024__Item_12.txt
BARK,Item_13,274,data\03_sections\BARK__10-K__0001819574-25-000024__Item_13.txt
BARK,Item_14,264,data\03_sections\BARK__10-K__0001819574-25-000024__Item_14.txt
BARK,Item_15,783,data\03_sections\BARK__10-K__0001819574-25-000024__Item_15.txt
BARK,Item_16,54,data\03_sections\BARK__10-K__0001819574-25-000024__Item_16.txt
BARK,Signatures,1423,data\03_sections\BARK__10-K__0001819574-25-000024__Signatures.txt
BBBY,HEADER,33927,data\03_sections\BBBY__10-K__0001130713-24-000013__HEADER.txt
BBBY,Item_1,31913,data\03_sections\BBBY__10-K__0001130713-24-000013__Item_1.txt
BBBY,Item_1A,53677,data\03_sections\BBBY__10-K__0001130713-24-000013__Item_1A.txt
BBBY,Item_1B,41,data\03_sections\BBBY__10-K__0001130713-24-000013__Item_1B.txt
BBBY,Item_1C,4685,data\03_sections\BBBY__10-K__0001130713-24-000013__Item_1C.txt
BBBY,Item_2,435,data\03_sections\BBBY__10-K__0001130713-24-000013__Item_2.txt
BBBY,Item_3,1390,data\03_sections\BBBY__10-K__0001130713-24-000013__Item_3.txt
BBBY,Item_4,59,data\03_sections\BBBY__10-K__0001130713-24-000013__Item_4.txt
BBBY,Item_5,4873,data\03_sections\BBBY__10-K__0001130713-24-000013__Item_5.txt
BBBY,Item_7,25537,data\03_sections\BBBY__10-K__0001130713-24-000013__Item_7.txt
BBBY,Item_7A,3153,data\03_sections\BBBY__10-K__0001130713-24-000013__Item_7A.txt
BBBY,Item_8,88469,data\03_sections\BBBY__10-K__0001130713-24-000013__Item_8.txt
BBBY,Item_9,99,data\03_sections\BBBY__10-K__0001130713-24-000013__Item_9.txt
BBBY,Item_9A,10116,data\03_sections\BBBY__10-K__0001130713-24-000013__Item_9A.txt
BBBY,Item_9B,589,data\03_sections\BBBY__10-K__0001130713-24-000013__Item_9B.txt
BBBY,Item_9C,105,data\03_sections\BBBY__10-K__0001130713-24-000013__Item_9C.txt
BBBY,Item_10,1477,data\03_sections\BBBY__10-K__0001130713-24-000013__Item_10.txt
BBBY,Item_11,178,data\03_sections\BBBY__10-K__0001130713-24-000013__Item_11.txt
BBBY,Item_12,250,data\03_sections\BBBY__10-K__0001130713-24-000013__Item_12.txt
BBBY,Item_13,229,data\03_sections\BBBY__10-K__0001130713-24-000013__Item_13.txt
BBBY,Item_14,315,data\03_sections\BBBY__10-K__0001130713-24-000013__Item_14.txt
BBBY,Item_15,1192,data\03_sections\BBBY__10-K__0001130713-24-000013__Item_15.txt
BBBY,Item_16,46,data\03_sections\BBBY__10-K__0001130713-24-000013__Item_16.txt
BBBY,Signatures,1162,data\03_sections\BBBY__10-K__0001130713-24-000013__Signatures.txt
BBBY,HEADER,31385,data\03_sections\BBBY__10-K__0001130713-25-000024__HEADER.txt
BBBY,Item_1,28738,data\03_sections\BBBY__10-K__0001130713-25-000024__Item_1.txt
BBBY,Item_1A,83235,data\03_sections\BBBY__10-K__0001130713-25-000024__Item_1A.txt
BBBY,Item_1B,41,data\03_sections\BBBY__10-K__0001130713-25-000024__Item_1B.txt
BBBY,Item_1C,5177,data\03_sections\BBBY__10-K__0001130713-25-000024__Item_1C.txt
BBBY,Item_2,1130,data\03_sections\BBBY__10-K__0001130713-25-000024__Item_2.txt
BBBY,Item_3,1421,data\03_sections\BBBY__10-K__0001130713-25-000024__Item_3.txt
BBBY,Item_4,59,data\03_sections\BBBY__10-K__0001130713-25-000024__Item_4.txt
BBBY,Item_5,4356,data\03_sections\BBBY__10-K__0001130713-25-000024__Item_5.txt
BBBY,Item_7,33185,data\03_sections\BBBY__10-K__0001130713-25-000024__Item_7.txt
BBBY,Item_7A,3094,data\03_sections\BBBY__10-K__0001130713-25-000024__Item_7A.txt
BBBY,Item_8,93016,data\03_sections\BBBY__10-K__0001130713-25-000024__Item_8.txt
BBBY,Item_9,99,data\03_sections\BBBY__10-K__0001130713-25-000024__Item_9.txt
BBBY,Item_9A,7155,data\03_sections\BBBY__10-K__0001130713-25-000024__Item_9A.txt
BBBY,Item_9B,1007,data\03_sections\BBBY__10-K__0001130713-25-000024__Item_9B.txt
BBBY,Item_9C,105,data\03_sections\BBBY__10-K__0001130713-25-000024__Item_9C.txt
BBBY,Item_10,1323,data\03_sections\BBBY__10-K__0001130713-25-000024__Item_10.txt
BBBY,Item_11,335,data\03_sections\BBBY__10-K__0001130713-25-000024__Item_11.txt
BBBY,Item_12,407,data\03_sections\BBBY__10-K__0001130713-25-000024__Item_12.txt
BBBY,Item_13,386,data\03_sections\BBBY__10-K__0001130713-25-000024__Item_13.txt
BBBY,Item_14,482,data\03_sections\BBBY__10-K__0001130713-25-000024__Item_14.txt
BBBY,Item_15,1192,data\03_sections\BBBY__10-K__0001130713-25-000024__Item_15.txt
BBBY,Item_16,46,data\03_sections\BBBY__10-K__0001130713-25-000024__Item_16.txt
BBBY,Signatures,1125,data\03_sections\BBBY__10-K__0001130713-25-000024__Signatures.txt
BBBY,HEADER,32211,data\03_sections\BBBY__10-K__0001130713-26-000018__HEADER.txt
BBBY,Item_1,28391,data\03_sections\BBBY__10-K__0001130713-26-000018__Item_1.txt
BBBY,Item_1A,128704,data\03_sections\BBBY__10-K__0001130713-26-000018__Item_1A.txt
BBBY,Item_1B,41,data\03_sections\BBBY__10-K__0001130713-26-000018__Item_1B.txt
BBBY,Item_1C,4864,data\03_sections\BBBY__10-K__0001130713-26-000018__Item_1C.txt
BBBY,Item_2,265,data\03_sections\BBBY__10-K__0001130713-26-000018__Item_2.txt
BBBY,Item_3,1421,data\03_sections\BBBY__10-K__0001130713-26-000018__Item_3.txt
BBBY,Item_4,59,data\03_sections\BBBY__10-K__0001130713-26-000018__Item_4.txt
BBBY,Item_5,913,data\03_sections\BBBY__10-K__0001130713-26-000018__Item_5.txt
BBBY,Item_7,45162,data\03_sections\BBBY__10-K__0001130713-26-000018__Item_7.txt
BBBY,Item_7A,4053,data\03_sections\BBBY__10-K__0001130713-26-000018__Item_7A.txt
BBBY,Item_8,104529,data\03_sections\BBBY__10-K__0001130713-26-000018__Item_8.txt
BBBY,Item_9,99,data\03_sections\BBBY__10-K__0001130713-26-000018__Item_9.txt
BBBY,Item_9A,7179,data\03_sections\BBBY__10-K__0001130713-26-000018__Item_9A.txt
BBBY,Item_9B,96,data\03_sections\BBBY__10-K__0001130713-26-000018__Item_9B.txt
BBBY,Item_9C,106,data\03_sections\BBBY__10-K__0001130713-26-000018__Item_9C.txt
BBBY,Item_10,1339,data\03_sections\BBBY__10-K__0001130713-26-000018__Item_10.txt
BBBY,Item_11,340,data\03_sections\BBBY__10-K__0001130713-26-000018__Item_11.txt
BBBY,Item_12,412,data\03_sections\BBBY__10-K__0001130713-26-000018__Item_12.txt
BBBY,Item_13,391,data\03_sections\BBBY__10-K__0001130713-26-000018__Item_13.txt
BBBY,Item_14,488,data\03_sections\BBBY__10-K__0001130713-26-000018__Item_14.txt
BBBY,Item_15,1219,data\03_sections\BBBY__10-K__0001130713-26-000018__Item_15.txt
BBBY,Item_16,47,data\03_sections\BBBY__10-K__0001130713-26-000018__Item_16.txt
BBBY,Signatures,1127,data\03_sections\BBBY__10-K__0001130713-26-000018__Signatures.txt
BBWI,HEADER,18902,data\03_sections\BBWI__10-K__0000701985-24-000010__HEADER.txt
BBWI,Item_1,26617,data\03_sections\BBWI__10-K__0000701985-24-000010__Item_1.txt
BBWI,Item_1A,83283,data\03_sections\BBWI__10-K__0000701985-24-000010__Item_1A.txt
BBWI,Item_1B,42,data\03_sections\BBWI__10-K__0000701985-24-000010__Item_1B.txt
BBWI,Item_1C,9200,data\03_sections\BBWI__10-K__0000701985-24-000010__Item_1C.txt
BBWI,Item_2,1595,data\03_sections\BBWI__10-K__0000701985-24-000010__Item_2.txt
BBWI,Item_3,1761,data\03_sections\BBWI__10-K__0000701985-24-000010__Item_3.txt
BBWI,Item_4,78,data\03_sections\BBWI__10-K__0000701985-24-000010__Item_4.txt
BBWI,Item_5,2396,data\03_sections\BBWI__10-K__0000701985-24-000010__Item_5.txt
BBWI,Item_6,18,data\03_sections\BBWI__10-K__0000701985-24-000010__Item_6.txt
BBWI,Item_7,45620,data\03_sections\BBWI__10-K__0000701985-24-000010__Item_7.txt
BBWI,Item_7A,3946,data\03_sections\BBWI__10-K__0000701985-24-000010__Item_7A.txt
BBWI,Item_8,68252,data\03_sections\BBWI__10-K__0000701985-24-000010__Item_8.txt
BBWI,Item_9,100,data\03_sections\BBWI__10-K__0000701985-24-000010__Item_9.txt
BBWI,Item_9A,1863,data\03_sections\BBWI__10-K__0000701985-24-000010__Item_9A.txt
BBWI,Item_9B,330,data\03_sections\BBWI__10-K__0000701985-24-000010__Item_9B.txt
BBWI,Item_9C,114,data\03_sections\BBWI__10-K__0000701985-24-000010__Item_9C.txt
BBWI,Item_10,1510,data\03_sections\BBWI__10-K__0000701985-24-000010__Item_10.txt
BBWI,Item_11,225,data\03_sections\BBWI__10-K__0000701985-24-000010__Item_11.txt
BBWI,Item_12,1105,data\03_sections\BBWI__10-K__0000701985-24-000010__Item_12.txt
BBWI,Item_13,299,data\03_sections\BBWI__10-K__0000701985-24-000010__Item_13.txt
BBWI,Item_14,286,data\03_sections\BBWI__10-K__0000701985-24-000010__Item_14.txt
BBWI,Item_15,287,data\03_sections\BBWI__10-K__0000701985-24-000010__Item_15.txt
BBWI,Item_16,55,data\03_sections\BBWI__10-K__0000701985-24-000010__Item_16.txt
BBWI,Signatures,524,data\03_sections\BBWI__10-K__0000701985-24-000010__Signatures.txt
BBWI,HEADER,18812,data\03_sections\BBWI__10-K__0000701985-25-000011__HEADER.txt
BBWI,Item_1,26383,data\03_sections\BBWI__10-K__0000701985-25-000011__Item_1.txt
BBWI,Item_1A,81465,data\03_sections\BBWI__10-K__0000701985-25-000011__Item_1A.txt
BBWI,Item_1B,42,data\03_sections\BBWI__10-K__0000701985-25-000011__Item_1B.txt
BBWI,Item_1C,8993,data\03_sections\BBWI__10-K__0000701985-25-000011__Item_1C.txt
BBWI,Item_2,1741,data\03_sections\BBWI__10-K__0000701985-25-000011__Item_2.txt
BBWI,Item_3,635,data\03_sections\BBWI__10-K__0000701985-25-000011__Item_3.txt
BBWI,Item_4,78,data\03_sections\BBWI__10-K__0000701985-25-000011__Item_4.txt
BBWI,Item_5,2595,data\03_sections\BBWI__10-K__0000701985-25-000011__Item_5.txt
BBWI,Item_6,18,data\03_sections\BBWI__10-K__0000701985-25-000011__Item_6.txt
BBWI,Item_7,44515,data\03_sections\BBWI__10-K__0000701985-25-000011__Item_7.txt
BBWI,Item_7A,3946,data\03_sections\BBWI__10-K__0000701985-25-000011__Item_7A.txt
BBWI,Item_8,64005,data\03_sections\BBWI__10-K__0000701985-25-000011__Item_8.txt
BBWI,Item_9,100,data\03_sections\BBWI__10-K__0000701985-25-000011__Item_9.txt
BBWI,Item_9A,1863,data\03_sections\BBWI__10-K__0000701985-25-000011__Item_9A.txt
BBWI,Item_9B,330,data\03_sections\BBWI__10-K__0000701985-25-000011__Item_9B.txt
BBWI,Item_9C,114,data\03_sections\BBWI__10-K__0000701985-25-000011__Item_9C.txt
BBWI,Item_10,2267,data\03_sections\BBWI__10-K__0000701985-25-000011__Item_10.txt
BBWI,Item_11,225,data\03_sections\BBWI__10-K__0000701985-25-000011__Item_11.txt
BBWI,Item_12,1105,data\03_sections\BBWI__10-K__0000701985-25-000011__Item_12.txt
BBWI,Item_13,299,data\03_sections\BBWI__10-K__0000701985-25-000011__Item_13.txt
BBWI,Item_14,286,data\03_sections\BBWI__10-K__0000701985-25-000011__Item_14.txt
BBWI,Item_15,287,data\03_sections\BBWI__10-K__0000701985-25-000011__Item_15.txt
BBWI,Item_16,55,data\03_sections\BBWI__10-K__0000701985-25-000011__Item_16.txt
BBWI,Signatures,524,data\03_sections\BBWI__10-K__0000701985-25-000011__Signatures.txt
BBWI,HEADER,17616,data\03_sections\BBWI__10-K__0000701985-26-000008__HEADER.txt
BBWI,Item_1,16386,data\03_sections\BBWI__10-K__0000701985-26-000008__Item_1.txt
BBWI,Item_1A,88490,data\03_sections\BBWI__10-K__0000701985-26-000008__Item_1A.txt
BBWI,Item_1B,42,data\03_sections\BBWI__10-K__0000701985-26-000008__Item_1B.txt
BBWI,Item_1C,10256,data\03_sections\BBWI__10-K__0000701985-26-000008__Item_1C.txt
BBWI,Item_2,1642,data\03_sections\BBWI__10-K__0000701985-26-000008__Item_2.txt
BBWI,Item_3,635,data\03_sections\BBWI__10-K__0000701985-26-000008__Item_3.txt
BBWI,Item_4,78,data\03_sections\BBWI__10-K__0000701985-26-000008__Item_4.txt
BBWI,Item_5,2660,data\03_sections\BBWI__10-K__0000701985-26-000008__Item_5.txt
BBWI,Item_6,18,data\03_sections\BBWI__10-K__0000701985-26-000008__Item_6.txt
BBWI,Item_7,43005,data\03_sections\BBWI__10-K__0000701985-26-000008__Item_7.txt
BBWI,Item_7A,3930,data\03_sections\BBWI__10-K__0000701985-26-000008__Item_7A.txt
BBWI,Item_8,64191,data\03_sections\BBWI__10-K__0000701985-26-000008__Item_8.txt
BBWI,Item_9,100,data\03_sections\BBWI__10-K__0000701985-26-000008__Item_9.txt
BBWI,Item_9A,1866,data\03_sections\BBWI__10-K__0000701985-26-000008__Item_9A.txt
BBWI,Item_9B,330,data\03_sections\BBWI__10-K__0000701985-26-000008__Item_9B.txt
BBWI,Item_9C,114,data\03_sections\BBWI__10-K__0000701985-26-000008__Item_9C.txt
BBWI,Item_10,2275,data\03_sections\BBWI__10-K__0000701985-26-000008__Item_10.txt
BBWI,Item_11,225,data\03_sections\BBWI__10-K__0000701985-26-000008__Item_11.txt
BBWI,Item_12,905,data\03_sections\BBWI__10-K__0000701985-26-000008__Item_12.txt
BBWI,Item_13,299,data\03_sections\BBWI__10-K__0000701985-26-000008__Item_13.txt
BBWI,Item_14,286,data\03_sections\BBWI__10-K__0000701985-26-000008__Item_14.txt
BBWI,Item_15,266,data\03_sections\BBWI__10-K__0000701985-26-000008__Item_15.txt
BBWI,Item_16,55,data\03_sections\BBWI__10-K__0000701985-26-000008__Item_16.txt
BBWI,Signatures,488,data\03_sections\BBWI__10-K__0000701985-26-000008__Signatures.txt
BBW,HEADER,222343,data\03_sections\BBW__10-K__0001437749-24-012440__HEADER.txt
BBW,Signatures,1918,data\03_sections\BBW__10-K__0001437749-24-012440__Signatures.txt
BBW,FULL_DOCUMENT_FALLBACK,224263,data\03_sections\BBW__10-K__0001437749-24-012440__FULL_DOCUMENT_FALLBACK.txt
BBW,HEADER,161735,data\03_sections\BBW__10-K__0001437749-25-012234__HEADER.txt
BBW,Item_1A,80306,data\03_sections\BBW__10-K__0001437749-25-012234__Item_1A.txt
BBW,Signatures,1918,data\03_sections\BBW__10-K__0001437749-25-012234__Signatures.txt
BBW,HEADER,170922,data\03_sections\BBW__10-K__0001437749-26-012501__HEADER.txt
BBW,Item_1A,84780,data\03_sections\BBW__10-K__0001437749-26-012501__Item_1A.txt
BBW,Signatures,1918,data\03_sections\BBW__10-K__0001437749-26-012501__Signatures.txt
BBY,HEADER,31382,data\03_sections\BBY__10-K__0000764478-24-000010__HEADER.txt
BBY,Item_1,21242,data\03_sections\BBY__10-K__0000764478-24-000010__Item_1.txt
BBY,Item_1A,60309,data\03_sections\BBY__10-K__0000764478-24-000010__Item_1A.txt
BBY,Item_1B,53,data\03_sections\BBY__10-K__0000764478-24-000010__Item_1B.txt
BBY,Item_1C,4634,data\03_sections\BBY__10-K__0000764478-24-000010__Item_1C.txt
BBY,Item_2,955,data\03_sections\BBY__10-K__0000764478-24-000010__Item_2.txt
BBY,Item_3,286,data\03_sections\BBY__10-K__0000764478-24-000010__Item_3.txt
BBY,Item_4,9133,data\03_sections\BBY__10-K__0000764478-24-000010__Item_4.txt
BBY,Item_5,3384,data\03_sections\BBY__10-K__0000764478-24-000010__Item_5.txt
BBY,Item_7,43729,data\03_sections\BBY__10-K__0000764478-24-000010__Item_7.txt
BBY,Item_7A,2951,data\03_sections\BBY__10-K__0000764478-24-000010__Item_7A.txt
BBY,Item_8,90512,data\03_sections\BBY__10-K__0000764478-24-000010__Item_8.txt
BBY,Item_9,101,data\03_sections\BBY__10-K__0000764478-24-000010__Item_9.txt
BBY,Item_9A,2198,data\03_sections\BBY__10-K__0000764478-24-000010__Item_9A.txt
BBY,Item_9B,983,data\03_sections\BBY__10-K__0000764478-24-000010__Item_9B.txt
BBY,Item_10,1228,data\03_sections\BBY__10-K__0000764478-24-000010__Item_10.txt
BBY,Item_11,160,data\03_sections\BBY__10-K__0000764478-24-000010__Item_11.txt
BBY,Item_12,232,data\03_sections\BBY__10-K__0000764478-24-000010__Item_12.txt
BBY,Item_13,211,data\03_sections\BBY__10-K__0000764478-24-000010__Item_13.txt
BBY,Item_14,263,data\03_sections\BBY__10-K__0000764478-24-000010__Item_14.txt
BBY,Item_15,1688,data\03_sections\BBY__10-K__0000764478-24-000010__Item_15.txt
BBY,Item_16,42,data\03_sections\BBY__10-K__0000764478-24-000010__Item_16.txt
BBY,Signatures,467,data\03_sections\BBY__10-K__0000764478-24-000010__Signatures.txt
BBY,HEADER,24477,data\03_sections\BBY__10-K__0000764478-25-000007__HEADER.txt
BBY,Item_1,22541,data\03_sections\BBY__10-K__0000764478-25-000007__Item_1.txt
BBY,Item_1A,58230,data\03_sections\BBY__10-K__0000764478-25-000007__Item_1A.txt
BBY,Item_1B,53,data\03_sections\BBY__10-K__0000764478-25-000007__Item_1B.txt
BBY,Item_1C,4587,data\03_sections\BBY__10-K__0000764478-25-000007__Item_1C.txt
BBY,Item_2,962,data\03_sections\BBY__10-K__0000764478-25-000007__Item_2.txt
BBY,Item_3,286,data\03_sections\BBY__10-K__0000764478-25-000007__Item_3.txt
BBY,Item_4,8289,data\03_sections\BBY__10-K__0000764478-25-000007__Item_4.txt
BBY,Item_5,3294,data\03_sections\BBY__10-K__0000764478-25-000007__Item_5.txt
BBY,Item_7,45312,data\03_sections\BBY__10-K__0000764478-25-000007__Item_7.txt
BBY,Item_7A,2907,data\03_sections\BBY__10-K__0000764478-25-000007__Item_7A.txt
BBY,Item_8,88604,data\03_sections\BBY__10-K__0000764478-25-000007__Item_8.txt
BBY,Item_9,101,data\03_sections\BBY__10-K__0000764478-25-000007__Item_9.txt
BBY,Item_9A,2202,data\03_sections\BBY__10-K__0000764478-25-000007__Item_9A.txt
BBY,Item_9B,1106,data\03_sections\BBY__10-K__0000764478-25-000007__Item_9B.txt
BBY,Item_10,1227,data\03_sections\BBY__10-K__0000764478-25-000007__Item_10.txt
BBY,Item_11,160,data\03_sections\BBY__10-K__0000764478-25-000007__Item_11.txt
BBY,Item_12,232,data\03_sections\BBY__10-K__0000764478-25-000007__Item_12.txt
BBY,Item_13,215,data\03_sections\BBY__10-K__0000764478-25-000007__Item_13.txt
BBY,Item_14,263,data\03_sections\BBY__10-K__0000764478-25-000007__Item_14.txt
BBY,Item_15,1688,data\03_sections\BBY__10-K__0000764478-25-000007__Item_15.txt
BBY,Item_16,42,data\03_sections\BBY__10-K__0000764478-25-000007__Item_16.txt
BBY,Signatures,467,data\03_sections\BBY__10-K__0000764478-25-000007__Signatures.txt
BBY,HEADER,29320,data\03_sections\BBY__10-K__0000764478-26-000009__HEADER.txt
BBY,Item_1,23149,data\03_sections\BBY__10-K__0000764478-26-000009__Item_1.txt
BBY,Item_1A,59264,data\03_sections\BBY__10-K__0000764478-26-000009__Item_1A.txt
BBY,Item_1B,52,data\03_sections\BBY__10-K__0000764478-26-000009__Item_1B.txt
BBY,Item_1C,4579,data\03_sections\BBY__10-K__0000764478-26-000009__Item_1C.txt
BBY,Item_2,948,data\03_sections\BBY__10-K__0000764478-26-000009__Item_2.txt
BBY,Item_3,285,data\03_sections\BBY__10-K__0000764478-26-000009__Item_3.txt
BBY,Item_4,7307,data\03_sections\BBY__10-K__0000764478-26-000009__Item_4.txt
BBY,Item_5,3209,data\03_sections\BBY__10-K__0000764478-26-000009__Item_5.txt
BBY,Item_6,41,data\03_sections\BBY__10-K__0000764478-26-000009__Item_6.txt
BBY,Item_7,46066,data\03_sections\BBY__10-K__0000764478-26-000009__Item_7.txt
BBY,Item_7A,2969,data\03_sections\BBY__10-K__0000764478-26-000009__Item_7A.txt
BBY,Item_8,94460,data\03_sections\BBY__10-K__0000764478-26-000009__Item_8.txt
BBY,Item_9,100,data\03_sections\BBY__10-K__0000764478-26-000009__Item_9.txt
BBY,Item_9A,2189,data\03_sections\BBY__10-K__0000764478-26-000009__Item_9A.txt
BBY,Item_9B,650,data\03_sections\BBY__10-K__0000764478-26-000009__Item_9B.txt
BBY,Item_9C,124,data\03_sections\BBY__10-K__0000764478-26-000009__Item_9C.txt
BBY,Item_10,1223,data\03_sections\BBY__10-K__0000764478-26-000009__Item_10.txt
BBY,Item_11,159,data\03_sections\BBY__10-K__0000764478-26-000009__Item_11.txt
BBY,Item_12,231,data\03_sections\BBY__10-K__0000764478-26-000009__Item_12.txt
BBY,Item_13,210,data\03_sections\BBY__10-K__0000764478-26-000009__Item_13.txt
BBY,Item_14,261,data\03_sections\BBY__10-K__0000764478-26-000009__Item_14.txt
BBY,Item_15,1761,data\03_sections\BBY__10-K__0000764478-26-000009__Item_15.txt
BBY,Item_16,55,data\03_sections\BBY__10-K__0000764478-26-000009__Item_16.txt
BBY,Signatures,466,data\03_sections\BBY__10-K__0000764478-26-000009__Signatures.txt
BJ,HEADER,34075,data\03_sections\BJ__10-K__0001531152-24-000026__HEADER.txt
BJ,Item_1,28432,data\03_sections\BJ__10-K__0001531152-24-000026__Item_1.txt
BJ,Item_1A,82042,data\03_sections\BJ__10-K__0001531152-24-000026__Item_1A.txt
BJ,Item_1B,41,data\03_sections\BJ__10-K__0001531152-24-000026__Item_1B.txt
BJ,Item_1C,4296,data\03_sections\BJ__10-K__0001531152-24-000026__Item_1C.txt
BJ,Item_2,2452,data\03_sections\BJ__10-K__0001531152-24-000026__Item_2.txt
BJ,Item_3,388,data\03_sections\BJ__10-K__0001531152-24-000026__Item_3.txt
BJ,Item_4,59,data\03_sections\BJ__10-K__0001531152-24-000026__Item_4.txt
BJ,Item_5,4995,data\03_sections\BJ__10-K__0001531152-24-000026__Item_5.txt
BJ,Item_6,33,data\03_sections\BJ__10-K__0001531152-24-000026__Item_6.txt
BJ,Item_7,31580,data\03_sections\BJ__10-K__0001531152-24-000026__Item_7.txt
BJ,Item_7A,1436,data\03_sections\BJ__10-K__0001531152-24-000026__Item_7A.txt
BJ,Item_8,2085,data\03_sections\BJ__10-K__0001531152-24-000026__Item_8.txt
BJ,Item_9A,4225,data\03_sections\BJ__10-K__0001531152-24-000026__Item_9A.txt
BJ,Item_9,99,data\03_sections\BJ__10-K__0001531152-24-000026__Item_9.txt
BJ,Item_9B,844,data\03_sections\BJ__10-K__0001531152-24-000026__Item_9B.txt
BJ,Item_9C,455,data\03_sections\BJ__10-K__0001531152-24-000026__Item_9C.txt
BJ,Item_10,343,data\03_sections\BJ__10-K__0001531152-24-000026__Item_10.txt
BJ,Item_11,128,data\03_sections\BJ__10-K__0001531152-24-000026__Item_11.txt
BJ,Item_12,200,data\03_sections\BJ__10-K__0001531152-24-000026__Item_12.txt
BJ,Item_13,179,data\03_sections\BJ__10-K__0001531152-24-000026__Item_13.txt
BJ,Item_14,155,data\03_sections\BJ__10-K__0001531152-24-000026__Item_14.txt
BJ,Item_15,648,data\03_sections\BJ__10-K__0001531152-24-000026__Item_15.txt
BJ,Item_16,36,data\03_sections\BJ__10-K__0001531152-24-000026__Item_16.txt
BJ,Signatures,474,data\03_sections\BJ__10-K__0001531152-24-000026__Signatures.txt
BJ,HEADER,34704,data\03_sections\BJ__10-K__0001531152-25-000013__HEADER.txt
BJ,Item_1,28941,data\03_sections\BJ__10-K__0001531152-25-000013__Item_1.txt
BJ,Item_1A,82598,data\03_sections\BJ__10-K__0001531152-25-000013__Item_1A.txt
BJ,Item_1B,41,data\03_sections\BJ__10-K__0001531152-25-000013__Item_1B.txt
BJ,Item_1C,4755,data\03_sections\BJ__10-K__0001531152-25-000013__Item_1C.txt
BJ,Item_2,2524,data\03_sections\BJ__10-K__0001531152-25-000013__Item_2.txt
BJ,Item_3,388,data\03_sections\BJ__10-K__0001531152-25-000013__Item_3.txt
BJ,Item_4,59,data\03_sections\BJ__10-K__0001531152-25-000013__Item_4.txt
BJ,Item_5,5225,data\03_sections\BJ__10-K__0001531152-25-000013__Item_5.txt
BJ,Item_6,33,data\03_sections\BJ__10-K__0001531152-25-000013__Item_6.txt
BJ,Item_7,32667,data\03_sections\BJ__10-K__0001531152-25-000013__Item_7.txt
BJ,Item_7A,1436,data\03_sections\BJ__10-K__0001531152-25-000013__Item_7A.txt
BJ,Item_8,87480,data\03_sections\BJ__10-K__0001531152-25-000013__Item_8.txt
BJ,Item_9,99,data\03_sections\BJ__10-K__0001531152-25-000013__Item_9.txt
BJ,Item_9A,4225,data\03_sections\BJ__10-K__0001531152-25-000013__Item_9A.txt
BJ,Item_9B,1153,data\03_sections\BJ__10-K__0001531152-25-000013__Item_9B.txt
BJ,Item_9C,455,data\03_sections\BJ__10-K__0001531152-25-000013__Item_9C.txt
BJ,Item_10,343,data\03_sections\BJ__10-K__0001531152-25-000013__Item_10.txt
BJ,Item_11,128,data\03_sections\BJ__10-K__0001531152-25-000013__Item_11.txt
BJ,Item_12,200,data\03_sections\BJ__10-K__0001531152-25-000013__Item_12.txt
BJ,Item_13,179,data\03_sections\BJ__10-K__0001531152-25-000013__Item_13.txt
BJ,Item_14,155,data\03_sections\BJ__10-K__0001531152-25-000013__Item_14.txt
BJ,Item_15,648,data\03_sections\BJ__10-K__0001531152-25-000013__Item_15.txt
BJ,Item_16,36,data\03_sections\BJ__10-K__0001531152-25-000013__Item_16.txt
BJ,Signatures,474,data\03_sections\BJ__10-K__0001531152-25-000013__Signatures.txt
BJ,HEADER,34915,data\03_sections\BJ__10-K__0001531152-26-000007__HEADER.txt
BJ,Item_1,28029,data\03_sections\BJ__10-K__0001531152-26-000007__Item_1.txt
BJ,Item_1A,82573,data\03_sections\BJ__10-K__0001531152-26-000007__Item_1A.txt
BJ,Item_1B,41,data\03_sections\BJ__10-K__0001531152-26-000007__Item_1B.txt
BJ,Item_1C,4801,data\03_sections\BJ__10-K__0001531152-26-000007__Item_1C.txt
BJ,Item_2,2355,data\03_sections\BJ__10-K__0001531152-26-000007__Item_2.txt
BJ,Item_3,388,data\03_sections\BJ__10-K__0001531152-26-000007__Item_3.txt
BJ,Item_4,59,data\03_sections\BJ__10-K__0001531152-26-000007__Item_4.txt
BJ,Item_5,4784,data\03_sections\BJ__10-K__0001531152-26-000007__Item_5.txt
BJ,Item_6,33,data\03_sections\BJ__10-K__0001531152-26-000007__Item_6.txt
BJ,Item_7,32607,data\03_sections\BJ__10-K__0001531152-26-000007__Item_7.txt
BJ,Item_7A,1439,data\03_sections\BJ__10-K__0001531152-26-000007__Item_7A.txt
BJ,Item_8,86721,data\03_sections\BJ__10-K__0001531152-26-000007__Item_8.txt
BJ,Item_9,99,data\03_sections\BJ__10-K__0001531152-26-000007__Item_9.txt
BJ,Item_9A,4225,data\03_sections\BJ__10-K__0001531152-26-000007__Item_9A.txt
BJ,Item_9B,846,data\03_sections\BJ__10-K__0001531152-26-000007__Item_9B.txt
BJ,Item_9C,455,data\03_sections\BJ__10-K__0001531152-26-000007__Item_9C.txt
BJ,Item_10,343,data\03_sections\BJ__10-K__0001531152-26-000007__Item_10.txt
BJ,Item_11,128,data\03_sections\BJ__10-K__0001531152-26-000007__Item_11.txt
BJ,Item_12,200,data\03_sections\BJ__10-K__0001531152-26-000007__Item_12.txt
BJ,Item_13,179,data\03_sections\BJ__10-K__0001531152-26-000007__Item_13.txt
BJ,Item_14,155,data\03_sections\BJ__10-K__0001531152-26-000007__Item_14.txt
BJ,Item_15,648,data\03_sections\BJ__10-K__0001531152-26-000007__Item_15.txt
BJ,Item_16,36,data\03_sections\BJ__10-K__0001531152-26-000007__Item_16.txt
BJ,Signatures,474,data\03_sections\BJ__10-K__0001531152-26-000007__Signatures.txt
BNED,HEADER,171480,data\03_sections\BNED__10-K__0001634117-23-000032__HEADER.txt
BNED,Item_8,20619,data\03_sections\BNED__10-K__0001634117-23-000032__Item_8.txt
BNED,Item_7,110778,data\03_sections\BNED__10-K__0001634117-23-000032__Item_7.txt
BNED,Signatures,485,data\03_sections\BNED__10-K__0001634117-23-000032__Signatures.txt
BNED,HEADER,180855,data\03_sections\BNED__10-K__0001634117-24-000048__HEADER.txt
BNED,Item_8,25411,data\03_sections\BNED__10-K__0001634117-24-000048__Item_8.txt
BNED,Signatures,483,data\03_sections\BNED__10-K__0001634117-24-000048__Signatures.txt
BNED,HEADER,261762,data\03_sections\BNED__10-K__0001634117-25-000038__HEADER.txt
BNED,Item_1,22429,data\03_sections\BNED__10-K__0001634117-25-000038__Item_1.txt
BNED,Item_8,192929,data\03_sections\BNED__10-K__0001634117-25-000038__Item_8.txt
BNED,Signatures,485,data\03_sections\BNED__10-K__0001634117-25-000038__Signatures.txt
BOBS,HEADER,5639,data\03_sections\BOBS__10-K__0001628280-26-019015__HEADER.txt
BOBS,Item_1A,25995,data\03_sections\BOBS__10-K__0001628280-26-019015__Item_1A.txt
BOBS,Item_1,124,data\03_sections\BOBS__10-K__0001628280-26-019015__Item_1.txt
BOBS,Item_7,1153,data\03_sections\BOBS__10-K__0001628280-26-019015__Item_7.txt
BOBS,Item_1B,41,data\03_sections\BOBS__10-K__0001628280-26-019015__Item_1B.txt
BOBS,Item_1C,6606,data\03_sections\BOBS__10-K__0001628280-26-019015__Item_1C.txt
BOBS,Item_2,533,data\03_sections\BOBS__10-K__0001628280-26-019015__Item_2.txt
BOBS,Item_3,1151,data\03_sections\BOBS__10-K__0001628280-26-019015__Item_3.txt
BOBS,Item_4,60,data\03_sections\BOBS__10-K__0001628280-26-019015__Item_4.txt
BOBS,Item_5,3697,data\03_sections\BOBS__10-K__0001628280-26-019015__Item_5.txt
BOBS,Item_6,22,data\03_sections\BOBS__10-K__0001628280-26-019015__Item_6.txt
BOBS,Item_13,624,data\03_sections\BOBS__10-K__0001628280-26-019015__Item_13.txt
BOBS,Item_7A,2169,data\03_sections\BOBS__10-K__0001628280-26-019015__Item_7A.txt
BOBS,Item_8,93885,data\03_sections\BOBS__10-K__0001628280-26-019015__Item_8.txt
BOBS,Item_9,100,data\03_sections\BOBS__10-K__0001628280-26-019015__Item_9.txt
BOBS,Item_9A,1859,data\03_sections\BOBS__10-K__0001628280-26-019015__Item_9A.txt
BOBS,Item_9B,1350,data\03_sections\BOBS__10-K__0001628280-26-019015__Item_9B.txt
BOBS,Item_9C,105,data\03_sections\BOBS__10-K__0001628280-26-019015__Item_9C.txt
BOBS,Item_10,21799,data\03_sections\BOBS__10-K__0001628280-26-019015__Item_10.txt
BOBS,Item_11,8884,data\03_sections\BOBS__10-K__0001628280-26-019015__Item_11.txt
BOBS,Item_12,5700,data\03_sections\BOBS__10-K__0001628280-26-019015__Item_12.txt
BOBS,Item_14,1816,data\03_sections\BOBS__10-K__0001628280-26-019015__Item_14.txt
BOBS,Item_15,814,data\03_sections\BOBS__10-K__0001628280-26-019015__Item_15.txt
BOBS,Item_16,37,data\03_sections\BOBS__10-K__0001628280-26-019015__Item_16.txt
BOBS,Signatures,461,data\03_sections\BOBS__10-K__0001628280-26-019015__Signatures.txt
BRLT,HEADER,29291,data\03_sections\BRLT__10-K__0001628280-26-018794__HEADER.txt
BRLT,Item_1,49721,data\03_sections\BRLT__10-K__0001628280-26-018794__Item_1.txt
BRLT,Item_1A,207661,data\03_sections\BRLT__10-K__0001628280-26-018794__Item_1A.txt
BRLT,Item_1B,41,data\03_sections\BRLT__10-K__0001628280-26-018794__Item_1B.txt
BRLT,Item_1C,4868,data\03_sections\BRLT__10-K__0001628280-26-018794__Item_1C.txt
BRLT,Item_2,1093,data\03_sections\BRLT__10-K__0001628280-26-018794__Item_2.txt
BRLT,Item_3,1655,data\03_sections\BRLT__10-K__0001628280-26-018794__Item_3.txt
BRLT,Item_4,98,data\03_sections\BRLT__10-K__0001628280-26-018794__Item_4.txt
BRLT,Item_5,3664,data\03_sections\BRLT__10-K__0001628280-26-018794__Item_5.txt
BRLT,Item_6,40,data\03_sections\BRLT__10-K__0001628280-26-018794__Item_6.txt
BRLT,Item_7,51591,data\03_sections\BRLT__10-K__0001628280-26-018794__Item_7.txt
BRLT,Item_7A,253,data\03_sections\BRLT__10-K__0001628280-26-018794__Item_7A.txt
BRLT,Item_8,72700,data\03_sections\BRLT__10-K__0001628280-26-018794__Item_8.txt
BRLT,Item_9,99,data\03_sections\BRLT__10-K__0001628280-26-018794__Item_9.txt
BRLT,Item_9A,5498,data\03_sections\BRLT__10-K__0001628280-26-018794__Item_9A.txt
BRLT,Item_9B,1958,data\03_sections\BRLT__10-K__0001628280-26-018794__Item_9B.txt
BRLT,Item_9C,126,data\03_sections\BRLT__10-K__0001628280-26-018794__Item_9C.txt
BRLT,Item_10,1181,data\03_sections\BRLT__10-K__0001628280-26-018794__Item_10.txt
BRLT,Item_11,302,data\03_sections\BRLT__10-K__0001628280-26-018794__Item_11.txt
BRLT,Item_12,383,data\03_sections\BRLT__10-K__0001628280-26-018794__Item_12.txt
BRLT,Item_13,309,data\03_sections\BRLT__10-K__0001628280-26-018794__Item_13.txt
BRLT,Item_14,293,data\03_sections\BRLT__10-K__0001628280-26-018794__Item_14.txt
BRLT,Item_15,596,data\03_sections\BRLT__10-K__0001628280-26-018794__Item_15.txt
BRLT,Item_16,56,data\03_sections\BRLT__10-K__0001628280-26-018794__Item_16.txt
BRLT,Signatures,523,data\03_sections\BRLT__10-K__0001628280-26-018794__Signatures.txt
BRLT,HEADER,27487,data\03_sections\BRLT__10-K__0001866757-24-000040__HEADER.txt
BRLT,Item_1,49987,data\03_sections\BRLT__10-K__0001866757-24-000040__Item_1.txt
BRLT,Item_1A,207740,data\03_sections\BRLT__10-K__0001866757-24-000040__Item_1A.txt
BRLT,Item_1B,41,data\03_sections\BRLT__10-K__0001866757-24-000040__Item_1B.txt
BRLT,Item_1C,4162,data\03_sections\BRLT__10-K__0001866757-24-000040__Item_1C.txt
BRLT,Item_2,1093,data\03_sections\BRLT__10-K__0001866757-24-000040__Item_2.txt
BRLT,Item_3,1610,data\03_sections\BRLT__10-K__0001866757-24-000040__Item_3.txt
BRLT,Item_4,98,data\03_sections\BRLT__10-K__0001866757-24-000040__Item_4.txt
BRLT,Item_5,2479,data\03_sections\BRLT__10-K__0001866757-24-000040__Item_5.txt
BRLT,Item_6,40,data\03_sections\BRLT__10-K__0001866757-24-000040__Item_6.txt
BRLT,Item_7,54221,data\03_sections\BRLT__10-K__0001866757-24-000040__Item_7.txt
BRLT,Item_7A,253,data\03_sections\BRLT__10-K__0001866757-24-000040__Item_7A.txt
BRLT,Item_8,69780,data\03_sections\BRLT__10-K__0001866757-24-000040__Item_8.txt
BRLT,Item_9,99,data\03_sections\BRLT__10-K__0001866757-24-000040__Item_9.txt
BRLT,Item_9A,5730,data\03_sections\BRLT__10-K__0001866757-24-000040__Item_9A.txt
BRLT,Item_9B,2528,data\03_sections\BRLT__10-K__0001866757-24-000040__Item_9B.txt
BRLT,Item_9C,126,data\03_sections\BRLT__10-K__0001866757-24-000040__Item_9C.txt
BRLT,Item_10,1181,data\03_sections\BRLT__10-K__0001866757-24-000040__Item_10.txt
BRLT,Item_11,302,data\03_sections\BRLT__10-K__0001866757-24-000040__Item_11.txt
BRLT,Item_12,383,data\03_sections\BRLT__10-K__0001866757-24-000040__Item_12.txt
BRLT,Item_13,309,data\03_sections\BRLT__10-K__0001866757-24-000040__Item_13.txt
BRLT,Item_14,293,data\03_sections\BRLT__10-K__0001866757-24-000040__Item_14.txt
BRLT,Item_15,637,data\03_sections\BRLT__10-K__0001866757-24-000040__Item_15.txt
BRLT,Item_16,56,data\03_sections\BRLT__10-K__0001866757-24-000040__Item_16.txt
BRLT,Signatures,500,data\03_sections\BRLT__10-K__0001866757-24-000040__Signatures.txt
BRLT,HEADER,27199,data\03_sections\BRLT__10-K__0001866757-25-000038__HEADER.txt
BRLT,Item_1,49469,data\03_sections\BRLT__10-K__0001866757-25-000038__Item_1.txt
BRLT,Item_1A,209965,data\03_sections\BRLT__10-K__0001866757-25-000038__Item_1A.txt
BRLT,Item_1B,41,data\03_sections\BRLT__10-K__0001866757-25-000038__Item_1B.txt
BRLT,Item_1C,4803,data\03_sections\BRLT__10-K__0001866757-25-000038__Item_1C.txt
BRLT,Item_2,1093,data\03_sections\BRLT__10-K__0001866757-25-000038__Item_2.txt
BRLT,Item_3,1653,data\03_sections\BRLT__10-K__0001866757-25-000038__Item_3.txt
BRLT,Item_4,98,data\03_sections\BRLT__10-K__0001866757-25-000038__Item_4.txt
BRLT,Item_5,3388,data\03_sections\BRLT__10-K__0001866757-25-000038__Item_5.txt
BRLT,Item_6,40,data\03_sections\BRLT__10-K__0001866757-25-000038__Item_6.txt
BRLT,Item_7,52452,data\03_sections\BRLT__10-K__0001866757-25-000038__Item_7.txt
BRLT,Item_7A,253,data\03_sections\BRLT__10-K__0001866757-25-000038__Item_7A.txt
BRLT,Item_8,69498,data\03_sections\BRLT__10-K__0001866757-25-000038__Item_8.txt
BRLT,Item_9,99,data\03_sections\BRLT__10-K__0001866757-25-000038__Item_9.txt
BRLT,Item_9A,6102,data\03_sections\BRLT__10-K__0001866757-25-000038__Item_9A.txt
BRLT,Item_9B,3236,data\03_sections\BRLT__10-K__0001866757-25-000038__Item_9B.txt
BRLT,Item_9C,126,data\03_sections\BRLT__10-K__0001866757-25-000038__Item_9C.txt
BRLT,Item_10,1181,data\03_sections\BRLT__10-K__0001866757-25-000038__Item_10.txt
BRLT,Item_11,302,data\03_sections\BRLT__10-K__0001866757-25-000038__Item_11.txt
BRLT,Item_12,383,data\03_sections\BRLT__10-K__0001866757-25-000038__Item_12.txt
BRLT,Item_13,309,data\03_sections\BRLT__10-K__0001866757-25-000038__Item_13.txt
BRLT,Item_14,293,data\03_sections\BRLT__10-K__0001866757-25-000038__Item_14.txt
BRLT,Item_15,637,data\03_sections\BRLT__10-K__0001866757-25-000038__Item_15.txt
BRLT,Item_16,56,data\03_sections\BRLT__10-K__0001866757-25-000038__Item_16.txt
BRLT,Signatures,523,data\03_sections\BRLT__10-K__0001866757-25-000038__Signatures.txt
BSET,HEADER,197657,data\03_sections\BSET__10-K__0001437749-24-002203__HEADER.txt
BSET,Signatures,776,data\03_sections\BSET__10-K__0001437749-24-002203__Signatures.txt
BSET,FULL_DOCUMENT_FALLBACK,198435,data\03_sections\BSET__10-K__0001437749-24-002203__FULL_DOCUMENT_FALLBACK.txt
BSET,HEADER,213042,data\03_sections\BSET__10-K__0001437749-25-003216__HEADER.txt
BSET,Signatures,776,data\03_sections\BSET__10-K__0001437749-25-003216__Signatures.txt
BSET,FULL_DOCUMENT_FALLBACK,213820,data\03_sections\BSET__10-K__0001437749-25-003216__FULL_DOCUMENT_FALLBACK.txt
BSET,HEADER,194248,data\03_sections\BSET__10-K__0001437749-26-003189__HEADER.txt
BSET,Signatures,583,data\03_sections\BSET__10-K__0001437749-26-003189__Signatures.txt
BSET,FULL_DOCUMENT_FALLBACK,194833,data\03_sections\BSET__10-K__0001437749-26-003189__FULL_DOCUMENT_FALLBACK.txt
CART,HEADER,46914,data\03_sections\CART__10-K__0001579091-24-000027__HEADER.txt
CART,Item_1,41968,data\03_sections\CART__10-K__0001579091-24-000027__Item_1.txt
CART,Item_1A,281373,data\03_sections\CART__10-K__0001579091-24-000027__Item_1A.txt
CART,Item_1B,51,data\03_sections\CART__10-K__0001579091-24-000027__Item_1B.txt
CART,Item_1C,5060,data\03_sections\CART__10-K__0001579091-24-000027__Item_1C.txt
CART,Item_2,599,data\03_sections\CART__10-K__0001579091-24-000027__Item_2.txt
CART,Item_3,11019,data\03_sections\CART__10-K__0001579091-24-000027__Item_3.txt
CART,Item_4,77,data\03_sections\CART__10-K__0001579091-24-000027__Item_4.txt
CART,Item_5,9149,data\03_sections\CART__10-K__0001579091-24-000027__Item_5.txt
CART,Item_6,40,data\03_sections\CART__10-K__0001579091-24-000027__Item_6.txt
CART,Item_7,91225,data\03_sections\CART__10-K__0001579091-24-000027__Item_7.txt
CART,Item_7A,5800,data\03_sections\CART__10-K__0001579091-24-000027__Item_7A.txt
CART,Item_8,139587,data\03_sections\CART__10-K__0001579091-24-000027__Item_8.txt
CART,Item_9,99,data\03_sections\CART__10-K__0001579091-24-000027__Item_9.txt
CART,Item_9A,2055,data\03_sections\CART__10-K__0001579091-24-000027__Item_9A.txt
CART,Item_9B,3521,data\03_sections\CART__10-K__0001579091-24-000027__Item_9B.txt
CART,Item_9C,114,data\03_sections\CART__10-K__0001579091-24-000027__Item_9C.txt
CART,Item_10,1022,data\03_sections\CART__10-K__0001579091-24-000027__Item_10.txt
CART,Item_11,259,data\03_sections\CART__10-K__0001579091-24-000027__Item_11.txt
CART,Item_12,331,data\03_sections\CART__10-K__0001579091-24-000027__Item_12.txt
CART,Item_13,310,data\03_sections\CART__10-K__0001579091-24-000027__Item_13.txt
CART,Item_14,305,data\03_sections\CART__10-K__0001579091-24-000027__Item_14.txt
CART,Item_15,1294,data\03_sections\CART__10-K__0001579091-24-000027__Item_15.txt
CART,Item_16,55,data\03_sections\CART__10-K__0001579091-24-000027__Item_16.txt
CART,Signatures,1592,data\03_sections\CART__10-K__0001579091-24-000027__Signatures.txt
CART,HEADER,37576,data\03_sections\CART__10-K__0001579091-25-000015__HEADER.txt
CART,Item_1,27937,data\03_sections\CART__10-K__0001579091-25-000015__Item_1.txt
CART,Item_1A,275174,data\03_sections\CART__10-K__0001579091-25-000015__Item_1A.txt
CART,Item_1B,51,data\03_sections\CART__10-K__0001579091-25-000015__Item_1B.txt
CART,Item_1C,5310,data\03_sections\CART__10-K__0001579091-25-000015__Item_1C.txt
CART,Item_2,599,data\03_sections\CART__10-K__0001579091-25-000015__Item_2.txt
CART,Item_3,11010,data\03_sections\CART__10-K__0001579091-25-000015__Item_3.txt
CART,Item_4,77,data\03_sections\CART__10-K__0001579091-25-000015__Item_4.txt
CART,Item_5,4257,data\03_sections\CART__10-K__0001579091-25-000015__Item_5.txt
CART,Item_6,18,data\03_sections\CART__10-K__0001579091-25-000015__Item_6.txt
CART,Item_7,71782,data\03_sections\CART__10-K__0001579091-25-000015__Item_7.txt
CART,Item_7A,5496,data\03_sections\CART__10-K__0001579091-25-000015__Item_7A.txt
CART,Item_8,127398,data\03_sections\CART__10-K__0001579091-25-000015__Item_8.txt
CART,Item_9,99,data\03_sections\CART__10-K__0001579091-25-000015__Item_9.txt
CART,Item_9A,3093,data\03_sections\CART__10-K__0001579091-25-000015__Item_9A.txt
CART,Item_9B,1824,data\03_sections\CART__10-K__0001579091-25-000015__Item_9B.txt
CART,Item_9C,114,data\03_sections\CART__10-K__0001579091-25-000015__Item_9C.txt
CART,Item_10,1022,data\03_sections\CART__10-K__0001579091-25-000015__Item_10.txt
CART,Item_11,259,data\03_sections\CART__10-K__0001579091-25-000015__Item_11.txt
CART,Item_12,331,data\03_sections\CART__10-K__0001579091-25-000015__Item_12.txt
CART,Item_13,310,data\03_sections\CART__10-K__0001579091-25-000015__Item_13.txt
CART,Item_14,305,data\03_sections\CART__10-K__0001579091-25-000015__Item_14.txt
CART,Item_15,1337,data\03_sections\CART__10-K__0001579091-25-000015__Item_15.txt
CART,Item_16,55,data\03_sections\CART__10-K__0001579091-25-000015__Item_16.txt
CART,Signatures,1592,data\03_sections\CART__10-K__0001579091-25-000015__Signatures.txt
CART,HEADER,35646,data\03_sections\CART__10-K__0001579091-26-000018__HEADER.txt
CART,Item_1,25252,data\03_sections\CART__10-K__0001579091-26-000018__Item_1.txt
CART,Item_1A,269457,data\03_sections\CART__10-K__0001579091-26-000018__Item_1A.txt
CART,Item_1B,51,data\03_sections\CART__10-K__0001579091-26-000018__Item_1B.txt
CART,Item_1C,5370,data\03_sections\CART__10-K__0001579091-26-000018__Item_1C.txt
CART,Item_2,601,data\03_sections\CART__10-K__0001579091-26-000018__Item_2.txt
CART,Item_3,1241,data\03_sections\CART__10-K__0001579091-26-000018__Item_3.txt
CART,Item_4,77,data\03_sections\CART__10-K__0001579091-26-000018__Item_4.txt
CART,Item_5,4997,data\03_sections\CART__10-K__0001579091-26-000018__Item_5.txt
CART,Item_6,40,data\03_sections\CART__10-K__0001579091-26-000018__Item_6.txt
CART,Item_7,69421,data\03_sections\CART__10-K__0001579091-26-000018__Item_7.txt
CART,Item_7A,5518,data\03_sections\CART__10-K__0001579091-26-000018__Item_7A.txt
CART,Item_8,129690,data\03_sections\CART__10-K__0001579091-26-000018__Item_8.txt
CART,Item_9,99,data\03_sections\CART__10-K__0001579091-26-000018__Item_9.txt
CART,Item_9A,3093,data\03_sections\CART__10-K__0001579091-26-000018__Item_9A.txt
CART,Item_9B,2955,data\03_sections\CART__10-K__0001579091-26-000018__Item_9B.txt
CART,Item_9C,114,data\03_sections\CART__10-K__0001579091-26-000018__Item_9C.txt
CART,Item_10,1022,data\03_sections\CART__10-K__0001579091-26-000018__Item_10.txt
CART,Item_11,259,data\03_sections\CART__10-K__0001579091-26-000018__Item_11.txt
CART,Item_12,331,data\03_sections\CART__10-K__0001579091-26-000018__Item_12.txt
CART,Item_13,310,data\03_sections\CART__10-K__0001579091-26-000018__Item_13.txt
CART,Item_14,305,data\03_sections\CART__10-K__0001579091-26-000018__Item_14.txt
CART,Item_15,1337,data\03_sections\CART__10-K__0001579091-26-000018__Item_15.txt
CART,Item_16,55,data\03_sections\CART__10-K__0001579091-26-000018__Item_16.txt
CART,Signatures,1595,data\03_sections\CART__10-K__0001579091-26-000018__Signatures.txt
CASY,HEADER,192904,data\03_sections\CASY__10-K__0000726958-24-000046__HEADER.txt
CASY,Signatures,506,data\03_sections\CASY__10-K__0000726958-24-000046__Signatures.txt
CASY,FULL_DOCUMENT_FALLBACK,193411,data\03_sections\CASY__10-K__0000726958-24-000046__FULL_DOCUMENT_FALLBACK.txt
CASY,HEADER,207120,data\03_sections\CASY__10-K__0000726958-25-000065__HEADER.txt
CASY,Signatures,506,data\03_sections\CASY__10-K__0000726958-25-000065__Signatures.txt
CASY,FULL_DOCUMENT_FALLBACK,207627,data\03_sections\CASY__10-K__0000726958-25-000065__FULL_DOCUMENT_FALLBACK.txt
CASY,HEADER,196101,data\03_sections\CASY__10-K__0000726958-26-000046__HEADER.txt
CASY,Signatures,506,data\03_sections\CASY__10-K__0000726958-26-000046__Signatures.txt
CASY,FULL_DOCUMENT_FALLBACK,196608,data\03_sections\CASY__10-K__0000726958-26-000046__FULL_DOCUMENT_FALLBACK.txt
CHWY,HEADER,27815,data\03_sections\CHWY__10-K__0001766502-24-000014__HEADER.txt
CHWY,Item_1,29095,data\03_sections\CHWY__10-K__0001766502-24-000014__Item_1.txt
CHWY,Item_1A,143178,data\03_sections\CHWY__10-K__0001766502-24-000014__Item_1A.txt
CHWY,Item_1B,41,data\03_sections\CHWY__10-K__0001766502-24-000014__Item_1B.txt
CHWY,Item_1C,4962,data\03_sections\CHWY__10-K__0001766502-24-000014__Item_1C.txt
CHWY,Item_2,692,data\03_sections\CHWY__10-K__0001766502-24-000014__Item_2.txt
CHWY,Item_3,245,data\03_sections\CHWY__10-K__0001766502-24-000014__Item_3.txt
CHWY,Item_4,3350,data\03_sections\CHWY__10-K__0001766502-24-000014__Item_4.txt
CHWY,Item_5,3047,data\03_sections\CHWY__10-K__0001766502-24-000014__Item_5.txt
CHWY,Item_6,22,data\03_sections\CHWY__10-K__0001766502-24-000014__Item_6.txt
CHWY,Item_7,35981,data\03_sections\CHWY__10-K__0001766502-24-000014__Item_7.txt
CHWY,Item_7A,1416,data\03_sections\CHWY__10-K__0001766502-24-000014__Item_7A.txt
CHWY,Item_8,72348,data\03_sections\CHWY__10-K__0001766502-24-000014__Item_8.txt
CHWY,Item_9,99,data\03_sections\CHWY__10-K__0001766502-24-000014__Item_9.txt
CHWY,Item_9A,7352,data\03_sections\CHWY__10-K__0001766502-24-000014__Item_9A.txt
CHWY,Item_9B,322,data\03_sections\CHWY__10-K__0001766502-24-000014__Item_9B.txt
CHWY,Item_9C,102,data\03_sections\CHWY__10-K__0001766502-24-000014__Item_9C.txt
CHWY,Item_10,883,data\03_sections\CHWY__10-K__0001766502-24-000014__Item_10.txt
CHWY,Item_11,938,data\03_sections\CHWY__10-K__0001766502-24-000014__Item_11.txt
CHWY,Item_12,594,data\03_sections\CHWY__10-K__0001766502-24-000014__Item_12.txt
CHWY,Item_13,524,data\03_sections\CHWY__10-K__0001766502-24-000014__Item_13.txt
CHWY,Item_14,471,data\03_sections\CHWY__10-K__0001766502-24-000014__Item_14.txt
CHWY,Item_15,960,data\03_sections\CHWY__10-K__0001766502-24-000014__Item_15.txt
CHWY,Item_16,36,data\03_sections\CHWY__10-K__0001766502-24-000014__Item_16.txt
CHWY,Signatures,466,data\03_sections\CHWY__10-K__0001766502-24-000014__Signatures.txt
CHWY,HEADER,26508,data\03_sections\CHWY__10-K__0001766502-25-000014__HEADER.txt
CHWY,Item_1,28319,data\03_sections\CHWY__10-K__0001766502-25-000014__Item_1.txt
CHWY,Item_1A,146946,data\03_sections\CHWY__10-K__0001766502-25-000014__Item_1A.txt
CHWY,Item_1B,41,data\03_sections\CHWY__10-K__0001766502-25-000014__Item_1B.txt
CHWY,Item_1C,4960,data\03_sections\CHWY__10-K__0001766502-25-000014__Item_1C.txt
CHWY,Item_2,788,data\03_sections\CHWY__10-K__0001766502-25-000014__Item_2.txt
CHWY,Item_3,245,data\03_sections\CHWY__10-K__0001766502-25-000014__Item_3.txt
CHWY,Item_4,3247,data\03_sections\CHWY__10-K__0001766502-25-000014__Item_4.txt
CHWY,Item_5,3152,data\03_sections\CHWY__10-K__0001766502-25-000014__Item_5.txt
CHWY,Item_6,22,data\03_sections\CHWY__10-K__0001766502-25-000014__Item_6.txt
CHWY,Item_7,38451,data\03_sections\CHWY__10-K__0001766502-25-000014__Item_7.txt
CHWY,Item_7A,1416,data\03_sections\CHWY__10-K__0001766502-25-000014__Item_7A.txt
CHWY,Item_8,79908,data\03_sections\CHWY__10-K__0001766502-25-000014__Item_8.txt
CHWY,Item_9,99,data\03_sections\CHWY__10-K__0001766502-25-000014__Item_9.txt
CHWY,Item_9A,7303,data\03_sections\CHWY__10-K__0001766502-25-000014__Item_9A.txt
CHWY,Item_9B,322,data\03_sections\CHWY__10-K__0001766502-25-000014__Item_9B.txt
CHWY,Item_9C,102,data\03_sections\CHWY__10-K__0001766502-25-000014__Item_9C.txt
CHWY,Item_10,1027,data\03_sections\CHWY__10-K__0001766502-25-000014__Item_10.txt
CHWY,Item_11,938,data\03_sections\CHWY__10-K__0001766502-25-000014__Item_11.txt
CHWY,Item_12,594,data\03_sections\CHWY__10-K__0001766502-25-000014__Item_12.txt
CHWY,Item_13,524,data\03_sections\CHWY__10-K__0001766502-25-000014__Item_13.txt
CHWY,Item_14,471,data\03_sections\CHWY__10-K__0001766502-25-000014__Item_14.txt
CHWY,Item_15,956,data\03_sections\CHWY__10-K__0001766502-25-000014__Item_15.txt
CHWY,Item_16,36,data\03_sections\CHWY__10-K__0001766502-25-000014__Item_16.txt
CHWY,Signatures,466,data\03_sections\CHWY__10-K__0001766502-25-000014__Signatures.txt
CHWY,HEADER,26808,data\03_sections\CHWY__10-K__0001766502-26-000034__HEADER.txt
CHWY,Item_1,27858,data\03_sections\CHWY__10-K__0001766502-26-000034__Item_1.txt
CHWY,Item_1A,147902,data\03_sections\CHWY__10-K__0001766502-26-000034__Item_1A.txt
CHWY,Item_1B,41,data\03_sections\CHWY__10-K__0001766502-26-000034__Item_1B.txt
CHWY,Item_1C,5097,data\03_sections\CHWY__10-K__0001766502-26-000034__Item_1C.txt
CHWY,Item_2,788,data\03_sections\CHWY__10-K__0001766502-26-000034__Item_2.txt
CHWY,Item_3,245,data\03_sections\CHWY__10-K__0001766502-26-000034__Item_3.txt
CHWY,Item_4,3192,data\03_sections\CHWY__10-K__0001766502-26-000034__Item_4.txt
CHWY,Item_5,3817,data\03_sections\CHWY__10-K__0001766502-26-000034__Item_5.txt
CHWY,Item_6,22,data\03_sections\CHWY__10-K__0001766502-26-000034__Item_6.txt
CHWY,Item_7,34599,data\03_sections\CHWY__10-K__0001766502-26-000034__Item_7.txt
CHWY,Item_7A,1399,data\03_sections\CHWY__10-K__0001766502-26-000034__Item_7A.txt
CHWY,Item_8,80560,data\03_sections\CHWY__10-K__0001766502-26-000034__Item_8.txt
CHWY,Item_9,99,data\03_sections\CHWY__10-K__0001766502-26-000034__Item_9.txt
CHWY,Item_9A,7303,data\03_sections\CHWY__10-K__0001766502-26-000034__Item_9A.txt
CHWY,Item_9B,2175,data\03_sections\CHWY__10-K__0001766502-26-000034__Item_9B.txt
CHWY,Item_9C,102,data\03_sections\CHWY__10-K__0001766502-26-000034__Item_9C.txt
CHWY,Item_10,1027,data\03_sections\CHWY__10-K__0001766502-26-000034__Item_10.txt
CHWY,Item_11,941,data\03_sections\CHWY__10-K__0001766502-26-000034__Item_11.txt
CHWY,Item_12,594,data\03_sections\CHWY__10-K__0001766502-26-000034__Item_12.txt
CHWY,Item_13,524,data\03_sections\CHWY__10-K__0001766502-26-000034__Item_13.txt
CHWY,Item_14,468,data\03_sections\CHWY__10-K__0001766502-26-000034__Item_14.txt
CHWY,Item_15,960,data\03_sections\CHWY__10-K__0001766502-26-000034__Item_15.txt
CHWY,Item_16,36,data\03_sections\CHWY__10-K__0001766502-26-000034__Item_16.txt
CHWY,Signatures,469,data\03_sections\CHWY__10-K__0001766502-26-000034__Signatures.txt
COOK,HEADER,32031,data\03_sections\COOK__10-K__0001628280-26-015450__HEADER.txt
COOK,Item_1,45688,data\03_sections\COOK__10-K__0001628280-26-015450__Item_1.txt
COOK,Item_1A,225643,data\03_sections\COOK__10-K__0001628280-26-015450__Item_1A.txt
COOK,Item_1B,42,data\03_sections\COOK__10-K__0001628280-26-015450__Item_1B.txt
COOK,Item_1C,5596,data\03_sections\COOK__10-K__0001628280-26-015450__Item_1C.txt
COOK,Item_2,930,data\03_sections\COOK__10-K__0001628280-26-015450__Item_2.txt
COOK,Item_3,562,data\03_sections\COOK__10-K__0001628280-26-015450__Item_3.txt
COOK,Item_4,78,data\03_sections\COOK__10-K__0001628280-26-015450__Item_4.txt
COOK,Item_5,1249,data\03_sections\COOK__10-K__0001628280-26-015450__Item_5.txt
COOK,Item_6,41,data\03_sections\COOK__10-K__0001628280-26-015450__Item_6.txt
COOK,Item_7,50431,data\03_sections\COOK__10-K__0001628280-26-015450__Item_7.txt
COOK,Item_7A,6156,data\03_sections\COOK__10-K__0001628280-26-015450__Item_7A.txt
COOK,Item_8,258,data\03_sections\COOK__10-K__0001628280-26-015450__Item_8.txt
COOK,Item_9,101,data\03_sections\COOK__10-K__0001628280-26-015450__Item_9.txt
COOK,Item_9A,2558,data\03_sections\COOK__10-K__0001628280-26-015450__Item_9A.txt
COOK,Item_9B,395,data\03_sections\COOK__10-K__0001628280-26-015450__Item_9B.txt
COOK,Item_9C,124,data\03_sections\COOK__10-K__0001628280-26-015450__Item_9C.txt
COOK,Item_10,9368,data\03_sections\COOK__10-K__0001628280-26-015450__Item_10.txt
COOK,Item_11,225,data\03_sections\COOK__10-K__0001628280-26-015450__Item_11.txt
COOK,Item_12,1066,data\03_sections\COOK__10-K__0001628280-26-015450__Item_12.txt
COOK,Item_13,276,data\03_sections\COOK__10-K__0001628280-26-015450__Item_13.txt
COOK,Item_14,270,data\03_sections\COOK__10-K__0001628280-26-015450__Item_14.txt
COOK,Item_15,1020,data\03_sections\COOK__10-K__0001628280-26-015450__Item_15.txt
COOK,Item_16,55,data\03_sections\COOK__10-K__0001628280-26-015450__Item_16.txt
COOK,Signatures,84066,data\03_sections\COOK__10-K__0001628280-26-015450__Signatures.txt
COOK,HEADER,36394,data\03_sections\COOK__10-K__0001857853-24-000020__HEADER.txt
COOK,Item_1,46695,data\03_sections\COOK__10-K__0001857853-24-000020__Item_1.txt
COOK,Item_1A,229426,data\03_sections\COOK__10-K__0001857853-24-000020__Item_1A.txt
COOK,Item_1B,42,data\03_sections\COOK__10-K__0001857853-24-000020__Item_1B.txt
COOK,Item_1C,4400,data\03_sections\COOK__10-K__0001857853-24-000020__Item_1C.txt
COOK,Item_2,946,data\03_sections\COOK__10-K__0001857853-24-000020__Item_2.txt
COOK,Item_3,378,data\03_sections\COOK__10-K__0001857853-24-000020__Item_3.txt
COOK,Item_4,78,data\03_sections\COOK__10-K__0001857853-24-000020__Item_4.txt
COOK,Item_5,2077,data\03_sections\COOK__10-K__0001857853-24-000020__Item_5.txt
COOK,Item_6,41,data\03_sections\COOK__10-K__0001857853-24-000020__Item_6.txt
COOK,Item_7,59677,data\03_sections\COOK__10-K__0001857853-24-000020__Item_7.txt
COOK,Item_7A,6005,data\03_sections\COOK__10-K__0001857853-24-000020__Item_7A.txt
COOK,Item_8,258,data\03_sections\COOK__10-K__0001857853-24-000020__Item_8.txt
COOK,Item_9,101,data\03_sections\COOK__10-K__0001857853-24-000020__Item_9.txt
COOK,Item_9A,3942,data\03_sections\COOK__10-K__0001857853-24-000020__Item_9A.txt
COOK,Item_9B,395,data\03_sections\COOK__10-K__0001857853-24-000020__Item_9B.txt
COOK,Item_9C,124,data\03_sections\COOK__10-K__0001857853-24-000020__Item_9C.txt
COOK,Item_10,10985,data\03_sections\COOK__10-K__0001857853-24-000020__Item_10.txt
COOK,Item_11,225,data\03_sections\COOK__10-K__0001857853-24-000020__Item_11.txt
COOK,Item_12,1030,data\03_sections\COOK__10-K__0001857853-24-000020__Item_12.txt
COOK,Item_13,276,data\03_sections\COOK__10-K__0001857853-24-000020__Item_13.txt
COOK,Item_14,270,data\03_sections\COOK__10-K__0001857853-24-000020__Item_14.txt
COOK,Item_15,1023,data\03_sections\COOK__10-K__0001857853-24-000020__Item_15.txt
COOK,Item_16,76,data\03_sections\COOK__10-K__0001857853-24-000020__Item_16.txt
COOK,Signatures,94114,data\03_sections\COOK__10-K__0001857853-24-000020__Signatures.txt
COOK,HEADER,32611,data\03_sections\COOK__10-K__0001857853-25-000018__HEADER.txt
COOK,Item_1,45280,data\03_sections\COOK__10-K__0001857853-25-000018__Item_1.txt
COOK,Item_1A,225189,data\03_sections\COOK__10-K__0001857853-25-000018__Item_1A.txt
COOK,Item_1B,42,data\03_sections\COOK__10-K__0001857853-25-000018__Item_1B.txt
COOK,Item_1C,5179,data\03_sections\COOK__10-K__0001857853-25-000018__Item_1C.txt
COOK,Item_2,947,data\03_sections\COOK__10-K__0001857853-25-000018__Item_2.txt
COOK,Item_3,562,data\03_sections\COOK__10-K__0001857853-25-000018__Item_3.txt
COOK,Item_4,78,data\03_sections\COOK__10-K__0001857853-25-000018__Item_4.txt
COOK,Item_5,1249,data\03_sections\COOK__10-K__0001857853-25-000018__Item_5.txt
COOK,Item_6,41,data\03_sections\COOK__10-K__0001857853-25-000018__Item_6.txt
COOK,Item_7,49048,data\03_sections\COOK__10-K__0001857853-25-000018__Item_7.txt
COOK,Item_7A,6200,data\03_sections\COOK__10-K__0001857853-25-000018__Item_7A.txt
COOK,Item_8,258,data\03_sections\COOK__10-K__0001857853-25-000018__Item_8.txt
COOK,Item_9,101,data\03_sections\COOK__10-K__0001857853-25-000018__Item_9.txt
COOK,Item_9A,2537,data\03_sections\COOK__10-K__0001857853-25-000018__Item_9A.txt
COOK,Item_9B,1523,data\03_sections\COOK__10-K__0001857853-25-000018__Item_9B.txt
COOK,Item_9C,124,data\03_sections\COOK__10-K__0001857853-25-000018__Item_9C.txt
COOK,Item_10,10927,data\03_sections\COOK__10-K__0001857853-25-000018__Item_10.txt
COOK,Item_11,225,data\03_sections\COOK__10-K__0001857853-25-000018__Item_11.txt
COOK,Item_12,1066,data\03_sections\COOK__10-K__0001857853-25-000018__Item_12.txt
COOK,Item_13,297,data\03_sections\COOK__10-K__0001857853-25-000018__Item_13.txt
COOK,Item_14,270,data\03_sections\COOK__10-K__0001857853-25-000018__Item_14.txt
COOK,Item_15,1063,data\03_sections\COOK__10-K__0001857853-25-000018__Item_15.txt
COOK,Item_16,55,data\03_sections\COOK__10-K__0001857853-25-000018__Item_16.txt
COOK,Signatures,84536,data\03_sections\COOK__10-K__0001857853-25-000018__Signatures.txt
COST,HEADER,15838,data\03_sections\COST__10-K__0000909832-23-000042__HEADER.txt
COST,Item_1A,40053,data\03_sections\COST__10-K__0000909832-23-000042__Item_1A.txt
COST,Item_7,26333,data\03_sections\COST__10-K__0000909832-23-000042__Item_7.txt
COST,Item_1,16473,data\03_sections\COST__10-K__0000909832-23-000042__Item_1.txt
COST,Item_1B,41,data\03_sections\COST__10-K__0000909832-23-000042__Item_1B.txt
COST,Item_2,722,data\03_sections\COST__10-K__0000909832-23-000042__Item_2.txt
COST,Item_3,152,data\03_sections\COST__10-K__0000909832-23-000042__Item_3.txt
COST,Item_4,56,data\03_sections\COST__10-K__0000909832-23-000042__Item_4.txt
COST,Item_5,1701,data\03_sections\COST__10-K__0000909832-23-000042__Item_5.txt
COST,Item_6,38,data\03_sections\COST__10-K__0000909832-23-000042__Item_6.txt
COST,Item_7A,4468,data\03_sections\COST__10-K__0000909832-23-000042__Item_7A.txt
COST,Item_8,71104,data\03_sections\COST__10-K__0000909832-23-000042__Item_8.txt
COST,Item_9,99,data\03_sections\COST__10-K__0000909832-23-000042__Item_9.txt
COST,Item_9A,3635,data\03_sections\COST__10-K__0000909832-23-000042__Item_9A.txt
COST,Item_9B,905,data\03_sections\COST__10-K__0000909832-23-000042__Item_9B.txt
COST,Item_9C,102,data\03_sections\COST__10-K__0000909832-23-000042__Item_9C.txt
COST,Item_10,640,data\03_sections\COST__10-K__0000909832-23-000042__Item_10.txt
COST,Item_11,258,data\03_sections\COST__10-K__0000909832-23-000042__Item_11.txt
COST,Item_12,299,data\03_sections\COST__10-K__0000909832-23-000042__Item_12.txt
COST,Item_13,496,data\03_sections\COST__10-K__0000909832-23-000042__Item_13.txt
COST,Item_14,339,data\03_sections\COST__10-K__0000909832-23-000042__Item_14.txt
COST,Item_15,1247,data\03_sections\COST__10-K__0000909832-23-000042__Item_15.txt
COST,Item_16,54,data\03_sections\COST__10-K__0000909832-23-000042__Item_16.txt
COST,Signatures,500,data\03_sections\COST__10-K__0000909832-23-000042__Signatures.txt
COST,HEADER,16133,data\03_sections\COST__10-K__0000909832-24-000049__HEADER.txt
COST,Item_1A,40768,data\03_sections\COST__10-K__0000909832-24-000049__Item_1A.txt
COST,Item_7,26669,data\03_sections\COST__10-K__0000909832-24-000049__Item_7.txt
COST,Item_1,16763,data\03_sections\COST__10-K__0000909832-24-000049__Item_1.txt
COST,Item_1B,41,data\03_sections\COST__10-K__0000909832-24-000049__Item_1B.txt
COST,Item_1C,5115,data\03_sections\COST__10-K__0000909832-24-000049__Item_1C.txt
COST,Item_2,722,data\03_sections\COST__10-K__0000909832-24-000049__Item_2.txt
COST,Item_3,152,data\03_sections\COST__10-K__0000909832-24-000049__Item_3.txt
COST,Item_4,56,data\03_sections\COST__10-K__0000909832-24-000049__Item_4.txt
COST,Item_5,1697,data\03_sections\COST__10-K__0000909832-24-000049__Item_5.txt
COST,Item_6,38,data\03_sections\COST__10-K__0000909832-24-000049__Item_6.txt
COST,Item_7A,4484,data\03_sections\COST__10-K__0000909832-24-000049__Item_7A.txt
COST,Item_8,72990,data\03_sections\COST__10-K__0000909832-24-000049__Item_8.txt
COST,Item_9,99,data\03_sections\COST__10-K__0000909832-24-000049__Item_9.txt
COST,Item_9A,3635,data\03_sections\COST__10-K__0000909832-24-000049__Item_9A.txt
COST,Item_9B,272,data\03_sections\COST__10-K__0000909832-24-000049__Item_9B.txt
COST,Item_9C,102,data\03_sections\COST__10-K__0000909832-24-000049__Item_9C.txt
COST,Item_10,1010,data\03_sections\COST__10-K__0000909832-24-000049__Item_10.txt
COST,Item_11,258,data\03_sections\COST__10-K__0000909832-24-000049__Item_11.txt
COST,Item_12,299,data\03_sections\COST__10-K__0000909832-24-000049__Item_12.txt
COST,Item_13,496,data\03_sections\COST__10-K__0000909832-24-000049__Item_13.txt
COST,Item_14,339,data\03_sections\COST__10-K__0000909832-24-000049__Item_14.txt
COST,Item_15,1240,data\03_sections\COST__10-K__0000909832-24-000049__Item_15.txt
COST,Item_16,54,data\03_sections\COST__10-K__0000909832-24-000049__Item_16.txt
COST,Signatures,498,data\03_sections\COST__10-K__0000909832-24-000049__Signatures.txt
COST,HEADER,17218,data\03_sections\COST__10-K__0000909832-25-000101__HEADER.txt
COST,Item_1,16895,data\03_sections\COST__10-K__0000909832-25-000101__Item_1.txt
COST,Item_1A,42485,data\03_sections\COST__10-K__0000909832-25-000101__Item_1A.txt
COST,Item_1B,41,data\03_sections\COST__10-K__0000909832-25-000101__Item_1B.txt
COST,Item_1C,5239,data\03_sections\COST__10-K__0000909832-25-000101__Item_1C.txt
COST,Item_2,699,data\03_sections\COST__10-K__0000909832-25-000101__Item_2.txt
COST,Item_3,149,data\03_sections\COST__10-K__0000909832-25-000101__Item_3.txt
COST,Item_4,56,data\03_sections\COST__10-K__0000909832-25-000101__Item_4.txt
COST,Item_5,1717,data\03_sections\COST__10-K__0000909832-25-000101__Item_5.txt
COST,Item_6,38,data\03_sections\COST__10-K__0000909832-25-000101__Item_6.txt
COST,Item_7,25854,data\03_sections\COST__10-K__0000909832-25-000101__Item_7.txt
COST,Item_7A,4475,data\03_sections\COST__10-K__0000909832-25-000101__Item_7A.txt
COST,Item_8,69562,data\03_sections\COST__10-K__0000909832-25-000101__Item_8.txt
COST,Item_9,99,data\03_sections\COST__10-K__0000909832-25-000101__Item_9.txt
COST,Item_9A,3626,data\03_sections\COST__10-K__0000909832-25-000101__Item_9A.txt
COST,Item_9B,270,data\03_sections\COST__10-K__0000909832-25-000101__Item_9B.txt
COST,Item_9C,102,data\03_sections\COST__10-K__0000909832-25-000101__Item_9C.txt
COST,Item_10,1032,data\03_sections\COST__10-K__0000909832-25-000101__Item_10.txt
COST,Item_11,217,data\03_sections\COST__10-K__0000909832-25-000101__Item_11.txt
COST,Item_12,299,data\03_sections\COST__10-K__0000909832-25-000101__Item_12.txt
COST,Item_13,282,data\03_sections\COST__10-K__0000909832-25-000101__Item_13.txt
COST,Item_14,339,data\03_sections\COST__10-K__0000909832-25-000101__Item_14.txt
COST,Item_15,1099,data\03_sections\COST__10-K__0000909832-25-000101__Item_15.txt
COST,Item_16,54,data\03_sections\COST__10-K__0000909832-25-000101__Item_16.txt
COST,Signatures,498,data\03_sections\COST__10-K__0000909832-25-000101__Signatures.txt
CRCT,HEADER,31724,data\03_sections\CRCT__10-K__0001828962-24-000014__HEADER.txt
CRCT,Item_1,61598,data\03_sections\CRCT__10-K__0001828962-24-000014__Item_1.txt
CRCT,Item_1A,242024,data\03_sections\CRCT__10-K__0001828962-24-000014__Item_1A.txt
CRCT,Item_1B,62,data\03_sections\CRCT__10-K__0001828962-24-000014__Item_1B.txt
CRCT,Item_1C,5928,data\03_sections\CRCT__10-K__0001828962-24-000014__Item_1C.txt
CRCT,Item_2,635,data\03_sections\CRCT__10-K__0001828962-24-000014__Item_2.txt
CRCT,Item_3,1688,data\03_sections\CRCT__10-K__0001828962-24-000014__Item_3.txt
CRCT,Item_4,56,data\03_sections\CRCT__10-K__0001828962-24-000014__Item_4.txt
CRCT,Item_5,3602,data\03_sections\CRCT__10-K__0001828962-24-000014__Item_5.txt
CRCT,Item_6,20,data\03_sections\CRCT__10-K__0001828962-24-000014__Item_6.txt
CRCT,Item_7,52918,data\03_sections\CRCT__10-K__0001828962-24-000014__Item_7.txt
CRCT,Item_7A,1792,data\03_sections\CRCT__10-K__0001828962-24-000014__Item_7A.txt
CRCT,Item_8,99721,data\03_sections\CRCT__10-K__0001828962-24-000014__Item_8.txt
CRCT,Item_9,100,data\03_sections\CRCT__10-K__0001828962-24-000014__Item_9.txt
CRCT,Item_9A,4241,data\03_sections\CRCT__10-K__0001828962-24-000014__Item_9A.txt
CRCT,Item_9B,1023,data\03_sections\CRCT__10-K__0001828962-24-000014__Item_9B.txt
CRCT,Item_9C,102,data\03_sections\CRCT__10-K__0001828962-24-000014__Item_9C.txt
CRCT,Item_10,219,data\03_sections\CRCT__10-K__0001828962-24-000014__Item_10.txt
CRCT,Item_11,165,data\03_sections\CRCT__10-K__0001828962-24-000014__Item_11.txt
CRCT,Item_12,236,data\03_sections\CRCT__10-K__0001828962-24-000014__Item_12.txt
CRCT,Item_13,216,data\03_sections\CRCT__10-K__0001828962-24-000014__Item_13.txt
CRCT,Item_14,189,data\03_sections\CRCT__10-K__0001828962-24-000014__Item_14.txt
CRCT,Item_15,1603,data\03_sections\CRCT__10-K__0001828962-24-000014__Item_15.txt
CRCT,Item_16,33,data\03_sections\CRCT__10-K__0001828962-24-000014__Item_16.txt
CRCT,Signatures,1474,data\03_sections\CRCT__10-K__0001828962-24-000014__Signatures.txt
CRCT,HEADER,25779,data\03_sections\CRCT__10-K__0001828962-25-000039__HEADER.txt
CRCT,Item_1,60357,data\03_sections\CRCT__10-K__0001828962-25-000039__Item_1.txt
CRCT,Item_1A,243079,data\03_sections\CRCT__10-K__0001828962-25-000039__Item_1A.txt
CRCT,Item_1B,41,data\03_sections\CRCT__10-K__0001828962-25-000039__Item_1B.txt
CRCT,Item_1C,6057,data\03_sections\CRCT__10-K__0001828962-25-000039__Item_1C.txt
CRCT,Item_2,635,data\03_sections\CRCT__10-K__0001828962-25-000039__Item_2.txt
CRCT,Item_3,956,data\03_sections\CRCT__10-K__0001828962-25-000039__Item_3.txt
CRCT,Item_4,77,data\03_sections\CRCT__10-K__0001828962-25-000039__Item_4.txt
CRCT,Item_5,4520,data\03_sections\CRCT__10-K__0001828962-25-000039__Item_5.txt
CRCT,Item_6,42,data\03_sections\CRCT__10-K__0001828962-25-000039__Item_6.txt
CRCT,Item_7,46942,data\03_sections\CRCT__10-K__0001828962-25-000039__Item_7.txt
CRCT,Item_7A,1771,data\03_sections\CRCT__10-K__0001828962-25-000039__Item_7A.txt
CRCT,Item_8,88882,data\03_sections\CRCT__10-K__0001828962-25-000039__Item_8.txt
CRCT,Item_9,122,data\03_sections\CRCT__10-K__0001828962-25-000039__Item_9.txt
CRCT,Item_9A,4219,data\03_sections\CRCT__10-K__0001828962-25-000039__Item_9A.txt
CRCT,Item_9B,1438,data\03_sections\CRCT__10-K__0001828962-25-000039__Item_9B.txt
CRCT,Item_9C,102,data\03_sections\CRCT__10-K__0001828962-25-000039__Item_9C.txt
CRCT,Item_10,197,data\03_sections\CRCT__10-K__0001828962-25-000039__Item_10.txt
CRCT,Item_11,165,data\03_sections\CRCT__10-K__0001828962-25-000039__Item_11.txt
CRCT,Item_12,236,data\03_sections\CRCT__10-K__0001828962-25-000039__Item_12.txt
CRCT,Item_13,216,data\03_sections\CRCT__10-K__0001828962-25-000039__Item_13.txt
CRCT,Item_14,189,data\03_sections\CRCT__10-K__0001828962-25-000039__Item_14.txt
CRCT,Item_15,1606,data\03_sections\CRCT__10-K__0001828962-25-000039__Item_15.txt
CRCT,Item_16,33,data\03_sections\CRCT__10-K__0001828962-25-000039__Item_16.txt
CRCT,Signatures,1452,data\03_sections\CRCT__10-K__0001828962-25-000039__Signatures.txt
CRCT,HEADER,26185,data\03_sections\CRCT__10-K__0001828962-26-000010__HEADER.txt
CRCT,Item_1,60160,data\03_sections\CRCT__10-K__0001828962-26-000010__Item_1.txt
CRCT,Item_1A,244972,data\03_sections\CRCT__10-K__0001828962-26-000010__Item_1A.txt
CRCT,Item_1B,41,data\03_sections\CRCT__10-K__0001828962-26-000010__Item_1B.txt
CRCT,Item_1C,6501,data\03_sections\CRCT__10-K__0001828962-26-000010__Item_1C.txt
CRCT,Item_2,617,data\03_sections\CRCT__10-K__0001828962-26-000010__Item_2.txt
CRCT,Item_3,956,data\03_sections\CRCT__10-K__0001828962-26-000010__Item_3.txt
CRCT,Item_4,77,data\03_sections\CRCT__10-K__0001828962-26-000010__Item_4.txt
CRCT,Item_5,4790,data\03_sections\CRCT__10-K__0001828962-26-000010__Item_5.txt
CRCT,Item_6,42,data\03_sections\CRCT__10-K__0001828962-26-000010__Item_6.txt
CRCT,Item_7,48209,data\03_sections\CRCT__10-K__0001828962-26-000010__Item_7.txt
CRCT,Item_7A,1792,data\03_sections\CRCT__10-K__0001828962-26-000010__Item_7A.txt
CRCT,Item_8,90250,data\03_sections\CRCT__10-K__0001828962-26-000010__Item_8.txt
CRCT,Item_9,122,data\03_sections\CRCT__10-K__0001828962-26-000010__Item_9.txt
CRCT,Item_9A,4219,data\03_sections\CRCT__10-K__0001828962-26-000010__Item_9A.txt
CRCT,Item_9B,341,data\03_sections\CRCT__10-K__0001828962-26-000010__Item_9B.txt
CRCT,Item_9C,102,data\03_sections\CRCT__10-K__0001828962-26-000010__Item_9C.txt
CRCT,Item_10,197,data\03_sections\CRCT__10-K__0001828962-26-000010__Item_10.txt
CRCT,Item_11,165,data\03_sections\CRCT__10-K__0001828962-26-000010__Item_11.txt
CRCT,Item_12,236,data\03_sections\CRCT__10-K__0001828962-26-000010__Item_12.txt
CRCT,Item_13,216,data\03_sections\CRCT__10-K__0001828962-26-000010__Item_13.txt
CRCT,Item_14,189,data\03_sections\CRCT__10-K__0001828962-26-000010__Item_14.txt
CRCT,Item_15,1603,data\03_sections\CRCT__10-K__0001828962-26-000010__Item_15.txt
CRCT,Item_16,55,data\03_sections\CRCT__10-K__0001828962-26-000010__Item_16.txt
CRCT,Signatures,1470,data\03_sections\CRCT__10-K__0001828962-26-000010__Signatures.txt
CRMT,HEADER,18593,data\03_sections\CRMT__10-K__0001171843-23-004114__HEADER.txt
CRMT,Item_1,50206,data\03_sections\CRMT__10-K__0001171843-23-004114__Item_1.txt
CRMT,Item_1A,27210,data\03_sections\CRMT__10-K__0001171843-23-004114__Item_1A.txt
CRMT,Item_1B,56,data\03_sections\CRMT__10-K__0001171843-23-004114__Item_1B.txt
CRMT,Item_2,669,data\03_sections\CRMT__10-K__0001171843-23-004114__Item_2.txt
CRMT,Item_3,429,data\03_sections\CRMT__10-K__0001171843-23-004114__Item_3.txt
CRMT,Item_4,61,data\03_sections\CRMT__10-K__0001171843-23-004114__Item_4.txt
CRMT,Item_5,3032,data\03_sections\CRMT__10-K__0001171843-23-004114__Item_5.txt
CRMT,Item_6,18,data\03_sections\CRMT__10-K__0001171843-23-004114__Item_6.txt
CRMT,Item_7,41775,data\03_sections\CRMT__10-K__0001171843-23-004114__Item_7.txt
CRMT,Item_7A,1847,data\03_sections\CRMT__10-K__0001171843-23-004114__Item_7A.txt
CRMT,Item_8,64570,data\03_sections\CRMT__10-K__0001171843-23-004114__Item_8.txt
CRMT,Item_9,104,data\03_sections\CRMT__10-K__0001171843-23-004114__Item_9.txt
CRMT,Item_9A,10295,data\03_sections\CRMT__10-K__0001171843-23-004114__Item_9A.txt
CRMT,Item_9B,34,data\03_sections\CRMT__10-K__0001171843-23-004114__Item_9B.txt
CRMT,Item_9C,726,data\03_sections\CRMT__10-K__0001171843-23-004114__Item_9C.txt
CRMT,Item_10,366,data\03_sections\CRMT__10-K__0001171843-23-004114__Item_10.txt
CRMT,Item_11,170,data\03_sections\CRMT__10-K__0001171843-23-004114__Item_11.txt
CRMT,Item_12,681,data\03_sections\CRMT__10-K__0001171843-23-004114__Item_12.txt
CRMT,Item_13,221,data\03_sections\CRMT__10-K__0001171843-23-004114__Item_13.txt
CRMT,Item_14,195,data\03_sections\CRMT__10-K__0001171843-23-004114__Item_14.txt
CRMT,Item_15,838,data\03_sections\CRMT__10-K__0001171843-23-004114__Item_15.txt
CRMT,Item_16,48,data\03_sections\CRMT__10-K__0001171843-23-004114__Item_16.txt
CRMT,Signatures,463,data\03_sections\CRMT__10-K__0001171843-23-004114__Signatures.txt
CRMT,HEADER,19911,data\03_sections\CRMT__10-K__0001171843-24-003950__HEADER.txt
CRMT,Item_1,47242,data\03_sections\CRMT__10-K__0001171843-24-003950__Item_1.txt
CRMT,Item_1A,27442,data\03_sections\CRMT__10-K__0001171843-24-003950__Item_1A.txt
CRMT,Item_1B,52,data\03_sections\CRMT__10-K__0001171843-24-003950__Item_1B.txt
CRMT,Item_1C,6159,data\03_sections\CRMT__10-K__0001171843-24-003950__Item_1C.txt
CRMT,Item_2,570,data\03_sections\CRMT__10-K__0001171843-24-003950__Item_2.txt
CRMT,Item_3,429,data\03_sections\CRMT__10-K__0001171843-24-003950__Item_3.txt
CRMT,Item_4,61,data\03_sections\CRMT__10-K__0001171843-24-003950__Item_4.txt
CRMT,Item_5,2902,data\03_sections\CRMT__10-K__0001171843-24-003950__Item_5.txt
CRMT,Item_6,23,data\03_sections\CRMT__10-K__0001171843-24-003950__Item_6.txt
CRMT,Item_7,47251,data\03_sections\CRMT__10-K__0001171843-24-003950__Item_7.txt
CRMT,Item_7A,2067,data\03_sections\CRMT__10-K__0001171843-24-003950__Item_7A.txt
CRMT,Item_8,67759,data\03_sections\CRMT__10-K__0001171843-24-003950__Item_8.txt
CRMT,Item_9,100,data\03_sections\CRMT__10-K__0001171843-24-003950__Item_9.txt
CRMT,Item_9A,6966,data\03_sections\CRMT__10-K__0001171843-24-003950__Item_9A.txt
CRMT,Item_9B,276,data\03_sections\CRMT__10-K__0001171843-24-003950__Item_9B.txt
CRMT,Item_9C,726,data\03_sections\CRMT__10-K__0001171843-24-003950__Item_9C.txt
CRMT,Item_10,366,data\03_sections\CRMT__10-K__0001171843-24-003950__Item_10.txt
CRMT,Item_11,170,data\03_sections\CRMT__10-K__0001171843-24-003950__Item_11.txt
CRMT,Item_12,683,data\03_sections\CRMT__10-K__0001171843-24-003950__Item_12.txt
CRMT,Item_13,221,data\03_sections\CRMT__10-K__0001171843-24-003950__Item_13.txt
CRMT,Item_14,195,data\03_sections\CRMT__10-K__0001171843-24-003950__Item_14.txt
CRMT,Item_15,834,data\03_sections\CRMT__10-K__0001171843-24-003950__Item_15.txt
CRMT,Item_16,48,data\03_sections\CRMT__10-K__0001171843-24-003950__Item_16.txt
CRMT,Signatures,462,data\03_sections\CRMT__10-K__0001171843-24-003950__Signatures.txt
CRMT,HEADER,33979,data\03_sections\CRMT__10-K__0001628280-25-039026__HEADER.txt
CRMT,Item_1,48448,data\03_sections\CRMT__10-K__0001628280-25-039026__Item_1.txt
CRMT,Item_1A,37511,data\03_sections\CRMT__10-K__0001628280-25-039026__Item_1A.txt
CRMT,Item_1B,51,data\03_sections\CRMT__10-K__0001628280-25-039026__Item_1B.txt
CRMT,Item_1C,6655,data\03_sections\CRMT__10-K__0001628280-25-039026__Item_1C.txt
CRMT,Item_2,590,data\03_sections\CRMT__10-K__0001628280-25-039026__Item_2.txt
CRMT,Item_3,428,data\03_sections\CRMT__10-K__0001628280-25-039026__Item_3.txt
CRMT,Item_4,76,data\03_sections\CRMT__10-K__0001628280-25-039026__Item_4.txt
CRMT,Item_5,3174,data\03_sections\CRMT__10-K__0001628280-25-039026__Item_5.txt
CRMT,Item_6,40,data\03_sections\CRMT__10-K__0001628280-25-039026__Item_6.txt
CRMT,Item_7,54471,data\03_sections\CRMT__10-K__0001628280-25-039026__Item_7.txt
CRMT,Item_7A,2017,data\03_sections\CRMT__10-K__0001628280-25-039026__Item_7A.txt
CRMT,Item_8,87495,data\03_sections\CRMT__10-K__0001628280-25-039026__Item_8.txt
CRMT,Item_9,99,data\03_sections\CRMT__10-K__0001628280-25-039026__Item_9.txt
CRMT,Item_9A,13602,data\03_sections\CRMT__10-K__0001628280-25-039026__Item_9A.txt
CRMT,Item_9B,275,data\03_sections\CRMT__10-K__0001628280-25-039026__Item_9B.txt
CRMT,Item_9C,726,data\03_sections\CRMT__10-K__0001628280-25-039026__Item_9C.txt
CRMT,Item_10,3501,data\03_sections\CRMT__10-K__0001628280-25-039026__Item_10.txt
CRMT,Item_11,169,data\03_sections\CRMT__10-K__0001628280-25-039026__Item_11.txt
CRMT,Item_12,996,data\03_sections\CRMT__10-K__0001628280-25-039026__Item_12.txt
CRMT,Item_13,220,data\03_sections\CRMT__10-K__0001628280-25-039026__Item_13.txt
CRMT,Item_14,214,data\03_sections\CRMT__10-K__0001628280-25-039026__Item_14.txt
CRMT,Item_15,975,data\03_sections\CRMT__10-K__0001628280-25-039026__Item_15.txt
CRMT,Item_16,64,data\03_sections\CRMT__10-K__0001628280-25-039026__Item_16.txt
CRMT,Signatures,459,data\03_sections\CRMT__10-K__0001628280-25-039026__Signatures.txt
CVNA,HEADER,62104,data\03_sections\CVNA__10-K__0001690820-24-000093__HEADER.txt
CVNA,Item_1,51078,data\03_sections\CVNA__10-K__0001690820-24-000093__Item_1.txt
CVNA,Item_1A,167422,data\03_sections\CVNA__10-K__0001690820-24-000093__Item_1A.txt
CVNA,Item_1B,46,data\03_sections\CVNA__10-K__0001690820-24-000093__Item_1B.txt
CVNA,Item_1C,3930,data\03_sections\CVNA__10-K__0001690820-24-000093__Item_1C.txt
CVNA,Item_2,217,data\03_sections\CVNA__10-K__0001690820-24-000093__Item_2.txt
CVNA,Item_3,1064,data\03_sections\CVNA__10-K__0001690820-24-000093__Item_3.txt
CVNA,Item_4,60,data\03_sections\CVNA__10-K__0001690820-24-000093__Item_4.txt
CVNA,Item_5,2312,data\03_sections\CVNA__10-K__0001690820-24-000093__Item_5.txt
CVNA,Item_6,23,data\03_sections\CVNA__10-K__0001690820-24-000093__Item_6.txt
CVNA,Item_7,73352,data\03_sections\CVNA__10-K__0001690820-24-000093__Item_7.txt
CVNA,Item_7A,3119,data\03_sections\CVNA__10-K__0001690820-24-000093__Item_7A.txt
CVNA,Item_8,167926,data\03_sections\CVNA__10-K__0001690820-24-000093__Item_8.txt
CVNA,Item_9,101,data\03_sections\CVNA__10-K__0001690820-24-000093__Item_9.txt
CVNA,Item_9A,3190,data\03_sections\CVNA__10-K__0001690820-24-000093__Item_9A.txt
CVNA,Item_9B,1200,data\03_sections\CVNA__10-K__0001690820-24-000093__Item_9B.txt
CVNA,Item_9C,107,data\03_sections\CVNA__10-K__0001690820-24-000093__Item_9C.txt
CVNA,Item_10,305,data\03_sections\CVNA__10-K__0001690820-24-000093__Item_10.txt
CVNA,Item_11,273,data\03_sections\CVNA__10-K__0001690820-24-000093__Item_11.txt
CVNA,Item_12,610,data\03_sections\CVNA__10-K__0001690820-24-000093__Item_12.txt
CVNA,Item_13,324,data\03_sections\CVNA__10-K__0001690820-24-000093__Item_13.txt
CVNA,Item_14,300,data\03_sections\CVNA__10-K__0001690820-24-000093__Item_14.txt
CVNA,Item_15,501,data\03_sections\CVNA__10-K__0001690820-24-000093__Item_15.txt
CVNA,Item_16,75,data\03_sections\CVNA__10-K__0001690820-24-000093__Item_16.txt
CVNA,Signatures,467,data\03_sections\CVNA__10-K__0001690820-24-000093__Signatures.txt
CVNA,HEADER,61325,data\03_sections\CVNA__10-K__0001690820-25-000074__HEADER.txt
CVNA,Item_1,34527,data\03_sections\CVNA__10-K__0001690820-25-000074__Item_1.txt
CVNA,Item_1A,101368,data\03_sections\CVNA__10-K__0001690820-25-000074__Item_1A.txt
CVNA,Item_1B,46,data\03_sections\CVNA__10-K__0001690820-25-000074__Item_1B.txt
CVNA,Item_1C,4553,data\03_sections\CVNA__10-K__0001690820-25-000074__Item_1C.txt
CVNA,Item_2,312,data\03_sections\CVNA__10-K__0001690820-25-000074__Item_2.txt
CVNA,Item_3,369,data\03_sections\CVNA__10-K__0001690820-25-000074__Item_3.txt
CVNA,Item_4,60,data\03_sections\CVNA__10-K__0001690820-25-000074__Item_4.txt
CVNA,Item_5,2318,data\03_sections\CVNA__10-K__0001690820-25-000074__Item_5.txt
CVNA,Item_6,23,data\03_sections\CVNA__10-K__0001690820-25-000074__Item_6.txt
CVNA,Item_7,71806,data\03_sections\CVNA__10-K__0001690820-25-000074__Item_7.txt
CVNA,Item_7A,3036,data\03_sections\CVNA__10-K__0001690820-25-000074__Item_7A.txt
CVNA,Item_8,162676,data\03_sections\CVNA__10-K__0001690820-25-000074__Item_8.txt
CVNA,Item_9,101,data\03_sections\CVNA__10-K__0001690820-25-000074__Item_9.txt
CVNA,Item_9A,3159,data\03_sections\CVNA__10-K__0001690820-25-000074__Item_9A.txt
CVNA,Item_9B,3280,data\03_sections\CVNA__10-K__0001690820-25-000074__Item_9B.txt
CVNA,Item_9C,107,data\03_sections\CVNA__10-K__0001690820-25-000074__Item_9C.txt
CVNA,Item_10,305,data\03_sections\CVNA__10-K__0001690820-25-000074__Item_10.txt
CVNA,Item_11,273,data\03_sections\CVNA__10-K__0001690820-25-000074__Item_11.txt
CVNA,Item_12,2334,data\03_sections\CVNA__10-K__0001690820-25-000074__Item_12.txt
CVNA,Item_13,328,data\03_sections\CVNA__10-K__0001690820-25-000074__Item_13.txt
CVNA,Item_14,300,data\03_sections\CVNA__10-K__0001690820-25-000074__Item_14.txt
CVNA,Item_15,501,data\03_sections\CVNA__10-K__0001690820-25-000074__Item_15.txt
CVNA,Item_16,75,data\03_sections\CVNA__10-K__0001690820-25-000074__Item_16.txt
CVNA,Signatures,467,data\03_sections\CVNA__10-K__0001690820-25-000074__Signatures.txt
CVNA,HEADER,55363,data\03_sections\CVNA__10-K__0001690820-26-000009__HEADER.txt
CVNA,Item_1,34655,data\03_sections\CVNA__10-K__0001690820-26-000009__Item_1.txt
CVNA,Item_1A,106040,data\03_sections\CVNA__10-K__0001690820-26-000009__Item_1A.txt
CVNA,Item_1B,46,data\03_sections\CVNA__10-K__0001690820-26-000009__Item_1B.txt
CVNA,Item_1C,5123,data\03_sections\CVNA__10-K__0001690820-26-000009__Item_1C.txt
CVNA,Item_2,325,data\03_sections\CVNA__10-K__0001690820-26-000009__Item_2.txt
CVNA,Item_3,1825,data\03_sections\CVNA__10-K__0001690820-26-000009__Item_3.txt
CVNA,Item_4,60,data\03_sections\CVNA__10-K__0001690820-26-000009__Item_4.txt
CVNA,Item_5,3291,data\03_sections\CVNA__10-K__0001690820-26-000009__Item_5.txt
CVNA,Item_6,23,data\03_sections\CVNA__10-K__0001690820-26-000009__Item_6.txt
CVNA,Item_7,73310,data\03_sections\CVNA__10-K__0001690820-26-000009__Item_7.txt
CVNA,Item_7A,3234,data\03_sections\CVNA__10-K__0001690820-26-000009__Item_7A.txt
CVNA,Item_8,163154,data\03_sections\CVNA__10-K__0001690820-26-000009__Item_8.txt
CVNA,Item_9,101,data\03_sections\CVNA__10-K__0001690820-26-000009__Item_9.txt
CVNA,Item_9A,3187,data\03_sections\CVNA__10-K__0001690820-26-000009__Item_9A.txt
CVNA,Item_9B,490,data\03_sections\CVNA__10-K__0001690820-26-000009__Item_9B.txt
CVNA,Item_9C,107,data\03_sections\CVNA__10-K__0001690820-26-000009__Item_9C.txt
CVNA,Item_10,305,data\03_sections\CVNA__10-K__0001690820-26-000009__Item_10.txt
CVNA,Item_11,274,data\03_sections\CVNA__10-K__0001690820-26-000009__Item_11.txt
CVNA,Item_12,2098,data\03_sections\CVNA__10-K__0001690820-26-000009__Item_12.txt
CVNA,Item_13,325,data\03_sections\CVNA__10-K__0001690820-26-000009__Item_13.txt
CVNA,Item_14,301,data\03_sections\CVNA__10-K__0001690820-26-000009__Item_14.txt
CVNA,Item_15,501,data\03_sections\CVNA__10-K__0001690820-26-000009__Item_15.txt
CVNA,Item_16,75,data\03_sections\CVNA__10-K__0001690820-26-000009__Item_16.txt
CVNA,Signatures,467,data\03_sections\CVNA__10-K__0001690820-26-000009__Signatures.txt
CVS,HEADER,118982,data\03_sections\CVS__10-K__0000064803-24-000007__HEADER.txt
CVS,Item_1,194377,data\03_sections\CVS__10-K__0000064803-24-000007__Item_1.txt
CVS,Item_1A,156774,data\03_sections\CVS__10-K__0000064803-24-000007__Item_1A.txt
CVS,Item_1B,80,data\03_sections\CVS__10-K__0000064803-24-000007__Item_1B.txt
CVS,Item_1C,5251,data\03_sections\CVS__10-K__0000064803-24-000007__Item_1C.txt
CVS,Item_2,2948,data\03_sections\CVS__10-K__0000064803-24-000007__Item_2.txt
CVS,Item_3,167,data\03_sections\CVS__10-K__0000064803-24-000007__Item_3.txt
CVS,Item_4,5336,data\03_sections\CVS__10-K__0000064803-24-000007__Item_4.txt
CVS,Item_5,6886,data\03_sections\CVS__10-K__0000064803-24-000007__Item_5.txt
CVS,Item_6,54,data\03_sections\CVS__10-K__0000064803-24-000007__Item_6.txt
CVS,Item_7,104266,data\03_sections\CVS__10-K__0000064803-24-000007__Item_7.txt
CVS,Item_7A,10368,data\03_sections\CVS__10-K__0000064803-24-000007__Item_7A.txt
CVS,Item_8,255211,data\03_sections\CVS__10-K__0000064803-24-000007__Item_8.txt
CVS,Item_9,100,data\03_sections\CVS__10-K__0000064803-24-000007__Item_9.txt
CVS,Item_9A,4293,data\03_sections\CVS__10-K__0000064803-24-000007__Item_9A.txt
CVS,Item_9B,571,data\03_sections\CVS__10-K__0000064803-24-000007__Item_9B.txt
CVS,Item_9C,93,data\03_sections\CVS__10-K__0000064803-24-000007__Item_9C.txt
CVS,Item_10,460,data\03_sections\CVS__10-K__0000064803-24-000007__Item_10.txt
CVS,Item_11,407,data\03_sections\CVS__10-K__0000064803-24-000007__Item_11.txt
CVS,Item_12,5185,data\03_sections\CVS__10-K__0000064803-24-000007__Item_12.txt
CVS,Item_13,261,data\03_sections\CVS__10-K__0000064803-24-000007__Item_13.txt
CVS,Item_14,265,data\03_sections\CVS__10-K__0000064803-24-000007__Item_14.txt
CVS,Item_15,1472,data\03_sections\CVS__10-K__0000064803-24-000007__Item_15.txt
CVS,Item_16,56,data\03_sections\CVS__10-K__0000064803-24-000007__Item_16.txt
CVS,Signatures,464,data\03_sections\CVS__10-K__0000064803-24-000007__Signatures.txt
CVS,HEADER,113910,data\03_sections\CVS__10-K__0000064803-25-000007__HEADER.txt
CVS,Item_1,183065,data\03_sections\CVS__10-K__0000064803-25-000007__Item_1.txt
CVS,Item_1A,153040,data\03_sections\CVS__10-K__0000064803-25-000007__Item_1A.txt
CVS,Item_1B,80,data\03_sections\CVS__10-K__0000064803-25-000007__Item_1B.txt
CVS,Item_1C,4969,data\03_sections\CVS__10-K__0000064803-25-000007__Item_1C.txt
CVS,Item_2,2945,data\03_sections\CVS__10-K__0000064803-25-000007__Item_2.txt
CVS,Item_3,167,data\03_sections\CVS__10-K__0000064803-25-000007__Item_3.txt
CVS,Item_4,5094,data\03_sections\CVS__10-K__0000064803-25-000007__Item_4.txt
CVS,Item_5,6665,data\03_sections\CVS__10-K__0000064803-25-000007__Item_5.txt
CVS,Item_6,54,data\03_sections\CVS__10-K__0000064803-25-000007__Item_6.txt
CVS,Item_7,97401,data\03_sections\CVS__10-K__0000064803-25-000007__Item_7.txt
CVS,Item_7A,9981,data\03_sections\CVS__10-K__0000064803-25-000007__Item_7A.txt
CVS,Item_8,243599,data\03_sections\CVS__10-K__0000064803-25-000007__Item_8.txt
CVS,Item_9,100,data\03_sections\CVS__10-K__0000064803-25-000007__Item_9.txt
CVS,Item_9A,4293,data\03_sections\CVS__10-K__0000064803-25-000007__Item_9A.txt
CVS,Item_9B,571,data\03_sections\CVS__10-K__0000064803-25-000007__Item_9B.txt
CVS,Item_9C,93,data\03_sections\CVS__10-K__0000064803-25-000007__Item_9C.txt
CVS,Item_10,898,data\03_sections\CVS__10-K__0000064803-25-000007__Item_10.txt
CVS,Item_11,407,data\03_sections\CVS__10-K__0000064803-25-000007__Item_11.txt
CVS,Item_12,4978,data\03_sections\CVS__10-K__0000064803-25-000007__Item_12.txt
CVS,Item_13,261,data\03_sections\CVS__10-K__0000064803-25-000007__Item_13.txt
CVS,Item_14,265,data\03_sections\CVS__10-K__0000064803-25-000007__Item_14.txt
CVS,Item_15,1496,data\03_sections\CVS__10-K__0000064803-25-000007__Item_15.txt
CVS,Item_16,56,data\03_sections\CVS__10-K__0000064803-25-000007__Item_16.txt
CVS,Signatures,464,data\03_sections\CVS__10-K__0000064803-25-000007__Signatures.txt
CVS,HEADER,101428,data\03_sections\CVS__10-K__0000064803-26-000010__HEADER.txt
CVS,Item_1,163732,data\03_sections\CVS__10-K__0000064803-26-000010__Item_1.txt
CVS,Item_1A,134246,data\03_sections\CVS__10-K__0000064803-26-000010__Item_1A.txt
CVS,Item_1B,80,data\03_sections\CVS__10-K__0000064803-26-000010__Item_1B.txt
CVS,Item_1C,4871,data\03_sections\CVS__10-K__0000064803-26-000010__Item_1C.txt
CVS,Item_2,2853,data\03_sections\CVS__10-K__0000064803-26-000010__Item_2.txt
CVS,Item_3,167,data\03_sections\CVS__10-K__0000064803-26-000010__Item_3.txt
CVS,Item_4,5032,data\03_sections\CVS__10-K__0000064803-26-000010__Item_4.txt
CVS,Item_5,5609,data\03_sections\CVS__10-K__0000064803-26-000010__Item_5.txt
CVS,Item_6,54,data\03_sections\CVS__10-K__0000064803-26-000010__Item_6.txt
CVS,Item_7,87654,data\03_sections\CVS__10-K__0000064803-26-000010__Item_7.txt
CVS,Item_7A,9564,data\03_sections\CVS__10-K__0000064803-26-000010__Item_7A.txt
CVS,Item_8,224634,data\03_sections\CVS__10-K__0000064803-26-000010__Item_8.txt
CVS,Item_9,100,data\03_sections\CVS__10-K__0000064803-26-000010__Item_9.txt
CVS,Item_9A,4293,data\03_sections\CVS__10-K__0000064803-26-000010__Item_9A.txt
CVS,Item_9B,571,data\03_sections\CVS__10-K__0000064803-26-000010__Item_9B.txt
CVS,Item_9C,93,data\03_sections\CVS__10-K__0000064803-26-000010__Item_9C.txt
CVS,Item_10,900,data\03_sections\CVS__10-K__0000064803-26-000010__Item_10.txt
CVS,Item_11,407,data\03_sections\CVS__10-K__0000064803-26-000010__Item_11.txt
CVS,Item_12,4660,data\03_sections\CVS__10-K__0000064803-26-000010__Item_12.txt
CVS,Item_13,261,data\03_sections\CVS__10-K__0000064803-26-000010__Item_13.txt
CVS,Item_14,265,data\03_sections\CVS__10-K__0000064803-26-000010__Item_14.txt
CVS,Item_15,1169,data\03_sections\CVS__10-K__0000064803-26-000010__Item_15.txt
CVS,Item_16,38,data\03_sections\CVS__10-K__0000064803-26-000010__Item_16.txt
CVS,Signatures,464,data\03_sections\CVS__10-K__0000064803-26-000010__Signatures.txt
CWH,HEADER,63956,data\03_sections\CWH__10-K__0001104659-26-021548__HEADER.txt
CWH,Item_1,21402,data\03_sections\CWH__10-K__0001104659-26-021548__Item_1.txt
CWH,Item_1A,133441,data\03_sections\CWH__10-K__0001104659-26-021548__Item_1A.txt
CWH,Item_1B,43,data\03_sections\CWH__10-K__0001104659-26-021548__Item_1B.txt
CWH,Item_1C,4962,data\03_sections\CWH__10-K__0001104659-26-021548__Item_1C.txt
CWH,Item_2,985,data\03_sections\CWH__10-K__0001104659-26-021548__Item_2.txt
CWH,Item_3,1147,data\03_sections\CWH__10-K__0001104659-26-021548__Item_3.txt
CWH,Item_4,15035,data\03_sections\CWH__10-K__0001104659-26-021548__Item_4.txt
CWH,Item_5,6632,data\03_sections\CWH__10-K__0001104659-26-021548__Item_5.txt
CWH,Item_7,81925,data\03_sections\CWH__10-K__0001104659-26-021548__Item_7.txt
CWH,Item_7A,2414,data\03_sections\CWH__10-K__0001104659-26-021548__Item_7A.txt
CWH,Item_8,163085,data\03_sections\CWH__10-K__0001104659-26-021548__Item_8.txt
CWH,Item_9,101,data\03_sections\CWH__10-K__0001104659-26-021548__Item_9.txt
CWH,Item_9A,7794,data\03_sections\CWH__10-K__0001104659-26-021548__Item_9A.txt
CWH,Item_9B,196,data\03_sections\CWH__10-K__0001104659-26-021548__Item_9B.txt
CWH,Item_10,1331,data\03_sections\CWH__10-K__0001104659-26-021548__Item_10.txt
CWH,Item_11,397,data\03_sections\CWH__10-K__0001104659-26-021548__Item_11.txt
CWH,Item_12,715,data\03_sections\CWH__10-K__0001104659-26-021548__Item_12.txt
CWH,Item_13,386,data\03_sections\CWH__10-K__0001104659-26-021548__Item_13.txt
CWH,Item_14,349,data\03_sections\CWH__10-K__0001104659-26-021548__Item_14.txt
CWH,Item_15,895,data\03_sections\CWH__10-K__0001104659-26-021548__Item_15.txt
CWH,Item_16,59,data\03_sections\CWH__10-K__0001104659-26-021548__Item_16.txt
CWH,Signatures,527,data\03_sections\CWH__10-K__0001104659-26-021548__Signatures.txt
CWH,HEADER,59527,data\03_sections\CWH__10-K__0001558370-24-001703__HEADER.txt
CWH,Item_1,22510,data\03_sections\CWH__10-K__0001558370-24-001703__Item_1.txt
CWH,Item_1A,130207,data\03_sections\CWH__10-K__0001558370-24-001703__Item_1A.txt
CWH,Item_1B,43,data\03_sections\CWH__10-K__0001558370-24-001703__Item_1B.txt
CWH,Item_1C,4496,data\03_sections\CWH__10-K__0001558370-24-001703__Item_1C.txt
CWH,Item_2,965,data\03_sections\CWH__10-K__0001558370-24-001703__Item_2.txt
CWH,Item_3,1103,data\03_sections\CWH__10-K__0001558370-24-001703__Item_3.txt
CWH,Item_4,14741,data\03_sections\CWH__10-K__0001558370-24-001703__Item_4.txt
CWH,Item_5,7373,data\03_sections\CWH__10-K__0001558370-24-001703__Item_5.txt
CWH,Item_7,81431,data\03_sections\CWH__10-K__0001558370-24-001703__Item_7.txt
CWH,Item_7A,2222,data\03_sections\CWH__10-K__0001558370-24-001703__Item_7A.txt
CWH,Item_8,142057,data\03_sections\CWH__10-K__0001558370-24-001703__Item_8.txt
CWH,Item_9,101,data\03_sections\CWH__10-K__0001558370-24-001703__Item_9.txt
CWH,Item_9A,8326,data\03_sections\CWH__10-K__0001558370-24-001703__Item_9A.txt
CWH,Item_9B,196,data\03_sections\CWH__10-K__0001558370-24-001703__Item_9B.txt
CWH,Item_10,1672,data\03_sections\CWH__10-K__0001558370-24-001703__Item_10.txt
CWH,Item_11,380,data\03_sections\CWH__10-K__0001558370-24-001703__Item_11.txt
CWH,Item_12,715,data\03_sections\CWH__10-K__0001558370-24-001703__Item_12.txt
CWH,Item_13,386,data\03_sections\CWH__10-K__0001558370-24-001703__Item_13.txt
CWH,Item_14,349,data\03_sections\CWH__10-K__0001558370-24-001703__Item_14.txt
CWH,Item_15,895,data\03_sections\CWH__10-K__0001558370-24-001703__Item_15.txt
CWH,Item_16,59,data\03_sections\CWH__10-K__0001558370-24-001703__Item_16.txt
CWH,Signatures,527,data\03_sections\CWH__10-K__0001558370-24-001703__Signatures.txt
CWH,HEADER,64964,data\03_sections\CWH__10-K__0001558370-25-001939__HEADER.txt
CWH,Item_1,23228,data\03_sections\CWH__10-K__0001558370-25-001939__Item_1.txt
CWH,Item_1A,134192,data\03_sections\CWH__10-K__0001558370-25-001939__Item_1A.txt
CWH,Item_1B,65,data\03_sections\CWH__10-K__0001558370-25-001939__Item_1B.txt
CWH,Item_1C,4122,data\03_sections\CWH__10-K__0001558370-25-001939__Item_1C.txt
CWH,Item_2,940,data\03_sections\CWH__10-K__0001558370-25-001939__Item_2.txt
CWH,Item_3,1103,data\03_sections\CWH__10-K__0001558370-25-001939__Item_3.txt
CWH,Item_4,15427,data\03_sections\CWH__10-K__0001558370-25-001939__Item_4.txt
CWH,Item_5,6615,data\03_sections\CWH__10-K__0001558370-25-001939__Item_5.txt
CWH,Item_7,95336,data\03_sections\CWH__10-K__0001558370-25-001939__Item_7.txt
CWH,Item_7A,2391,data\03_sections\CWH__10-K__0001558370-25-001939__Item_7A.txt
CWH,Item_8,155342,data\03_sections\CWH__10-K__0001558370-25-001939__Item_8.txt
CWH,Item_9,101,data\03_sections\CWH__10-K__0001558370-25-001939__Item_9.txt
CWH,Item_9A,12492,data\03_sections\CWH__10-K__0001558370-25-001939__Item_9A.txt
CWH,Item_9B,196,data\03_sections\CWH__10-K__0001558370-25-001939__Item_9B.txt
CWH,Item_10,1331,data\03_sections\CWH__10-K__0001558370-25-001939__Item_10.txt
CWH,Item_11,380,data\03_sections\CWH__10-K__0001558370-25-001939__Item_11.txt
CWH,Item_12,715,data\03_sections\CWH__10-K__0001558370-25-001939__Item_12.txt
CWH,Item_13,386,data\03_sections\CWH__10-K__0001558370-25-001939__Item_13.txt
CWH,Item_14,349,data\03_sections\CWH__10-K__0001558370-25-001939__Item_14.txt
CWH,Item_15,895,data\03_sections\CWH__10-K__0001558370-25-001939__Item_15.txt
CWH,Item_16,59,data\03_sections\CWH__10-K__0001558370-25-001939__Item_16.txt
CWH,Signatures,527,data\03_sections\CWH__10-K__0001558370-25-001939__Signatures.txt
DELL,HEADER,64278,data\03_sections\DELL__10-K__0001571996-24-000036__HEADER.txt
DELL,Item_1,53982,data\03_sections\DELL__10-K__0001571996-24-000036__Item_1.txt
DELL,Item_1A,71391,data\03_sections\DELL__10-K__0001571996-24-000036__Item_1A.txt
DELL,Item_1B,62,data\03_sections\DELL__10-K__0001571996-24-000036__Item_1B.txt
DELL,Item_1C,5866,data\03_sections\DELL__10-K__0001571996-24-000036__Item_1C.txt
DELL,Item_2,1315,data\03_sections\DELL__10-K__0001571996-24-000036__Item_2.txt
DELL,Item_3,638,data\03_sections\DELL__10-K__0001571996-24-000036__Item_3.txt
DELL,Item_4,77,data\03_sections\DELL__10-K__0001571996-24-000036__Item_4.txt
DELL,Item_5,4371,data\03_sections\DELL__10-K__0001571996-24-000036__Item_5.txt
DELL,Item_6,89266,data\03_sections\DELL__10-K__0001571996-24-000036__Item_6.txt
DELL,Item_7A,189082,data\03_sections\DELL__10-K__0001571996-24-000036__Item_7A.txt
DELL,Item_9,99,data\03_sections\DELL__10-K__0001571996-24-000036__Item_9.txt
DELL,Item_9A,5543,data\03_sections\DELL__10-K__0001571996-24-000036__Item_9A.txt
DELL,Item_9B,423,data\03_sections\DELL__10-K__0001571996-24-000036__Item_9B.txt
DELL,Item_9C,102,data\03_sections\DELL__10-K__0001571996-24-000036__Item_9C.txt
DELL,Item_10,1479,data\03_sections\DELL__10-K__0001571996-24-000036__Item_10.txt
DELL,Item_11,320,data\03_sections\DELL__10-K__0001571996-24-000036__Item_11.txt
DELL,Item_12,398,data\03_sections\DELL__10-K__0001571996-24-000036__Item_12.txt
DELL,Item_13,347,data\03_sections\DELL__10-K__0001571996-24-000036__Item_13.txt
DELL,Item_14,337,data\03_sections\DELL__10-K__0001571996-24-000036__Item_14.txt
DELL,Item_15,1454,data\03_sections\DELL__10-K__0001571996-24-000036__Item_15.txt
DELL,Item_16,37,data\03_sections\DELL__10-K__0001571996-24-000036__Item_16.txt
DELL,Signatures,499,data\03_sections\DELL__10-K__0001571996-24-000036__Signatures.txt
DELL,HEADER,58571,data\03_sections\DELL__10-K__0001571996-25-000034__HEADER.txt
DELL,Item_1,51793,data\03_sections\DELL__10-K__0001571996-25-000034__Item_1.txt
DELL,Item_1A,71046,data\03_sections\DELL__10-K__0001571996-25-000034__Item_1A.txt
DELL,Item_1B,63,data\03_sections\DELL__10-K__0001571996-25-000034__Item_1B.txt
DELL,Item_1C,5905,data\03_sections\DELL__10-K__0001571996-25-000034__Item_1C.txt
DELL,Item_2,1315,data\03_sections\DELL__10-K__0001571996-25-000034__Item_2.txt
DELL,Item_3,308,data\03_sections\DELL__10-K__0001571996-25-000034__Item_3.txt
DELL,Item_4,98,data\03_sections\DELL__10-K__0001571996-25-000034__Item_4.txt
DELL,Item_5,3628,data\03_sections\DELL__10-K__0001571996-25-000034__Item_5.txt
DELL,Item_6,96369,data\03_sections\DELL__10-K__0001571996-25-000034__Item_6.txt
DELL,Item_7A,181720,data\03_sections\DELL__10-K__0001571996-25-000034__Item_7A.txt
DELL,Item_9,8421,data\03_sections\DELL__10-K__0001571996-25-000034__Item_9.txt
DELL,Item_9B,432,data\03_sections\DELL__10-K__0001571996-25-000034__Item_9B.txt
DELL,Item_9C,102,data\03_sections\DELL__10-K__0001571996-25-000034__Item_9C.txt
DELL,Item_10,1519,data\03_sections\DELL__10-K__0001571996-25-000034__Item_10.txt
DELL,Item_11,1174,data\03_sections\DELL__10-K__0001571996-25-000034__Item_11.txt
DELL,Item_12,398,data\03_sections\DELL__10-K__0001571996-25-000034__Item_12.txt
DELL,Item_13,347,data\03_sections\DELL__10-K__0001571996-25-000034__Item_13.txt
DELL,Item_14,337,data\03_sections\DELL__10-K__0001571996-25-000034__Item_14.txt
DELL,Item_15,1455,data\03_sections\DELL__10-K__0001571996-25-000034__Item_15.txt
DELL,Item_16,37,data\03_sections\DELL__10-K__0001571996-25-000034__Item_16.txt
DELL,Signatures,499,data\03_sections\DELL__10-K__0001571996-25-000034__Signatures.txt
DELL,HEADER,50961,data\03_sections\DELL__10-K__0001571996-26-000008__HEADER.txt
DELL,Item_1,48798,data\03_sections\DELL__10-K__0001571996-26-000008__Item_1.txt
DELL,Item_1A,71914,data\03_sections\DELL__10-K__0001571996-26-000008__Item_1A.txt
DELL,Item_1B,41,data\03_sections\DELL__10-K__0001571996-26-000008__Item_1B.txt
DELL,Item_1C,5918,data\03_sections\DELL__10-K__0001571996-26-000008__Item_1C.txt
DELL,Item_2,1318,data\03_sections\DELL__10-K__0001571996-26-000008__Item_2.txt
DELL,Item_3,308,data\03_sections\DELL__10-K__0001571996-26-000008__Item_3.txt
DELL,Item_4,97,data\03_sections\DELL__10-K__0001571996-26-000008__Item_4.txt
DELL,Item_5,4228,data\03_sections\DELL__10-K__0001571996-26-000008__Item_5.txt
DELL,Item_6,85919,data\03_sections\DELL__10-K__0001571996-26-000008__Item_6.txt
DELL,Item_7A,172381,data\03_sections\DELL__10-K__0001571996-26-000008__Item_7A.txt
DELL,Item_9,7129,data\03_sections\DELL__10-K__0001571996-26-000008__Item_9.txt
DELL,Item_9C,102,data\03_sections\DELL__10-K__0001571996-26-000008__Item_9C.txt
DELL,Item_10,1524,data\03_sections\DELL__10-K__0001571996-26-000008__Item_10.txt
DELL,Item_11,360,data\03_sections\DELL__10-K__0001571996-26-000008__Item_11.txt
DELL,Item_12,398,data\03_sections\DELL__10-K__0001571996-26-000008__Item_12.txt
DELL,Item_13,347,data\03_sections\DELL__10-K__0001571996-26-000008__Item_13.txt
DELL,Item_14,355,data\03_sections\DELL__10-K__0001571996-26-000008__Item_14.txt
DELL,Item_15,1650,data\03_sections\DELL__10-K__0001571996-26-000008__Item_15.txt
DELL,Item_16,55,data\03_sections\DELL__10-K__0001571996-26-000008__Item_16.txt
DELL,Signatures,517,data\03_sections\DELL__10-K__0001571996-26-000008__Signatures.txt
DG,HEADER,20796,data\03_sections\DG__10-K__0001104659-26-032325__HEADER.txt
DG,Item_1,21201,data\03_sections\DG__10-K__0001104659-26-032325__Item_1.txt
DG,Item_1A,61938,data\03_sections\DG__10-K__0001104659-26-032325__Item_1A.txt
DG,Item_1B,77,data\03_sections\DG__10-K__0001104659-26-032325__Item_1B.txt
DG,Item_1C,5683,data\03_sections\DG__10-K__0001104659-26-032325__Item_1C.txt
DG,Item_2,1702,data\03_sections\DG__10-K__0001104659-26-032325__Item_2.txt
DG,Item_3,231,data\03_sections\DG__10-K__0001104659-26-032325__Item_3.txt
DG,Item_4,8868,data\03_sections\DG__10-K__0001104659-26-032325__Item_4.txt
DG,Item_5,858,data\03_sections\DG__10-K__0001104659-26-032325__Item_5.txt
DG,Item_6,64,data\03_sections\DG__10-K__0001104659-26-032325__Item_6.txt
DG,Item_7,46193,data\03_sections\DG__10-K__0001104659-26-032325__Item_7.txt
DG,Item_7A,3445,data\03_sections\DG__10-K__0001104659-26-032325__Item_7A.txt
DG,Item_8,69210,data\03_sections\DG__10-K__0001104659-26-032325__Item_8.txt
DG,Item_9,113,data\03_sections\DG__10-K__0001104659-26-032325__Item_9.txt
DG,Item_9A,6962,data\03_sections\DG__10-K__0001104659-26-032325__Item_9A.txt
DG,Item_9B,485,data\03_sections\DG__10-K__0001104659-26-032325__Item_9B.txt
DG,Item_10,3447,data\03_sections\DG__10-K__0001104659-26-032325__Item_10.txt
DG,Item_11,753,data\03_sections\DG__10-K__0001104659-26-032325__Item_11.txt
DG,Item_12,673,data\03_sections\DG__10-K__0001104659-26-032325__Item_12.txt
DG,Item_13,594,data\03_sections\DG__10-K__0001104659-26-032325__Item_13.txt
DG,Item_14,438,data\03_sections\DG__10-K__0001104659-26-032325__Item_14.txt
DG,Item_15,524,data\03_sections\DG__10-K__0001104659-26-032325__Item_15.txt
DG,Signatures,893,data\03_sections\DG__10-K__0001104659-26-032325__Signatures.txt
DG,HEADER,19821,data\03_sections\DG__10-K__0001558370-24-003813__HEADER.txt
DG,Item_1,21161,data\03_sections\DG__10-K__0001558370-24-003813__Item_1.txt
DG,Item_1A,54811,data\03_sections\DG__10-K__0001558370-24-003813__Item_1A.txt
DG,Item_1B,55,data\03_sections\DG__10-K__0001558370-24-003813__Item_1B.txt
DG,Item_1C,5376,data\03_sections\DG__10-K__0001558370-24-003813__Item_1C.txt
DG,Item_2,1692,data\03_sections\DG__10-K__0001558370-24-003813__Item_2.txt
DG,Item_3,253,data\03_sections\DG__10-K__0001558370-24-003813__Item_3.txt
DG,Item_4,8813,data\03_sections\DG__10-K__0001558370-24-003813__Item_4.txt
DG,Item_5,857,data\03_sections\DG__10-K__0001558370-24-003813__Item_5.txt
DG,Item_6,64,data\03_sections\DG__10-K__0001558370-24-003813__Item_6.txt
DG,Item_7,52371,data\03_sections\DG__10-K__0001558370-24-003813__Item_7.txt
DG,Item_7A,3132,data\03_sections\DG__10-K__0001558370-24-003813__Item_7A.txt
DG,Item_8,63390,data\03_sections\DG__10-K__0001558370-24-003813__Item_8.txt
DG,Item_9,113,data\03_sections\DG__10-K__0001558370-24-003813__Item_9.txt
DG,Item_9A,6961,data\03_sections\DG__10-K__0001558370-24-003813__Item_9A.txt
DG,Item_9B,485,data\03_sections\DG__10-K__0001558370-24-003813__Item_9B.txt
DG,Item_10,3141,data\03_sections\DG__10-K__0001558370-24-003813__Item_10.txt
DG,Item_11,662,data\03_sections\DG__10-K__0001558370-24-003813__Item_11.txt
DG,Item_12,807,data\03_sections\DG__10-K__0001558370-24-003813__Item_12.txt
DG,Item_13,594,data\03_sections\DG__10-K__0001558370-24-003813__Item_13.txt
DG,Item_14,438,data\03_sections\DG__10-K__0001558370-24-003813__Item_14.txt
DG,Item_15,523,data\03_sections\DG__10-K__0001558370-24-003813__Item_15.txt
DG,Signatures,895,data\03_sections\DG__10-K__0001558370-24-003813__Signatures.txt
DG,HEADER,20195,data\03_sections\DG__10-K__0001558370-25-003413__HEADER.txt
DG,Item_1,21141,data\03_sections\DG__10-K__0001558370-25-003413__Item_1.txt
DG,Item_1A,59481,data\03_sections\DG__10-K__0001558370-25-003413__Item_1A.txt
DG,Item_1B,55,data\03_sections\DG__10-K__0001558370-25-003413__Item_1B.txt
DG,Item_1C,5600,data\03_sections\DG__10-K__0001558370-25-003413__Item_1C.txt
DG,Item_2,1644,data\03_sections\DG__10-K__0001558370-25-003413__Item_2.txt
DG,Item_3,253,data\03_sections\DG__10-K__0001558370-25-003413__Item_3.txt
DG,Item_4,9501,data\03_sections\DG__10-K__0001558370-25-003413__Item_4.txt
DG,Item_5,857,data\03_sections\DG__10-K__0001558370-25-003413__Item_5.txt
DG,Item_6,64,data\03_sections\DG__10-K__0001558370-25-003413__Item_6.txt
DG,Item_7,48675,data\03_sections\DG__10-K__0001558370-25-003413__Item_7.txt
DG,Item_7A,3286,data\03_sections\DG__10-K__0001558370-25-003413__Item_7A.txt
DG,Item_8,69460,data\03_sections\DG__10-K__0001558370-25-003413__Item_8.txt
DG,Item_9,113,data\03_sections\DG__10-K__0001558370-25-003413__Item_9.txt
DG,Item_9A,6962,data\03_sections\DG__10-K__0001558370-25-003413__Item_9A.txt
DG,Item_9B,485,data\03_sections\DG__10-K__0001558370-25-003413__Item_9B.txt
DG,Item_10,3370,data\03_sections\DG__10-K__0001558370-25-003413__Item_10.txt
DG,Item_11,753,data\03_sections\DG__10-K__0001558370-25-003413__Item_11.txt
DG,Item_12,807,data\03_sections\DG__10-K__0001558370-25-003413__Item_12.txt
DG,Item_13,594,data\03_sections\DG__10-K__0001558370-25-003413__Item_13.txt
DG,Item_14,438,data\03_sections\DG__10-K__0001558370-25-003413__Item_14.txt
DG,Item_15,524,data\03_sections\DG__10-K__0001558370-25-003413__Item_15.txt
DG,Signatures,895,data\03_sections\DG__10-K__0001558370-25-003413__Signatures.txt
DKS,HEADER,23937,data\03_sections\DKS__10-K__0001089063-24-000037__HEADER.txt
DKS,Item_1,35308,data\03_sections\DKS__10-K__0001089063-24-000037__Item_1.txt
DKS,Item_1A,58408,data\03_sections\DKS__10-K__0001089063-24-000037__Item_1A.txt
DKS,Item_1B,41,data\03_sections\DKS__10-K__0001089063-24-000037__Item_1B.txt
DKS,Item_1C,3630,data\03_sections\DKS__10-K__0001089063-24-000037__Item_1C.txt
DKS,Item_2,2118,data\03_sections\DKS__10-K__0001089063-24-000037__Item_2.txt
DKS,Item_3,1439,data\03_sections\DKS__10-K__0001089063-24-000037__Item_3.txt
DKS,Item_4,78,data\03_sections\DKS__10-K__0001089063-24-000037__Item_4.txt
DKS,Item_5,2213,data\03_sections\DKS__10-K__0001089063-24-000037__Item_5.txt
DKS,Item_6,18,data\03_sections\DKS__10-K__0001089063-24-000037__Item_6.txt
DKS,Item_7,39293,data\03_sections\DKS__10-K__0001089063-24-000037__Item_7.txt
DKS,Item_7A,2632,data\03_sections\DKS__10-K__0001089063-24-000037__Item_7A.txt
DKS,Item_8,181,data\03_sections\DKS__10-K__0001089063-24-000037__Item_8.txt
DKS,Item_9,99,data\03_sections\DKS__10-K__0001089063-24-000037__Item_9.txt
DKS,Item_9A,8780,data\03_sections\DKS__10-K__0001089063-24-000037__Item_9A.txt
DKS,Item_9B,3542,data\03_sections\DKS__10-K__0001089063-24-000037__Item_9B.txt
DKS,Item_9C,124,data\03_sections\DKS__10-K__0001089063-24-000037__Item_9C.txt
DKS,Item_10,1990,data\03_sections\DKS__10-K__0001089063-24-000037__Item_10.txt
DKS,Item_11,696,data\03_sections\DKS__10-K__0001089063-24-000037__Item_11.txt
DKS,Item_12,1151,data\03_sections\DKS__10-K__0001089063-24-000037__Item_12.txt
DKS,Item_13,297,data\03_sections\DKS__10-K__0001089063-24-000037__Item_13.txt
DKS,Item_14,357,data\03_sections\DKS__10-K__0001089063-24-000037__Item_14.txt
DKS,Item_15,68835,data\03_sections\DKS__10-K__0001089063-24-000037__Item_15.txt
DKS,Item_16,820,data\03_sections\DKS__10-K__0001089063-24-000037__Item_16.txt
DKS,Signatures,1880,data\03_sections\DKS__10-K__0001089063-24-000037__Signatures.txt
DKS,HEADER,25225,data\03_sections\DKS__10-K__0001089063-25-000012__HEADER.txt
DKS,Item_1,37026,data\03_sections\DKS__10-K__0001089063-25-000012__Item_1.txt
DKS,Item_1A,65813,data\03_sections\DKS__10-K__0001089063-25-000012__Item_1A.txt
DKS,Item_1B,62,data\03_sections\DKS__10-K__0001089063-25-000012__Item_1B.txt
DKS,Item_1C,4038,data\03_sections\DKS__10-K__0001089063-25-000012__Item_1C.txt
DKS,Item_2,2183,data\03_sections\DKS__10-K__0001089063-25-000012__Item_2.txt
DKS,Item_3,3301,data\03_sections\DKS__10-K__0001089063-25-000012__Item_3.txt
DKS,Item_4,78,data\03_sections\DKS__10-K__0001089063-25-000012__Item_4.txt
DKS,Item_5,2234,data\03_sections\DKS__10-K__0001089063-25-000012__Item_5.txt
DKS,Item_6,40,data\03_sections\DKS__10-K__0001089063-25-000012__Item_6.txt
DKS,Item_7,37833,data\03_sections\DKS__10-K__0001089063-25-000012__Item_7.txt
DKS,Item_7A,2632,data\03_sections\DKS__10-K__0001089063-25-000012__Item_7A.txt
DKS,Item_8,181,data\03_sections\DKS__10-K__0001089063-25-000012__Item_8.txt
DKS,Item_9,99,data\03_sections\DKS__10-K__0001089063-25-000012__Item_9.txt
DKS,Item_9A,8788,data\03_sections\DKS__10-K__0001089063-25-000012__Item_9A.txt
DKS,Item_9B,866,data\03_sections\DKS__10-K__0001089063-25-000012__Item_9B.txt
DKS,Item_9C,102,data\03_sections\DKS__10-K__0001089063-25-000012__Item_9C.txt
DKS,Item_10,2501,data\03_sections\DKS__10-K__0001089063-25-000012__Item_10.txt
DKS,Item_11,717,data\03_sections\DKS__10-K__0001089063-25-000012__Item_11.txt
DKS,Item_12,1129,data\03_sections\DKS__10-K__0001089063-25-000012__Item_12.txt
DKS,Item_13,297,data\03_sections\DKS__10-K__0001089063-25-000012__Item_13.txt
DKS,Item_14,335,data\03_sections\DKS__10-K__0001089063-25-000012__Item_14.txt
DKS,Item_15,67103,data\03_sections\DKS__10-K__0001089063-25-000012__Item_15.txt
DKS,Item_16,275,data\03_sections\DKS__10-K__0001089063-25-000012__Item_16.txt
DKS,Signatures,1880,data\03_sections\DKS__10-K__0001089063-25-000012__Signatures.txt
DKS,HEADER,37341,data\03_sections\DKS__10-K__0001089063-26-000007__HEADER.txt
DKS,Item_1,49070,data\03_sections\DKS__10-K__0001089063-26-000007__Item_1.txt
DKS,Item_1A,68000,data\03_sections\DKS__10-K__0001089063-26-000007__Item_1A.txt
DKS,Item_1B,62,data\03_sections\DKS__10-K__0001089063-26-000007__Item_1B.txt
DKS,Item_1C,5440,data\03_sections\DKS__10-K__0001089063-26-000007__Item_1C.txt
DKS,Item_2,2897,data\03_sections\DKS__10-K__0001089063-26-000007__Item_2.txt
DKS,Item_3,5709,data\03_sections\DKS__10-K__0001089063-26-000007__Item_3.txt
DKS,Item_4,78,data\03_sections\DKS__10-K__0001089063-26-000007__Item_4.txt
DKS,Item_5,2700,data\03_sections\DKS__10-K__0001089063-26-000007__Item_5.txt
DKS,Item_6,40,data\03_sections\DKS__10-K__0001089063-26-000007__Item_6.txt
DKS,Item_7,57689,data\03_sections\DKS__10-K__0001089063-26-000007__Item_7.txt
DKS,Item_7A,4656,data\03_sections\DKS__10-K__0001089063-26-000007__Item_7A.txt
DKS,Item_8,181,data\03_sections\DKS__10-K__0001089063-26-000007__Item_8.txt
DKS,Item_9,99,data\03_sections\DKS__10-K__0001089063-26-000007__Item_9.txt
DKS,Item_9A,10453,data\03_sections\DKS__10-K__0001089063-26-000007__Item_9A.txt
DKS,Item_9B,1980,data\03_sections\DKS__10-K__0001089063-26-000007__Item_9B.txt
DKS,Item_9C,102,data\03_sections\DKS__10-K__0001089063-26-000007__Item_9C.txt
DKS,Item_10,2944,data\03_sections\DKS__10-K__0001089063-26-000007__Item_10.txt
DKS,Item_11,696,data\03_sections\DKS__10-K__0001089063-26-000007__Item_11.txt
DKS,Item_12,1129,data\03_sections\DKS__10-K__0001089063-26-000007__Item_12.txt
DKS,Item_13,297,data\03_sections\DKS__10-K__0001089063-26-000007__Item_13.txt
DKS,Item_14,357,data\03_sections\DKS__10-K__0001089063-26-000007__Item_14.txt
DKS,Item_15,104537,data\03_sections\DKS__10-K__0001089063-26-000007__Item_15.txt
DKS,Item_16,233,data\03_sections\DKS__10-K__0001089063-26-000007__Item_16.txt
DKS,Signatures,2016,data\03_sections\DKS__10-K__0001089063-26-000007__Signatures.txt
DLTR,HEADER,28806,data\03_sections\DLTR__10-K__0000935703-24-000011__HEADER.txt
DLTR,Item_1A,633,data\03_sections\DLTR__10-K__0000935703-24-000011__Item_1A.txt
DLTR,Item_7,16554,data\03_sections\DLTR__10-K__0000935703-24-000011__Item_7.txt
DLTR,Item_1,9170,data\03_sections\DLTR__10-K__0000935703-24-000011__Item_1.txt
DLTR,Item_2,673,data\03_sections\DLTR__10-K__0000935703-24-000011__Item_2.txt
DLTR,Item_3,467,data\03_sections\DLTR__10-K__0000935703-24-000011__Item_3.txt
DLTR,Item_1B,62,data\03_sections\DLTR__10-K__0000935703-24-000011__Item_1B.txt
DLTR,Item_1C,2908,data\03_sections\DLTR__10-K__0000935703-24-000011__Item_1C.txt
DLTR,Item_4,67,data\03_sections\DLTR__10-K__0000935703-24-000011__Item_4.txt
DLTR,Item_5,2208,data\03_sections\DLTR__10-K__0000935703-24-000011__Item_5.txt
DLTR,Item_6,38,data\03_sections\DLTR__10-K__0000935703-24-000011__Item_6.txt
DLTR,Item_8,85915,data\03_sections\DLTR__10-K__0000935703-24-000011__Item_8.txt
DLTR,Item_7A,1414,data\03_sections\DLTR__10-K__0000935703-24-000011__Item_7A.txt
DLTR,Item_9,99,data\03_sections\DLTR__10-K__0000935703-24-000011__Item_9.txt
DLTR,Item_9A,7968,data\03_sections\DLTR__10-K__0000935703-24-000011__Item_9A.txt
DLTR,Item_9B,437,data\03_sections\DLTR__10-K__0000935703-24-000011__Item_9B.txt
DLTR,Item_9C,103,data\03_sections\DLTR__10-K__0000935703-24-000011__Item_9C.txt
DLTR,Item_10,1082,data\03_sections\DLTR__10-K__0000935703-24-000011__Item_10.txt
DLTR,Item_11,329,data\03_sections\DLTR__10-K__0000935703-24-000011__Item_11.txt
DLTR,Item_12,3178,data\03_sections\DLTR__10-K__0000935703-24-000011__Item_12.txt
DLTR,Item_13,421,data\03_sections\DLTR__10-K__0000935703-24-000011__Item_13.txt
DLTR,Item_14,211,data\03_sections\DLTR__10-K__0000935703-24-000011__Item_14.txt
DLTR,Item_15,842,data\03_sections\DLTR__10-K__0000935703-24-000011__Item_15.txt
DLTR,Item_16,54,data\03_sections\DLTR__10-K__0000935703-24-000011__Item_16.txt
DLTR,Signatures,1178,data\03_sections\DLTR__10-K__0000935703-24-000011__Signatures.txt
DLTR,HEADER,24704,data\03_sections\DLTR__10-K__0000935703-25-000015__HEADER.txt
DLTR,Item_1A,4508,data\03_sections\DLTR__10-K__0000935703-25-000015__Item_1A.txt
DLTR,Item_7,589,data\03_sections\DLTR__10-K__0000935703-25-000015__Item_7.txt
DLTR,Item_1,32393,data\03_sections\DLTR__10-K__0000935703-25-000015__Item_1.txt
DLTR,Item_2,365,data\03_sections\DLTR__10-K__0000935703-25-000015__Item_2.txt
DLTR,Item_3,467,data\03_sections\DLTR__10-K__0000935703-25-000015__Item_3.txt
DLTR,Item_1B,41,data\03_sections\DLTR__10-K__0000935703-25-000015__Item_1B.txt
DLTR,Item_1C,3315,data\03_sections\DLTR__10-K__0000935703-25-000015__Item_1C.txt
DLTR,Item_4,67,data\03_sections\DLTR__10-K__0000935703-25-000015__Item_4.txt
DLTR,Item_5,2186,data\03_sections\DLTR__10-K__0000935703-25-000015__Item_5.txt
DLTR,Item_6,38,data\03_sections\DLTR__10-K__0000935703-25-000015__Item_6.txt
DLTR,Item_8,90507,data\03_sections\DLTR__10-K__0000935703-25-000015__Item_8.txt
DLTR,Item_7A,1462,data\03_sections\DLTR__10-K__0000935703-25-000015__Item_7A.txt
DLTR,Item_9,99,data\03_sections\DLTR__10-K__0000935703-25-000015__Item_9.txt
DLTR,Item_9A,8814,data\03_sections\DLTR__10-K__0000935703-25-000015__Item_9A.txt
DLTR,Item_9B,437,data\03_sections\DLTR__10-K__0000935703-25-000015__Item_9B.txt
DLTR,Item_9C,103,data\03_sections\DLTR__10-K__0000935703-25-000015__Item_9C.txt
DLTR,Item_10,1379,data\03_sections\DLTR__10-K__0000935703-25-000015__Item_10.txt
DLTR,Item_11,329,data\03_sections\DLTR__10-K__0000935703-25-000015__Item_11.txt
DLTR,Item_12,3480,data\03_sections\DLTR__10-K__0000935703-25-000015__Item_12.txt
DLTR,Item_13,421,data\03_sections\DLTR__10-K__0000935703-25-000015__Item_13.txt
DLTR,Item_14,211,data\03_sections\DLTR__10-K__0000935703-25-000015__Item_14.txt
DLTR,Item_15,842,data\03_sections\DLTR__10-K__0000935703-25-000015__Item_15.txt
DLTR,Item_16,54,data\03_sections\DLTR__10-K__0000935703-25-000015__Item_16.txt
DLTR,Signatures,1159,data\03_sections\DLTR__10-K__0000935703-25-000015__Signatures.txt
DLTR,HEADER,26550,data\03_sections\DLTR__10-K__0000935703-26-000025__HEADER.txt
DLTR,Item_1A,4764,data\03_sections\DLTR__10-K__0000935703-26-000025__Item_1A.txt
DLTR,Item_7,1088,data\03_sections\DLTR__10-K__0000935703-26-000025__Item_7.txt
DLTR,Item_1,19341,data\03_sections\DLTR__10-K__0000935703-26-000025__Item_1.txt
DLTR,Item_2,385,data\03_sections\DLTR__10-K__0000935703-26-000025__Item_2.txt
DLTR,Item_1C,2881,data\03_sections\DLTR__10-K__0000935703-26-000025__Item_1C.txt
DLTR,Item_3,467,data\03_sections\DLTR__10-K__0000935703-26-000025__Item_3.txt
DLTR,Item_1B,62,data\03_sections\DLTR__10-K__0000935703-26-000025__Item_1B.txt
DLTR,Item_4,67,data\03_sections\DLTR__10-K__0000935703-26-000025__Item_4.txt
DLTR,Item_5,3008,data\03_sections\DLTR__10-K__0000935703-26-000025__Item_5.txt
DLTR,Item_6,38,data\03_sections\DLTR__10-K__0000935703-26-000025__Item_6.txt
DLTR,Item_8,87178,data\03_sections\DLTR__10-K__0000935703-26-000025__Item_8.txt
DLTR,Item_7A,1473,data\03_sections\DLTR__10-K__0000935703-26-000025__Item_7A.txt
DLTR,Item_9,99,data\03_sections\DLTR__10-K__0000935703-26-000025__Item_9.txt
DLTR,Item_9A,7976,data\03_sections\DLTR__10-K__0000935703-26-000025__Item_9A.txt
DLTR,Item_9B,437,data\03_sections\DLTR__10-K__0000935703-26-000025__Item_9B.txt
DLTR,Item_9C,103,data\03_sections\DLTR__10-K__0000935703-26-000025__Item_9C.txt
DLTR,Item_10,1382,data\03_sections\DLTR__10-K__0000935703-26-000025__Item_10.txt
DLTR,Item_11,329,data\03_sections\DLTR__10-K__0000935703-26-000025__Item_11.txt
DLTR,Item_12,2873,data\03_sections\DLTR__10-K__0000935703-26-000025__Item_12.txt
DLTR,Item_13,421,data\03_sections\DLTR__10-K__0000935703-26-000025__Item_13.txt
DLTR,Item_14,211,data\03_sections\DLTR__10-K__0000935703-26-000025__Item_14.txt
DLTR,Item_15,842,data\03_sections\DLTR__10-K__0000935703-26-000025__Item_15.txt
DLTR,Item_16,54,data\03_sections\DLTR__10-K__0000935703-26-000025__Item_16.txt
DLTR,Signatures,1162,data\03_sections\DLTR__10-K__0000935703-26-000025__Signatures.txt
ETD,HEADER,60096,data\03_sections\ETD__10-K__0001437749-23-024609__HEADER.txt
ETD,Item_1A,39435,data\03_sections\ETD__10-K__0001437749-23-024609__Item_1A.txt
ETD,Item_1B,175453,data\03_sections\ETD__10-K__0001437749-23-024609__Item_1B.txt
ETD,Item_9A,2015,data\03_sections\ETD__10-K__0001437749-23-024609__Item_9A.txt
ETD,Item_9B,275,data\03_sections\ETD__10-K__0001437749-23-024609__Item_9B.txt
ETD,Item_9C,153,data\03_sections\ETD__10-K__0001437749-23-024609__Item_9C.txt
ETD,Item_10,2380,data\03_sections\ETD__10-K__0001437749-23-024609__Item_10.txt
ETD,Item_11,202,data\03_sections\ETD__10-K__0001437749-23-024609__Item_11.txt
ETD,Item_12,829,data\03_sections\ETD__10-K__0001437749-23-024609__Item_12.txt
ETD,Item_13,253,data\03_sections\ETD__10-K__0001437749-23-024609__Item_13.txt
ETD,Item_14,501,data\03_sections\ETD__10-K__0001437749-23-024609__Item_14.txt
ETD,Item_15,767,data\03_sections\ETD__10-K__0001437749-23-024609__Item_15.txt
ETD,Item_16,83,data\03_sections\ETD__10-K__0001437749-23-024609__Item_16.txt
ETD,Signatures,1594,data\03_sections\ETD__10-K__0001437749-23-024609__Signatures.txt
ETD,HEADER,61106,data\03_sections\ETD__10-K__0001437749-24-027664__HEADER.txt
ETD,Item_1A,37591,data\03_sections\ETD__10-K__0001437749-24-027664__Item_1A.txt
ETD,Item_1B,42,data\03_sections\ETD__10-K__0001437749-24-027664__Item_1B.txt
ETD,Item_1C,166631,data\03_sections\ETD__10-K__0001437749-24-027664__Item_1C.txt
ETD,Item_9A,2015,data\03_sections\ETD__10-K__0001437749-24-027664__Item_9A.txt
ETD,Item_9B,326,data\03_sections\ETD__10-K__0001437749-24-027664__Item_9B.txt
ETD,Item_9C,153,data\03_sections\ETD__10-K__0001437749-24-027664__Item_9C.txt
ETD,Item_10,2379,data\03_sections\ETD__10-K__0001437749-24-027664__Item_10.txt
ETD,Item_11,202,data\03_sections\ETD__10-K__0001437749-24-027664__Item_11.txt
ETD,Item_12,830,data\03_sections\ETD__10-K__0001437749-24-027664__Item_12.txt
ETD,Item_13,209,data\03_sections\ETD__10-K__0001437749-24-027664__Item_13.txt
ETD,Item_14,366,data\03_sections\ETD__10-K__0001437749-24-027664__Item_14.txt
ETD,Item_15,767,data\03_sections\ETD__10-K__0001437749-24-027664__Item_15.txt
ETD,Item_16,83,data\03_sections\ETD__10-K__0001437749-24-027664__Item_16.txt
ETD,Signatures,1554,data\03_sections\ETD__10-K__0001437749-24-027664__Signatures.txt
ETD,HEADER,58481,data\03_sections\ETD__10-K__0001437749-25-027594__HEADER.txt
ETD,Item_1A,35050,data\03_sections\ETD__10-K__0001437749-25-027594__Item_1A.txt
ETD,Item_1B,42,data\03_sections\ETD__10-K__0001437749-25-027594__Item_1B.txt
ETD,Item_1C,158445,data\03_sections\ETD__10-K__0001437749-25-027594__Item_1C.txt
ETD,Item_9A,2031,data\03_sections\ETD__10-K__0001437749-25-027594__Item_9A.txt
ETD,Item_9B,881,data\03_sections\ETD__10-K__0001437749-25-027594__Item_9B.txt
ETD,Item_9C,153,data\03_sections\ETD__10-K__0001437749-25-027594__Item_9C.txt
ETD,Item_10,2367,data\03_sections\ETD__10-K__0001437749-25-027594__Item_10.txt
ETD,Item_11,196,data\03_sections\ETD__10-K__0001437749-25-027594__Item_11.txt
ETD,Item_12,830,data\03_sections\ETD__10-K__0001437749-25-027594__Item_12.txt
ETD,Item_13,247,data\03_sections\ETD__10-K__0001437749-25-027594__Item_13.txt
ETD,Item_14,364,data\03_sections\ETD__10-K__0001437749-25-027594__Item_14.txt
ETD,Item_15,787,data\03_sections\ETD__10-K__0001437749-25-027594__Item_15.txt
ETD,Item_16,83,data\03_sections\ETD__10-K__0001437749-25-027594__Item_16.txt
ETD,Signatures,1554,data\03_sections\ETD__10-K__0001437749-25-027594__Signatures.txt
EVGO,HEADER,48408,data\03_sections\EVGO__10-K__0001104659-26-024827__HEADER.txt
EVGO,Item_1,61558,data\03_sections\EVGO__10-K__0001104659-26-024827__Item_1.txt
EVGO,Item_1A,179526,data\03_sections\EVGO__10-K__0001104659-26-024827__Item_1A.txt
EVGO,Item_1B,43,data\03_sections\EVGO__10-K__0001104659-26-024827__Item_1B.txt
EVGO,Item_1C,9711,data\03_sections\EVGO__10-K__0001104659-26-024827__Item_1C.txt
EVGO,Item_2,1526,data\03_sections\EVGO__10-K__0001104659-26-024827__Item_2.txt
EVGO,Item_3,217,data\03_sections\EVGO__10-K__0001104659-26-024827__Item_3.txt
EVGO,Item_4,82,data\03_sections\EVGO__10-K__0001104659-26-024827__Item_4.txt
EVGO,Item_5,1959,data\03_sections\EVGO__10-K__0001104659-26-024827__Item_5.txt
EVGO,Item_7,61311,data\03_sections\EVGO__10-K__0001104659-26-024827__Item_7.txt
EVGO,Item_7A,294,data\03_sections\EVGO__10-K__0001104659-26-024827__Item_7A.txt
EVGO,Item_8,152863,data\03_sections\EVGO__10-K__0001104659-26-024827__Item_8.txt
EVGO,Item_9,113,data\03_sections\EVGO__10-K__0001104659-26-024827__Item_9.txt
EVGO,Item_9A,9067,data\03_sections\EVGO__10-K__0001104659-26-024827__Item_9A.txt
EVGO,Item_9B,478,data\03_sections\EVGO__10-K__0001104659-26-024827__Item_9B.txt
EVGO,Item_9C,132,data\03_sections\EVGO__10-K__0001104659-26-024827__Item_9C.txt
EVGO,Item_10,1348,data\03_sections\EVGO__10-K__0001104659-26-024827__Item_10.txt
EVGO,Item_11,308,data\03_sections\EVGO__10-K__0001104659-26-024827__Item_11.txt
EVGO,Item_12,407,data\03_sections\EVGO__10-K__0001104659-26-024827__Item_12.txt
EVGO,Item_13,369,data\03_sections\EVGO__10-K__0001104659-26-024827__Item_13.txt
EVGO,Item_14,357,data\03_sections\EVGO__10-K__0001104659-26-024827__Item_14.txt
EVGO,Item_15,716,data\03_sections\EVGO__10-K__0001104659-26-024827__Item_15.txt
EVGO,Item_16,206,data\03_sections\EVGO__10-K__0001104659-26-024827__Item_16.txt
EVGO,Signatures,1512,data\03_sections\EVGO__10-K__0001104659-26-024827__Signatures.txt
EVGO,HEADER,35593,data\03_sections\EVGO__10-K__0001558370-24-002608__HEADER.txt
EVGO,Item_1,61540,data\03_sections\EVGO__10-K__0001558370-24-002608__Item_1.txt
EVGO,Item_1A,158834,data\03_sections\EVGO__10-K__0001558370-24-002608__Item_1A.txt
EVGO,Item_1B,54,data\03_sections\EVGO__10-K__0001558370-24-002608__Item_1B.txt
EVGO,Item_1C,9082,data\03_sections\EVGO__10-K__0001558370-24-002608__Item_1C.txt
EVGO,Item_2,1612,data\03_sections\EVGO__10-K__0001558370-24-002608__Item_2.txt
EVGO,Item_3,217,data\03_sections\EVGO__10-K__0001558370-24-002608__Item_3.txt
EVGO,Item_4,83,data\03_sections\EVGO__10-K__0001558370-24-002608__Item_4.txt
EVGO,Item_5,1783,data\03_sections\EVGO__10-K__0001558370-24-002608__Item_5.txt
EVGO,Item_6,45,data\03_sections\EVGO__10-K__0001558370-24-002608__Item_6.txt
EVGO,Item_7,61640,data\03_sections\EVGO__10-K__0001558370-24-002608__Item_7.txt
EVGO,Item_7A,314,data\03_sections\EVGO__10-K__0001558370-24-002608__Item_7A.txt
EVGO,Item_8,122362,data\03_sections\EVGO__10-K__0001558370-24-002608__Item_8.txt
EVGO,Item_9,110,data\03_sections\EVGO__10-K__0001558370-24-002608__Item_9.txt
EVGO,Item_9A,7457,data\03_sections\EVGO__10-K__0001558370-24-002608__Item_9A.txt
EVGO,Item_9B,1306,data\03_sections\EVGO__10-K__0001558370-24-002608__Item_9B.txt
EVGO,Item_9C,130,data\03_sections\EVGO__10-K__0001558370-24-002608__Item_9C.txt
EVGO,Item_10,442,data\03_sections\EVGO__10-K__0001558370-24-002608__Item_10.txt
EVGO,Item_11,170,data\03_sections\EVGO__10-K__0001558370-24-002608__Item_11.txt
EVGO,Item_12,242,data\03_sections\EVGO__10-K__0001558370-24-002608__Item_12.txt
EVGO,Item_13,220,data\03_sections\EVGO__10-K__0001558370-24-002608__Item_13.txt
EVGO,Item_14,219,data\03_sections\EVGO__10-K__0001558370-24-002608__Item_14.txt
EVGO,Item_15,714,data\03_sections\EVGO__10-K__0001558370-24-002608__Item_15.txt
EVGO,Item_16,205,data\03_sections\EVGO__10-K__0001558370-24-002608__Item_16.txt
EVGO,Signatures,499,data\03_sections\EVGO__10-K__0001558370-24-002608__Signatures.txt
EVGO,HEADER,44473,data\03_sections\EVGO__10-K__0001558370-25-002400__HEADER.txt
EVGO,Item_1,60343,data\03_sections\EVGO__10-K__0001558370-25-002400__Item_1.txt
EVGO,Item_1A,174403,data\03_sections\EVGO__10-K__0001558370-25-002400__Item_1A.txt
EVGO,Item_1B,57,data\03_sections\EVGO__10-K__0001558370-25-002400__Item_1B.txt
EVGO,Item_1C,9802,data\03_sections\EVGO__10-K__0001558370-25-002400__Item_1C.txt
EVGO,Item_2,1547,data\03_sections\EVGO__10-K__0001558370-25-002400__Item_2.txt
EVGO,Item_3,219,data\03_sections\EVGO__10-K__0001558370-25-002400__Item_3.txt
EVGO,Item_4,84,data\03_sections\EVGO__10-K__0001558370-25-002400__Item_4.txt
EVGO,Item_5,2091,data\03_sections\EVGO__10-K__0001558370-25-002400__Item_5.txt
EVGO,Item_7,63681,data\03_sections\EVGO__10-K__0001558370-25-002400__Item_7.txt
EVGO,Item_7A,281,data\03_sections\EVGO__10-K__0001558370-25-002400__Item_7A.txt
EVGO,Item_8,137219,data\03_sections\EVGO__10-K__0001558370-25-002400__Item_8.txt
EVGO,Item_9,115,data\03_sections\EVGO__10-K__0001558370-25-002400__Item_9.txt
EVGO,Item_9A,6584,data\03_sections\EVGO__10-K__0001558370-25-002400__Item_9A.txt
EVGO,Item_9B,876,data\03_sections\EVGO__10-K__0001558370-25-002400__Item_9B.txt
EVGO,Item_9C,132,data\03_sections\EVGO__10-K__0001558370-25-002400__Item_9C.txt
EVGO,Item_10,1218,data\03_sections\EVGO__10-K__0001558370-25-002400__Item_10.txt
EVGO,Item_11,253,data\03_sections\EVGO__10-K__0001558370-25-002400__Item_11.txt
EVGO,Item_12,327,data\03_sections\EVGO__10-K__0001558370-25-002400__Item_12.txt
EVGO,Item_13,301,data\03_sections\EVGO__10-K__0001558370-25-002400__Item_13.txt
EVGO,Item_14,298,data\03_sections\EVGO__10-K__0001558370-25-002400__Item_14.txt
EVGO,Item_15,715,data\03_sections\EVGO__10-K__0001558370-25-002400__Item_15.txt
EVGO,Item_16,206,data\03_sections\EVGO__10-K__0001558370-25-002400__Item_16.txt
EVGO,Signatures,1510,data\03_sections\EVGO__10-K__0001558370-25-002400__Signatures.txt
EYE,HEADER,39700,data\03_sections\EYE__10-K__0001628280-26-014379__HEADER.txt
EYE,Item_1,59781,data\03_sections\EYE__10-K__0001628280-26-014379__Item_1.txt
EYE,Item_1A,124180,data\03_sections\EYE__10-K__0001628280-26-014379__Item_1A.txt
EYE,Item_1B,41,data\03_sections\EYE__10-K__0001628280-26-014379__Item_1B.txt
EYE,Item_1C,5502,data\03_sections\EYE__10-K__0001628280-26-014379__Item_1C.txt
EYE,Item_2,1519,data\03_sections\EYE__10-K__0001628280-26-014379__Item_2.txt
EYE,Item_3,291,data\03_sections\EYE__10-K__0001628280-26-014379__Item_3.txt
EYE,Item_4,229,data\03_sections\EYE__10-K__0001628280-26-014379__Item_4.txt
EYE,Item_5,2941,data\03_sections\EYE__10-K__0001628280-26-014379__Item_5.txt
EYE,Item_6,16,data\03_sections\EYE__10-K__0001628280-26-014379__Item_6.txt
EYE,Item_7,69046,data\03_sections\EYE__10-K__0001628280-26-014379__Item_7.txt
EYE,Item_7A,1624,data\03_sections\EYE__10-K__0001628280-26-014379__Item_7A.txt
EYE,Item_8,97325,data\03_sections\EYE__10-K__0001628280-26-014379__Item_8.txt
EYE,Item_9,99,data\03_sections\EYE__10-K__0001628280-26-014379__Item_9.txt
EYE,Item_9A,8667,data\03_sections\EYE__10-K__0001628280-26-014379__Item_9A.txt
EYE,Item_9B,1233,data\03_sections\EYE__10-K__0001628280-26-014379__Item_9B.txt
EYE,Item_9C,102,data\03_sections\EYE__10-K__0001628280-26-014379__Item_9C.txt
EYE,Item_10,7917,data\03_sections\EYE__10-K__0001628280-26-014379__Item_10.txt
EYE,Item_11,206,data\03_sections\EYE__10-K__0001628280-26-014379__Item_11.txt
EYE,Item_12,278,data\03_sections\EYE__10-K__0001628280-26-014379__Item_12.txt
EYE,Item_13,257,data\03_sections\EYE__10-K__0001628280-26-014379__Item_13.txt
EYE,Item_14,252,data\03_sections\EYE__10-K__0001628280-26-014379__Item_14.txt
EYE,Item_15,570,data\03_sections\EYE__10-K__0001628280-26-014379__Item_15.txt
EYE,Item_16,56,data\03_sections\EYE__10-K__0001628280-26-014379__Item_16.txt
EYE,Signatures,501,data\03_sections\EYE__10-K__0001628280-26-014379__Signatures.txt
EYE,HEADER,44084,data\03_sections\EYE__10-K__0001710155-24-000018__HEADER.txt
EYE,Item_1,66166,data\03_sections\EYE__10-K__0001710155-24-000018__Item_1.txt
EYE,Item_1A,118530,data\03_sections\EYE__10-K__0001710155-24-000018__Item_1A.txt
EYE,Item_1B,41,data\03_sections\EYE__10-K__0001710155-24-000018__Item_1B.txt
EYE,Item_1C,5235,data\03_sections\EYE__10-K__0001710155-24-000018__Item_1C.txt
EYE,Item_2,1814,data\03_sections\EYE__10-K__0001710155-24-000018__Item_2.txt
EYE,Item_3,291,data\03_sections\EYE__10-K__0001710155-24-000018__Item_3.txt
EYE,Item_4,233,data\03_sections\EYE__10-K__0001710155-24-000018__Item_4.txt
EYE,Item_5,3803,data\03_sections\EYE__10-K__0001710155-24-000018__Item_5.txt
EYE,Item_6,16,data\03_sections\EYE__10-K__0001710155-24-000018__Item_6.txt
EYE,Item_7,87735,data\03_sections\EYE__10-K__0001710155-24-000018__Item_7.txt
EYE,Item_7A,1962,data\03_sections\EYE__10-K__0001710155-24-000018__Item_7A.txt
EYE,Item_8,112945,data\03_sections\EYE__10-K__0001710155-24-000018__Item_8.txt
EYE,Item_9,99,data\03_sections\EYE__10-K__0001710155-24-000018__Item_9.txt
EYE,Item_9A,8679,data\03_sections\EYE__10-K__0001710155-24-000018__Item_9A.txt
EYE,Item_9B,33,data\03_sections\EYE__10-K__0001710155-24-000018__Item_9B.txt
EYE,Item_9C,102,data\03_sections\EYE__10-K__0001710155-24-000018__Item_9C.txt
EYE,Item_10,5731,data\03_sections\EYE__10-K__0001710155-24-000018__Item_10.txt
EYE,Item_11,206,data\03_sections\EYE__10-K__0001710155-24-000018__Item_11.txt
EYE,Item_12,278,data\03_sections\EYE__10-K__0001710155-24-000018__Item_12.txt
EYE,Item_13,256,data\03_sections\EYE__10-K__0001710155-24-000018__Item_13.txt
EYE,Item_14,252,data\03_sections\EYE__10-K__0001710155-24-000018__Item_14.txt
EYE,Item_15,572,data\03_sections\EYE__10-K__0001710155-24-000018__Item_15.txt
EYE,Item_16,56,data\03_sections\EYE__10-K__0001710155-24-000018__Item_16.txt
EYE,Signatures,479,data\03_sections\EYE__10-K__0001710155-24-000018__Signatures.txt
EYE,HEADER,42285,data\03_sections\EYE__10-K__0001710155-25-000011__HEADER.txt
EYE,Item_1,63605,data\03_sections\EYE__10-K__0001710155-25-000011__Item_1.txt
EYE,Item_1A,126892,data\03_sections\EYE__10-K__0001710155-25-000011__Item_1A.txt
EYE,Item_1B,41,data\03_sections\EYE__10-K__0001710155-25-000011__Item_1B.txt
EYE,Item_1C,5403,data\03_sections\EYE__10-K__0001710155-25-000011__Item_1C.txt
EYE,Item_2,1535,data\03_sections\EYE__10-K__0001710155-25-000011__Item_2.txt
EYE,Item_3,291,data\03_sections\EYE__10-K__0001710155-25-000011__Item_3.txt
EYE,Item_4,229,data\03_sections\EYE__10-K__0001710155-25-000011__Item_4.txt
EYE,Item_5,3716,data\03_sections\EYE__10-K__0001710155-25-000011__Item_5.txt
EYE,Item_6,16,data\03_sections\EYE__10-K__0001710155-25-000011__Item_6.txt
EYE,Item_7,86421,data\03_sections\EYE__10-K__0001710155-25-000011__Item_7.txt
EYE,Item_7A,1507,data\03_sections\EYE__10-K__0001710155-25-000011__Item_7A.txt
EYE,Item_8,116647,data\03_sections\EYE__10-K__0001710155-25-000011__Item_8.txt
EYE,Item_9,99,data\03_sections\EYE__10-K__0001710155-25-000011__Item_9.txt
EYE,Item_9A,8679,data\03_sections\EYE__10-K__0001710155-25-000011__Item_9A.txt
EYE,Item_9B,6440,data\03_sections\EYE__10-K__0001710155-25-000011__Item_9B.txt
EYE,Item_9C,102,data\03_sections\EYE__10-K__0001710155-25-000011__Item_9C.txt
EYE,Item_10,8974,data\03_sections\EYE__10-K__0001710155-25-000011__Item_10.txt
EYE,Item_11,206,data\03_sections\EYE__10-K__0001710155-25-000011__Item_11.txt
EYE,Item_12,278,data\03_sections\EYE__10-K__0001710155-25-000011__Item_12.txt
EYE,Item_13,257,data\03_sections\EYE__10-K__0001710155-25-000011__Item_13.txt
EYE,Item_14,252,data\03_sections\EYE__10-K__0001710155-25-000011__Item_14.txt
EYE,Item_15,572,data\03_sections\EYE__10-K__0001710155-25-000011__Item_15.txt
EYE,Item_16,56,data\03_sections\EYE__10-K__0001710155-25-000011__Item_16.txt
EYE,Signatures,479,data\03_sections\EYE__10-K__0001710155-25-000011__Signatures.txt
FIVE,HEADER,18897,data\03_sections\FIVE__10-K__0001177609-24-000008__HEADER.txt
FIVE,Item_1,45189,data\03_sections\FIVE__10-K__0001177609-24-000008__Item_1.txt
FIVE,Item_1A,72962,data\03_sections\FIVE__10-K__0001177609-24-000008__Item_1A.txt
FIVE,Item_1B,41,data\03_sections\FIVE__10-K__0001177609-24-000008__Item_1B.txt
FIVE,Item_1C,4201,data\03_sections\FIVE__10-K__0001177609-24-000008__Item_1C.txt
FIVE,Item_2,3141,data\03_sections\FIVE__10-K__0001177609-24-000008__Item_2.txt
FIVE,Item_3,1331,data\03_sections\FIVE__10-K__0001177609-24-000008__Item_3.txt
FIVE,Item_4,59,data\03_sections\FIVE__10-K__0001177609-24-000008__Item_4.txt
FIVE,Item_5,3439,data\03_sections\FIVE__10-K__0001177609-24-000008__Item_5.txt
FIVE,Item_6,2073,data\03_sections\FIVE__10-K__0001177609-24-000008__Item_6.txt
FIVE,Item_7,42874,data\03_sections\FIVE__10-K__0001177609-24-000008__Item_7.txt
FIVE,Item_7A,1863,data\03_sections\FIVE__10-K__0001177609-24-000008__Item_7A.txt
FIVE,Item_8,59432,data\03_sections\FIVE__10-K__0001177609-24-000008__Item_8.txt
FIVE,Item_9,109,data\03_sections\FIVE__10-K__0001177609-24-000008__Item_9.txt
FIVE,Item_9A,8099,data\03_sections\FIVE__10-K__0001177609-24-000008__Item_9A.txt
FIVE,Item_9B,394,data\03_sections\FIVE__10-K__0001177609-24-000008__Item_9B.txt
FIVE,Item_9C,102,data\03_sections\FIVE__10-K__0001177609-24-000008__Item_9C.txt
FIVE,Item_10,740,data\03_sections\FIVE__10-K__0001177609-24-000008__Item_10.txt
FIVE,Item_11,586,data\03_sections\FIVE__10-K__0001177609-24-000008__Item_11.txt
FIVE,Item_12,455,data\03_sections\FIVE__10-K__0001177609-24-000008__Item_12.txt
FIVE,Item_13,428,data\03_sections\FIVE__10-K__0001177609-24-000008__Item_13.txt
FIVE,Item_14,377,data\03_sections\FIVE__10-K__0001177609-24-000008__Item_14.txt
FIVE,Item_15,16180,data\03_sections\FIVE__10-K__0001177609-24-000008__Item_15.txt
FIVE,Item_16,79,data\03_sections\FIVE__10-K__0001177609-24-000008__Item_16.txt
FIVE,Signatures,522,data\03_sections\FIVE__10-K__0001177609-24-000008__Signatures.txt
FIVE,HEADER,18973,data\03_sections\FIVE__10-K__0001177609-25-000009__HEADER.txt
FIVE,Item_1,45021,data\03_sections\FIVE__10-K__0001177609-25-000009__Item_1.txt
FIVE,Item_1A,74167,data\03_sections\FIVE__10-K__0001177609-25-000009__Item_1A.txt
FIVE,Item_1B,41,data\03_sections\FIVE__10-K__0001177609-25-000009__Item_1B.txt
FIVE,Item_1C,4095,data\03_sections\FIVE__10-K__0001177609-25-000009__Item_1C.txt
FIVE,Item_2,3104,data\03_sections\FIVE__10-K__0001177609-25-000009__Item_2.txt
FIVE,Item_3,2951,data\03_sections\FIVE__10-K__0001177609-25-000009__Item_3.txt
FIVE,Item_4,59,data\03_sections\FIVE__10-K__0001177609-25-000009__Item_4.txt
FIVE,Item_5,2997,data\03_sections\FIVE__10-K__0001177609-25-000009__Item_5.txt
FIVE,Item_6,1940,data\03_sections\FIVE__10-K__0001177609-25-000009__Item_6.txt
FIVE,Item_7,41074,data\03_sections\FIVE__10-K__0001177609-25-000009__Item_7.txt
FIVE,Item_7A,1863,data\03_sections\FIVE__10-K__0001177609-25-000009__Item_7A.txt
FIVE,Item_8,64207,data\03_sections\FIVE__10-K__0001177609-25-000009__Item_8.txt
FIVE,Item_9,109,data\03_sections\FIVE__10-K__0001177609-25-000009__Item_9.txt
FIVE,Item_9A,8099,data\03_sections\FIVE__10-K__0001177609-25-000009__Item_9A.txt
FIVE,Item_9B,381,data\03_sections\FIVE__10-K__0001177609-25-000009__Item_9B.txt
FIVE,Item_9C,102,data\03_sections\FIVE__10-K__0001177609-25-000009__Item_9C.txt
FIVE,Item_10,740,data\03_sections\FIVE__10-K__0001177609-25-000009__Item_10.txt
FIVE,Item_11,586,data\03_sections\FIVE__10-K__0001177609-25-000009__Item_11.txt
FIVE,Item_12,455,data\03_sections\FIVE__10-K__0001177609-25-000009__Item_12.txt
FIVE,Item_13,428,data\03_sections\FIVE__10-K__0001177609-25-000009__Item_13.txt
FIVE,Item_14,377,data\03_sections\FIVE__10-K__0001177609-25-000009__Item_14.txt
FIVE,Item_15,16091,data\03_sections\FIVE__10-K__0001177609-25-000009__Item_15.txt
FIVE,Item_16,79,data\03_sections\FIVE__10-K__0001177609-25-000009__Item_16.txt
FIVE,Signatures,522,data\03_sections\FIVE__10-K__0001177609-25-000009__Signatures.txt
FIVE,HEADER,18728,data\03_sections\FIVE__10-K__0001177609-26-000010__HEADER.txt
FIVE,Item_1,44948,data\03_sections\FIVE__10-K__0001177609-26-000010__Item_1.txt
FIVE,Item_1A,74971,data\03_sections\FIVE__10-K__0001177609-26-000010__Item_1A.txt
FIVE,Item_1B,41,data\03_sections\FIVE__10-K__0001177609-26-000010__Item_1B.txt
FIVE,Item_1C,4097,data\03_sections\FIVE__10-K__0001177609-26-000010__Item_1C.txt
FIVE,Item_2,3180,data\03_sections\FIVE__10-K__0001177609-26-000010__Item_2.txt
FIVE,Item_3,4669,data\03_sections\FIVE__10-K__0001177609-26-000010__Item_3.txt
FIVE,Item_4,59,data\03_sections\FIVE__10-K__0001177609-26-000010__Item_4.txt
FIVE,Item_5,3041,data\03_sections\FIVE__10-K__0001177609-26-000010__Item_5.txt
FIVE,Item_6,45,data\03_sections\FIVE__10-K__0001177609-26-000010__Item_6.txt
FIVE,Item_7,41063,data\03_sections\FIVE__10-K__0001177609-26-000010__Item_7.txt
FIVE,Item_7A,1926,data\03_sections\FIVE__10-K__0001177609-26-000010__Item_7A.txt
FIVE,Item_8,64571,data\03_sections\FIVE__10-K__0001177609-26-000010__Item_8.txt
FIVE,Item_9,112,data\03_sections\FIVE__10-K__0001177609-26-000010__Item_9.txt
FIVE,Item_9A,8095,data\03_sections\FIVE__10-K__0001177609-26-000010__Item_9A.txt
FIVE,Item_9B,392,data\03_sections\FIVE__10-K__0001177609-26-000010__Item_9B.txt
FIVE,Item_9C,102,data\03_sections\FIVE__10-K__0001177609-26-000010__Item_9C.txt
FIVE,Item_10,616,data\03_sections\FIVE__10-K__0001177609-26-000010__Item_10.txt
FIVE,Item_11,586,data\03_sections\FIVE__10-K__0001177609-26-000010__Item_11.txt
FIVE,Item_12,455,data\03_sections\FIVE__10-K__0001177609-26-000010__Item_12.txt
FIVE,Item_13,428,data\03_sections\FIVE__10-K__0001177609-26-000010__Item_13.txt
FIVE,Item_14,377,data\03_sections\FIVE__10-K__0001177609-26-000010__Item_14.txt
FIVE,Item_15,17595,data\03_sections\FIVE__10-K__0001177609-26-000010__Item_15.txt
FIVE,Item_16,79,data\03_sections\FIVE__10-K__0001177609-26-000010__Item_16.txt
FIVE,Signatures,522,data\03_sections\FIVE__10-K__0001177609-26-000010__Signatures.txt
FLWS,HEADER,27145,data\03_sections\FLWS__10-K__0001084869-25-000017__HEADER.txt
FLWS,Item_1,88279,data\03_sections\FLWS__10-K__0001084869-25-000017__Item_1.txt
FLWS,Item_1B,255,data\03_sections\FLWS__10-K__0001084869-25-000017__Item_1B.txt
FLWS,Item_1C,5448,data\03_sections\FLWS__10-K__0001084869-25-000017__Item_1C.txt
FLWS,Item_2,110,data\03_sections\FLWS__10-K__0001084869-25-000017__Item_2.txt
FLWS,Item_3,72,data\03_sections\FLWS__10-K__0001084869-25-000017__Item_3.txt
FLWS,Item_4,77,data\03_sections\FLWS__10-K__0001084869-25-000017__Item_4.txt
FLWS,Item_5,10025,data\03_sections\FLWS__10-K__0001084869-25-000017__Item_5.txt
FLWS,Item_6,16,data\03_sections\FLWS__10-K__0001084869-25-000017__Item_6.txt
FLWS,Item_7,41480,data\03_sections\FLWS__10-K__0001084869-25-000017__Item_7.txt
FLWS,Item_7A,750,data\03_sections\FLWS__10-K__0001084869-25-000017__Item_7A.txt
FLWS,Item_8,138,data\03_sections\FLWS__10-K__0001084869-25-000017__Item_8.txt
FLWS,Item_9,109,data\03_sections\FLWS__10-K__0001084869-25-000017__Item_9.txt
FLWS,Item_9A,8271,data\03_sections\FLWS__10-K__0001084869-25-000017__Item_9A.txt
FLWS,Item_9B,278,data\03_sections\FLWS__10-K__0001084869-25-000017__Item_9B.txt
FLWS,Item_9C,102,data\03_sections\FLWS__10-K__0001084869-25-000017__Item_9C.txt
FLWS,Item_10,1272,data\03_sections\FLWS__10-K__0001084869-25-000017__Item_10.txt
FLWS,Item_11,213,data\03_sections\FLWS__10-K__0001084869-25-000017__Item_11.txt
FLWS,Item_12,285,data\03_sections\FLWS__10-K__0001084869-25-000017__Item_12.txt
FLWS,Item_13,264,data\03_sections\FLWS__10-K__0001084869-25-000017__Item_13.txt
FLWS,Item_14,258,data\03_sections\FLWS__10-K__0001084869-25-000017__Item_14.txt
FLWS,Item_15,608,data\03_sections\FLWS__10-K__0001084869-25-000017__Item_15.txt
FLWS,Item_16,64,data\03_sections\FLWS__10-K__0001084869-25-000017__Item_16.txt
FLWS,Signatures,89057,data\03_sections\FLWS__10-K__0001084869-25-000017__Signatures.txt
FLWS,HEADER,181401,data\03_sections\FLWS__10-K__0001437749-23-025967__HEADER.txt
FLWS,Item_5,25737,data\03_sections\FLWS__10-K__0001437749-23-025967__Item_5.txt
FLWS,Signatures,77040,data\03_sections\FLWS__10-K__0001437749-23-025967__Signatures.txt
FLWS,HEADER,130760,data\03_sections\FLWS__10-K__0001437749-24-028591__HEADER.txt
FLWS,Item_1C,48954,data\03_sections\FLWS__10-K__0001437749-24-028591__Item_1C.txt
FLWS,Item_5,22478,data\03_sections\FLWS__10-K__0001437749-24-028591__Item_5.txt
FLWS,Signatures,77740,data\03_sections\FLWS__10-K__0001437749-24-028591__Signatures.txt
FLXS,HEADER,20335,data\03_sections\FLXS__10-K__0000037472-23-000024__HEADER.txt
FLXS,Item_1,8808,data\03_sections\FLXS__10-K__0000037472-23-000024__Item_1.txt
FLXS,Item_1A,19021,data\03_sections\FLXS__10-K__0000037472-23-000024__Item_1A.txt
FLXS,Item_1B,42,data\03_sections\FLXS__10-K__0000037472-23-000024__Item_1B.txt
FLXS,Item_2,578,data\03_sections\FLXS__10-K__0000037472-23-000024__Item_2.txt
FLXS,Item_3,200,data\03_sections\FLXS__10-K__0000037472-23-000024__Item_3.txt
FLXS,Item_4,72,data\03_sections\FLXS__10-K__0000037472-23-000024__Item_4.txt
FLXS,Item_5,1021,data\03_sections\FLXS__10-K__0000037472-23-000024__Item_5.txt
FLXS,Item_7,19823,data\03_sections\FLXS__10-K__0000037472-23-000024__Item_7.txt
FLXS,Item_7A,1931,data\03_sections\FLXS__10-K__0000037472-23-000024__Item_7A.txt
FLXS,Item_8,55812,data\03_sections\FLXS__10-K__0000037472-23-000024__Item_8.txt
FLXS,Item_9,100,data\03_sections\FLXS__10-K__0000037472-23-000024__Item_9.txt
FLXS,Item_9A,1980,data\03_sections\FLXS__10-K__0000037472-23-000024__Item_9A.txt
FLXS,Item_9B,132,data\03_sections\FLXS__10-K__0000037472-23-000024__Item_9B.txt
FLXS,Item_10,287,data\03_sections\FLXS__10-K__0000037472-23-000024__Item_10.txt
FLXS,Item_11,583,data\03_sections\FLXS__10-K__0000037472-23-000024__Item_11.txt
FLXS,Item_13,305,data\03_sections\FLXS__10-K__0000037472-23-000024__Item_13.txt
FLXS,Item_14,304,data\03_sections\FLXS__10-K__0000037472-23-000024__Item_14.txt
FLXS,Item_15,950,data\03_sections\FLXS__10-K__0000037472-23-000024__Item_15.txt
FLXS,Signatures,567,data\03_sections\FLXS__10-K__0000037472-23-000024__Signatures.txt
FLXS,HEADER,19761,data\03_sections\FLXS__10-K__0000950170-24-102402__HEADER.txt
FLXS,Item_1,8352,data\03_sections\FLXS__10-K__0000950170-24-102402__Item_1.txt
FLXS,Item_1A,19172,data\03_sections\FLXS__10-K__0000950170-24-102402__Item_1A.txt
FLXS,Item_1B,42,data\03_sections\FLXS__10-K__0000950170-24-102402__Item_1B.txt
FLXS,Item_1C,3786,data\03_sections\FLXS__10-K__0000950170-24-102402__Item_1C.txt
FLXS,Item_2,601,data\03_sections\FLXS__10-K__0000950170-24-102402__Item_2.txt
FLXS,Item_3,200,data\03_sections\FLXS__10-K__0000950170-24-102402__Item_3.txt
FLXS,Item_4,48,data\03_sections\FLXS__10-K__0000950170-24-102402__Item_4.txt
FLXS,Item_5,981,data\03_sections\FLXS__10-K__0000950170-24-102402__Item_5.txt
FLXS,Item_7,20120,data\03_sections\FLXS__10-K__0000950170-24-102402__Item_7.txt
FLXS,Item_7A,2275,data\03_sections\FLXS__10-K__0000950170-24-102402__Item_7A.txt
FLXS,Item_8,54620,data\03_sections\FLXS__10-K__0000950170-24-102402__Item_8.txt
FLXS,Item_9,100,data\03_sections\FLXS__10-K__0000950170-24-102402__Item_9.txt
FLXS,Item_9A,1956,data\03_sections\FLXS__10-K__0000950170-24-102402__Item_9A.txt
FLXS,Item_9B,646,data\03_sections\FLXS__10-K__0000950170-24-102402__Item_9B.txt
FLXS,Item_10,287,data\03_sections\FLXS__10-K__0000950170-24-102402__Item_10.txt
FLXS,Item_11,583,data\03_sections\FLXS__10-K__0000950170-24-102402__Item_11.txt
FLXS,Item_13,305,data\03_sections\FLXS__10-K__0000950170-24-102402__Item_13.txt
FLXS,Item_14,302,data\03_sections\FLXS__10-K__0000950170-24-102402__Item_14.txt
FLXS,Item_15,928,data\03_sections\FLXS__10-K__0000950170-24-102402__Item_15.txt
FLXS,Signatures,564,data\03_sections\FLXS__10-K__0000950170-24-102402__Signatures.txt
FLXS,HEADER,17186,data\03_sections\FLXS__10-K__0000950170-25-110965__HEADER.txt
FLXS,Item_1,8175,data\03_sections\FLXS__10-K__0000950170-25-110965__Item_1.txt
FLXS,Item_1A,21527,data\03_sections\FLXS__10-K__0000950170-25-110965__Item_1A.txt
FLXS,Item_1B,42,data\03_sections\FLXS__10-K__0000950170-25-110965__Item_1B.txt
FLXS,Item_1C,3787,data\03_sections\FLXS__10-K__0000950170-25-110965__Item_1C.txt
FLXS,Item_2,340,data\03_sections\FLXS__10-K__0000950170-25-110965__Item_2.txt
FLXS,Item_3,200,data\03_sections\FLXS__10-K__0000950170-25-110965__Item_3.txt
FLXS,Item_4,46,data\03_sections\FLXS__10-K__0000950170-25-110965__Item_4.txt
FLXS,Item_5,1014,data\03_sections\FLXS__10-K__0000950170-25-110965__Item_5.txt
FLXS,Item_7,23140,data\03_sections\FLXS__10-K__0000950170-25-110965__Item_7.txt
FLXS,Item_7A,2627,data\03_sections\FLXS__10-K__0000950170-25-110965__Item_7A.txt
FLXS,Item_8,58003,data\03_sections\FLXS__10-K__0000950170-25-110965__Item_8.txt
FLXS,Item_9,99,data\03_sections\FLXS__10-K__0000950170-25-110965__Item_9.txt
FLXS,Item_9A,1953,data\03_sections\FLXS__10-K__0000950170-25-110965__Item_9A.txt
FLXS,Item_9B,1418,data\03_sections\FLXS__10-K__0000950170-25-110965__Item_9B.txt
FLXS,Item_10,286,data\03_sections\FLXS__10-K__0000950170-25-110965__Item_10.txt
FLXS,Item_11,581,data\03_sections\FLXS__10-K__0000950170-25-110965__Item_11.txt
FLXS,Item_13,304,data\03_sections\FLXS__10-K__0000950170-25-110965__Item_13.txt
FLXS,Item_14,302,data\03_sections\FLXS__10-K__0000950170-25-110965__Item_14.txt
FLXS,Item_15,922,data\03_sections\FLXS__10-K__0000950170-25-110965__Item_15.txt
FLXS,Signatures,600,data\03_sections\FLXS__10-K__0000950170-25-110965__Signatures.txt
FND,HEADER,35569,data\03_sections\FND__10-K__0001507079-24-000010__HEADER.txt
FND,Item_1,33424,data\03_sections\FND__10-K__0001507079-24-000010__Item_1.txt
FND,Item_1A,74977,data\03_sections\FND__10-K__0001507079-24-000010__Item_1A.txt
FND,Item_1B,63,data\03_sections\FND__10-K__0001507079-24-000010__Item_1B.txt
FND,Item_1C,4952,data\03_sections\FND__10-K__0001507079-24-000010__Item_1C.txt
FND,Item_2,1187,data\03_sections\FND__10-K__0001507079-24-000010__Item_2.txt
FND,Item_3,810,data\03_sections\FND__10-K__0001507079-24-000010__Item_3.txt
FND,Item_4,57,data\03_sections\FND__10-K__0001507079-24-000010__Item_4.txt
FND,Item_5,2725,data\03_sections\FND__10-K__0001507079-24-000010__Item_5.txt
FND,Item_6,38,data\03_sections\FND__10-K__0001507079-24-000010__Item_6.txt
FND,Item_7,45495,data\03_sections\FND__10-K__0001507079-24-000010__Item_7.txt
FND,Item_7A,3646,data\03_sections\FND__10-K__0001507079-24-000010__Item_7A.txt
FND,Item_8,102034,data\03_sections\FND__10-K__0001507079-24-000010__Item_8.txt
FND,Item_9,100,data\03_sections\FND__10-K__0001507079-24-000010__Item_9.txt
FND,Item_9A,3966,data\03_sections\FND__10-K__0001507079-24-000010__Item_9A.txt
FND,Item_9B,367,data\03_sections\FND__10-K__0001507079-24-000010__Item_9B.txt
FND,Item_9C,124,data\03_sections\FND__10-K__0001507079-24-000010__Item_9C.txt
FND,Item_10,387,data\03_sections\FND__10-K__0001507079-24-000010__Item_10.txt
FND,Item_11,422,data\03_sections\FND__10-K__0001507079-24-000010__Item_11.txt
FND,Item_12,346,data\03_sections\FND__10-K__0001507079-24-000010__Item_12.txt
FND,Item_13,326,data\03_sections\FND__10-K__0001507079-24-000010__Item_13.txt
FND,Item_14,298,data\03_sections\FND__10-K__0001507079-24-000010__Item_14.txt
FND,Item_15,184,data\03_sections\FND__10-K__0001507079-24-000010__Item_15.txt
FND,Item_16,54,data\03_sections\FND__10-K__0001507079-24-000010__Item_16.txt
FND,Signatures,467,data\03_sections\FND__10-K__0001507079-24-000010__Signatures.txt
FND,HEADER,32443,data\03_sections\FND__10-K__0001507079-25-000013__HEADER.txt
FND,Item_1,30934,data\03_sections\FND__10-K__0001507079-25-000013__Item_1.txt
FND,Item_1A,75732,data\03_sections\FND__10-K__0001507079-25-000013__Item_1A.txt
FND,Item_1B,42,data\03_sections\FND__10-K__0001507079-25-000013__Item_1B.txt
FND,Item_1C,4331,data\03_sections\FND__10-K__0001507079-25-000013__Item_1C.txt
FND,Item_2,1166,data\03_sections\FND__10-K__0001507079-25-000013__Item_2.txt
FND,Item_3,812,data\03_sections\FND__10-K__0001507079-25-000013__Item_3.txt
FND,Item_4,57,data\03_sections\FND__10-K__0001507079-25-000013__Item_4.txt
FND,Item_5,2787,data\03_sections\FND__10-K__0001507079-25-000013__Item_5.txt
FND,Item_6,38,data\03_sections\FND__10-K__0001507079-25-000013__Item_6.txt
FND,Item_7,43783,data\03_sections\FND__10-K__0001507079-25-000013__Item_7.txt
FND,Item_7A,3693,data\03_sections\FND__10-K__0001507079-25-000013__Item_7A.txt
FND,Item_8,94752,data\03_sections\FND__10-K__0001507079-25-000013__Item_8.txt
FND,Item_9,121,data\03_sections\FND__10-K__0001507079-25-000013__Item_9.txt
FND,Item_9A,4571,data\03_sections\FND__10-K__0001507079-25-000013__Item_9A.txt
FND,Item_9B,862,data\03_sections\FND__10-K__0001507079-25-000013__Item_9B.txt
FND,Item_9C,103,data\03_sections\FND__10-K__0001507079-25-000013__Item_9C.txt
FND,Item_10,535,data\03_sections\FND__10-K__0001507079-25-000013__Item_10.txt
FND,Item_11,397,data\03_sections\FND__10-K__0001507079-25-000013__Item_11.txt
FND,Item_12,383,data\03_sections\FND__10-K__0001507079-25-000013__Item_12.txt
FND,Item_13,351,data\03_sections\FND__10-K__0001507079-25-000013__Item_13.txt
FND,Item_14,273,data\03_sections\FND__10-K__0001507079-25-000013__Item_14.txt
FND,Item_15,184,data\03_sections\FND__10-K__0001507079-25-000013__Item_15.txt
FND,Item_16,54,data\03_sections\FND__10-K__0001507079-25-000013__Item_16.txt
FND,Signatures,467,data\03_sections\FND__10-K__0001507079-25-000013__Signatures.txt
FND,HEADER,29103,data\03_sections\FND__10-K__0001628280-26-009770__HEADER.txt
FND,Item_1,29756,data\03_sections\FND__10-K__0001628280-26-009770__Item_1.txt
FND,Item_1A,73198,data\03_sections\FND__10-K__0001628280-26-009770__Item_1A.txt
FND,Item_1B,42,data\03_sections\FND__10-K__0001628280-26-009770__Item_1B.txt
FND,Item_1C,4330,data\03_sections\FND__10-K__0001628280-26-009770__Item_1C.txt
FND,Item_2,1175,data\03_sections\FND__10-K__0001628280-26-009770__Item_2.txt
FND,Item_3,829,data\03_sections\FND__10-K__0001628280-26-009770__Item_3.txt
FND,Item_4,57,data\03_sections\FND__10-K__0001628280-26-009770__Item_4.txt
FND,Item_5,2304,data\03_sections\FND__10-K__0001628280-26-009770__Item_5.txt
FND,Item_6,39,data\03_sections\FND__10-K__0001628280-26-009770__Item_6.txt
FND,Item_7,40022,data\03_sections\FND__10-K__0001628280-26-009770__Item_7.txt
FND,Item_7A,3589,data\03_sections\FND__10-K__0001628280-26-009770__Item_7A.txt
FND,Item_8,88372,data\03_sections\FND__10-K__0001628280-26-009770__Item_8.txt
FND,Item_9,121,data\03_sections\FND__10-K__0001628280-26-009770__Item_9.txt
FND,Item_9A,4523,data\03_sections\FND__10-K__0001628280-26-009770__Item_9A.txt
FND,Item_9B,397,data\03_sections\FND__10-K__0001628280-26-009770__Item_9B.txt
FND,Item_9C,103,data\03_sections\FND__10-K__0001628280-26-009770__Item_9C.txt
FND,Item_10,535,data\03_sections\FND__10-K__0001628280-26-009770__Item_10.txt
FND,Item_11,397,data\03_sections\FND__10-K__0001628280-26-009770__Item_11.txt
FND,Item_12,383,data\03_sections\FND__10-K__0001628280-26-009770__Item_12.txt
FND,Item_13,351,data\03_sections\FND__10-K__0001628280-26-009770__Item_13.txt
FND,Item_14,271,data\03_sections\FND__10-K__0001628280-26-009770__Item_14.txt
FND,Item_15,184,data\03_sections\FND__10-K__0001628280-26-009770__Item_15.txt
FND,Item_16,55,data\03_sections\FND__10-K__0001628280-26-009770__Item_16.txt
FND,Signatures,467,data\03_sections\FND__10-K__0001628280-26-009770__Signatures.txt
GME,HEADER,21097,data\03_sections\GME__10-K__0001326380-24-000012__HEADER.txt
GME,Item_1,13983,data\03_sections\GME__10-K__0001326380-24-000012__Item_1.txt
GME,Item_1A,43713,data\03_sections\GME__10-K__0001326380-24-000012__Item_1A.txt
GME,Item_1B,41,data\03_sections\GME__10-K__0001326380-24-000012__Item_1B.txt
GME,Item_1C,4672,data\03_sections\GME__10-K__0001326380-24-000012__Item_1C.txt
GME,Item_2,1489,data\03_sections\GME__10-K__0001326380-24-000012__Item_2.txt
GME,Item_3,235,data\03_sections\GME__10-K__0001326380-24-000012__Item_3.txt
GME,Item_4,59,data\03_sections\GME__10-K__0001326380-24-000012__Item_4.txt
GME,Item_5,3913,data\03_sections\GME__10-K__0001326380-24-000012__Item_5.txt
GME,Item_6,20,data\03_sections\GME__10-K__0001326380-24-000012__Item_6.txt
GME,Item_7,26794,data\03_sections\GME__10-K__0001326380-24-000012__Item_7.txt
GME,Item_7A,2159,data\03_sections\GME__10-K__0001326380-24-000012__Item_7A.txt
GME,Item_8,71988,data\03_sections\GME__10-K__0001326380-24-000012__Item_8.txt
GME,Item_9,99,data\03_sections\GME__10-K__0001326380-24-000012__Item_9.txt
GME,Item_9A,8473,data\03_sections\GME__10-K__0001326380-24-000012__Item_9A.txt
GME,Item_9B,360,data\03_sections\GME__10-K__0001326380-24-000012__Item_9B.txt
GME,Item_9C,104,data\03_sections\GME__10-K__0001326380-24-000012__Item_9C.txt
GME,Item_10,1005,data\03_sections\GME__10-K__0001326380-24-000012__Item_10.txt
GME,Item_11,32,data\03_sections\GME__10-K__0001326380-24-000012__Item_11.txt
GME,Item_12,104,data\03_sections\GME__10-K__0001326380-24-000012__Item_12.txt
GME,Item_13,83,data\03_sections\GME__10-K__0001326380-24-000012__Item_13.txt
GME,Item_14,677,data\03_sections\GME__10-K__0001326380-24-000012__Item_14.txt
GME,Item_15,1282,data\03_sections\GME__10-K__0001326380-24-000012__Item_15.txt
GME,Item_16,36,data\03_sections\GME__10-K__0001326380-24-000012__Item_16.txt
GME,Signatures,493,data\03_sections\GME__10-K__0001326380-24-000012__Signatures.txt
GME,HEADER,21606,data\03_sections\GME__10-K__0001326380-26-000013__HEADER.txt
GME,Item_1,17755,data\03_sections\GME__10-K__0001326380-26-000013__Item_1.txt
GME,Item_1A,80263,data\03_sections\GME__10-K__0001326380-26-000013__Item_1A.txt
GME,Item_1B,41,data\03_sections\GME__10-K__0001326380-26-000013__Item_1B.txt
GME,Item_1C,4789,data\03_sections\GME__10-K__0001326380-26-000013__Item_1C.txt
GME,Item_2,1571,data\03_sections\GME__10-K__0001326380-26-000013__Item_2.txt
GME,Item_3,235,data\03_sections\GME__10-K__0001326380-26-000013__Item_3.txt
GME,Item_4,59,data\03_sections\GME__10-K__0001326380-26-000013__Item_4.txt
GME,Item_5,4001,data\03_sections\GME__10-K__0001326380-26-000013__Item_5.txt
GME,Item_6,20,data\03_sections\GME__10-K__0001326380-26-000013__Item_6.txt
GME,Item_7,34796,data\03_sections\GME__10-K__0001326380-26-000013__Item_7.txt
GME,Item_7A,4818,data\03_sections\GME__10-K__0001326380-26-000013__Item_7A.txt
GME,Item_8,112288,data\03_sections\GME__10-K__0001326380-26-000013__Item_8.txt
GME,Item_9,99,data\03_sections\GME__10-K__0001326380-26-000013__Item_9.txt
GME,Item_9A,317,data\03_sections\GME__10-K__0001326380-26-000013__Item_9A.txt
GME,Item_9B,2519,data\03_sections\GME__10-K__0001326380-26-000013__Item_9B.txt
GME,Item_9C,104,data\03_sections\GME__10-K__0001326380-26-000013__Item_9C.txt
GME,Item_10,980,data\03_sections\GME__10-K__0001326380-26-000013__Item_10.txt
GME,Item_11,32,data\03_sections\GME__10-K__0001326380-26-000013__Item_11.txt
GME,Item_12,104,data\03_sections\GME__10-K__0001326380-26-000013__Item_12.txt
GME,Item_13,83,data\03_sections\GME__10-K__0001326380-26-000013__Item_13.txt
GME,Item_14,757,data\03_sections\GME__10-K__0001326380-26-000013__Item_14.txt
GME,Item_15,1380,data\03_sections\GME__10-K__0001326380-26-000013__Item_15.txt
GME,Item_16,36,data\03_sections\GME__10-K__0001326380-26-000013__Item_16.txt
GME,Signatures,493,data\03_sections\GME__10-K__0001326380-26-000013__Signatures.txt
GME,HEADER,18145,data\03_sections\GME__10-K__0001628280-25-014731__HEADER.txt
GME,Item_1,15314,data\03_sections\GME__10-K__0001628280-25-014731__Item_1.txt
GME,Item_1A,55691,data\03_sections\GME__10-K__0001628280-25-014731__Item_1A.txt
GME,Item_1B,41,data\03_sections\GME__10-K__0001628280-25-014731__Item_1B.txt
GME,Item_1C,4788,data\03_sections\GME__10-K__0001628280-25-014731__Item_1C.txt
GME,Item_2,1582,data\03_sections\GME__10-K__0001628280-25-014731__Item_2.txt
GME,Item_3,235,data\03_sections\GME__10-K__0001628280-25-014731__Item_3.txt
GME,Item_4,59,data\03_sections\GME__10-K__0001628280-25-014731__Item_4.txt
GME,Item_5,3534,data\03_sections\GME__10-K__0001628280-25-014731__Item_5.txt
GME,Item_6,20,data\03_sections\GME__10-K__0001628280-25-014731__Item_6.txt
GME,Item_7,30971,data\03_sections\GME__10-K__0001628280-25-014731__Item_7.txt
GME,Item_7A,2047,data\03_sections\GME__10-K__0001628280-25-014731__Item_7A.txt
GME,Item_8,70537,data\03_sections\GME__10-K__0001628280-25-014731__Item_8.txt
GME,Item_9,99,data\03_sections\GME__10-K__0001628280-25-014731__Item_9.txt
GME,Item_9A,8480,data\03_sections\GME__10-K__0001628280-25-014731__Item_9A.txt
GME,Item_9B,4006,data\03_sections\GME__10-K__0001628280-25-014731__Item_9B.txt
GME,Item_9C,104,data\03_sections\GME__10-K__0001628280-25-014731__Item_9C.txt
GME,Item_10,1005,data\03_sections\GME__10-K__0001628280-25-014731__Item_10.txt
GME,Item_11,32,data\03_sections\GME__10-K__0001628280-25-014731__Item_11.txt
GME,Item_12,104,data\03_sections\GME__10-K__0001628280-25-014731__Item_12.txt
GME,Item_13,83,data\03_sections\GME__10-K__0001628280-25-014731__Item_13.txt
GME,Item_14,758,data\03_sections\GME__10-K__0001628280-25-014731__Item_14.txt
GME,Item_15,1282,data\03_sections\GME__10-K__0001628280-25-014731__Item_15.txt
GME,Item_16,36,data\03_sections\GME__10-K__0001628280-25-014731__Item_16.txt
GME,Signatures,493,data\03_sections\GME__10-K__0001628280-25-014731__Signatures.txt
GO,HEADER,22621,data\03_sections\GO__10-K__0001771515-24-000016__HEADER.txt
GO,Item_1,53242,data\03_sections\GO__10-K__0001771515-24-000016__Item_1.txt
GO,Item_1A,113826,data\03_sections\GO__10-K__0001771515-24-000016__Item_1A.txt
GO,Item_1B,62,data\03_sections\GO__10-K__0001771515-24-000016__Item_1B.txt
GO,Item_1C,5013,data\03_sections\GO__10-K__0001771515-24-000016__Item_1C.txt
GO,Item_2,1264,data\03_sections\GO__10-K__0001771515-24-000016__Item_2.txt
GO,Item_3,822,data\03_sections\GO__10-K__0001771515-24-000016__Item_3.txt
GO,Item_4,77,data\03_sections\GO__10-K__0001771515-24-000016__Item_4.txt
GO,Item_5,4924,data\03_sections\GO__10-K__0001771515-24-000016__Item_5.txt
GO,Item_6,40,data\03_sections\GO__10-K__0001771515-24-000016__Item_6.txt
GO,Item_7,44089,data\03_sections\GO__10-K__0001771515-24-000016__Item_7.txt
GO,Item_7A,1925,data\03_sections\GO__10-K__0001771515-24-000016__Item_7A.txt
GO,Item_8,80701,data\03_sections\GO__10-K__0001771515-24-000016__Item_8.txt
GO,Item_9,120,data\03_sections\GO__10-K__0001771515-24-000016__Item_9.txt
GO,Item_9A,11387,data\03_sections\GO__10-K__0001771515-24-000016__Item_9A.txt
GO,Item_9B,512,data\03_sections\GO__10-K__0001771515-24-000016__Item_9B.txt
GO,Item_9C,124,data\03_sections\GO__10-K__0001771515-24-000016__Item_9C.txt
GO,Item_10,669,data\03_sections\GO__10-K__0001771515-24-000016__Item_10.txt
GO,Item_11,929,data\03_sections\GO__10-K__0001771515-24-000016__Item_11.txt
GO,Item_12,369,data\03_sections\GO__10-K__0001771515-24-000016__Item_12.txt
GO,Item_13,355,data\03_sections\GO__10-K__0001771515-24-000016__Item_13.txt
GO,Item_14,248,data\03_sections\GO__10-K__0001771515-24-000016__Item_14.txt
GO,Item_15,745,data\03_sections\GO__10-K__0001771515-24-000016__Item_15.txt
GO,Item_16,65,data\03_sections\GO__10-K__0001771515-24-000016__Item_16.txt
GO,Signatures,1071,data\03_sections\GO__10-K__0001771515-24-000016__Signatures.txt
GO,HEADER,24528,data\03_sections\GO__10-K__0001771515-25-000017__HEADER.txt
GO,Item_1,50260,data\03_sections\GO__10-K__0001771515-25-000017__Item_1.txt
GO,Item_1A,120251,data\03_sections\GO__10-K__0001771515-25-000017__Item_1A.txt
GO,Item_1B,62,data\03_sections\GO__10-K__0001771515-25-000017__Item_1B.txt
GO,Item_1C,5038,data\03_sections\GO__10-K__0001771515-25-000017__Item_1C.txt
GO,Item_2,1677,data\03_sections\GO__10-K__0001771515-25-000017__Item_2.txt
GO,Item_3,1650,data\03_sections\GO__10-K__0001771515-25-000017__Item_3.txt
GO,Item_4,77,data\03_sections\GO__10-K__0001771515-25-000017__Item_4.txt
GO,Item_5,5555,data\03_sections\GO__10-K__0001771515-25-000017__Item_5.txt
GO,Item_6,40,data\03_sections\GO__10-K__0001771515-25-000017__Item_6.txt
GO,Item_7,48214,data\03_sections\GO__10-K__0001771515-25-000017__Item_7.txt
GO,Item_7A,2105,data\03_sections\GO__10-K__0001771515-25-000017__Item_7A.txt
GO,Item_8,87315,data\03_sections\GO__10-K__0001771515-25-000017__Item_8.txt
GO,Item_9,120,data\03_sections\GO__10-K__0001771515-25-000017__Item_9.txt
GO,Item_9A,13562,data\03_sections\GO__10-K__0001771515-25-000017__Item_9A.txt
GO,Item_9B,511,data\03_sections\GO__10-K__0001771515-25-000017__Item_9B.txt
GO,Item_9C,124,data\03_sections\GO__10-K__0001771515-25-000017__Item_9C.txt
GO,Item_10,725,data\03_sections\GO__10-K__0001771515-25-000017__Item_10.txt
GO,Item_11,860,data\03_sections\GO__10-K__0001771515-25-000017__Item_11.txt
GO,Item_12,369,data\03_sections\GO__10-K__0001771515-25-000017__Item_12.txt
GO,Item_13,355,data\03_sections\GO__10-K__0001771515-25-000017__Item_13.txt
GO,Item_14,248,data\03_sections\GO__10-K__0001771515-25-000017__Item_14.txt
GO,Item_15,711,data\03_sections\GO__10-K__0001771515-25-000017__Item_15.txt
GO,Item_16,65,data\03_sections\GO__10-K__0001771515-25-000017__Item_16.txt
GO,Signatures,1061,data\03_sections\GO__10-K__0001771515-25-000017__Signatures.txt
GO,HEADER,25057,data\03_sections\GO__10-K__0001771515-26-000015__HEADER.txt
GO,Item_1,50699,data\03_sections\GO__10-K__0001771515-26-000015__Item_1.txt
GO,Item_1A,116422,data\03_sections\GO__10-K__0001771515-26-000015__Item_1A.txt
GO,Item_1B,62,data\03_sections\GO__10-K__0001771515-26-000015__Item_1B.txt
GO,Item_1C,4920,data\03_sections\GO__10-K__0001771515-26-000015__Item_1C.txt
GO,Item_2,1682,data\03_sections\GO__10-K__0001771515-26-000015__Item_2.txt
GO,Item_3,1038,data\03_sections\GO__10-K__0001771515-26-000015__Item_3.txt
GO,Item_4,77,data\03_sections\GO__10-K__0001771515-26-000015__Item_4.txt
GO,Item_5,4531,data\03_sections\GO__10-K__0001771515-26-000015__Item_5.txt
GO,Item_6,40,data\03_sections\GO__10-K__0001771515-26-000015__Item_6.txt
GO,Item_7,61205,data\03_sections\GO__10-K__0001771515-26-000015__Item_7.txt
GO,Item_7A,2067,data\03_sections\GO__10-K__0001771515-26-000015__Item_7A.txt
GO,Item_8,107208,data\03_sections\GO__10-K__0001771515-26-000015__Item_8.txt
GO,Item_9,121,data\03_sections\GO__10-K__0001771515-26-000015__Item_9.txt
GO,Item_9A,8027,data\03_sections\GO__10-K__0001771515-26-000015__Item_9A.txt
GO,Item_9B,874,data\03_sections\GO__10-K__0001771515-26-000015__Item_9B.txt
GO,Item_9C,124,data\03_sections\GO__10-K__0001771515-26-000015__Item_9C.txt
GO,Item_10,721,data\03_sections\GO__10-K__0001771515-26-000015__Item_10.txt
GO,Item_11,860,data\03_sections\GO__10-K__0001771515-26-000015__Item_11.txt
GO,Item_12,369,data\03_sections\GO__10-K__0001771515-26-000015__Item_12.txt
GO,Item_13,355,data\03_sections\GO__10-K__0001771515-26-000015__Item_13.txt
GO,Item_14,248,data\03_sections\GO__10-K__0001771515-26-000015__Item_14.txt
GO,Item_15,711,data\03_sections\GO__10-K__0001771515-26-000015__Item_15.txt
GO,Item_16,65,data\03_sections\GO__10-K__0001771515-26-000015__Item_16.txt
GO,Signatures,1061,data\03_sections\GO__10-K__0001771515-26-000015__Signatures.txt
GPI,HEADER,39641,data\03_sections\GPI__10-K__0001031203-24-000013__HEADER.txt
GPI,Item_1,43415,data\03_sections\GPI__10-K__0001031203-24-000013__Item_1.txt
GPI,Item_1A,45366,data\03_sections\GPI__10-K__0001031203-24-000013__Item_1A.txt
GPI,Item_1B,45,data\03_sections\GPI__10-K__0001031203-24-000013__Item_1B.txt
GPI,Item_1C,8626,data\03_sections\GPI__10-K__0001031203-24-000013__Item_1C.txt
GPI,Item_2,306,data\03_sections\GPI__10-K__0001031203-24-000013__Item_2.txt
GPI,Item_3,170,data\03_sections\GPI__10-K__0001031203-24-000013__Item_3.txt
GPI,Item_4,59,data\03_sections\GPI__10-K__0001031203-24-000013__Item_4.txt
GPI,Item_5,2377,data\03_sections\GPI__10-K__0001031203-24-000013__Item_5.txt
GPI,Item_7,42169,data\03_sections\GPI__10-K__0001031203-24-000013__Item_7.txt
GPI,Item_7A,2736,data\03_sections\GPI__10-K__0001031203-24-000013__Item_7A.txt
GPI,Item_8,201,data\03_sections\GPI__10-K__0001031203-24-000013__Item_8.txt
GPI,Item_9,99,data\03_sections\GPI__10-K__0001031203-24-000013__Item_9.txt
GPI,Item_9A,10814,data\03_sections\GPI__10-K__0001031203-24-000013__Item_9A.txt
GPI,Item_9B,278,data\03_sections\GPI__10-K__0001031203-24-000013__Item_9B.txt
GPI,Item_9C,92,data\03_sections\GPI__10-K__0001031203-24-000013__Item_9C.txt
GPI,Item_10,356,data\03_sections\GPI__10-K__0001031203-24-000013__Item_10.txt
GPI,Item_11,324,data\03_sections\GPI__10-K__0001031203-24-000013__Item_11.txt
GPI,Item_12,396,data\03_sections\GPI__10-K__0001031203-24-000013__Item_12.txt
GPI,Item_13,375,data\03_sections\GPI__10-K__0001031203-24-000013__Item_13.txt
GPI,Item_14,351,data\03_sections\GPI__10-K__0001031203-24-000013__Item_14.txt
GPI,Item_15,852,data\03_sections\GPI__10-K__0001031203-24-000013__Item_15.txt
GPI,Item_16,36,data\03_sections\GPI__10-K__0001031203-24-000013__Item_16.txt
GPI,Signatures,91707,data\03_sections\GPI__10-K__0001031203-24-000013__Signatures.txt
GPI,HEADER,37613,data\03_sections\GPI__10-K__0001031203-25-000013__HEADER.txt
GPI,Item_1,41884,data\03_sections\GPI__10-K__0001031203-25-000013__Item_1.txt
GPI,Item_1A,53032,data\03_sections\GPI__10-K__0001031203-25-000013__Item_1A.txt
GPI,Item_1B,42,data\03_sections\GPI__10-K__0001031203-25-000013__Item_1B.txt
GPI,Item_1C,9186,data\03_sections\GPI__10-K__0001031203-25-000013__Item_1C.txt
GPI,Item_2,320,data\03_sections\GPI__10-K__0001031203-25-000013__Item_2.txt
GPI,Item_3,170,data\03_sections\GPI__10-K__0001031203-25-000013__Item_3.txt
GPI,Item_4,59,data\03_sections\GPI__10-K__0001031203-25-000013__Item_4.txt
GPI,Item_5,2559,data\03_sections\GPI__10-K__0001031203-25-000013__Item_5.txt
GPI,Item_7,41144,data\03_sections\GPI__10-K__0001031203-25-000013__Item_7.txt
GPI,Item_7A,2915,data\03_sections\GPI__10-K__0001031203-25-000013__Item_7A.txt
GPI,Item_8,201,data\03_sections\GPI__10-K__0001031203-25-000013__Item_8.txt
GPI,Item_9,99,data\03_sections\GPI__10-K__0001031203-25-000013__Item_9.txt
GPI,Item_9A,10835,data\03_sections\GPI__10-K__0001031203-25-000013__Item_9A.txt
GPI,Item_9B,771,data\03_sections\GPI__10-K__0001031203-25-000013__Item_9B.txt
GPI,Item_9C,92,data\03_sections\GPI__10-K__0001031203-25-000013__Item_9C.txt
GPI,Item_10,356,data\03_sections\GPI__10-K__0001031203-25-000013__Item_10.txt
GPI,Item_11,324,data\03_sections\GPI__10-K__0001031203-25-000013__Item_11.txt
GPI,Item_12,396,data\03_sections\GPI__10-K__0001031203-25-000013__Item_12.txt
GPI,Item_13,375,data\03_sections\GPI__10-K__0001031203-25-000013__Item_13.txt
GPI,Item_14,351,data\03_sections\GPI__10-K__0001031203-25-000013__Item_14.txt
GPI,Item_15,852,data\03_sections\GPI__10-K__0001031203-25-000013__Item_15.txt
GPI,Item_16,36,data\03_sections\GPI__10-K__0001031203-25-000013__Item_16.txt
GPI,Signatures,92545,data\03_sections\GPI__10-K__0001031203-25-000013__Signatures.txt
GPI,HEADER,41136,data\03_sections\GPI__10-K__0001031203-26-000064__HEADER.txt
GPI,Item_1,38514,data\03_sections\GPI__10-K__0001031203-26-000064__Item_1.txt
GPI,Item_1A,60950,data\03_sections\GPI__10-K__0001031203-26-000064__Item_1A.txt
GPI,Item_1B,42,data\03_sections\GPI__10-K__0001031203-26-000064__Item_1B.txt
GPI,Item_1C,9466,data\03_sections\GPI__10-K__0001031203-26-000064__Item_1C.txt
GPI,Item_2,322,data\03_sections\GPI__10-K__0001031203-26-000064__Item_2.txt
GPI,Item_3,170,data\03_sections\GPI__10-K__0001031203-26-000064__Item_3.txt
GPI,Item_4,59,data\03_sections\GPI__10-K__0001031203-26-000064__Item_4.txt
GPI,Item_5,2595,data\03_sections\GPI__10-K__0001031203-26-000064__Item_5.txt
GPI,Item_6,22,data\03_sections\GPI__10-K__0001031203-26-000064__Item_6.txt
GPI,Item_7,45559,data\03_sections\GPI__10-K__0001031203-26-000064__Item_7.txt
GPI,Item_7A,2922,data\03_sections\GPI__10-K__0001031203-26-000064__Item_7A.txt
GPI,Item_8,201,data\03_sections\GPI__10-K__0001031203-26-000064__Item_8.txt
GPI,Item_9,99,data\03_sections\GPI__10-K__0001031203-26-000064__Item_9.txt
GPI,Item_9A,10831,data\03_sections\GPI__10-K__0001031203-26-000064__Item_9A.txt
GPI,Item_9B,301,data\03_sections\GPI__10-K__0001031203-26-000064__Item_9B.txt
GPI,Item_9C,92,data\03_sections\GPI__10-K__0001031203-26-000064__Item_9C.txt
GPI,Item_10,356,data\03_sections\GPI__10-K__0001031203-26-000064__Item_10.txt
GPI,Item_11,324,data\03_sections\GPI__10-K__0001031203-26-000064__Item_11.txt
GPI,Item_12,396,data\03_sections\GPI__10-K__0001031203-26-000064__Item_12.txt
GPI,Item_13,375,data\03_sections\GPI__10-K__0001031203-26-000064__Item_13.txt
GPI,Item_14,351,data\03_sections\GPI__10-K__0001031203-26-000064__Item_14.txt
GPI,Item_15,870,data\03_sections\GPI__10-K__0001031203-26-000064__Item_15.txt
GPI,Item_16,36,data\03_sections\GPI__10-K__0001031203-26-000064__Item_16.txt
GPI,Signatures,91955,data\03_sections\GPI__10-K__0001031203-26-000064__Signatures.txt
GPRO,HEADER,30005,data\03_sections\GPRO__10-K__0001500435-24-000021__HEADER.txt
GPRO,Item_1,35303,data\03_sections\GPRO__10-K__0001500435-24-000021__Item_1.txt
GPRO,Item_1A,124625,data\03_sections\GPRO__10-K__0001500435-24-000021__Item_1A.txt
GPRO,Item_1B,42,data\03_sections\GPRO__10-K__0001500435-24-000021__Item_1B.txt
GPRO,Item_1C,3200,data\03_sections\GPRO__10-K__0001500435-24-000021__Item_1C.txt
GPRO,Item_2,684,data\03_sections\GPRO__10-K__0001500435-24-000021__Item_2.txt
GPRO,Item_3,275,data\03_sections\GPRO__10-K__0001500435-24-000021__Item_3.txt
GPRO,Item_4,56,data\03_sections\GPRO__10-K__0001500435-24-000021__Item_4.txt
GPRO,Item_5,2195,data\03_sections\GPRO__10-K__0001500435-24-000021__Item_5.txt
GPRO,Item_6,118,data\03_sections\GPRO__10-K__0001500435-24-000021__Item_6.txt
GPRO,Item_7,61617,data\03_sections\GPRO__10-K__0001500435-24-000021__Item_7.txt
GPRO,Item_7A,2919,data\03_sections\GPRO__10-K__0001500435-24-000021__Item_7A.txt
GPRO,Item_8,84055,data\03_sections\GPRO__10-K__0001500435-24-000021__Item_8.txt
GPRO,Item_9,99,data\03_sections\GPRO__10-K__0001500435-24-000021__Item_9.txt
GPRO,Item_9A,3268,data\03_sections\GPRO__10-K__0001500435-24-000021__Item_9A.txt
GPRO,Item_9B,353,data\03_sections\GPRO__10-K__0001500435-24-000021__Item_9B.txt
GPRO,Item_9C,105,data\03_sections\GPRO__10-K__0001500435-24-000021__Item_9C.txt
GPRO,Item_10,287,data\03_sections\GPRO__10-K__0001500435-24-000021__Item_10.txt
GPRO,Item_11,255,data\03_sections\GPRO__10-K__0001500435-24-000021__Item_11.txt
GPRO,Item_12,476,data\03_sections\GPRO__10-K__0001500435-24-000021__Item_12.txt
GPRO,Item_13,306,data\03_sections\GPRO__10-K__0001500435-24-000021__Item_13.txt
GPRO,Item_14,282,data\03_sections\GPRO__10-K__0001500435-24-000021__Item_14.txt
GPRO,Item_15,973,data\03_sections\GPRO__10-K__0001500435-24-000021__Item_15.txt
GPRO,Item_16,37,data\03_sections\GPRO__10-K__0001500435-24-000021__Item_16.txt
GPRO,Signatures,1418,data\03_sections\GPRO__10-K__0001500435-24-000021__Signatures.txt
GPRO,HEADER,39175,data\03_sections\GPRO__10-K__0001500435-26-000006__HEADER.txt
GPRO,Item_1,33307,data\03_sections\GPRO__10-K__0001500435-26-000006__Item_1.txt
GPRO,Item_1A,100374,data\03_sections\GPRO__10-K__0001500435-26-000006__Item_1A.txt
GPRO,Item_1B,45,data\03_sections\GPRO__10-K__0001500435-26-000006__Item_1B.txt
GPRO,Item_1C,3347,data\03_sections\GPRO__10-K__0001500435-26-000006__Item_1C.txt
GPRO,Item_2,856,data\03_sections\GPRO__10-K__0001500435-26-000006__Item_2.txt
GPRO,Item_3,277,data\03_sections\GPRO__10-K__0001500435-26-000006__Item_3.txt
GPRO,Item_4,59,data\03_sections\GPRO__10-K__0001500435-26-000006__Item_4.txt
GPRO,Item_5,3597,data\03_sections\GPRO__10-K__0001500435-26-000006__Item_5.txt
GPRO,Item_6,118,data\03_sections\GPRO__10-K__0001500435-26-000006__Item_6.txt
GPRO,Item_7,87120,data\03_sections\GPRO__10-K__0001500435-26-000006__Item_7.txt
GPRO,Item_7A,3535,data\03_sections\GPRO__10-K__0001500435-26-000006__Item_7A.txt
GPRO,Item_8,102773,data\03_sections\GPRO__10-K__0001500435-26-000006__Item_8.txt
GPRO,Item_9,99,data\03_sections\GPRO__10-K__0001500435-26-000006__Item_9.txt
GPRO,Item_9A,3269,data\03_sections\GPRO__10-K__0001500435-26-000006__Item_9A.txt
GPRO,Item_9B,357,data\03_sections\GPRO__10-K__0001500435-26-000006__Item_9B.txt
GPRO,Item_9C,102,data\03_sections\GPRO__10-K__0001500435-26-000006__Item_9C.txt
GPRO,Item_10,287,data\03_sections\GPRO__10-K__0001500435-26-000006__Item_10.txt
GPRO,Item_11,255,data\03_sections\GPRO__10-K__0001500435-26-000006__Item_11.txt
GPRO,Item_12,475,data\03_sections\GPRO__10-K__0001500435-26-000006__Item_12.txt
GPRO,Item_13,306,data\03_sections\GPRO__10-K__0001500435-26-000006__Item_13.txt
GPRO,Item_14,283,data\03_sections\GPRO__10-K__0001500435-26-000006__Item_14.txt
GPRO,Item_15,993,data\03_sections\GPRO__10-K__0001500435-26-000006__Item_15.txt
GPRO,Item_16,37,data\03_sections\GPRO__10-K__0001500435-26-000006__Item_16.txt
GPRO,Signatures,1418,data\03_sections\GPRO__10-K__0001500435-26-000006__Signatures.txt
GPRO,HEADER,31106,data\03_sections\GPRO__10-K__0001628280-25-013046__HEADER.txt
GPRO,Item_1,31943,data\03_sections\GPRO__10-K__0001628280-25-013046__Item_1.txt
GPRO,Item_1A,95425,data\03_sections\GPRO__10-K__0001628280-25-013046__Item_1A.txt
GPRO,Item_1B,42,data\03_sections\GPRO__10-K__0001628280-25-013046__Item_1B.txt
GPRO,Item_1C,3349,data\03_sections\GPRO__10-K__0001628280-25-013046__Item_1C.txt
GPRO,Item_2,853,data\03_sections\GPRO__10-K__0001628280-25-013046__Item_2.txt
GPRO,Item_3,276,data\03_sections\GPRO__10-K__0001628280-25-013046__Item_3.txt
GPRO,Item_4,56,data\03_sections\GPRO__10-K__0001628280-25-013046__Item_4.txt
GPRO,Item_5,1898,data\03_sections\GPRO__10-K__0001628280-25-013046__Item_5.txt
GPRO,Item_6,118,data\03_sections\GPRO__10-K__0001628280-25-013046__Item_6.txt
GPRO,Item_7,71400,data\03_sections\GPRO__10-K__0001628280-25-013046__Item_7.txt
GPRO,Item_7A,3477,data\03_sections\GPRO__10-K__0001628280-25-013046__Item_7A.txt
GPRO,Item_8,90726,data\03_sections\GPRO__10-K__0001628280-25-013046__Item_8.txt
GPRO,Item_9,99,data\03_sections\GPRO__10-K__0001628280-25-013046__Item_9.txt
GPRO,Item_9A,3269,data\03_sections\GPRO__10-K__0001628280-25-013046__Item_9A.txt
GPRO,Item_9B,3907,data\03_sections\GPRO__10-K__0001628280-25-013046__Item_9B.txt
GPRO,Item_9C,105,data\03_sections\GPRO__10-K__0001628280-25-013046__Item_9C.txt
GPRO,Item_10,287,data\03_sections\GPRO__10-K__0001628280-25-013046__Item_10.txt
GPRO,Item_11,255,data\03_sections\GPRO__10-K__0001628280-25-013046__Item_11.txt
GPRO,Item_12,475,data\03_sections\GPRO__10-K__0001628280-25-013046__Item_12.txt
GPRO,Item_13,306,data\03_sections\GPRO__10-K__0001628280-25-013046__Item_13.txt
GPRO,Item_14,282,data\03_sections\GPRO__10-K__0001628280-25-013046__Item_14.txt
GPRO,Item_15,969,data\03_sections\GPRO__10-K__0001628280-25-013046__Item_15.txt
GPRO,Item_16,36,data\03_sections\GPRO__10-K__0001628280-25-013046__Item_16.txt
GPRO,Signatures,1417,data\03_sections\GPRO__10-K__0001628280-25-013046__Signatures.txt
GROV,HEADER,37299,data\03_sections\GROV__10-K__0001628280-24-012257__HEADER.txt
GROV,Item_1,47847,data\03_sections\GROV__10-K__0001628280-24-012257__Item_1.txt
GROV,Item_1A,170301,data\03_sections\GROV__10-K__0001628280-24-012257__Item_1A.txt
GROV,Item_1B,40,data\03_sections\GROV__10-K__0001628280-24-012257__Item_1B.txt
GROV,Item_1C,6066,data\03_sections\GROV__10-K__0001628280-24-012257__Item_1C.txt
GROV,Item_2,790,data\03_sections\GROV__10-K__0001628280-24-012257__Item_2.txt
GROV,Item_3,998,data\03_sections\GROV__10-K__0001628280-24-012257__Item_3.txt
GROV,Item_4,64,data\03_sections\GROV__10-K__0001628280-24-012257__Item_4.txt
GROV,Item_5,1904,data\03_sections\GROV__10-K__0001628280-24-012257__Item_5.txt
GROV,Item_6,153,data\03_sections\GROV__10-K__0001628280-24-012257__Item_6.txt
GROV,Item_7,68741,data\03_sections\GROV__10-K__0001628280-24-012257__Item_7.txt
GROV,Item_7A,253,data\03_sections\GROV__10-K__0001628280-24-012257__Item_7A.txt
GROV,Item_8,112385,data\03_sections\GROV__10-K__0001628280-24-012257__Item_8.txt
GROV,Item_9,98,data\03_sections\GROV__10-K__0001628280-24-012257__Item_9.txt
GROV,Item_9A,4200,data\03_sections\GROV__10-K__0001628280-24-012257__Item_9A.txt
GROV,Item_9B,285,data\03_sections\GROV__10-K__0001628280-24-012257__Item_9B.txt
GROV,Item_9C,113,data\03_sections\GROV__10-K__0001628280-24-012257__Item_9C.txt
GROV,Item_10,301,data\03_sections\GROV__10-K__0001628280-24-012257__Item_10.txt
GROV,Item_11,269,data\03_sections\GROV__10-K__0001628280-24-012257__Item_11.txt
GROV,Item_12,341,data\03_sections\GROV__10-K__0001628280-24-012257__Item_12.txt
GROV,Item_13,320,data\03_sections\GROV__10-K__0001628280-24-012257__Item_13.txt
GROV,Item_14,315,data\03_sections\GROV__10-K__0001628280-24-012257__Item_14.txt
GROV,Item_15,720,data\03_sections\GROV__10-K__0001628280-24-012257__Item_15.txt
GROV,Item_16,54,data\03_sections\GROV__10-K__0001628280-24-012257__Item_16.txt
GROV,Signatures,467,data\03_sections\GROV__10-K__0001628280-24-012257__Signatures.txt
GROV,HEADER,36519,data\03_sections\GROV__10-K__0001628280-25-013839__HEADER.txt
GROV,Item_1,46159,data\03_sections\GROV__10-K__0001628280-25-013839__Item_1.txt
GROV,Item_1A,165770,data\03_sections\GROV__10-K__0001628280-25-013839__Item_1A.txt
GROV,Item_1B,61,data\03_sections\GROV__10-K__0001628280-25-013839__Item_1B.txt
GROV,Item_1C,6072,data\03_sections\GROV__10-K__0001628280-25-013839__Item_1C.txt
GROV,Item_2,635,data\03_sections\GROV__10-K__0001628280-25-013839__Item_2.txt
GROV,Item_3,1003,data\03_sections\GROV__10-K__0001628280-25-013839__Item_3.txt
GROV,Item_4,66,data\03_sections\GROV__10-K__0001628280-25-013839__Item_4.txt
GROV,Item_5,2632,data\03_sections\GROV__10-K__0001628280-25-013839__Item_5.txt
GROV,Item_6,154,data\03_sections\GROV__10-K__0001628280-25-013839__Item_6.txt
GROV,Item_7,64630,data\03_sections\GROV__10-K__0001628280-25-013839__Item_7.txt
GROV,Item_7A,253,data\03_sections\GROV__10-K__0001628280-25-013839__Item_7A.txt
GROV,Item_8,102713,data\03_sections\GROV__10-K__0001628280-25-013839__Item_8.txt
GROV,Item_9,98,data\03_sections\GROV__10-K__0001628280-25-013839__Item_9.txt
GROV,Item_9A,4216,data\03_sections\GROV__10-K__0001628280-25-013839__Item_9A.txt
GROV,Item_9B,285,data\03_sections\GROV__10-K__0001628280-25-013839__Item_9B.txt
GROV,Item_9C,113,data\03_sections\GROV__10-K__0001628280-25-013839__Item_9C.txt
GROV,Item_10,301,data\03_sections\GROV__10-K__0001628280-25-013839__Item_10.txt
GROV,Item_11,269,data\03_sections\GROV__10-K__0001628280-25-013839__Item_11.txt
GROV,Item_12,341,data\03_sections\GROV__10-K__0001628280-25-013839__Item_12.txt
GROV,Item_13,320,data\03_sections\GROV__10-K__0001628280-25-013839__Item_13.txt
GROV,Item_14,315,data\03_sections\GROV__10-K__0001628280-25-013839__Item_14.txt
GROV,Item_15,720,data\03_sections\GROV__10-K__0001628280-25-013839__Item_15.txt
GROV,Item_16,54,data\03_sections\GROV__10-K__0001628280-25-013839__Item_16.txt
GROV,Signatures,467,data\03_sections\GROV__10-K__0001628280-25-013839__Signatures.txt
GROV,HEADER,27502,data\03_sections\GROV__10-K__0001841761-26-000010__HEADER.txt
GROV,Item_1,45014,data\03_sections\GROV__10-K__0001841761-26-000010__Item_1.txt
GROV,Item_1A,166851,data\03_sections\GROV__10-K__0001841761-26-000010__Item_1A.txt
GROV,Item_1B,61,data\03_sections\GROV__10-K__0001841761-26-000010__Item_1B.txt
GROV,Item_1C,6003,data\03_sections\GROV__10-K__0001841761-26-000010__Item_1C.txt
GROV,Item_2,720,data\03_sections\GROV__10-K__0001841761-26-000010__Item_2.txt
GROV,Item_3,1003,data\03_sections\GROV__10-K__0001841761-26-000010__Item_3.txt
GROV,Item_4,66,data\03_sections\GROV__10-K__0001841761-26-000010__Item_4.txt
GROV,Item_5,2074,data\03_sections\GROV__10-K__0001841761-26-000010__Item_5.txt
GROV,Item_6,154,data\03_sections\GROV__10-K__0001841761-26-000010__Item_6.txt
GROV,Item_7,55757,data\03_sections\GROV__10-K__0001841761-26-000010__Item_7.txt
GROV,Item_7A,253,data\03_sections\GROV__10-K__0001841761-26-000010__Item_7A.txt
GROV,Item_8,90550,data\03_sections\GROV__10-K__0001841761-26-000010__Item_8.txt
GROV,Item_9,98,data\03_sections\GROV__10-K__0001841761-26-000010__Item_9.txt
GROV,Item_9A,4210,data\03_sections\GROV__10-K__0001841761-26-000010__Item_9A.txt
GROV,Item_9B,285,data\03_sections\GROV__10-K__0001841761-26-000010__Item_9B.txt
GROV,Item_9C,113,data\03_sections\GROV__10-K__0001841761-26-000010__Item_9C.txt
GROV,Item_10,301,data\03_sections\GROV__10-K__0001841761-26-000010__Item_10.txt
GROV,Item_11,269,data\03_sections\GROV__10-K__0001841761-26-000010__Item_11.txt
GROV,Item_12,341,data\03_sections\GROV__10-K__0001841761-26-000010__Item_12.txt
GROV,Item_13,320,data\03_sections\GROV__10-K__0001841761-26-000010__Item_13.txt
GROV,Item_14,315,data\03_sections\GROV__10-K__0001841761-26-000010__Item_14.txt
GROV,Item_15,701,data\03_sections\GROV__10-K__0001841761-26-000010__Item_15.txt
GROV,Item_16,55,data\03_sections\GROV__10-K__0001841761-26-000010__Item_16.txt
GROV,Signatures,467,data\03_sections\GROV__10-K__0001841761-26-000010__Signatures.txt
GRWG,HEADER,23150,data\03_sections\GRWG__10-K__0001604868-26-000004__HEADER.txt
GRWG,Item_1,19197,data\03_sections\GRWG__10-K__0001604868-26-000004__Item_1.txt
GRWG,Item_1A,55767,data\03_sections\GRWG__10-K__0001604868-26-000004__Item_1A.txt
GRWG,Item_1B,41,data\03_sections\GRWG__10-K__0001604868-26-000004__Item_1B.txt
GRWG,Item_1C,4076,data\03_sections\GRWG__10-K__0001604868-26-000004__Item_1C.txt
GRWG,Item_2,699,data\03_sections\GRWG__10-K__0001604868-26-000004__Item_2.txt
GRWG,Item_3,2806,data\03_sections\GRWG__10-K__0001604868-26-000004__Item_3.txt
GRWG,Item_4,77,data\03_sections\GRWG__10-K__0001604868-26-000004__Item_4.txt
GRWG,Item_5,1701,data\03_sections\GRWG__10-K__0001604868-26-000004__Item_5.txt
GRWG,Item_6,40,data\03_sections\GRWG__10-K__0001604868-26-000004__Item_6.txt
GRWG,Item_7,43107,data\03_sections\GRWG__10-K__0001604868-26-000004__Item_7.txt
GRWG,Item_7A,1141,data\03_sections\GRWG__10-K__0001604868-26-000004__Item_7A.txt
GRWG,Item_8,90468,data\03_sections\GRWG__10-K__0001604868-26-000004__Item_8.txt
GRWG,Item_9,237,data\03_sections\GRWG__10-K__0001604868-26-000004__Item_9.txt
GRWG,Item_9A,5878,data\03_sections\GRWG__10-K__0001604868-26-000004__Item_9A.txt
GRWG,Item_9B,35,data\03_sections\GRWG__10-K__0001604868-26-000004__Item_9B.txt
GRWG,Item_9C,113,data\03_sections\GRWG__10-K__0001604868-26-000004__Item_9C.txt
GRWG,Item_10,377,data\03_sections\GRWG__10-K__0001604868-26-000004__Item_10.txt
GRWG,Item_11,298,data\03_sections\GRWG__10-K__0001604868-26-000004__Item_11.txt
GRWG,Item_12,386,data\03_sections\GRWG__10-K__0001604868-26-000004__Item_12.txt
GRWG,Item_13,361,data\03_sections\GRWG__10-K__0001604868-26-000004__Item_13.txt
GRWG,Item_14,342,data\03_sections\GRWG__10-K__0001604868-26-000004__Item_14.txt
GRWG,Item_15,67,data\03_sections\GRWG__10-K__0001604868-26-000004__Item_15.txt
GRWG,Item_16,54,data\03_sections\GRWG__10-K__0001604868-26-000004__Item_16.txt
GRWG,Signatures,1545,data\03_sections\GRWG__10-K__0001604868-26-000004__Signatures.txt
GRWG,HEADER,23213,data\03_sections\GRWG__10-K__0001628280-24-010996__HEADER.txt
GRWG,Item_1,18624,data\03_sections\GRWG__10-K__0001628280-24-010996__Item_1.txt
GRWG,Item_1A,49900,data\03_sections\GRWG__10-K__0001628280-24-010996__Item_1A.txt
GRWG,Item_1B,62,data\03_sections\GRWG__10-K__0001628280-24-010996__Item_1B.txt
GRWG,Item_1C,4133,data\03_sections\GRWG__10-K__0001628280-24-010996__Item_1C.txt
GRWG,Item_2,691,data\03_sections\GRWG__10-K__0001628280-24-010996__Item_2.txt
GRWG,Item_3,2050,data\03_sections\GRWG__10-K__0001628280-24-010996__Item_3.txt
GRWG,Item_4,77,data\03_sections\GRWG__10-K__0001628280-24-010996__Item_4.txt
GRWG,Item_5,2020,data\03_sections\GRWG__10-K__0001628280-24-010996__Item_5.txt
GRWG,Item_6,40,data\03_sections\GRWG__10-K__0001628280-24-010996__Item_6.txt
GRWG,Item_7,34023,data\03_sections\GRWG__10-K__0001628280-24-010996__Item_7.txt
GRWG,Item_7A,1141,data\03_sections\GRWG__10-K__0001628280-24-010996__Item_7A.txt
GRWG,Item_8,100641,data\03_sections\GRWG__10-K__0001628280-24-010996__Item_8.txt
GRWG,Item_9,99,data\03_sections\GRWG__10-K__0001628280-24-010996__Item_9.txt
GRWG,Item_9A,12475,data\03_sections\GRWG__10-K__0001628280-24-010996__Item_9A.txt
GRWG,Item_9B,34,data\03_sections\GRWG__10-K__0001628280-24-010996__Item_9B.txt
GRWG,Item_9C,113,data\03_sections\GRWG__10-K__0001628280-24-010996__Item_9C.txt
GRWG,Item_10,6864,data\03_sections\GRWG__10-K__0001628280-24-010996__Item_10.txt
GRWG,Item_11,298,data\03_sections\GRWG__10-K__0001628280-24-010996__Item_11.txt
GRWG,Item_12,386,data\03_sections\GRWG__10-K__0001628280-24-010996__Item_12.txt
GRWG,Item_13,361,data\03_sections\GRWG__10-K__0001628280-24-010996__Item_13.txt
GRWG,Item_14,342,data\03_sections\GRWG__10-K__0001628280-24-010996__Item_14.txt
GRWG,Item_15,67,data\03_sections\GRWG__10-K__0001628280-24-010996__Item_15.txt
GRWG,Item_16,54,data\03_sections\GRWG__10-K__0001628280-24-010996__Item_16.txt
GRWG,Signatures,1525,data\03_sections\GRWG__10-K__0001628280-24-010996__Signatures.txt
GRWG,HEADER,21017,data\03_sections\GRWG__10-K__0001628280-25-012661__HEADER.txt
GRWG,Item_1,18566,data\03_sections\GRWG__10-K__0001628280-25-012661__Item_1.txt
GRWG,Item_1A,54891,data\03_sections\GRWG__10-K__0001628280-25-012661__Item_1A.txt
GRWG,Item_1B,41,data\03_sections\GRWG__10-K__0001628280-25-012661__Item_1B.txt
GRWG,Item_1C,4078,data\03_sections\GRWG__10-K__0001628280-25-012661__Item_1C.txt
GRWG,Item_2,675,data\03_sections\GRWG__10-K__0001628280-25-012661__Item_2.txt
GRWG,Item_3,2226,data\03_sections\GRWG__10-K__0001628280-25-012661__Item_3.txt
GRWG,Item_4,77,data\03_sections\GRWG__10-K__0001628280-25-012661__Item_4.txt
GRWG,Item_5,2020,data\03_sections\GRWG__10-K__0001628280-25-012661__Item_5.txt
GRWG,Item_6,40,data\03_sections\GRWG__10-K__0001628280-25-012661__Item_6.txt
GRWG,Item_7,40088,data\03_sections\GRWG__10-K__0001628280-25-012661__Item_7.txt
GRWG,Item_7A,1141,data\03_sections\GRWG__10-K__0001628280-25-012661__Item_7A.txt
GRWG,Item_8,90107,data\03_sections\GRWG__10-K__0001628280-25-012661__Item_8.txt
GRWG,Item_9,99,data\03_sections\GRWG__10-K__0001628280-25-012661__Item_9.txt
GRWG,Item_9A,16164,data\03_sections\GRWG__10-K__0001628280-25-012661__Item_9A.txt
GRWG,Item_9B,35,data\03_sections\GRWG__10-K__0001628280-25-012661__Item_9B.txt
GRWG,Item_9C,113,data\03_sections\GRWG__10-K__0001628280-25-012661__Item_9C.txt
GRWG,Item_10,377,data\03_sections\GRWG__10-K__0001628280-25-012661__Item_10.txt
GRWG,Item_11,298,data\03_sections\GRWG__10-K__0001628280-25-012661__Item_11.txt
GRWG,Item_12,386,data\03_sections\GRWG__10-K__0001628280-25-012661__Item_12.txt
GRWG,Item_13,361,data\03_sections\GRWG__10-K__0001628280-25-012661__Item_13.txt
GRWG,Item_14,342,data\03_sections\GRWG__10-K__0001628280-25-012661__Item_14.txt
GRWG,Item_15,67,data\03_sections\GRWG__10-K__0001628280-25-012661__Item_15.txt
GRWG,Item_16,54,data\03_sections\GRWG__10-K__0001628280-25-012661__Item_16.txt
GRWG,Signatures,1545,data\03_sections\GRWG__10-K__0001628280-25-012661__Signatures.txt
HBB,HEADER,24017,data\03_sections\HBB__10-K__0001709164-24-000011__HEADER.txt
HBB,Item_1,18509,data\03_sections\HBB__10-K__0001709164-24-000011__Item_1.txt
HBB,Item_1A,42117,data\03_sections\HBB__10-K__0001709164-24-000011__Item_1A.txt
HBB,Item_1B,63,data\03_sections\HBB__10-K__0001709164-24-000011__Item_1B.txt
HBB,Item_1C,4123,data\03_sections\HBB__10-K__0001709164-24-000011__Item_1C.txt
HBB,Item_2,406,data\03_sections\HBB__10-K__0001709164-24-000011__Item_2.txt
HBB,Item_3,273,data\03_sections\HBB__10-K__0001709164-24-000011__Item_3.txt
HBB,Item_4,47,data\03_sections\HBB__10-K__0001709164-24-000011__Item_4.txt
HBB,Item_5,1881,data\03_sections\HBB__10-K__0001709164-24-000011__Item_5.txt
HBB,Item_6,38,data\03_sections\HBB__10-K__0001709164-24-000011__Item_6.txt
HBB,Item_7,3690,data\03_sections\HBB__10-K__0001709164-24-000011__Item_7.txt
HBB,Item_7A,3545,data\03_sections\HBB__10-K__0001709164-24-000011__Item_7A.txt
HBB,Item_8,264,data\03_sections\HBB__10-K__0001709164-24-000011__Item_8.txt
HBB,Item_9,2737,data\03_sections\HBB__10-K__0001709164-24-000011__Item_9.txt
HBB,Item_9C,102,data\03_sections\HBB__10-K__0001709164-24-000011__Item_9C.txt
HBB,Item_10,1922,data\03_sections\HBB__10-K__0001709164-24-000011__Item_10.txt
HBB,Item_11,251,data\03_sections\HBB__10-K__0001709164-24-000011__Item_11.txt
HBB,Item_12,418,data\03_sections\HBB__10-K__0001709164-24-000011__Item_12.txt
HBB,Item_13,378,data\03_sections\HBB__10-K__0001709164-24-000011__Item_13.txt
HBB,Item_14,447,data\03_sections\HBB__10-K__0001709164-24-000011__Item_14.txt
HBB,Item_15,79468,data\03_sections\HBB__10-K__0001709164-24-000011__Item_15.txt
HBB,Item_16,54,data\03_sections\HBB__10-K__0001709164-24-000011__Item_16.txt
HBB,Signatures,551,data\03_sections\HBB__10-K__0001709164-24-000011__Signatures.txt
HBB,HEADER,24382,data\03_sections\HBB__10-K__0001709164-25-000008__HEADER.txt
HBB,Item_1,17935,data\03_sections\HBB__10-K__0001709164-25-000008__Item_1.txt
HBB,Item_1A,50632,data\03_sections\HBB__10-K__0001709164-25-000008__Item_1A.txt
HBB,Item_1B,63,data\03_sections\HBB__10-K__0001709164-25-000008__Item_1B.txt
HBB,Item_1C,4509,data\03_sections\HBB__10-K__0001709164-25-000008__Item_1C.txt
HBB,Item_2,415,data\03_sections\HBB__10-K__0001709164-25-000008__Item_2.txt
HBB,Item_3,273,data\03_sections\HBB__10-K__0001709164-25-000008__Item_3.txt
HBB,Item_4,47,data\03_sections\HBB__10-K__0001709164-25-000008__Item_4.txt
HBB,Item_5,2674,data\03_sections\HBB__10-K__0001709164-25-000008__Item_5.txt
HBB,Item_6,40,data\03_sections\HBB__10-K__0001709164-25-000008__Item_6.txt
HBB,Item_7,4158,data\03_sections\HBB__10-K__0001709164-25-000008__Item_7.txt
HBB,Item_7A,3563,data\03_sections\HBB__10-K__0001709164-25-000008__Item_7A.txt
HBB,Item_8,264,data\03_sections\HBB__10-K__0001709164-25-000008__Item_8.txt
HBB,Item_9,3826,data\03_sections\HBB__10-K__0001709164-25-000008__Item_9.txt
HBB,Item_9C,102,data\03_sections\HBB__10-K__0001709164-25-000008__Item_9C.txt
HBB,Item_10,2325,data\03_sections\HBB__10-K__0001709164-25-000008__Item_10.txt
HBB,Item_11,251,data\03_sections\HBB__10-K__0001709164-25-000008__Item_11.txt
HBB,Item_12,418,data\03_sections\HBB__10-K__0001709164-25-000008__Item_12.txt
HBB,Item_13,378,data\03_sections\HBB__10-K__0001709164-25-000008__Item_13.txt
HBB,Item_14,447,data\03_sections\HBB__10-K__0001709164-25-000008__Item_14.txt
HBB,Item_15,87468,data\03_sections\HBB__10-K__0001709164-25-000008__Item_15.txt
HBB,Item_16,54,data\03_sections\HBB__10-K__0001709164-25-000008__Item_16.txt
HBB,Signatures,551,data\03_sections\HBB__10-K__0001709164-25-000008__Signatures.txt
HBB,HEADER,23986,data\03_sections\HBB__10-K__0001709164-26-000037__HEADER.txt
HBB,Item_1,17933,data\03_sections\HBB__10-K__0001709164-26-000037__Item_1.txt
HBB,Item_1A,50075,data\03_sections\HBB__10-K__0001709164-26-000037__Item_1A.txt
HBB,Item_1B,42,data\03_sections\HBB__10-K__0001709164-26-000037__Item_1B.txt
HBB,Item_1C,4150,data\03_sections\HBB__10-K__0001709164-26-000037__Item_1C.txt
HBB,Item_2,339,data\03_sections\HBB__10-K__0001709164-26-000037__Item_2.txt
HBB,Item_3,273,data\03_sections\HBB__10-K__0001709164-26-000037__Item_3.txt
HBB,Item_4,68,data\03_sections\HBB__10-K__0001709164-26-000037__Item_4.txt
HBB,Item_5,3251,data\03_sections\HBB__10-K__0001709164-26-000037__Item_5.txt
HBB,Item_6,40,data\03_sections\HBB__10-K__0001709164-26-000037__Item_6.txt
HBB,Item_7,3739,data\03_sections\HBB__10-K__0001709164-26-000037__Item_7.txt
HBB,Item_7A,3560,data\03_sections\HBB__10-K__0001709164-26-000037__Item_7A.txt
HBB,Item_8,264,data\03_sections\HBB__10-K__0001709164-26-000037__Item_8.txt
HBB,Item_9,2737,data\03_sections\HBB__10-K__0001709164-26-000037__Item_9.txt
HBB,Item_9C,102,data\03_sections\HBB__10-K__0001709164-26-000037__Item_9C.txt
HBB,Item_10,1390,data\03_sections\HBB__10-K__0001709164-26-000037__Item_10.txt
HBB,Item_11,182,data\03_sections\HBB__10-K__0001709164-26-000037__Item_11.txt
HBB,Item_12,254,data\03_sections\HBB__10-K__0001709164-26-000037__Item_12.txt
HBB,Item_13,232,data\03_sections\HBB__10-K__0001709164-26-000037__Item_13.txt
HBB,Item_14,447,data\03_sections\HBB__10-K__0001709164-26-000037__Item_14.txt
HBB,Item_15,86268,data\03_sections\HBB__10-K__0001709164-26-000037__Item_15.txt
HBB,Item_16,54,data\03_sections\HBB__10-K__0001709164-26-000037__Item_16.txt
HBB,Signatures,551,data\03_sections\HBB__10-K__0001709164-26-000037__Signatures.txt
HD,HEADER,26640,data\03_sections\HD__10-K__0000354950-24-000062__HEADER.txt
HD,Item_1,46345,data\03_sections\HD__10-K__0000354950-24-000062__Item_1.txt
HD,Item_1A,68107,data\03_sections\HD__10-K__0000354950-24-000062__Item_1A.txt
HD,Item_1B,52,data\03_sections\HD__10-K__0000354950-24-000062__Item_1B.txt
HD,Item_1C,8406,data\03_sections\HD__10-K__0000354950-24-000062__Item_1C.txt
HD,Item_2,822,data\03_sections\HD__10-K__0000354950-24-000062__Item_2.txt
HD,Item_3,1774,data\03_sections\HD__10-K__0000354950-24-000062__Item_3.txt
HD,Item_4,94,data\03_sections\HD__10-K__0000354950-24-000062__Item_4.txt
HD,Item_5,3756,data\03_sections\HD__10-K__0000354950-24-000062__Item_5.txt
HD,Item_6,17,data\03_sections\HD__10-K__0000354950-24-000062__Item_6.txt
HD,Item_7,22134,data\03_sections\HD__10-K__0000354950-24-000062__Item_7.txt
HD,Item_7A,2495,data\03_sections\HD__10-K__0000354950-24-000062__Item_7A.txt
HD,Item_8,72887,data\03_sections\HD__10-K__0000354950-24-000062__Item_8.txt
HD,Item_9,110,data\03_sections\HD__10-K__0000354950-24-000062__Item_9.txt
HD,Item_9A,7435,data\03_sections\HD__10-K__0000354950-24-000062__Item_9A.txt
HD,Item_9B,284,data\03_sections\HD__10-K__0000354950-24-000062__Item_9B.txt
HD,Item_9C,103,data\03_sections\HD__10-K__0000354950-24-000062__Item_9C.txt
HD,Item_10,7928,data\03_sections\HD__10-K__0000354950-24-000062__Item_10.txt
HD,Item_11,412,data\03_sections\HD__10-K__0000354950-24-000062__Item_11.txt
HD,Item_12,328,data\03_sections\HD__10-K__0000354950-24-000062__Item_12.txt
HD,Item_13,222,data\03_sections\HD__10-K__0000354950-24-000062__Item_13.txt
HD,Item_14,265,data\03_sections\HD__10-K__0000354950-24-000062__Item_14.txt
HD,Item_15,2082,data\03_sections\HD__10-K__0000354950-24-000062__Item_15.txt
HD,Item_16,72,data\03_sections\HD__10-K__0000354950-24-000062__Item_16.txt
HD,Signatures,487,data\03_sections\HD__10-K__0000354950-24-000062__Signatures.txt
HD,HEADER,36904,data\03_sections\HD__10-K__0000354950-25-000085__HEADER.txt
HD,Item_1,39590,data\03_sections\HD__10-K__0000354950-25-000085__Item_1.txt
HD,Item_1A,72522,data\03_sections\HD__10-K__0000354950-25-000085__Item_1A.txt
HD,Item_1B,89,data\03_sections\HD__10-K__0000354950-25-000085__Item_1B.txt
HD,Item_1C,8388,data\03_sections\HD__10-K__0000354950-25-000085__Item_1C.txt
HD,Item_2,1047,data\03_sections\HD__10-K__0000354950-25-000085__Item_2.txt
HD,Item_3,2216,data\03_sections\HD__10-K__0000354950-25-000085__Item_3.txt
HD,Item_4,94,data\03_sections\HD__10-K__0000354950-25-000085__Item_4.txt
HD,Item_5,3918,data\03_sections\HD__10-K__0000354950-25-000085__Item_5.txt
HD,Item_6,17,data\03_sections\HD__10-K__0000354950-25-000085__Item_6.txt
HD,Item_7,29341,data\03_sections\HD__10-K__0000354950-25-000085__Item_7.txt
HD,Item_7A,2111,data\03_sections\HD__10-K__0000354950-25-000085__Item_7A.txt
HD,Item_8,91437,data\03_sections\HD__10-K__0000354950-25-000085__Item_8.txt
HD,Item_9,148,data\03_sections\HD__10-K__0000354950-25-000085__Item_9.txt
HD,Item_9A,8730,data\03_sections\HD__10-K__0000354950-25-000085__Item_9A.txt
HD,Item_9B,294,data\03_sections\HD__10-K__0000354950-25-000085__Item_9B.txt
HD,Item_9C,103,data\03_sections\HD__10-K__0000354950-25-000085__Item_9C.txt
HD,Item_10,8725,data\03_sections\HD__10-K__0000354950-25-000085__Item_10.txt
HD,Item_11,412,data\03_sections\HD__10-K__0000354950-25-000085__Item_11.txt
HD,Item_12,366,data\03_sections\HD__10-K__0000354950-25-000085__Item_12.txt
HD,Item_13,222,data\03_sections\HD__10-K__0000354950-25-000085__Item_13.txt
HD,Item_14,227,data\03_sections\HD__10-K__0000354950-25-000085__Item_14.txt
HD,Item_15,2584,data\03_sections\HD__10-K__0000354950-25-000085__Item_15.txt
HD,Item_16,72,data\03_sections\HD__10-K__0000354950-25-000085__Item_16.txt
HD,Signatures,487,data\03_sections\HD__10-K__0000354950-25-000085__Signatures.txt
HD,HEADER,44296,data\03_sections\HD__10-K__0001628280-26-019436__HEADER.txt
HD,Item_1,42650,data\03_sections\HD__10-K__0001628280-26-019436__Item_1.txt
HD,Item_1A,75275,data\03_sections\HD__10-K__0001628280-26-019436__Item_1A.txt
HD,Item_1B,52,data\03_sections\HD__10-K__0001628280-26-019436__Item_1B.txt
HD,Item_1C,8386,data\03_sections\HD__10-K__0001628280-26-019436__Item_1C.txt
HD,Item_2,1060,data\03_sections\HD__10-K__0001628280-26-019436__Item_2.txt
HD,Item_3,1526,data\03_sections\HD__10-K__0001628280-26-019436__Item_3.txt
HD,Item_4,94,data\03_sections\HD__10-K__0001628280-26-019436__Item_4.txt
HD,Item_5,3938,data\03_sections\HD__10-K__0001628280-26-019436__Item_5.txt
HD,Item_6,17,data\03_sections\HD__10-K__0001628280-26-019436__Item_6.txt
HD,Item_7,29480,data\03_sections\HD__10-K__0001628280-26-019436__Item_7.txt
HD,Item_7A,2111,data\03_sections\HD__10-K__0001628280-26-019436__Item_7A.txt
HD,Item_8,91349,data\03_sections\HD__10-K__0001628280-26-019436__Item_8.txt
HD,Item_9,110,data\03_sections\HD__10-K__0001628280-26-019436__Item_9.txt
HD,Item_9A,8788,data\03_sections\HD__10-K__0001628280-26-019436__Item_9A.txt
HD,Item_9B,347,data\03_sections\HD__10-K__0001628280-26-019436__Item_9B.txt
HD,Item_9C,103,data\03_sections\HD__10-K__0001628280-26-019436__Item_9C.txt
HD,Item_10,8256,data\03_sections\HD__10-K__0001628280-26-019436__Item_10.txt
HD,Item_11,280,data\03_sections\HD__10-K__0001628280-26-019436__Item_11.txt
HD,Item_12,341,data\03_sections\HD__10-K__0001628280-26-019436__Item_12.txt
HD,Item_13,222,data\03_sections\HD__10-K__0001628280-26-019436__Item_13.txt
HD,Item_14,227,data\03_sections\HD__10-K__0001628280-26-019436__Item_14.txt
HD,Item_15,2350,data\03_sections\HD__10-K__0001628280-26-019436__Item_15.txt
HD,Item_16,72,data\03_sections\HD__10-K__0001628280-26-019436__Item_16.txt
HD,Signatures,487,data\03_sections\HD__10-K__0001628280-26-019436__Signatures.txt
HOFT,HEADER,31182,data\03_sections\HOFT__10-K__0001185185-24-000378__HEADER.txt
HOFT,Item_1A,28176,data\03_sections\HOFT__10-K__0001185185-24-000378__Item_1A.txt
HOFT,Item_1B,42,data\03_sections\HOFT__10-K__0001185185-24-000378__Item_1B.txt
HOFT,Item_1C,7878,data\03_sections\HOFT__10-K__0001185185-24-000378__Item_1C.txt
HOFT,Item_7,44767,data\03_sections\HOFT__10-K__0001185185-24-000378__Item_7.txt
HOFT,Signatures,85363,data\03_sections\HOFT__10-K__0001185185-24-000378__Signatures.txt
HOFT,HEADER,14751,data\03_sections\HOFT__10-K__0001185185-25-000321__HEADER.txt
HOFT,Item_1,23035,data\03_sections\HOFT__10-K__0001185185-25-000321__Item_1.txt
HOFT,Item_1A,32464,data\03_sections\HOFT__10-K__0001185185-25-000321__Item_1A.txt
HOFT,Item_1B,65,data\03_sections\HOFT__10-K__0001185185-25-000321__Item_1B.txt
HOFT,Item_1C,2434,data\03_sections\HOFT__10-K__0001185185-25-000321__Item_1C.txt
HOFT,Item_2,1325,data\03_sections\HOFT__10-K__0001185185-25-000321__Item_2.txt
HOFT,Item_3,33,data\03_sections\HOFT__10-K__0001185185-25-000321__Item_3.txt
HOFT,Item_4,1980,data\03_sections\HOFT__10-K__0001185185-25-000321__Item_4.txt
HOFT,Item_5,1187,data\03_sections\HOFT__10-K__0001185185-25-000321__Item_5.txt
HOFT,Item_6,42,data\03_sections\HOFT__10-K__0001185185-25-000321__Item_6.txt
HOFT,Item_7,34415,data\03_sections\HOFT__10-K__0001185185-25-000321__Item_7.txt
HOFT,Item_7A,2471,data\03_sections\HOFT__10-K__0001185185-25-000321__Item_7A.txt
HOFT,Item_8,233,data\03_sections\HOFT__10-K__0001185185-25-000321__Item_8.txt
HOFT,Item_9,123,data\03_sections\HOFT__10-K__0001185185-25-000321__Item_9.txt
HOFT,Item_9A,2515,data\03_sections\HOFT__10-K__0001185185-25-000321__Item_9A.txt
HOFT,Item_9B,280,data\03_sections\HOFT__10-K__0001185185-25-000321__Item_9B.txt
HOFT,Item_9C,497,data\03_sections\HOFT__10-K__0001185185-25-000321__Item_9C.txt
HOFT,Item_10,2008,data\03_sections\HOFT__10-K__0001185185-25-000321__Item_10.txt
HOFT,Item_11,389,data\03_sections\HOFT__10-K__0001185185-25-000321__Item_11.txt
HOFT,Item_12,353,data\03_sections\HOFT__10-K__0001185185-25-000321__Item_12.txt
HOFT,Item_13,307,data\03_sections\HOFT__10-K__0001185185-25-000321__Item_13.txt
HOFT,Item_14,346,data\03_sections\HOFT__10-K__0001185185-25-000321__Item_14.txt
HOFT,Item_15,2210,data\03_sections\HOFT__10-K__0001185185-25-000321__Item_15.txt
HOFT,Item_16,57,data\03_sections\HOFT__10-K__0001185185-25-000321__Item_16.txt
HOFT,Signatures,87495,data\03_sections\HOFT__10-K__0001185185-25-000321__Signatures.txt
HOFT,HEADER,15199,data\03_sections\HOFT__10-K__0001185185-26-001420__HEADER.txt
HOFT,Item_1,22956,data\03_sections\HOFT__10-K__0001185185-26-001420__Item_1.txt
HOFT,Item_1A,33173,data\03_sections\HOFT__10-K__0001185185-26-001420__Item_1A.txt
HOFT,Item_1B,42,data\03_sections\HOFT__10-K__0001185185-26-001420__Item_1B.txt
HOFT,Item_1C,3477,data\03_sections\HOFT__10-K__0001185185-26-001420__Item_1C.txt
HOFT,Item_2,1068,data\03_sections\HOFT__10-K__0001185185-26-001420__Item_2.txt
HOFT,Item_3,33,data\03_sections\HOFT__10-K__0001185185-26-001420__Item_3.txt
HOFT,Item_4,1472,data\03_sections\HOFT__10-K__0001185185-26-001420__Item_4.txt
HOFT,Item_5,1246,data\03_sections\HOFT__10-K__0001185185-26-001420__Item_5.txt
HOFT,Item_6,18,data\03_sections\HOFT__10-K__0001185185-26-001420__Item_6.txt
HOFT,Item_7,36926,data\03_sections\HOFT__10-K__0001185185-26-001420__Item_7.txt
HOFT,Item_7A,2655,data\03_sections\HOFT__10-K__0001185185-26-001420__Item_7A.txt
HOFT,Item_8,101,data\03_sections\HOFT__10-K__0001185185-26-001420__Item_8.txt
HOFT,Item_15,1430,data\03_sections\HOFT__10-K__0001185185-26-001420__Item_15.txt
HOFT,Item_9,100,data\03_sections\HOFT__10-K__0001185185-26-001420__Item_9.txt
HOFT,Item_9A,2515,data\03_sections\HOFT__10-K__0001185185-26-001420__Item_9A.txt
HOFT,Item_9B,280,data\03_sections\HOFT__10-K__0001185185-26-001420__Item_9B.txt
HOFT,Item_9C,497,data\03_sections\HOFT__10-K__0001185185-26-001420__Item_9C.txt
HOFT,Item_10,2008,data\03_sections\HOFT__10-K__0001185185-26-001420__Item_10.txt
HOFT,Item_11,389,data\03_sections\HOFT__10-K__0001185185-26-001420__Item_11.txt
HOFT,Item_12,353,data\03_sections\HOFT__10-K__0001185185-26-001420__Item_12.txt
HOFT,Item_13,307,data\03_sections\HOFT__10-K__0001185185-26-001420__Item_13.txt
HOFT,Item_14,346,data\03_sections\HOFT__10-K__0001185185-26-001420__Item_14.txt
HOFT,Item_16,57,data\03_sections\HOFT__10-K__0001185185-26-001420__Item_16.txt
HOFT,Signatures,93745,data\03_sections\HOFT__10-K__0001185185-26-001420__Signatures.txt
HVT,HEADER,37000,data\03_sections\HVT__10-K__0001628280-24-009586__HEADER.txt
HVT,Item_1A,28987,data\03_sections\HVT__10-K__0001628280-24-009586__Item_1A.txt
HVT,Item_1B,62,data\03_sections\HVT__10-K__0001628280-24-009586__Item_1B.txt
HVT,Item_1C,6888,data\03_sections\HVT__10-K__0001628280-24-009586__Item_1C.txt
HVT,Item_3,684,data\03_sections\HVT__10-K__0001628280-24-009586__Item_3.txt
HVT,Item_4,670,data\03_sections\HVT__10-K__0001628280-24-009586__Item_4.txt
HVT,Item_5,3035,data\03_sections\HVT__10-K__0001628280-24-009586__Item_5.txt
HVT,Item_6,38,data\03_sections\HVT__10-K__0001628280-24-009586__Item_6.txt
HVT,Item_7,20023,data\03_sections\HVT__10-K__0001628280-24-009586__Item_7.txt
HVT,Item_9,6670,data\03_sections\HVT__10-K__0001628280-24-009586__Item_9.txt
HVT,Item_9C,1630,data\03_sections\HVT__10-K__0001628280-24-009586__Item_9C.txt
HVT,Item_12,937,data\03_sections\HVT__10-K__0001628280-24-009586__Item_12.txt
HVT,Item_13,468,data\03_sections\HVT__10-K__0001628280-24-009586__Item_13.txt
HVT,Item_14,1574,data\03_sections\HVT__10-K__0001628280-24-009586__Item_14.txt
HVT,Item_16,33369,data\03_sections\HVT__10-K__0001628280-24-009586__Item_16.txt
HVT,Signatures,481,data\03_sections\HVT__10-K__0001628280-24-009586__Signatures.txt
HVT,HEADER,38235,data\03_sections\HVT__10-K__0001628280-25-010869__HEADER.txt
HVT,Item_1A,29848,data\03_sections\HVT__10-K__0001628280-25-010869__Item_1A.txt
HVT,Item_1B,41,data\03_sections\HVT__10-K__0001628280-25-010869__Item_1B.txt
HVT,Item_1C,7011,data\03_sections\HVT__10-K__0001628280-25-010869__Item_1C.txt
HVT,Item_3,684,data\03_sections\HVT__10-K__0001628280-25-010869__Item_3.txt
HVT,Item_4,828,data\03_sections\HVT__10-K__0001628280-25-010869__Item_4.txt
HVT,Item_5,3007,data\03_sections\HVT__10-K__0001628280-25-010869__Item_5.txt
HVT,Item_6,38,data\03_sections\HVT__10-K__0001628280-25-010869__Item_6.txt
HVT,Item_7,18663,data\03_sections\HVT__10-K__0001628280-25-010869__Item_7.txt
HVT,Item_9,6682,data\03_sections\HVT__10-K__0001628280-25-010869__Item_9.txt
HVT,Item_9C,2172,data\03_sections\HVT__10-K__0001628280-25-010869__Item_9C.txt
HVT,Item_12,958,data\03_sections\HVT__10-K__0001628280-25-010869__Item_12.txt
HVT,Item_13,447,data\03_sections\HVT__10-K__0001628280-25-010869__Item_13.txt
HVT,Item_14,1574,data\03_sections\HVT__10-K__0001628280-25-010869__Item_14.txt
HVT,Item_16,35030,data\03_sections\HVT__10-K__0001628280-25-010869__Item_16.txt
HVT,Signatures,481,data\03_sections\HVT__10-K__0001628280-25-010869__Signatures.txt
HVT,HEADER,39245,data\03_sections\HVT__10-K__0001628280-26-012199__HEADER.txt
HVT,Item_1A,40256,data\03_sections\HVT__10-K__0001628280-26-012199__Item_1A.txt
HVT,Item_1B,62,data\03_sections\HVT__10-K__0001628280-26-012199__Item_1B.txt
HVT,Item_1C,6679,data\03_sections\HVT__10-K__0001628280-26-012199__Item_1C.txt
HVT,Item_3,684,data\03_sections\HVT__10-K__0001628280-26-012199__Item_3.txt
HVT,Item_4,711,data\03_sections\HVT__10-K__0001628280-26-012199__Item_4.txt
HVT,Item_5,3150,data\03_sections\HVT__10-K__0001628280-26-012199__Item_5.txt
HVT,Item_6,38,data\03_sections\HVT__10-K__0001628280-26-012199__Item_6.txt
HVT,Item_7,21123,data\03_sections\HVT__10-K__0001628280-26-012199__Item_7.txt
HVT,Item_9,6699,data\03_sections\HVT__10-K__0001628280-26-012199__Item_9.txt
HVT,Item_9C,2189,data\03_sections\HVT__10-K__0001628280-26-012199__Item_9C.txt
HVT,Item_12,958,data\03_sections\HVT__10-K__0001628280-26-012199__Item_12.txt
HVT,Item_13,447,data\03_sections\HVT__10-K__0001628280-26-012199__Item_13.txt
HVT,Item_14,1552,data\03_sections\HVT__10-K__0001628280-26-012199__Item_14.txt
HVT,Item_16,35590,data\03_sections\HVT__10-K__0001628280-26-012199__Item_16.txt
HVT,Signatures,489,data\03_sections\HVT__10-K__0001628280-26-012199__Signatures.txt
HZO,HEADER,194955,data\03_sections\HZO__10-K__0000950170-23-064785__HEADER.txt
HZO,Item_1C,6118,data\03_sections\HZO__10-K__0000950170-23-064785__Item_1C.txt
HZO,Item_7,55856,data\03_sections\HZO__10-K__0000950170-23-064785__Item_7.txt
HZO,Signatures,86265,data\03_sections\HZO__10-K__0000950170-23-064785__Signatures.txt
HZO,HEADER,200123,data\03_sections\HZO__10-K__0000950170-24-127036__HEADER.txt
HZO,Item_1C,9869,data\03_sections\HZO__10-K__0000950170-24-127036__Item_1C.txt
HZO,Item_7,54964,data\03_sections\HZO__10-K__0000950170-24-127036__Item_7.txt
HZO,Signatures,78675,data\03_sections\HZO__10-K__0000950170-24-127036__Signatures.txt
HZO,HEADER,198212,data\03_sections\HZO__10-K__0001193125-25-284680__HEADER.txt
HZO,Item_1C,9801,data\03_sections\HZO__10-K__0001193125-25-284680__Item_1C.txt
HZO,Item_7,60385,data\03_sections\HZO__10-K__0001193125-25-284680__Item_7.txt
HZO,Signatures,84527,data\03_sections\HZO__10-K__0001193125-25-284680__Signatures.txt
IMKTA,HEADER,68128,data\03_sections\IMKTA__10-K__0000050493-23-000021__HEADER.txt
IMKTA,Item_6,92253,data\03_sections\IMKTA__10-K__0000050493-23-000021__Item_6.txt
IMKTA,Signatures,467,data\03_sections\IMKTA__10-K__0000050493-23-000021__Signatures.txt
IMKTA,HEADER,79031,data\03_sections\IMKTA__10-K__0000050493-24-000018__HEADER.txt
IMKTA,Item_6,100697,data\03_sections\IMKTA__10-K__0000050493-24-000018__Item_6.txt
IMKTA,Signatures,467,data\03_sections\IMKTA__10-K__0000050493-24-000018__Signatures.txt
IMKTA,HEADER,80478,data\03_sections\IMKTA__10-K__0000050493-25-000019__HEADER.txt
IMKTA,Item_6,104191,data\03_sections\IMKTA__10-K__0000050493-25-000019__Item_6.txt
IMKTA,Signatures,467,data\03_sections\IMKTA__10-K__0000050493-25-000019__Signatures.txt
KMX,HEADER,37449,data\03_sections\KMX__10-K__0001170010-24-000034__HEADER.txt
KMX,Item_1,39152,data\03_sections\KMX__10-K__0001170010-24-000034__Item_1.txt
KMX,Item_1A,40742,data\03_sections\KMX__10-K__0001170010-24-000034__Item_1A.txt
KMX,Item_1B,42,data\03_sections\KMX__10-K__0001170010-24-000034__Item_1B.txt
KMX,Item_1C,4984,data\03_sections\KMX__10-K__0001170010-24-000034__Item_1C.txt
KMX,Item_2,2067,data\03_sections\KMX__10-K__0001170010-24-000034__Item_2.txt
KMX,Item_3,223,data\03_sections\KMX__10-K__0001170010-24-000034__Item_3.txt
KMX,Item_4,5510,data\03_sections\KMX__10-K__0001170010-24-000034__Item_4.txt
KMX,Item_5,2110,data\03_sections\KMX__10-K__0001170010-24-000034__Item_5.txt
KMX,Item_6,22,data\03_sections\KMX__10-K__0001170010-24-000034__Item_6.txt
KMX,Item_7,54632,data\03_sections\KMX__10-K__0001170010-24-000034__Item_7.txt
KMX,Item_7A,3807,data\03_sections\KMX__10-K__0001170010-24-000034__Item_7A.txt
KMX,Item_8,104837,data\03_sections\KMX__10-K__0001170010-24-000034__Item_8.txt
KMX,Item_9,100,data\03_sections\KMX__10-K__0001170010-24-000034__Item_9.txt
KMX,Item_9A,1694,data\03_sections\KMX__10-K__0001170010-24-000034__Item_9A.txt
KMX,Item_9B,34,data\03_sections\KMX__10-K__0001170010-24-000034__Item_9B.txt
KMX,Item_9C,359,data\03_sections\KMX__10-K__0001170010-24-000034__Item_9C.txt
KMX,Item_10,987,data\03_sections\KMX__10-K__0001170010-24-000034__Item_10.txt
KMX,Item_11,526,data\03_sections\KMX__10-K__0001170010-24-000034__Item_11.txt
KMX,Item_12,502,data\03_sections\KMX__10-K__0001170010-24-000034__Item_12.txt
KMX,Item_13,451,data\03_sections\KMX__10-K__0001170010-24-000034__Item_13.txt
KMX,Item_14,217,data\03_sections\KMX__10-K__0001170010-24-000034__Item_14.txt
KMX,Item_15,865,data\03_sections\KMX__10-K__0001170010-24-000034__Item_15.txt
KMX,Item_16,37,data\03_sections\KMX__10-K__0001170010-24-000034__Item_16.txt
KMX,Signatures,706,data\03_sections\KMX__10-K__0001170010-24-000034__Signatures.txt
KMX,HEADER,38293,data\03_sections\KMX__10-K__0001170010-25-000024__HEADER.txt
KMX,Item_1,37443,data\03_sections\KMX__10-K__0001170010-25-000024__Item_1.txt
KMX,Item_1A,41284,data\03_sections\KMX__10-K__0001170010-25-000024__Item_1A.txt
KMX,Item_1B,42,data\03_sections\KMX__10-K__0001170010-25-000024__Item_1B.txt
KMX,Item_1C,5268,data\03_sections\KMX__10-K__0001170010-25-000024__Item_1C.txt
KMX,Item_2,2031,data\03_sections\KMX__10-K__0001170010-25-000024__Item_2.txt
KMX,Item_3,223,data\03_sections\KMX__10-K__0001170010-25-000024__Item_3.txt
KMX,Item_4,6234,data\03_sections\KMX__10-K__0001170010-25-000024__Item_4.txt
KMX,Item_5,2161,data\03_sections\KMX__10-K__0001170010-25-000024__Item_5.txt
KMX,Item_6,22,data\03_sections\KMX__10-K__0001170010-25-000024__Item_6.txt
KMX,Item_7,58756,data\03_sections\KMX__10-K__0001170010-25-000024__Item_7.txt
KMX,Item_7A,3806,data\03_sections\KMX__10-K__0001170010-25-000024__Item_7A.txt
KMX,Item_8,102842,data\03_sections\KMX__10-K__0001170010-25-000024__Item_8.txt
KMX,Item_9,100,data\03_sections\KMX__10-K__0001170010-25-000024__Item_9.txt
KMX,Item_9A,1697,data\03_sections\KMX__10-K__0001170010-25-000024__Item_9A.txt
KMX,Item_9B,34,data\03_sections\KMX__10-K__0001170010-25-000024__Item_9B.txt
KMX,Item_9C,359,data\03_sections\KMX__10-K__0001170010-25-000024__Item_9C.txt
KMX,Item_10,1354,data\03_sections\KMX__10-K__0001170010-25-000024__Item_10.txt
KMX,Item_11,526,data\03_sections\KMX__10-K__0001170010-25-000024__Item_11.txt
KMX,Item_12,502,data\03_sections\KMX__10-K__0001170010-25-000024__Item_12.txt
KMX,Item_13,451,data\03_sections\KMX__10-K__0001170010-25-000024__Item_13.txt
KMX,Item_14,217,data\03_sections\KMX__10-K__0001170010-25-000024__Item_14.txt
KMX,Item_15,864,data\03_sections\KMX__10-K__0001170010-25-000024__Item_15.txt
KMX,Item_16,37,data\03_sections\KMX__10-K__0001170010-25-000024__Item_16.txt
KMX,Signatures,706,data\03_sections\KMX__10-K__0001170010-25-000024__Signatures.txt
KMX,HEADER,37707,data\03_sections\KMX__10-K__0001170010-26-000021__HEADER.txt
KMX,Item_1,36411,data\03_sections\KMX__10-K__0001170010-26-000021__Item_1.txt
KMX,Item_1A,45428,data\03_sections\KMX__10-K__0001170010-26-000021__Item_1A.txt
KMX,Item_1B,42,data\03_sections\KMX__10-K__0001170010-26-000021__Item_1B.txt
KMX,Item_1C,4849,data\03_sections\KMX__10-K__0001170010-26-000021__Item_1C.txt
KMX,Item_2,2154,data\03_sections\KMX__10-K__0001170010-26-000021__Item_2.txt
KMX,Item_3,223,data\03_sections\KMX__10-K__0001170010-26-000021__Item_3.txt
KMX,Item_4,5073,data\03_sections\KMX__10-K__0001170010-26-000021__Item_4.txt
KMX,Item_5,2215,data\03_sections\KMX__10-K__0001170010-26-000021__Item_5.txt
KMX,Item_6,22,data\03_sections\KMX__10-K__0001170010-26-000021__Item_6.txt
KMX,Item_7,55811,data\03_sections\KMX__10-K__0001170010-26-000021__Item_7.txt
KMX,Item_7A,3764,data\03_sections\KMX__10-K__0001170010-26-000021__Item_7A.txt
KMX,Item_8,111553,data\03_sections\KMX__10-K__0001170010-26-000021__Item_8.txt
KMX,Item_9,100,data\03_sections\KMX__10-K__0001170010-26-000021__Item_9.txt
KMX,Item_9A,1694,data\03_sections\KMX__10-K__0001170010-26-000021__Item_9A.txt
KMX,Item_9B,34,data\03_sections\KMX__10-K__0001170010-26-000021__Item_9B.txt
KMX,Item_9C,359,data\03_sections\KMX__10-K__0001170010-26-000021__Item_9C.txt
KMX,Item_10,1354,data\03_sections\KMX__10-K__0001170010-26-000021__Item_10.txt
KMX,Item_11,526,data\03_sections\KMX__10-K__0001170010-26-000021__Item_11.txt
KMX,Item_12,502,data\03_sections\KMX__10-K__0001170010-26-000021__Item_12.txt
KMX,Item_13,451,data\03_sections\KMX__10-K__0001170010-26-000021__Item_13.txt
KMX,Item_14,217,data\03_sections\KMX__10-K__0001170010-26-000021__Item_14.txt
KMX,Item_15,865,data\03_sections\KMX__10-K__0001170010-26-000021__Item_15.txt
KMX,Item_16,37,data\03_sections\KMX__10-K__0001170010-26-000021__Item_16.txt
KMX,Signatures,701,data\03_sections\KMX__10-K__0001170010-26-000021__Signatures.txt
KOSS,HEADER,15606,data\03_sections\KOSS__10-K__0000056701-23-000026__HEADER.txt
KOSS,Item_1,17818,data\03_sections\KOSS__10-K__0000056701-23-000026__Item_1.txt
KOSS,Item_1A,32756,data\03_sections\KOSS__10-K__0000056701-23-000026__Item_1A.txt
KOSS,Item_1B,54,data\03_sections\KOSS__10-K__0000056701-23-000026__Item_1B.txt
KOSS,Item_2,1170,data\03_sections\KOSS__10-K__0000056701-23-000026__Item_2.txt
KOSS,Item_3,963,data\03_sections\KOSS__10-K__0000056701-23-000026__Item_3.txt
KOSS,Item_4,85,data\03_sections\KOSS__10-K__0000056701-23-000026__Item_4.txt
KOSS,Item_5,1682,data\03_sections\KOSS__10-K__0000056701-23-000026__Item_5.txt
KOSS,Item_7,31642,data\03_sections\KOSS__10-K__0000056701-23-000026__Item_7.txt
KOSS,Item_7A,87,data\03_sections\KOSS__10-K__0000056701-23-000026__Item_7A.txt
KOSS,Item_8,114,data\03_sections\KOSS__10-K__0000056701-23-000026__Item_8.txt
KOSS,Item_9,100,data\03_sections\KOSS__10-K__0000056701-23-000026__Item_9.txt
KOSS,Item_9A,3181,data\03_sections\KOSS__10-K__0000056701-23-000026__Item_9A.txt
KOSS,Item_9B,44,data\03_sections\KOSS__10-K__0000056701-23-000026__Item_9B.txt
KOSS,Item_9C,128,data\03_sections\KOSS__10-K__0000056701-23-000026__Item_9C.txt
KOSS,Item_10,989,data\03_sections\KOSS__10-K__0000056701-23-000026__Item_10.txt
KOSS,Item_11,288,data\03_sections\KOSS__10-K__0000056701-23-000026__Item_11.txt
KOSS,Item_12,360,data\03_sections\KOSS__10-K__0000056701-23-000026__Item_12.txt
KOSS,Item_13,339,data\03_sections\KOSS__10-K__0000056701-23-000026__Item_13.txt
KOSS,Item_14,339,data\03_sections\KOSS__10-K__0000056701-23-000026__Item_14.txt
KOSS,Item_15,51258,data\03_sections\KOSS__10-K__0000056701-23-000026__Item_15.txt
KOSS,Signatures,469,data\03_sections\KOSS__10-K__0000056701-23-000026__Signatures.txt
KOSS,HEADER,16974,data\03_sections\KOSS__10-K__0000056701-24-000028__HEADER.txt
KOSS,Item_1,14787,data\03_sections\KOSS__10-K__0000056701-24-000028__Item_1.txt
KOSS,Item_1A,33001,data\03_sections\KOSS__10-K__0000056701-24-000028__Item_1A.txt
KOSS,Item_1B,54,data\03_sections\KOSS__10-K__0000056701-24-000028__Item_1B.txt
KOSS,Item_1C,2566,data\03_sections\KOSS__10-K__0000056701-24-000028__Item_1C.txt
KOSS,Item_2,1170,data\03_sections\KOSS__10-K__0000056701-24-000028__Item_2.txt
KOSS,Item_3,987,data\03_sections\KOSS__10-K__0000056701-24-000028__Item_3.txt
KOSS,Item_4,85,data\03_sections\KOSS__10-K__0000056701-24-000028__Item_4.txt
KOSS,Item_5,1682,data\03_sections\KOSS__10-K__0000056701-24-000028__Item_5.txt
KOSS,Item_7,32004,data\03_sections\KOSS__10-K__0000056701-24-000028__Item_7.txt
KOSS,Item_7A,87,data\03_sections\KOSS__10-K__0000056701-24-000028__Item_7A.txt
KOSS,Item_8,114,data\03_sections\KOSS__10-K__0000056701-24-000028__Item_8.txt
KOSS,Item_9,100,data\03_sections\KOSS__10-K__0000056701-24-000028__Item_9.txt
KOSS,Item_9A,3181,data\03_sections\KOSS__10-K__0000056701-24-000028__Item_9A.txt
KOSS,Item_9B,44,data\03_sections\KOSS__10-K__0000056701-24-000028__Item_9B.txt
KOSS,Item_9C,128,data\03_sections\KOSS__10-K__0000056701-24-000028__Item_9C.txt
KOSS,Item_10,989,data\03_sections\KOSS__10-K__0000056701-24-000028__Item_10.txt
KOSS,Item_11,288,data\03_sections\KOSS__10-K__0000056701-24-000028__Item_11.txt
KOSS,Item_12,360,data\03_sections\KOSS__10-K__0000056701-24-000028__Item_12.txt
KOSS,Item_13,339,data\03_sections\KOSS__10-K__0000056701-24-000028__Item_13.txt
KOSS,Item_14,339,data\03_sections\KOSS__10-K__0000056701-24-000028__Item_14.txt
KOSS,Item_15,58634,data\03_sections\KOSS__10-K__0000056701-24-000028__Item_15.txt
KOSS,Signatures,469,data\03_sections\KOSS__10-K__0000056701-24-000028__Signatures.txt
KOSS,HEADER,17064,data\03_sections\KOSS__10-K__0000056701-25-000044__HEADER.txt
KOSS,Item_1,14736,data\03_sections\KOSS__10-K__0000056701-25-000044__Item_1.txt
KOSS,Item_1A,39312,data\03_sections\KOSS__10-K__0000056701-25-000044__Item_1A.txt
KOSS,Item_1B,54,data\03_sections\KOSS__10-K__0000056701-25-000044__Item_1B.txt
KOSS,Item_1C,3051,data\03_sections\KOSS__10-K__0000056701-25-000044__Item_1C.txt
KOSS,Item_2,1170,data\03_sections\KOSS__10-K__0000056701-25-000044__Item_2.txt
KOSS,Item_3,820,data\03_sections\KOSS__10-K__0000056701-25-000044__Item_3.txt
KOSS,Item_4,85,data\03_sections\KOSS__10-K__0000056701-25-000044__Item_4.txt
KOSS,Item_5,1689,data\03_sections\KOSS__10-K__0000056701-25-000044__Item_5.txt
KOSS,Item_7,33734,data\03_sections\KOSS__10-K__0000056701-25-000044__Item_7.txt
KOSS,Item_7A,87,data\03_sections\KOSS__10-K__0000056701-25-000044__Item_7A.txt
KOSS,Item_8,114,data\03_sections\KOSS__10-K__0000056701-25-000044__Item_8.txt
KOSS,Item_9,100,data\03_sections\KOSS__10-K__0000056701-25-000044__Item_9.txt
KOSS,Item_9A,3181,data\03_sections\KOSS__10-K__0000056701-25-000044__Item_9A.txt
KOSS,Item_9B,44,data\03_sections\KOSS__10-K__0000056701-25-000044__Item_9B.txt
KOSS,Item_9C,128,data\03_sections\KOSS__10-K__0000056701-25-000044__Item_9C.txt
KOSS,Item_10,1699,data\03_sections\KOSS__10-K__0000056701-25-000044__Item_10.txt
KOSS,Item_11,288,data\03_sections\KOSS__10-K__0000056701-25-000044__Item_11.txt
KOSS,Item_12,360,data\03_sections\KOSS__10-K__0000056701-25-000044__Item_12.txt
KOSS,Item_13,339,data\03_sections\KOSS__10-K__0000056701-25-000044__Item_13.txt
KOSS,Item_14,339,data\03_sections\KOSS__10-K__0000056701-25-000044__Item_14.txt
KOSS,Item_15,58182,data\03_sections\KOSS__10-K__0000056701-25-000044__Item_15.txt
KOSS,Signatures,469,data\03_sections\KOSS__10-K__0000056701-25-000044__Signatures.txt
KR,HEADER,306500,data\03_sections\KR__10-K__0001104659-26-037723__HEADER.txt
KR,Item_9C,3805,data\03_sections\KR__10-K__0001104659-26-037723__Item_9C.txt
KR,FULL_DOCUMENT_FALLBACK,310307,data\03_sections\KR__10-K__0001104659-26-037723__FULL_DOCUMENT_FALLBACK.txt
KR,HEADER,299966,data\03_sections\KR__10-K__0001558370-24-004603__HEADER.txt
KR,Item_9C,3856,data\03_sections\KR__10-K__0001558370-24-004603__Item_9C.txt
KR,FULL_DOCUMENT_FALLBACK,303824,data\03_sections\KR__10-K__0001558370-24-004603__FULL_DOCUMENT_FALLBACK.txt
KR,HEADER,308132,data\03_sections\KR__10-K__0001558370-25-004267__HEADER.txt
KR,Item_9C,3928,data\03_sections\KR__10-K__0001558370-25-004267__Item_9C.txt
KR,FULL_DOCUMENT_FALLBACK,312062,data\03_sections\KR__10-K__0001558370-25-004267__FULL_DOCUMENT_FALLBACK.txt
LAD,HEADER,41115,data\03_sections\LAD__10-K__0001023128-24-000032__HEADER.txt
LAD,Item_1,31303,data\03_sections\LAD__10-K__0001023128-24-000032__Item_1.txt
LAD,Item_1A,57041,data\03_sections\LAD__10-K__0001023128-24-000032__Item_1A.txt
LAD,Item_1C,4170,data\03_sections\LAD__10-K__0001023128-24-000032__Item_1C.txt
LAD,Item_2,1417,data\03_sections\LAD__10-K__0001023128-24-000032__Item_2.txt
LAD,Item_3,405,data\03_sections\LAD__10-K__0001023128-24-000032__Item_3.txt
LAD,Item_5,1917,data\03_sections\LAD__10-K__0001023128-24-000032__Item_5.txt
LAD,Item_7,45064,data\03_sections\LAD__10-K__0001023128-24-000032__Item_7.txt
LAD,Item_7A,4530,data\03_sections\LAD__10-K__0001023128-24-000032__Item_7A.txt
LAD,Item_8,239,data\03_sections\LAD__10-K__0001023128-24-000032__Item_8.txt
LAD,Item_9A,2957,data\03_sections\LAD__10-K__0001023128-24-000032__Item_9A.txt
LAD,Item_10,287,data\03_sections\LAD__10-K__0001023128-24-000032__Item_10.txt
LAD,Item_11,255,data\03_sections\LAD__10-K__0001023128-24-000032__Item_11.txt
LAD,Item_12,749,data\03_sections\LAD__10-K__0001023128-24-000032__Item_12.txt
LAD,Item_13,306,data\03_sections\LAD__10-K__0001023128-24-000032__Item_13.txt
LAD,Item_14,398,data\03_sections\LAD__10-K__0001023128-24-000032__Item_14.txt
LAD,Item_15,1289,data\03_sections\LAD__10-K__0001023128-24-000032__Item_15.txt
LAD,Signatures,94516,data\03_sections\LAD__10-K__0001023128-24-000032__Signatures.txt
LAD,HEADER,52638,data\03_sections\LAD__10-K__0001023128-25-000026__HEADER.txt
LAD,Item_1,31969,data\03_sections\LAD__10-K__0001023128-25-000026__Item_1.txt
LAD,Item_1A,61281,data\03_sections\LAD__10-K__0001023128-25-000026__Item_1A.txt
LAD,Item_1C,5467,data\03_sections\LAD__10-K__0001023128-25-000026__Item_1C.txt
LAD,Item_2,1355,data\03_sections\LAD__10-K__0001023128-25-000026__Item_2.txt
LAD,Item_3,405,data\03_sections\LAD__10-K__0001023128-25-000026__Item_3.txt
LAD,Item_5,1880,data\03_sections\LAD__10-K__0001023128-25-000026__Item_5.txt
LAD,Item_7,41636,data\03_sections\LAD__10-K__0001023128-25-000026__Item_7.txt
LAD,Item_7A,4558,data\03_sections\LAD__10-K__0001023128-25-000026__Item_7A.txt
LAD,Item_8,239,data\03_sections\LAD__10-K__0001023128-25-000026__Item_8.txt
LAD,Item_9A,2928,data\03_sections\LAD__10-K__0001023128-25-000026__Item_9A.txt
LAD,Item_10,287,data\03_sections\LAD__10-K__0001023128-25-000026__Item_10.txt
LAD,Item_11,255,data\03_sections\LAD__10-K__0001023128-25-000026__Item_11.txt
LAD,Item_12,729,data\03_sections\LAD__10-K__0001023128-25-000026__Item_12.txt
LAD,Item_13,306,data\03_sections\LAD__10-K__0001023128-25-000026__Item_13.txt
LAD,Item_14,398,data\03_sections\LAD__10-K__0001023128-25-000026__Item_14.txt
LAD,Item_15,1361,data\03_sections\LAD__10-K__0001023128-25-000026__Item_15.txt
LAD,Signatures,99615,data\03_sections\LAD__10-K__0001023128-25-000026__Signatures.txt
LAD,HEADER,50774,data\03_sections\LAD__10-K__0001023128-26-000015__HEADER.txt
LAD,Item_1,30077,data\03_sections\LAD__10-K__0001023128-26-000015__Item_1.txt
LAD,Item_1A,61132,data\03_sections\LAD__10-K__0001023128-26-000015__Item_1A.txt
LAD,Item_1C,5289,data\03_sections\LAD__10-K__0001023128-26-000015__Item_1C.txt
LAD,Item_2,1291,data\03_sections\LAD__10-K__0001023128-26-000015__Item_2.txt
LAD,Item_3,405,data\03_sections\LAD__10-K__0001023128-26-000015__Item_3.txt
LAD,Item_5,2106,data\03_sections\LAD__10-K__0001023128-26-000015__Item_5.txt
LAD,Item_7,41913,data\03_sections\LAD__10-K__0001023128-26-000015__Item_7.txt
LAD,Item_7A,4810,data\03_sections\LAD__10-K__0001023128-26-000015__Item_7A.txt
LAD,Item_8,239,data\03_sections\LAD__10-K__0001023128-26-000015__Item_8.txt
LAD,Item_9A,2916,data\03_sections\LAD__10-K__0001023128-26-000015__Item_9A.txt
LAD,Item_9B,288,data\03_sections\LAD__10-K__0001023128-26-000015__Item_9B.txt
LAD,Item_10,287,data\03_sections\LAD__10-K__0001023128-26-000015__Item_10.txt
LAD,Item_11,255,data\03_sections\LAD__10-K__0001023128-26-000015__Item_11.txt
LAD,Item_12,731,data\03_sections\LAD__10-K__0001023128-26-000015__Item_12.txt
LAD,Item_13,306,data\03_sections\LAD__10-K__0001023128-26-000015__Item_13.txt
LAD,Item_14,398,data\03_sections\LAD__10-K__0001023128-26-000015__Item_14.txt
LAD,Item_15,1377,data\03_sections\LAD__10-K__0001023128-26-000015__Item_15.txt
LAD,Signatures,98496,data\03_sections\LAD__10-K__0001023128-26-000015__Signatures.txt
LCUT,HEADER,41340,data\03_sections\LCUT__10-K__0000874396-26-000008__HEADER.txt
LCUT,Item_1,13794,data\03_sections\LCUT__10-K__0000874396-26-000008__Item_1.txt
LCUT,Item_1A,94528,data\03_sections\LCUT__10-K__0000874396-26-000008__Item_1A.txt
LCUT,Item_1B,41,data\03_sections\LCUT__10-K__0000874396-26-000008__Item_1B.txt
LCUT,Item_1C,4255,data\03_sections\LCUT__10-K__0000874396-26-000008__Item_1C.txt
LCUT,Item_2,842,data\03_sections\LCUT__10-K__0000874396-26-000008__Item_2.txt
LCUT,Item_3,219,data\03_sections\LCUT__10-K__0000874396-26-000008__Item_3.txt
LCUT,Item_4,76,data\03_sections\LCUT__10-K__0000874396-26-000008__Item_4.txt
LCUT,Item_5,2883,data\03_sections\LCUT__10-K__0000874396-26-000008__Item_5.txt
LCUT,Item_6,40,data\03_sections\LCUT__10-K__0000874396-26-000008__Item_6.txt
LCUT,Item_7,58907,data\03_sections\LCUT__10-K__0000874396-26-000008__Item_7.txt
LCUT,Item_7A,4638,data\03_sections\LCUT__10-K__0000874396-26-000008__Item_7A.txt
LCUT,Item_8,211,data\03_sections\LCUT__10-K__0000874396-26-000008__Item_8.txt
LCUT,Item_9,99,data\03_sections\LCUT__10-K__0000874396-26-000008__Item_9.txt
LCUT,Item_9A,8186,data\03_sections\LCUT__10-K__0000874396-26-000008__Item_9A.txt
LCUT,Item_9B,267,data\03_sections\LCUT__10-K__0000874396-26-000008__Item_9B.txt
LCUT,Item_9C,1078,data\03_sections\LCUT__10-K__0000874396-26-000008__Item_9C.txt
LCUT,Item_15,1030,data\03_sections\LCUT__10-K__0000874396-26-000008__Item_15.txt
LCUT,Signatures,89611,data\03_sections\LCUT__10-K__0000874396-26-000008__Signatures.txt
LCUT,HEADER,43789,data\03_sections\LCUT__10-K__0001628280-24-010568__HEADER.txt
LCUT,Item_1,13628,data\03_sections\LCUT__10-K__0001628280-24-010568__Item_1.txt
LCUT,Item_1A,86644,data\03_sections\LCUT__10-K__0001628280-24-010568__Item_1A.txt
LCUT,Item_1B,62,data\03_sections\LCUT__10-K__0001628280-24-010568__Item_1B.txt
LCUT,Item_1C,4540,data\03_sections\LCUT__10-K__0001628280-24-010568__Item_1C.txt
LCUT,Item_2,308,data\03_sections\LCUT__10-K__0001628280-24-010568__Item_2.txt
LCUT,Item_3,219,data\03_sections\LCUT__10-K__0001628280-24-010568__Item_3.txt
LCUT,Item_4,76,data\03_sections\LCUT__10-K__0001628280-24-010568__Item_4.txt
LCUT,Item_5,2834,data\03_sections\LCUT__10-K__0001628280-24-010568__Item_5.txt
LCUT,Item_6,40,data\03_sections\LCUT__10-K__0001628280-24-010568__Item_6.txt
LCUT,Item_7,62867,data\03_sections\LCUT__10-K__0001628280-24-010568__Item_7.txt
LCUT,Item_7A,4956,data\03_sections\LCUT__10-K__0001628280-24-010568__Item_7A.txt
LCUT,Item_8,211,data\03_sections\LCUT__10-K__0001628280-24-010568__Item_8.txt
LCUT,Item_9,99,data\03_sections\LCUT__10-K__0001628280-24-010568__Item_9.txt
LCUT,Item_9A,8186,data\03_sections\LCUT__10-K__0001628280-24-010568__Item_9A.txt
LCUT,Item_9B,266,data\03_sections\LCUT__10-K__0001628280-24-010568__Item_9B.txt
LCUT,Item_9C,411,data\03_sections\LCUT__10-K__0001628280-24-010568__Item_9C.txt
LCUT,Item_15,230,data\03_sections\LCUT__10-K__0001628280-24-010568__Item_15.txt
LCUT,Signatures,105723,data\03_sections\LCUT__10-K__0001628280-24-010568__Signatures.txt
LCUT,HEADER,41833,data\03_sections\LCUT__10-K__0001628280-25-012650__HEADER.txt
LCUT,Item_1,13400,data\03_sections\LCUT__10-K__0001628280-25-012650__Item_1.txt
LCUT,Item_1A,83138,data\03_sections\LCUT__10-K__0001628280-25-012650__Item_1A.txt
LCUT,Item_1B,62,data\03_sections\LCUT__10-K__0001628280-25-012650__Item_1B.txt
LCUT,Item_1C,4241,data\03_sections\LCUT__10-K__0001628280-25-012650__Item_1C.txt
LCUT,Item_2,788,data\03_sections\LCUT__10-K__0001628280-25-012650__Item_2.txt
LCUT,Item_3,219,data\03_sections\LCUT__10-K__0001628280-25-012650__Item_3.txt
LCUT,Item_4,76,data\03_sections\LCUT__10-K__0001628280-25-012650__Item_4.txt
LCUT,Item_5,3221,data\03_sections\LCUT__10-K__0001628280-25-012650__Item_5.txt
LCUT,Item_6,40,data\03_sections\LCUT__10-K__0001628280-25-012650__Item_6.txt
LCUT,Item_7,57690,data\03_sections\LCUT__10-K__0001628280-25-012650__Item_7.txt
LCUT,Item_7A,4432,data\03_sections\LCUT__10-K__0001628280-25-012650__Item_7A.txt
LCUT,Item_8,211,data\03_sections\LCUT__10-K__0001628280-25-012650__Item_8.txt
LCUT,Item_9,99,data\03_sections\LCUT__10-K__0001628280-25-012650__Item_9.txt
LCUT,Item_9A,8186,data\03_sections\LCUT__10-K__0001628280-25-012650__Item_9A.txt
LCUT,Item_9B,267,data\03_sections\LCUT__10-K__0001628280-25-012650__Item_9B.txt
LCUT,Item_9C,1078,data\03_sections\LCUT__10-K__0001628280-25-012650__Item_9C.txt
LCUT,Item_15,1031,data\03_sections\LCUT__10-K__0001628280-25-012650__Item_15.txt
LCUT,Signatures,95814,data\03_sections\LCUT__10-K__0001628280-25-012650__Signatures.txt
LEG,HEADER,66107,data\03_sections\LEG__10-K__0000058492-24-000174__HEADER.txt
LEG,Item_1,29949,data\03_sections\LEG__10-K__0000058492-24-000174__Item_1.txt
LEG,Item_1A,3313,data\03_sections\LEG__10-K__0000058492-24-000174__Item_1A.txt
LEG,Item_7,22944,data\03_sections\LEG__10-K__0000058492-24-000174__Item_7.txt
LEG,Item_1B,42,data\03_sections\LEG__10-K__0000058492-24-000174__Item_1B.txt
LEG,Item_1C,4867,data\03_sections\LEG__10-K__0000058492-24-000174__Item_1C.txt
LEG,Item_2,3788,data\03_sections\LEG__10-K__0000058492-24-000174__Item_2.txt
LEG,Item_3,49971,data\03_sections\LEG__10-K__0000058492-24-000174__Item_3.txt
LEG,Item_4,6497,data\03_sections\LEG__10-K__0000058492-24-000174__Item_4.txt
LEG,Item_5,4042,data\03_sections\LEG__10-K__0000058492-24-000174__Item_5.txt
LEG,Item_6,39,data\03_sections\LEG__10-K__0000058492-24-000174__Item_6.txt
LEG,Item_7A,2024,data\03_sections\LEG__10-K__0000058492-24-000174__Item_7A.txt
LEG,Item_8,258,data\03_sections\LEG__10-K__0000058492-24-000174__Item_8.txt
LEG,Item_9,100,data\03_sections\LEG__10-K__0000058492-24-000174__Item_9.txt
LEG,Item_9A,2106,data\03_sections\LEG__10-K__0000058492-24-000174__Item_9A.txt
LEG,Item_9B,2842,data\03_sections\LEG__10-K__0000058492-24-000174__Item_9B.txt
LEG,Item_10,17506,data\03_sections\LEG__10-K__0000058492-24-000174__Item_10.txt
LEG,Item_11,493,data\03_sections\LEG__10-K__0000058492-24-000174__Item_11.txt
LEG,Item_12,347,data\03_sections\LEG__10-K__0000058492-24-000174__Item_12.txt
LEG,Item_13,428,data\03_sections\LEG__10-K__0000058492-24-000174__Item_13.txt
LEG,Item_14,350,data\03_sections\LEG__10-K__0000058492-24-000174__Item_14.txt
LEG,Item_15,103860,data\03_sections\LEG__10-K__0000058492-24-000174__Item_15.txt
LEG,Item_16,57,data\03_sections\LEG__10-K__0000058492-24-000174__Item_16.txt
LEG,Signatures,555,data\03_sections\LEG__10-K__0000058492-24-000174__Signatures.txt
LEG,HEADER,66872,data\03_sections\LEG__10-K__0000058492-25-000136__HEADER.txt
LEG,Item_1,26994,data\03_sections\LEG__10-K__0000058492-25-000136__Item_1.txt
LEG,Item_1A,118,data\03_sections\LEG__10-K__0000058492-25-000136__Item_1A.txt
LEG,Item_3,10338,data\03_sections\LEG__10-K__0000058492-25-000136__Item_3.txt
LEG,Item_1B,42,data\03_sections\LEG__10-K__0000058492-25-000136__Item_1B.txt
LEG,Item_1C,1421,data\03_sections\LEG__10-K__0000058492-25-000136__Item_1C.txt
LEG,Item_2,4210,data\03_sections\LEG__10-K__0000058492-25-000136__Item_2.txt
LEG,Item_7,25851,data\03_sections\LEG__10-K__0000058492-25-000136__Item_7.txt
LEG,Item_4,5304,data\03_sections\LEG__10-K__0000058492-25-000136__Item_4.txt
LEG,Item_5,5210,data\03_sections\LEG__10-K__0000058492-25-000136__Item_5.txt
LEG,Item_6,17,data\03_sections\LEG__10-K__0000058492-25-000136__Item_6.txt
LEG,Item_7A,2037,data\03_sections\LEG__10-K__0000058492-25-000136__Item_7A.txt
LEG,Item_8,258,data\03_sections\LEG__10-K__0000058492-25-000136__Item_8.txt
LEG,Item_9,100,data\03_sections\LEG__10-K__0000058492-25-000136__Item_9.txt
LEG,Item_9A,2127,data\03_sections\LEG__10-K__0000058492-25-000136__Item_9A.txt
LEG,Item_9B,2356,data\03_sections\LEG__10-K__0000058492-25-000136__Item_9B.txt
LEG,Item_10,18350,data\03_sections\LEG__10-K__0000058492-25-000136__Item_10.txt
LEG,Item_11,493,data\03_sections\LEG__10-K__0000058492-25-000136__Item_11.txt
LEG,Item_12,347,data\03_sections\LEG__10-K__0000058492-25-000136__Item_12.txt
LEG,Item_13,458,data\03_sections\LEG__10-K__0000058492-25-000136__Item_13.txt
LEG,Item_14,350,data\03_sections\LEG__10-K__0000058492-25-000136__Item_14.txt
LEG,Item_15,101766,data\03_sections\LEG__10-K__0000058492-25-000136__Item_15.txt
LEG,Item_16,57,data\03_sections\LEG__10-K__0000058492-25-000136__Item_16.txt
LEG,Signatures,555,data\03_sections\LEG__10-K__0000058492-25-000136__Signatures.txt
LEG,HEADER,65403,data\03_sections\LEG__10-K__0000058492-26-000107__HEADER.txt
LEG,Item_1,28072,data\03_sections\LEG__10-K__0000058492-26-000107__Item_1.txt
LEG,Item_1A,90,data\03_sections\LEG__10-K__0000058492-26-000107__Item_1A.txt
LEG,Item_3,11071,data\03_sections\LEG__10-K__0000058492-26-000107__Item_3.txt
LEG,Item_1B,42,data\03_sections\LEG__10-K__0000058492-26-000107__Item_1B.txt
LEG,Item_1C,246,data\03_sections\LEG__10-K__0000058492-26-000107__Item_1C.txt
LEG,Item_2,4252,data\03_sections\LEG__10-K__0000058492-26-000107__Item_2.txt
LEG,Item_7,28709,data\03_sections\LEG__10-K__0000058492-26-000107__Item_7.txt
LEG,Item_4,5461,data\03_sections\LEG__10-K__0000058492-26-000107__Item_4.txt
LEG,Item_5,4190,data\03_sections\LEG__10-K__0000058492-26-000107__Item_5.txt
LEG,Item_6,47,data\03_sections\LEG__10-K__0000058492-26-000107__Item_6.txt
LEG,Item_7A,2290,data\03_sections\LEG__10-K__0000058492-26-000107__Item_7A.txt
LEG,Item_8,258,data\03_sections\LEG__10-K__0000058492-26-000107__Item_8.txt
LEG,Item_9,100,data\03_sections\LEG__10-K__0000058492-26-000107__Item_9.txt
LEG,Item_9A,2127,data\03_sections\LEG__10-K__0000058492-26-000107__Item_9A.txt
LEG,Item_9B,4167,data\03_sections\LEG__10-K__0000058492-26-000107__Item_9B.txt
LEG,Item_10,14192,data\03_sections\LEG__10-K__0000058492-26-000107__Item_10.txt
LEG,Item_11,524,data\03_sections\LEG__10-K__0000058492-26-000107__Item_11.txt
LEG,Item_12,348,data\03_sections\LEG__10-K__0000058492-26-000107__Item_12.txt
LEG,Item_13,429,data\03_sections\LEG__10-K__0000058492-26-000107__Item_13.txt
LEG,Item_14,351,data\03_sections\LEG__10-K__0000058492-26-000107__Item_14.txt
LEG,Item_15,99371,data\03_sections\LEG__10-K__0000058492-26-000107__Item_15.txt
LEG,Item_16,57,data\03_sections\LEG__10-K__0000058492-26-000107__Item_16.txt
LEG,Signatures,555,data\03_sections\LEG__10-K__0000058492-26-000107__Signatures.txt
LESL,HEADER,147474,data\03_sections\LESL__10-K__0000950170-23-066773__HEADER.txt
LESL,Item_1B,892,data\03_sections\LESL__10-K__0000950170-23-066773__Item_1B.txt
LESL,Item_3,1508,data\03_sections\LESL__10-K__0000950170-23-066773__Item_3.txt
LESL,Item_4,83,data\03_sections\LESL__10-K__0000950170-23-066773__Item_4.txt
LESL,Item_5,3147,data\03_sections\LESL__10-K__0000950170-23-066773__Item_5.txt
LESL,Item_7,41134,data\03_sections\LESL__10-K__0000950170-23-066773__Item_7.txt
LESL,Item_7A,2129,data\03_sections\LESL__10-K__0000950170-23-066773__Item_7A.txt
LESL,Item_8,56468,data\03_sections\LESL__10-K__0000950170-23-066773__Item_8.txt
LESL,Item_9,102,data\03_sections\LESL__10-K__0000950170-23-066773__Item_9.txt
LESL,Item_9A,15418,data\03_sections\LESL__10-K__0000950170-23-066773__Item_9A.txt
LESL,Item_9B,479,data\03_sections\LESL__10-K__0000950170-23-066773__Item_9B.txt
LESL,Item_10,1131,data\03_sections\LESL__10-K__0000950170-23-066773__Item_10.txt
LESL,Item_11,439,data\03_sections\LESL__10-K__0000950170-23-066773__Item_11.txt
LESL,Item_12,486,data\03_sections\LESL__10-K__0000950170-23-066773__Item_12.txt
LESL,Item_13,467,data\03_sections\LESL__10-K__0000950170-23-066773__Item_13.txt
LESL,Item_14,472,data\03_sections\LESL__10-K__0000950170-23-066773__Item_14.txt
LESL,Item_15,1119,data\03_sections\LESL__10-K__0000950170-23-066773__Item_15.txt
LESL,Item_16,549,data\03_sections\LESL__10-K__0000950170-23-066773__Item_16.txt
LESL,HEADER,146697,data\03_sections\LESL__10-K__0000950170-24-131476__HEADER.txt
LESL,Item_1B,42,data\03_sections\LESL__10-K__0000950170-24-131476__Item_1B.txt
LESL,Item_1C,4712,data\03_sections\LESL__10-K__0000950170-24-131476__Item_1C.txt
LESL,Item_2,843,data\03_sections\LESL__10-K__0000950170-24-131476__Item_2.txt
LESL,Item_3,2691,data\03_sections\LESL__10-K__0000950170-24-131476__Item_3.txt
LESL,Item_4,82,data\03_sections\LESL__10-K__0000950170-24-131476__Item_4.txt
LESL,Item_5,3129,data\03_sections\LESL__10-K__0000950170-24-131476__Item_5.txt
LESL,Item_7,40740,data\03_sections\LESL__10-K__0000950170-24-131476__Item_7.txt
LESL,Item_7A,2129,data\03_sections\LESL__10-K__0000950170-24-131476__Item_7A.txt
LESL,Item_8,59910,data\03_sections\LESL__10-K__0000950170-24-131476__Item_8.txt
LESL,Item_9,102,data\03_sections\LESL__10-K__0000950170-24-131476__Item_9.txt
LESL,Item_9A,15603,data\03_sections\LESL__10-K__0000950170-24-131476__Item_9A.txt
LESL,Item_9B,479,data\03_sections\LESL__10-K__0000950170-24-131476__Item_9B.txt
LESL,Item_10,1131,data\03_sections\LESL__10-K__0000950170-24-131476__Item_10.txt
LESL,Item_11,439,data\03_sections\LESL__10-K__0000950170-24-131476__Item_11.txt
LESL,Item_12,486,data\03_sections\LESL__10-K__0000950170-24-131476__Item_12.txt
LESL,Item_13,467,data\03_sections\LESL__10-K__0000950170-24-131476__Item_13.txt
LESL,Item_14,472,data\03_sections\LESL__10-K__0000950170-24-131476__Item_14.txt
LESL,Item_15,1119,data\03_sections\LESL__10-K__0000950170-24-131476__Item_15.txt
LESL,Item_16,549,data\03_sections\LESL__10-K__0000950170-24-131476__Item_16.txt
LESL,HEADER,156017,data\03_sections\LESL__10-K__0001193125-25-323811__HEADER.txt
LESL,Item_1B,42,data\03_sections\LESL__10-K__0001193125-25-323811__Item_1B.txt
LESL,Item_1C,4732,data\03_sections\LESL__10-K__0001193125-25-323811__Item_1C.txt
LESL,Item_2,846,data\03_sections\LESL__10-K__0001193125-25-323811__Item_2.txt
LESL,Item_3,3123,data\03_sections\LESL__10-K__0001193125-25-323811__Item_3.txt
LESL,Item_4,82,data\03_sections\LESL__10-K__0001193125-25-323811__Item_4.txt
LESL,Item_5,2674,data\03_sections\LESL__10-K__0001193125-25-323811__Item_5.txt
LESL,Item_7,45253,data\03_sections\LESL__10-K__0001193125-25-323811__Item_7.txt
LESL,Item_7A,2162,data\03_sections\LESL__10-K__0001193125-25-323811__Item_7A.txt
LESL,Item_8,66598,data\03_sections\LESL__10-K__0001193125-25-323811__Item_8.txt
LESL,Item_9,101,data\03_sections\LESL__10-K__0001193125-25-323811__Item_9.txt
LESL,Item_9A,18390,data\03_sections\LESL__10-K__0001193125-25-323811__Item_9A.txt
LESL,Item_9B,472,data\03_sections\LESL__10-K__0001193125-25-323811__Item_9B.txt
LESL,Item_10,1201,data\03_sections\LESL__10-K__0001193125-25-323811__Item_10.txt
LESL,Item_11,464,data\03_sections\LESL__10-K__0001193125-25-323811__Item_11.txt
LESL,Item_12,485,data\03_sections\LESL__10-K__0001193125-25-323811__Item_12.txt
LESL,Item_13,467,data\03_sections\LESL__10-K__0001193125-25-323811__Item_13.txt
LESL,Item_14,469,data\03_sections\LESL__10-K__0001193125-25-323811__Item_14.txt
LESL,Item_15,1095,data\03_sections\LESL__10-K__0001193125-25-323811__Item_15.txt
LESL,Item_16,547,data\03_sections\LESL__10-K__0001193125-25-323811__Item_16.txt
LIVE,HEADER,46723,data\03_sections\LIVE__10-K__0001628280-23-042586__HEADER.txt
LIVE,Item_1,37496,data\03_sections\LIVE__10-K__0001628280-23-042586__Item_1.txt
LIVE,Item_1A,62527,data\03_sections\LIVE__10-K__0001628280-23-042586__Item_1A.txt
LIVE,Item_1B,41,data\03_sections\LIVE__10-K__0001628280-23-042586__Item_1B.txt
LIVE,Item_2,1706,data\03_sections\LIVE__10-K__0001628280-23-042586__Item_2.txt
LIVE,Item_3,292,data\03_sections\LIVE__10-K__0001628280-23-042586__Item_3.txt
LIVE,Item_5,2233,data\03_sections\LIVE__10-K__0001628280-23-042586__Item_5.txt
LIVE,Item_6,40,data\03_sections\LIVE__10-K__0001628280-23-042586__Item_6.txt
LIVE,Item_7,27815,data\03_sections\LIVE__10-K__0001628280-23-042586__Item_7.txt
LIVE,Item_7A,415,data\03_sections\LIVE__10-K__0001628280-23-042586__Item_7A.txt
LIVE,Item_8,124784,data\03_sections\LIVE__10-K__0001628280-23-042586__Item_8.txt
LIVE,Item_9,100,data\03_sections\LIVE__10-K__0001628280-23-042586__Item_9.txt
LIVE,Item_9A,3864,data\03_sections\LIVE__10-K__0001628280-23-042586__Item_9A.txt
LIVE,Item_9B,33,data\03_sections\LIVE__10-K__0001628280-23-042586__Item_9B.txt
LIVE,Item_9C,113,data\03_sections\LIVE__10-K__0001628280-23-042586__Item_9C.txt
LIVE,Item_10,25776,data\03_sections\LIVE__10-K__0001628280-23-042586__Item_10.txt
LIVE,Item_11,14171,data\03_sections\LIVE__10-K__0001628280-23-042586__Item_11.txt
LIVE,Item_12,3445,data\03_sections\LIVE__10-K__0001628280-23-042586__Item_12.txt
LIVE,Item_13,10903,data\03_sections\LIVE__10-K__0001628280-23-042586__Item_13.txt
LIVE,Item_14,1332,data\03_sections\LIVE__10-K__0001628280-23-042586__Item_14.txt
LIVE,Item_15,658,data\03_sections\LIVE__10-K__0001628280-23-042586__Item_15.txt
LIVE,Item_16,54,data\03_sections\LIVE__10-K__0001628280-23-042586__Item_16.txt
LIVE,Signatures,442,data\03_sections\LIVE__10-K__0001628280-23-042586__Signatures.txt
LIVE,HEADER,50116,data\03_sections\LIVE__10-K__0001628280-24-052099__HEADER.txt
LIVE,Item_1,41066,data\03_sections\LIVE__10-K__0001628280-24-052099__Item_1.txt
LIVE,Item_1A,63467,data\03_sections\LIVE__10-K__0001628280-24-052099__Item_1A.txt
LIVE,Item_1B,41,data\03_sections\LIVE__10-K__0001628280-24-052099__Item_1B.txt
LIVE,Item_1C,3449,data\03_sections\LIVE__10-K__0001628280-24-052099__Item_1C.txt
LIVE,Item_2,1775,data\03_sections\LIVE__10-K__0001628280-24-052099__Item_2.txt
LIVE,Item_3,292,data\03_sections\LIVE__10-K__0001628280-24-052099__Item_3.txt
LIVE,Item_5,2594,data\03_sections\LIVE__10-K__0001628280-24-052099__Item_5.txt
LIVE,Item_6,40,data\03_sections\LIVE__10-K__0001628280-24-052099__Item_6.txt
LIVE,Item_7,29456,data\03_sections\LIVE__10-K__0001628280-24-052099__Item_7.txt
LIVE,Item_7A,415,data\03_sections\LIVE__10-K__0001628280-24-052099__Item_7A.txt
LIVE,Item_8,116830,data\03_sections\LIVE__10-K__0001628280-24-052099__Item_8.txt
LIVE,Item_9,100,data\03_sections\LIVE__10-K__0001628280-24-052099__Item_9.txt
LIVE,Item_9A,5501,data\03_sections\LIVE__10-K__0001628280-24-052099__Item_9A.txt
LIVE,Item_9B,33,data\03_sections\LIVE__10-K__0001628280-24-052099__Item_9B.txt
LIVE,Item_9C,113,data\03_sections\LIVE__10-K__0001628280-24-052099__Item_9C.txt
LIVE,Item_10,24560,data\03_sections\LIVE__10-K__0001628280-24-052099__Item_10.txt
LIVE,Item_11,15006,data\03_sections\LIVE__10-K__0001628280-24-052099__Item_11.txt
LIVE,Item_12,3395,data\03_sections\LIVE__10-K__0001628280-24-052099__Item_12.txt
LIVE,Item_13,13992,data\03_sections\LIVE__10-K__0001628280-24-052099__Item_13.txt
LIVE,Item_14,1350,data\03_sections\LIVE__10-K__0001628280-24-052099__Item_14.txt
LIVE,Item_15,678,data\03_sections\LIVE__10-K__0001628280-24-052099__Item_15.txt
LIVE,Item_16,54,data\03_sections\LIVE__10-K__0001628280-24-052099__Item_16.txt
LIVE,Signatures,444,data\03_sections\LIVE__10-K__0001628280-24-052099__Signatures.txt
LIVE,HEADER,46529,data\03_sections\LIVE__10-K__0001628280-25-057711__HEADER.txt
LIVE,Item_1,39948,data\03_sections\LIVE__10-K__0001628280-25-057711__Item_1.txt
LIVE,Item_1A,64105,data\03_sections\LIVE__10-K__0001628280-25-057711__Item_1A.txt
LIVE,Item_1B,41,data\03_sections\LIVE__10-K__0001628280-25-057711__Item_1B.txt
LIVE,Item_1C,2939,data\03_sections\LIVE__10-K__0001628280-25-057711__Item_1C.txt
LIVE,Item_2,1862,data\03_sections\LIVE__10-K__0001628280-25-057711__Item_2.txt
LIVE,Item_3,292,data\03_sections\LIVE__10-K__0001628280-25-057711__Item_3.txt
LIVE,Item_5,1948,data\03_sections\LIVE__10-K__0001628280-25-057711__Item_5.txt
LIVE,Item_6,40,data\03_sections\LIVE__10-K__0001628280-25-057711__Item_6.txt
LIVE,Item_7,27507,data\03_sections\LIVE__10-K__0001628280-25-057711__Item_7.txt
LIVE,Item_7A,415,data\03_sections\LIVE__10-K__0001628280-25-057711__Item_7A.txt
LIVE,Item_8,108900,data\03_sections\LIVE__10-K__0001628280-25-057711__Item_8.txt
LIVE,Item_9,100,data\03_sections\LIVE__10-K__0001628280-25-057711__Item_9.txt
LIVE,Item_9A,5533,data\03_sections\LIVE__10-K__0001628280-25-057711__Item_9A.txt
LIVE,Item_9B,33,data\03_sections\LIVE__10-K__0001628280-25-057711__Item_9B.txt
LIVE,Item_9C,113,data\03_sections\LIVE__10-K__0001628280-25-057711__Item_9C.txt
LIVE,Item_10,25909,data\03_sections\LIVE__10-K__0001628280-25-057711__Item_10.txt
LIVE,Item_11,13535,data\03_sections\LIVE__10-K__0001628280-25-057711__Item_11.txt
LIVE,Item_12,3505,data\03_sections\LIVE__10-K__0001628280-25-057711__Item_12.txt
LIVE,Item_13,18060,data\03_sections\LIVE__10-K__0001628280-25-057711__Item_13.txt
LIVE,Item_14,1927,data\03_sections\LIVE__10-K__0001628280-25-057711__Item_14.txt
LIVE,Item_16,54,data\03_sections\LIVE__10-K__0001628280-25-057711__Item_16.txt
LIVE,Signatures,442,data\03_sections\LIVE__10-K__0001628280-25-057711__Signatures.txt
LOVE,HEADER,18522,data\03_sections\LOVE__10-K__0001628280-24-015804__HEADER.txt
LOVE,Item_1,27735,data\03_sections\LOVE__10-K__0001628280-24-015804__Item_1.txt
LOVE,Item_1A,120038,data\03_sections\LOVE__10-K__0001628280-24-015804__Item_1A.txt
LOVE,Item_1B,43,data\03_sections\LOVE__10-K__0001628280-24-015804__Item_1B.txt
LOVE,Item_1C,3877,data\03_sections\LOVE__10-K__0001628280-24-015804__Item_1C.txt
LOVE,Item_2,884,data\03_sections\LOVE__10-K__0001628280-24-015804__Item_2.txt
LOVE,Item_3,209,data\03_sections\LOVE__10-K__0001628280-24-015804__Item_3.txt
LOVE,Item_4,79,data\03_sections\LOVE__10-K__0001628280-24-015804__Item_4.txt
LOVE,Item_5,1680,data\03_sections\LOVE__10-K__0001628280-24-015804__Item_5.txt
LOVE,Item_6,35,data\03_sections\LOVE__10-K__0001628280-24-015804__Item_6.txt
LOVE,Item_7,2293,data\03_sections\LOVE__10-K__0001628280-24-015804__Item_7.txt
LOVE,Item_7A,1688,data\03_sections\LOVE__10-K__0001628280-24-015804__Item_7A.txt
LOVE,Item_8,365,data\03_sections\LOVE__10-K__0001628280-24-015804__Item_8.txt
LOVE,Item_9,100,data\03_sections\LOVE__10-K__0001628280-24-015804__Item_9.txt
LOVE,Item_9A,10901,data\03_sections\LOVE__10-K__0001628280-24-015804__Item_9A.txt
LOVE,Item_9B,408,data\03_sections\LOVE__10-K__0001628280-24-015804__Item_9B.txt
LOVE,Item_9C,125,data\03_sections\LOVE__10-K__0001628280-24-015804__Item_9C.txt
LOVE,Item_10,1008,data\03_sections\LOVE__10-K__0001628280-24-015804__Item_10.txt
LOVE,Item_11,152,data\03_sections\LOVE__10-K__0001628280-24-015804__Item_11.txt
LOVE,Item_12,1998,data\03_sections\LOVE__10-K__0001628280-24-015804__Item_12.txt
LOVE,Item_13,203,data\03_sections\LOVE__10-K__0001628280-24-015804__Item_13.txt
LOVE,Item_14,198,data\03_sections\LOVE__10-K__0001628280-24-015804__Item_14.txt
LOVE,Item_15,150,data\03_sections\LOVE__10-K__0001628280-24-015804__Item_15.txt
LOVE,Item_16,842,data\03_sections\LOVE__10-K__0001628280-24-015804__Item_16.txt
LOVE,Signatures,65093,data\03_sections\LOVE__10-K__0001628280-24-015804__Signatures.txt
LOVE,HEADER,20430,data\03_sections\LOVE__10-K__0001628280-25-017241__HEADER.txt
LOVE,Item_1,27039,data\03_sections\LOVE__10-K__0001628280-25-017241__Item_1.txt
LOVE,Item_1A,124116,data\03_sections\LOVE__10-K__0001628280-25-017241__Item_1A.txt
LOVE,Item_1B,43,data\03_sections\LOVE__10-K__0001628280-25-017241__Item_1B.txt
LOVE,Item_1C,3957,data\03_sections\LOVE__10-K__0001628280-25-017241__Item_1C.txt
LOVE,Item_2,915,data\03_sections\LOVE__10-K__0001628280-25-017241__Item_2.txt
LOVE,Item_3,252,data\03_sections\LOVE__10-K__0001628280-25-017241__Item_3.txt
LOVE,Item_4,79,data\03_sections\LOVE__10-K__0001628280-25-017241__Item_4.txt
LOVE,Item_5,2259,data\03_sections\LOVE__10-K__0001628280-25-017241__Item_5.txt
LOVE,Item_6,35,data\03_sections\LOVE__10-K__0001628280-25-017241__Item_6.txt
LOVE,Item_7,2450,data\03_sections\LOVE__10-K__0001628280-25-017241__Item_7.txt
LOVE,Item_7A,1588,data\03_sections\LOVE__10-K__0001628280-25-017241__Item_7A.txt
LOVE,Item_8,365,data\03_sections\LOVE__10-K__0001628280-25-017241__Item_8.txt
LOVE,Item_9,121,data\03_sections\LOVE__10-K__0001628280-25-017241__Item_9.txt
LOVE,Item_9A,8067,data\03_sections\LOVE__10-K__0001628280-25-017241__Item_9A.txt
LOVE,Item_9B,892,data\03_sections\LOVE__10-K__0001628280-25-017241__Item_9B.txt
LOVE,Item_9C,125,data\03_sections\LOVE__10-K__0001628280-25-017241__Item_9C.txt
LOVE,Item_10,1008,data\03_sections\LOVE__10-K__0001628280-25-017241__Item_10.txt
LOVE,Item_11,152,data\03_sections\LOVE__10-K__0001628280-25-017241__Item_11.txt
LOVE,Item_12,224,data\03_sections\LOVE__10-K__0001628280-25-017241__Item_12.txt
LOVE,Item_13,203,data\03_sections\LOVE__10-K__0001628280-25-017241__Item_13.txt
LOVE,Item_14,198,data\03_sections\LOVE__10-K__0001628280-25-017241__Item_14.txt
LOVE,Item_15,150,data\03_sections\LOVE__10-K__0001628280-25-017241__Item_15.txt
LOVE,Item_16,842,data\03_sections\LOVE__10-K__0001628280-25-017241__Item_16.txt
LOVE,Signatures,67967,data\03_sections\LOVE__10-K__0001628280-25-017241__Signatures.txt
LOVE,HEADER,21312,data\03_sections\LOVE__10-K__0001628280-26-022929__HEADER.txt
LOVE,Item_1,28855,data\03_sections\LOVE__10-K__0001628280-26-022929__Item_1.txt
LOVE,Item_1A,128937,data\03_sections\LOVE__10-K__0001628280-26-022929__Item_1A.txt
LOVE,Item_1B,64,data\03_sections\LOVE__10-K__0001628280-26-022929__Item_1B.txt
LOVE,Item_1C,4045,data\03_sections\LOVE__10-K__0001628280-26-022929__Item_1C.txt
LOVE,Item_2,950,data\03_sections\LOVE__10-K__0001628280-26-022929__Item_2.txt
LOVE,Item_3,252,data\03_sections\LOVE__10-K__0001628280-26-022929__Item_3.txt
LOVE,Item_4,79,data\03_sections\LOVE__10-K__0001628280-26-022929__Item_4.txt
LOVE,Item_5,2391,data\03_sections\LOVE__10-K__0001628280-26-022929__Item_5.txt
LOVE,Item_6,35,data\03_sections\LOVE__10-K__0001628280-26-022929__Item_6.txt
LOVE,Item_7,2425,data\03_sections\LOVE__10-K__0001628280-26-022929__Item_7.txt
LOVE,Item_7A,1609,data\03_sections\LOVE__10-K__0001628280-26-022929__Item_7A.txt
LOVE,Item_8,365,data\03_sections\LOVE__10-K__0001628280-26-022929__Item_8.txt
LOVE,Item_9,100,data\03_sections\LOVE__10-K__0001628280-26-022929__Item_9.txt
LOVE,Item_9A,8086,data\03_sections\LOVE__10-K__0001628280-26-022929__Item_9A.txt
LOVE,Item_9B,384,data\03_sections\LOVE__10-K__0001628280-26-022929__Item_9B.txt
LOVE,Item_9C,125,data\03_sections\LOVE__10-K__0001628280-26-022929__Item_9C.txt
LOVE,Item_10,1007,data\03_sections\LOVE__10-K__0001628280-26-022929__Item_10.txt
LOVE,Item_11,187,data\03_sections\LOVE__10-K__0001628280-26-022929__Item_11.txt
LOVE,Item_12,285,data\03_sections\LOVE__10-K__0001628280-26-022929__Item_12.txt
LOVE,Item_13,274,data\03_sections\LOVE__10-K__0001628280-26-022929__Item_13.txt
LOVE,Item_14,293,data\03_sections\LOVE__10-K__0001628280-26-022929__Item_14.txt
LOVE,Item_15,150,data\03_sections\LOVE__10-K__0001628280-26-022929__Item_15.txt
LOVE,Item_16,823,data\03_sections\LOVE__10-K__0001628280-26-022929__Item_16.txt
LOVE,Signatures,71233,data\03_sections\LOVE__10-K__0001628280-26-022929__Signatures.txt
LOW,HEADER,30338,data\03_sections\LOW__10-K__0000060667-24-000033__HEADER.txt
LOW,Item_1,32929,data\03_sections\LOW__10-K__0000060667-24-000033__Item_1.txt
LOW,Item_1A,50865,data\03_sections\LOW__10-K__0000060667-24-000033__Item_1A.txt
LOW,Item_1B,41,data\03_sections\LOW__10-K__0000060667-24-000033__Item_1B.txt
LOW,Item_1C,7245,data\03_sections\LOW__10-K__0000060667-24-000033__Item_1C.txt
LOW,Item_2,616,data\03_sections\LOW__10-K__0000060667-24-000033__Item_2.txt
LOW,Item_3,1846,data\03_sections\LOW__10-K__0000060667-24-000033__Item_3.txt
LOW,Item_4,2712,data\03_sections\LOW__10-K__0000060667-24-000033__Item_4.txt
LOW,Item_6,71,data\03_sections\LOW__10-K__0000060667-24-000033__Item_6.txt
LOW,Item_7,36436,data\03_sections\LOW__10-K__0000060667-24-000033__Item_7.txt
LOW,Item_7A,1330,data\03_sections\LOW__10-K__0000060667-24-000033__Item_7A.txt
LOW,Item_8,86586,data\03_sections\LOW__10-K__0000060667-24-000033__Item_8.txt
LOW,Item_9,99,data\03_sections\LOW__10-K__0000060667-24-000033__Item_9.txt
LOW,Item_9A,2075,data\03_sections\LOW__10-K__0000060667-24-000033__Item_9A.txt
LOW,Item_9B,427,data\03_sections\LOW__10-K__0000060667-24-000033__Item_9B.txt
LOW,Item_9C,141,data\03_sections\LOW__10-K__0000060667-24-000033__Item_9C.txt
LOW,Item_10,2394,data\03_sections\LOW__10-K__0000060667-24-000033__Item_10.txt
LOW,Item_11,472,data\03_sections\LOW__10-K__0000060667-24-000033__Item_11.txt
LOW,Item_12,355,data\03_sections\LOW__10-K__0000060667-24-000033__Item_12.txt
LOW,Item_13,388,data\03_sections\LOW__10-K__0000060667-24-000033__Item_13.txt
LOW,Item_14,318,data\03_sections\LOW__10-K__0000060667-24-000033__Item_14.txt
LOW,Item_15,950,data\03_sections\LOW__10-K__0000060667-24-000033__Item_15.txt
LOW,Item_16,72,data\03_sections\LOW__10-K__0000060667-24-000033__Item_16.txt
LOW,Signatures,1211,data\03_sections\LOW__10-K__0000060667-24-000033__Signatures.txt
LOW,HEADER,26042,data\03_sections\LOW__10-K__0000060667-25-000049__HEADER.txt
LOW,Item_1,34433,data\03_sections\LOW__10-K__0000060667-25-000049__Item_1.txt
LOW,Item_1A,53849,data\03_sections\LOW__10-K__0000060667-25-000049__Item_1A.txt
LOW,Item_1B,78,data\03_sections\LOW__10-K__0000060667-25-000049__Item_1B.txt
LOW,Item_1C,7782,data\03_sections\LOW__10-K__0000060667-25-000049__Item_1C.txt
LOW,Item_2,618,data\03_sections\LOW__10-K__0000060667-25-000049__Item_2.txt
LOW,Item_3,1874,data\03_sections\LOW__10-K__0000060667-25-000049__Item_3.txt
LOW,Item_4,3491,data\03_sections\LOW__10-K__0000060667-25-000049__Item_4.txt
LOW,Item_6,70,data\03_sections\LOW__10-K__0000060667-25-000049__Item_6.txt
LOW,Item_7,27797,data\03_sections\LOW__10-K__0000060667-25-000049__Item_7.txt
LOW,Item_7A,1291,data\03_sections\LOW__10-K__0000060667-25-000049__Item_7A.txt
LOW,Item_8,82291,data\03_sections\LOW__10-K__0000060667-25-000049__Item_8.txt
LOW,Item_9,99,data\03_sections\LOW__10-K__0000060667-25-000049__Item_9.txt
LOW,Item_9A,3039,data\03_sections\LOW__10-K__0000060667-25-000049__Item_9A.txt
LOW,Item_9C,140,data\03_sections\LOW__10-K__0000060667-25-000049__Item_9C.txt
LOW,Item_10,2496,data\03_sections\LOW__10-K__0000060667-25-000049__Item_10.txt
LOW,Item_11,472,data\03_sections\LOW__10-K__0000060667-25-000049__Item_11.txt
LOW,Item_12,355,data\03_sections\LOW__10-K__0000060667-25-000049__Item_12.txt
LOW,Item_13,388,data\03_sections\LOW__10-K__0000060667-25-000049__Item_13.txt
LOW,Item_14,317,data\03_sections\LOW__10-K__0000060667-25-000049__Item_14.txt
LOW,Item_15,941,data\03_sections\LOW__10-K__0000060667-25-000049__Item_15.txt
LOW,Item_16,71,data\03_sections\LOW__10-K__0000060667-25-000049__Item_16.txt
LOW,Signatures,1210,data\03_sections\LOW__10-K__0000060667-25-000049__Signatures.txt
LOW,HEADER,27082,data\03_sections\LOW__10-K__0000060667-26-000029__HEADER.txt
LOW,Item_1,32405,data\03_sections\LOW__10-K__0000060667-26-000029__Item_1.txt
LOW,Item_1A,55230,data\03_sections\LOW__10-K__0000060667-26-000029__Item_1A.txt
LOW,Item_1B,41,data\03_sections\LOW__10-K__0000060667-26-000029__Item_1B.txt
LOW,Item_1C,7968,data\03_sections\LOW__10-K__0000060667-26-000029__Item_1C.txt
LOW,Item_2,656,data\03_sections\LOW__10-K__0000060667-26-000029__Item_2.txt
LOW,Item_3,2059,data\03_sections\LOW__10-K__0000060667-26-000029__Item_3.txt
LOW,Item_4,2701,data\03_sections\LOW__10-K__0000060667-26-000029__Item_4.txt
LOW,Item_6,70,data\03_sections\LOW__10-K__0000060667-26-000029__Item_6.txt
LOW,Item_7,29035,data\03_sections\LOW__10-K__0000060667-26-000029__Item_7.txt
LOW,Item_7A,1261,data\03_sections\LOW__10-K__0000060667-26-000029__Item_7A.txt
LOW,Item_8,91405,data\03_sections\LOW__10-K__0000060667-26-000029__Item_8.txt
LOW,Item_9,99,data\03_sections\LOW__10-K__0000060667-26-000029__Item_9.txt
LOW,Item_9A,2870,data\03_sections\LOW__10-K__0000060667-26-000029__Item_9A.txt
LOW,Item_9B,423,data\03_sections\LOW__10-K__0000060667-26-000029__Item_9B.txt
LOW,Item_9C,140,data\03_sections\LOW__10-K__0000060667-26-000029__Item_9C.txt
LOW,Item_10,2496,data\03_sections\LOW__10-K__0000060667-26-000029__Item_10.txt
LOW,Item_11,472,data\03_sections\LOW__10-K__0000060667-26-000029__Item_11.txt
LOW,Item_12,355,data\03_sections\LOW__10-K__0000060667-26-000029__Item_12.txt
LOW,Item_13,308,data\03_sections\LOW__10-K__0000060667-26-000029__Item_13.txt
LOW,Item_14,317,data\03_sections\LOW__10-K__0000060667-26-000029__Item_14.txt
LOW,Item_15,993,data\03_sections\LOW__10-K__0000060667-26-000029__Item_15.txt
LOW,Item_16,71,data\03_sections\LOW__10-K__0000060667-26-000029__Item_16.txt
LOW,Signatures,1210,data\03_sections\LOW__10-K__0000060667-26-000029__Signatures.txt
LZB,HEADER,41906,data\03_sections\LZB__10-K__0000057131-24-000028__HEADER.txt
LZB,Item_1,34204,data\03_sections\LZB__10-K__0000057131-24-000028__Item_1.txt
LZB,Item_1A,35637,data\03_sections\LZB__10-K__0000057131-24-000028__Item_1A.txt
LZB,Item_1B,42,data\03_sections\LZB__10-K__0000057131-24-000028__Item_1B.txt
LZB,Item_1C,5199,data\03_sections\LZB__10-K__0000057131-24-000028__Item_1C.txt
LZB,Item_2,894,data\03_sections\LZB__10-K__0000057131-24-000028__Item_2.txt
LZB,Item_3,472,data\03_sections\LZB__10-K__0000057131-24-000028__Item_3.txt
LZB,Item_4,2690,data\03_sections\LZB__10-K__0000057131-24-000028__Item_4.txt
LZB,Item_5,2877,data\03_sections\LZB__10-K__0000057131-24-000028__Item_5.txt
LZB,Item_6,17,data\03_sections\LZB__10-K__0000057131-24-000028__Item_6.txt
LZB,Item_7,36853,data\03_sections\LZB__10-K__0000057131-24-000028__Item_7.txt
LZB,Item_7A,3200,data\03_sections\LZB__10-K__0000057131-24-000028__Item_7A.txt
LZB,Item_8,99807,data\03_sections\LZB__10-K__0000057131-24-000028__Item_8.txt
LZB,Item_9,100,data\03_sections\LZB__10-K__0000057131-24-000028__Item_9.txt
LZB,Item_9A,1821,data\03_sections\LZB__10-K__0000057131-24-000028__Item_9A.txt
LZB,Item_9B,843,data\03_sections\LZB__10-K__0000057131-24-000028__Item_9B.txt
LZB,Item_9C,124,data\03_sections\LZB__10-K__0000057131-24-000028__Item_9C.txt
LZB,Item_10,1176,data\03_sections\LZB__10-K__0000057131-24-000028__Item_10.txt
LZB,Item_11,872,data\03_sections\LZB__10-K__0000057131-24-000028__Item_11.txt
LZB,Item_12,364,data\03_sections\LZB__10-K__0000057131-24-000028__Item_12.txt
LZB,Item_13,430,data\03_sections\LZB__10-K__0000057131-24-000028__Item_13.txt
LZB,Item_14,334,data\03_sections\LZB__10-K__0000057131-24-000028__Item_14.txt
LZB,Item_15,492,data\03_sections\LZB__10-K__0000057131-24-000028__Item_15.txt
LZB,Item_16,495,data\03_sections\LZB__10-K__0000057131-24-000028__Item_16.txt
LZB,Signatures,471,data\03_sections\LZB__10-K__0000057131-24-000028__Signatures.txt
LZB,HEADER,43464,data\03_sections\LZB__10-K__0000057131-25-000029__HEADER.txt
LZB,Item_1,34532,data\03_sections\LZB__10-K__0000057131-25-000029__Item_1.txt
LZB,Item_1A,35762,data\03_sections\LZB__10-K__0000057131-25-000029__Item_1A.txt
LZB,Item_1B,63,data\03_sections\LZB__10-K__0000057131-25-000029__Item_1B.txt
LZB,Item_1C,5330,data\03_sections\LZB__10-K__0000057131-25-000029__Item_1C.txt
LZB,Item_2,822,data\03_sections\LZB__10-K__0000057131-25-000029__Item_2.txt
LZB,Item_3,472,data\03_sections\LZB__10-K__0000057131-25-000029__Item_3.txt
LZB,Item_4,2854,data\03_sections\LZB__10-K__0000057131-25-000029__Item_4.txt
LZB,Item_5,3076,data\03_sections\LZB__10-K__0000057131-25-000029__Item_5.txt
LZB,Item_6,17,data\03_sections\LZB__10-K__0000057131-25-000029__Item_6.txt
LZB,Item_7,37275,data\03_sections\LZB__10-K__0000057131-25-000029__Item_7.txt
LZB,Item_7A,3221,data\03_sections\LZB__10-K__0000057131-25-000029__Item_7A.txt
LZB,Item_8,97579,data\03_sections\LZB__10-K__0000057131-25-000029__Item_8.txt
LZB,Item_9,100,data\03_sections\LZB__10-K__0000057131-25-000029__Item_9.txt
LZB,Item_9A,1821,data\03_sections\LZB__10-K__0000057131-25-000029__Item_9A.txt
LZB,Item_9B,855,data\03_sections\LZB__10-K__0000057131-25-000029__Item_9B.txt
LZB,Item_9C,103,data\03_sections\LZB__10-K__0000057131-25-000029__Item_9C.txt
LZB,Item_10,1353,data\03_sections\LZB__10-K__0000057131-25-000029__Item_10.txt
LZB,Item_11,872,data\03_sections\LZB__10-K__0000057131-25-000029__Item_11.txt
LZB,Item_12,2249,data\03_sections\LZB__10-K__0000057131-25-000029__Item_12.txt
LZB,Item_13,451,data\03_sections\LZB__10-K__0000057131-25-000029__Item_13.txt
LZB,Item_14,313,data\03_sections\LZB__10-K__0000057131-25-000029__Item_14.txt
LZB,Item_15,532,data\03_sections\LZB__10-K__0000057131-25-000029__Item_15.txt
LZB,Item_16,474,data\03_sections\LZB__10-K__0000057131-25-000029__Item_16.txt
LZB,Signatures,471,data\03_sections\LZB__10-K__0000057131-25-000029__Signatures.txt
LZB,HEADER,42257,data\03_sections\LZB__10-K__0000057131-26-000019__HEADER.txt
LZB,Item_1,37291,data\03_sections\LZB__10-K__0000057131-26-000019__Item_1.txt
LZB,Item_1A,33256,data\03_sections\LZB__10-K__0000057131-26-000019__Item_1A.txt
LZB,Item_1B,42,data\03_sections\LZB__10-K__0000057131-26-000019__Item_1B.txt
LZB,Item_1C,5972,data\03_sections\LZB__10-K__0000057131-26-000019__Item_1C.txt
LZB,Item_2,779,data\03_sections\LZB__10-K__0000057131-26-000019__Item_2.txt
LZB,Item_3,472,data\03_sections\LZB__10-K__0000057131-26-000019__Item_3.txt
LZB,Item_4,2766,data\03_sections\LZB__10-K__0000057131-26-000019__Item_4.txt
LZB,Item_5,3637,data\03_sections\LZB__10-K__0000057131-26-000019__Item_5.txt
LZB,Item_6,17,data\03_sections\LZB__10-K__0000057131-26-000019__Item_6.txt
LZB,Item_7,39602,data\03_sections\LZB__10-K__0000057131-26-000019__Item_7.txt
LZB,Item_7A,3383,data\03_sections\LZB__10-K__0000057131-26-000019__Item_7A.txt
LZB,Item_8,96186,data\03_sections\LZB__10-K__0000057131-26-000019__Item_8.txt
LZB,Item_9,100,data\03_sections\LZB__10-K__0000057131-26-000019__Item_9.txt
LZB,Item_9A,1821,data\03_sections\LZB__10-K__0000057131-26-000019__Item_9A.txt
LZB,Item_9B,1949,data\03_sections\LZB__10-K__0000057131-26-000019__Item_9B.txt
LZB,Item_9C,124,data\03_sections\LZB__10-K__0000057131-26-000019__Item_9C.txt
LZB,Item_10,1332,data\03_sections\LZB__10-K__0000057131-26-000019__Item_10.txt
LZB,Item_11,893,data\03_sections\LZB__10-K__0000057131-26-000019__Item_11.txt
LZB,Item_12,2250,data\03_sections\LZB__10-K__0000057131-26-000019__Item_12.txt
LZB,Item_13,430,data\03_sections\LZB__10-K__0000057131-26-000019__Item_13.txt
LZB,Item_14,334,data\03_sections\LZB__10-K__0000057131-26-000019__Item_14.txt
LZB,Item_15,532,data\03_sections\LZB__10-K__0000057131-26-000019__Item_15.txt
LZB,Item_16,474,data\03_sections\LZB__10-K__0000057131-26-000019__Item_16.txt
LZB,Signatures,471,data\03_sections\LZB__10-K__0000057131-26-000019__Signatures.txt
MGRX,HEADER,19025,data\03_sections\MGRX__10-K__0001493152-24-012508__HEADER.txt
MGRX,Item_1A,219423,data\03_sections\MGRX__10-K__0001493152-24-012508__Item_1A.txt
MGRX,Item_8,451,data\03_sections\MGRX__10-K__0001493152-24-012508__Item_8.txt
MGRX,Item_11,23195,data\03_sections\MGRX__10-K__0001493152-24-012508__Item_11.txt
MGRX,Signatures,1096,data\03_sections\MGRX__10-K__0001493152-24-012508__Signatures.txt
MGRX,HEADER,47735,data\03_sections\MGRX__10-K__0001493152-26-014478__HEADER.txt
MGRX,Item_1A,307650,data\03_sections\MGRX__10-K__0001493152-26-014478__Item_1A.txt
MGRX,Item_8,451,data\03_sections\MGRX__10-K__0001493152-26-014478__Item_8.txt
MGRX,Item_11,19192,data\03_sections\MGRX__10-K__0001493152-26-014478__Item_11.txt
MGRX,Item_1,18732,data\03_sections\MGRX__10-K__0001493152-26-014478__Item_1.txt
MGRX,Item_7,35622,data\03_sections\MGRX__10-K__0001493152-26-014478__Item_7.txt
MGRX,Item_13,4275,data\03_sections\MGRX__10-K__0001493152-26-014478__Item_13.txt
MGRX,Signatures,1077,data\03_sections\MGRX__10-K__0001493152-26-014478__Signatures.txt
MGRX,HEADER,39190,data\03_sections\MGRX__10-K__0001641172-25-000085__HEADER.txt
MGRX,Item_1A,63867,data\03_sections\MGRX__10-K__0001641172-25-000085__Item_1A.txt
MGRX,Item_8,261909,data\03_sections\MGRX__10-K__0001641172-25-000085__Item_8.txt
MGRX,Item_11,13356,data\03_sections\MGRX__10-K__0001641172-25-000085__Item_11.txt
MGRX,Item_1,367,data\03_sections\MGRX__10-K__0001641172-25-000085__Item_1.txt
MGRX,Item_7,40406,data\03_sections\MGRX__10-K__0001641172-25-000085__Item_7.txt
MGRX,Item_13,738,data\03_sections\MGRX__10-K__0001641172-25-000085__Item_13.txt
MGRX,Signatures,1077,data\03_sections\MGRX__10-K__0001641172-25-000085__Signatures.txt
MHK,HEADER,277266,data\03_sections\MHK__10-K__0000851968-24-000027__HEADER.txt
MHK,Item_9,8725,data\03_sections\MHK__10-K__0000851968-24-000027__Item_9.txt
MHK,Signatures,646,data\03_sections\MHK__10-K__0000851968-24-000027__Signatures.txt
MHK,HEADER,287071,data\03_sections\MHK__10-K__0000851968-25-000023__HEADER.txt
MHK,Item_9,9596,data\03_sections\MHK__10-K__0000851968-25-000023__Item_9.txt
MHK,Signatures,646,data\03_sections\MHK__10-K__0000851968-25-000023__Signatures.txt
MHK,HEADER,304053,data\03_sections\MHK__10-K__0000851968-26-000011__HEADER.txt
MHK,Item_9,6481,data\03_sections\MHK__10-K__0000851968-26-000011__Item_9.txt
MHK,Item_5,3286,data\03_sections\MHK__10-K__0000851968-26-000011__Item_5.txt
MHK,Signatures,646,data\03_sections\MHK__10-K__0000851968-26-000011__Signatures.txt
MNRO,HEADER,259902,data\03_sections\MNRO__10-K__0000876427-26-000007__HEADER.txt
MNRO,Signatures,502,data\03_sections\MNRO__10-K__0000876427-26-000007__Signatures.txt
MNRO,FULL_DOCUMENT_FALLBACK,260406,data\03_sections\MNRO__10-K__0000876427-26-000007__FULL_DOCUMENT_FALLBACK.txt
MNRO,HEADER,227134,data\03_sections\MNRO__10-K__0001562762-24-000155__HEADER.txt
MNRO,Signatures,502,data\03_sections\MNRO__10-K__0001562762-24-000155__Signatures.txt
MNRO,FULL_DOCUMENT_FALLBACK,227638,data\03_sections\MNRO__10-K__0001562762-24-000155__FULL_DOCUMENT_FALLBACK.txt
MNRO,HEADER,246493,data\03_sections\MNRO__10-K__0001562762-25-000146__HEADER.txt
MNRO,Signatures,502,data\03_sections\MNRO__10-K__0001562762-25-000146__Signatures.txt
MNRO,FULL_DOCUMENT_FALLBACK,246997,data\03_sections\MNRO__10-K__0001562762-25-000146__FULL_DOCUMENT_FALLBACK.txt
MSS,HEADER,8208,data\03_sections\MSS__10-K__0001213900-23-061379__HEADER.txt
MSS,Item_1,49999,data\03_sections\MSS__10-K__0001213900-23-061379__Item_1.txt
MSS,Item_1A,253381,data\03_sections\MSS__10-K__0001213900-23-061379__Item_1A.txt
MSS,Signatures,18118,data\03_sections\MSS__10-K__0001213900-23-061379__Signatures.txt
MSS,HEADER,59634,data\03_sections\MSS__10-K__0001213900-24-068336__HEADER.txt
MSS,Item_1A,102321,data\03_sections\MSS__10-K__0001213900-24-068336__Item_1A.txt
MSS,Item_1B,52,data\03_sections\MSS__10-K__0001213900-24-068336__Item_1B.txt
MSS,Item_1C,1466,data\03_sections\MSS__10-K__0001213900-24-068336__Item_1C.txt
MSS,Item_2,686,data\03_sections\MSS__10-K__0001213900-24-068336__Item_2.txt
MSS,Item_3,257,data\03_sections\MSS__10-K__0001213900-24-068336__Item_3.txt
MSS,Item_4,62,data\03_sections\MSS__10-K__0001213900-24-068336__Item_4.txt
MSS,Item_5,1401,data\03_sections\MSS__10-K__0001213900-24-068336__Item_5.txt
MSS,Item_6,23,data\03_sections\MSS__10-K__0001213900-24-068336__Item_6.txt
MSS,Item_7,50116,data\03_sections\MSS__10-K__0001213900-24-068336__Item_7.txt
MSS,Item_7A,224,data\03_sections\MSS__10-K__0001213900-24-068336__Item_7A.txt
MSS,Item_8,78299,data\03_sections\MSS__10-K__0001213900-24-068336__Item_8.txt
MSS,Item_9,3637,data\03_sections\MSS__10-K__0001213900-24-068336__Item_9.txt
MSS,Item_9A,7824,data\03_sections\MSS__10-K__0001213900-24-068336__Item_9A.txt
MSS,Item_9B,35,data\03_sections\MSS__10-K__0001213900-24-068336__Item_9B.txt
MSS,Item_9C,108,data\03_sections\MSS__10-K__0001213900-24-068336__Item_9C.txt
MSS,Item_10,22368,data\03_sections\MSS__10-K__0001213900-24-068336__Item_10.txt
MSS,Item_13,1516,data\03_sections\MSS__10-K__0001213900-24-068336__Item_13.txt
MSS,Item_14,3941,data\03_sections\MSS__10-K__0001213900-24-068336__Item_14.txt
MSS,Item_15,246,data\03_sections\MSS__10-K__0001213900-24-068336__Item_15.txt
MSS,Item_16,38,data\03_sections\MSS__10-K__0001213900-24-068336__Item_16.txt
MSS,Signatures,22179,data\03_sections\MSS__10-K__0001213900-24-068336__Signatures.txt
MSS,HEADER,8412,data\03_sections\MSS__10-K__0001213900-25-075991__HEADER.txt
MSS,Item_1,56349,data\03_sections\MSS__10-K__0001213900-25-075991__Item_1.txt
MSS,Item_1A,102290,data\03_sections\MSS__10-K__0001213900-25-075991__Item_1A.txt
MSS,Item_1B,52,data\03_sections\MSS__10-K__0001213900-25-075991__Item_1B.txt
MSS,Item_1C,1469,data\03_sections\MSS__10-K__0001213900-25-075991__Item_1C.txt
MSS,Item_2,688,data\03_sections\MSS__10-K__0001213900-25-075991__Item_2.txt
MSS,Item_3,257,data\03_sections\MSS__10-K__0001213900-25-075991__Item_3.txt
MSS,Item_4,62,data\03_sections\MSS__10-K__0001213900-25-075991__Item_4.txt
MSS,Item_5,1422,data\03_sections\MSS__10-K__0001213900-25-075991__Item_5.txt
MSS,Item_6,23,data\03_sections\MSS__10-K__0001213900-25-075991__Item_6.txt
MSS,Item_7,61567,data\03_sections\MSS__10-K__0001213900-25-075991__Item_7.txt
MSS,Item_7A,224,data\03_sections\MSS__10-K__0001213900-25-075991__Item_7A.txt
MSS,Item_8,101022,data\03_sections\MSS__10-K__0001213900-25-075991__Item_8.txt
MSS,Item_9,100,data\03_sections\MSS__10-K__0001213900-25-075991__Item_9.txt
MSS,Item_9A,7335,data\03_sections\MSS__10-K__0001213900-25-075991__Item_9A.txt
MSS,Item_9B,35,data\03_sections\MSS__10-K__0001213900-25-075991__Item_9B.txt
MSS,Item_9C,108,data\03_sections\MSS__10-K__0001213900-25-075991__Item_9C.txt
MSS,Item_10,487,data\03_sections\MSS__10-K__0001213900-25-075991__Item_10.txt
MSS,Item_11,280,data\03_sections\MSS__10-K__0001213900-25-075991__Item_11.txt
MSS,Item_12,352,data\03_sections\MSS__10-K__0001213900-25-075991__Item_12.txt
MSS,Item_13,331,data\03_sections\MSS__10-K__0001213900-25-075991__Item_13.txt
MSS,Item_14,309,data\03_sections\MSS__10-K__0001213900-25-075991__Item_14.txt
MSS,Item_15,265,data\03_sections\MSS__10-K__0001213900-25-075991__Item_15.txt
MSS,Item_16,38,data\03_sections\MSS__10-K__0001213900-25-075991__Item_16.txt
MSS,Signatures,25896,data\03_sections\MSS__10-K__0001213900-25-075991__Signatures.txt
MUSA,HEADER,33904,data\03_sections\MUSA__10-K__0001573516-24-000007__HEADER.txt
MUSA,Item_1,174921,data\03_sections\MUSA__10-K__0001573516-24-000007__Item_1.txt
MUSA,Signatures,94624,data\03_sections\MUSA__10-K__0001573516-24-000007__Signatures.txt
MUSA,HEADER,30279,data\03_sections\MUSA__10-K__0001573516-25-000010__HEADER.txt
MUSA,Item_1,174548,data\03_sections\MUSA__10-K__0001573516-25-000010__Item_1.txt
MUSA,Signatures,92269,data\03_sections\MUSA__10-K__0001573516-25-000010__Signatures.txt
MUSA,HEADER,24871,data\03_sections\MUSA__10-K__0001573516-26-000090__HEADER.txt
MUSA,Item_1,171322,data\03_sections\MUSA__10-K__0001573516-26-000090__Item_1.txt
MUSA,Signatures,92333,data\03_sections\MUSA__10-K__0001573516-26-000090__Signatures.txt
NGVC,HEADER,20010,data\03_sections\NGVC__10-K__0001437749-23-033880__HEADER.txt
NGVC,Item_1,59153,data\03_sections\NGVC__10-K__0001437749-23-033880__Item_1.txt
NGVC,Item_1A,97557,data\03_sections\NGVC__10-K__0001437749-23-033880__Item_1A.txt
NGVC,Item_1B,66,data\03_sections\NGVC__10-K__0001437749-23-033880__Item_1B.txt
NGVC,Item_2,1238,data\03_sections\NGVC__10-K__0001437749-23-033880__Item_2.txt
NGVC,Item_3,854,data\03_sections\NGVC__10-K__0001437749-23-033880__Item_3.txt
NGVC,Item_4,82,data\03_sections\NGVC__10-K__0001437749-23-033880__Item_4.txt
NGVC,Item_5,1973,data\03_sections\NGVC__10-K__0001437749-23-033880__Item_5.txt
NGVC,Item_6,41,data\03_sections\NGVC__10-K__0001437749-23-033880__Item_6.txt
NGVC,Item_7,40769,data\03_sections\NGVC__10-K__0001437749-23-033880__Item_7.txt
NGVC,Item_7A,914,data\03_sections\NGVC__10-K__0001437749-23-033880__Item_7A.txt
NGVC,Item_8,64900,data\03_sections\NGVC__10-K__0001437749-23-033880__Item_8.txt
NGVC,Item_9,101,data\03_sections\NGVC__10-K__0001437749-23-033880__Item_9.txt
NGVC,Item_9A,3139,data\03_sections\NGVC__10-K__0001437749-23-033880__Item_9A.txt
NGVC,Item_9B,35,data\03_sections\NGVC__10-K__0001437749-23-033880__Item_9B.txt
NGVC,Item_9C,118,data\03_sections\NGVC__10-K__0001437749-23-033880__Item_9C.txt
NGVC,Item_10,978,data\03_sections\NGVC__10-K__0001437749-23-033880__Item_10.txt
NGVC,Item_11,228,data\03_sections\NGVC__10-K__0001437749-23-033880__Item_11.txt
NGVC,Item_12,523,data\03_sections\NGVC__10-K__0001437749-23-033880__Item_12.txt
NGVC,Item_13,372,data\03_sections\NGVC__10-K__0001437749-23-033880__Item_13.txt
NGVC,Item_14,411,data\03_sections\NGVC__10-K__0001437749-23-033880__Item_14.txt
NGVC,Item_15,823,data\03_sections\NGVC__10-K__0001437749-23-033880__Item_15.txt
NGVC,Item_16,67,data\03_sections\NGVC__10-K__0001437749-23-033880__Item_16.txt
NGVC,Signatures,457,data\03_sections\NGVC__10-K__0001437749-23-033880__Signatures.txt
NGVC,HEADER,21560,data\03_sections\NGVC__10-K__0001437749-24-037351__HEADER.txt
NGVC,Item_1,59082,data\03_sections\NGVC__10-K__0001437749-24-037351__Item_1.txt
NGVC,Item_1A,99123,data\03_sections\NGVC__10-K__0001437749-24-037351__Item_1A.txt
NGVC,Item_1B,43,data\03_sections\NGVC__10-K__0001437749-24-037351__Item_1B.txt
NGVC,Item_1C,4123,data\03_sections\NGVC__10-K__0001437749-24-037351__Item_1C.txt
NGVC,Item_2,1260,data\03_sections\NGVC__10-K__0001437749-24-037351__Item_2.txt
NGVC,Item_3,839,data\03_sections\NGVC__10-K__0001437749-24-037351__Item_3.txt
NGVC,Item_4,82,data\03_sections\NGVC__10-K__0001437749-24-037351__Item_4.txt
NGVC,Item_5,1912,data\03_sections\NGVC__10-K__0001437749-24-037351__Item_5.txt
NGVC,Item_6,41,data\03_sections\NGVC__10-K__0001437749-24-037351__Item_6.txt
NGVC,Item_7,41019,data\03_sections\NGVC__10-K__0001437749-24-037351__Item_7.txt
NGVC,Item_7A,848,data\03_sections\NGVC__10-K__0001437749-24-037351__Item_7A.txt
NGVC,Item_8,68168,data\03_sections\NGVC__10-K__0001437749-24-037351__Item_8.txt
NGVC,Item_9A,3139,data\03_sections\NGVC__10-K__0001437749-24-037351__Item_9A.txt
NGVC,Item_9B,36,data\03_sections\NGVC__10-K__0001437749-24-037351__Item_9B.txt
NGVC,Item_9C,119,data\03_sections\NGVC__10-K__0001437749-24-037351__Item_9C.txt
NGVC,Item_10,1004,data\03_sections\NGVC__10-K__0001437749-24-037351__Item_10.txt
NGVC,Item_11,228,data\03_sections\NGVC__10-K__0001437749-24-037351__Item_11.txt
NGVC,Item_12,523,data\03_sections\NGVC__10-K__0001437749-24-037351__Item_12.txt
NGVC,Item_13,372,data\03_sections\NGVC__10-K__0001437749-24-037351__Item_13.txt
NGVC,Item_14,411,data\03_sections\NGVC__10-K__0001437749-24-037351__Item_14.txt
NGVC,Item_15,880,data\03_sections\NGVC__10-K__0001437749-24-037351__Item_15.txt
NGVC,Item_16,67,data\03_sections\NGVC__10-K__0001437749-24-037351__Item_16.txt
NGVC,Signatures,458,data\03_sections\NGVC__10-K__0001437749-24-037351__Signatures.txt
NGVC,HEADER,23032,data\03_sections\NGVC__10-K__0001437749-25-037556__HEADER.txt
NGVC,Item_1,59281,data\03_sections\NGVC__10-K__0001437749-25-037556__Item_1.txt
NGVC,Item_1A,104455,data\03_sections\NGVC__10-K__0001437749-25-037556__Item_1A.txt
NGVC,Item_1B,43,data\03_sections\NGVC__10-K__0001437749-25-037556__Item_1B.txt
NGVC,Item_1C,4120,data\03_sections\NGVC__10-K__0001437749-25-037556__Item_1C.txt
NGVC,Item_2,1219,data\03_sections\NGVC__10-K__0001437749-25-037556__Item_2.txt
NGVC,Item_3,839,data\03_sections\NGVC__10-K__0001437749-25-037556__Item_3.txt
NGVC,Item_4,82,data\03_sections\NGVC__10-K__0001437749-25-037556__Item_4.txt
NGVC,Item_5,1936,data\03_sections\NGVC__10-K__0001437749-25-037556__Item_5.txt
NGVC,Item_6,41,data\03_sections\NGVC__10-K__0001437749-25-037556__Item_6.txt
NGVC,Item_7,40465,data\03_sections\NGVC__10-K__0001437749-25-037556__Item_7.txt
NGVC,Item_7A,848,data\03_sections\NGVC__10-K__0001437749-25-037556__Item_7A.txt
NGVC,Item_8,69928,data\03_sections\NGVC__10-K__0001437749-25-037556__Item_8.txt
NGVC,Item_9A,3139,data\03_sections\NGVC__10-K__0001437749-25-037556__Item_9A.txt
NGVC,Item_9B,36,data\03_sections\NGVC__10-K__0001437749-25-037556__Item_9B.txt
NGVC,Item_9C,118,data\03_sections\NGVC__10-K__0001437749-25-037556__Item_9C.txt
NGVC,Item_10,1004,data\03_sections\NGVC__10-K__0001437749-25-037556__Item_10.txt
NGVC,Item_11,228,data\03_sections\NGVC__10-K__0001437749-25-037556__Item_11.txt
NGVC,Item_12,523,data\03_sections\NGVC__10-K__0001437749-25-037556__Item_12.txt
NGVC,Item_13,372,data\03_sections\NGVC__10-K__0001437749-25-037556__Item_13.txt
NGVC,Item_14,411,data\03_sections\NGVC__10-K__0001437749-25-037556__Item_14.txt
NGVC,Item_15,308,data\03_sections\NGVC__10-K__0001437749-25-037556__Item_15.txt
NGVC,Item_16,67,data\03_sections\NGVC__10-K__0001437749-25-037556__Item_16.txt
NGVC,Signatures,458,data\03_sections\NGVC__10-K__0001437749-25-037556__Signatures.txt
NWL,HEADER,55276,data\03_sections\NWL__10-K__0000814453-24-000017__HEADER.txt
NWL,Item_1,9868,data\03_sections\NWL__10-K__0000814453-24-000017__Item_1.txt
NWL,Item_7,89986,data\03_sections\NWL__10-K__0000814453-24-000017__Item_7.txt
NWL,Item_1A,2313,data\03_sections\NWL__10-K__0000814453-24-000017__Item_1A.txt
NWL,Item_1B,54,data\03_sections\NWL__10-K__0000814453-24-000017__Item_1B.txt
NWL,Item_1C,2577,data\03_sections\NWL__10-K__0000814453-24-000017__Item_1C.txt
NWL,Item_2,1097,data\03_sections\NWL__10-K__0000814453-24-000017__Item_2.txt
NWL,Item_3,184,data\03_sections\NWL__10-K__0000814453-24-000017__Item_3.txt
NWL,Item_4,10263,data\03_sections\NWL__10-K__0000814453-24-000017__Item_4.txt
NWL,Item_5,2718,data\03_sections\NWL__10-K__0000814453-24-000017__Item_5.txt
NWL,Item_6,33,data\03_sections\NWL__10-K__0000814453-24-000017__Item_6.txt
NWL,Item_7A,3824,data\03_sections\NWL__10-K__0000814453-24-000017__Item_7A.txt
NWL,Item_8,49944,data\03_sections\NWL__10-K__0000814453-24-000017__Item_8.txt
NWL,Item_9,109,data\03_sections\NWL__10-K__0000814453-24-000017__Item_9.txt
NWL,Item_9A,7226,data\03_sections\NWL__10-K__0000814453-24-000017__Item_9A.txt
NWL,Item_9B,241,data\03_sections\NWL__10-K__0000814453-24-000017__Item_9B.txt
NWL,Item_9C,93,data\03_sections\NWL__10-K__0000814453-24-000017__Item_9C.txt
NWL,Item_10,2818,data\03_sections\NWL__10-K__0000814453-24-000017__Item_10.txt
NWL,Item_11,332,data\03_sections\NWL__10-K__0000814453-24-000017__Item_11.txt
NWL,Item_12,332,data\03_sections\NWL__10-K__0000814453-24-000017__Item_12.txt
NWL,Item_13,652,data\03_sections\NWL__10-K__0000814453-24-000017__Item_13.txt
NWL,Item_14,294,data\03_sections\NWL__10-K__0000814453-24-000017__Item_14.txt
NWL,Item_15,1680,data\03_sections\NWL__10-K__0000814453-24-000017__Item_15.txt
NWL,Item_16,36,data\03_sections\NWL__10-K__0000814453-24-000017__Item_16.txt
NWL,Signatures,596,data\03_sections\NWL__10-K__0000814453-24-000017__Signatures.txt
NWL,HEADER,56170,data\03_sections\NWL__10-K__0000814453-25-000008__HEADER.txt
NWL,Item_1,60464,data\03_sections\NWL__10-K__0000814453-25-000008__Item_1.txt
NWL,Item_7,82005,data\03_sections\NWL__10-K__0000814453-25-000008__Item_7.txt
NWL,Item_1A,2303,data\03_sections\NWL__10-K__0000814453-25-000008__Item_1A.txt
NWL,Item_1B,51,data\03_sections\NWL__10-K__0000814453-25-000008__Item_1B.txt
NWL,Item_1C,2560,data\03_sections\NWL__10-K__0000814453-25-000008__Item_1C.txt
NWL,Item_2,1100,data\03_sections\NWL__10-K__0000814453-25-000008__Item_2.txt
NWL,Item_3,184,data\03_sections\NWL__10-K__0000814453-25-000008__Item_3.txt
NWL,Item_4,6748,data\03_sections\NWL__10-K__0000814453-25-000008__Item_4.txt
NWL,Item_5,2412,data\03_sections\NWL__10-K__0000814453-25-000008__Item_5.txt
NWL,Item_6,33,data\03_sections\NWL__10-K__0000814453-25-000008__Item_6.txt
NWL,Item_7A,3727,data\03_sections\NWL__10-K__0000814453-25-000008__Item_7A.txt
NWL,Item_8,147218,data\03_sections\NWL__10-K__0000814453-25-000008__Item_8.txt
NWL,Item_9,109,data\03_sections\NWL__10-K__0000814453-25-000008__Item_9.txt
NWL,Item_9A,6421,data\03_sections\NWL__10-K__0000814453-25-000008__Item_9A.txt
NWL,Item_9B,241,data\03_sections\NWL__10-K__0000814453-25-000008__Item_9B.txt
NWL,Item_9C,93,data\03_sections\NWL__10-K__0000814453-25-000008__Item_9C.txt
NWL,Item_10,3187,data\03_sections\NWL__10-K__0000814453-25-000008__Item_10.txt
NWL,Item_11,332,data\03_sections\NWL__10-K__0000814453-25-000008__Item_11.txt
NWL,Item_12,332,data\03_sections\NWL__10-K__0000814453-25-000008__Item_12.txt
NWL,Item_13,652,data\03_sections\NWL__10-K__0000814453-25-000008__Item_13.txt
NWL,Item_14,294,data\03_sections\NWL__10-K__0000814453-25-000008__Item_14.txt
NWL,Item_15,1587,data\03_sections\NWL__10-K__0000814453-25-000008__Item_15.txt
NWL,Item_16,36,data\03_sections\NWL__10-K__0000814453-25-000008__Item_16.txt
NWL,Signatures,593,data\03_sections\NWL__10-K__0000814453-25-000008__Signatures.txt
NWL,HEADER,53041,data\03_sections\NWL__10-K__0000814453-26-000008__HEADER.txt
NWL,Item_1,30304,data\03_sections\NWL__10-K__0000814453-26-000008__Item_1.txt
NWL,Item_7,62351,data\03_sections\NWL__10-K__0000814453-26-000008__Item_7.txt
NWL,Item_1A,2330,data\03_sections\NWL__10-K__0000814453-26-000008__Item_1A.txt
NWL,Item_1B,51,data\03_sections\NWL__10-K__0000814453-26-000008__Item_1B.txt
NWL,Item_1C,2558,data\03_sections\NWL__10-K__0000814453-26-000008__Item_1C.txt
NWL,Item_2,1096,data\03_sections\NWL__10-K__0000814453-26-000008__Item_2.txt
NWL,Item_3,184,data\03_sections\NWL__10-K__0000814453-26-000008__Item_3.txt
NWL,Item_4,8115,data\03_sections\NWL__10-K__0000814453-26-000008__Item_4.txt
NWL,Item_5,2236,data\03_sections\NWL__10-K__0000814453-26-000008__Item_5.txt
NWL,Item_6,33,data\03_sections\NWL__10-K__0000814453-26-000008__Item_6.txt
NWL,Item_7A,3730,data\03_sections\NWL__10-K__0000814453-26-000008__Item_7A.txt
NWL,Item_8,137686,data\03_sections\NWL__10-K__0000814453-26-000008__Item_8.txt
NWL,Item_9,109,data\03_sections\NWL__10-K__0000814453-26-000008__Item_9.txt
NWL,Item_9A,4103,data\03_sections\NWL__10-K__0000814453-26-000008__Item_9A.txt
NWL,Item_9B,241,data\03_sections\NWL__10-K__0000814453-26-000008__Item_9B.txt
NWL,Item_9C,93,data\03_sections\NWL__10-K__0000814453-26-000008__Item_9C.txt
NWL,Item_10,2945,data\03_sections\NWL__10-K__0000814453-26-000008__Item_10.txt
NWL,Item_11,332,data\03_sections\NWL__10-K__0000814453-26-000008__Item_11.txt
NWL,Item_12,332,data\03_sections\NWL__10-K__0000814453-26-000008__Item_12.txt
NWL,Item_13,652,data\03_sections\NWL__10-K__0000814453-26-000008__Item_13.txt
NWL,Item_14,287,data\03_sections\NWL__10-K__0000814453-26-000008__Item_14.txt
NWL,Item_15,1663,data\03_sections\NWL__10-K__0000814453-26-000008__Item_15.txt
NWL,Item_16,36,data\03_sections\NWL__10-K__0000814453-26-000008__Item_16.txt
NWL,Signatures,593,data\03_sections\NWL__10-K__0000814453-26-000008__Signatures.txt
ONEW,HEADER,33402,data\03_sections\ONEW__10-K__0001772921-23-000087__HEADER.txt
ONEW,Item_1,75973,data\03_sections\ONEW__10-K__0001772921-23-000087__Item_1.txt
ONEW,Item_1A,148086,data\03_sections\ONEW__10-K__0001772921-23-000087__Item_1A.txt
ONEW,Item_1B,63,data\03_sections\ONEW__10-K__0001772921-23-000087__Item_1B.txt
ONEW,Item_2,512,data\03_sections\ONEW__10-K__0001772921-23-000087__Item_2.txt
ONEW,Item_3,653,data\03_sections\ONEW__10-K__0001772921-23-000087__Item_3.txt
ONEW,Item_4,78,data\03_sections\ONEW__10-K__0001772921-23-000087__Item_4.txt
ONEW,Item_5,6171,data\03_sections\ONEW__10-K__0001772921-23-000087__Item_5.txt
ONEW,Item_6,132,data\03_sections\ONEW__10-K__0001772921-23-000087__Item_6.txt
ONEW,Item_7,93287,data\03_sections\ONEW__10-K__0001772921-23-000087__Item_7.txt
ONEW,Item_7A,2237,data\03_sections\ONEW__10-K__0001772921-23-000087__Item_7A.txt
ONEW,Item_8,92098,data\03_sections\ONEW__10-K__0001772921-23-000087__Item_8.txt
ONEW,Item_9,100,data\03_sections\ONEW__10-K__0001772921-23-000087__Item_9.txt
ONEW,Item_9A,7041,data\03_sections\ONEW__10-K__0001772921-23-000087__Item_9A.txt
ONEW,Item_9B,34,data\03_sections\ONEW__10-K__0001772921-23-000087__Item_9B.txt
ONEW,Item_9C,115,data\03_sections\ONEW__10-K__0001772921-23-000087__Item_9C.txt
ONEW,Item_10,390,data\03_sections\ONEW__10-K__0001772921-23-000087__Item_10.txt
ONEW,Item_11,358,data\03_sections\ONEW__10-K__0001772921-23-000087__Item_11.txt
ONEW,Item_12,430,data\03_sections\ONEW__10-K__0001772921-23-000087__Item_12.txt
ONEW,Item_13,409,data\03_sections\ONEW__10-K__0001772921-23-000087__Item_13.txt
ONEW,Item_14,404,data\03_sections\ONEW__10-K__0001772921-23-000087__Item_14.txt
ONEW,Item_15,1302,data\03_sections\ONEW__10-K__0001772921-23-000087__Item_15.txt
ONEW,Item_16,55,data\03_sections\ONEW__10-K__0001772921-23-000087__Item_16.txt
ONEW,Signatures,487,data\03_sections\ONEW__10-K__0001772921-23-000087__Signatures.txt
ONEW,HEADER,34303,data\03_sections\ONEW__10-K__0001772921-24-000101__HEADER.txt
ONEW,Item_1,74791,data\03_sections\ONEW__10-K__0001772921-24-000101__Item_1.txt
ONEW,Item_1A,146412,data\03_sections\ONEW__10-K__0001772921-24-000101__Item_1A.txt
ONEW,Item_1B,42,data\03_sections\ONEW__10-K__0001772921-24-000101__Item_1B.txt
ONEW,Item_1C,6151,data\03_sections\ONEW__10-K__0001772921-24-000101__Item_1C.txt
ONEW,Item_2,512,data\03_sections\ONEW__10-K__0001772921-24-000101__Item_2.txt
ONEW,Item_3,983,data\03_sections\ONEW__10-K__0001772921-24-000101__Item_3.txt
ONEW,Item_4,78,data\03_sections\ONEW__10-K__0001772921-24-000101__Item_4.txt
ONEW,Item_5,4906,data\03_sections\ONEW__10-K__0001772921-24-000101__Item_5.txt
ONEW,Item_6,18,data\03_sections\ONEW__10-K__0001772921-24-000101__Item_6.txt
ONEW,Item_7,93090,data\03_sections\ONEW__10-K__0001772921-24-000101__Item_7.txt
ONEW,Item_7A,2940,data\03_sections\ONEW__10-K__0001772921-24-000101__Item_7A.txt
ONEW,Item_8,89716,data\03_sections\ONEW__10-K__0001772921-24-000101__Item_8.txt
ONEW,Item_9,100,data\03_sections\ONEW__10-K__0001772921-24-000101__Item_9.txt
ONEW,Item_9A,7042,data\03_sections\ONEW__10-K__0001772921-24-000101__Item_9A.txt
ONEW,Item_9B,408,data\03_sections\ONEW__10-K__0001772921-24-000101__Item_9B.txt
ONEW,Item_9C,115,data\03_sections\ONEW__10-K__0001772921-24-000101__Item_9C.txt
ONEW,Item_10,390,data\03_sections\ONEW__10-K__0001772921-24-000101__Item_10.txt
ONEW,Item_11,358,data\03_sections\ONEW__10-K__0001772921-24-000101__Item_11.txt
ONEW,Item_12,430,data\03_sections\ONEW__10-K__0001772921-24-000101__Item_12.txt
ONEW,Item_13,409,data\03_sections\ONEW__10-K__0001772921-24-000101__Item_13.txt
ONEW,Item_14,404,data\03_sections\ONEW__10-K__0001772921-24-000101__Item_14.txt
ONEW,Item_15,1302,data\03_sections\ONEW__10-K__0001772921-24-000101__Item_15.txt
ONEW,Item_16,55,data\03_sections\ONEW__10-K__0001772921-24-000101__Item_16.txt
ONEW,Signatures,487,data\03_sections\ONEW__10-K__0001772921-24-000101__Signatures.txt
ONEW,HEADER,34691,data\03_sections\ONEW__10-K__0001772921-25-000085__HEADER.txt
ONEW,Item_1,74074,data\03_sections\ONEW__10-K__0001772921-25-000085__Item_1.txt
ONEW,Item_1A,141500,data\03_sections\ONEW__10-K__0001772921-25-000085__Item_1A.txt
ONEW,Item_1B,63,data\03_sections\ONEW__10-K__0001772921-25-000085__Item_1B.txt
ONEW,Item_1C,7017,data\03_sections\ONEW__10-K__0001772921-25-000085__Item_1C.txt
ONEW,Item_2,512,data\03_sections\ONEW__10-K__0001772921-25-000085__Item_2.txt
ONEW,Item_3,985,data\03_sections\ONEW__10-K__0001772921-25-000085__Item_3.txt
ONEW,Item_4,78,data\03_sections\ONEW__10-K__0001772921-25-000085__Item_4.txt
ONEW,Item_5,4965,data\03_sections\ONEW__10-K__0001772921-25-000085__Item_5.txt
ONEW,Item_6,18,data\03_sections\ONEW__10-K__0001772921-25-000085__Item_6.txt
ONEW,Item_7,94104,data\03_sections\ONEW__10-K__0001772921-25-000085__Item_7.txt
ONEW,Item_7A,2941,data\03_sections\ONEW__10-K__0001772921-25-000085__Item_7A.txt
ONEW,Item_8,103905,data\03_sections\ONEW__10-K__0001772921-25-000085__Item_8.txt
ONEW,Item_9,100,data\03_sections\ONEW__10-K__0001772921-25-000085__Item_9.txt
ONEW,Item_9A,7067,data\03_sections\ONEW__10-K__0001772921-25-000085__Item_9A.txt
ONEW,Item_9B,681,data\03_sections\ONEW__10-K__0001772921-25-000085__Item_9B.txt
ONEW,Item_9C,115,data\03_sections\ONEW__10-K__0001772921-25-000085__Item_9C.txt
ONEW,Item_10,390,data\03_sections\ONEW__10-K__0001772921-25-000085__Item_10.txt
ONEW,Item_11,358,data\03_sections\ONEW__10-K__0001772921-25-000085__Item_11.txt
ONEW,Item_12,430,data\03_sections\ONEW__10-K__0001772921-25-000085__Item_12.txt
ONEW,Item_13,409,data\03_sections\ONEW__10-K__0001772921-25-000085__Item_13.txt
ONEW,Item_14,404,data\03_sections\ONEW__10-K__0001772921-25-000085__Item_14.txt
ONEW,Item_15,1552,data\03_sections\ONEW__10-K__0001772921-25-000085__Item_15.txt
ONEW,Item_16,55,data\03_sections\ONEW__10-K__0001772921-25-000085__Item_16.txt
ONEW,Signatures,487,data\03_sections\ONEW__10-K__0001772921-25-000085__Signatures.txt
ORBS,HEADER,110648,data\03_sections\ORBS__10-K__0001493152-24-012608__HEADER.txt
ORBS,Item_1C,240532,data\03_sections\ORBS__10-K__0001493152-24-012608__Item_1C.txt
ORBS,Item_16,53,data\03_sections\ORBS__10-K__0001493152-24-012608__Item_16.txt
ORBS,Signatures,519,data\03_sections\ORBS__10-K__0001493152-24-012608__Signatures.txt
ORBS,HEADER,137396,data\03_sections\ORBS__10-K__0001493152-26-016664__HEADER.txt
ORBS,Item_10,198934,data\03_sections\ORBS__10-K__0001493152-26-016664__Item_10.txt
ORBS,Signatures,520,data\03_sections\ORBS__10-K__0001493152-26-016664__Signatures.txt
ORBS,HEADER,275848,data\03_sections\ORBS__10-K__0001641172-25-004802__HEADER.txt
ORBS,Signatures,520,data\03_sections\ORBS__10-K__0001641172-25-004802__Signatures.txt
ORBS,FULL_DOCUMENT_FALLBACK,276370,data\03_sections\ORBS__10-K__0001641172-25-004802__FULL_DOCUMENT_FALLBACK.txt
ORLY,HEADER,76665,data\03_sections\ORLY__10-K__0000898173-24-000009__HEADER.txt
ORLY,Item_1A,40726,data\03_sections\ORLY__10-K__0000898173-24-000009__Item_1A.txt
ORLY,Item_3,887,data\03_sections\ORLY__10-K__0000898173-24-000009__Item_3.txt
ORLY,Item_4,69,data\03_sections\ORLY__10-K__0000898173-24-000009__Item_4.txt
ORLY,Item_5,1634,data\03_sections\ORLY__10-K__0000898173-24-000009__Item_5.txt
ORLY,Item_7,125914,data\03_sections\ORLY__10-K__0000898173-24-000009__Item_7.txt
ORLY,Item_9,104,data\03_sections\ORLY__10-K__0000898173-24-000009__Item_9.txt
ORLY,Item_9A,3863,data\03_sections\ORLY__10-K__0000898173-24-000009__Item_9A.txt
ORLY,Item_9B,1442,data\03_sections\ORLY__10-K__0000898173-24-000009__Item_9B.txt
ORLY,Item_10,3534,data\03_sections\ORLY__10-K__0000898173-24-000009__Item_10.txt
ORLY,Item_11,1246,data\03_sections\ORLY__10-K__0000898173-24-000009__Item_11.txt
ORLY,Item_13,494,data\03_sections\ORLY__10-K__0000898173-24-000009__Item_13.txt
ORLY,Item_14,1242,data\03_sections\ORLY__10-K__0000898173-24-000009__Item_14.txt
ORLY,Signatures,505,data\03_sections\ORLY__10-K__0000898173-24-000009__Signatures.txt
ORLY,HEADER,77925,data\03_sections\ORLY__10-K__0000898173-25-000008__HEADER.txt
ORLY,Item_1A,41106,data\03_sections\ORLY__10-K__0000898173-25-000008__Item_1A.txt
ORLY,Item_3,881,data\03_sections\ORLY__10-K__0000898173-25-000008__Item_3.txt
ORLY,Item_4,69,data\03_sections\ORLY__10-K__0000898173-25-000008__Item_4.txt
ORLY,Item_5,1644,data\03_sections\ORLY__10-K__0000898173-25-000008__Item_5.txt
ORLY,Item_7,128477,data\03_sections\ORLY__10-K__0000898173-25-000008__Item_7.txt
ORLY,Item_9,104,data\03_sections\ORLY__10-K__0000898173-25-000008__Item_9.txt
ORLY,Item_9A,3863,data\03_sections\ORLY__10-K__0000898173-25-000008__Item_9A.txt
ORLY,Item_9B,449,data\03_sections\ORLY__10-K__0000898173-25-000008__Item_9B.txt
ORLY,Item_10,4224,data\03_sections\ORLY__10-K__0000898173-25-000008__Item_10.txt
ORLY,Item_11,1246,data\03_sections\ORLY__10-K__0000898173-25-000008__Item_11.txt
ORLY,Item_13,494,data\03_sections\ORLY__10-K__0000898173-25-000008__Item_13.txt
ORLY,Item_14,1248,data\03_sections\ORLY__10-K__0000898173-25-000008__Item_14.txt
ORLY,Signatures,500,data\03_sections\ORLY__10-K__0000898173-25-000008__Signatures.txt
ORLY,HEADER,76794,data\03_sections\ORLY__10-K__0000898173-26-000009__HEADER.txt
ORLY,Item_1A,41549,data\03_sections\ORLY__10-K__0000898173-26-000009__Item_1A.txt
ORLY,Item_3,881,data\03_sections\ORLY__10-K__0000898173-26-000009__Item_3.txt
ORLY,Item_4,69,data\03_sections\ORLY__10-K__0000898173-26-000009__Item_4.txt
ORLY,Item_5,1955,data\03_sections\ORLY__10-K__0000898173-26-000009__Item_5.txt
ORLY,Item_7,125039,data\03_sections\ORLY__10-K__0000898173-26-000009__Item_7.txt
ORLY,Item_9,104,data\03_sections\ORLY__10-K__0000898173-26-000009__Item_9.txt
ORLY,Item_9A,3864,data\03_sections\ORLY__10-K__0000898173-26-000009__Item_9A.txt
ORLY,Item_9B,1272,data\03_sections\ORLY__10-K__0000898173-26-000009__Item_9B.txt
ORLY,Item_10,4233,data\03_sections\ORLY__10-K__0000898173-26-000009__Item_10.txt
ORLY,Item_11,1246,data\03_sections\ORLY__10-K__0000898173-26-000009__Item_11.txt
ORLY,Item_13,494,data\03_sections\ORLY__10-K__0000898173-26-000009__Item_13.txt
ORLY,Item_14,1234,data\03_sections\ORLY__10-K__0000898173-26-000009__Item_14.txt
ORLY,Signatures,500,data\03_sections\ORLY__10-K__0000898173-26-000009__Signatures.txt
PAG,HEADER,293454,data\03_sections\PAG__10-K__0001019849-24-000033__HEADER.txt
PAG,Item_12,3557,data\03_sections\PAG__10-K__0001019849-24-000033__Item_12.txt
PAG,Signatures,102326,data\03_sections\PAG__10-K__0001019849-24-000033__Signatures.txt
PAG,HEADER,284341,data\03_sections\PAG__10-K__0001019849-25-000022__HEADER.txt
PAG,Item_10,552,data\03_sections\PAG__10-K__0001019849-25-000022__Item_10.txt
PAG,Item_12,1802,data\03_sections\PAG__10-K__0001019849-25-000022__Item_12.txt
PAG,Signatures,98965,data\03_sections\PAG__10-K__0001019849-25-000022__Signatures.txt
PAG,HEADER,39264,data\03_sections\PAG__10-K__0001628280-26-012830__HEADER.txt
PAG,Item_1A,197325,data\03_sections\PAG__10-K__0001628280-26-012830__Item_1A.txt
PAG,Item_10,664,data\03_sections\PAG__10-K__0001628280-26-012830__Item_10.txt
PAG,Item_12,2025,data\03_sections\PAG__10-K__0001628280-26-012830__Item_12.txt
PAG,Signatures,102746,data\03_sections\PAG__10-K__0001628280-26-012830__Signatures.txt
PETS,HEADER,23497,data\03_sections\PETS__10-K__0001040130-24-000046__HEADER.txt
PETS,Item_1,36899,data\03_sections\PETS__10-K__0001040130-24-000046__Item_1.txt
PETS,Item_1A,70917,data\03_sections\PETS__10-K__0001040130-24-000046__Item_1A.txt
PETS,Item_1B,41,data\03_sections\PETS__10-K__0001040130-24-000046__Item_1B.txt
PETS,Item_1C,4367,data\03_sections\PETS__10-K__0001040130-24-000046__Item_1C.txt
PETS,Item_2,1601,data\03_sections\PETS__10-K__0001040130-24-000046__Item_2.txt
PETS,Item_3,2285,data\03_sections\PETS__10-K__0001040130-24-000046__Item_3.txt
PETS,Item_4,2706,data\03_sections\PETS__10-K__0001040130-24-000046__Item_4.txt
PETS,Item_7,30478,data\03_sections\PETS__10-K__0001040130-24-000046__Item_7.txt
PETS,Item_7A,1695,data\03_sections\PETS__10-K__0001040130-24-000046__Item_7A.txt
PETS,Item_8,97927,data\03_sections\PETS__10-K__0001040130-24-000046__Item_8.txt
PETS,Item_9,100,data\03_sections\PETS__10-K__0001040130-24-000046__Item_9.txt
PETS,Item_9A,8321,data\03_sections\PETS__10-K__0001040130-24-000046__Item_9A.txt
PETS,Item_9B,375,data\03_sections\PETS__10-K__0001040130-24-000046__Item_9B.txt
PETS,Item_9C,113,data\03_sections\PETS__10-K__0001040130-24-000046__Item_9C.txt
PETS,Item_10,900,data\03_sections\PETS__10-K__0001040130-24-000046__Item_10.txt
PETS,Item_11,332,data\03_sections\PETS__10-K__0001040130-24-000046__Item_11.txt
PETS,Item_12,581,data\03_sections\PETS__10-K__0001040130-24-000046__Item_12.txt
PETS,Item_13,382,data\03_sections\PETS__10-K__0001040130-24-000046__Item_13.txt
PETS,Item_14,376,data\03_sections\PETS__10-K__0001040130-24-000046__Item_14.txt
PETS,Item_15,1206,data\03_sections\PETS__10-K__0001040130-24-000046__Item_15.txt
PETS,Item_16,56,data\03_sections\PETS__10-K__0001040130-24-000046__Item_16.txt
PETS,Signatures,499,data\03_sections\PETS__10-K__0001040130-24-000046__Signatures.txt
PETS,HEADER,36232,data\03_sections\PETS__10-K__0001040130-25-000072__HEADER.txt
PETS,Item_1,32926,data\03_sections\PETS__10-K__0001040130-25-000072__Item_1.txt
PETS,Item_1A,69973,data\03_sections\PETS__10-K__0001040130-25-000072__Item_1A.txt
PETS,Item_1B,41,data\03_sections\PETS__10-K__0001040130-25-000072__Item_1B.txt
PETS,Item_1C,4498,data\03_sections\PETS__10-K__0001040130-25-000072__Item_1C.txt
PETS,Item_2,1388,data\03_sections\PETS__10-K__0001040130-25-000072__Item_2.txt
PETS,Item_3,3445,data\03_sections\PETS__10-K__0001040130-25-000072__Item_3.txt
PETS,Item_4,3517,data\03_sections\PETS__10-K__0001040130-25-000072__Item_4.txt
PETS,Item_7,35135,data\03_sections\PETS__10-K__0001040130-25-000072__Item_7.txt
PETS,Item_7A,1692,data\03_sections\PETS__10-K__0001040130-25-000072__Item_7A.txt
PETS,Item_8,97076,data\03_sections\PETS__10-K__0001040130-25-000072__Item_8.txt
PETS,Item_9,100,data\03_sections\PETS__10-K__0001040130-25-000072__Item_9.txt
PETS,Item_9A,18821,data\03_sections\PETS__10-K__0001040130-25-000072__Item_9A.txt
PETS,Item_9B,6909,data\03_sections\PETS__10-K__0001040130-25-000072__Item_9B.txt
PETS,Item_9C,113,data\03_sections\PETS__10-K__0001040130-25-000072__Item_9C.txt
PETS,Item_10,38958,data\03_sections\PETS__10-K__0001040130-25-000072__Item_10.txt
PETS,Item_11,78236,data\03_sections\PETS__10-K__0001040130-25-000072__Item_11.txt
PETS,Item_12,4208,data\03_sections\PETS__10-K__0001040130-25-000072__Item_12.txt
PETS,Item_13,4556,data\03_sections\PETS__10-K__0001040130-25-000072__Item_13.txt
PETS,Item_14,1245,data\03_sections\PETS__10-K__0001040130-25-000072__Item_14.txt
PETS,Item_15,1227,data\03_sections\PETS__10-K__0001040130-25-000072__Item_15.txt
PETS,Item_16,57,data\03_sections\PETS__10-K__0001040130-25-000072__Item_16.txt
PETS,Signatures,506,data\03_sections\PETS__10-K__0001040130-25-000072__Signatures.txt
PETS,HEADER,23198,data\03_sections\PETS__10-K__0001040130-26-000019__HEADER.txt
PETS,Item_1,36497,data\03_sections\PETS__10-K__0001040130-26-000019__Item_1.txt
PETS,Item_1A,74127,data\03_sections\PETS__10-K__0001040130-26-000019__Item_1A.txt
PETS,Item_1B,41,data\03_sections\PETS__10-K__0001040130-26-000019__Item_1B.txt
PETS,Item_1C,5665,data\03_sections\PETS__10-K__0001040130-26-000019__Item_1C.txt
PETS,Item_2,1392,data\03_sections\PETS__10-K__0001040130-26-000019__Item_2.txt
PETS,Item_3,193,data\03_sections\PETS__10-K__0001040130-26-000019__Item_3.txt
PETS,Item_4,3122,data\03_sections\PETS__10-K__0001040130-26-000019__Item_4.txt
PETS,Item_7,31656,data\03_sections\PETS__10-K__0001040130-26-000019__Item_7.txt
PETS,Item_7A,1692,data\03_sections\PETS__10-K__0001040130-26-000019__Item_7A.txt
PETS,Item_8,89733,data\03_sections\PETS__10-K__0001040130-26-000019__Item_8.txt
PETS,Item_9,100,data\03_sections\PETS__10-K__0001040130-26-000019__Item_9.txt
PETS,Item_9A,16373,data\03_sections\PETS__10-K__0001040130-26-000019__Item_9A.txt
PETS,Item_9B,354,data\03_sections\PETS__10-K__0001040130-26-000019__Item_9B.txt
PETS,Item_9C,113,data\03_sections\PETS__10-K__0001040130-26-000019__Item_9C.txt
PETS,Item_10,1272,data\03_sections\PETS__10-K__0001040130-26-000019__Item_10.txt
PETS,Item_11,302,data\03_sections\PETS__10-K__0001040130-26-000019__Item_11.txt
PETS,Item_12,551,data\03_sections\PETS__10-K__0001040130-26-000019__Item_12.txt
PETS,Item_13,352,data\03_sections\PETS__10-K__0001040130-26-000019__Item_13.txt
PETS,Item_14,346,data\03_sections\PETS__10-K__0001040130-26-000019__Item_14.txt
PETS,Item_15,1162,data\03_sections\PETS__10-K__0001040130-26-000019__Item_15.txt
PETS,Item_16,56,data\03_sections\PETS__10-K__0001040130-26-000019__Item_16.txt
PETS,Signatures,497,data\03_sections\PETS__10-K__0001040130-26-000019__Signatures.txt
PEW,HEADER,22303,data\03_sections\PEW__10-K__0001193125-26-104172__HEADER.txt
PEW,Item_1,74909,data\03_sections\PEW__10-K__0001193125-26-104172__Item_1.txt
PEW,Item_1A,79227,data\03_sections\PEW__10-K__0001193125-26-104172__Item_1A.txt
PEW,Item_1B,7131,data\03_sections\PEW__10-K__0001193125-26-104172__Item_1B.txt
PEW,Item_3,398,data\03_sections\PEW__10-K__0001193125-26-104172__Item_3.txt
PEW,Item_4,81,data\03_sections\PEW__10-K__0001193125-26-104172__Item_4.txt
PEW,Item_5,2568,data\03_sections\PEW__10-K__0001193125-26-104172__Item_5.txt
PEW,Item_7,47653,data\03_sections\PEW__10-K__0001193125-26-104172__Item_7.txt
PEW,Item_7A,84,data\03_sections\PEW__10-K__0001193125-26-104172__Item_7A.txt
PEW,Item_8,183,data\03_sections\PEW__10-K__0001193125-26-104172__Item_8.txt
PEW,Item_9,99,data\03_sections\PEW__10-K__0001193125-26-104172__Item_9.txt
PEW,Item_9A,3680,data\03_sections\PEW__10-K__0001193125-26-104172__Item_9A.txt
PEW,Item_9B,3406,data\03_sections\PEW__10-K__0001193125-26-104172__Item_9B.txt
PEW,Item_9C,104,data\03_sections\PEW__10-K__0001193125-26-104172__Item_9C.txt
PEW,Item_10,278,data\03_sections\PEW__10-K__0001193125-26-104172__Item_10.txt
PEW,Item_11,246,data\03_sections\PEW__10-K__0001193125-26-104172__Item_11.txt
PEW,Item_12,318,data\03_sections\PEW__10-K__0001193125-26-104172__Item_12.txt
PEW,Item_13,297,data\03_sections\PEW__10-K__0001193125-26-104172__Item_13.txt
PEW,Item_14,295,data\03_sections\PEW__10-K__0001193125-26-104172__Item_14.txt
PEW,Item_15,993,data\03_sections\PEW__10-K__0001193125-26-104172__Item_15.txt
PEW,Signatures,75363,data\03_sections\PEW__10-K__0001193125-26-104172__Signatures.txt
POWW,HEADER,22009,data\03_sections\POWW__10-K__0000950170-25-086893__HEADER.txt
POWW,Item_1,102200,data\03_sections\POWW__10-K__0000950170-25-086893__Item_1.txt
POWW,Item_2,3328,data\03_sections\POWW__10-K__0000950170-25-086893__Item_2.txt
POWW,Item_7,2082,data\03_sections\POWW__10-K__0000950170-25-086893__Item_7.txt
POWW,Item_4,3568,data\03_sections\POWW__10-K__0000950170-25-086893__Item_4.txt
POWW,Item_6,43203,data\03_sections\POWW__10-K__0000950170-25-086893__Item_6.txt
POWW,Item_9A,22931,data\03_sections\POWW__10-K__0000950170-25-086893__Item_9A.txt
POWW,Item_9B,34,data\03_sections\POWW__10-K__0000950170-25-086893__Item_9B.txt
POWW,Item_9C,1571,data\03_sections\POWW__10-K__0000950170-25-086893__Item_9C.txt
POWW,Item_14,94356,data\03_sections\POWW__10-K__0000950170-25-086893__Item_14.txt
POWW,HEADER,20019,data\03_sections\POWW__10-K__0001193125-26-276653__HEADER.txt
POWW,Item_1,102903,data\03_sections\POWW__10-K__0001193125-26-276653__Item_1.txt
POWW,Item_2,3100,data\03_sections\POWW__10-K__0001193125-26-276653__Item_2.txt
POWW,Item_4,4430,data\03_sections\POWW__10-K__0001193125-26-276653__Item_4.txt
POWW,Item_6,45417,data\03_sections\POWW__10-K__0001193125-26-276653__Item_6.txt
POWW,Item_9A,13351,data\03_sections\POWW__10-K__0001193125-26-276653__Item_9A.txt
POWW,Item_9B,34,data\03_sections\POWW__10-K__0001193125-26-276653__Item_9B.txt
POWW,Item_9C,67637,data\03_sections\POWW__10-K__0001193125-26-276653__Item_9C.txt
POWW,Item_14,96556,data\03_sections\POWW__10-K__0001193125-26-276653__Item_14.txt
POWW,HEADER,203529,data\03_sections\POWW__10-K__0001493152-24-023731__HEADER.txt
POWW,Signatures,103942,data\03_sections\POWW__10-K__0001493152-24-023731__Signatures.txt
POWW,FULL_DOCUMENT_FALLBACK,307473,data\03_sections\POWW__10-K__0001493152-24-023731__FULL_DOCUMENT_FALLBACK.txt
PRPL,HEADER,8897,data\03_sections\PRPL__10-K__0001213900-24-021861__HEADER.txt
PRPL,Item_1,35651,data\03_sections\PRPL__10-K__0001213900-24-021861__Item_1.txt
PRPL,Item_1A,142376,data\03_sections\PRPL__10-K__0001213900-24-021861__Item_1A.txt
PRPL,Item_1B,42,data\03_sections\PRPL__10-K__0001213900-24-021861__Item_1B.txt
PRPL,Item_1C,5161,data\03_sections\PRPL__10-K__0001213900-24-021861__Item_1C.txt
PRPL,Item_2,1049,data\03_sections\PRPL__10-K__0001213900-24-021861__Item_2.txt
PRPL,Item_3,312,data\03_sections\PRPL__10-K__0001213900-24-021861__Item_3.txt
PRPL,Item_4,62,data\03_sections\PRPL__10-K__0001213900-24-021861__Item_4.txt
PRPL,Item_5,2546,data\03_sections\PRPL__10-K__0001213900-24-021861__Item_5.txt
PRPL,Item_6,18,data\03_sections\PRPL__10-K__0001213900-24-021861__Item_6.txt
PRPL,Item_7,58549,data\03_sections\PRPL__10-K__0001213900-24-021861__Item_7.txt
PRPL,Item_7A,1612,data\03_sections\PRPL__10-K__0001213900-24-021861__Item_7A.txt
PRPL,Item_8,172,data\03_sections\PRPL__10-K__0001213900-24-021861__Item_8.txt
PRPL,Item_9,100,data\03_sections\PRPL__10-K__0001213900-24-021861__Item_9.txt
PRPL,Item_9A,11095,data\03_sections\PRPL__10-K__0001213900-24-021861__Item_9A.txt
PRPL,Item_9B,288,data\03_sections\PRPL__10-K__0001213900-24-021861__Item_9B.txt
PRPL,Item_9C,108,data\03_sections\PRPL__10-K__0001213900-24-021861__Item_9C.txt
PRPL,Item_10,904,data\03_sections\PRPL__10-K__0001213900-24-021861__Item_10.txt
PRPL,Item_11,318,data\03_sections\PRPL__10-K__0001213900-24-021861__Item_11.txt
PRPL,Item_12,390,data\03_sections\PRPL__10-K__0001213900-24-021861__Item_12.txt
PRPL,Item_13,720,data\03_sections\PRPL__10-K__0001213900-24-021861__Item_13.txt
PRPL,Item_15,975,data\03_sections\PRPL__10-K__0001213900-24-021861__Item_15.txt
PRPL,Item_16,143428,data\03_sections\PRPL__10-K__0001213900-24-021861__Item_16.txt
PRPL,Signatures,22325,data\03_sections\PRPL__10-K__0001213900-24-021861__Signatures.txt
PRPL,HEADER,8908,data\03_sections\PRPL__10-K__0001213900-25-023815__HEADER.txt
PRPL,Item_1,33970,data\03_sections\PRPL__10-K__0001213900-25-023815__Item_1.txt
PRPL,Item_1A,138459,data\03_sections\PRPL__10-K__0001213900-25-023815__Item_1A.txt
PRPL,Item_7A,1038,data\03_sections\PRPL__10-K__0001213900-25-023815__Item_7A.txt
PRPL,Item_8,172,data\03_sections\PRPL__10-K__0001213900-25-023815__Item_8.txt
PRPL,Item_9,100,data\03_sections\PRPL__10-K__0001213900-25-023815__Item_9.txt
PRPL,Item_9A,5316,data\03_sections\PRPL__10-K__0001213900-25-023815__Item_9A.txt
PRPL,Item_9B,5410,data\03_sections\PRPL__10-K__0001213900-25-023815__Item_9B.txt
PRPL,Item_9C,108,data\03_sections\PRPL__10-K__0001213900-25-023815__Item_9C.txt
PRPL,Item_10,998,data\03_sections\PRPL__10-K__0001213900-25-023815__Item_10.txt
PRPL,Item_11,318,data\03_sections\PRPL__10-K__0001213900-25-023815__Item_11.txt
PRPL,Item_12,390,data\03_sections\PRPL__10-K__0001213900-25-023815__Item_12.txt
PRPL,Item_13,720,data\03_sections\PRPL__10-K__0001213900-25-023815__Item_13.txt
PRPL,Item_15,680,data\03_sections\PRPL__10-K__0001213900-25-023815__Item_15.txt
PRPL,Item_16,153724,data\03_sections\PRPL__10-K__0001213900-25-023815__Item_16.txt
PRPL,Signatures,28118,data\03_sections\PRPL__10-K__0001213900-25-023815__Signatures.txt
PRPL,HEADER,8917,data\03_sections\PRPL__10-K__0001213900-26-036974__HEADER.txt
PRPL,Item_1,31279,data\03_sections\PRPL__10-K__0001213900-26-036974__Item_1.txt
PRPL,Item_1A,77277,data\03_sections\PRPL__10-K__0001213900-26-036974__Item_1A.txt
PRPL,Item_1B,5025,data\03_sections\PRPL__10-K__0001213900-26-036974__Item_1B.txt
PRPL,Item_2,1076,data\03_sections\PRPL__10-K__0001213900-26-036974__Item_2.txt
PRPL,Item_3,353,data\03_sections\PRPL__10-K__0001213900-26-036974__Item_3.txt
PRPL,Item_4,62,data\03_sections\PRPL__10-K__0001213900-26-036974__Item_4.txt
PRPL,Item_5,3981,data\03_sections\PRPL__10-K__0001213900-26-036974__Item_5.txt
PRPL,Item_6,18,data\03_sections\PRPL__10-K__0001213900-26-036974__Item_6.txt
PRPL,Item_7,57930,data\03_sections\PRPL__10-K__0001213900-26-036974__Item_7.txt
PRPL,Item_7A,1083,data\03_sections\PRPL__10-K__0001213900-26-036974__Item_7A.txt
PRPL,Item_8,172,data\03_sections\PRPL__10-K__0001213900-26-036974__Item_8.txt
PRPL,Item_9,100,data\03_sections\PRPL__10-K__0001213900-26-036974__Item_9.txt
PRPL,Item_9A,3966,data\03_sections\PRPL__10-K__0001213900-26-036974__Item_9A.txt
PRPL,Item_9B,2327,data\03_sections\PRPL__10-K__0001213900-26-036974__Item_9B.txt
PRPL,Item_9C,108,data\03_sections\PRPL__10-K__0001213900-26-036974__Item_9C.txt
PRPL,Item_10,997,data\03_sections\PRPL__10-K__0001213900-26-036974__Item_10.txt
PRPL,Item_11,318,data\03_sections\PRPL__10-K__0001213900-26-036974__Item_11.txt
PRPL,Item_12,390,data\03_sections\PRPL__10-K__0001213900-26-036974__Item_12.txt
PRPL,Item_13,720,data\03_sections\PRPL__10-K__0001213900-26-036974__Item_13.txt
PRPL,Item_15,724,data\03_sections\PRPL__10-K__0001213900-26-036974__Item_15.txt
PRPL,Item_16,137827,data\03_sections\PRPL__10-K__0001213900-26-036974__Item_16.txt
PRPL,Signatures,25412,data\03_sections\PRPL__10-K__0001213900-26-036974__Signatures.txt
PRTS,HEADER,21835,data\03_sections\PRTS__10-K__0001378950-24-000034__HEADER.txt
PRTS,Item_1,18646,data\03_sections\PRTS__10-K__0001378950-24-000034__Item_1.txt
PRTS,Item_1A,78720,data\03_sections\PRTS__10-K__0001378950-24-000034__Item_1A.txt
PRTS,Item_1B,2711,data\03_sections\PRTS__10-K__0001378950-24-000034__Item_1B.txt
PRTS,Item_2,403,data\03_sections\PRTS__10-K__0001378950-24-000034__Item_2.txt
PRTS,Item_3,419,data\03_sections\PRTS__10-K__0001378950-24-000034__Item_3.txt
PRTS,Item_4,80,data\03_sections\PRTS__10-K__0001378950-24-000034__Item_4.txt
PRTS,Item_5,1860,data\03_sections\PRTS__10-K__0001378950-24-000034__Item_5.txt
PRTS,Item_6,23,data\03_sections\PRTS__10-K__0001378950-24-000034__Item_6.txt
PRTS,Item_7,27101,data\03_sections\PRTS__10-K__0001378950-24-000034__Item_7.txt
PRTS,Item_7A,1476,data\03_sections\PRTS__10-K__0001378950-24-000034__Item_7A.txt
PRTS,Item_8,209,data\03_sections\PRTS__10-K__0001378950-24-000034__Item_8.txt
PRTS,Item_9,99,data\03_sections\PRTS__10-K__0001378950-24-000034__Item_9.txt
PRTS,Item_9A,3813,data\03_sections\PRTS__10-K__0001378950-24-000034__Item_9A.txt
PRTS,Item_9B,285,data\03_sections\PRTS__10-K__0001378950-24-000034__Item_9B.txt
PRTS,Item_9C,130,data\03_sections\PRTS__10-K__0001378950-24-000034__Item_9C.txt
PRTS,Item_10,159,data\03_sections\PRTS__10-K__0001378950-24-000034__Item_10.txt
PRTS,Item_11,282,data\03_sections\PRTS__10-K__0001378950-24-000034__Item_11.txt
PRTS,Item_12,451,data\03_sections\PRTS__10-K__0001378950-24-000034__Item_12.txt
PRTS,Item_13,409,data\03_sections\PRTS__10-K__0001378950-24-000034__Item_13.txt
PRTS,Item_14,344,data\03_sections\PRTS__10-K__0001378950-24-000034__Item_14.txt
PRTS,Item_15,59766,data\03_sections\PRTS__10-K__0001378950-24-000034__Item_15.txt
PRTS,Signatures,1473,data\03_sections\PRTS__10-K__0001378950-24-000034__Signatures.txt
PRTS,HEADER,20252,data\03_sections\PRTS__10-K__0001378950-25-000036__HEADER.txt
PRTS,Item_1,19293,data\03_sections\PRTS__10-K__0001378950-25-000036__Item_1.txt
PRTS,Item_1A,88675,data\03_sections\PRTS__10-K__0001378950-25-000036__Item_1A.txt
PRTS,Item_1B,2694,data\03_sections\PRTS__10-K__0001378950-25-000036__Item_1B.txt
PRTS,Item_2,403,data\03_sections\PRTS__10-K__0001378950-25-000036__Item_2.txt
PRTS,Item_3,419,data\03_sections\PRTS__10-K__0001378950-25-000036__Item_3.txt
PRTS,Item_4,80,data\03_sections\PRTS__10-K__0001378950-25-000036__Item_4.txt
PRTS,Item_5,1099,data\03_sections\PRTS__10-K__0001378950-25-000036__Item_5.txt
PRTS,Item_6,23,data\03_sections\PRTS__10-K__0001378950-25-000036__Item_6.txt
PRTS,Item_7,28506,data\03_sections\PRTS__10-K__0001378950-25-000036__Item_7.txt
PRTS,Item_7A,1454,data\03_sections\PRTS__10-K__0001378950-25-000036__Item_7A.txt
PRTS,Item_8,209,data\03_sections\PRTS__10-K__0001378950-25-000036__Item_8.txt
PRTS,Item_9,99,data\03_sections\PRTS__10-K__0001378950-25-000036__Item_9.txt
PRTS,Item_9A,3487,data\03_sections\PRTS__10-K__0001378950-25-000036__Item_9A.txt
PRTS,Item_9B,285,data\03_sections\PRTS__10-K__0001378950-25-000036__Item_9B.txt
PRTS,Item_9C,130,data\03_sections\PRTS__10-K__0001378950-25-000036__Item_9C.txt
PRTS,Item_10,159,data\03_sections\PRTS__10-K__0001378950-25-000036__Item_10.txt
PRTS,Item_11,282,data\03_sections\PRTS__10-K__0001378950-25-000036__Item_11.txt
PRTS,Item_12,451,data\03_sections\PRTS__10-K__0001378950-25-000036__Item_12.txt
PRTS,Item_13,409,data\03_sections\PRTS__10-K__0001378950-25-000036__Item_13.txt
PRTS,Item_14,344,data\03_sections\PRTS__10-K__0001378950-25-000036__Item_14.txt
PRTS,Item_15,420,data\03_sections\PRTS__10-K__0001378950-25-000036__Item_15.txt
PRTS,Item_16,60209,data\03_sections\PRTS__10-K__0001378950-25-000036__Item_16.txt
PRTS,Signatures,1473,data\03_sections\PRTS__10-K__0001378950-25-000036__Signatures.txt
PRTS,HEADER,19852,data\03_sections\PRTS__10-K__0001378950-26-000035__HEADER.txt
PRTS,Item_1,22277,data\03_sections\PRTS__10-K__0001378950-26-000035__Item_1.txt
PRTS,Item_1A,96164,data\03_sections\PRTS__10-K__0001378950-26-000035__Item_1A.txt
PRTS,Item_1B,2565,data\03_sections\PRTS__10-K__0001378950-26-000035__Item_1B.txt
PRTS,Item_2,811,data\03_sections\PRTS__10-K__0001378950-26-000035__Item_2.txt
PRTS,Item_3,419,data\03_sections\PRTS__10-K__0001378950-26-000035__Item_3.txt
PRTS,Item_4,80,data\03_sections\PRTS__10-K__0001378950-26-000035__Item_4.txt
PRTS,Item_5,2752,data\03_sections\PRTS__10-K__0001378950-26-000035__Item_5.txt
PRTS,Item_6,23,data\03_sections\PRTS__10-K__0001378950-26-000035__Item_6.txt
PRTS,Item_7,30925,data\03_sections\PRTS__10-K__0001378950-26-000035__Item_7.txt
PRTS,Item_7A,1472,data\03_sections\PRTS__10-K__0001378950-26-000035__Item_7A.txt
PRTS,Item_8,209,data\03_sections\PRTS__10-K__0001378950-26-000035__Item_8.txt
PRTS,Item_9,99,data\03_sections\PRTS__10-K__0001378950-26-000035__Item_9.txt
PRTS,Item_9A,3511,data\03_sections\PRTS__10-K__0001378950-26-000035__Item_9A.txt
PRTS,Item_9B,283,data\03_sections\PRTS__10-K__0001378950-26-000035__Item_9B.txt
PRTS,Item_9C,293,data\03_sections\PRTS__10-K__0001378950-26-000035__Item_9C.txt
PRTS,Item_11,282,data\03_sections\PRTS__10-K__0001378950-26-000035__Item_11.txt
PRTS,Item_12,451,data\03_sections\PRTS__10-K__0001378950-26-000035__Item_12.txt
PRTS,Item_13,409,data\03_sections\PRTS__10-K__0001378950-26-000035__Item_13.txt
PRTS,Item_14,344,data\03_sections\PRTS__10-K__0001378950-26-000035__Item_14.txt
PRTS,Item_15,420,data\03_sections\PRTS__10-K__0001378950-26-000035__Item_15.txt
PRTS,Item_16,69050,data\03_sections\PRTS__10-K__0001378950-26-000035__Item_16.txt
PRTS,Signatures,1472,data\03_sections\PRTS__10-K__0001378950-26-000035__Signatures.txt
PSMT,HEADER,36783,data\03_sections\PSMT__10-K__0001041803-23-000054__HEADER.txt
PSMT,Item_1,32236,data\03_sections\PSMT__10-K__0001041803-23-000054__Item_1.txt
PSMT,Item_1A,58090,data\03_sections\PSMT__10-K__0001041803-23-000054__Item_1A.txt
PSMT,Item_1B,62,data\03_sections\PSMT__10-K__0001041803-23-000054__Item_1B.txt
PSMT,Item_2,3334,data\03_sections\PSMT__10-K__0001041803-23-000054__Item_2.txt
PSMT,Item_3,540,data\03_sections\PSMT__10-K__0001041803-23-000054__Item_3.txt
PSMT,Item_4,77,data\03_sections\PSMT__10-K__0001041803-23-000054__Item_4.txt
PSMT,Item_5,3384,data\03_sections\PSMT__10-K__0001041803-23-000054__Item_5.txt
PSMT,Item_6,17,data\03_sections\PSMT__10-K__0001041803-23-000054__Item_6.txt
PSMT,Item_7,78431,data\03_sections\PSMT__10-K__0001041803-23-000054__Item_7.txt
PSMT,Item_7A,13415,data\03_sections\PSMT__10-K__0001041803-23-000054__Item_7A.txt
PSMT,Item_8,142,data\03_sections\PSMT__10-K__0001041803-23-000054__Item_8.txt
PSMT,Item_9,99,data\03_sections\PSMT__10-K__0001041803-23-000054__Item_9.txt
PSMT,Item_9A,9538,data\03_sections\PSMT__10-K__0001041803-23-000054__Item_9A.txt
PSMT,Item_9B,54,data\03_sections\PSMT__10-K__0001041803-23-000054__Item_9B.txt
PSMT,Item_9C,102,data\03_sections\PSMT__10-K__0001041803-23-000054__Item_9C.txt
PSMT,Item_10,1000,data\03_sections\PSMT__10-K__0001041803-23-000054__Item_10.txt
PSMT,Item_11,245,data\03_sections\PSMT__10-K__0001041803-23-000054__Item_11.txt
PSMT,Item_12,390,data\03_sections\PSMT__10-K__0001041803-23-000054__Item_12.txt
PSMT,Item_13,333,data\03_sections\PSMT__10-K__0001041803-23-000054__Item_13.txt
PSMT,Item_14,6764,data\03_sections\PSMT__10-K__0001041803-23-000054__Item_14.txt
PSMT,Signatures,118568,data\03_sections\PSMT__10-K__0001041803-23-000054__Signatures.txt
PSMT,HEADER,40289,data\03_sections\PSMT__10-K__0001041803-24-000044__HEADER.txt
PSMT,Item_1,33659,data\03_sections\PSMT__10-K__0001041803-24-000044__Item_1.txt
PSMT,Item_1A,66266,data\03_sections\PSMT__10-K__0001041803-24-000044__Item_1A.txt
PSMT,Item_1B,41,data\03_sections\PSMT__10-K__0001041803-24-000044__Item_1B.txt
PSMT,Item_1C,6763,data\03_sections\PSMT__10-K__0001041803-24-000044__Item_1C.txt
PSMT,Item_2,3397,data\03_sections\PSMT__10-K__0001041803-24-000044__Item_2.txt
PSMT,Item_3,540,data\03_sections\PSMT__10-K__0001041803-24-000044__Item_3.txt
PSMT,Item_4,77,data\03_sections\PSMT__10-K__0001041803-24-000044__Item_4.txt
PSMT,Item_5,3877,data\03_sections\PSMT__10-K__0001041803-24-000044__Item_5.txt
PSMT,Item_6,39,data\03_sections\PSMT__10-K__0001041803-24-000044__Item_6.txt
PSMT,Item_7,79836,data\03_sections\PSMT__10-K__0001041803-24-000044__Item_7.txt
PSMT,Item_7A,13721,data\03_sections\PSMT__10-K__0001041803-24-000044__Item_7A.txt
PSMT,Item_8,142,data\03_sections\PSMT__10-K__0001041803-24-000044__Item_8.txt
PSMT,Item_9,99,data\03_sections\PSMT__10-K__0001041803-24-000044__Item_9.txt
PSMT,Item_9A,9554,data\03_sections\PSMT__10-K__0001041803-24-000044__Item_9A.txt
PSMT,Item_9B,1186,data\03_sections\PSMT__10-K__0001041803-24-000044__Item_9B.txt
PSMT,Item_9C,102,data\03_sections\PSMT__10-K__0001041803-24-000044__Item_9C.txt
PSMT,Item_10,1380,data\03_sections\PSMT__10-K__0001041803-24-000044__Item_10.txt
PSMT,Item_11,245,data\03_sections\PSMT__10-K__0001041803-24-000044__Item_11.txt
PSMT,Item_12,390,data\03_sections\PSMT__10-K__0001041803-24-000044__Item_12.txt
PSMT,Item_13,354,data\03_sections\PSMT__10-K__0001041803-24-000044__Item_13.txt
PSMT,Item_14,5922,data\03_sections\PSMT__10-K__0001041803-24-000044__Item_14.txt
PSMT,Signatures,127012,data\03_sections\PSMT__10-K__0001041803-24-000044__Signatures.txt
PSMT,HEADER,36705,data\03_sections\PSMT__10-K__0001041803-25-000060__HEADER.txt
PSMT,Item_1,38006,data\03_sections\PSMT__10-K__0001041803-25-000060__Item_1.txt
PSMT,Item_1A,71023,data\03_sections\PSMT__10-K__0001041803-25-000060__Item_1A.txt
PSMT,Item_1B,62,data\03_sections\PSMT__10-K__0001041803-25-000060__Item_1B.txt
PSMT,Item_1C,6885,data\03_sections\PSMT__10-K__0001041803-25-000060__Item_1C.txt
PSMT,Item_2,3323,data\03_sections\PSMT__10-K__0001041803-25-000060__Item_2.txt
PSMT,Item_3,540,data\03_sections\PSMT__10-K__0001041803-25-000060__Item_3.txt
PSMT,Item_4,77,data\03_sections\PSMT__10-K__0001041803-25-000060__Item_4.txt
PSMT,Item_5,2635,data\03_sections\PSMT__10-K__0001041803-25-000060__Item_5.txt
PSMT,Item_6,39,data\03_sections\PSMT__10-K__0001041803-25-000060__Item_6.txt
PSMT,Item_7,69287,data\03_sections\PSMT__10-K__0001041803-25-000060__Item_7.txt
PSMT,Item_7A,13517,data\03_sections\PSMT__10-K__0001041803-25-000060__Item_7A.txt
PSMT,Item_8,142,data\03_sections\PSMT__10-K__0001041803-25-000060__Item_8.txt
PSMT,Item_9,99,data\03_sections\PSMT__10-K__0001041803-25-000060__Item_9.txt
PSMT,Item_9A,9561,data\03_sections\PSMT__10-K__0001041803-25-000060__Item_9A.txt
PSMT,Item_9B,1197,data\03_sections\PSMT__10-K__0001041803-25-000060__Item_9B.txt
PSMT,Item_9C,102,data\03_sections\PSMT__10-K__0001041803-25-000060__Item_9C.txt
PSMT,Item_10,1381,data\03_sections\PSMT__10-K__0001041803-25-000060__Item_10.txt
PSMT,Item_11,245,data\03_sections\PSMT__10-K__0001041803-25-000060__Item_11.txt
PSMT,Item_12,390,data\03_sections\PSMT__10-K__0001041803-25-000060__Item_12.txt
PSMT,Item_13,354,data\03_sections\PSMT__10-K__0001041803-25-000060__Item_13.txt
PSMT,Item_14,5414,data\03_sections\PSMT__10-K__0001041803-25-000060__Item_14.txt
PSMT,Signatures,124596,data\03_sections\PSMT__10-K__0001041803-25-000060__Signatures.txt
RDNW,HEADER,24585,data\03_sections\RDNW__10-K__0001596961-24-000021__HEADER.txt
RDNW,Item_1,13368,data\03_sections\RDNW__10-K__0001596961-24-000021__Item_1.txt
RDNW,Item_1A,60830,data\03_sections\RDNW__10-K__0001596961-24-000021__Item_1A.txt
RDNW,Item_1B,42,data\03_sections\RDNW__10-K__0001596961-24-000021__Item_1B.txt
RDNW,Item_1C,4479,data\03_sections\RDNW__10-K__0001596961-24-000021__Item_1C.txt
RDNW,Item_2,200,data\03_sections\RDNW__10-K__0001596961-24-000021__Item_2.txt
RDNW,Item_3,1594,data\03_sections\RDNW__10-K__0001596961-24-000021__Item_3.txt
RDNW,Item_4,60,data\03_sections\RDNW__10-K__0001596961-24-000021__Item_4.txt
RDNW,Item_5,978,data\03_sections\RDNW__10-K__0001596961-24-000021__Item_5.txt
RDNW,Item_6,22,data\03_sections\RDNW__10-K__0001596961-24-000021__Item_6.txt
RDNW,Item_7,33987,data\03_sections\RDNW__10-K__0001596961-24-000021__Item_7.txt
RDNW,Item_8,167,data\03_sections\RDNW__10-K__0001596961-24-000021__Item_8.txt
RDNW,Item_9,103,data\03_sections\RDNW__10-K__0001596961-24-000021__Item_9.txt
RDNW,Item_9A,8185,data\03_sections\RDNW__10-K__0001596961-24-000021__Item_9A.txt
RDNW,Item_10,287,data\03_sections\RDNW__10-K__0001596961-24-000021__Item_10.txt
RDNW,Item_11,255,data\03_sections\RDNW__10-K__0001596961-24-000021__Item_11.txt
RDNW,Item_12,327,data\03_sections\RDNW__10-K__0001596961-24-000021__Item_12.txt
RDNW,Item_13,306,data\03_sections\RDNW__10-K__0001596961-24-000021__Item_13.txt
RDNW,Item_14,282,data\03_sections\RDNW__10-K__0001596961-24-000021__Item_14.txt
RDNW,Item_15,548,data\03_sections\RDNW__10-K__0001596961-24-000021__Item_15.txt
RDNW,Signatures,117136,data\03_sections\RDNW__10-K__0001596961-24-000021__Signatures.txt
RDNW,HEADER,25273,data\03_sections\RDNW__10-K__0001596961-25-000024__HEADER.txt
RDNW,Item_1,10828,data\03_sections\RDNW__10-K__0001596961-25-000024__Item_1.txt
RDNW,Item_1A,65143,data\03_sections\RDNW__10-K__0001596961-25-000024__Item_1A.txt
RDNW,Item_1B,42,data\03_sections\RDNW__10-K__0001596961-25-000024__Item_1B.txt
RDNW,Item_1C,3356,data\03_sections\RDNW__10-K__0001596961-25-000024__Item_1C.txt
RDNW,Item_2,484,data\03_sections\RDNW__10-K__0001596961-25-000024__Item_2.txt
RDNW,Item_3,3502,data\03_sections\RDNW__10-K__0001596961-25-000024__Item_3.txt
RDNW,Item_4,78,data\03_sections\RDNW__10-K__0001596961-25-000024__Item_4.txt
RDNW,Item_5,919,data\03_sections\RDNW__10-K__0001596961-25-000024__Item_5.txt
RDNW,Item_6,34,data\03_sections\RDNW__10-K__0001596961-25-000024__Item_6.txt
RDNW,Item_7,26583,data\03_sections\RDNW__10-K__0001596961-25-000024__Item_7.txt
RDNW,Item_8,167,data\03_sections\RDNW__10-K__0001596961-25-000024__Item_8.txt
RDNW,Item_9,100,data\03_sections\RDNW__10-K__0001596961-25-000024__Item_9.txt
RDNW,Item_9A,9101,data\03_sections\RDNW__10-K__0001596961-25-000024__Item_9A.txt
RDNW,Item_10,537,data\03_sections\RDNW__10-K__0001596961-25-000024__Item_10.txt
RDNW,Item_11,255,data\03_sections\RDNW__10-K__0001596961-25-000024__Item_11.txt
RDNW,Item_12,327,data\03_sections\RDNW__10-K__0001596961-25-000024__Item_12.txt
RDNW,Item_13,306,data\03_sections\RDNW__10-K__0001596961-25-000024__Item_13.txt
RDNW,Item_14,300,data\03_sections\RDNW__10-K__0001596961-25-000024__Item_14.txt
RDNW,Item_15,602,data\03_sections\RDNW__10-K__0001596961-25-000024__Item_15.txt
RDNW,Signatures,92115,data\03_sections\RDNW__10-K__0001596961-25-000024__Signatures.txt
RDNW,HEADER,25035,data\03_sections\RDNW__10-K__0001596961-26-000015__HEADER.txt
RDNW,Item_1,11357,data\03_sections\RDNW__10-K__0001596961-26-000015__Item_1.txt
RDNW,Item_1A,77946,data\03_sections\RDNW__10-K__0001596961-26-000015__Item_1A.txt
RDNW,Item_1B,64,data\03_sections\RDNW__10-K__0001596961-26-000015__Item_1B.txt
RDNW,Item_1C,4115,data\03_sections\RDNW__10-K__0001596961-26-000015__Item_1C.txt
RDNW,Item_2,573,data\03_sections\RDNW__10-K__0001596961-26-000015__Item_2.txt
RDNW,Item_3,3407,data\03_sections\RDNW__10-K__0001596961-26-000015__Item_3.txt
RDNW,Item_4,79,data\03_sections\RDNW__10-K__0001596961-26-000015__Item_4.txt
RDNW,Item_5,935,data\03_sections\RDNW__10-K__0001596961-26-000015__Item_5.txt
RDNW,Item_6,34,data\03_sections\RDNW__10-K__0001596961-26-000015__Item_6.txt
RDNW,Item_7,24370,data\03_sections\RDNW__10-K__0001596961-26-000015__Item_7.txt
RDNW,Item_7A,115,data\03_sections\RDNW__10-K__0001596961-26-000015__Item_7A.txt
RDNW,Item_8,162,data\03_sections\RDNW__10-K__0001596961-26-000015__Item_8.txt
RDNW,Item_9,100,data\03_sections\RDNW__10-K__0001596961-26-000015__Item_9.txt
RDNW,Item_9A,9820,data\03_sections\RDNW__10-K__0001596961-26-000015__Item_9A.txt
RDNW,Item_10,444,data\03_sections\RDNW__10-K__0001596961-26-000015__Item_10.txt
RDNW,Item_11,254,data\03_sections\RDNW__10-K__0001596961-26-000015__Item_11.txt
RDNW,Item_12,326,data\03_sections\RDNW__10-K__0001596961-26-000015__Item_12.txt
RDNW,Item_13,305,data\03_sections\RDNW__10-K__0001596961-26-000015__Item_13.txt
RDNW,Item_14,300,data\03_sections\RDNW__10-K__0001596961-26-000015__Item_14.txt
RDNW,Item_15,600,data\03_sections\RDNW__10-K__0001596961-26-000015__Item_15.txt
RDNW,Signatures,80135,data\03_sections\RDNW__10-K__0001596961-26-000015__Signatures.txt
REAL,HEADER,23658,data\03_sections\REAL__10-K__0001573221-24-000030__HEADER.txt
REAL,Item_1,30730,data\03_sections\REAL__10-K__0001573221-24-000030__Item_1.txt
REAL,Item_1A,99160,data\03_sections\REAL__10-K__0001573221-24-000030__Item_1A.txt
REAL,Item_1B,42,data\03_sections\REAL__10-K__0001573221-24-000030__Item_1B.txt
REAL,Item_1C,7565,data\03_sections\REAL__10-K__0001573221-24-000030__Item_1C.txt
REAL,Item_2,683,data\03_sections\REAL__10-K__0001573221-24-000030__Item_2.txt
REAL,Item_3,5684,data\03_sections\REAL__10-K__0001573221-24-000030__Item_3.txt
REAL,Item_4,69,data\03_sections\REAL__10-K__0001573221-24-000030__Item_4.txt
REAL,Item_5,2155,data\03_sections\REAL__10-K__0001573221-24-000030__Item_5.txt
REAL,Item_6,39,data\03_sections\REAL__10-K__0001573221-24-000030__Item_6.txt
REAL,Item_7,46486,data\03_sections\REAL__10-K__0001573221-24-000030__Item_7.txt
REAL,Item_7A,234,data\03_sections\REAL__10-K__0001573221-24-000030__Item_7A.txt
REAL,Item_8,189,data\03_sections\REAL__10-K__0001573221-24-000030__Item_8.txt
REAL,Item_9,100,data\03_sections\REAL__10-K__0001573221-24-000030__Item_9.txt
REAL,Item_9A,4875,data\03_sections\REAL__10-K__0001573221-24-000030__Item_9A.txt
REAL,Item_9B,692,data\03_sections\REAL__10-K__0001573221-24-000030__Item_9B.txt
REAL,Item_9C,125,data\03_sections\REAL__10-K__0001573221-24-000030__Item_9C.txt
REAL,Item_10,284,data\03_sections\REAL__10-K__0001573221-24-000030__Item_10.txt
REAL,Item_11,131,data\03_sections\REAL__10-K__0001573221-24-000030__Item_11.txt
REAL,Item_12,203,data\03_sections\REAL__10-K__0001573221-24-000030__Item_12.txt
REAL,Item_13,182,data\03_sections\REAL__10-K__0001573221-24-000030__Item_13.txt
REAL,Item_14,279,data\03_sections\REAL__10-K__0001573221-24-000030__Item_14.txt
REAL,Item_15,308,data\03_sections\REAL__10-K__0001573221-24-000030__Item_15.txt
REAL,Item_16,778,data\03_sections\REAL__10-K__0001573221-24-000030__Item_16.txt
REAL,Signatures,89366,data\03_sections\REAL__10-K__0001573221-24-000030__Signatures.txt
REAL,HEADER,28078,data\03_sections\REAL__10-K__0001573221-25-000013__HEADER.txt
REAL,Item_1,25890,data\03_sections\REAL__10-K__0001573221-25-000013__Item_1.txt
REAL,Item_1A,108984,data\03_sections\REAL__10-K__0001573221-25-000013__Item_1A.txt
REAL,Item_1B,42,data\03_sections\REAL__10-K__0001573221-25-000013__Item_1B.txt
REAL,Item_1C,7903,data\03_sections\REAL__10-K__0001573221-25-000013__Item_1C.txt
REAL,Item_2,683,data\03_sections\REAL__10-K__0001573221-25-000013__Item_2.txt
REAL,Item_3,5722,data\03_sections\REAL__10-K__0001573221-25-000013__Item_3.txt
REAL,Item_4,68,data\03_sections\REAL__10-K__0001573221-25-000013__Item_4.txt
REAL,Item_5,2155,data\03_sections\REAL__10-K__0001573221-25-000013__Item_5.txt
REAL,Item_6,38,data\03_sections\REAL__10-K__0001573221-25-000013__Item_6.txt
REAL,Item_7,50289,data\03_sections\REAL__10-K__0001573221-25-000013__Item_7.txt
REAL,Item_7A,234,data\03_sections\REAL__10-K__0001573221-25-000013__Item_7A.txt
REAL,Item_8,189,data\03_sections\REAL__10-K__0001573221-25-000013__Item_8.txt
REAL,Item_9,100,data\03_sections\REAL__10-K__0001573221-25-000013__Item_9.txt
REAL,Item_9A,4736,data\03_sections\REAL__10-K__0001573221-25-000013__Item_9A.txt
REAL,Item_9B,297,data\03_sections\REAL__10-K__0001573221-25-000013__Item_9B.txt
REAL,Item_9C,124,data\03_sections\REAL__10-K__0001573221-25-000013__Item_9C.txt
REAL,Item_10,311,data\03_sections\REAL__10-K__0001573221-25-000013__Item_10.txt
REAL,Item_11,131,data\03_sections\REAL__10-K__0001573221-25-000013__Item_11.txt
REAL,Item_12,203,data\03_sections\REAL__10-K__0001573221-25-000013__Item_12.txt
REAL,Item_13,182,data\03_sections\REAL__10-K__0001573221-25-000013__Item_13.txt
REAL,Item_14,278,data\03_sections\REAL__10-K__0001573221-25-000013__Item_14.txt
REAL,Item_15,308,data\03_sections\REAL__10-K__0001573221-25-000013__Item_15.txt
REAL,Item_16,793,data\03_sections\REAL__10-K__0001573221-25-000013__Item_16.txt
REAL,Signatures,100869,data\03_sections\REAL__10-K__0001573221-25-000013__Signatures.txt
REAL,HEADER,31948,data\03_sections\REAL__10-K__0001573221-26-000010__HEADER.txt
REAL,Item_1,22773,data\03_sections\REAL__10-K__0001573221-26-000010__Item_1.txt
REAL,Item_1A,105028,data\03_sections\REAL__10-K__0001573221-26-000010__Item_1A.txt
REAL,Item_1B,42,data\03_sections\REAL__10-K__0001573221-26-000010__Item_1B.txt
REAL,Item_1C,7894,data\03_sections\REAL__10-K__0001573221-26-000010__Item_1C.txt
REAL,Item_2,659,data\03_sections\REAL__10-K__0001573221-26-000010__Item_2.txt
REAL,Item_3,6301,data\03_sections\REAL__10-K__0001573221-26-000010__Item_3.txt
REAL,Item_4,68,data\03_sections\REAL__10-K__0001573221-26-000010__Item_4.txt
REAL,Item_5,2154,data\03_sections\REAL__10-K__0001573221-26-000010__Item_5.txt
REAL,Item_6,38,data\03_sections\REAL__10-K__0001573221-26-000010__Item_6.txt
REAL,Item_7,49480,data\03_sections\REAL__10-K__0001573221-26-000010__Item_7.txt
REAL,Item_7A,923,data\03_sections\REAL__10-K__0001573221-26-000010__Item_7A.txt
REAL,Item_8,189,data\03_sections\REAL__10-K__0001573221-26-000010__Item_8.txt
REAL,Item_9,100,data\03_sections\REAL__10-K__0001573221-26-000010__Item_9.txt
REAL,Item_9A,4736,data\03_sections\REAL__10-K__0001573221-26-000010__Item_9A.txt
REAL,Item_9B,297,data\03_sections\REAL__10-K__0001573221-26-000010__Item_9B.txt
REAL,Item_9C,124,data\03_sections\REAL__10-K__0001573221-26-000010__Item_9C.txt
REAL,Item_10,311,data\03_sections\REAL__10-K__0001573221-26-000010__Item_10.txt
REAL,Item_11,131,data\03_sections\REAL__10-K__0001573221-26-000010__Item_11.txt
REAL,Item_12,203,data\03_sections\REAL__10-K__0001573221-26-000010__Item_12.txt
REAL,Item_13,182,data\03_sections\REAL__10-K__0001573221-26-000010__Item_13.txt
REAL,Item_14,278,data\03_sections\REAL__10-K__0001573221-26-000010__Item_14.txt
REAL,Item_15,308,data\03_sections\REAL__10-K__0001573221-26-000010__Item_15.txt
REAL,Item_16,772,data\03_sections\REAL__10-K__0001573221-26-000010__Item_16.txt
REAL,Signatures,105205,data\03_sections\REAL__10-K__0001573221-26-000010__Signatures.txt
REBN,HEADER,7130,data\03_sections\REBN__10-K__0001213900-24-026917__HEADER.txt
REBN,Item_1,23164,data\03_sections\REBN__10-K__0001213900-24-026917__Item_1.txt
REBN,Item_1A,126345,data\03_sections\REBN__10-K__0001213900-24-026917__Item_1A.txt
REBN,Item_1B,42,data\03_sections\REBN__10-K__0001213900-24-026917__Item_1B.txt
REBN,Item_1C,3132,data\03_sections\REBN__10-K__0001213900-24-026917__Item_1C.txt
REBN,Item_2,248,data\03_sections\REBN__10-K__0001213900-24-026917__Item_2.txt
REBN,Item_3,646,data\03_sections\REBN__10-K__0001213900-24-026917__Item_3.txt
REBN,Item_4,52,data\03_sections\REBN__10-K__0001213900-24-026917__Item_4.txt
REBN,Item_5,1807,data\03_sections\REBN__10-K__0001213900-24-026917__Item_5.txt
REBN,Item_6,18,data\03_sections\REBN__10-K__0001213900-24-026917__Item_6.txt
REBN,Item_7,20929,data\03_sections\REBN__10-K__0001213900-24-026917__Item_7.txt
REBN,Item_7A,250,data\03_sections\REBN__10-K__0001213900-24-026917__Item_7A.txt
REBN,Item_8,211,data\03_sections\REBN__10-K__0001213900-24-026917__Item_8.txt
REBN,Item_9,101,data\03_sections\REBN__10-K__0001213900-24-026917__Item_9.txt
REBN,Item_9A,4970,data\03_sections\REBN__10-K__0001213900-24-026917__Item_9A.txt
REBN,Item_9B,342,data\03_sections\REBN__10-K__0001213900-24-026917__Item_9B.txt
REBN,Item_9C,108,data\03_sections\REBN__10-K__0001213900-24-026917__Item_9C.txt
REBN,Item_10,16955,data\03_sections\REBN__10-K__0001213900-24-026917__Item_10.txt
REBN,Item_11,3252,data\03_sections\REBN__10-K__0001213900-24-026917__Item_11.txt
REBN,Item_12,1120,data\03_sections\REBN__10-K__0001213900-24-026917__Item_12.txt
REBN,Item_13,6174,data\03_sections\REBN__10-K__0001213900-24-026917__Item_13.txt
REBN,Item_14,3333,data\03_sections\REBN__10-K__0001213900-24-026917__Item_14.txt
REBN,Item_15,439,data\03_sections\REBN__10-K__0001213900-24-026917__Item_15.txt
REBN,Item_16,35305,data\03_sections\REBN__10-K__0001213900-24-026917__Item_16.txt
REBN,Signatures,5948,data\03_sections\REBN__10-K__0001213900-24-026917__Signatures.txt
REBN,HEADER,6772,data\03_sections\REBN__10-K__0001213900-25-026307__HEADER.txt
REBN,Item_1,24486,data\03_sections\REBN__10-K__0001213900-25-026307__Item_1.txt
REBN,Item_1A,135101,data\03_sections\REBN__10-K__0001213900-25-026307__Item_1A.txt
REBN,Item_1B,42,data\03_sections\REBN__10-K__0001213900-25-026307__Item_1B.txt
REBN,Item_1C,3132,data\03_sections\REBN__10-K__0001213900-25-026307__Item_1C.txt
REBN,Item_2,275,data\03_sections\REBN__10-K__0001213900-25-026307__Item_2.txt
REBN,Item_3,1704,data\03_sections\REBN__10-K__0001213900-25-026307__Item_3.txt
REBN,Item_4,62,data\03_sections\REBN__10-K__0001213900-25-026307__Item_4.txt
REBN,Item_5,3046,data\03_sections\REBN__10-K__0001213900-25-026307__Item_5.txt
REBN,Item_6,18,data\03_sections\REBN__10-K__0001213900-25-026307__Item_6.txt
REBN,Item_7,16352,data\03_sections\REBN__10-K__0001213900-25-026307__Item_7.txt
REBN,Item_7A,250,data\03_sections\REBN__10-K__0001213900-25-026307__Item_7A.txt
REBN,Item_8,211,data\03_sections\REBN__10-K__0001213900-25-026307__Item_8.txt
REBN,Item_9,101,data\03_sections\REBN__10-K__0001213900-25-026307__Item_9.txt
REBN,Item_9A,4977,data\03_sections\REBN__10-K__0001213900-25-026307__Item_9A.txt
REBN,Item_9B,341,data\03_sections\REBN__10-K__0001213900-25-026307__Item_9B.txt
REBN,Item_9C,108,data\03_sections\REBN__10-K__0001213900-25-026307__Item_9C.txt
REBN,Item_10,16553,data\03_sections\REBN__10-K__0001213900-25-026307__Item_10.txt
REBN,Item_11,3763,data\03_sections\REBN__10-K__0001213900-25-026307__Item_11.txt
REBN,Item_12,1113,data\03_sections\REBN__10-K__0001213900-25-026307__Item_12.txt
REBN,Item_13,5952,data\03_sections\REBN__10-K__0001213900-25-026307__Item_13.txt
REBN,Item_14,1810,data\03_sections\REBN__10-K__0001213900-25-026307__Item_14.txt
REBN,Item_15,458,data\03_sections\REBN__10-K__0001213900-25-026307__Item_15.txt
REBN,Item_16,44021,data\03_sections\REBN__10-K__0001213900-25-026307__Item_16.txt
REBN,Signatures,11263,data\03_sections\REBN__10-K__0001213900-25-026307__Signatures.txt
REBN,HEADER,6687,data\03_sections\REBN__10-K__0001213900-26-046490__HEADER.txt
REBN,Item_1,22921,data\03_sections\REBN__10-K__0001213900-26-046490__Item_1.txt
REBN,Item_1A,132279,data\03_sections\REBN__10-K__0001213900-26-046490__Item_1A.txt
REBN,Item_1B,42,data\03_sections\REBN__10-K__0001213900-26-046490__Item_1B.txt
REBN,Item_1C,3131,data\03_sections\REBN__10-K__0001213900-26-046490__Item_1C.txt
REBN,Item_2,264,data\03_sections\REBN__10-K__0001213900-26-046490__Item_2.txt
REBN,Item_3,1704,data\03_sections\REBN__10-K__0001213900-26-046490__Item_3.txt
REBN,Item_4,62,data\03_sections\REBN__10-K__0001213900-26-046490__Item_4.txt
REBN,Item_5,2999,data\03_sections\REBN__10-K__0001213900-26-046490__Item_5.txt
REBN,Item_6,18,data\03_sections\REBN__10-K__0001213900-26-046490__Item_6.txt
REBN,Item_7,25471,data\03_sections\REBN__10-K__0001213900-26-046490__Item_7.txt
REBN,Item_7A,250,data\03_sections\REBN__10-K__0001213900-26-046490__Item_7A.txt
REBN,Item_8,211,data\03_sections\REBN__10-K__0001213900-26-046490__Item_8.txt
REBN,Item_9,101,data\03_sections\REBN__10-K__0001213900-26-046490__Item_9.txt
REBN,Item_9A,5638,data\03_sections\REBN__10-K__0001213900-26-046490__Item_9A.txt
REBN,Item_9B,341,data\03_sections\REBN__10-K__0001213900-26-046490__Item_9B.txt
REBN,Item_9C,108,data\03_sections\REBN__10-K__0001213900-26-046490__Item_9C.txt
REBN,Item_10,17618,data\03_sections\REBN__10-K__0001213900-26-046490__Item_10.txt
REBN,Item_11,3217,data\03_sections\REBN__10-K__0001213900-26-046490__Item_11.txt
REBN,Item_12,1132,data\03_sections\REBN__10-K__0001213900-26-046490__Item_12.txt
REBN,Item_13,5972,data\03_sections\REBN__10-K__0001213900-26-046490__Item_13.txt
REBN,Item_14,1871,data\03_sections\REBN__10-K__0001213900-26-046490__Item_14.txt
REBN,Item_15,515,data\03_sections\REBN__10-K__0001213900-26-046490__Item_15.txt
REBN,Item_16,58261,data\03_sections\REBN__10-K__0001213900-26-046490__Item_16.txt
REBN,Signatures,12884,data\03_sections\REBN__10-K__0001213900-26-046490__Signatures.txt
RENT,HEADER,29221,data\03_sections\RENT__10-K__0001468327-24-000114__HEADER.txt
RENT,Item_1,48684,data\03_sections\RENT__10-K__0001468327-24-000114__Item_1.txt
RENT,Item_1A,204906,data\03_sections\RENT__10-K__0001468327-24-000114__Item_1A.txt
RENT,Item_1B,41,data\03_sections\RENT__10-K__0001468327-24-000114__Item_1B.txt
RENT,Item_1C,4244,data\03_sections\RENT__10-K__0001468327-24-000114__Item_1C.txt
RENT,Item_2,662,data\03_sections\RENT__10-K__0001468327-24-000114__Item_2.txt
RENT,Item_3,196,data\03_sections\RENT__10-K__0001468327-24-000114__Item_3.txt
RENT,Item_4,77,data\03_sections\RENT__10-K__0001468327-24-000114__Item_4.txt
RENT,Item_5,3278,data\03_sections\RENT__10-K__0001468327-24-000114__Item_5.txt
RENT,Item_6,82586,data\03_sections\RENT__10-K__0001468327-24-000114__Item_6.txt
RENT,Item_7A,2904,data\03_sections\RENT__10-K__0001468327-24-000114__Item_7A.txt
RENT,Item_8,93915,data\03_sections\RENT__10-K__0001468327-24-000114__Item_8.txt
RENT,Item_9,99,data\03_sections\RENT__10-K__0001468327-24-000114__Item_9.txt
RENT,Item_9A,8006,data\03_sections\RENT__10-K__0001468327-24-000114__Item_9A.txt
RENT,Item_9B,571,data\03_sections\RENT__10-K__0001468327-24-000114__Item_9B.txt
RENT,Item_9C,110,data\03_sections\RENT__10-K__0001468327-24-000114__Item_9C.txt
RENT,Item_10,298,data\03_sections\RENT__10-K__0001468327-24-000114__Item_10.txt
RENT,Item_11,125,data\03_sections\RENT__10-K__0001468327-24-000114__Item_11.txt
RENT,Item_12,165,data\03_sections\RENT__10-K__0001468327-24-000114__Item_12.txt
RENT,Item_13,175,data\03_sections\RENT__10-K__0001468327-24-000114__Item_13.txt
RENT,Item_14,153,data\03_sections\RENT__10-K__0001468327-24-000114__Item_14.txt
RENT,Item_15,1241,data\03_sections\RENT__10-K__0001468327-24-000114__Item_15.txt
RENT,Item_16,37,data\03_sections\RENT__10-K__0001468327-24-000114__Item_16.txt
RENT,Signatures,467,data\03_sections\RENT__10-K__0001468327-24-000114__Signatures.txt
RENT,HEADER,25603,data\03_sections\RENT__10-K__0001468327-25-000056__HEADER.txt
RENT,Item_1,44359,data\03_sections\RENT__10-K__0001468327-25-000056__Item_1.txt
RENT,Item_1A,206070,data\03_sections\RENT__10-K__0001468327-25-000056__Item_1A.txt
RENT,Item_1B,41,data\03_sections\RENT__10-K__0001468327-25-000056__Item_1B.txt
RENT,Item_1C,4917,data\03_sections\RENT__10-K__0001468327-25-000056__Item_1C.txt
RENT,Item_2,760,data\03_sections\RENT__10-K__0001468327-25-000056__Item_2.txt
RENT,Item_3,196,data\03_sections\RENT__10-K__0001468327-25-000056__Item_3.txt
RENT,Item_4,77,data\03_sections\RENT__10-K__0001468327-25-000056__Item_4.txt
RENT,Item_5,2743,data\03_sections\RENT__10-K__0001468327-25-000056__Item_5.txt
RENT,Item_6,76822,data\03_sections\RENT__10-K__0001468327-25-000056__Item_6.txt
RENT,Item_7A,2907,data\03_sections\RENT__10-K__0001468327-25-000056__Item_7A.txt
RENT,Item_8,85420,data\03_sections\RENT__10-K__0001468327-25-000056__Item_8.txt
RENT,Item_9,99,data\03_sections\RENT__10-K__0001468327-25-000056__Item_9.txt
RENT,Item_9A,7973,data\03_sections\RENT__10-K__0001468327-25-000056__Item_9A.txt
RENT,Item_9B,541,data\03_sections\RENT__10-K__0001468327-25-000056__Item_9B.txt
RENT,Item_9C,106,data\03_sections\RENT__10-K__0001468327-25-000056__Item_9C.txt
RENT,Item_10,627,data\03_sections\RENT__10-K__0001468327-25-000056__Item_10.txt
RENT,Item_11,125,data\03_sections\RENT__10-K__0001468327-25-000056__Item_11.txt
RENT,Item_12,165,data\03_sections\RENT__10-K__0001468327-25-000056__Item_12.txt
RENT,Item_13,175,data\03_sections\RENT__10-K__0001468327-25-000056__Item_13.txt
RENT,Item_14,153,data\03_sections\RENT__10-K__0001468327-25-000056__Item_14.txt
RENT,Item_15,1569,data\03_sections\RENT__10-K__0001468327-25-000056__Item_15.txt
RENT,Item_16,37,data\03_sections\RENT__10-K__0001468327-25-000056__Item_16.txt
RENT,Signatures,467,data\03_sections\RENT__10-K__0001468327-25-000056__Signatures.txt
RENT,HEADER,30152,data\03_sections\RENT__10-K__0001468327-26-000020__HEADER.txt
RENT,Item_1,46039,data\03_sections\RENT__10-K__0001468327-26-000020__Item_1.txt
RENT,Item_1A,237362,data\03_sections\RENT__10-K__0001468327-26-000020__Item_1A.txt
RENT,Item_1B,41,data\03_sections\RENT__10-K__0001468327-26-000020__Item_1B.txt
RENT,Item_1C,5032,data\03_sections\RENT__10-K__0001468327-26-000020__Item_1C.txt
RENT,Item_2,792,data\03_sections\RENT__10-K__0001468327-26-000020__Item_2.txt
RENT,Item_3,196,data\03_sections\RENT__10-K__0001468327-26-000020__Item_3.txt
RENT,Item_4,77,data\03_sections\RENT__10-K__0001468327-26-000020__Item_4.txt
RENT,Item_5,2741,data\03_sections\RENT__10-K__0001468327-26-000020__Item_5.txt
RENT,Item_6,77013,data\03_sections\RENT__10-K__0001468327-26-000020__Item_6.txt
RENT,Item_7A,2907,data\03_sections\RENT__10-K__0001468327-26-000020__Item_7A.txt
RENT,Item_8,107748,data\03_sections\RENT__10-K__0001468327-26-000020__Item_8.txt
RENT,Item_9,99,data\03_sections\RENT__10-K__0001468327-26-000020__Item_9.txt
RENT,Item_9A,8180,data\03_sections\RENT__10-K__0001468327-26-000020__Item_9A.txt
RENT,Item_9B,171,data\03_sections\RENT__10-K__0001468327-26-000020__Item_9B.txt
RENT,Item_9C,106,data\03_sections\RENT__10-K__0001468327-26-000020__Item_9C.txt
RENT,Item_10,627,data\03_sections\RENT__10-K__0001468327-26-000020__Item_10.txt
RENT,Item_11,125,data\03_sections\RENT__10-K__0001468327-26-000020__Item_11.txt
RENT,Item_12,165,data\03_sections\RENT__10-K__0001468327-26-000020__Item_12.txt
RENT,Item_13,175,data\03_sections\RENT__10-K__0001468327-26-000020__Item_13.txt
RENT,Item_14,153,data\03_sections\RENT__10-K__0001468327-26-000020__Item_14.txt
RENT,Item_15,1571,data\03_sections\RENT__10-K__0001468327-26-000020__Item_15.txt
RENT,Item_16,37,data\03_sections\RENT__10-K__0001468327-26-000020__Item_16.txt
RENT,Signatures,467,data\03_sections\RENT__10-K__0001468327-26-000020__Signatures.txt
RH,HEADER,41422,data\03_sections\RH__10-K__0001104659-26-037992__HEADER.txt
RH,Item_1,15273,data\03_sections\RH__10-K__0001104659-26-037992__Item_1.txt
RH,Item_1A,49433,data\03_sections\RH__10-K__0001104659-26-037992__Item_1A.txt
RH,Item_1B,41,data\03_sections\RH__10-K__0001104659-26-037992__Item_1B.txt
RH,Item_1C,6276,data\03_sections\RH__10-K__0001104659-26-037992__Item_1C.txt
RH,Item_2,1633,data\03_sections\RH__10-K__0001104659-26-037992__Item_2.txt
RH,Item_3,2021,data\03_sections\RH__10-K__0001104659-26-037992__Item_3.txt
RH,Item_4,104,data\03_sections\RH__10-K__0001104659-26-037992__Item_4.txt
RH,Item_5,1939,data\03_sections\RH__10-K__0001104659-26-037992__Item_5.txt
RH,Item_6,63,data\03_sections\RH__10-K__0001104659-26-037992__Item_6.txt
RH,Item_7,5465,data\03_sections\RH__10-K__0001104659-26-037992__Item_7.txt
RH,Item_7A,5980,data\03_sections\RH__10-K__0001104659-26-037992__Item_7A.txt
RH,Item_8,123917,data\03_sections\RH__10-K__0001104659-26-037992__Item_8.txt
RH,Item_9,99,data\03_sections\RH__10-K__0001104659-26-037992__Item_9.txt
RH,Item_9A,3116,data\03_sections\RH__10-K__0001104659-26-037992__Item_9A.txt
RH,Item_9B,781,data\03_sections\RH__10-K__0001104659-26-037992__Item_9B.txt
RH,Item_9C,147,data\03_sections\RH__10-K__0001104659-26-037992__Item_9C.txt
RH,Item_10,263,data\03_sections\RH__10-K__0001104659-26-037992__Item_10.txt
RH,Item_11,152,data\03_sections\RH__10-K__0001104659-26-037992__Item_11.txt
RH,Item_12,224,data\03_sections\RH__10-K__0001104659-26-037992__Item_12.txt
RH,Item_13,202,data\03_sections\RH__10-K__0001104659-26-037992__Item_13.txt
RH,Item_14,227,data\03_sections\RH__10-K__0001104659-26-037992__Item_14.txt
RH,Item_15,1380,data\03_sections\RH__10-K__0001104659-26-037992__Item_15.txt
RH,Item_16,518,data\03_sections\RH__10-K__0001104659-26-037992__Item_16.txt
RH,Signatures,1549,data\03_sections\RH__10-K__0001104659-26-037992__Signatures.txt
RH,HEADER,42325,data\03_sections\RH__10-K__0001558370-24-004248__HEADER.txt
RH,Item_1A,57427,data\03_sections\RH__10-K__0001558370-24-004248__Item_1A.txt
RH,Item_1,14379,data\03_sections\RH__10-K__0001558370-24-004248__Item_1.txt
RH,Item_1B,41,data\03_sections\RH__10-K__0001558370-24-004248__Item_1B.txt
RH,Item_1C,6194,data\03_sections\RH__10-K__0001558370-24-004248__Item_1C.txt
RH,Item_2,1628,data\03_sections\RH__10-K__0001558370-24-004248__Item_2.txt
RH,Item_3,2090,data\03_sections\RH__10-K__0001558370-24-004248__Item_3.txt
RH,Item_4,104,data\03_sections\RH__10-K__0001558370-24-004248__Item_4.txt
RH,Item_5,1940,data\03_sections\RH__10-K__0001558370-24-004248__Item_5.txt
RH,Item_6,63,data\03_sections\RH__10-K__0001558370-24-004248__Item_6.txt
RH,Item_7,5522,data\03_sections\RH__10-K__0001558370-24-004248__Item_7.txt
RH,Item_7A,6831,data\03_sections\RH__10-K__0001558370-24-004248__Item_7A.txt
RH,Item_8,137999,data\03_sections\RH__10-K__0001558370-24-004248__Item_8.txt
RH,Item_9,99,data\03_sections\RH__10-K__0001558370-24-004248__Item_9.txt
RH,Item_9A,3116,data\03_sections\RH__10-K__0001558370-24-004248__Item_9A.txt
RH,Item_9B,826,data\03_sections\RH__10-K__0001558370-24-004248__Item_9B.txt
RH,Item_9C,147,data\03_sections\RH__10-K__0001558370-24-004248__Item_9C.txt
RH,Item_10,263,data\03_sections\RH__10-K__0001558370-24-004248__Item_10.txt
RH,Item_11,152,data\03_sections\RH__10-K__0001558370-24-004248__Item_11.txt
RH,Item_12,224,data\03_sections\RH__10-K__0001558370-24-004248__Item_12.txt
RH,Item_13,202,data\03_sections\RH__10-K__0001558370-24-004248__Item_13.txt
RH,Item_14,227,data\03_sections\RH__10-K__0001558370-24-004248__Item_14.txt
RH,Item_15,1380,data\03_sections\RH__10-K__0001558370-24-004248__Item_15.txt
RH,Item_16,366,data\03_sections\RH__10-K__0001558370-24-004248__Item_16.txt
RH,Signatures,1549,data\03_sections\RH__10-K__0001558370-24-004248__Signatures.txt
RH,HEADER,47942,data\03_sections\RH__10-K__0001558370-25-004329__HEADER.txt
RH,Item_1,15733,data\03_sections\RH__10-K__0001558370-25-004329__Item_1.txt
RH,Item_1A,50014,data\03_sections\RH__10-K__0001558370-25-004329__Item_1A.txt
RH,Item_1B,41,data\03_sections\RH__10-K__0001558370-25-004329__Item_1B.txt
RH,Item_1C,6278,data\03_sections\RH__10-K__0001558370-25-004329__Item_1C.txt
RH,Item_2,1572,data\03_sections\RH__10-K__0001558370-25-004329__Item_2.txt
RH,Item_3,2021,data\03_sections\RH__10-K__0001558370-25-004329__Item_3.txt
RH,Item_4,104,data\03_sections\RH__10-K__0001558370-25-004329__Item_4.txt
RH,Item_5,1937,data\03_sections\RH__10-K__0001558370-25-004329__Item_5.txt
RH,Item_6,61,data\03_sections\RH__10-K__0001558370-25-004329__Item_6.txt
RH,Item_7,5405,data\03_sections\RH__10-K__0001558370-25-004329__Item_7.txt
RH,Item_7A,6113,data\03_sections\RH__10-K__0001558370-25-004329__Item_7A.txt
RH,Item_8,138787,data\03_sections\RH__10-K__0001558370-25-004329__Item_8.txt
RH,Item_9,99,data\03_sections\RH__10-K__0001558370-25-004329__Item_9.txt
RH,Item_9A,3116,data\03_sections\RH__10-K__0001558370-25-004329__Item_9A.txt
RH,Item_9B,1414,data\03_sections\RH__10-K__0001558370-25-004329__Item_9B.txt
RH,Item_9C,414,data\03_sections\RH__10-K__0001558370-25-004329__Item_9C.txt
RH,Item_11,152,data\03_sections\RH__10-K__0001558370-25-004329__Item_11.txt
RH,Item_12,224,data\03_sections\RH__10-K__0001558370-25-004329__Item_12.txt
RH,Item_13,202,data\03_sections\RH__10-K__0001558370-25-004329__Item_13.txt
RH,Item_14,227,data\03_sections\RH__10-K__0001558370-25-004329__Item_14.txt
RH,Item_15,1380,data\03_sections\RH__10-K__0001558370-25-004329__Item_15.txt
RH,Item_16,463,data\03_sections\RH__10-K__0001558370-25-004329__Item_16.txt
RH,Signatures,1548,data\03_sections\RH__10-K__0001558370-25-004329__Signatures.txt
RIME,HEADER,192654,data\03_sections\RIME__10-K__0001493152-23-024594__HEADER.txt
RIME,Signatures,78604,data\03_sections\RIME__10-K__0001493152-23-024594__Signatures.txt
RIME,FULL_DOCUMENT_FALLBACK,271260,data\03_sections\RIME__10-K__0001493152-23-024594__FULL_DOCUMENT_FALLBACK.txt
RIME,HEADER,33245,data\03_sections\RIME__10-K__0001493152-26-014724__HEADER.txt
RIME,Item_7,98,data\03_sections\RIME__10-K__0001493152-26-014724__Item_7.txt
RIME,Item_1A,90431,data\03_sections\RIME__10-K__0001493152-26-014724__Item_1A.txt
RIME,Item_8,983,data\03_sections\RIME__10-K__0001493152-26-014724__Item_8.txt
RIME,Signatures,130002,data\03_sections\RIME__10-K__0001493152-26-014724__Signatures.txt
RIME,HEADER,26972,data\03_sections\RIME__10-K__0001641172-25-004792__HEADER.txt
RIME,Item_7,98,data\03_sections\RIME__10-K__0001641172-25-004792__Item_7.txt
RIME,Item_1A,85905,data\03_sections\RIME__10-K__0001641172-25-004792__Item_1A.txt
RIME,Item_8,839,data\03_sections\RIME__10-K__0001641172-25-004792__Item_8.txt
RIME,Signatures,97652,data\03_sections\RIME__10-K__0001641172-25-004792__Signatures.txt
SAH,HEADER,29995,data\03_sections\SAH__10-K__0001043509-24-000022__HEADER.txt
SAH,Item_1,31423,data\03_sections\SAH__10-K__0001043509-24-000022__Item_1.txt
SAH,Item_1A,75176,data\03_sections\SAH__10-K__0001043509-24-000022__Item_1A.txt
SAH,Item_1B,42,data\03_sections\SAH__10-K__0001043509-24-000022__Item_1B.txt
SAH,Item_1C,4018,data\03_sections\SAH__10-K__0001043509-24-000022__Item_1C.txt
SAH,Item_2,1435,data\03_sections\SAH__10-K__0001043509-24-000022__Item_2.txt
SAH,Item_3,229,data\03_sections\SAH__10-K__0001043509-24-000022__Item_3.txt
SAH,Item_4,83,data\03_sections\SAH__10-K__0001043509-24-000022__Item_4.txt
SAH,Item_5,2826,data\03_sections\SAH__10-K__0001043509-24-000022__Item_5.txt
SAH,Item_6,131,data\03_sections\SAH__10-K__0001043509-24-000022__Item_6.txt
SAH,Item_7,122318,data\03_sections\SAH__10-K__0001043509-24-000022__Item_7.txt
SAH,Item_7A,3049,data\03_sections\SAH__10-K__0001043509-24-000022__Item_7A.txt
SAH,Item_8,147,data\03_sections\SAH__10-K__0001043509-24-000022__Item_8.txt
SAH,Item_9,100,data\03_sections\SAH__10-K__0001043509-24-000022__Item_9.txt
SAH,Item_9A,2666,data\03_sections\SAH__10-K__0001043509-24-000022__Item_9A.txt
SAH,Item_9B,353,data\03_sections\SAH__10-K__0001043509-24-000022__Item_9B.txt
SAH,Item_9C,119,data\03_sections\SAH__10-K__0001043509-24-000022__Item_9C.txt
SAH,Item_10,797,data\03_sections\SAH__10-K__0001043509-24-000022__Item_10.txt
SAH,Item_11,229,data\03_sections\SAH__10-K__0001043509-24-000022__Item_11.txt
SAH,Item_12,356,data\03_sections\SAH__10-K__0001043509-24-000022__Item_12.txt
SAH,Item_13,520,data\03_sections\SAH__10-K__0001043509-24-000022__Item_13.txt
SAH,Item_14,433,data\03_sections\SAH__10-K__0001043509-24-000022__Item_14.txt
SAH,Item_15,1498,data\03_sections\SAH__10-K__0001043509-24-000022__Item_15.txt
SAH,Item_16,60,data\03_sections\SAH__10-K__0001043509-24-000022__Item_16.txt
SAH,Signatures,118958,data\03_sections\SAH__10-K__0001043509-24-000022__Signatures.txt
SAH,HEADER,29830,data\03_sections\SAH__10-K__0001043509-25-000003__HEADER.txt
SAH,Item_1,31581,data\03_sections\SAH__10-K__0001043509-25-000003__Item_1.txt
SAH,Item_1A,78357,data\03_sections\SAH__10-K__0001043509-25-000003__Item_1A.txt
SAH,Item_1B,42,data\03_sections\SAH__10-K__0001043509-25-000003__Item_1B.txt
SAH,Item_1C,5065,data\03_sections\SAH__10-K__0001043509-25-000003__Item_1C.txt
SAH,Item_2,1399,data\03_sections\SAH__10-K__0001043509-25-000003__Item_2.txt
SAH,Item_3,229,data\03_sections\SAH__10-K__0001043509-25-000003__Item_3.txt
SAH,Item_4,83,data\03_sections\SAH__10-K__0001043509-25-000003__Item_4.txt
SAH,Item_5,2826,data\03_sections\SAH__10-K__0001043509-25-000003__Item_5.txt
SAH,Item_6,131,data\03_sections\SAH__10-K__0001043509-25-000003__Item_6.txt
SAH,Item_7,120820,data\03_sections\SAH__10-K__0001043509-25-000003__Item_7.txt
SAH,Item_7A,2939,data\03_sections\SAH__10-K__0001043509-25-000003__Item_7A.txt
SAH,Item_8,147,data\03_sections\SAH__10-K__0001043509-25-000003__Item_8.txt
SAH,Item_9,100,data\03_sections\SAH__10-K__0001043509-25-000003__Item_9.txt
SAH,Item_9A,2666,data\03_sections\SAH__10-K__0001043509-25-000003__Item_9A.txt
SAH,Item_9B,353,data\03_sections\SAH__10-K__0001043509-25-000003__Item_9B.txt
SAH,Item_9C,119,data\03_sections\SAH__10-K__0001043509-25-000003__Item_9C.txt
SAH,Item_10,797,data\03_sections\SAH__10-K__0001043509-25-000003__Item_10.txt
SAH,Item_11,229,data\03_sections\SAH__10-K__0001043509-25-000003__Item_11.txt
SAH,Item_12,356,data\03_sections\SAH__10-K__0001043509-25-000003__Item_12.txt
SAH,Item_13,520,data\03_sections\SAH__10-K__0001043509-25-000003__Item_13.txt
SAH,Item_14,433,data\03_sections\SAH__10-K__0001043509-25-000003__Item_14.txt
SAH,Item_15,1498,data\03_sections\SAH__10-K__0001043509-25-000003__Item_15.txt
SAH,Item_16,60,data\03_sections\SAH__10-K__0001043509-25-000003__Item_16.txt
SAH,Signatures,119715,data\03_sections\SAH__10-K__0001043509-25-000003__Signatures.txt
SAH,HEADER,28990,data\03_sections\SAH__10-K__0001628280-26-010570__HEADER.txt
SAH,Item_1,31377,data\03_sections\SAH__10-K__0001628280-26-010570__Item_1.txt
SAH,Item_1A,76487,data\03_sections\SAH__10-K__0001628280-26-010570__Item_1A.txt
SAH,Item_1B,42,data\03_sections\SAH__10-K__0001628280-26-010570__Item_1B.txt
SAH,Item_1C,4795,data\03_sections\SAH__10-K__0001628280-26-010570__Item_1C.txt
SAH,Item_2,1446,data\03_sections\SAH__10-K__0001628280-26-010570__Item_2.txt
SAH,Item_3,229,data\03_sections\SAH__10-K__0001628280-26-010570__Item_3.txt
SAH,Item_4,83,data\03_sections\SAH__10-K__0001628280-26-010570__Item_4.txt
SAH,Item_5,2826,data\03_sections\SAH__10-K__0001628280-26-010570__Item_5.txt
SAH,Item_6,131,data\03_sections\SAH__10-K__0001628280-26-010570__Item_6.txt
SAH,Item_7,108272,data\03_sections\SAH__10-K__0001628280-26-010570__Item_7.txt
SAH,Item_7A,991,data\03_sections\SAH__10-K__0001628280-26-010570__Item_7A.txt
SAH,Item_8,147,data\03_sections\SAH__10-K__0001628280-26-010570__Item_8.txt
SAH,Item_9,100,data\03_sections\SAH__10-K__0001628280-26-010570__Item_9.txt
SAH,Item_9A,2666,data\03_sections\SAH__10-K__0001628280-26-010570__Item_9A.txt
SAH,Item_9B,353,data\03_sections\SAH__10-K__0001628280-26-010570__Item_9B.txt
SAH,Item_9C,119,data\03_sections\SAH__10-K__0001628280-26-010570__Item_9C.txt
SAH,Item_10,797,data\03_sections\SAH__10-K__0001628280-26-010570__Item_10.txt
SAH,Item_11,229,data\03_sections\SAH__10-K__0001628280-26-010570__Item_11.txt
SAH,Item_12,356,data\03_sections\SAH__10-K__0001628280-26-010570__Item_12.txt
SAH,Item_13,520,data\03_sections\SAH__10-K__0001628280-26-010570__Item_13.txt
SAH,Item_14,433,data\03_sections\SAH__10-K__0001628280-26-010570__Item_14.txt
SAH,Item_15,1498,data\03_sections\SAH__10-K__0001628280-26-010570__Item_15.txt
SAH,Item_16,60,data\03_sections\SAH__10-K__0001628280-26-010570__Item_16.txt
SAH,Signatures,110492,data\03_sections\SAH__10-K__0001628280-26-010570__Signatures.txt
SBH,HEADER,133088,data\03_sections\SBH__10-K__0000950170-23-064558__HEADER.txt
SBH,Item_1B,717,data\03_sections\SBH__10-K__0000950170-23-064558__Item_1B.txt
SBH,Item_3,830,data\03_sections\SBH__10-K__0000950170-23-064558__Item_3.txt
SBH,Item_4,66,data\03_sections\SBH__10-K__0000950170-23-064558__Item_4.txt
SBH,Item_5,2316,data\03_sections\SBH__10-K__0000950170-23-064558__Item_5.txt
SBH,Item_7,33889,data\03_sections\SBH__10-K__0000950170-23-064558__Item_7.txt
SBH,Item_7A,4215,data\03_sections\SBH__10-K__0000950170-23-064558__Item_7A.txt
SBH,Item_8,141,data\03_sections\SBH__10-K__0000950170-23-064558__Item_8.txt
SBH,Item_9,109,data\03_sections\SBH__10-K__0000950170-23-064558__Item_9.txt
SBH,Item_9A,6778,data\03_sections\SBH__10-K__0000950170-23-064558__Item_9A.txt
SBH,Item_9B,3619,data\03_sections\SBH__10-K__0000950170-23-064558__Item_9B.txt
SBH,Item_15,755,data\03_sections\SBH__10-K__0000950170-23-064558__Item_15.txt
SBH,Item_16,78073,data\03_sections\SBH__10-K__0000950170-23-064558__Item_16.txt
SBH,HEADER,134324,data\03_sections\SBH__10-K__0000950170-24-127217__HEADER.txt
SBH,Item_1B,53,data\03_sections\SBH__10-K__0000950170-24-127217__Item_1B.txt
SBH,Item_1C,6726,data\03_sections\SBH__10-K__0000950170-24-127217__Item_1C.txt
SBH,Item_3,1087,data\03_sections\SBH__10-K__0000950170-24-127217__Item_3.txt
SBH,Item_4,66,data\03_sections\SBH__10-K__0000950170-24-127217__Item_4.txt
SBH,Item_5,2323,data\03_sections\SBH__10-K__0000950170-24-127217__Item_5.txt
SBH,Item_7,27259,data\03_sections\SBH__10-K__0000950170-24-127217__Item_7.txt
SBH,Item_7A,4214,data\03_sections\SBH__10-K__0000950170-24-127217__Item_7A.txt
SBH,Item_8,141,data\03_sections\SBH__10-K__0000950170-24-127217__Item_8.txt
SBH,Item_9,109,data\03_sections\SBH__10-K__0000950170-24-127217__Item_9.txt
SBH,Item_9A,6733,data\03_sections\SBH__10-K__0000950170-24-127217__Item_9A.txt
SBH,Item_9B,354,data\03_sections\SBH__10-K__0000950170-24-127217__Item_9B.txt
SBH,Item_9C,112,data\03_sections\SBH__10-K__0000950170-24-127217__Item_9C.txt
SBH,Item_10,1082,data\03_sections\SBH__10-K__0000950170-24-127217__Item_10.txt
SBH,Item_11,507,data\03_sections\SBH__10-K__0000950170-24-127217__Item_11.txt
SBH,Item_12,1293,data\03_sections\SBH__10-K__0000950170-24-127217__Item_12.txt
SBH,Item_13,438,data\03_sections\SBH__10-K__0000950170-24-127217__Item_13.txt
SBH,Item_14,322,data\03_sections\SBH__10-K__0000950170-24-127217__Item_14.txt
SBH,Item_15,781,data\03_sections\SBH__10-K__0000950170-24-127217__Item_15.txt
SBH,Item_16,77496,data\03_sections\SBH__10-K__0000950170-24-127217__Item_16.txt
SBH,HEADER,144080,data\03_sections\SBH__10-K__0001193125-25-280122__HEADER.txt
SBH,Item_1B,52,data\03_sections\SBH__10-K__0001193125-25-280122__Item_1B.txt
SBH,Item_1C,6127,data\03_sections\SBH__10-K__0001193125-25-280122__Item_1C.txt
SBH,Item_3,1085,data\03_sections\SBH__10-K__0001193125-25-280122__Item_3.txt
SBH,Item_4,65,data\03_sections\SBH__10-K__0001193125-25-280122__Item_4.txt
SBH,Item_5,2379,data\03_sections\SBH__10-K__0001193125-25-280122__Item_5.txt
SBH,Item_7,27295,data\03_sections\SBH__10-K__0001193125-25-280122__Item_7.txt
SBH,Item_7A,4205,data\03_sections\SBH__10-K__0001193125-25-280122__Item_7A.txt
SBH,Item_8,140,data\03_sections\SBH__10-K__0001193125-25-280122__Item_8.txt
SBH,Item_9,100,data\03_sections\SBH__10-K__0001193125-25-280122__Item_9.txt
SBH,Item_9A,6728,data\03_sections\SBH__10-K__0001193125-25-280122__Item_9A.txt
SBH,Item_9B,352,data\03_sections\SBH__10-K__0001193125-25-280122__Item_9B.txt
SBH,Item_9C,111,data\03_sections\SBH__10-K__0001193125-25-280122__Item_9C.txt
SBH,Item_10,1080,data\03_sections\SBH__10-K__0001193125-25-280122__Item_10.txt
SBH,Item_11,506,data\03_sections\SBH__10-K__0001193125-25-280122__Item_11.txt
SBH,Item_12,1291,data\03_sections\SBH__10-K__0001193125-25-280122__Item_12.txt
SBH,Item_13,437,data\03_sections\SBH__10-K__0001193125-25-280122__Item_13.txt
SBH,Item_14,321,data\03_sections\SBH__10-K__0001193125-25-280122__Item_14.txt
SBH,Item_15,832,data\03_sections\SBH__10-K__0001193125-25-280122__Item_15.txt
SBH,Item_16,80089,data\03_sections\SBH__10-K__0001193125-25-280122__Item_16.txt
SFM,HEADER,166355,data\03_sections\SFM__10-K__0000950170-24-018768__HEADER.txt
SFM,Item_7,138801,data\03_sections\SFM__10-K__0000950170-24-018768__Item_7.txt
SFM,FULL_DOCUMENT_FALLBACK,305158,data\03_sections\SFM__10-K__0000950170-24-018768__FULL_DOCUMENT_FALLBACK.txt
SFM,HEADER,167209,data\03_sections\SFM__10-K__0001575515-25-000011__HEADER.txt
SFM,Item_6,40,data\03_sections\SFM__10-K__0001575515-25-000011__Item_6.txt
SFM,Item_7,136043,data\03_sections\SFM__10-K__0001575515-25-000011__Item_7.txt
SFM,Signatures,466,data\03_sections\SFM__10-K__0001575515-25-000011__Signatures.txt
SFM,HEADER,160695,data\03_sections\SFM__10-K__0001575515-26-000008__HEADER.txt
SFM,Item_6,40,data\03_sections\SFM__10-K__0001575515-26-000008__Item_6.txt
SFM,Item_7,139639,data\03_sections\SFM__10-K__0001575515-26-000008__Item_7.txt
SFM,Signatures,466,data\03_sections\SFM__10-K__0001575515-26-000008__Signatures.txt
SGI,HEADER,39681,data\03_sections\SGI__10-K__0001206264-24-000050__HEADER.txt
SGI,Item_1,33058,data\03_sections\SGI__10-K__0001206264-24-000050__Item_1.txt
SGI,Item_1A,44317,data\03_sections\SGI__10-K__0001206264-24-000050__Item_1A.txt
SGI,Item_1B,63,data\03_sections\SGI__10-K__0001206264-24-000050__Item_1B.txt
SGI,Item_1C,6424,data\03_sections\SGI__10-K__0001206264-24-000050__Item_1C.txt
SGI,Item_2,777,data\03_sections\SGI__10-K__0001206264-24-000050__Item_2.txt
SGI,Item_3,311,data\03_sections\SGI__10-K__0001206264-24-000050__Item_3.txt
SGI,Item_4,69,data\03_sections\SGI__10-K__0001206264-24-000050__Item_4.txt
SGI,Item_5,4191,data\03_sections\SGI__10-K__0001206264-24-000050__Item_5.txt
SGI,Item_6,18,data\03_sections\SGI__10-K__0001206264-24-000050__Item_6.txt
SGI,Item_7,48153,data\03_sections\SGI__10-K__0001206264-24-000050__Item_7.txt
SGI,Item_7A,1332,data\03_sections\SGI__10-K__0001206264-24-000050__Item_7A.txt
SGI,Item_8,89842,data\03_sections\SGI__10-K__0001206264-24-000050__Item_8.txt
SGI,Item_9,99,data\03_sections\SGI__10-K__0001206264-24-000050__Item_9.txt
SGI,Item_9A,7358,data\03_sections\SGI__10-K__0001206264-24-000050__Item_9A.txt
SGI,Item_9B,285,data\03_sections\SGI__10-K__0001206264-24-000050__Item_9B.txt
SGI,Item_9C,92,data\03_sections\SGI__10-K__0001206264-24-000050__Item_9C.txt
SGI,Item_10,806,data\03_sections\SGI__10-K__0001206264-24-000050__Item_10.txt
SGI,Item_11,459,data\03_sections\SGI__10-K__0001206264-24-000050__Item_11.txt
SGI,Item_12,1016,data\03_sections\SGI__10-K__0001206264-24-000050__Item_12.txt
SGI,Item_13,400,data\03_sections\SGI__10-K__0001206264-24-000050__Item_13.txt
SGI,Item_14,415,data\03_sections\SGI__10-K__0001206264-24-000050__Item_14.txt
SGI,Item_15,1317,data\03_sections\SGI__10-K__0001206264-24-000050__Item_15.txt
SGI,Item_16,55,data\03_sections\SGI__10-K__0001206264-24-000050__Item_16.txt
SGI,Signatures,491,data\03_sections\SGI__10-K__0001206264-24-000050__Signatures.txt
SGI,HEADER,36681,data\03_sections\SGI__10-K__0001206264-25-000058__HEADER.txt
SGI,Item_1,37590,data\03_sections\SGI__10-K__0001206264-25-000058__Item_1.txt
SGI,Item_1A,42800,data\03_sections\SGI__10-K__0001206264-25-000058__Item_1A.txt
SGI,Item_1B,6073,data\03_sections\SGI__10-K__0001206264-25-000058__Item_1B.txt
SGI,Item_2,777,data\03_sections\SGI__10-K__0001206264-25-000058__Item_2.txt
SGI,Item_3,311,data\03_sections\SGI__10-K__0001206264-25-000058__Item_3.txt
SGI,Item_4,47,data\03_sections\SGI__10-K__0001206264-25-000058__Item_4.txt
SGI,Item_5,4232,data\03_sections\SGI__10-K__0001206264-25-000058__Item_5.txt
SGI,Item_6,18,data\03_sections\SGI__10-K__0001206264-25-000058__Item_6.txt
SGI,Item_7,49225,data\03_sections\SGI__10-K__0001206264-25-000058__Item_7.txt
SGI,Item_7A,1356,data\03_sections\SGI__10-K__0001206264-25-000058__Item_7A.txt
SGI,Item_8,87746,data\03_sections\SGI__10-K__0001206264-25-000058__Item_8.txt
SGI,Item_9,99,data\03_sections\SGI__10-K__0001206264-25-000058__Item_9.txt
SGI,Item_9A,7349,data\03_sections\SGI__10-K__0001206264-25-000058__Item_9A.txt
SGI,Item_9B,285,data\03_sections\SGI__10-K__0001206264-25-000058__Item_9B.txt
SGI,Item_9C,92,data\03_sections\SGI__10-K__0001206264-25-000058__Item_9C.txt
SGI,Item_10,1361,data\03_sections\SGI__10-K__0001206264-25-000058__Item_10.txt
SGI,Item_11,459,data\03_sections\SGI__10-K__0001206264-25-000058__Item_11.txt
SGI,Item_12,1016,data\03_sections\SGI__10-K__0001206264-25-000058__Item_12.txt
SGI,Item_13,400,data\03_sections\SGI__10-K__0001206264-25-000058__Item_13.txt
SGI,Item_14,415,data\03_sections\SGI__10-K__0001206264-25-000058__Item_14.txt
SGI,Item_15,1292,data\03_sections\SGI__10-K__0001206264-25-000058__Item_15.txt
SGI,Item_16,55,data\03_sections\SGI__10-K__0001206264-25-000058__Item_16.txt
SGI,Signatures,491,data\03_sections\SGI__10-K__0001206264-25-000058__Signatures.txt
SGI,HEADER,41459,data\03_sections\SGI__10-K__0001206264-26-000015__HEADER.txt
SGI,Item_1,36531,data\03_sections\SGI__10-K__0001206264-26-000015__Item_1.txt
SGI,Item_1A,43283,data\03_sections\SGI__10-K__0001206264-26-000015__Item_1A.txt
SGI,Item_1B,6196,data\03_sections\SGI__10-K__0001206264-26-000015__Item_1B.txt
SGI,Item_2,1015,data\03_sections\SGI__10-K__0001206264-26-000015__Item_2.txt
SGI,Item_3,311,data\03_sections\SGI__10-K__0001206264-26-000015__Item_3.txt
SGI,Item_4,68,data\03_sections\SGI__10-K__0001206264-26-000015__Item_4.txt
SGI,Item_5,3949,data\03_sections\SGI__10-K__0001206264-26-000015__Item_5.txt
SGI,Item_6,18,data\03_sections\SGI__10-K__0001206264-26-000015__Item_6.txt
SGI,Item_7,52243,data\03_sections\SGI__10-K__0001206264-26-000015__Item_7.txt
SGI,Item_7A,1793,data\03_sections\SGI__10-K__0001206264-26-000015__Item_7A.txt
SGI,Item_8,90536,data\03_sections\SGI__10-K__0001206264-26-000015__Item_8.txt
SGI,Item_9,99,data\03_sections\SGI__10-K__0001206264-26-000015__Item_9.txt
SGI,Item_9A,8412,data\03_sections\SGI__10-K__0001206264-26-000015__Item_9A.txt
SGI,Item_9B,285,data\03_sections\SGI__10-K__0001206264-26-000015__Item_9B.txt
SGI,Item_9C,92,data\03_sections\SGI__10-K__0001206264-26-000015__Item_9C.txt
SGI,Item_10,1361,data\03_sections\SGI__10-K__0001206264-26-000015__Item_10.txt
SGI,Item_11,481,data\03_sections\SGI__10-K__0001206264-26-000015__Item_11.txt
SGI,Item_12,995,data\03_sections\SGI__10-K__0001206264-26-000015__Item_12.txt
SGI,Item_13,400,data\03_sections\SGI__10-K__0001206264-26-000015__Item_13.txt
SGI,Item_14,436,data\03_sections\SGI__10-K__0001206264-26-000015__Item_14.txt
SGI,Item_15,1295,data\03_sections\SGI__10-K__0001206264-26-000015__Item_15.txt
SGI,Item_16,55,data\03_sections\SGI__10-K__0001206264-26-000015__Item_16.txt
SGI,Signatures,493,data\03_sections\SGI__10-K__0001206264-26-000015__Signatures.txt
SNBR,HEADER,18705,data\03_sections\SNBR__10-K__0000827187-24-000011__HEADER.txt
SNBR,Item_1,58684,data\03_sections\SNBR__10-K__0000827187-24-000011__Item_1.txt
SNBR,Item_1A,66753,data\03_sections\SNBR__10-K__0000827187-24-000011__Item_1A.txt
SNBR,Item_1B,59,data\03_sections\SNBR__10-K__0000827187-24-000011__Item_1B.txt
SNBR,Item_1C,6525,data\03_sections\SNBR__10-K__0000827187-24-000011__Item_1C.txt
SNBR,Item_2,2112,data\03_sections\SNBR__10-K__0000827187-24-000011__Item_2.txt
SNBR,Item_3,222,data\03_sections\SNBR__10-K__0000827187-24-000011__Item_3.txt
SNBR,Item_4,75,data\03_sections\SNBR__10-K__0000827187-24-000011__Item_4.txt
SNBR,Item_5,2845,data\03_sections\SNBR__10-K__0000827187-24-000011__Item_5.txt
SNBR,Item_6,5115,data\03_sections\SNBR__10-K__0000827187-24-000011__Item_6.txt
SNBR,Item_7,29968,data\03_sections\SNBR__10-K__0000827187-24-000011__Item_7.txt
SNBR,Item_7A,537,data\03_sections\SNBR__10-K__0000827187-24-000011__Item_7A.txt
SNBR,Item_8,66366,data\03_sections\SNBR__10-K__0000827187-24-000011__Item_8.txt
SNBR,Item_9,98,data\03_sections\SNBR__10-K__0000827187-24-000011__Item_9.txt
SNBR,Item_9A,4218,data\03_sections\SNBR__10-K__0000827187-24-000011__Item_9A.txt
SNBR,Item_9B,364,data\03_sections\SNBR__10-K__0000827187-24-000011__Item_9B.txt
SNBR,Item_9C,102,data\03_sections\SNBR__10-K__0000827187-24-000011__Item_9C.txt
SNBR,Item_10,1174,data\03_sections\SNBR__10-K__0000827187-24-000011__Item_10.txt
SNBR,Item_11,190,data\03_sections\SNBR__10-K__0000827187-24-000011__Item_11.txt
SNBR,Item_12,584,data\03_sections\SNBR__10-K__0000827187-24-000011__Item_12.txt
SNBR,Item_13,394,data\03_sections\SNBR__10-K__0000827187-24-000011__Item_13.txt
SNBR,Item_14,343,data\03_sections\SNBR__10-K__0000827187-24-000011__Item_14.txt
SNBR,Item_15,1408,data\03_sections\SNBR__10-K__0000827187-24-000011__Item_15.txt
SNBR,Item_16,62,data\03_sections\SNBR__10-K__0000827187-24-000011__Item_16.txt
SNBR,Signatures,1722,data\03_sections\SNBR__10-K__0000827187-24-000011__Signatures.txt
SNBR,HEADER,19924,data\03_sections\SNBR__10-K__0000827187-25-000018__HEADER.txt
SNBR,Item_1,128483,data\03_sections\SNBR__10-K__0000827187-25-000018__Item_1.txt
SNBR,Item_1B,41,data\03_sections\SNBR__10-K__0000827187-25-000018__Item_1B.txt
SNBR,Item_1C,6808,data\03_sections\SNBR__10-K__0000827187-25-000018__Item_1C.txt
SNBR,Item_2,2111,data\03_sections\SNBR__10-K__0000827187-25-000018__Item_2.txt
SNBR,Item_3,290,data\03_sections\SNBR__10-K__0000827187-25-000018__Item_3.txt
SNBR,Item_4,75,data\03_sections\SNBR__10-K__0000827187-25-000018__Item_4.txt
SNBR,Item_5,2869,data\03_sections\SNBR__10-K__0000827187-25-000018__Item_5.txt
SNBR,Item_7,35451,data\03_sections\SNBR__10-K__0000827187-25-000018__Item_7.txt
SNBR,Item_7A,538,data\03_sections\SNBR__10-K__0000827187-25-000018__Item_7A.txt
SNBR,Item_8,69027,data\03_sections\SNBR__10-K__0000827187-25-000018__Item_8.txt
SNBR,Item_9,98,data\03_sections\SNBR__10-K__0000827187-25-000018__Item_9.txt
SNBR,Item_9A,4219,data\03_sections\SNBR__10-K__0000827187-25-000018__Item_9A.txt
SNBR,Item_9B,380,data\03_sections\SNBR__10-K__0000827187-25-000018__Item_9B.txt
SNBR,Item_40,33,data\03_sections\SNBR__10-K__0000827187-25-000018__Item_40.txt
SNBR,Item_9C,102,data\03_sections\SNBR__10-K__0000827187-25-000018__Item_9C.txt
SNBR,Item_10,1252,data\03_sections\SNBR__10-K__0000827187-25-000018__Item_10.txt
SNBR,Item_11,190,data\03_sections\SNBR__10-K__0000827187-25-000018__Item_11.txt
SNBR,Item_12,584,data\03_sections\SNBR__10-K__0000827187-25-000018__Item_12.txt
SNBR,Item_13,413,data\03_sections\SNBR__10-K__0000827187-25-000018__Item_13.txt
SNBR,Item_14,325,data\03_sections\SNBR__10-K__0000827187-25-000018__Item_14.txt
SNBR,Item_15,1407,data\03_sections\SNBR__10-K__0000827187-25-000018__Item_15.txt
SNBR,Item_16,62,data\03_sections\SNBR__10-K__0000827187-25-000018__Item_16.txt
SNBR,Signatures,1704,data\03_sections\SNBR__10-K__0000827187-25-000018__Signatures.txt
SNBR,HEADER,149741,data\03_sections\SNBR__10-K__0000827187-26-000014__HEADER.txt
SNBR,Item_1B,6724,data\03_sections\SNBR__10-K__0000827187-26-000014__Item_1B.txt
SNBR,Item_2,1909,data\03_sections\SNBR__10-K__0000827187-26-000014__Item_2.txt
SNBR,Item_3,289,data\03_sections\SNBR__10-K__0000827187-26-000014__Item_3.txt
SNBR,Item_4,75,data\03_sections\SNBR__10-K__0000827187-26-000014__Item_4.txt
SNBR,Item_5,2475,data\03_sections\SNBR__10-K__0000827187-26-000014__Item_5.txt
SNBR,Item_6,35,data\03_sections\SNBR__10-K__0000827187-26-000014__Item_6.txt
SNBR,Item_7,22978,data\03_sections\SNBR__10-K__0000827187-26-000014__Item_7.txt
SNBR,Item_8,77594,data\03_sections\SNBR__10-K__0000827187-26-000014__Item_8.txt
SNBR,Item_7A,522,data\03_sections\SNBR__10-K__0000827187-26-000014__Item_7A.txt
SNBR,Item_9,98,data\03_sections\SNBR__10-K__0000827187-26-000014__Item_9.txt
SNBR,Item_9A,4215,data\03_sections\SNBR__10-K__0000827187-26-000014__Item_9A.txt
SNBR,Item_9B,410,data\03_sections\SNBR__10-K__0000827187-26-000014__Item_9B.txt
SNBR,Item_9C,1693,data\03_sections\SNBR__10-K__0000827187-26-000014__Item_9C.txt
SNBR,Item_11,266,data\03_sections\SNBR__10-K__0000827187-26-000014__Item_11.txt
SNBR,Item_12,714,data\03_sections\SNBR__10-K__0000827187-26-000014__Item_12.txt
SNBR,Item_13,421,data\03_sections\SNBR__10-K__0000827187-26-000014__Item_13.txt
SNBR,Item_14,334,data\03_sections\SNBR__10-K__0000827187-26-000014__Item_14.txt
SNBR,Item_15,1425,data\03_sections\SNBR__10-K__0000827187-26-000014__Item_15.txt
SNBR,Item_16,62,data\03_sections\SNBR__10-K__0000827187-26-000014__Item_16.txt
SNBR,Signatures,1721,data\03_sections\SNBR__10-K__0000827187-26-000014__Signatures.txt
SONO,HEADER,60697,data\03_sections\SONO__10-K__0000950170-23-065135__HEADER.txt
SONO,Item_1A,73827,data\03_sections\SONO__10-K__0000950170-23-065135__Item_1A.txt
SONO,Item_1B,43,data\03_sections\SONO__10-K__0000950170-23-065135__Item_1B.txt
SONO,Item_1C,568,data\03_sections\SONO__10-K__0000950170-23-065135__Item_1C.txt
SONO,Item_3,838,data\03_sections\SONO__10-K__0000950170-23-065135__Item_3.txt
SONO,Item_5,2925,data\03_sections\SONO__10-K__0000950170-23-065135__Item_5.txt
SONO,Item_7,47410,data\03_sections\SONO__10-K__0000950170-23-065135__Item_7.txt
SONO,Item_7A,3246,data\03_sections\SONO__10-K__0000950170-23-065135__Item_7A.txt
SONO,Item_8,88348,data\03_sections\SONO__10-K__0000950170-23-065135__Item_8.txt
SONO,Item_9,101,data\03_sections\SONO__10-K__0000950170-23-065135__Item_9.txt
SONO,Item_9A,2673,data\03_sections\SONO__10-K__0000950170-23-065135__Item_9A.txt
SONO,Item_9C,198,data\03_sections\SONO__10-K__0000950170-23-065135__Item_9C.txt
SONO,Item_10,502,data\03_sections\SONO__10-K__0000950170-23-065135__Item_10.txt
SONO,Item_11,886,data\03_sections\SONO__10-K__0000950170-23-065135__Item_11.txt
SONO,Item_13,472,data\03_sections\SONO__10-K__0000950170-23-065135__Item_13.txt
SONO,Item_14,526,data\03_sections\SONO__10-K__0000950170-23-065135__Item_14.txt
SONO,Item_15,3119,data\03_sections\SONO__10-K__0000950170-23-065135__Item_15.txt
SONO,HEADER,23639,data\03_sections\SONO__10-K__0001314727-24-000026__HEADER.txt
SONO,Item_1,31293,data\03_sections\SONO__10-K__0001314727-24-000026__Item_1.txt
SONO,Item_1A,71633,data\03_sections\SONO__10-K__0001314727-24-000026__Item_1A.txt
SONO,Item_1B,41,data\03_sections\SONO__10-K__0001314727-24-000026__Item_1B.txt
SONO,Item_1C,3725,data\03_sections\SONO__10-K__0001314727-24-000026__Item_1C.txt
SONO,Item_2,459,data\03_sections\SONO__10-K__0001314727-24-000026__Item_2.txt
SONO,Item_3,761,data\03_sections\SONO__10-K__0001314727-24-000026__Item_3.txt
SONO,Item_4,68,data\03_sections\SONO__10-K__0001314727-24-000026__Item_4.txt
SONO,Item_5,2738,data\03_sections\SONO__10-K__0001314727-24-000026__Item_5.txt
SONO,Item_6,41,data\03_sections\SONO__10-K__0001314727-24-000026__Item_6.txt
SONO,Item_7,35129,data\03_sections\SONO__10-K__0001314727-24-000026__Item_7.txt
SONO,Item_7A,3039,data\03_sections\SONO__10-K__0001314727-24-000026__Item_7A.txt
SONO,Item_8,88197,data\03_sections\SONO__10-K__0001314727-24-000026__Item_8.txt
SONO,Item_9,99,data\03_sections\SONO__10-K__0001314727-24-000026__Item_9.txt
SONO,Item_9A,5464,data\03_sections\SONO__10-K__0001314727-24-000026__Item_9A.txt
SONO,Item_9C,123,data\03_sections\SONO__10-K__0001314727-24-000026__Item_9C.txt
SONO,Item_10,500,data\03_sections\SONO__10-K__0001314727-24-000026__Item_10.txt
SONO,Item_11,388,data\03_sections\SONO__10-K__0001314727-24-000026__Item_11.txt
SONO,Item_12,493,data\03_sections\SONO__10-K__0001314727-24-000026__Item_12.txt
SONO,Item_13,469,data\03_sections\SONO__10-K__0001314727-24-000026__Item_13.txt
SONO,Item_14,432,data\03_sections\SONO__10-K__0001314727-24-000026__Item_14.txt
SONO,Item_15,1322,data\03_sections\SONO__10-K__0001314727-24-000026__Item_15.txt
SONO,Item_16,36,data\03_sections\SONO__10-K__0001314727-24-000026__Item_16.txt
SONO,Signatures,1560,data\03_sections\SONO__10-K__0001314727-24-000026__Signatures.txt
SONO,HEADER,24416,data\03_sections\SONO__10-K__0001314727-25-000090__HEADER.txt
SONO,Item_1,30614,data\03_sections\SONO__10-K__0001314727-25-000090__Item_1.txt
SONO,Item_1A,71714,data\03_sections\SONO__10-K__0001314727-25-000090__Item_1A.txt
SONO,Item_1B,41,data\03_sections\SONO__10-K__0001314727-25-000090__Item_1B.txt
SONO,Item_1C,3726,data\03_sections\SONO__10-K__0001314727-25-000090__Item_1C.txt
SONO,Item_2,459,data\03_sections\SONO__10-K__0001314727-25-000090__Item_2.txt
SONO,Item_3,761,data\03_sections\SONO__10-K__0001314727-25-000090__Item_3.txt
SONO,Item_4,67,data\03_sections\SONO__10-K__0001314727-25-000090__Item_4.txt
SONO,Item_5,2270,data\03_sections\SONO__10-K__0001314727-25-000090__Item_5.txt
SONO,Item_6,40,data\03_sections\SONO__10-K__0001314727-25-000090__Item_6.txt
SONO,Item_7,36415,data\03_sections\SONO__10-K__0001314727-25-000090__Item_7.txt
SONO,Item_7A,3020,data\03_sections\SONO__10-K__0001314727-25-000090__Item_7A.txt
SONO,Item_8,89465,data\03_sections\SONO__10-K__0001314727-25-000090__Item_8.txt
SONO,Item_9,99,data\03_sections\SONO__10-K__0001314727-25-000090__Item_9.txt
SONO,Item_9A,3181,data\03_sections\SONO__10-K__0001314727-25-000090__Item_9A.txt
SONO,Item_9C,123,data\03_sections\SONO__10-K__0001314727-25-000090__Item_9C.txt
SONO,Item_10,500,data\03_sections\SONO__10-K__0001314727-25-000090__Item_10.txt
SONO,Item_11,388,data\03_sections\SONO__10-K__0001314727-25-000090__Item_11.txt
SONO,Item_12,493,data\03_sections\SONO__10-K__0001314727-25-000090__Item_12.txt
SONO,Item_13,469,data\03_sections\SONO__10-K__0001314727-25-000090__Item_13.txt
SONO,Item_14,432,data\03_sections\SONO__10-K__0001314727-25-000090__Item_14.txt
SONO,Item_15,1112,data\03_sections\SONO__10-K__0001314727-25-000090__Item_15.txt
SONO,Item_16,36,data\03_sections\SONO__10-K__0001314727-25-000090__Item_16.txt
SONO,Signatures,1523,data\03_sections\SONO__10-K__0001314727-25-000090__Signatures.txt
SPWH,HEADER,93535,data\03_sections\SPWH__10-K__0000950170-24-041618__HEADER.txt
SPWH,Item_1A,67681,data\03_sections\SPWH__10-K__0000950170-24-041618__Item_1A.txt
SPWH,Item_1B,42,data\03_sections\SPWH__10-K__0000950170-24-041618__Item_1B.txt
SPWH,Item_1C,6756,data\03_sections\SPWH__10-K__0000950170-24-041618__Item_1C.txt
SPWH,Item_2,1570,data\03_sections\SPWH__10-K__0000950170-24-041618__Item_2.txt
SPWH,Item_3,313,data\03_sections\SPWH__10-K__0000950170-24-041618__Item_3.txt
SPWH,Item_4,59,data\03_sections\SPWH__10-K__0000950170-24-041618__Item_4.txt
SPWH,Item_5,3539,data\03_sections\SPWH__10-K__0000950170-24-041618__Item_5.txt
SPWH,Item_6,24,data\03_sections\SPWH__10-K__0000950170-24-041618__Item_6.txt
SPWH,Item_7,53231,data\03_sections\SPWH__10-K__0000950170-24-041618__Item_7.txt
SPWH,Item_7A,1040,data\03_sections\SPWH__10-K__0000950170-24-041618__Item_7A.txt
SPWH,Item_8,54719,data\03_sections\SPWH__10-K__0000950170-24-041618__Item_8.txt
SPWH,Item_9,100,data\03_sections\SPWH__10-K__0000950170-24-041618__Item_9.txt
SPWH,Item_9A,8936,data\03_sections\SPWH__10-K__0000950170-24-041618__Item_9A.txt
SPWH,Item_9B,1361,data\03_sections\SPWH__10-K__0000950170-24-041618__Item_9B.txt
SPWH,Item_9C,108,data\03_sections\SPWH__10-K__0000950170-24-041618__Item_9C.txt
SPWH,Item_10,994,data\03_sections\SPWH__10-K__0000950170-24-041618__Item_10.txt
SPWH,Item_11,155,data\03_sections\SPWH__10-K__0000950170-24-041618__Item_11.txt
SPWH,Item_12,223,data\03_sections\SPWH__10-K__0000950170-24-041618__Item_12.txt
SPWH,Item_13,207,data\03_sections\SPWH__10-K__0000950170-24-041618__Item_13.txt
SPWH,Item_14,185,data\03_sections\SPWH__10-K__0000950170-24-041618__Item_14.txt
SPWH,Item_15,1047,data\03_sections\SPWH__10-K__0000950170-24-041618__Item_15.txt
SPWH,Signatures,468,data\03_sections\SPWH__10-K__0000950170-24-041618__Signatures.txt
SPWH,HEADER,94789,data\03_sections\SPWH__10-K__0000950170-25-048890__HEADER.txt
SPWH,Item_1A,72103,data\03_sections\SPWH__10-K__0000950170-25-048890__Item_1A.txt
SPWH,Item_1B,42,data\03_sections\SPWH__10-K__0000950170-25-048890__Item_1B.txt
SPWH,Item_1C,6904,data\03_sections\SPWH__10-K__0000950170-25-048890__Item_1C.txt
SPWH,Item_2,222,data\03_sections\SPWH__10-K__0000950170-25-048890__Item_2.txt
SPWH,Item_3,715,data\03_sections\SPWH__10-K__0000950170-25-048890__Item_3.txt
SPWH,Item_4,59,data\03_sections\SPWH__10-K__0000950170-25-048890__Item_4.txt
SPWH,Item_5,1764,data\03_sections\SPWH__10-K__0000950170-25-048890__Item_5.txt
SPWH,Item_6,24,data\03_sections\SPWH__10-K__0000950170-25-048890__Item_6.txt
SPWH,Item_7,51353,data\03_sections\SPWH__10-K__0000950170-25-048890__Item_7.txt
SPWH,Item_7A,192,data\03_sections\SPWH__10-K__0000950170-25-048890__Item_7A.txt
SPWH,Item_8,66519,data\03_sections\SPWH__10-K__0000950170-25-048890__Item_8.txt
SPWH,Item_9,100,data\03_sections\SPWH__10-K__0000950170-25-048890__Item_9.txt
SPWH,Item_9A,9377,data\03_sections\SPWH__10-K__0000950170-25-048890__Item_9A.txt
SPWH,Item_1,684,data\03_sections\SPWH__10-K__0000950170-25-048890__Item_1.txt
SPWH,Item_9C,108,data\03_sections\SPWH__10-K__0000950170-25-048890__Item_9C.txt
SPWH,Item_10,994,data\03_sections\SPWH__10-K__0000950170-25-048890__Item_10.txt
SPWH,Item_11,155,data\03_sections\SPWH__10-K__0000950170-25-048890__Item_11.txt
SPWH,Item_12,223,data\03_sections\SPWH__10-K__0000950170-25-048890__Item_12.txt
SPWH,Item_13,207,data\03_sections\SPWH__10-K__0000950170-25-048890__Item_13.txt
SPWH,Item_14,185,data\03_sections\SPWH__10-K__0000950170-25-048890__Item_14.txt
SPWH,Item_15,1051,data\03_sections\SPWH__10-K__0000950170-25-048890__Item_15.txt
SPWH,Signatures,468,data\03_sections\SPWH__10-K__0000950170-25-048890__Signatures.txt
SPWH,HEADER,101342,data\03_sections\SPWH__10-K__0001193125-26-134702__HEADER.txt
SPWH,Item_1A,75584,data\03_sections\SPWH__10-K__0001193125-26-134702__Item_1A.txt
SPWH,Item_1B,46,data\03_sections\SPWH__10-K__0001193125-26-134702__Item_1B.txt
SPWH,Item_1C,6839,data\03_sections\SPWH__10-K__0001193125-26-134702__Item_1C.txt
SPWH,Item_2,1571,data\03_sections\SPWH__10-K__0001193125-26-134702__Item_2.txt
SPWH,Item_3,736,data\03_sections\SPWH__10-K__0001193125-26-134702__Item_3.txt
SPWH,Item_4,57,data\03_sections\SPWH__10-K__0001193125-26-134702__Item_4.txt
SPWH,Item_5,1051,data\03_sections\SPWH__10-K__0001193125-26-134702__Item_5.txt
SPWH,Item_6,24,data\03_sections\SPWH__10-K__0001193125-26-134702__Item_6.txt
SPWH,Item_7,59486,data\03_sections\SPWH__10-K__0001193125-26-134702__Item_7.txt
SPWH,Item_7A,191,data\03_sections\SPWH__10-K__0001193125-26-134702__Item_7A.txt
SPWH,Item_8,71366,data\03_sections\SPWH__10-K__0001193125-26-134702__Item_8.txt
SPWH,Item_9,99,data\03_sections\SPWH__10-K__0001193125-26-134702__Item_9.txt
SPWH,Item_9A,8917,data\03_sections\SPWH__10-K__0001193125-26-134702__Item_9A.txt
SPWH,Item_9B,244,data\03_sections\SPWH__10-K__0001193125-26-134702__Item_9B.txt
SPWH,Item_9C,107,data\03_sections\SPWH__10-K__0001193125-26-134702__Item_9C.txt
SPWH,Item_10,993,data\03_sections\SPWH__10-K__0001193125-26-134702__Item_10.txt
SPWH,Item_11,155,data\03_sections\SPWH__10-K__0001193125-26-134702__Item_11.txt
SPWH,Item_12,223,data\03_sections\SPWH__10-K__0001193125-26-134702__Item_12.txt
SPWH,Item_13,207,data\03_sections\SPWH__10-K__0001193125-26-134702__Item_13.txt
SPWH,Item_14,185,data\03_sections\SPWH__10-K__0001193125-26-134702__Item_14.txt
SPWH,Item_15,1059,data\03_sections\SPWH__10-K__0001193125-26-134702__Item_15.txt
SPWH,Signatures,467,data\03_sections\SPWH__10-K__0001193125-26-134702__Signatures.txt
TDUP,HEADER,260891,data\03_sections\TDUP__10-K__0001484778-24-000035__HEADER.txt
TDUP,Item_7A,78037,data\03_sections\TDUP__10-K__0001484778-24-000035__Item_7A.txt
TDUP,Signatures,1532,data\03_sections\TDUP__10-K__0001484778-24-000035__Signatures.txt
TDUP,HEADER,268072,data\03_sections\TDUP__10-K__0001484778-25-000023__HEADER.txt
TDUP,Item_7A,84130,data\03_sections\TDUP__10-K__0001484778-25-000023__Item_7A.txt
TDUP,Signatures,1532,data\03_sections\TDUP__10-K__0001484778-25-000023__Signatures.txt
TDUP,HEADER,266634,data\03_sections\TDUP__10-K__0001484778-26-000007__HEADER.txt
TDUP,Item_7A,81442,data\03_sections\TDUP__10-K__0001484778-26-000007__Item_7A.txt
TDUP,Signatures,1532,data\03_sections\TDUP__10-K__0001484778-26-000007__Signatures.txt
TGT,HEADER,22185,data\03_sections\TGT__10-K__0000027419-24-000032__HEADER.txt
TGT,Item_1,33968,data\03_sections\TGT__10-K__0000027419-24-000032__Item_1.txt
TGT,Item_1A,33312,data\03_sections\TGT__10-K__0000027419-24-000032__Item_1A.txt
TGT,Item_1B,51,data\03_sections\TGT__10-K__0000027419-24-000032__Item_1B.txt
TGT,Item_1C,6570,data\03_sections\TGT__10-K__0000027419-24-000032__Item_1C.txt
TGT,Item_2,700,data\03_sections\TGT__10-K__0000027419-24-000032__Item_2.txt
TGT,Item_3,1085,data\03_sections\TGT__10-K__0000027419-24-000032__Item_3.txt
TGT,Item_4,93,data\03_sections\TGT__10-K__0000027419-24-000032__Item_4.txt
TGT,Item_5,2575,data\03_sections\TGT__10-K__0000027419-24-000032__Item_5.txt
TGT,Item_6,55,data\03_sections\TGT__10-K__0000027419-24-000032__Item_6.txt
TGT,Item_7,388,data\03_sections\TGT__10-K__0000027419-24-000032__Item_7.txt
TGT,Item_7A,2667,data\03_sections\TGT__10-K__0000027419-24-000032__Item_7A.txt
TGT,Item_8,51508,data\03_sections\TGT__10-K__0000027419-24-000032__Item_8.txt
TGT,Item_9,109,data\03_sections\TGT__10-K__0000027419-24-000032__Item_9.txt
TGT,Item_9A,1950,data\03_sections\TGT__10-K__0000027419-24-000032__Item_9A.txt
TGT,Item_9B,624,data\03_sections\TGT__10-K__0000027419-24-000032__Item_9B.txt
TGT,Item_9C,540,data\03_sections\TGT__10-K__0000027419-24-000032__Item_9C.txt
TGT,Item_10,510,data\03_sections\TGT__10-K__0000027419-24-000032__Item_10.txt
TGT,Item_11,360,data\03_sections\TGT__10-K__0000027419-24-000032__Item_11.txt
TGT,Item_12,393,data\03_sections\TGT__10-K__0000027419-24-000032__Item_12.txt
TGT,Item_13,314,data\03_sections\TGT__10-K__0000027419-24-000032__Item_13.txt
TGT,Item_14,319,data\03_sections\TGT__10-K__0000027419-24-000032__Item_14.txt
TGT,Item_15,2046,data\03_sections\TGT__10-K__0000027419-24-000032__Item_15.txt
TGT,Item_16,81,data\03_sections\TGT__10-K__0000027419-24-000032__Item_16.txt
TGT,Signatures,818,data\03_sections\TGT__10-K__0000027419-24-000032__Signatures.txt
TGT,HEADER,21301,data\03_sections\TGT__10-K__0000027419-25-000018__HEADER.txt
TGT,Item_1,25106,data\03_sections\TGT__10-K__0000027419-25-000018__Item_1.txt
TGT,Item_1A,47961,data\03_sections\TGT__10-K__0000027419-25-000018__Item_1A.txt
TGT,Item_1B,87,data\03_sections\TGT__10-K__0000027419-25-000018__Item_1B.txt
TGT,Item_1C,6640,data\03_sections\TGT__10-K__0000027419-25-000018__Item_1C.txt
TGT,Item_2,667,data\03_sections\TGT__10-K__0000027419-25-000018__Item_2.txt
TGT,Item_3,2259,data\03_sections\TGT__10-K__0000027419-25-000018__Item_3.txt
TGT,Item_4,93,data\03_sections\TGT__10-K__0000027419-25-000018__Item_4.txt
TGT,Item_5,2581,data\03_sections\TGT__10-K__0000027419-25-000018__Item_5.txt
TGT,Item_6,55,data\03_sections\TGT__10-K__0000027419-25-000018__Item_6.txt
TGT,Item_7,9490,data\03_sections\TGT__10-K__0000027419-25-000018__Item_7.txt
TGT,Item_7A,2709,data\03_sections\TGT__10-K__0000027419-25-000018__Item_7A.txt
TGT,Item_8,50243,data\03_sections\TGT__10-K__0000027419-25-000018__Item_8.txt
TGT,Item_9,109,data\03_sections\TGT__10-K__0000027419-25-000018__Item_9.txt
TGT,Item_9A,1989,data\03_sections\TGT__10-K__0000027419-25-000018__Item_9A.txt
TGT,Item_9B,596,data\03_sections\TGT__10-K__0000027419-25-000018__Item_9B.txt
TGT,Item_9C,540,data\03_sections\TGT__10-K__0000027419-25-000018__Item_9C.txt
TGT,Item_10,607,data\03_sections\TGT__10-K__0000027419-25-000018__Item_10.txt
TGT,Item_11,360,data\03_sections\TGT__10-K__0000027419-25-000018__Item_11.txt
TGT,Item_12,393,data\03_sections\TGT__10-K__0000027419-25-000018__Item_12.txt
TGT,Item_13,314,data\03_sections\TGT__10-K__0000027419-25-000018__Item_13.txt
TGT,Item_14,319,data\03_sections\TGT__10-K__0000027419-25-000018__Item_14.txt
TGT,Item_15,2122,data\03_sections\TGT__10-K__0000027419-25-000018__Item_15.txt
TGT,Item_16,81,data\03_sections\TGT__10-K__0000027419-25-000018__Item_16.txt
TGT,Signatures,822,data\03_sections\TGT__10-K__0000027419-25-000018__Signatures.txt
TGT,HEADER,21303,data\03_sections\TGT__10-K__0000027419-26-000016__HEADER.txt
TGT,Item_1,16050,data\03_sections\TGT__10-K__0000027419-26-000016__Item_1.txt
TGT,Item_1A,55484,data\03_sections\TGT__10-K__0000027419-26-000016__Item_1A.txt
TGT,Item_1B,87,data\03_sections\TGT__10-K__0000027419-26-000016__Item_1B.txt
TGT,Item_1C,6370,data\03_sections\TGT__10-K__0000027419-26-000016__Item_1C.txt
TGT,Item_2,667,data\03_sections\TGT__10-K__0000027419-26-000016__Item_2.txt
TGT,Item_3,1897,data\03_sections\TGT__10-K__0000027419-26-000016__Item_3.txt
TGT,Item_4,93,data\03_sections\TGT__10-K__0000027419-26-000016__Item_4.txt
TGT,Item_5,2587,data\03_sections\TGT__10-K__0000027419-26-000016__Item_5.txt
TGT,Item_6,55,data\03_sections\TGT__10-K__0000027419-26-000016__Item_6.txt
TGT,Item_7,34150,data\03_sections\TGT__10-K__0000027419-26-000016__Item_7.txt
TGT,Item_7A,2709,data\03_sections\TGT__10-K__0000027419-26-000016__Item_7A.txt
TGT,Item_8,52344,data\03_sections\TGT__10-K__0000027419-26-000016__Item_8.txt
TGT,Item_9,109,data\03_sections\TGT__10-K__0000027419-26-000016__Item_9.txt
TGT,Item_9A,1989,data\03_sections\TGT__10-K__0000027419-26-000016__Item_9A.txt
TGT,Item_9B,44,data\03_sections\TGT__10-K__0000027419-26-000016__Item_9B.txt
TGT,Item_9C,517,data\03_sections\TGT__10-K__0000027419-26-000016__Item_9C.txt
TGT,Item_10,607,data\03_sections\TGT__10-K__0000027419-26-000016__Item_10.txt
TGT,Item_11,373,data\03_sections\TGT__10-K__0000027419-26-000016__Item_11.txt
TGT,Item_12,393,data\03_sections\TGT__10-K__0000027419-26-000016__Item_12.txt
TGT,Item_13,314,data\03_sections\TGT__10-K__0000027419-26-000016__Item_13.txt
TGT,Item_14,319,data\03_sections\TGT__10-K__0000027419-26-000016__Item_14.txt
TGT,Item_15,2161,data\03_sections\TGT__10-K__0000027419-26-000016__Item_15.txt
TGT,Item_16,81,data\03_sections\TGT__10-K__0000027419-26-000016__Item_16.txt
TGT,Signatures,822,data\03_sections\TGT__10-K__0000027419-26-000016__Signatures.txt
TLF,HEADER,150793,data\03_sections\TLF__10-K__0001140361-24-014799__HEADER.txt
TLF,Signatures,529,data\03_sections\TLF__10-K__0001140361-24-014799__Signatures.txt
TLF,FULL_DOCUMENT_FALLBACK,151324,data\03_sections\TLF__10-K__0001140361-24-014799__FULL_DOCUMENT_FALLBACK.txt
TLF,HEADER,150083,data\03_sections\TLF__10-K__0001140361-25-006103__HEADER.txt
TLF,Signatures,514,data\03_sections\TLF__10-K__0001140361-25-006103__Signatures.txt
TLF,FULL_DOCUMENT_FALLBACK,150599,data\03_sections\TLF__10-K__0001140361-25-006103__FULL_DOCUMENT_FALLBACK.txt
TLF,HEADER,136756,data\03_sections\TLF__10-K__0001140361-26-006550__HEADER.txt
TLF,Signatures,12734,data\03_sections\TLF__10-K__0001140361-26-006550__Signatures.txt
TLF,FULL_DOCUMENT_FALLBACK,149492,data\03_sections\TLF__10-K__0001140361-26-006550__FULL_DOCUMENT_FALLBACK.txt
TSCO,HEADER,16344,data\03_sections\TSCO__10-K__0000916365-24-000046__HEADER.txt
TSCO,Item_1,47972,data\03_sections\TSCO__10-K__0000916365-24-000046__Item_1.txt
TSCO,Item_1A,66259,data\03_sections\TSCO__10-K__0000916365-24-000046__Item_1A.txt
TSCO,Item_1B,41,data\03_sections\TSCO__10-K__0000916365-24-000046__Item_1B.txt
TSCO,Item_1C,4239,data\03_sections\TSCO__10-K__0000916365-24-000046__Item_1C.txt
TSCO,Item_2,1909,data\03_sections\TSCO__10-K__0000916365-24-000046__Item_2.txt
TSCO,Item_3,205,data\03_sections\TSCO__10-K__0000916365-24-000046__Item_3.txt
TSCO,Item_4,94,data\03_sections\TSCO__10-K__0000916365-24-000046__Item_4.txt
TSCO,Item_5,4691,data\03_sections\TSCO__10-K__0000916365-24-000046__Item_5.txt
TSCO,Item_6,55,data\03_sections\TSCO__10-K__0000916365-24-000046__Item_6.txt
TSCO,Item_7,38777,data\03_sections\TSCO__10-K__0000916365-24-000046__Item_7.txt
TSCO,Item_7A,1651,data\03_sections\TSCO__10-K__0000916365-24-000046__Item_7A.txt
TSCO,Item_8,92313,data\03_sections\TSCO__10-K__0000916365-24-000046__Item_8.txt
TSCO,Item_9,138,data\03_sections\TSCO__10-K__0000916365-24-000046__Item_9.txt
TSCO,Item_9A,1958,data\03_sections\TSCO__10-K__0000916365-24-000046__Item_9A.txt
TSCO,Item_9C,102,data\03_sections\TSCO__10-K__0000916365-24-000046__Item_9C.txt
TSCO,Item_10,1142,data\03_sections\TSCO__10-K__0000916365-24-000046__Item_10.txt
TSCO,Item_11,196,data\03_sections\TSCO__10-K__0000916365-24-000046__Item_11.txt
TSCO,Item_12,1623,data\03_sections\TSCO__10-K__0000916365-24-000046__Item_12.txt
TSCO,Item_13,355,data\03_sections\TSCO__10-K__0000916365-24-000046__Item_13.txt
TSCO,Item_14,316,data\03_sections\TSCO__10-K__0000916365-24-000046__Item_14.txt
TSCO,Item_15,774,data\03_sections\TSCO__10-K__0000916365-24-000046__Item_15.txt
TSCO,Signatures,1846,data\03_sections\TSCO__10-K__0000916365-24-000046__Signatures.txt
TSCO,HEADER,15692,data\03_sections\TSCO__10-K__0000916365-25-000076__HEADER.txt
TSCO,Item_1,46205,data\03_sections\TSCO__10-K__0000916365-25-000076__Item_1.txt
TSCO,Item_1A,66614,data\03_sections\TSCO__10-K__0000916365-25-000076__Item_1A.txt
TSCO,Item_1B,41,data\03_sections\TSCO__10-K__0000916365-25-000076__Item_1B.txt
TSCO,Item_1C,5017,data\03_sections\TSCO__10-K__0000916365-25-000076__Item_1C.txt
TSCO,Item_2,1737,data\03_sections\TSCO__10-K__0000916365-25-000076__Item_2.txt
TSCO,Item_3,205,data\03_sections\TSCO__10-K__0000916365-25-000076__Item_3.txt
TSCO,Item_4,93,data\03_sections\TSCO__10-K__0000916365-25-000076__Item_4.txt
TSCO,Item_5,5974,data\03_sections\TSCO__10-K__0000916365-25-000076__Item_5.txt
TSCO,Item_6,54,data\03_sections\TSCO__10-K__0000916365-25-000076__Item_6.txt
TSCO,Item_7,35659,data\03_sections\TSCO__10-K__0000916365-25-000076__Item_7.txt
TSCO,Item_7A,1612,data\03_sections\TSCO__10-K__0000916365-25-000076__Item_7A.txt
TSCO,Item_8,91696,data\03_sections\TSCO__10-K__0000916365-25-000076__Item_8.txt
TSCO,Item_9,99,data\03_sections\TSCO__10-K__0000916365-25-000076__Item_9.txt
TSCO,Item_9A,1670,data\03_sections\TSCO__10-K__0000916365-25-000076__Item_9A.txt
TSCO,Item_9C,102,data\03_sections\TSCO__10-K__0000916365-25-000076__Item_9C.txt
TSCO,Item_10,1599,data\03_sections\TSCO__10-K__0000916365-25-000076__Item_10.txt
TSCO,Item_11,197,data\03_sections\TSCO__10-K__0000916365-25-000076__Item_11.txt
TSCO,Item_12,1629,data\03_sections\TSCO__10-K__0000916365-25-000076__Item_12.txt
TSCO,Item_13,356,data\03_sections\TSCO__10-K__0000916365-25-000076__Item_13.txt
TSCO,Item_14,317,data\03_sections\TSCO__10-K__0000916365-25-000076__Item_14.txt
TSCO,Item_15,772,data\03_sections\TSCO__10-K__0000916365-25-000076__Item_15.txt
TSCO,Signatures,1842,data\03_sections\TSCO__10-K__0000916365-25-000076__Signatures.txt
TSCO,HEADER,15798,data\03_sections\TSCO__10-K__0000916365-26-000014__HEADER.txt
TSCO,Item_1,41446,data\03_sections\TSCO__10-K__0000916365-26-000014__Item_1.txt
TSCO,Item_1A,69340,data\03_sections\TSCO__10-K__0000916365-26-000014__Item_1A.txt
TSCO,Item_1B,41,data\03_sections\TSCO__10-K__0000916365-26-000014__Item_1B.txt
TSCO,Item_1C,5094,data\03_sections\TSCO__10-K__0000916365-26-000014__Item_1C.txt
TSCO,Item_2,1722,data\03_sections\TSCO__10-K__0000916365-26-000014__Item_2.txt
TSCO,Item_3,205,data\03_sections\TSCO__10-K__0000916365-26-000014__Item_3.txt
TSCO,Item_4,93,data\03_sections\TSCO__10-K__0000916365-26-000014__Item_4.txt
TSCO,Item_5,5514,data\03_sections\TSCO__10-K__0000916365-26-000014__Item_5.txt
TSCO,Item_6,54,data\03_sections\TSCO__10-K__0000916365-26-000014__Item_6.txt
TSCO,Item_7,33616,data\03_sections\TSCO__10-K__0000916365-26-000014__Item_7.txt
TSCO,Item_7A,1632,data\03_sections\TSCO__10-K__0000916365-26-000014__Item_7A.txt
TSCO,Item_8,90854,data\03_sections\TSCO__10-K__0000916365-26-000014__Item_8.txt
TSCO,Item_9,99,data\03_sections\TSCO__10-K__0000916365-26-000014__Item_9.txt
TSCO,Item_9A,2800,data\03_sections\TSCO__10-K__0000916365-26-000014__Item_9A.txt
TSCO,Item_9C,102,data\03_sections\TSCO__10-K__0000916365-26-000014__Item_9C.txt
TSCO,Item_10,1599,data\03_sections\TSCO__10-K__0000916365-26-000014__Item_10.txt
TSCO,Item_11,197,data\03_sections\TSCO__10-K__0000916365-26-000014__Item_11.txt
TSCO,Item_12,1630,data\03_sections\TSCO__10-K__0000916365-26-000014__Item_12.txt
TSCO,Item_13,356,data\03_sections\TSCO__10-K__0000916365-26-000014__Item_13.txt
TSCO,Item_14,355,data\03_sections\TSCO__10-K__0000916365-26-000014__Item_14.txt
TSCO,Item_15,71,data\03_sections\TSCO__10-K__0000916365-26-000014__Item_15.txt
TSCO,Item_16,71,data\03_sections\TSCO__10-K__0000916365-26-000014__Item_16.txt
TSCO,Signatures,819,data\03_sections\TSCO__10-K__0000916365-26-000014__Signatures.txt
T,HEADER,412722,data\03_sections\T__10-K__0000732717-24-000009__HEADER.txt
T,Signatures,870,data\03_sections\T__10-K__0000732717-24-000009__Signatures.txt
T,FULL_DOCUMENT_FALLBACK,413593,data\03_sections\T__10-K__0000732717-24-000009__FULL_DOCUMENT_FALLBACK.txt
T,HEADER,385600,data\03_sections\T__10-K__0000732717-25-000013__HEADER.txt
T,Signatures,869,data\03_sections\T__10-K__0000732717-25-000013__Signatures.txt
T,FULL_DOCUMENT_FALLBACK,386470,data\03_sections\T__10-K__0000732717-25-000013__FULL_DOCUMENT_FALLBACK.txt
T,HEADER,376323,data\03_sections\T__10-K__0000732717-26-000120__HEADER.txt
T,Signatures,890,data\03_sections\T__10-K__0000732717-26-000120__Signatures.txt
T,FULL_DOCUMENT_FALLBACK,377214,data\03_sections\T__10-K__0000732717-26-000120__FULL_DOCUMENT_FALLBACK.txt
UEIC,HEADER,25958,data\03_sections\UEIC__10-K__0000101984-24-000048__HEADER.txt
UEIC,Item_1,48028,data\03_sections\UEIC__10-K__0000101984-24-000048__Item_1.txt
UEIC,Item_1A,80475,data\03_sections\UEIC__10-K__0000101984-24-000048__Item_1A.txt
UEIC,Item_1B,41,data\03_sections\UEIC__10-K__0000101984-24-000048__Item_1B.txt
UEIC,Item_1C,4717,data\03_sections\UEIC__10-K__0000101984-24-000048__Item_1C.txt
UEIC,Item_2,1224,data\03_sections\UEIC__10-K__0000101984-24-000048__Item_2.txt
UEIC,Item_3,325,data\03_sections\UEIC__10-K__0000101984-24-000048__Item_3.txt
UEIC,Item_4,56,data\03_sections\UEIC__10-K__0000101984-24-000048__Item_4.txt
UEIC,Item_5,3387,data\03_sections\UEIC__10-K__0000101984-24-000048__Item_5.txt
UEIC,Item_6,40,data\03_sections\UEIC__10-K__0000101984-24-000048__Item_6.txt
UEIC,Item_7,36383,data\03_sections\UEIC__10-K__0000101984-24-000048__Item_7.txt
UEIC,Item_7A,5440,data\03_sections\UEIC__10-K__0000101984-24-000048__Item_7A.txt
UEIC,Item_8,96935,data\03_sections\UEIC__10-K__0000101984-24-000048__Item_8.txt
UEIC,Item_9,99,data\03_sections\UEIC__10-K__0000101984-24-000048__Item_9.txt
UEIC,Item_9A,7864,data\03_sections\UEIC__10-K__0000101984-24-000048__Item_9A.txt
UEIC,Item_9B,330,data\03_sections\UEIC__10-K__0000101984-24-000048__Item_9B.txt
UEIC,Item_9C,102,data\03_sections\UEIC__10-K__0000101984-24-000048__Item_9C.txt
UEIC,Item_10,1608,data\03_sections\UEIC__10-K__0000101984-24-000048__Item_10.txt
UEIC,Item_11,334,data\03_sections\UEIC__10-K__0000101984-24-000048__Item_11.txt
UEIC,Item_12,702,data\03_sections\UEIC__10-K__0000101984-24-000048__Item_12.txt
UEIC,Item_13,371,data\03_sections\UEIC__10-K__0000101984-24-000048__Item_13.txt
UEIC,Item_14,315,data\03_sections\UEIC__10-K__0000101984-24-000048__Item_14.txt
UEIC,Item_15,853,data\03_sections\UEIC__10-K__0000101984-24-000048__Item_15.txt
UEIC,Item_16,54,data\03_sections\UEIC__10-K__0000101984-24-000048__Item_16.txt
UEIC,Signatures,1453,data\03_sections\UEIC__10-K__0000101984-24-000048__Signatures.txt
UEIC,HEADER,24879,data\03_sections\UEIC__10-K__0000101984-25-000038__HEADER.txt
UEIC,Item_1,61254,data\03_sections\UEIC__10-K__0000101984-25-000038__Item_1.txt
UEIC,Item_1A,86508,data\03_sections\UEIC__10-K__0000101984-25-000038__Item_1A.txt
UEIC,Item_1B,41,data\03_sections\UEIC__10-K__0000101984-25-000038__Item_1B.txt
UEIC,Item_1C,4414,data\03_sections\UEIC__10-K__0000101984-25-000038__Item_1C.txt
UEIC,Item_2,1203,data\03_sections\UEIC__10-K__0000101984-25-000038__Item_2.txt
UEIC,Item_3,325,data\03_sections\UEIC__10-K__0000101984-25-000038__Item_3.txt
UEIC,Item_4,77,data\03_sections\UEIC__10-K__0000101984-25-000038__Item_4.txt
UEIC,Item_5,3335,data\03_sections\UEIC__10-K__0000101984-25-000038__Item_5.txt
UEIC,Item_6,40,data\03_sections\UEIC__10-K__0000101984-25-000038__Item_6.txt
UEIC,Item_7,29539,data\03_sections\UEIC__10-K__0000101984-25-000038__Item_7.txt
UEIC,Item_7A,5737,data\03_sections\UEIC__10-K__0000101984-25-000038__Item_7A.txt
UEIC,Item_8,93818,data\03_sections\UEIC__10-K__0000101984-25-000038__Item_8.txt
UEIC,Item_9,99,data\03_sections\UEIC__10-K__0000101984-25-000038__Item_9.txt
UEIC,Item_9A,7855,data\03_sections\UEIC__10-K__0000101984-25-000038__Item_9A.txt
UEIC,Item_9B,330,data\03_sections\UEIC__10-K__0000101984-25-000038__Item_9B.txt
UEIC,Item_9C,102,data\03_sections\UEIC__10-K__0000101984-25-000038__Item_9C.txt
UEIC,Item_10,1660,data\03_sections\UEIC__10-K__0000101984-25-000038__Item_10.txt
UEIC,Item_11,334,data\03_sections\UEIC__10-K__0000101984-25-000038__Item_11.txt
UEIC,Item_12,702,data\03_sections\UEIC__10-K__0000101984-25-000038__Item_12.txt
UEIC,Item_13,371,data\03_sections\UEIC__10-K__0000101984-25-000038__Item_13.txt
UEIC,Item_14,315,data\03_sections\UEIC__10-K__0000101984-25-000038__Item_14.txt
UEIC,Item_15,853,data\03_sections\UEIC__10-K__0000101984-25-000038__Item_15.txt
UEIC,Item_16,54,data\03_sections\UEIC__10-K__0000101984-25-000038__Item_16.txt
UEIC,Signatures,1453,data\03_sections\UEIC__10-K__0000101984-25-000038__Signatures.txt
UEIC,HEADER,32403,data\03_sections\UEIC__10-K__0000101984-26-000039__HEADER.txt
UEIC,Item_1,47025,data\03_sections\UEIC__10-K__0000101984-26-000039__Item_1.txt
UEIC,Item_1A,94731,data\03_sections\UEIC__10-K__0000101984-26-000039__Item_1A.txt
UEIC,Item_1B,41,data\03_sections\UEIC__10-K__0000101984-26-000039__Item_1B.txt
UEIC,Item_1C,4396,data\03_sections\UEIC__10-K__0000101984-26-000039__Item_1C.txt
UEIC,Item_2,1203,data\03_sections\UEIC__10-K__0000101984-26-000039__Item_2.txt
UEIC,Item_3,325,data\03_sections\UEIC__10-K__0000101984-26-000039__Item_3.txt
UEIC,Item_4,77,data\03_sections\UEIC__10-K__0000101984-26-000039__Item_4.txt
UEIC,Item_5,2617,data\03_sections\UEIC__10-K__0000101984-26-000039__Item_5.txt
UEIC,Item_6,40,data\03_sections\UEIC__10-K__0000101984-26-000039__Item_6.txt
UEIC,Item_7,29783,data\03_sections\UEIC__10-K__0000101984-26-000039__Item_7.txt
UEIC,Item_7A,104,data\03_sections\UEIC__10-K__0000101984-26-000039__Item_7A.txt
UEIC,Item_8,98737,data\03_sections\UEIC__10-K__0000101984-26-000039__Item_8.txt
UEIC,Item_9,99,data\03_sections\UEIC__10-K__0000101984-26-000039__Item_9.txt
UEIC,Item_9A,8723,data\03_sections\UEIC__10-K__0000101984-26-000039__Item_9A.txt
UEIC,Item_9C,102,data\03_sections\UEIC__10-K__0000101984-26-000039__Item_9C.txt
UEIC,Item_10,2624,data\03_sections\UEIC__10-K__0000101984-26-000039__Item_10.txt
UEIC,Item_11,356,data\03_sections\UEIC__10-K__0000101984-26-000039__Item_11.txt
UEIC,Item_12,729,data\03_sections\UEIC__10-K__0000101984-26-000039__Item_12.txt
UEIC,Item_13,471,data\03_sections\UEIC__10-K__0000101984-26-000039__Item_13.txt
UEIC,Item_14,276,data\03_sections\UEIC__10-K__0000101984-26-000039__Item_14.txt
UEIC,Item_15,938,data\03_sections\UEIC__10-K__0000101984-26-000039__Item_15.txt
UEIC,Item_16,54,data\03_sections\UEIC__10-K__0000101984-26-000039__Item_16.txt
UEIC,Signatures,1453,data\03_sections\UEIC__10-K__0000101984-26-000039__Signatures.txt
ULTA,HEADER,128002,data\03_sections\ULTA__10-K__0001104659-26-035243__HEADER.txt
ULTA,Item_1B,65,data\03_sections\ULTA__10-K__0001104659-26-035243__Item_1B.txt
ULTA,Item_1C,10668,data\03_sections\ULTA__10-K__0001104659-26-035243__Item_1C.txt
ULTA,Item_2,2725,data\03_sections\ULTA__10-K__0001104659-26-035243__Item_2.txt
ULTA,Item_5,41127,data\03_sections\ULTA__10-K__0001104659-26-035243__Item_5.txt
ULTA,Item_7A,1265,data\03_sections\ULTA__10-K__0001104659-26-035243__Item_7A.txt
ULTA,Item_8,67167,data\03_sections\ULTA__10-K__0001104659-26-035243__Item_8.txt
ULTA,Item_9,99,data\03_sections\ULTA__10-K__0001104659-26-035243__Item_9.txt
ULTA,Item_9A,10208,data\03_sections\ULTA__10-K__0001104659-26-035243__Item_9A.txt
ULTA,Item_9C,105,data\03_sections\ULTA__10-K__0001104659-26-035243__Item_9C.txt
ULTA,Item_10,1493,data\03_sections\ULTA__10-K__0001104659-26-035243__Item_10.txt
ULTA,Item_11,206,data\03_sections\ULTA__10-K__0001104659-26-035243__Item_11.txt
ULTA,Item_12,631,data\03_sections\ULTA__10-K__0001104659-26-035243__Item_12.txt
ULTA,Item_13,227,data\03_sections\ULTA__10-K__0001104659-26-035243__Item_13.txt
ULTA,Item_14,390,data\03_sections\ULTA__10-K__0001104659-26-035243__Item_14.txt
ULTA,Item_15,663,data\03_sections\ULTA__10-K__0001104659-26-035243__Item_15.txt
ULTA,Item_16,57,data\03_sections\ULTA__10-K__0001104659-26-035243__Item_16.txt
ULTA,Signatures,538,data\03_sections\ULTA__10-K__0001104659-26-035243__Signatures.txt
ULTA,HEADER,118381,data\03_sections\ULTA__10-K__0001558370-24-003941__HEADER.txt
ULTA,Item_1B,41,data\03_sections\ULTA__10-K__0001558370-24-003941__Item_1B.txt
ULTA,Item_1C,8904,data\03_sections\ULTA__10-K__0001558370-24-003941__Item_1C.txt
ULTA,Item_2,1891,data\03_sections\ULTA__10-K__0001558370-24-003941__Item_2.txt
ULTA,Item_4A,5573,data\03_sections\ULTA__10-K__0001558370-24-003941__Item_4A.txt
ULTA,Item_5,38360,data\03_sections\ULTA__10-K__0001558370-24-003941__Item_5.txt
ULTA,Item_7A,757,data\03_sections\ULTA__10-K__0001558370-24-003941__Item_7A.txt
ULTA,Item_8,53640,data\03_sections\ULTA__10-K__0001558370-24-003941__Item_8.txt
ULTA,Item_9,99,data\03_sections\ULTA__10-K__0001558370-24-003941__Item_9.txt
ULTA,Item_9A,3302,data\03_sections\ULTA__10-K__0001558370-24-003941__Item_9A.txt
ULTA,Item_9C,102,data\03_sections\ULTA__10-K__0001558370-24-003941__Item_9C.txt
ULTA,Item_10,1764,data\03_sections\ULTA__10-K__0001558370-24-003941__Item_10.txt
ULTA,Item_11,430,data\03_sections\ULTA__10-K__0001558370-24-003941__Item_11.txt
ULTA,Item_12,637,data\03_sections\ULTA__10-K__0001558370-24-003941__Item_12.txt
ULTA,Item_13,411,data\03_sections\ULTA__10-K__0001558370-24-003941__Item_13.txt
ULTA,Item_14,385,data\03_sections\ULTA__10-K__0001558370-24-003941__Item_14.txt
ULTA,Item_15,679,data\03_sections\ULTA__10-K__0001558370-24-003941__Item_15.txt
ULTA,Item_16,59,data\03_sections\ULTA__10-K__0001558370-24-003941__Item_16.txt
ULTA,Signatures,540,data\03_sections\ULTA__10-K__0001558370-24-003941__Signatures.txt
ULTA,HEADER,113800,data\03_sections\ULTA__10-K__0001558370-25-003810__HEADER.txt
ULTA,Item_1B,63,data\03_sections\ULTA__10-K__0001558370-25-003810__Item_1B.txt
ULTA,Item_1C,8905,data\03_sections\ULTA__10-K__0001558370-25-003810__Item_1C.txt
ULTA,Item_2,1890,data\03_sections\ULTA__10-K__0001558370-25-003810__Item_2.txt
ULTA,Item_4A,4763,data\03_sections\ULTA__10-K__0001558370-25-003810__Item_4A.txt
ULTA,Item_5,37623,data\03_sections\ULTA__10-K__0001558370-25-003810__Item_5.txt
ULTA,Item_7A,757,data\03_sections\ULTA__10-K__0001558370-25-003810__Item_7A.txt
ULTA,Item_8,53782,data\03_sections\ULTA__10-K__0001558370-25-003810__Item_8.txt
ULTA,Item_9,99,data\03_sections\ULTA__10-K__0001558370-25-003810__Item_9.txt
ULTA,Item_9A,3302,data\03_sections\ULTA__10-K__0001558370-25-003810__Item_9A.txt
ULTA,Item_9C,102,data\03_sections\ULTA__10-K__0001558370-25-003810__Item_9C.txt
ULTA,Item_10,1734,data\03_sections\ULTA__10-K__0001558370-25-003810__Item_10.txt
ULTA,Item_11,430,data\03_sections\ULTA__10-K__0001558370-25-003810__Item_11.txt
ULTA,Item_12,637,data\03_sections\ULTA__10-K__0001558370-25-003810__Item_12.txt
ULTA,Item_13,411,data\03_sections\ULTA__10-K__0001558370-25-003810__Item_13.txt
ULTA,Item_14,385,data\03_sections\ULTA__10-K__0001558370-25-003810__Item_14.txt
ULTA,Item_15,679,data\03_sections\ULTA__10-K__0001558370-25-003810__Item_15.txt
ULTA,Item_16,59,data\03_sections\ULTA__10-K__0001558370-25-003810__Item_16.txt
ULTA,Signatures,540,data\03_sections\ULTA__10-K__0001558370-25-003810__Signatures.txt
UPBD,HEADER,357734,data\03_sections\UPBD__10-K__0000933036-24-000048__HEADER.txt
UPBD,Item_16,38,data\03_sections\UPBD__10-K__0000933036-24-000048__Item_16.txt
UPBD,Signatures,483,data\03_sections\UPBD__10-K__0000933036-24-000048__Signatures.txt
UPBD,HEADER,400745,data\03_sections\UPBD__10-K__0000933036-25-000042__HEADER.txt
UPBD,Item_16,38,data\03_sections\UPBD__10-K__0000933036-25-000042__Item_16.txt
UPBD,Signatures,484,data\03_sections\UPBD__10-K__0000933036-25-000042__Signatures.txt
UPBD,HEADER,436161,data\03_sections\UPBD__10-K__0000933036-26-000008__HEADER.txt
UPBD,Item_16,39,data\03_sections\UPBD__10-K__0000933036-26-000008__Item_16.txt
UPBD,Signatures,484,data\03_sections\UPBD__10-K__0000933036-26-000008__Signatures.txt
VLGEA,HEADER,151384,data\03_sections\VLGEA__10-K__0000103595-23-000014__HEADER.txt
VLGEA,FULL_DOCUMENT_FALLBACK,151384,data\03_sections\VLGEA__10-K__0000103595-23-000014__FULL_DOCUMENT_FALLBACK.txt
VLGEA,HEADER,143795,data\03_sections\VLGEA__10-K__0000103595-24-000019__HEADER.txt
VLGEA,FULL_DOCUMENT_FALLBACK,143795,data\03_sections\VLGEA__10-K__0000103595-24-000019__FULL_DOCUMENT_FALLBACK.txt
VLGEA,HEADER,146392,data\03_sections\VLGEA__10-K__0000103595-25-000015__HEADER.txt
VLGEA,FULL_DOCUMENT_FALLBACK,146392,data\03_sections\VLGEA__10-K__0000103595-25-000015__FULL_DOCUMENT_FALLBACK.txt
VVV,HEADER,41900,data\03_sections\VVV__10-K__0001674910-23-000125__HEADER.txt
VVV,Item_1,35594,data\03_sections\VVV__10-K__0001674910-23-000125__Item_1.txt
VVV,Item_1A,53144,data\03_sections\VVV__10-K__0001674910-23-000125__Item_1A.txt
VVV,Item_1B,41,data\03_sections\VVV__10-K__0001674910-23-000125__Item_1B.txt
VVV,Item_2,1046,data\03_sections\VVV__10-K__0001674910-23-000125__Item_2.txt
VVV,Item_3,335,data\03_sections\VVV__10-K__0001674910-23-000125__Item_3.txt
VVV,Item_4,59,data\03_sections\VVV__10-K__0001674910-23-000125__Item_4.txt
VVV,Item_5,2351,data\03_sections\VVV__10-K__0001674910-23-000125__Item_5.txt
VVV,Item_6,38,data\03_sections\VVV__10-K__0001674910-23-000125__Item_6.txt
VVV,Item_7,42799,data\03_sections\VVV__10-K__0001674910-23-000125__Item_7.txt
VVV,Item_7A,4188,data\03_sections\VVV__10-K__0001674910-23-000125__Item_7A.txt
VVV,Item_8,103128,data\03_sections\VVV__10-K__0001674910-23-000125__Item_8.txt
VVV,Item_9,99,data\03_sections\VVV__10-K__0001674910-23-000125__Item_9.txt
VVV,Item_9A,6895,data\03_sections\VVV__10-K__0001674910-23-000125__Item_9A.txt
VVV,Item_9B,1523,data\03_sections\VVV__10-K__0001674910-23-000125__Item_9B.txt
VVV,Item_10,442,data\03_sections\VVV__10-K__0001674910-23-000125__Item_10.txt
VVV,Item_11,223,data\03_sections\VVV__10-K__0001674910-23-000125__Item_11.txt
VVV,Item_12,295,data\03_sections\VVV__10-K__0001674910-23-000125__Item_12.txt
VVV,Item_13,273,data\03_sections\VVV__10-K__0001674910-23-000125__Item_13.txt
VVV,Item_14,250,data\03_sections\VVV__10-K__0001674910-23-000125__Item_14.txt
VVV,Item_15,1645,data\03_sections\VVV__10-K__0001674910-23-000125__Item_15.txt
VVV,Item_16,37,data\03_sections\VVV__10-K__0001674910-23-000125__Item_16.txt
VVV,Signatures,489,data\03_sections\VVV__10-K__0001674910-23-000125__Signatures.txt
VVV,HEADER,40394,data\03_sections\VVV__10-K__0001674910-24-000152__HEADER.txt
VVV,Item_1,32800,data\03_sections\VVV__10-K__0001674910-24-000152__Item_1.txt
VVV,Item_1A,58508,data\03_sections\VVV__10-K__0001674910-24-000152__Item_1A.txt
VVV,Item_1B,41,data\03_sections\VVV__10-K__0001674910-24-000152__Item_1B.txt
VVV,Item_1C,7453,data\03_sections\VVV__10-K__0001674910-24-000152__Item_1C.txt
VVV,Item_2,1055,data\03_sections\VVV__10-K__0001674910-24-000152__Item_2.txt
VVV,Item_3,335,data\03_sections\VVV__10-K__0001674910-24-000152__Item_3.txt
VVV,Item_4,59,data\03_sections\VVV__10-K__0001674910-24-000152__Item_4.txt
VVV,Item_5,2174,data\03_sections\VVV__10-K__0001674910-24-000152__Item_5.txt
VVV,Item_6,38,data\03_sections\VVV__10-K__0001674910-24-000152__Item_6.txt
VVV,Item_7,41970,data\03_sections\VVV__10-K__0001674910-24-000152__Item_7.txt
VVV,Item_7A,3709,data\03_sections\VVV__10-K__0001674910-24-000152__Item_7A.txt
VVV,Item_8,99259,data\03_sections\VVV__10-K__0001674910-24-000152__Item_8.txt
VVV,Item_9,99,data\03_sections\VVV__10-K__0001674910-24-000152__Item_9.txt
VVV,Item_9A,15026,data\03_sections\VVV__10-K__0001674910-24-000152__Item_9A.txt
VVV,Item_9B,1704,data\03_sections\VVV__10-K__0001674910-24-000152__Item_9B.txt
VVV,Item_10,442,data\03_sections\VVV__10-K__0001674910-24-000152__Item_10.txt
VVV,Item_11,223,data\03_sections\VVV__10-K__0001674910-24-000152__Item_11.txt
VVV,Item_12,295,data\03_sections\VVV__10-K__0001674910-24-000152__Item_12.txt
VVV,Item_13,273,data\03_sections\VVV__10-K__0001674910-24-000152__Item_13.txt
VVV,Item_14,250,data\03_sections\VVV__10-K__0001674910-24-000152__Item_14.txt
VVV,Item_15,1645,data\03_sections\VVV__10-K__0001674910-24-000152__Item_15.txt
VVV,Item_16,37,data\03_sections\VVV__10-K__0001674910-24-000152__Item_16.txt
VVV,Signatures,487,data\03_sections\VVV__10-K__0001674910-24-000152__Signatures.txt
VVV,HEADER,38212,data\03_sections\VVV__10-K__0001674910-25-000135__HEADER.txt
VVV,Item_1,31927,data\03_sections\VVV__10-K__0001674910-25-000135__Item_1.txt
VVV,Item_1A,57640,data\03_sections\VVV__10-K__0001674910-25-000135__Item_1A.txt
VVV,Item_1B,41,data\03_sections\VVV__10-K__0001674910-25-000135__Item_1B.txt
VVV,Item_1C,7866,data\03_sections\VVV__10-K__0001674910-25-000135__Item_1C.txt
VVV,Item_2,1046,data\03_sections\VVV__10-K__0001674910-25-000135__Item_2.txt
VVV,Item_3,335,data\03_sections\VVV__10-K__0001674910-25-000135__Item_3.txt
VVV,Item_4,59,data\03_sections\VVV__10-K__0001674910-25-000135__Item_4.txt
VVV,Item_5,2717,data\03_sections\VVV__10-K__0001674910-25-000135__Item_5.txt
VVV,Item_6,38,data\03_sections\VVV__10-K__0001674910-25-000135__Item_6.txt
VVV,Item_7,37852,data\03_sections\VVV__10-K__0001674910-25-000135__Item_7.txt
VVV,Item_7A,3710,data\03_sections\VVV__10-K__0001674910-25-000135__Item_7A.txt
VVV,Item_8,93660,data\03_sections\VVV__10-K__0001674910-25-000135__Item_8.txt
VVV,Item_9,99,data\03_sections\VVV__10-K__0001674910-25-000135__Item_9.txt
VVV,Item_9A,14070,data\03_sections\VVV__10-K__0001674910-25-000135__Item_9A.txt
VVV,Item_9B,729,data\03_sections\VVV__10-K__0001674910-25-000135__Item_9B.txt
VVV,Item_10,442,data\03_sections\VVV__10-K__0001674910-25-000135__Item_10.txt
VVV,Item_11,223,data\03_sections\VVV__10-K__0001674910-25-000135__Item_11.txt
VVV,Item_12,295,data\03_sections\VVV__10-K__0001674910-25-000135__Item_12.txt
VVV,Item_13,273,data\03_sections\VVV__10-K__0001674910-25-000135__Item_13.txt
VVV,Item_14,250,data\03_sections\VVV__10-K__0001674910-25-000135__Item_14.txt
VVV,Item_15,1601,data\03_sections\VVV__10-K__0001674910-25-000135__Item_15.txt
VVV,Item_16,36,data\03_sections\VVV__10-K__0001674910-25-000135__Item_16.txt
VVV,Signatures,487,data\03_sections\VVV__10-K__0001674910-25-000135__Signatures.txt
VZ,HEADER,466695,data\03_sections\VZ__10-K__0000732712-24-000010__HEADER.txt
VZ,FULL_DOCUMENT_FALLBACK,466695,data\03_sections\VZ__10-K__0000732712-24-000010__FULL_DOCUMENT_FALLBACK.txt
VZ,HEADER,474695,data\03_sections\VZ__10-K__0000732712-25-000006__HEADER.txt
VZ,FULL_DOCUMENT_FALLBACK,474695,data\03_sections\VZ__10-K__0000732712-25-000006__FULL_DOCUMENT_FALLBACK.txt
VZ,HEADER,465233,data\03_sections\VZ__10-K__0000732712-26-000007__HEADER.txt
VZ,FULL_DOCUMENT_FALLBACK,465233,data\03_sections\VZ__10-K__0000732712-26-000007__FULL_DOCUMENT_FALLBACK.txt
WHR,HEADER,425043,data\03_sections\WHR__10-K__0000106640-24-000020__HEADER.txt
WHR,Signatures,13504,data\03_sections\WHR__10-K__0000106640-24-000020__Signatures.txt
WHR,FULL_DOCUMENT_FALLBACK,438548,data\03_sections\WHR__10-K__0000106640-24-000020__FULL_DOCUMENT_FALLBACK.txt
WHR,HEADER,387709,data\03_sections\WHR__10-K__0000106640-25-000011__HEADER.txt
WHR,Signatures,13393,data\03_sections\WHR__10-K__0000106640-25-000011__Signatures.txt
WHR,FULL_DOCUMENT_FALLBACK,401103,data\03_sections\WHR__10-K__0000106640-25-000011__FULL_DOCUMENT_FALLBACK.txt
WHR,HEADER,372414,data\03_sections\WHR__10-K__0000106640-26-000009__HEADER.txt
WHR,Signatures,13314,data\03_sections\WHR__10-K__0000106640-26-000009__Signatures.txt
WHR,FULL_DOCUMENT_FALLBACK,385729,data\03_sections\WHR__10-K__0000106640-26-000009__FULL_DOCUMENT_FALLBACK.txt
WINA,HEADER,15127,data\03_sections\WINA__10-K__0000908315-24-000010__HEADER.txt
WINA,Item_1,25613,data\03_sections\WINA__10-K__0000908315-24-000010__Item_1.txt
WINA,Item_1A,12248,data\03_sections\WINA__10-K__0000908315-24-000010__Item_1A.txt
WINA,Item_1B,45,data\03_sections\WINA__10-K__0000908315-24-000010__Item_1B.txt
WINA,Item_1C,2331,data\03_sections\WINA__10-K__0000908315-24-000010__Item_1C.txt
WINA,Item_2,599,data\03_sections\WINA__10-K__0000908315-24-000010__Item_2.txt
WINA,Item_3,182,data\03_sections\WINA__10-K__0000908315-24-000010__Item_3.txt
WINA,Item_4,74795,data\03_sections\WINA__10-K__0000908315-24-000010__Item_4.txt
WINA,Item_9C,1326,data\03_sections\WINA__10-K__0000908315-24-000010__Item_9C.txt
WINA,Item_13,2109,data\03_sections\WINA__10-K__0000908315-24-000010__Item_13.txt
WINA,Signatures,1155,data\03_sections\WINA__10-K__0000908315-24-000010__Signatures.txt
WINA,HEADER,14750,data\03_sections\WINA__10-K__0000908315-25-000010__HEADER.txt
WINA,Item_1,25608,data\03_sections\WINA__10-K__0000908315-25-000010__Item_1.txt
WINA,Item_1A,12248,data\03_sections\WINA__10-K__0000908315-25-000010__Item_1A.txt
WINA,Item_1B,45,data\03_sections\WINA__10-K__0000908315-25-000010__Item_1B.txt
WINA,Item_1C,2334,data\03_sections\WINA__10-K__0000908315-25-000010__Item_1C.txt
WINA,Item_2,599,data\03_sections\WINA__10-K__0000908315-25-000010__Item_2.txt
WINA,Item_3,193,data\03_sections\WINA__10-K__0000908315-25-000010__Item_3.txt
WINA,Item_4,72823,data\03_sections\WINA__10-K__0000908315-25-000010__Item_4.txt
WINA,Item_9C,1328,data\03_sections\WINA__10-K__0000908315-25-000010__Item_9C.txt
WINA,Item_13,2140,data\03_sections\WINA__10-K__0000908315-25-000010__Item_13.txt
WINA,Signatures,1155,data\03_sections\WINA__10-K__0000908315-25-000010__Signatures.txt
WINA,HEADER,14828,data\03_sections\WINA__10-K__0000908315-26-000007__HEADER.txt
WINA,Item_1,25049,data\03_sections\WINA__10-K__0000908315-26-000007__Item_1.txt
WINA,Item_1A,14083,data\03_sections\WINA__10-K__0000908315-26-000007__Item_1A.txt
WINA,Item_1B,45,data\03_sections\WINA__10-K__0000908315-26-000007__Item_1B.txt
WINA,Item_1C,2365,data\03_sections\WINA__10-K__0000908315-26-000007__Item_1C.txt
WINA,Item_2,599,data\03_sections\WINA__10-K__0000908315-26-000007__Item_2.txt
WINA,Item_3,193,data\03_sections\WINA__10-K__0000908315-26-000007__Item_3.txt
WINA,Item_4,70730,data\03_sections\WINA__10-K__0000908315-26-000007__Item_4.txt
WINA,Item_9C,1328,data\03_sections\WINA__10-K__0000908315-26-000007__Item_9C.txt
WINA,Item_13,2154,data\03_sections\WINA__10-K__0000908315-26-000007__Item_13.txt
WINA,Signatures,1153,data\03_sections\WINA__10-K__0000908315-26-000007__Signatures.txt
WMK,HEADER,12805,data\03_sections\WMK__10-K__0000105418-24-000015__HEADER.txt
WMK,Item_1,609,data\03_sections\WMK__10-K__0000105418-24-000015__Item_1.txt
WMK,Item_1A,1019,data\03_sections\WMK__10-K__0000105418-24-000015__Item_1A.txt
WMK,Item_1B,78,data\03_sections\WMK__10-K__0000105418-24-000015__Item_1B.txt
WMK,Item_1C,1219,data\03_sections\WMK__10-K__0000105418-24-000015__Item_1C.txt
WMK,Item_2,885,data\03_sections\WMK__10-K__0000105418-24-000015__Item_2.txt
WMK,Item_3,498,data\03_sections\WMK__10-K__0000105418-24-000015__Item_3.txt
WMK,Item_4,667,data\03_sections\WMK__10-K__0000105418-24-000015__Item_4.txt
WMK,Item_5,1529,data\03_sections\WMK__10-K__0000105418-24-000015__Item_5.txt
WMK,Item_6,72,data\03_sections\WMK__10-K__0000105418-24-000015__Item_6.txt
WMK,Item_7,3773,data\03_sections\WMK__10-K__0000105418-24-000015__Item_7.txt
WMK,Item_7A,974,data\03_sections\WMK__10-K__0000105418-24-000015__Item_7A.txt
WMK,Item_8,48304,data\03_sections\WMK__10-K__0000105418-24-000015__Item_8.txt
WMK,Item_9,102,data\03_sections\WMK__10-K__0000105418-24-000015__Item_9.txt
WMK,Item_9A,3574,data\03_sections\WMK__10-K__0000105418-24-000015__Item_9A.txt
WMK,Item_9C,140,data\03_sections\WMK__10-K__0000105418-24-000015__Item_9C.txt
WMK,Item_10,454,data\03_sections\WMK__10-K__0000105418-24-000015__Item_10.txt
WMK,Item_11,436,data\03_sections\WMK__10-K__0000105418-24-000015__Item_11.txt
WMK,Item_12,220,data\03_sections\WMK__10-K__0000105418-24-000015__Item_12.txt
WMK,Item_13,319,data\03_sections\WMK__10-K__0000105418-24-000015__Item_13.txt
WMK,Item_14,951,data\03_sections\WMK__10-K__0000105418-24-000015__Item_14.txt
WMK,Item_15,228,data\03_sections\WMK__10-K__0000105418-24-000015__Item_15.txt
WMK,Item_16,80,data\03_sections\WMK__10-K__0000105418-24-000015__Item_16.txt
WMK,Signatures,538,data\03_sections\WMK__10-K__0000105418-24-000015__Signatures.txt
WMK,HEADER,14824,data\03_sections\WMK__10-K__0000105418-25-000014__HEADER.txt
WMK,Item_1,720,data\03_sections\WMK__10-K__0000105418-25-000014__Item_1.txt
WMK,Item_1A,4198,data\03_sections\WMK__10-K__0000105418-25-000014__Item_1A.txt
WMK,Item_1B,78,data\03_sections\WMK__10-K__0000105418-25-000014__Item_1B.txt
WMK,Item_1C,583,data\03_sections\WMK__10-K__0000105418-25-000014__Item_1C.txt
WMK,Item_2,898,data\03_sections\WMK__10-K__0000105418-25-000014__Item_2.txt
WMK,Item_3,496,data\03_sections\WMK__10-K__0000105418-25-000014__Item_3.txt
WMK,Item_4,715,data\03_sections\WMK__10-K__0000105418-25-000014__Item_4.txt
WMK,Item_5,1701,data\03_sections\WMK__10-K__0000105418-25-000014__Item_5.txt
WMK,Item_6,72,data\03_sections\WMK__10-K__0000105418-25-000014__Item_6.txt
WMK,Item_7,3773,data\03_sections\WMK__10-K__0000105418-25-000014__Item_7.txt
WMK,Item_7A,974,data\03_sections\WMK__10-K__0000105418-25-000014__Item_7A.txt
WMK,Item_8,49350,data\03_sections\WMK__10-K__0000105418-25-000014__Item_8.txt
WMK,Item_9,102,data\03_sections\WMK__10-K__0000105418-25-000014__Item_9.txt
WMK,Item_9A,3759,data\03_sections\WMK__10-K__0000105418-25-000014__Item_9A.txt
WMK,Item_9C,140,data\03_sections\WMK__10-K__0000105418-25-000014__Item_9C.txt
WMK,Item_10,1004,data\03_sections\WMK__10-K__0000105418-25-000014__Item_10.txt
WMK,Item_11,1236,data\03_sections\WMK__10-K__0000105418-25-000014__Item_11.txt
WMK,Item_12,220,data\03_sections\WMK__10-K__0000105418-25-000014__Item_12.txt
WMK,Item_13,319,data\03_sections\WMK__10-K__0000105418-25-000014__Item_13.txt
WMK,Item_14,1010,data\03_sections\WMK__10-K__0000105418-25-000014__Item_14.txt
WMK,Item_15,228,data\03_sections\WMK__10-K__0000105418-25-000014__Item_15.txt
WMK,Item_16,80,data\03_sections\WMK__10-K__0000105418-25-000014__Item_16.txt
WMK,Signatures,474,data\03_sections\WMK__10-K__0000105418-25-000014__Signatures.txt
WMK,HEADER,22654,data\03_sections\WMK__10-K__0000105418-26-000024__HEADER.txt
WMK,Item_1,609,data\03_sections\WMK__10-K__0000105418-26-000024__Item_1.txt
WMK,Item_1A,3612,data\03_sections\WMK__10-K__0000105418-26-000024__Item_1A.txt
WMK,Item_1B,130,data\03_sections\WMK__10-K__0000105418-26-000024__Item_1B.txt
WMK,Item_1C,3392,data\03_sections\WMK__10-K__0000105418-26-000024__Item_1C.txt
WMK,Item_2,898,data\03_sections\WMK__10-K__0000105418-26-000024__Item_2.txt
WMK,Item_3,940,data\03_sections\WMK__10-K__0000105418-26-000024__Item_3.txt
WMK,Item_4,715,data\03_sections\WMK__10-K__0000105418-26-000024__Item_4.txt
WMK,Item_5,1622,data\03_sections\WMK__10-K__0000105418-26-000024__Item_5.txt
WMK,Item_6,64,data\03_sections\WMK__10-K__0000105418-26-000024__Item_6.txt
WMK,Item_7,3322,data\03_sections\WMK__10-K__0000105418-26-000024__Item_7.txt
WMK,Item_7A,1378,data\03_sections\WMK__10-K__0000105418-26-000024__Item_7A.txt
WMK,Item_8,60696,data\03_sections\WMK__10-K__0000105418-26-000024__Item_8.txt
WMK,Item_9,102,data\03_sections\WMK__10-K__0000105418-26-000024__Item_9.txt
WMK,Item_9A,4843,data\03_sections\WMK__10-K__0000105418-26-000024__Item_9A.txt
WMK,Item_9C,218,data\03_sections\WMK__10-K__0000105418-26-000024__Item_9C.txt
WMK,Item_10,1004,data\03_sections\WMK__10-K__0000105418-26-000024__Item_10.txt
WMK,Item_11,1236,data\03_sections\WMK__10-K__0000105418-26-000024__Item_11.txt
WMK,Item_12,220,data\03_sections\WMK__10-K__0000105418-26-000024__Item_12.txt
WMK,Item_13,319,data\03_sections\WMK__10-K__0000105418-26-000024__Item_13.txt
WMK,Item_14,1013,data\03_sections\WMK__10-K__0000105418-26-000024__Item_14.txt
WMK,Item_15,230,data\03_sections\WMK__10-K__0000105418-26-000024__Item_15.txt
WMK,Item_16,80,data\03_sections\WMK__10-K__0000105418-26-000024__Item_16.txt
WMK,Signatures,476,data\03_sections\WMK__10-K__0000105418-26-000024__Signatures.txt
WMT,HEADER,71888,data\03_sections\WMT__10-K__0000104169-24-000056__HEADER.txt
WMT,Item_1A,42710,data\03_sections\WMT__10-K__0000104169-24-000056__Item_1A.txt
WMT,Item_1,1589,data\03_sections\WMT__10-K__0000104169-24-000056__Item_1.txt
WMT,Item_8,1642,data\03_sections\WMT__10-K__0000104169-24-000056__Item_8.txt
WMT,Item_3,100462,data\03_sections\WMT__10-K__0000104169-24-000056__Item_3.txt
WMT,Signatures,659,data\03_sections\WMT__10-K__0000104169-24-000056__Signatures.txt
WMT,HEADER,62567,data\03_sections\WMT__10-K__0000104169-25-000021__HEADER.txt
WMT,Item_1A,40883,data\03_sections\WMT__10-K__0000104169-25-000021__Item_1A.txt
WMT,Item_1,2587,data\03_sections\WMT__10-K__0000104169-25-000021__Item_1.txt
WMT,Item_3,102355,data\03_sections\WMT__10-K__0000104169-25-000021__Item_3.txt
WMT,Item_8,1793,data\03_sections\WMT__10-K__0000104169-25-000021__Item_8.txt
WMT,Signatures,659,data\03_sections\WMT__10-K__0000104169-25-000021__Signatures.txt
WMT,HEADER,60481,data\03_sections\WMT__10-K__0000104169-26-000055__HEADER.txt
WMT,Item_1A,43061,data\03_sections\WMT__10-K__0000104169-26-000055__Item_1A.txt
WMT,Item_1,2606,data\03_sections\WMT__10-K__0000104169-26-000055__Item_1.txt
WMT,Item_3,96534,data\03_sections\WMT__10-K__0000104169-26-000055__Item_3.txt
WMT,Item_8,1710,data\03_sections\WMT__10-K__0000104169-26-000055__Item_8.txt
WMT,Signatures,659,data\03_sections\WMT__10-K__0000104169-26-000055__Signatures.txt
WOOF,HEADER,67120,data\03_sections\WOOF__10-K__0000950170-24-040516__HEADER.txt
WOOF,Item_1A,148095,data\03_sections\WOOF__10-K__0000950170-24-040516__Item_1A.txt
WOOF,Item_1B,8257,data\03_sections\WOOF__10-K__0000950170-24-040516__Item_1B.txt
WOOF,Item_3,756,data\03_sections\WOOF__10-K__0000950170-24-040516__Item_3.txt
WOOF,Item_4,64,data\03_sections\WOOF__10-K__0000950170-24-040516__Item_4.txt
WOOF,Item_5,3570,data\03_sections\WOOF__10-K__0000950170-24-040516__Item_5.txt
WOOF,Item_7,54285,data\03_sections\WOOF__10-K__0000950170-24-040516__Item_7.txt
WOOF,Item_7A,2349,data\03_sections\WOOF__10-K__0000950170-24-040516__Item_7A.txt
WOOF,Item_8,87382,data\03_sections\WOOF__10-K__0000950170-24-040516__Item_8.txt
WOOF,Item_9A,3951,data\03_sections\WOOF__10-K__0000950170-24-040516__Item_9A.txt
WOOF,Item_9C,458,data\03_sections\WOOF__10-K__0000950170-24-040516__Item_9C.txt
WOOF,Item_11,315,data\03_sections\WOOF__10-K__0000950170-24-040516__Item_11.txt
WOOF,Item_12,387,data\03_sections\WOOF__10-K__0000950170-24-040516__Item_12.txt
WOOF,Item_13,367,data\03_sections\WOOF__10-K__0000950170-24-040516__Item_13.txt
WOOF,Item_14,345,data\03_sections\WOOF__10-K__0000950170-24-040516__Item_14.txt
WOOF,Item_15,874,data\03_sections\WOOF__10-K__0000950170-24-040516__Item_15.txt
WOOF,Item_16,549,data\03_sections\WOOF__10-K__0000950170-24-040516__Item_16.txt
WOOF,HEADER,67546,data\03_sections\WOOF__10-K__0000950170-25-047693__HEADER.txt
WOOF,Item_1A,151098,data\03_sections\WOOF__10-K__0000950170-25-047693__Item_1A.txt
WOOF,Item_1B,8444,data\03_sections\WOOF__10-K__0000950170-25-047693__Item_1B.txt
WOOF,Item_3,751,data\03_sections\WOOF__10-K__0000950170-25-047693__Item_3.txt
WOOF,Item_4,64,data\03_sections\WOOF__10-K__0000950170-25-047693__Item_4.txt
WOOF,Item_5,3606,data\03_sections\WOOF__10-K__0000950170-25-047693__Item_5.txt
WOOF,Item_7,49485,data\03_sections\WOOF__10-K__0000950170-25-047693__Item_7.txt
WOOF,Item_7A,2707,data\03_sections\WOOF__10-K__0000950170-25-047693__Item_7A.txt
WOOF,Item_8,88821,data\03_sections\WOOF__10-K__0000950170-25-047693__Item_8.txt
WOOF,Item_9A,3210,data\03_sections\WOOF__10-K__0000950170-25-047693__Item_9A.txt
WOOF,Item_9C,487,data\03_sections\WOOF__10-K__0000950170-25-047693__Item_9C.txt
WOOF,Item_11,136,data\03_sections\WOOF__10-K__0000950170-25-047693__Item_11.txt
WOOF,Item_12,208,data\03_sections\WOOF__10-K__0000950170-25-047693__Item_12.txt
WOOF,Item_13,188,data\03_sections\WOOF__10-K__0000950170-25-047693__Item_13.txt
WOOF,Item_14,166,data\03_sections\WOOF__10-K__0000950170-25-047693__Item_14.txt
WOOF,Item_15,915,data\03_sections\WOOF__10-K__0000950170-25-047693__Item_15.txt
WOOF,Item_16,549,data\03_sections\WOOF__10-K__0000950170-25-047693__Item_16.txt
WOOF,HEADER,69285,data\03_sections\WOOF__10-K__0001193125-26-106114__HEADER.txt
WOOF,Item_1A,153295,data\03_sections\WOOF__10-K__0001193125-26-106114__Item_1A.txt
WOOF,Item_1B,8805,data\03_sections\WOOF__10-K__0001193125-26-106114__Item_1B.txt
WOOF,Item_3,751,data\03_sections\WOOF__10-K__0001193125-26-106114__Item_3.txt
WOOF,Item_4,63,data\03_sections\WOOF__10-K__0001193125-26-106114__Item_4.txt
WOOF,Item_5,3060,data\03_sections\WOOF__10-K__0001193125-26-106114__Item_5.txt
WOOF,Item_7,47831,data\03_sections\WOOF__10-K__0001193125-26-106114__Item_7.txt
WOOF,Item_7A,3058,data\03_sections\WOOF__10-K__0001193125-26-106114__Item_7A.txt
WOOF,Item_8,82626,data\03_sections\WOOF__10-K__0001193125-26-106114__Item_8.txt
WOOF,Item_9A,3680,data\03_sections\WOOF__10-K__0001193125-26-106114__Item_9A.txt
WOOF,Item_9C,485,data\03_sections\WOOF__10-K__0001193125-26-106114__Item_9C.txt
WOOF,Item_11,136,data\03_sections\WOOF__10-K__0001193125-26-106114__Item_11.txt
WOOF,Item_12,208,data\03_sections\WOOF__10-K__0001193125-26-106114__Item_12.txt
WOOF,Item_13,187,data\03_sections\WOOF__10-K__0001193125-26-106114__Item_13.txt
WOOF,Item_14,165,data\03_sections\WOOF__10-K__0001193125-26-106114__Item_14.txt
WOOF,Item_15,887,data\03_sections\WOOF__10-K__0001193125-26-106114__Item_15.txt
WOOF,Item_16,547,data\03_sections\WOOF__10-K__0001193125-26-106114__Item_16.txt
WRBY,HEADER,32383,data\03_sections\WRBY__10-K__0001504776-24-000006__HEADER.txt
WRBY,Item_1,43124,data\03_sections\WRBY__10-K__0001504776-24-000006__Item_1.txt
WRBY,Item_1A,225434,data\03_sections\WRBY__10-K__0001504776-24-000006__Item_1A.txt
WRBY,Item_1B,41,data\03_sections\WRBY__10-K__0001504776-24-000006__Item_1B.txt
WRBY,Item_1C,5137,data\03_sections\WRBY__10-K__0001504776-24-000006__Item_1C.txt
WRBY,Item_2,1463,data\03_sections\WRBY__10-K__0001504776-24-000006__Item_2.txt
WRBY,Item_3,257,data\03_sections\WRBY__10-K__0001504776-24-000006__Item_3.txt
WRBY,Item_4,78,data\03_sections\WRBY__10-K__0001504776-24-000006__Item_4.txt
WRBY,Item_5,2084,data\03_sections\WRBY__10-K__0001504776-24-000006__Item_5.txt
WRBY,Item_6,38,data\03_sections\WRBY__10-K__0001504776-24-000006__Item_6.txt
WRBY,Item_7,46197,data\03_sections\WRBY__10-K__0001504776-24-000006__Item_7.txt
WRBY,Item_7A,2158,data\03_sections\WRBY__10-K__0001504776-24-000006__Item_7A.txt
WRBY,Item_8,79209,data\03_sections\WRBY__10-K__0001504776-24-000006__Item_8.txt
WRBY,Item_9,99,data\03_sections\WRBY__10-K__0001504776-24-000006__Item_9.txt
WRBY,Item_9A,6756,data\03_sections\WRBY__10-K__0001504776-24-000006__Item_9A.txt
WRBY,Item_9B,955,data\03_sections\WRBY__10-K__0001504776-24-000006__Item_9B.txt
WRBY,Item_9C,125,data\03_sections\WRBY__10-K__0001504776-24-000006__Item_9C.txt
WRBY,Item_10,1067,data\03_sections\WRBY__10-K__0001504776-24-000006__Item_10.txt
WRBY,Item_11,241,data\03_sections\WRBY__10-K__0001504776-24-000006__Item_11.txt
WRBY,Item_12,385,data\03_sections\WRBY__10-K__0001504776-24-000006__Item_12.txt
WRBY,Item_13,342,data\03_sections\WRBY__10-K__0001504776-24-000006__Item_13.txt
WRBY,Item_14,304,data\03_sections\WRBY__10-K__0001504776-24-000006__Item_14.txt
WRBY,Item_15,983,data\03_sections\WRBY__10-K__0001504776-24-000006__Item_15.txt
WRBY,Item_16,55,data\03_sections\WRBY__10-K__0001504776-24-000006__Item_16.txt
WRBY,Signatures,492,data\03_sections\WRBY__10-K__0001504776-24-000006__Signatures.txt
WRBY,HEADER,29480,data\03_sections\WRBY__10-K__0001504776-25-000010__HEADER.txt
WRBY,Item_1,40310,data\03_sections\WRBY__10-K__0001504776-25-000010__Item_1.txt
WRBY,Item_1A,223349,data\03_sections\WRBY__10-K__0001504776-25-000010__Item_1A.txt
WRBY,Item_1B,41,data\03_sections\WRBY__10-K__0001504776-25-000010__Item_1B.txt
WRBY,Item_1C,5149,data\03_sections\WRBY__10-K__0001504776-25-000010__Item_1C.txt
WRBY,Item_2,1462,data\03_sections\WRBY__10-K__0001504776-25-000010__Item_2.txt
WRBY,Item_3,257,data\03_sections\WRBY__10-K__0001504776-25-000010__Item_3.txt
WRBY,Item_4,78,data\03_sections\WRBY__10-K__0001504776-25-000010__Item_4.txt
WRBY,Item_5,2048,data\03_sections\WRBY__10-K__0001504776-25-000010__Item_5.txt
WRBY,Item_6,38,data\03_sections\WRBY__10-K__0001504776-25-000010__Item_6.txt
WRBY,Item_7,42350,data\03_sections\WRBY__10-K__0001504776-25-000010__Item_7.txt
WRBY,Item_7A,2099,data\03_sections\WRBY__10-K__0001504776-25-000010__Item_7A.txt
WRBY,Item_8,70758,data\03_sections\WRBY__10-K__0001504776-25-000010__Item_8.txt
WRBY,Item_9,99,data\03_sections\WRBY__10-K__0001504776-25-000010__Item_9.txt
WRBY,Item_9A,5642,data\03_sections\WRBY__10-K__0001504776-25-000010__Item_9A.txt
WRBY,Item_9B,423,data\03_sections\WRBY__10-K__0001504776-25-000010__Item_9B.txt
WRBY,Item_9C,125,data\03_sections\WRBY__10-K__0001504776-25-000010__Item_9C.txt
WRBY,Item_10,1129,data\03_sections\WRBY__10-K__0001504776-25-000010__Item_10.txt
WRBY,Item_11,241,data\03_sections\WRBY__10-K__0001504776-25-000010__Item_11.txt
WRBY,Item_12,385,data\03_sections\WRBY__10-K__0001504776-25-000010__Item_12.txt
WRBY,Item_13,342,data\03_sections\WRBY__10-K__0001504776-25-000010__Item_13.txt
WRBY,Item_14,304,data\03_sections\WRBY__10-K__0001504776-25-000010__Item_14.txt
WRBY,Item_15,983,data\03_sections\WRBY__10-K__0001504776-25-000010__Item_15.txt
WRBY,Item_16,55,data\03_sections\WRBY__10-K__0001504776-25-000010__Item_16.txt
WRBY,Signatures,492,data\03_sections\WRBY__10-K__0001504776-25-000010__Signatures.txt
WRBY,HEADER,29564,data\03_sections\WRBY__10-K__0001504776-26-000006__HEADER.txt
WRBY,Item_1,30033,data\03_sections\WRBY__10-K__0001504776-26-000006__Item_1.txt
WRBY,Item_1A,197130,data\03_sections\WRBY__10-K__0001504776-26-000006__Item_1A.txt
WRBY,Item_1B,41,data\03_sections\WRBY__10-K__0001504776-26-000006__Item_1B.txt
WRBY,Item_1C,5223,data\03_sections\WRBY__10-K__0001504776-26-000006__Item_1C.txt
WRBY,Item_2,1467,data\03_sections\WRBY__10-K__0001504776-26-000006__Item_2.txt
WRBY,Item_3,274,data\03_sections\WRBY__10-K__0001504776-26-000006__Item_3.txt
WRBY,Item_4,78,data\03_sections\WRBY__10-K__0001504776-26-000006__Item_4.txt
WRBY,Item_5,2048,data\03_sections\WRBY__10-K__0001504776-26-000006__Item_5.txt
WRBY,Item_6,38,data\03_sections\WRBY__10-K__0001504776-26-000006__Item_6.txt
WRBY,Item_7,41741,data\03_sections\WRBY__10-K__0001504776-26-000006__Item_7.txt
WRBY,Item_7A,2078,data\03_sections\WRBY__10-K__0001504776-26-000006__Item_7A.txt
WRBY,Item_8,72600,data\03_sections\WRBY__10-K__0001504776-26-000006__Item_8.txt
WRBY,Item_9,99,data\03_sections\WRBY__10-K__0001504776-26-000006__Item_9.txt
WRBY,Item_9A,2559,data\03_sections\WRBY__10-K__0001504776-26-000006__Item_9A.txt
WRBY,Item_9B,423,data\03_sections\WRBY__10-K__0001504776-26-000006__Item_9B.txt
WRBY,Item_9C,124,data\03_sections\WRBY__10-K__0001504776-26-000006__Item_9C.txt
WRBY,Item_10,1129,data\03_sections\WRBY__10-K__0001504776-26-000006__Item_10.txt
WRBY,Item_11,241,data\03_sections\WRBY__10-K__0001504776-26-000006__Item_11.txt
WRBY,Item_12,385,data\03_sections\WRBY__10-K__0001504776-26-000006__Item_12.txt
WRBY,Item_13,342,data\03_sections\WRBY__10-K__0001504776-26-000006__Item_13.txt
WRBY,Item_14,303,data\03_sections\WRBY__10-K__0001504776-26-000006__Item_14.txt
WRBY,Item_15,1005,data\03_sections\WRBY__10-K__0001504776-26-000006__Item_15.txt
WRBY,Item_16,55,data\03_sections\WRBY__10-K__0001504776-26-000006__Item_16.txt
WRBY,Signatures,492,data\03_sections\WRBY__10-K__0001504776-26-000006__Signatures.txt
WSM,HEADER,21767,data\03_sections\WSM__10-K__0000719955-26-000059__HEADER.txt
WSM,Item_1,9131,data\03_sections\WSM__10-K__0000719955-26-000059__Item_1.txt
WSM,Item_1A,55062,data\03_sections\WSM__10-K__0000719955-26-000059__Item_1A.txt
WSM,Item_1C,4296,data\03_sections\WSM__10-K__0000719955-26-000059__Item_1C.txt
WSM,Item_1B,62,data\03_sections\WSM__10-K__0000719955-26-000059__Item_1B.txt
WSM,Item_2,1473,data\03_sections\WSM__10-K__0000719955-26-000059__Item_2.txt
WSM,Item_3,1270,data\03_sections\WSM__10-K__0000719955-26-000059__Item_3.txt
WSM,Item_4,77,data\03_sections\WSM__10-K__0000719955-26-000059__Item_4.txt
WSM,Item_5,3375,data\03_sections\WSM__10-K__0000719955-26-000059__Item_5.txt
WSM,Item_6,40,data\03_sections\WSM__10-K__0000719955-26-000059__Item_6.txt
WSM,Item_7,33181,data\03_sections\WSM__10-K__0000719955-26-000059__Item_7.txt
WSM,Item_7A,3828,data\03_sections\WSM__10-K__0000719955-26-000059__Item_7A.txt
WSM,Item_8,63527,data\03_sections\WSM__10-K__0000719955-26-000059__Item_8.txt
WSM,Item_9,99,data\03_sections\WSM__10-K__0000719955-26-000059__Item_9.txt
WSM,Item_9A,2696,data\03_sections\WSM__10-K__0000719955-26-000059__Item_9A.txt
WSM,Item_9B,1043,data\03_sections\WSM__10-K__0000719955-26-000059__Item_9B.txt
WSM,Item_9C,123,data\03_sections\WSM__10-K__0000719955-26-000059__Item_9C.txt
WSM,Item_10,1162,data\03_sections\WSM__10-K__0000719955-26-000059__Item_10.txt
WSM,Item_11,360,data\03_sections\WSM__10-K__0000719955-26-000059__Item_11.txt
WSM,Item_12,293,data\03_sections\WSM__10-K__0000719955-26-000059__Item_12.txt
WSM,Item_13,259,data\03_sections\WSM__10-K__0000719955-26-000059__Item_13.txt
WSM,Item_14,450,data\03_sections\WSM__10-K__0000719955-26-000059__Item_14.txt
WSM,Item_15,272,data\03_sections\WSM__10-K__0000719955-26-000059__Item_15.txt
WSM,Item_16,54,data\03_sections\WSM__10-K__0000719955-26-000059__Item_16.txt
WSM,Signatures,511,data\03_sections\WSM__10-K__0000719955-26-000059__Signatures.txt
WSM,HEADER,19552,data\03_sections\WSM__10-K__0001628280-24-012221__HEADER.txt
WSM,Item_1,9589,data\03_sections\WSM__10-K__0001628280-24-012221__Item_1.txt
WSM,Item_1A,98836,data\03_sections\WSM__10-K__0001628280-24-012221__Item_1A.txt
WSM,Item_1B,41,data\03_sections\WSM__10-K__0001628280-24-012221__Item_1B.txt
WSM,Item_1C,4502,data\03_sections\WSM__10-K__0001628280-24-012221__Item_1C.txt
WSM,Item_2,1466,data\03_sections\WSM__10-K__0001628280-24-012221__Item_2.txt
WSM,Item_3,1212,data\03_sections\WSM__10-K__0001628280-24-012221__Item_3.txt
WSM,Item_4,77,data\03_sections\WSM__10-K__0001628280-24-012221__Item_4.txt
WSM,Item_5,3229,data\03_sections\WSM__10-K__0001628280-24-012221__Item_5.txt
WSM,Item_6,40,data\03_sections\WSM__10-K__0001628280-24-012221__Item_6.txt
WSM,Item_7,37253,data\03_sections\WSM__10-K__0001628280-24-012221__Item_7.txt
WSM,Item_7A,4300,data\03_sections\WSM__10-K__0001628280-24-012221__Item_7A.txt
WSM,Item_8,70835,data\03_sections\WSM__10-K__0001628280-24-012221__Item_8.txt
WSM,Item_9,99,data\03_sections\WSM__10-K__0001628280-24-012221__Item_9.txt
WSM,Item_9A,2676,data\03_sections\WSM__10-K__0001628280-24-012221__Item_9A.txt
WSM,Item_9B,315,data\03_sections\WSM__10-K__0001628280-24-012221__Item_9B.txt
WSM,Item_9C,123,data\03_sections\WSM__10-K__0001628280-24-012221__Item_9C.txt
WSM,Item_10,879,data\03_sections\WSM__10-K__0001628280-24-012221__Item_10.txt
WSM,Item_11,360,data\03_sections\WSM__10-K__0001628280-24-012221__Item_11.txt
WSM,Item_12,293,data\03_sections\WSM__10-K__0001628280-24-012221__Item_12.txt
WSM,Item_13,259,data\03_sections\WSM__10-K__0001628280-24-012221__Item_13.txt
WSM,Item_14,446,data\03_sections\WSM__10-K__0001628280-24-012221__Item_14.txt
WSM,Item_15,219,data\03_sections\WSM__10-K__0001628280-24-012221__Item_15.txt
WSM,Item_16,54,data\03_sections\WSM__10-K__0001628280-24-012221__Item_16.txt
WSM,Signatures,511,data\03_sections\WSM__10-K__0001628280-24-012221__Signatures.txt
WSM,HEADER,21998,data\03_sections\WSM__10-K__0001628280-25-015037__HEADER.txt
WSM,Item_1,9844,data\03_sections\WSM__10-K__0001628280-25-015037__Item_1.txt
WSM,Item_1A,97147,data\03_sections\WSM__10-K__0001628280-25-015037__Item_1A.txt
WSM,Item_1B,62,data\03_sections\WSM__10-K__0001628280-25-015037__Item_1B.txt
WSM,Item_1C,4297,data\03_sections\WSM__10-K__0001628280-25-015037__Item_1C.txt
WSM,Item_2,1466,data\03_sections\WSM__10-K__0001628280-25-015037__Item_2.txt
WSM,Item_3,1212,data\03_sections\WSM__10-K__0001628280-25-015037__Item_3.txt
WSM,Item_4,77,data\03_sections\WSM__10-K__0001628280-25-015037__Item_4.txt
WSM,Item_5,3716,data\03_sections\WSM__10-K__0001628280-25-015037__Item_5.txt
WSM,Item_6,40,data\03_sections\WSM__10-K__0001628280-25-015037__Item_6.txt
WSM,Item_7,35249,data\03_sections\WSM__10-K__0001628280-25-015037__Item_7.txt
WSM,Item_7A,4243,data\03_sections\WSM__10-K__0001628280-25-015037__Item_7A.txt
WSM,Item_8,64025,data\03_sections\WSM__10-K__0001628280-25-015037__Item_8.txt
WSM,Item_9,99,data\03_sections\WSM__10-K__0001628280-25-015037__Item_9.txt
WSM,Item_9A,2697,data\03_sections\WSM__10-K__0001628280-25-015037__Item_9A.txt
WSM,Item_9B,2695,data\03_sections\WSM__10-K__0001628280-25-015037__Item_9B.txt
WSM,Item_9C,123,data\03_sections\WSM__10-K__0001628280-25-015037__Item_9C.txt
WSM,Item_10,1162,data\03_sections\WSM__10-K__0001628280-25-015037__Item_10.txt
WSM,Item_11,360,data\03_sections\WSM__10-K__0001628280-25-015037__Item_11.txt
WSM,Item_12,293,data\03_sections\WSM__10-K__0001628280-25-015037__Item_12.txt
WSM,Item_13,259,data\03_sections\WSM__10-K__0001628280-25-015037__Item_13.txt
WSM,Item_14,450,data\03_sections\WSM__10-K__0001628280-25-015037__Item_14.txt
WSM,Item_15,293,data\03_sections\WSM__10-K__0001628280-25-015037__Item_15.txt
WSM,Item_16,54,data\03_sections\WSM__10-K__0001628280-25-015037__Item_16.txt
WSM,Signatures,511,data\03_sections\WSM__10-K__0001628280-25-015037__Signatures.txt
W,HEADER,32751,data\03_sections\W__10-K__0001616707-24-000014__HEADER.txt
W,Item_1,25539,data\03_sections\W__10-K__0001616707-24-000014__Item_1.txt
W,Item_1A,133418,data\03_sections\W__10-K__0001616707-24-000014__Item_1A.txt
W,Item_1B,41,data\03_sections\W__10-K__0001616707-24-000014__Item_1B.txt
W,Item_1C,5251,data\03_sections\W__10-K__0001616707-24-000014__Item_1C.txt
W,Item_2,198,data\03_sections\W__10-K__0001616707-24-000014__Item_2.txt
W,Item_3,1020,data\03_sections\W__10-K__0001616707-24-000014__Item_3.txt
W,Item_4,56,data\03_sections\W__10-K__0001616707-24-000014__Item_4.txt
W,Item_5,2171,data\03_sections\W__10-K__0001616707-24-000014__Item_5.txt
W,Item_6,33,data\03_sections\W__10-K__0001616707-24-000014__Item_6.txt
W,Item_7,39774,data\03_sections\W__10-K__0001616707-24-000014__Item_7.txt
W,Item_7A,4009,data\03_sections\W__10-K__0001616707-24-000014__Item_7A.txt
W,Item_8,84874,data\03_sections\W__10-K__0001616707-24-000014__Item_8.txt
W,Item_9,99,data\03_sections\W__10-K__0001616707-24-000014__Item_9.txt
W,Item_9A,8399,data\03_sections\W__10-K__0001616707-24-000014__Item_9A.txt
W,Item_9B,1414,data\03_sections\W__10-K__0001616707-24-000014__Item_9B.txt
W,Item_9C,102,data\03_sections\W__10-K__0001616707-24-000014__Item_9C.txt
W,Item_10,302,data\03_sections\W__10-K__0001616707-24-000014__Item_10.txt
W,Item_11,270,data\03_sections\W__10-K__0001616707-24-000014__Item_11.txt
W,Item_12,342,data\03_sections\W__10-K__0001616707-24-000014__Item_12.txt
W,Item_13,342,data\03_sections\W__10-K__0001616707-24-000014__Item_13.txt
W,Item_14,294,data\03_sections\W__10-K__0001616707-24-000014__Item_14.txt
W,Item_15,718,data\03_sections\W__10-K__0001616707-24-000014__Item_15.txt
W,Item_16,695,data\03_sections\W__10-K__0001616707-24-000014__Item_16.txt
W,Signatures,466,data\03_sections\W__10-K__0001616707-24-000014__Signatures.txt
W,HEADER,34105,data\03_sections\W__10-K__0001616707-25-000022__HEADER.txt
W,Item_1,24905,data\03_sections\W__10-K__0001616707-25-000022__Item_1.txt
W,Item_1A,137309,data\03_sections\W__10-K__0001616707-25-000022__Item_1A.txt
W,Item_1B,41,data\03_sections\W__10-K__0001616707-25-000022__Item_1B.txt
W,Item_1C,5233,data\03_sections\W__10-K__0001616707-25-000022__Item_1C.txt
W,Item_2,198,data\03_sections\W__10-K__0001616707-25-000022__Item_2.txt
W,Item_3,1020,data\03_sections\W__10-K__0001616707-25-000022__Item_3.txt
W,Item_4,56,data\03_sections\W__10-K__0001616707-25-000022__Item_4.txt
W,Item_5,2169,data\03_sections\W__10-K__0001616707-25-000022__Item_5.txt
W,Item_6,33,data\03_sections\W__10-K__0001616707-25-000022__Item_6.txt
W,Item_7,42857,data\03_sections\W__10-K__0001616707-25-000022__Item_7.txt
W,Item_7A,3890,data\03_sections\W__10-K__0001616707-25-000022__Item_7A.txt
W,Item_8,90276,data\03_sections\W__10-K__0001616707-25-000022__Item_8.txt
W,Item_9,99,data\03_sections\W__10-K__0001616707-25-000022__Item_9.txt
W,Item_9A,8379,data\03_sections\W__10-K__0001616707-25-000022__Item_9A.txt
W,Item_9B,302,data\03_sections\W__10-K__0001616707-25-000022__Item_9B.txt
W,Item_9C,102,data\03_sections\W__10-K__0001616707-25-000022__Item_9C.txt
W,Item_10,978,data\03_sections\W__10-K__0001616707-25-000022__Item_10.txt
W,Item_11,270,data\03_sections\W__10-K__0001616707-25-000022__Item_11.txt
W,Item_12,342,data\03_sections\W__10-K__0001616707-25-000022__Item_12.txt
W,Item_13,321,data\03_sections\W__10-K__0001616707-25-000022__Item_13.txt
W,Item_14,294,data\03_sections\W__10-K__0001616707-25-000022__Item_14.txt
W,Item_15,739,data\03_sections\W__10-K__0001616707-25-000022__Item_15.txt
W,Item_16,675,data\03_sections\W__10-K__0001616707-25-000022__Item_16.txt
W,Signatures,467,data\03_sections\W__10-K__0001616707-25-000022__Signatures.txt
W,HEADER,36385,data\03_sections\W__10-K__0001616707-26-000027__HEADER.txt
W,Item_1,25642,data\03_sections\W__10-K__0001616707-26-000027__Item_1.txt
W,Item_1A,145364,data\03_sections\W__10-K__0001616707-26-000027__Item_1A.txt
W,Item_1B,41,data\03_sections\W__10-K__0001616707-26-000027__Item_1B.txt
W,Item_1C,5245,data\03_sections\W__10-K__0001616707-26-000027__Item_1C.txt
W,Item_2,198,data\03_sections\W__10-K__0001616707-26-000027__Item_2.txt
W,Item_3,1019,data\03_sections\W__10-K__0001616707-26-000027__Item_3.txt
W,Item_4,56,data\03_sections\W__10-K__0001616707-26-000027__Item_4.txt
W,Item_5,2620,data\03_sections\W__10-K__0001616707-26-000027__Item_5.txt
W,Item_6,33,data\03_sections\W__10-K__0001616707-26-000027__Item_6.txt
W,Item_7,48091,data\03_sections\W__10-K__0001616707-26-000027__Item_7.txt
W,Item_7A,4216,data\03_sections\W__10-K__0001616707-26-000027__Item_7A.txt
W,Item_8,105712,data\03_sections\W__10-K__0001616707-26-000027__Item_8.txt
W,Item_9,99,data\03_sections\W__10-K__0001616707-26-000027__Item_9.txt
W,Item_9A,4265,data\03_sections\W__10-K__0001616707-26-000027__Item_9A.txt
W,Item_9B,288,data\03_sections\W__10-K__0001616707-26-000027__Item_9B.txt
W,Item_9C,102,data\03_sections\W__10-K__0001616707-26-000027__Item_9C.txt
W,Item_10,1000,data\03_sections\W__10-K__0001616707-26-000027__Item_10.txt
W,Item_11,270,data\03_sections\W__10-K__0001616707-26-000027__Item_11.txt
W,Item_12,342,data\03_sections\W__10-K__0001616707-26-000027__Item_12.txt
W,Item_13,321,data\03_sections\W__10-K__0001616707-26-000027__Item_13.txt
W,Item_14,294,data\03_sections\W__10-K__0001616707-26-000027__Item_14.txt
W,Item_15,718,data\03_sections\W__10-K__0001616707-26-000027__Item_15.txt
W,Item_16,598,data\03_sections\W__10-K__0001616707-26-000027__Item_16.txt
W,Signatures,467,data\03_sections\W__10-K__0001616707-26-000027__Signatures.txt
XMAX,HEADER,89201,data\03_sections\XMAX__10-K__0001493152-24-014501__HEADER.txt
XMAX,Item_3,202518,data\03_sections\XMAX__10-K__0001493152-24-014501__Item_3.txt
XMAX,Signatures,1124,data\03_sections\XMAX__10-K__0001493152-24-014501__Signatures.txt
XMAX,HEADER,104304,data\03_sections\XMAX__10-K__0001493152-26-016828__HEADER.txt
XMAX,Item_3,250873,data\03_sections\XMAX__10-K__0001493152-26-016828__Item_3.txt
XMAX,Signatures,1122,data\03_sections\XMAX__10-K__0001493152-26-016828__Signatures.txt
XMAX,HEADER,95877,data\03_sections\XMAX__10-K__0001641172-25-001773__HEADER.txt
XMAX,Item_3,215264,data\03_sections\XMAX__10-K__0001641172-25-001773__Item_3.txt
XMAX,Signatures,1124,data\03_sections\XMAX__10-K__0001641172-25-001773__Signatures.txt
XOM,HEADER,346880,data\03_sections\XOM__10-K__0000034088-24-000018__HEADER.txt
XOM,Signatures,91,data\03_sections\XOM__10-K__0000034088-24-000018__Signatures.txt
XOM,FULL_DOCUMENT_FALLBACK,346972,data\03_sections\XOM__10-K__0000034088-24-000018__FULL_DOCUMENT_FALLBACK.txt
XOM,HEADER,368572,data\03_sections\XOM__10-K__0000034088-25-000010__HEADER.txt
XOM,Signatures,91,data\03_sections\XOM__10-K__0000034088-25-000010__Signatures.txt
XOM,FULL_DOCUMENT_FALLBACK,368664,data\03_sections\XOM__10-K__0000034088-25-000010__FULL_DOCUMENT_FALLBACK.txt
XOM,HEADER,344700,data\03_sections\XOM__10-K__0000034088-26-000045__HEADER.txt
XOM,Signatures,91,data\03_sections\XOM__10-K__0000034088-26-000045__Signatures.txt
XOM,FULL_DOCUMENT_FALLBACK,344792,data\03_sections\XOM__10-K__0000034088-26-000045__FULL_DOCUMENT_FALLBACK.txt
YHGJ,HEADER,144750,data\03_sections\YHGJ__10-K__0001493152-24-011910__HEADER.txt
YHGJ,Signatures,58500,data\03_sections\YHGJ__10-K__0001493152-24-011910__Signatures.txt
YHGJ,FULL_DOCUMENT_FALLBACK,203252,data\03_sections\YHGJ__10-K__0001493152-24-011910__FULL_DOCUMENT_FALLBACK.txt
YHGJ,HEADER,125948,data\03_sections\YHGJ__10-K__0001493152-26-012156__HEADER.txt
YHGJ,Signatures,65807,data\03_sections\YHGJ__10-K__0001493152-26-012156__Signatures.txt
YHGJ,FULL_DOCUMENT_FALLBACK,191757,data\03_sections\YHGJ__10-K__0001493152-26-012156__FULL_DOCUMENT_FALLBACK.txt
YHGJ,HEADER,52771,data\03_sections\YHGJ__10-K__0001641172-25-004622__HEADER.txt
YHGJ,Item_1A,80816,data\03_sections\YHGJ__10-K__0001641172-25-004622__Item_1A.txt
YHGJ,Signatures,61670,data\03_sections\YHGJ__10-K__0001641172-25-004622__Signatures.txt
